comment,complaint_cluster
الطعام بارد,حرارة_غير_مناسبة
طالب دينر بوكس إللي هو ٣ قطع جالي قطعتين بس مش فاهم إيه السرقه بتاعتكم دي منكم لله,
طالب راوند باعتلي برجر فراخ و مختار عصير بعتلي كولا دا غير الاكل طعمه زيت سئ سواء ف الراوند او البطاطس و النتيجه مغص في البطن,تسمم_غذائي
helw bs El tatbela da3efa,
انا طالبة ساندوتش بخيار مخلل و جبوه بهلبينو. والتاني طالبه مخلل وهلبينو و مجاش فيه مخلل,
الأوفر بتاع الستريبس جاي ناقص الدرينك بس عادي,طلب_غلط
للابد افضل وجبة عندي وافضل مطعم,
وصل بارد جدا,حرارة_غير_مناسبة
دة واضح ان فيه اجماع ان الاوردر بييجي ناقص برضه انهاردة انا الاوردر جه ناقص واتصلت بيهم محدش رد واديت ريفيو على طلبات ان حد يتصل حتى يعتذر ولا الهوا هو ولضح ان المطعم بيعتمد على السرقة,طلب_غلط
العيش ني خالص والفراخ مش مستوية من جوة وغالبا متحمرة مجمدة... مفتقدين الاساسيات... تجربة غير جيدة على الاطلاق,طعم_سيئ
اسوء مطعم و اسوء خدمة وابليكيشن زفت يعني الاوردر واصل بعد ما طلبته بساعتين و نصف واصل مش مستوى كويس و الأكل طعمه سئ و وابليكيشن ال support مش شغال فيه و حاجة اخر زفت صراحة,
الروستر حجمه صغير جدا وحجم الستربس صغير و رفيع تجربة سيئه,كمية_قليلة
كان الصوص سئ جدا و كتير و فراخ قليلة و رز معجن,كمية_قليلة
تحفههههه,
الاكل وحش جدا وبيتاخر والفراخ بايظه وفيها ريش فرع سموحه معندهمش ضمير ويقرف مرتين اطلب نفس المشكله الفراخ فيها دم وفيها ريش وطعم معفن غير فرع الابراهيميه خالص,طعم_سيئ نظافة_سيئة فساد_الطعام
الأوردر ناقص قطعة ستربس وبدون ملاعق ولا مناديل ولا أي حاجة,طلب_غلط
الاوردر جه ناقص,طلب_غلط
اوردر ممتاز,
i’m لكن كان عناك تأخير,تأخير_طلب
البطاطس لم تكن مستوية جيدا,
مطعم محترم ومحافظ علي مستواه,
الاكل كان جميل و حلو بس جاه متاخر و مكنش فيه كاتشب مع الاوردر,
جابلى تسمم والفراخ بايظة محدش ياكل منه تانى معندهومش ضمير,فساد_الطعام
الاكل وصل بارد,حرارة_غير_مناسبة
الاوردر جاي سبايسي مش عادي واترمي لان سبايسي هيتعبنا وفي صوره للصنف,
Dunno,
أوردر مؤرف متأخر ساعة كاملة عن الساعة الأولى يعني جه بعد ساعتين !! و عرقان و مبلول حاجة تقرف فلوس و اترمت الارض,نظافة_سيئة تأخير_طلب
اوردر ناقص قطعتين استربس استلمت ٣ قطع فقط,طلب_غلط
طيار محترم الله يرزقه,
الاكل بارد,حرارة_غير_مناسبة
الرز كان قليل بس كده لكن عمتا تجربه لذيذه احب اجربها تاني,كمية_قليلة
أورد سئ,
الاوردر بارد و البطاطس وحشة جدا و ساقعة,حرارة_غير_مناسبة
الفراخ مش مستويه والاكل طعمه وحش جدا !!!,طعم_سيئ
الطعم سيئ,
الساندوتش كان سي جدا,
البطاطس سيئه,
الأوردر جيد إلي حد ما ولكن لم يكن هنالك تتبيلة في قطع الاستربس,
الوجبه لذيذه، تنفيذ للملاحظات شكرا,
الاكل جي بارد,حرارة_غير_مناسبة
تحفه بس الاكل بيوصل بارد,حرارة_غير_مناسبة
الطلب اتاخر جدا اخد ساعه وحاجه وتاني حاجه انا طالبه كابل كومبو سوبرم الطلب جاني تويستر تجربه سيئه ومش حيتم التكرار,
الطلب ناقص ال ساندوتش,طلب_غلط
سئ وبارد جدا و الرز بايت ..,حرارة_غير_مناسبة
اسوأ حاجه كلتها فراخ مجلده و مش نضيفه بطلت اجيب تاني بجد,
تحفة♥️♥️,
هو الاكل حلو اه بس كان ساقع اوي لان التوصيل اتأخر جدًا ودي حاجة بتخلي التجربة مش الطف حاجة,حرارة_غير_مناسبة تأخير_طلب
الاكل جه بارد جدا واتأخر الاوردر كتير ، ع عكس م كنت متوقع الفراخ طلعت باردة والطعم اتأثر كتير,حرارة_غير_مناسبة تأخير_طلب
تعبت لمدة أسبوع اسهال وكنت همووت,تسمم_غذائي
الدليفري اتأخر جدا,تأخير_طلب
الرز طعمه بايظ,فساد_الطعام
طيار وقح,
كمية الزيت في البطاطس كتيره جدا,
الاكل كان زبالة بطني فشخاني منكوا لله حسبي الله و نعم الوكيل,
الاكل بارد جدا وطعمه مش حلو,حرارة_غير_مناسبة
.,
I’m,
بقالي كزا سنة بطلب اول مرة يجي الاورد بالسوء ده كله زيت وملوش طعم والاستربس بيشد كأنه كاوتش وبطاطس تعتبر نية ومزيتة مستواكم بيقل بجد لازم تعيدو النظر لأن الي هيشتري مرة بالمنظر ده مش هيكررها خصوصا أن الاكل مش رخيص,طعم_سيئ
الطلب تأخر طلبت جهينه بدل الكولا وجاء كولا,
C,
الاكل وصل بارد وطعمه كان سيء,حرارة_غير_مناسبة
الاكل ساقع جدا جدا,حرارة_غير_مناسبة
المطعم بيتجاهل التعديلات المطلوبة,خدمة_سيئة
كان يفضل استبدال كاتشب هاينز بنوع ثاني لانه مقاطعة+ شكرا على قراءتكم الدائمة واهتمامكم بالملاحظات,
عندكم مشكلة صغيرة عدم اضافة صوصات للساندوتشات الموجودة فى العروض معرفش ليه,كمية_قليلة
الاكل تحفة و سخن,
التتبيله تحفه ياريت متغيروهاش,
البطاطس كانت ساقعة لكن بقية الاكل كويس,حرارة_غير_مناسبة
الاكل بقي سيئ جدا جدااااا والفراخ اللي كنتوا بتعملوها احسن من كنتاكي بقت سيئة! والفراخ مش مقرمشة وحاجة فعلا في منتهي السوء! مفيش مطعم في اسكندرية بيحافظ علي جودته! ابدا!,
💯,
الدجاج كانت كلها طعمها كانها بايته اسبوع وحتى كان فيه قطع سوده والعضم كله اسود والبطاطس كانت بااارده جدا مع اني فنفس شارعهم فهي مش حوار التوصيل هما مطلعنها بارده حتى اشيز صوص الي عليها مش سخن ومتكتل والكولسلو وجعلي بطني جدا بعد م كلته !!,حرارة_غير_مناسبة
العيش ضعيف و خفيف مش ماسك نفسه و معجن و الفراخ مهرية و زفرة و الطماطم حامضة bread is weak and light its cut flaky chicken is maherya tomamto is hamda,طعم_سيئ
الاكل جاي بارد وملهوش طعم واخر معاملة ان شاء الله 🙂,حرارة_غير_مناسبة
تم طلب قطع الدجاج عادي وليس حار ولكن الطلب اللي وصلني للأسف حا ودي مش اول مرة يحصل نفس الغلطة,طعم_سيئ طلب_غلط
Rizo kan metbhdel keda w sauce maknsh kter,
جوده الفراخ سيئه و مليء بالزيت,
طلبت سينجل بوكس قطعتين فراخ صغيرين جدا منهم جناح مفيهوش حاجة تتاكل الصراحة سيئ جدا مكنتش اتوقع كده ابدا,كمية_قليلة
الصراحة الاكل كان حلو و سخن و كمان ف اوفر حلو اوى و الطيار وصل بسرعة التعليق الوحيد على البطاطس كانت غامغة بس سخنة,
الرز معجن,
للاسف المرة دي كان سئ و الفراخ غامقة و بتشد مش طازة,طعم_سيئ
الاكل كان بارد ومكنش حلو,حرارة_غير_مناسبة
الصوره والاكل شئ تاني خالص,
أتمنى إضافة تقيم بالسالب لمثل هذه المطاعم التي لا ترقى الى ان تحصل على تقييم برقم موجب من سيء لأسوأ دائما! أتنبأ لهذا المطعم بالآتي، أولا لن يستمر حتى عام ٢٠٢٥، بالكاد سيصمد في ٢٠٢٤، ثانيا سيكون من أكثر المطاعم صاحبة التقييمات السلبية خلال العام القا...,طعم_سيئ
هذا أسوأ دجاج مقلي آكله في حياتي! استأذن إدارة الأبلكيشن لو يضيفوا تقييم بالسالب عشان نعرف نقيم المطاعم ال بتقدم قرف زي المطعم دا. انتوا لو تقلبوني ف الف جنيه وماكلش القرف ال انا لسة أكله دا يكون افضل ليا!! آخر مرة اطلب بعد هذا المستوى الرديء والبشع,طعم_سيئ نظافة_سيئة
الطيار محترم جدا وووصل بسرعه ربنا يوفقه❤️,
وحش اوي و الفراخ محروقه بجد و ناشفه,فساد_الطعام حرارة_غير_مناسبة
الاكل جميل جدا لكن مجاش معاه معلقة ولا مناديل معطرة,
الفراخ مكنتش طازة و البطاطس مزيته,
مش حلو تمامن 👎🏻,
الاوردر اخد 1:40 ساعة و اربعين دقيقة من الازاريطة لمحرم بك!!!!,
عظيم,
الأكل كويس وسخن وكل حاجة بس عادي جدا يعني الصراحة التتبيلة بتاعته عادية البركة وكنتاكي احسن بكتير الصراحة ..,نظافة_سيئة
بصراحة الاكل كان مش حلو خالص و البطاطس كنت طالبها فاملى جايالى صغيرة جدا جدا و بيقلوالى هى دى الفاملى بصراحة مستواكم بقى سيئ جدا جدا,كمية_قليلة
لم يصل,
بجد اول مره يجيلي اوردر بالشكل دا انا زعلانه جدا لان فايف روسترز كويس جدا معرفش ايه حصل معايا دا,طعم_سيئ
الطعام بارد جدا,حرارة_غير_مناسبة
الساندوتش كان فاضي مفهوش فراخ,
الأكل وصل متأخر جدا بالتالي كان بارد و البطاطس نزلت مياه و جينا ناكل كان الاوردر سبايسي و الي وصل اوريجينال و كانت فراخ زفرة جدااا,حرارة_غير_مناسبة تأخير_طلب
سئ للغايه ولا يتناسب مع السعر,
البطاطس ماكانتش طازه و كانت مجلدة,
الاكل سئ و ناقص,طلب_غلط
الفراخ مزيته و ريحتها زفره والعيش مش حلو خالص,
البطاطس كانت بايته ومتسخنه,
العيش كان مش طازج,
السندوتشين صغيرين خالص غير العادي منهم,كمية_قليلة
القطع الاستربس حجمهها صغيرة جدا,كمية_قليلة
حلو بس الكوكاكولا حجمها صغير وقطع الاستبرس حجمها صغير عما قبل ذلك,كمية_قليلة
وقت التوصيل كان طويل جدا,
كان فيه حاجات كتير ف الاورد ناقصة,طلب_غلط
للاسف الرز مالح جدا وفيه شطة وفيه كمية ملح غير عادية برغم اني طالب الاوردر عادي ارجو في المرات القادمة الالتزام بتعليمات الطهي,طعم_سيئ
الاوردر صغير جدا وقطع الفرخ صغيره,كمية_قليلة
السوبر ريزو جميل جدا والصوص كتير جدا مش قليل ووصل بسرعة,كمية_قليلة
سخن وممتاز بس القطعه كانت صغيره شويه الاستربس,كمية_قليلة
الاوردر كان سيء والاكل طعمه غريب واترمى كله مع ان اسعاره غاليه جدا مقارنه بمطاعم اشهر منه للفرايد,طعم_سيئ سعر_غالي
الفراخ بارده جدا والعيش سئ جدا جدا تقريبا كان بايت الصوص كان مياه مش صوص,حرارة_غير_مناسبة
مينفعش اديلكم الدرجة الكاملة علشان الكمال لله وحده بس الصراحة الاكل كان جامد,
الفراخ كانت بدمها و مش نضيفه خالص و التويستر عيشه وحش جدا و تجربه سيئه للغايه.,
الساندوتش كان لذيذ بس الفرايز كانت بشعة جداً وشاربة زيت,
onion rings سيئة جداااا,
الاوردر مكنش كامل !!!,
اوردر يقرف,نظافة_سيئة
الاستربس مش طازه و العيش مش طازه,
N,
الساندويش مش مقفول كويس بيقع منه الاكل و في واحد جاي سبايسي و انا طلبته عادي,
delivery 👨 مش محترم,
الاكل كله زيت و الفراخ فيها ريحه زفاره رهيبه للاسف اول مره ارمي الاكل بسبب الزفاره بجد حرام فيه الفلوس لو في اقل من نجمه ف المطعم ده يستحقها,طعم_سيئ
طلبت عدم وجود اجنحه فى الاوردر ومع ذلك تضمن الاوردر جناحين كما ان حجمجم قطع الدجاج صغير جدا,كمية_قليلة
بجد تحفة الساندويش مليان و التغليف جميل و الاكل سخن و الطعم تحفة بجد حلووووو اوي,
الاكل حلو مفهوش غلطه,طلب_غلط
.طلبت عدم وجود اجنحه ومع ذلك تم ارسالها فى الاوردر,
😘😘😘,
ناقص قطعه من كل وجبه,طلب_غلط
..,
طلبت من المطعم عرض الكل في واحد جالي 4 قطع فراخ بس من غير ال strips و طعم الفراخ زفر و وحش جداً جداً بجد اخر تجربة ليا في المطعم 👎,
الفراخ مليانة زيت,
الستربس بايت وكمان طلبت حاجه وجه حاجه تانيه,
مش احسن حاجه الاكل,
انا طالباه عادي جاه حار ودي تاني مرة,طعم_سيئ
الاكل كان مالح جدا جدا !!!,طعم_سيئ
الاوردر تمام بس الجبنة البضة بالزعتر دي مش حلوة خالص,
الاكل. تحفه و مطلعم محترم و طيار محترم جداا,
انا طلبت الوجبه ال ١٥ قطعة و استنيت علي الاوردر ساعتين عشان يوصل و في الاخر جات الوجبه قطعه واحده صدر و الباقي اجنحه و دبابيس,تأخير_طلب
الاكل جه ناقص,طلب_غلط
اكتر من نصف الوجبه أجنحة ودبوس,
الاكل مش مستوى,
الفراخ مش مستوية وحاجة منتهي القرف لجد,نظافة_سيئة
كانت نيئة,
الفراخ البروست حجمها صغير جدا مقارنة بسعرها,كمية_قليلة
الاوردر كله بارد جدا والطعم سيئ جدا اول واخر مره,طعم_سيئ حرارة_غير_مناسبة
الفراخ شاربه زيت و دافيه مش سخنة تحس انها متسخنه مش لسه طالعه م الزيت و للاسف الاوردر من ١٠ قطع فيه ٦ منهم قطع صغيرة .. تجربة مؤسفه جدا برغم ان التتبليه حلوة بس ككل تجربه سيئه,حرارة_غير_مناسبة كمية_قليلة
الاوردر وصل ناقص,طلب_غلط
سرعه وجوده واداء فوق الرائع ربنا يوفقكم,
طعم الزيت كان باين فالفراخ بس شويه وعموما كان كويس شكرا 🤍,
ممتاز,
الصوص الجبنه جاي غلط جاي صوص تاني,طلب_غلط
اتبعتلي رانش صوص بدل صوص جبنه ...الاودر جي من غير معالق او شوكه,
الفراخ مزيتة جدا ، و مطلوبة سبايسي جات عادية,
الاكل جميل جداً بس الاوردر اخد ساعة لحد ما وصل مع اني في الطبيعي لما بطلب من المطعم بصورة مباشرة بيوصل أسرع بكتير.,
طلب خاطئ من المطعم,
الفراخ زيرو تتبيلة حرفيًا وزفرة وريحتها تقرف بجد مش متعودة على المستوى ده أبدًا,نظافة_سيئة
التوصيل اتاخر ساعه الا ربع كامله,
الطلب اتأخر ساعة تواصلت مع الطيار اكثر من مرة و كان متعمد التاخير الطلب ناقص كول سلو و تم تغيير حاجات بدون الرجوع ليا تغليق الطلب سئ و لتأخر التوصيل التغليف كان بايش أسوأ اوردر من المنيوز,طعم_سيئ تأخير_طلب طلب_غلط
احلى تتبيلة دوقتها في اسكندرية بعد كنتاكي و مقربين من طعم كنتاكي جدا و الفراخ كبيرة و نضيفة و الريزو جميل و ال onion rings حلوة برضه و الصوصات و الستريبس احلى من كنتاكي حتى,
دينر بوكس الدجاج صغير ومحروق,حرارة_غير_مناسبة كمية_قليلة
الاكل تحفه بجد ونضيف جداً ❤️❤️❤️ تعامل الديلڤري محترم ولذيذ جداً بس المشكلة في تاخير وقت التوصيل 🥲,
عدت اليكم في ريفيو جديد 😂🙏 التتبيلة لذيذة والسبايسي درجته معقولة الكرانشي عظيم جدا الفراخ نفسها بقا كانت مش احسن حاجه وكان فيها عروق كتييير. كمجمل اعطيها 8.5 من 10,
الفراخ مكنتش مستوية,
طلبنا بيبسي وميرندا تفاح والاتنين وصلو سبرايت !؟,
مندوب التوصيل اسلوبه سئ جدآ واحد صايع بيكلمني و الاوردر اتأخر جدا عليا,تأخير_طلب
لقيت قطعه حديد صغيره داخل الفراخ,كمية_قليلة
الاكل كان حلو و الstrips طعمها حلو جدا بس الصوص و الجبنة كانوا محتاجين يكونوا اكتر و ال offer نفسه محتاج يكون متنوع اكتر يعني ممكن ٢ ساندوتش و ٢ ستريبس او بطاطس او Fried piece او drink معاه لكن ٤ سندوتشات كتير و للاسف وصف ال offer يلغبط,
الاكل بارد جدا,حرارة_غير_مناسبة
الاكل مش سخن خالص … بطاطس سيئة ولونها غامق وكلها زيت وفعلا الاوردر سئ جدا الساندوتش مالوش طعم وفراخ دي مش فريش,حرارة_غير_مناسبة
فييين الكولا,
G,
طلبت اوردر وجالى لعبه بنت وانا طالبه لعبه ولد وبعد التواصل مع المنيو اتقالى ان مفيش لعبه ولد إزاى معرفش يعني انا دافعه تمن الاوردر كامل عشان يجيلي لعبه بنت 😡😡يعني إبني يلعب بعروسه 😡😡مش قادرين توفرو لعب ولادي ياريت تقولو أو تجيبو لعبه محايده,
مش عارف اطلب من فرع الازاريطة عن طريق البرنامج ولازم اتصل !,
الاوردر سئ جدا وصل بارد و متاخر جدا و الكميات قليله جدا,حرارة_غير_مناسبة كمية_قليلة
المره دي كويس الحمدلله 👍,طعم_سيئ
حلو جدا ولا مره طلبت وكان وحش وبيوصل بسرعه ومستوي جدا ولون الفراخ مفهوش اي دم بالنسبه لكل حاجه بس مره طلبت وجا ورك ف الاكل مش مستوي كويس,طعم_سيئ
الفراخ فيها شعر وتقرف وجيبين صوص غلط,نظافة_سيئة طلب_غلط
hlw,
الفراخ بقت زفرة جدا و ريحتها صعبة و الوردر اتاخر ساعتين,
سئ للاسف .. الاوردر جه مش زي ما طلبته و العلب بتاعت الغريزة مطبقة غير أن الاكل بارد و الكوكا سوخنة جدا مفيش كاتشاب كفاية .. مع أن بنجيب منه كتير حتي المولتن كيك ببعت اجيبها منه بس للاسف المره دي سئ,طعم_سيئ حرارة_غير_مناسبة
gmel,
الاكل كان وحش جدااا جداااا بايت وجاي متسخن وناشف ولونه غامق من جوة طبعاا من اعادة تسخينة مرة تانية بجد مش اول مرة يحصل معايا كده من فرع الازاريطة وطلبت من خدمة العملاء يجبولي الاوردر من فرع سموحة ورفضوا وقالولي بنتعامل مع الفرع ده بجد دي اخر مرة اطلب,طعم_سيئ فساد_الطعام
عيش قديم و متقطع . سندوتش عبارة عن قطمة . بصراحة مطعم مقرف و حرامية,طعم_سيئ نظافة_سيئة فساد_الطعام
الدليفري محترم جدا و كويس بس الاكل وصل بارد و مجلد و البطاطس بجد متتاكلش وحشه جدا مستوى الأكل بقى وحش اوي,حرارة_غير_مناسبة
الفراخ كانت ناشفة و صعب تتاكل و قطعة من ال٣ قطع كانت عبارة عن جناحات,فساد_الطعام
الطعم غير الاول,
الاكل مثلج,
الطيار محترم جدا ولكن المطعم اتاخر جدا في تحضير الطلب,
😊,
الفراخ ناشفة جداً و مش سخنة، مستحيل تبقى طازة!,فساد_الطعام حرارة_غير_مناسبة
المشكله الاكل جالي بارد مع انه في الشارع اللي ورايا,حرارة_غير_مناسبة
الاورد اخد وقت طوبل جدا الاكل وصل بارد الاوردر ووصل ناقص,حرارة_غير_مناسبة طلب_غلط
very late....,
Kmyt elakl n2saa,
اعد ساعتين عشان يوصل,
الاكل كان بارد والفراخ مش نظيفة,نظافة_سيئة حرارة_غير_مناسبة
اول مره يكون وحش جدا والفراخ سوده,طعم_سيئ
الفراخ ناشفة جدا لدرجة إنها مش بتتاكل، حاجة سيئة جدا,فساد_الطعام
الاكل جا بارد,حرارة_غير_مناسبة
افضل دجاج مقرمشة بلا منافس,
كله تمام,
الاكل سخن و طعمه تحفة و الساندويتش بيشبع جدا و ارز ريزو مظبوط اوي وسعره كويس و الاكل وصل بسرعة تجربة ممتازة 😍 استمروا علي نفس المستوي 🥰,طعم_سيئ
مشاء الله,
تمام,
الاكل مش طازة و صوص الباربكيو كتيييييير جداااااا علي الريزو,
كنت طالب الاوردر dark meat جالي white meat,
الكل حلو بس بارد جدا,حرارة_غير_مناسبة
gamedd,
شكرا,
جميل,
البطاطس ناشفة جدا والكول سلو قلييل,فساد_الطعام
حلو جدا خدت وجبة بخصم ٨٠ ج وحاجه عظمة الصراحة . بس زعلانه جدا من البطاطس كانت ناشفة اوي ، والكولسلو كان صغيير جدا بس تتحفة الصراحة 😁♥️,فساد_الطعام
الاكل المفروض قطعتين جايلي قطعة واحدة وصغيرة متكفيش فأر حتى والمفروض في بطاطس بس نسو يحطوها,كمية_قليلة
وجبه عائليه كبيره طلبت بعض القطع سبايسي والبعض غير حار وجالي الطلب كله حار واضطريت اشتري اكل تاني من برا عشان الاطفال لان مش هياكلو الاكل الحار وكمان قولت مش عاوزه اجنحه جالي في الطلب اجنحه واحنا بنرميها مبناكلهاش بصراحه تجربتي المره دي سيئه جدا,طعم_سيئ
قمر اوى 😍,طعم_سيئ
واحد خبز غير كافي .. لم ياتي مع الاوردر مشروب .. اللطاطس قليلة جدا,كمية_قليلة
اسوأ مرة اكل منها,طعم_سيئ
الاكل كان غير ظازج علي غير العاده,
الطعام جميل والطيار مهذب وسلوكه محترم وسريع والطلب اون لاين سهل ولكن عندي ملحوظه يااريت نزود الكول سلو والكاتشاب لانه قليل علي وجبه عائليه,كمية_قليلة
small portion this time البطاطس اقل من كل مرة ال ٣ قطع صغيرين جناح و ورك و قرقوشة صدر,طعم_سيئ كمية_قليلة
الاكل كله شكله بايت و متسخن و الفراخ كانت زفرة وطعمها وحش و طالبة الاوردر سبايسى جالى عادى,
مكانش متبل كويس و كان عادب,
الاكل حلوه جدا و الكميه تشبع و يكفي النضافه و حتي ابسط الاشياء مهتمين بيها و موجوده بوفره,
مكانش في تتبيل خالص,
Baaad,
وحش جدا ومالح وميستهلش اللى اتدفع فيه لانه اترمى فالزباله,طعم_سيئ
مش افضل حاجه,
الكمية قليلة علي المبلغ وتم تعديل عدد القطع السبايسي اتبعت ٧ و ٧ انا طلبت ١٠ سبايسي و ٤ اوريجنال الصوص اتبعت ٢ شيلي واحد باربيكيو انا طلبت واحد باربيكيو واحد جبنة واحد رانش,كمية_قليلة
مشركستويرمن جوة كويس و كان في ريحة زفاره في بعض القطع,
الاكل بارد للاسف اول مره كان سخن وكويس,طعم_سيئ حرارة_غير_مناسبة
الاكل رائع,
الفراخ بايتة و الكولسلو حمضان تجربة رائعة,
للأسف الفراخ بدمها وكلها زيت والارز معجن جدا,
حلو جدا والأكل نضيف جداا,
بعتلي الوجبة ناقصة ٣ قطع بكلم المطعم يرد بمنتهي الاستهتار ان هو اللي محضر الوجبة و متاكد من العدد و انه ملوش دعوة ، و لو انا مصمم يعوضهالي في اوردر تاني,طلب_غلط
الاستربس معنولة من صبح ومش سخنة وبطاطس من صبح بس فراخ فريش وجميلة,حرارة_غير_مناسبة
الفراخ كلها دم المستوى بقي وحش جدا,
The chicken was rotten حاجه منتهي التقزز والقرف,نظافة_سيئة
الاكل وحش جدا الفراخ بايته .وبتشد .فعلا تجربة سيئة جدا,
بجد شخصيه محترمه وذوق جدا,
تاني مره يجيلي الاوردر ردئ,طعم_سيئ
للأسف زي اي مطعم يتشهر و يبقي سئ,
كل تمام. وحلو ماعدا البطاطس,
حلو,
الفراخ مكانتش حلوه 😑,
الاكل بارد مش سخن!,حرارة_غير_مناسبة
قطع الفراخ كانت بايظة و معفنة حرفيا,فساد_الطعام
اول مرة الاوردر يجى من عندهم بالشكل ده الاكل سئ جدا انا بطلب من عندهم على طول الاكل دايما جميل و رشحتهم لاهلى و اصدقائي,طعم_سيئ
الاكل كان وحش جدا البطاطس مجلده و الفراخ مش مستويه صح و طعمها وحش اوي اساوء تجربه بجد مقرف جدا,طعم_سيئ نظافة_سيئة
ممتااازين,
فيه قطع صغيره كتير وهي وجبه عائلي!,كمية_قليلة
كان نفسي من فترة طويلة أجرب الريزو. طعمه مختلف عن أي مكان تاني. طعمه حلو وال سبايسي بتاعه سبايسي مش هزار. تجربة رائعة. وأنصح بها كل من يحب الريزو. والأكل وصل بسرعة وسخن. متشكر جدا. سأكرر الأوردر في أقرب وقت. 😘🤗,نظافة_سيئة
كان في قطعه مش مستوبه,
السناك بوكس الفراخ مش مستوية كويس,
القطع في الدليفري مش كلها كبيرة,
Almost 2Hours Delay👎🏻👎🏻👎🏻,
الاكل بارد للاسف,حرارة_غير_مناسبة
طلبت اورجينال جاه حار,
مش واو,
البطاطس كانت وحشه اوى بس الفراخ حلوه جدا,
طلبته قبل كدة كتير كان افضل من المرة اللي فاتت المرة اللي فاتت كان مزيت حدا و الطعم مش حلو بس جه بسرعة و سخن,طعم_سيئ
i ordered 15 and i got 13,
و,
الاوردر وصل من غير رز,
amazingg,
الاكل كان بايز تقريبا و تعبت و دخلت المستشفي بعدية,تسمم_غذائي
تجربة سيئة من المنيوز اسلوب الدليفري سبي جدا وغير لائق بالمرة والاكل اتاخر اما بالنسبة للمطعم فكويس جدا كالعادة والاكل جميل اخر تعامل ليا مع المنيون وهمسح الابلكيشن حالا👎,طعم_سيئ
الاكل وصل بسرعه عن الوقت المحدد وسخن جدا والطعم كان فعلا جميل تعليق بسيط حاولو تعدلو صوص الجبنه وشكرا جدا للاكل الجميل,نظافة_سيئة
7lw gdn gdn,
المفروض ان ال crunch box عبارة عن ١٠ قطع فراخ انا جالي ٨ قطع بس انا طبعا شبعت من ال ٨ قطع بس هي bad experience وانا عارف ان هي مش غلطتكو (elmenus) بس ياريت توصللهم وبصراحة انا اتبسط او من الاوفر والتوصيل كان سريع جدا شكرا elmenus,طلب_غلط
رائع جدا,
التوصيل في طلبات 5 جنيه هنا التوصيل 18 والضريبة غالية اوي. يعني باخد طبق تمنو 25 عشان يوصل عندي بدفع 50 جنيه مسخرة ولله,سعر_غالي
الساندوتش جبار حلو جدا إنما وجبة البروستد في غاية السوء بصراحه شاربه زيت كتير ومش طازه,
الاجنحه كتير,
تم طلب dark meat وراك بس ومجاش كدا .,
الاكل سئ جداا,
الاوردر جه متأخر نص ساعة عن الETA و كان بارد,حرارة_غير_مناسبة تأخير_طلب
الفراخ حلوة جداا بس البطاطس مش حلوة خالص والدليفري أتأخر,
سيء جداااااا للاسف بعد ما كان احسن من منتاكي !!! الطلب كله سيء!!!,
جبتوا صوص رانش بدل الجبنة 🙄,
الاكل كان سيء ومش مستوي للأسف ومعنديش فكرة ليه المستوى بيقل بعد ما كان ممتاز وده هيخليني مطلبش منهم تاني بعد ما كان من افضل اختياراتي.,
الاكل كان رائع لكن اول الاوردر وصل ناقص صوص جبنه,طلب_غلط
❤️,
زي الزفت,
زفر جدا الوراك سيئه اي حاجه كان فيها عضم وحشه اوي والبطاطس وحشه السلطه بس الي كانت حلو الباقي سىء جدا ماجربش اكل من عنده تاني ابدا,
اكل ممتاز ورائع,
تسلم اديكوا والله . بس المرة الجايه ان شاء الله اتمنى الفراخ تبقا افتح لأنها مقليه زيادة عن اللزوم ..والرز ملسوع وفي ريحه شويه مش حلوة . رغم أن طعمه جميل بس ريحته كإنه حمضان . التغليف ممتاز . التوصيل سريع وكابتن محترم . شكرا لكم 🌹,طعم_سيئ
ممتاز احلى فرايد تشكن بجد,
حضرتك بعتلى الرز من غير قطع إستربس,
الاكل جاه بارد شوية بس كان كويس,حرارة_غير_مناسبة
الاكل موصلش,
الوجبه كانت جيده في المجمل وساخنه، لكن الرز والبطاطس لم يكونوا جيدين,
تحفة,
الكمية قليلة عن كل مرة ☹️,طعم_سيئ كمية_قليلة
الاكل حلو جداً بس الريزو كان جاى غلط و كان أرز فقط و ماعليوش فراخ ولا صوص,طلب_غلط
اسوأ طيارين علي الوجود,
الاكل مجاش,
لتاني مره تأخير في التوصيل لمده ساعتين وبرضو مستلمتش الاوردر وخدمه عملاء المنيوز في ادني مستوي ممكن,طعم_سيئ تأخير_طلب
طالب اوردر من ١١ الصبح جالي ١ ونص الظهر وطبعا مستلمتوش. اخر اهمال وتخلف وقله ادب,
جيد ٨٠%,
احلى مرة بجد ياريت تبقى كل مرة نفس الجودة,طعم_سيئ
الاكل فوق الممتاز بس ولد الدليفري تابع للمنيوز خبط علي شقق تانيه و مش مظبوط كده,طعم_سيئ
الاكل جميل بس اتأخر,تأخير_طلب
غ,
اكل زفت وخدمة زفت و طريقتهم زفت و بجد محدش يتعامل معاهم بجد,
الاكل حار جدا جدا جدا تسبب لي بألم شديد جدا بالمعدة و تسوية الدجاج و جودتها سيئة.,
الاكل جميل والدليفري ممتاز شكرا جزيلا,
خدمتهم وحشه واسعارهم عاليه عالفاضي وكمان بيجبروك تاخد حاجه مش عاوزها يعني لو طلبت قطعتين ملزم تاخد زي مهم عاوزين مش زي منت تحب انا كنت عاوز صدر ودبوس مرضوش وصممه اني لازم اخد صدر وجناح حاجه فمنتهي البراده,طعم_سيئ
الاكل كان بارد مش سخن و كمان الاوردر كنت طالبه spicy جالي عادي,حرارة_غير_مناسبة
سئ و الفراخ كانت مجلده جدااا و الريزو كان معجن,
اكل لذيذ جدا,
يع,
الاكل حلو بس اتأخر عليه ربع ساعه زياده عن ميعاد التوصيل,تأخير_طلب
الاكل جميل جدا و تسلم ايديكم,
قطع الدجاج صغيره جداا وبها قطع اجنحه فقط,كمية_قليلة
1,
%100,
الاستربس انهارده مالح و السندوتش التويستر مش حلو خالص,طعم_سيئ
الفراخ لونها أحمر 🤷,طعم_سيئ
عالمى,
للاسف كان سئ اولا الاكل اتاخر جدا اكتر من ساعتين و طبعا جى كله بارد و الرز كان حادق جدا و الفراخ مش طازة تجربة سيئة ل مطعم يقال عليه كويس,حرارة_غير_مناسبة
مستوي قل شوية عن الاول,
الريزو كان قليل جدا,كمية_قليلة
افضل مطعم فراخ مقرمشة حتى الان,
وجبتين الاسبايسي وضعوا زيادة على النار حتى نشف اللحم زياده عن اللزوم حيث أصبحت ناشفه صعبه المضغ وسيئه الطعم ، خلاف ذلك كل شئ كان جيد,فساد_الطعام
الاكل كان شارب زيت كتير اوي و مش زي كل مرة,طعم_سيئ
لم يتم الالتزام بالملاحظات الخاصة بتبديل الكولوسلو بالبطاطس,
الاوردر كله تماو مظبوط مش ناقص حاجة وسخن بس الرز مش مستوي كويس الطيار محترم جدا جدا وملتزم بالكمامة ومعاه فكة شكرا ليكم,نظافة_سيئة طلب_غلط
الاكل ني والفراخ صغيرة و الكاتشب قليل وحاجة قرف!!!!!,نظافة_سيئة كمية_قليلة
اول مرتين كان تحفه اخر مره الفراخ مش مستويه خالص لدرجه ان لونها احمر,طعم_سيئ
مستوي ممتاز وافضل من كنتاكي,
الستربس كان فيه قطعة مش طازة 😁 غير كدا كله جميل ❤️,
وجبة الدينر رائعة نرجوا استمرار العروض,طعم_سيئ
outstanding!!,
مطعم نظيف وطعم رائع,
دينر بوكس مش كويس خالص و الزيت زيادة اوى,
هيفضل ممتاز واللى يشترى منه مره مش هيقدر يستغنى عنه تانى,طعم_سيئ
الفراخ مش مستوية..العيش البان غير موجود ..,
بجد مطعم جااامد بس يااريت يستمر على جوده وحجم القطعه ❤,طعم_سيئ
الاكل جميل ما شاء الله,
فايف روسترز من اقوى الفرايد تشكن الموجوده ف اسكندريه بلا منازع احلى طعم حقيقى,
الفراخ جيده ولكن مزيته شوية ومحتاجة تكون كرسبي اكتر الكول سلو راااائع زي بتاع كنتاكي بالظبط 👌 بجد براڤو,
الطيار ممتاز جدا,
كويسين جدا,
فظيييييع تحفة,
انا طلبت ٣ وجبات دينر بوكس كلهم قطع صغير ٢ دبوس او جناح وورك صراحة خسارة الفلوس البتدفع ليهم سرقه علانية,كمية_قليلة
الاوردر جي ناقص,طلب_غلط
تم الأتصال بيا و إلغاء الطلب بتاعي بعد انتظار ساعه و نص عشان في مشكله في التواصل مع المطعم في وقت غدا لو اتصلوا في ذات وقت الطلب كان عادي انما بعد ساعه و نص كدا قمه في عدم الأحترافيه و دي كانت اول تجربه للأبلكيشن و للمطعم,
الأكل مميز، أفضل فرايد تشيكن بعد كنتاكي، الدينر بوكس حلو أوي وبيشبع,
والله فوق الممتاز احسن فرايد تشكن بلا منازع بطلت كنتاكى خلاص ولو مره فيه حاجه معجبتنيش وده مره واحده من كل اوردراتى خدمة العملاء بتهتم لحد ما استلم البديل,طعم_سيئ
حلو جدا بصراحه الاكل جميل وبيجي سخن وفريش ديما يارب مستوي المطعم يكون ممتاز ديما,
سيئ جدا جدا وغش تجاري إن زعلان علي المطعم دة كان ممتاز ثم ينحدر بهذا الشكل,
المطعم اول مره اكلت منه كان ممتاز، ممتاز فعلا مش كلام، طلبت منه ٣ مرات بعده وللاسف ال ٣ مرات الفراخ زفره والكميه ماتكفيش طفل رضيع، المطعم بيعمل اوفر وبياخده منك من الناحيه الثانيه.,طعم_سيئ
زى الزفت فراخ لونها بنى غامق و ظفره اوى وريحه مقرفه فاكرين التبيله حتغطى ع الريحه,طعم_سيئ نظافة_سيئة
فراخ زفرة و جودة تعبانة مقارنة باول مرة و مزيتة,طعم_سيئ
توصيل سريع تغليف ممتاز الدينر بوكس محتاج سنة ملح والسبايسي محتاج يزيد سنة كمان بشكل عام مستوى محترم جدا,
بجد شكرررررررررررررا ممتاز والتغليف ممتاز. بس عايزه تستوي كمان سنة صغيره وبس وتحطوا مناديل معطرة . لكن بجد الف شكر ليكوا,كمية_قليلة
الاكل تحفه و بيوصل سخن جداً و نضيف ❤️❤️❤️❤️ و الدليفري سريع بيوصل قبل الميعاد ❤️❤️❤️ بحبكم♥️♥️♥️♥️♥️♥️,
مطعم حلو جدا وخدمه عاليه جدا والاكل جميل شكرا,
والله من أروع ما يكون ساندوتش الميجا كبير وتحفه ومليان مقدرتش اخلصه و وصل فريش,
الاورد قاعد اكتر من ساعتان................,
طعم الاكل روووعه والاوردر وصل بسرعه جدا خدمه ممتازه وجوده عاليه استمروووووا,طعم_سيئ
الاوردر اتأخر جدا والاكل باااارد,تأخير_طلب
الاوردر وصل ناقص المفروض العرض ١٠ قطع وصل ٩ والبطاطس ١٠ قطع بس وده اكيد مش الاوردر,طلب_غلط
الاكل زي الخرا سندوتش شاورما صغير خالص و قال وسط و حتي الساندوتش مش متغلف كويس,كمية_قليلة
اسوأ شاورما لحمه ممكن حد يأكلها الكمية قليلة جدا و مستخدمين صلصة طعمها وحش اوى اول مرة اصلا اكل شورما عليها صلصه حرفيا لاتساوى اى مبلغ يندفع فيها حاجة فى منتهى قمة السوء,طعم_سيئ كمية_قليلة
الأكل كويس بس ناقص يكون سخن شويه,طلب_غلط
راب الشاورما لحمة بالجبنة دا احلى حاجة كلتها في حياتي راب الفراخ الكرسبي مش حلو خالص وتتبيلته مش حلوة,
طبعاً انا كلمتكم عشان الطيار قبل بالطلب وكان بعيد جداً عن المطعم وبيتي وقولتولي احنا اتواصلنا مع الطيار وقال ٥ دقايق واكون عند المطعم، الاكل وصل بارد جداً للاسف، تجربة سيئة جداً وولا حد اهتم ولا اخد موقف المطعم ممتاز ولكن الديليڤرى سيئ جداً,حرارة_غير_مناسبة
الاوردر وصل متأخر اكتر من ساعه و بالتالي اللاكل بارد و ملوش طعم + مش الكوالتي اللي متعوده عليها,حرارة_غير_مناسبة تأخير_طلب
متوسط,
الاكل بارد وفي قطعه فاضيه والبطاطس بارده ودا مش العادي بتاعكم,حرارة_غير_مناسبة
فتة شاورما فراخ أقل من العادى 👎 كمية الشاورما قليلة جداً ❌ كمية الثومية برضوا قليلة ❌ والاوردر جهز فالفرع وفضل نص ساعة لحد ما الطيار راح اخده ووصل بارد,حرارة_غير_مناسبة كمية_قليلة
تعليق واحد أنا طلبت ساندوتش شاورما دجاج 260 جرام .. الي وصلني 230 ؟,
للأسف التأخير تسبب في برودة الطعام لانه كان غير مغلف بشكل جيد بالإضافة الكمية استحالة أن تكون بقدر المطلوب,تأخير_طلب
الاكل بارد,حرارة_غير_مناسبة
مش فاهم ليه بخيل في كمية الرز حرام عليك يعني زود شويه ياراجل دا رز يعني,
الطلب اتحضر من المطعم ثم بلغو الطيار وهو فى ميامى والاكل برد جدا واتاخر,
بشع كان ني,
🤞🤞🤞🤞,
الاستيكرات مفتوحه وتم تجاهل كل الملاحظات,خدمة_سيئة
تأخير,تأخير_طلب
الاكل كان ساقع تلج و الساندوتش كان ساده تماما مفيهوش توميه ولا صوص خالص,حرارة_غير_مناسبة
الاكل كان جميل جداً وطازه المرادي والدليڤري محترم ، شكراً,طعم_سيئ
الرز كان قليل جدا و الصلصة شبه بتاعة الكشرى,كمية_قليلة
الاكل متلج,
الاكل كان بارد.جدا وجه ف ساعه ونص,حرارة_غير_مناسبة
الاكل وصل بارد و سي جدا,حرارة_غير_مناسبة
الساندوتش فاضي خالص,
في دهن كتير فالأكل و الطعم مش زي الأول,
لم يتم استلام الطلب من الاساس وانا لحد الان في انتظاره من ٣ ساعات,
الاكل بارد جدا جدا وصل متاخر ساعه,حرارة_غير_مناسبة
انا طلبت من غير عيش في الفته ... لقيت عيش كتير جدآ في الوجبه,
اكتر مكان محافظ على مستواه من اول ما بدأ الاكل حلو جدا الكميات كويسة التغليف محترم الدليفري مؤدب و وصل بسرعة ⭐️ ⭐️ ⭐️ ⭐️ ⭐️,
الاكل كان بارد,حرارة_غير_مناسبة
جميل جدا والطيار تعامله ذوق,
.,
Ok,
الاوردر كان ممتاز والتوصيل كان سريع وكمان لما طلبت مساعدة من الدعم عشان ازود الاوردر بعد ماطلبته كمان محترم جدا وساعدني فعلا بسرعة ..شكرا على المعاملة المحترمة❤️❤️❤️,
البوكس مكنش تفضل حاجه بس الساندوتش كان حلو,
الأكل ولا غلطة..الكميات معقولة جدا♥️ التومية تحفة كابتن الدليفري وصل في معاده ..راجل محترم و ذوق,طلب_غلط
الساندويتش كان طعمه غريب جدا والفراخ مكنتش مستويه كويس البطاطس كانت قليله جدا جدااا بشكل غريب عموما الاوردر كله كان سيئ جدا ووصل متاخر,طعم_سيئ كمية_قليلة
موصلش,
تقريبا مكنش فى توابل للاوردر كله مش زى كل مره والبطاطس كانت مجهده كده ومش حلو الاوردر خالص زى كل مره,طعم_سيئ
الاكل سئ السندوتش مليان بطاطس بس الفراخ تكاد تكون مش موجودة اصلا تجربة سيئة جدا,
ناقص بطاطس,طلب_غلط
الاوردر ناقص البطاطس و العيش المحمص,طلب_غلط
المطعم كنسل الفرايز من غير سبب او تواصل وتمنها مدفوع,
ورق عنب ناقص والبطاطس غير موجودة,طلب_غلط
بوكس الشاورما مش أحسن حاجة وتقيل على المعدة,
أحسن طبق التكا,
ن,
السعر مقابل كميه وحشه جدا شاورما اللحمه طعم الحرق باين فيها و طعم شاورما الفراخ وحش جدا جدا زعلان علي المطعم دا جدا لان مستوي مكنش كده خالص زمان معرفش ايه اللي حصلهم,
الاكل بارد جدا و الكميه ضئيله جدا,حرارة_غير_مناسبة
ناقصه توميه,طلب_غلط
اكل مش بيجي سخن,
الاكل سيئ,
driver attitude 5/10,
دجاج تكا كان حلو والكمية كافية بس كان محتاج شوية ملح,
انا طلبت ودفعت شاورما لحم وجالي شاورما فراخ الأوردر أتأخر زيادة عن اللزوم ووصل بارد,حرارة_غير_مناسبة
الاكل سئ جدا الاكل جي بارد جدا حاجه بجد قمه السؤ اسؤ تجربه اكل,حرارة_غير_مناسبة
الاوردر موصلش اصلا!! وتم خصم المبلغ منى من الفيزا وفضلت مستنيه اكتر من ٣ ساعات عشان الاوردر يجى وفى الاخر مجااااش !!! وكاتبين ليا ان الاوردر وصل وهو موصلش والفلوس كمان تتخصم وكل ده ومحدش كلمنى اصلا ولا مكالمه واحده !!!! برجاء رد المبلغ والتواصل !!!!,
قطع اللحمة غير مستوية,
الساندوتش فاضي,
الاكل كان بارد و الفراخ ناشفة و صوص قليل جدا,فساد_الطعام حرارة_غير_مناسبة كمية_قليلة
To7fa,
هي جت 90% فراخ و وحتتين لحمة بس حلوة برضه مسامح في اللغبطة دي 😂,
جودة الساندوتشات كانت وحشه جدا جدا جدا وانا نبهت انها تبقي المرادي جودتها كويسه وبرضو جات وحشه,طعم_سيئ
ياريت تستعملو الستيكر اللي علي السندوتش عشان بنضطر نفتح كل واحد عشان نعرف ايه اللي جواه مع ان الستيكر محطوط بس مش معلمين عليه,
الشكين فرايز مكنش معمول كوايس.,
الساندويتشات كانت زفره جدا,
كان الخبز طرى غير مطهى بمعنى اصح عجين,
كوالتي الروز في الفتة مكنش حلو. مش زي كل مره .,طعم_سيئ
الكمية بقت قلبلة جداااا وكله بطاطس مش شاورما وحجم الساندويش قل وميستحقش ٢٣٥ج بجد حرام,
كوالتي الاكل زيرو المرادي وحشه جدااااا مع اني كاتبه تكون بجوده كويسه,طعم_سيئ
من أفضل الطيارين علي الإطلاق ربنا يبارك فيه يا رب,
الاكل ذى الزفت - بلاش تاكل من عندو,
الرز بايظ و حمضان,فساد_الطعام
مكنش زي كل مرة للاسف وكان اقل من المتوسط رغم اعتيادي علي طعم الفتة الرائع من السلطان ايوب بس للاسف المرة دي مكنتش حلوة خااللص,طعم_سيئ
مستلمتش الطلب جه بعد الفطار بنص ساعة و الدعم متواصلش معايا,
الطلب مجاش اصلا!,
البطاطس كانت سيئه جدا,
الأكل كويس بس الطلب ناقص باكت بطاطس,طلب_غلط
اكل جاي بارد,حرارة_غير_مناسبة
الاوردر ناقص علبة الثومية,طلب_غلط
بشششع,
الاكل جابلي تسمم محدش يطلب منه,
الاكل كان غير مساوى كان ناى,
مكنش في توميه,
الشاورما سيئه جدا و بارده و وحشه جدا جدا,حرارة_غير_مناسبة
..,
ساندوتش الشاورما صغير جدا علي السعر اتمني التحسين,كمية_قليلة
انا طلبت فتته شاورما مطلبتش ان يكون عليها صوصات غير ان الطيار وصل متأخر بقا شكل الاورد سئ جدا حقيقي اسوء تجربه,تأخير_طلب
دهون الشاورما لحم كتير جدا,
العيش كان ناشف ومبيتندغش,فساد_الطعام
اسوء مره للسلطان ايوب بجد وحش جدا,طعم_سيئ
أنا دفعت للدليفري ١٥٢ وفي ٢٠ باقي قلي إن يجبلي باقي ومجبش حاجة و مشة,
طلبت من الapp ساندوتش شاورما فراخ وكان شكله بايت ومش طازة خالص والسوس كان سيء,
الكمية قليلة قوى,كمية_قليلة
عشره من عشره,
سندوتش توستوك كفتة يحتوي على قطعة واحدة فقط من لحم الكفتة ومن المفروض قطعتين ويحتوي على كمية كبيرة جدا جدا من البصل في جميع السندوتشات الأربعة والطعام بارد جدا 😑😑 تجربة سيئة جدا لهذا الفرع نرجو الاهتمام,حرارة_غير_مناسبة
الاوردر موصلش اصلا,
اكثر من ساعتين طالب ويجي الاكل بارد والطيران سلوكه سئ جدا,حرارة_غير_مناسبة
الطلب مجاش اصلا !!!!,
شاورما لحمه حلوه جدا بالصوص السبايسي,
اسوء اكل الاكل كان فيه حشرات .. حسبي الله ونعم والكيل فيكم و الاوردر جه ناقص,نظافة_سيئة طلب_غلط
7lww,
القيمة قليلة اوي اوي اوي اوي مقابل السعر كان ممكن اجيب كم اكبر من مكان تاني بجوده كويسه بنفس السعر,كمية_قليلة
جاني ثوميه بدل طحينه مع الاسف وسلوك الطيار جدا سيء وبارد,حرارة_غير_مناسبة
روعة,
طلبت فتة ميكس جت فراخ بس ، طلمت ثومية زيادة جت أقل من العادي ،عملت إضافة جبنة مكنش فيه ولا نقطة جبنة حاجة بجد قلة أدب وعدم أمانة أنا حعمل شكوي في المحل,
العيش مفرول و الفراخ فيها دهن كتير و بتشد,
شكرا,
الاكل وحش جدا,
البوريك كان مقرمش جامد و ارجو المرة الجاية يكون كويس,طعم_سيئ
بارد وطلبت عدم اضافة التومية قاموا حطوها برضه،، تجربة سيئة,حرارة_غير_مناسبة
بجد الطعم مش عجبني,
الكباب دجاج تحفه والتوكستوك شاورما فراخ حلو اوى,
B,
يجب ان تكون علبة الفتة مغلفة والكمية قليلة,كمية_قليلة
حشو الشاورما قليييييل جداااا - لكن الطماطم والبصل والصوص كتييييير - وعشان الامانه ( الطعم جميييل ),
اسلوبة زفت واشتكىت للدعم,
الشاورما كانت باردة🙁,حرارة_غير_مناسبة
الصلصة طعمها غريب غير اللي موجوده في فرع جليم,
بس اتخرو اوي في تحضير الساندويتشات,
الفراخ ناشفه جدا ،,فساد_الطعام
الطلب وصل بارد,حرارة_غير_مناسبة
الافضل والانظف,
كان سئ للغايه والعيش بايت ومش محطوط في توستر زي الاعلان,
البطاطس عمرها ما كانت بالمنظر اللى هى فيه دى شربة زيت و مش مستوية وًحاجة تقلب البطن,طعم_سيئ
تاخر اويييي ساعتنين,
الكفته غير سويه,
الارز بارد,حرارة_غير_مناسبة
الاوردر جه من غير عصير,
جوه السندوتش حتة بلاستيك. رمينا السندوتش للاسف😡,
تخيل ان دي ب١٦ ج .. عينة حرفيا مش عارف منزلنها في المنيو لية .. لا وجايبلي شوكة كبيرة بلاستيك انا اصلا لو استعملتها هتخلص في تاني شوكة !,
طلبت ساندوتش شاورما كبير جالي ف عيش شامي عادي وغالي جدا على الجوده ال جتلي,سعر_غالي
تغليف سئ والحاجه جاية مفعصه ف بعض والساندويتش مفهوش اي صوص,
الطيار اخد ١٠ جنيه تيبس من غير ما يستأذني بلطجه يعني,
الساندوتش صغير جداااا وغالي,كمية_قليلة سعر_غالي
انا يوميها طلبت الاوردر الي بعد ٣ ساعات مجلد، يعني هو مش فاضل حاجة تانية ممكن تبقي غلط بالنسبة لبرنامج دليفري. هو الميزة المفروض انكو بتقدمو الاكل بسرعة بحالة كويسة دي شغلتكو، يعني هو كان فاضل ميجيش بس و تبقي خلاص كدا تقفلو و تفتحو محل كتاكيت مثلا,طلب_غلط
طلبت سندوتش لارج واللي وصل سمول,
ممتاز,
الطلب من غير صوصات,
الساندوتش ناشف جدًا تقريبًا اللي عمله نسى الصوص و ده مخلي التجربة سيئة جدًا 🤢 مختلف تمامًا عن كل مرة طلبته فيها,طعم_سيئ فساد_الطعام
الاوردر غلط,طلب_غلط
سلوك سيء جدا ويصرخ على الزبون,
الفراخ في الساندويتش قليله اوي اوي شبه مش موجودة,كمية_قليلة
الساندوتشات فاضيه محشي بطاطس و مخلل,
الاكل بارد و فيه استهتار,حرارة_غير_مناسبة
الاوردر ناقص علبه صوص ثوميه، و الشاورمه منغير شيدر!!!,طلب_غلط
انا دفعت ثمن الرز و الاوردت جه من غيره و عيزه اعمل شكوي لو سمحتم حالا,
الاوردر جيه غلط بجد حاجه مستفزه جدا كنت بحب المطعم مش هطلب منه تاني بجد طالما الكواليتي مش هتبقي نفس الحاجه,طلب_غلط
بارد ووحش,حرارة_غير_مناسبة
الاكل وحش و كمية قليلة و مجاش زي ما طلبناه بجج فلوس علي الارض,كمية_قليلة
متأخر جدا وكلمت خدمة العملاء كذا مرة,طعم_سيئ تأخير_طلب
طلب من غير بعض المكونات جه فيه المكونات اللى مش عايزها,
الكول سلو جت حمضانه بايظه,فساد_الطعام
وصل اوردر غير اللى طلبته و منتظر المطعم يتواصل معايا,
الساندوتش المفروض وزنه ٤٨٠ جرام ، انا جالي السندوتش شبه فاضي,
الطلب م وصلنيش لسه والطيار تأخر مكتوب وصل ع اية اساس!!!,
طبق العربي ناقص,طلب_غلط
البطاطس جات مقلي معاها حشره ؟؟؟؟؟؟؟؟؟؟؟؟؟؟!!!!!!!!!!!!!!,
الاكل متلججججج كاني مطلعه من الفريزر واللي وصله قليل الادب كان فاضل شويه ويرميه ف وشي,كمية_قليلة
طالب اوردر واحد شاورما فراخ كومبو لارج، اكسترا فرايز، اكسترا شاورما، اكسترا صوص تركي ، اكسترا مخلل، وواحد تومية، جالي كيس في باكت فرايز صغير فاضي وفيه ٩ قطع بطاطس بالعدد مرميين جوه الكيس البلاستيك ال support بتاع المنيوز مش شغال ودي حاجة سيئة و...,طعم_سيئ كمية_قليلة
الاكل كان حلو بس للاسف بعتوا كولا بدل سبيرو سباتيس رفضت استلمهم و الدعم رجع قيمتهم محدش يقبل كولا او بيبسى محدش يشرب على دم اخواته,
M,
جميل جدا عاوزه اطلب منه دلوقتي مش عارفه اطلب ازاي,
طالبه ساندوتش لارچ وجايلي ميديام وبارد والبطاطس كام بطاطسيه بالظبط 7 ولا 8 وواصل بارد كمان,حرارة_غير_مناسبة
الفراخ جاية نيية اتقوا الله ماينفعش فراخ تطلع مش مستوية,
الأكل جي بارد الساعه ٦.١٥,حرارة_غير_مناسبة
اسوء دليفيري الاورد بقاله اكتر من ساعتين,
الفراخ كانت مليئة بالدهن والجلد,
ليا باقي ١٠ جنيه الطيار قال انه هيفك و جاي مجاش اتصلت بس قال هيجي و برضوا مجاش !!!!!! انا اسيب الفلوس بمزاجي مش بمزاجه هو,
Love it❤️❤️❤️❤️❤️❤️❤️❤️❤️❤️❤️❤️❤️❤️❤️❤️❤️❤️❤️❤️❤️❤️❤️❤️❤️❤️❤️❤️❤️❤️❤️❤️❤️❤️❤️❤️❤️❤️❤️❤️❤️❤️❤️❤️❤️❤️❤️❤️❤️❤️❤️❤️❤️❤️❤️❤️❤️❤️,
سىء جدا الساندوتش صغير والكمية الفراخ صغيرة جدا مقارنة بسعره,كمية_قليلة
علبة الاكل كانت مفتوحة و العيش مقطوع منه جزء كانه متاكل، وساندوتش الشاورما جه حاجة تانية غير اللى طلبتها و كان طعمه سئ,
helw,
مكنتش حلوه,
يعني طالب وجبتين من غير اي اضافات وطلبت منكم تحطو ولو طحينة بدل التومية والعيش والمخلل ومش حاطين حاجة بدلهم ام البخل يا اخي,
معدتي وجعتني,
فطيرة الشاورما حجمها و حجم الحشو ما يساويش ١٠ جنيه.,
الثومية مجتش اصلا,
زود الفراخ و قلل ثومية شويا,
المطعم اتأخر جدا في تحضير الساندوتش,تأخير_طلب
تحفه بس البطاطس جت قليلة في الوحبه جدا كانوا 23 وحده بالعدد اتمنى تكتروا بطاطس مع الواجبات🥹,كمية_قليلة
سندوتش الشاورما كان كله عيش والفراخ قليلة جدا بالرغم إنه غالي والفتة غرقانة زيت ... كان زمان بيتحط عليها صوص أحمر جميل لكن دلوقتي الصوص كله زيت,طعم_سيئ كمية_قليلة سعر_غالي
الكميات صغيرة جدا وانا طالبة لارچ الحجم اللى واصل ميتقالش عليه ميديم حتى,كمية_قليلة
طيار بارد معندوش دم باديله حساب الاوردر 150 جنيه مش عاجبه بقوله الحساب مظبوط بيقولي انت عايز باقي يعني راح بصلي و ماشي اكن انا شغال عنده,حرارة_غير_مناسبة
وحش جدا و طميه لحمه اقل من معداد و سندوتش اصغر مع اني طلبه كبير و بطاطس مكنتش مستويه كويس,
الساندوتش فاضي وحرفيا مليان صوص وبطاطس فين الشاورما نفسها !!!!!!,
الحجم صغير جدا بشكل مش طبيعي ، انا مش فاهمة الساندوتش ده ازاي لارچ ؟!!! اومال ال small عامل ازاى ؟!,كمية_قليلة
زودو الكمية ياجدعاااان,
في صنف ناقص في الاوردر,طلب_غلط
الاوردر اخد ساعتين ونص,
كنت طالب سندوتشات و الاوردر جه فته شاورما,
اولا الساندوتش فاضي ووج أ كبير منه عيش,
اسوء طبق عربي لحم بالتاريخ الساندوتش متوزع فيه اللحمة غلط لدرجة ان كان فيه قطعة فيها بصل بس و كمية بصل غريبة و الدريسنج في حتة و اللحم ف حتة الصراحة اسوء تجربة,طلب_غلط
طعم اللحمه غريبه وشكلها غريب والصوص اللي محطوط على اللحمه برده وحشه قوي اما ميكس المشاوي متوسط الكميه,
الطيار ممتاز في الخدمة بس الساندوتش صغير جداااااا مع انه Large,كمية_قليلة
الشاورما مش مستويه حرفيا واضح انها اتقطعت قبل ما تستوي سيئه جدا و فيها جلد و الطعم الني و الزفاره لا تحتمل غير راضي ابدا اني ادفع فلوس على حاجه بالشكل دا، سلطان ايوب محل ممتاز عاده الاوردر دا شكلو كان في زحمه ولا حاجه غير قابل للاكل ابدا,
الشاورمه مش سخنه والحشو قليل,حرارة_غير_مناسبة كمية_قليلة
كانت تجربة سيئة و الاكل طعمه مكانش حلو و كان طعم الصوص الى فيه غريب,
😤😤,
راجل قمة في الاحترام و الرقي,
bam,
الاكل سئ جدا وفته الشاورما غريبه وطعمها ملوش علاقه بالشاورما ومفيهاش توميه ولاحتي علب توميه والعيش مليان زيت والصلصه وحشه جدااااااا,
طلبت تفس الطلب الى عملت عنه ريفيو مش حلو من يومين .. عشان اعرف فيه اهتمام بالريفيوز الى بتتصلوا تزعجونا بيها ... وطبعا تفس الكومينت اتكرر .. مافيش اى اهتمام بالريفيو .. مش هاطلب الاوردر دا تانى ... 👎🏻 وياريت محدش يتصل بيا ياخد اى فيد باك عن اى اورد...,
الطعم مقبول بس في تغيير عن مستوى زمان اللي متعودة علية,
ال لارج حجم صغير جدا,كمية_قليلة
السندوتش جه مفرول ومبهدل جدا مايتاكلش سندوتش ... ايه المشكله لما تقسموه اتنين مثلا يعنى بدل البهدلة الى وصل بيها 😬👋🏻,
الفته ف الصورة حاجه وفي الحقيقة حاجه تانيه خاالص العلبة نصها حرااام فيها التمن ده والتتبيله بتاعتها مش حلوة,
يعني لما اشتري ٢ ساندوتش شاورما سبيشيال ب ٣٠٠ج و في الاخر يجي بعيش بايت و بيتفرول يبقي حرام الفلوس البتدفع عندكم السندوتش مش مستحمل يتمسك حتي! فرع سئ جدا,
وجبه كفته فالصوره معاها رز وجاي سندوتش متقطع!!,
السندوتش فاضي مقارنه لاخر مرة قبلها اشتريه يعني السعر زاد و كميه الكباب داخل السندوتش قلت مش حتشتريه تاني 😔,طعم_سيئ
رنت,
اا,
اللي وصل الطلب قمة في الأدب والذوق والاحترام وبشوش الوجه الله يباركله فعلا,
😇,
الي بيوصل كان اوسخ راجل وصلي مش عاوز يدي باقي و مشى وخد الباقي كله و شتمنا بالاهل والله لولا ان اخويا الصغير هو الي فتح كنت فشخته,نظافة_سيئة كمية_قليلة
طلبت الاورد بدون بصل و كتبت كده و جالي ببصل و كان بارد جدا,حرارة_غير_مناسبة
السلطان ايوب ف حته تانيه,
بيك شاورما الدجاج كان ممتاز بس الشيف محتاج يبقى كريم سيكا في كمية الشاورما 😀 وساندوتش الكباب بردو رهيب ..استمروا 👏,طعم_سيئ
Bh,
Go,
في حاجات ناقصه في الطلب وطعم الصوص شيء جدا,طلب_غلط
مستلمتش البطاطس,
جوده الاكل مش احسن حاجه و الشاورما فيها طعم غريب ادتله فرصه اكتر من مره بس كل مره مفيش تحسن,طعم_سيئ
كنت في اضافات اتحاسبت عليها ومجتش,
الفرق في الكميه ولا حاجه بين طبق الفته الميديم واللارچ والسعر مبالغ فيه,سعر_غالي
التوصيل متأخر جدا,تأخير_طلب
بالرغم من التعليقات السلبية وكنت خايفة الاكل يجيلي وحش لكن الاكل بجد كان حلو اوي,
للاسف دليفري حاسس انو شغال غصب عنو دا ايه دا طلب ناقص وحاجه خرا الله يكرم النعمه بس,طلب_غلط
بصراحة ابداع والله فاخر من الاخر من افضل مطاعم الشاورما ❤️❤️❤️,
الاكل جه متأخر وبارد جدا ومبهدل ومش كامل,حرارة_غير_مناسبة تأخير_طلب
ورق العنب وبوريك الجبنه مش حلوين والبطاطس وحشه جدا,
الاوردر وصلي غلط طلبت سيزر سلاد كلها خس و احظة طماطم فقط و مفيش شاورما نهائي وساندويتش الشاورما كله بطاطس و كام قطعة شاورما صغيرة,كمية_قليلة طلب_غلط
الكمية في السندوتش بقت حاجة فضيحة الصراحة,
ما قدرنا نميز بين الطلبات لانه انتم مش حاطين علامة,
العيش بايت والاكل بارد,حرارة_غير_مناسبة
رائع,
الكميه اقل من نفس المقاس الفتره اللي فاتت و الشاورما اقل,
سئ جدا جدا مش ممكن اجيب منه تاني اصبت منه بقئ واعياء شديد انا كتبت الريفيو عشان احذر الناس منه ومايحصلهمش زيي لو اعرف اديهم زيرو بس مانفعش للاسف,
الشاورما فراخ ليس لها أي علاقه بالشاورما و البطاطس اللي موجود ف السندوتش بايته وسيئه جدا والسندوتش كا مجمل تجربه غير مرضيه,طعم_سيئ
العيش داخل الفته غير طازج وسيء من اسوأ المرات اللي طلبت فيها,طعم_سيئ
سيئه جدا و الحجم صغير جدا مع اني مش اكييل اومال لو طلبت الصغيره هتبقي اد ايه,كمية_قليلة
Delivery جيه بسرعة اوي وكان كويس اوي👌🏻👍🏻,
الطلب لسى مو صلش,
ممتازين,
زوق و محترم جدا جدا التي قام بتوصيل الطلبات,
السندوتشات بقت صغيرة جدا,كمية_قليلة
أسوأ فرع بجد.. اي اوردر من الفرع ده بيوصل بارد و الشاورما زفرة... في حاجة غلط ف ادارة الفرع ده,حرارة_غير_مناسبة طلب_غلط
الفته كانت سيئه جدا و عليها صلصه للاسف مقدرناش نأكلها تجربه مش هتتكرر تانى الاوردر كان اتنين فته شاورما ميكس,
الاكل غير طازج,
بيفشخ ام الجهاز الهضمي,
مش بيقروا اي تعليمات في الملاحظات وكل مرة نفس الكلام,طعم_سيئ
محترم وقت التوصيل ممتاز,
تم تبديل الرز البسمتي برز مصري معجن,
سندوتش الشاورما فاضي ومفهوش حشو ولا صوص وكأني باكل عيش فاضي.. كذلك كنت طالب بسطرمه رول جالي شاورما فراخ .. انا غير مجبر اكل حاجة مطلبتهاش.. تجربة سيئة جدا ولا أنصح حد ياكل منه,
لم يتم ارسال كل طلبات التوميه و تم ارسال تلساندوتشات فقط,
سخيف و قليل الذوق و اسلوب كلامه زي الزفت,كمية_قليلة
♥️,
اللي وصل شخص محترم وجزيل الشكر له تعليقي علي المطعم أن الساندوتش اللارج محتاج يكبر شوية لأن حجمه قريب اوي من الوسط,
مظهر لائق وخلوق,
الاكل حلو جدا بس هو ناقصه البطاطس الي طلبتها مع الاوردر,طلب_غلط
الطيار محترم اوي اديه عشره من عشره و نجمة,
السلطان ايوب دائما مختلف ومتألق ❤️❤️,
طعم الفته سي جدا,
جميل,
1 number one ☝️,
الصوص الأحمر مكنش موجود فوق الشاورما,طعم_سيئ
الشاورما طعمها سيء جدا والملح والفلفل الأسود زياده جدا فيه الشاورما رميتها في الزباله,
الاوردر اتأخر حوالي ساعة و نصف و الكل وصل بارد جدا تجربة سيئة جدا,حرارة_غير_مناسبة تأخير_طلب
اوحش فته اكلتها في حياتي.. هو ازاي فيه فته بيتحط عليها صلصه؟ و ده مش رز برياني ولا رز بسمتي نهائي و تتبيله الفراخ اسوء ما يكون انا رميت الاكل,
طالب توميه مع الوجبه جابو طحينه,
الأوردر موصلش !!,
دون المستوي,
جامد الله ينور ♥️,
الشاورما معظمها عجين العيش و مخلل بس الشاورما قليلة,كمية_قليلة
الطيار قام بإحضار اكثر من طلب قبل استلام طلبي وبعد استلام طلبي والطعام لم يكن ساخن,
جااامد,
احلي مسا عليكم,
الطلب جي سبايسي وانا مش طالبه كدا والتوميه الكميه غير كافيه,
احنا ٤ افراد كلنا بطننا وجعتنا ياريت نهتم بنضافه الاكل ومكنش بايت عشان حرام في طفله اكلته معانا,
روزو مشكل كباب جميل كالعادة 👍 لكن الرز ناقص بسلة وجزر مش زى زمان 🥲 الكبيبة صغيرة جدا على تمنها ❌,كمية_قليلة طلب_غلط
قرف وغلط في الطلبات بشكل غير طبيعي,نظافة_سيئة طلب_غلط
الاكل حلو جدا الصراحة بس الكمية بجد قليلة جدا,كمية_قليلة
الاوردر وصل ناقص,طلب_غلط
الاكل جميل ولكن كان بارد,حرارة_غير_مناسبة
للاسف ياريتني ماطلبت تاني مرة العرض اسوأ مليون مرة من المرة الاولانية,طعم_سيئ
الفراخ سيئه جدا لونها اسود اصلا الله يقرفكو,نظافة_سيئة
الاكل جه سخن واكتر من رائع,
محترم و سريع,
جامد اوي عرض الستين انصح بيه ❤️,
الاوردر اللي قبل دا - اقسم بالله لقيت جزء من كيس نايلون أد اللي ٣ صوابع - طلعتها من بوقي من قطمه سندوتش شاورما لحم - واوردر النهارده - اقسم بالله لتاني مره - الاقي شعره بني أدام مش نايلون المره دي - لاء شعره بني أدم أد كف الايد ولونها ابيض - وبرضو اط...,طعم_سيئ نظافة_سيئة
بطئ التوصيل,تأخير_طلب
عالمي ❤️,
عرض الستينات وصل بدون المشروب,
تحفهه,
حلوه جدا كالعاده بس الشاورما كان فيها فلفل طعمه مش حلو ابدا,
الاوردر كان فى سندوتش غلط وسندوتش تانى مفتوح و العيش كان ناشف وكلة بطاطس والديلفرى متاخر كمان دى اول مره يجيلى اوردر وحش كدة,طعم_سيئ فساد_الطعام طلب_غلط
فكرة ان الاوردر متغلف بفويل دا لوحده شئ عظيم والاكل كان سخن وكويس شكرا كان اول مره اجربه ومش هتبقى اخر مره,طعم_سيئ
تجربة توصيل سيئه جدا,
التوصيل كان سريع و الراجل كان محترم جدا,
Gameeed,
عاملين عروض وهميه مقللين السعر و بيضحكو على الناس و الكمية قليلة جداااااا و متستاهلش الفلوس اصلا و الاكل كان بارد و طعمه وحش,طعم_سيئ حرارة_غير_مناسبة كمية_قليلة
حلو بس البطاطس جوه السنظوتش كانت وحشة,
طلبت شاورما بالهاليبينو و اتحاسبت عليها و جت شاورما عادي,
الاكل طعمه كويس جدا بالنسبه للسعر والصوص جميل والدليفرى محترم,
جاامد,
التوميه تقريبا ربع الصوره,
Gamed ❤️,
انتوا كرهتوني فالدليفري,
تم تجاهل الاختيارات ووضعو بصل وبطاطس رغم اختياري عدم وضعهم,خدمة_سيئة
انا ما استلمتش الأوردر، والفلوس راحت عليا بسبب إن الكابتن ما كانش عنده خلق يحاول يكلمني و يوصل لي عند التسليم، و بالتالي سلم الأوردر لأي حد قدامه و خلاص، و كنت دافع بالكريديت كارد. بجد أسوأ تجربة لي مع المينيوز، و حتخليني افكر ابطل استخدمه تاني.,
الاكل متتاز 10/10,
الكميه مش كتير,
انا طلبت الكمبو معاه سبرايت بس جه فانتا تفاح,
كنت اتمنى كتابة نوع الساندويتش عليه عشان اعرف افرق الانواع,
بنت مؤدبة ووشها بشوش اللي جابت الطلب وجابته بسرعة الاكل حلو التغليف رائع الاكل سخن كله حلو ما عدا للاسف الطرب محروق ووحش عشان كدة اديته 4نجوم بس,حرارة_غير_مناسبة
عظمة,
الساندوتش تمام ناقص صوص جبته وانا محاسب عليه,طلب_غلط
بيخنسروا جامد في الحشو. كله بيخم كله في البلد دي,
طلبت عرض الروزو شاروما حرفيا واصلني عينه لدرجة بعد ما اكلنا طلبنا اكل تاني,
اللحمة سيئة والبطاطس,
لاكل وصل سخن والفته تحفه فعلا,
الاكل طعمه حلو لكن الكمية قليلة جدا مقارنة بالصور,كمية_قليلة
حلو اوي,
الاكل وصل بسرعه وجميل جداً,
تغيير الطيار اكثر من مرة الفتة كلها خبز والصلصة كثيرة وطعم النعناع غير مناسب الشاورما تعتبر ساندوتش مخلل اكثر من الدجاج,طعم_سيئ
مفيش بيبسي مع الاوردر و السندوتشات حجمها غلط!!,طلب_غلط
لقيت ذبانه في الطبق,
فتة الشاورما الحجم صغير ساندوتش الشاورما كله بطاطس و مخلل ساندوتش الكباب كويس,كمية_قليلة
الخبز غير طازج,
W7sh awy,
كويس بس الحشو قليل,كمية_قليلة
تحفه,
الاكل كان بارد و البطاطس كانت اكنها بايته جداااا,حرارة_غير_مناسبة
انا جالي تسمم ومن ساعتها تعبان,
so tasty,
Very delicious 60’s offer ❤️,
الاوردر ناقص تومية سبايسي و مدفوع تمنها !!!!,طلب_غلط
أصبحوا شحيحيين في الحشو,
انا طلبت ٢ لحمه جالى واحد لحمه وواحد فراخ 😞,
والله الساندوتش كان فيه صرصار صغير ..مش عارف ده قلة نضافة ولا صدفة!,كمية_قليلة
ساندوتش فاضي جدا مليان بصل بطريقة تقرف بجد و فاضي و مش محطوط في التوستر عدل بجد كان بشع,نظافة_سيئة
I,
الفرايز كان ممكن تكون احسن من كدا,
السندوتشات تعتبر سندوتش خيار مخلل كمية الشاورما الفراخ قليلة واطراف السندوتش وما بعدها حشوها فاضي للاسف المرة دي تجربة سيئة مع السلطان ايوب,طعم_سيئ كمية_قليلة
كله جميييل,
ممتازة,
الاوردر جاة غلط,طلب_غلط
مش نفس جودة زمان بس اتحسن شوية,
الاوردر متبهدل من جوا وال pieces صغيره ودي مش اول مرة اشتكي عالموضوع دا ف دي اخر مرة هطلب فيها من المطعم ومن الابلكيشن نفسه and I'll told all my friends about this negative feedback to avoid this experience,طعم_سيئ كمية_قليلة
الاكل بييجي نص الكمية حرفيا ومكنش في معلقة مع الفتة,
جه ساندوتش حجم أصغر عن المطلوب,
الكميه غير كافيه نهائيا وخصوصا انى طالبه الحجم الكبير,
انا طالب فته كبيره حرفيا هي وسط بس حاطينها في حجم اكبر مش اكتر,
الاكل كان بارد جدا و مش زي كل مرة للاسف,طعم_سيئ حرارة_غير_مناسبة
جيد جداا بس الاكل وصل شويه بارد و العيش كان معجن بسيط لكن ديما بيكون الاكل جيد جداا,حرارة_غير_مناسبة
كان وحش جدا والفراخ كل الساندوتش محروقه ومفيهوش صوص خالص وكان طعمه وحش جدااا ودى مكانتش اول مره يجى الاوردر سىء للدرجادى,طعم_سيئ حرارة_غير_مناسبة
ال delivery تعامله مش كويس لو حصل كده تاني مش هيحصل خير,
روعة الروعة,
بحب جدا الروزو كباب مشكل و ميحلاش منغير كولسلو و فطيرة لبنة و جبنة بعد الاكلة دي و بيبيسي بس انا كدة مبسوط 🤣,
Ahmed5261345@gmail.com,
مش سخن خالص,حرارة_غير_مناسبة
حرام يدفع فى جنيه واحد والله الساندويتش فاضى وكله دهون وغير مستوي نهائى,
بيتأخر جدا جابلي الاكل بعد ساعه و نص ساعه و في الاخر مجاش سخن,
العيش فادي,
مكنش حلو ومش مليان فراخ زي ما كانت بجيبه وبقي غالي اوي علي طعمه والعيش مكنش متحمص كأنه عجين,سعر_غالي
التوصيل اتأخر شويه,تأخير_طلب
فرع جليم إدارته كويسه و ال تيم محترم,
محترم وزوق,
الشاورما كويسة بس الفراخ و الرز تحسهم بايتين و متسخن و الفراخ ملهاش طعم,
الفته كلها زيت زززززززززززيت و الفطيرة طبعا الحشو مش موجود,
الكباب دجاج كويس الشاورما سيئه جدا والاكل بااارد,
جاي بارد جدا,حرارة_غير_مناسبة
طعمه وحش اوي والاكل بارد والطيار كان اسلوبه وحش,طعم_سيئ حرارة_غير_مناسبة
الاكل بارد و مش اول مرة تحصل من السلطان ايوب,طعم_سيئ حرارة_غير_مناسبة
سلوك الطيار راقي واسلوبه ذوقي جدا,
سندوتش كباب الفراخ جميل 🥰 السوتلاج (رز بلبن) مفهوش رز اصلا 👎❌,
كمية الشاورما أقل بشكل ملحوظ من كل مرة خاصة إنه اكبر حجم و ب 70 جنيه لا يستحق 30 ج على الكمية الموجودة، تجربة سيئة جدا آخرة مرة اطلب من السلطان أيوب,طعم_سيئ
الاكل حلو عن عدة تجارب بس وصلني اوردر معاه كولا وكانت علبة الكولا بايظه ومغرقة الكيس ياريت الانتباه في النقطه دي وشكرا,فساد_الطعام
الاوردر جه شاورما فراخ بدل لحمه,
الاكل كان بارد مش زي ما طلبته ياريت تاخدوا بالكوا من ان الاوردرات تكون طازة و تطلع سخنة مش كدا,حرارة_غير_مناسبة
بارد,حرارة_غير_مناسبة
jshsh,
الاوردر جي بالرز مش بطاطس,
لم يصل الاوردر الصحيح,
كمية شاورما الفراخ اللي علي الفته قليله جدا مقارنة بكمية الأرز والعيش التركي,كمية_قليلة
طلبت الاوردر xl جاء L,
غالي وكمان مافيش خصومات,سعر_غالي
الطلب وصل بارد بالرغم اني قريبة منهم الشاورما الساندوبتس فاضي تقريبا و العيش ناشف حشو قليل جدا و ده تقريبا بسبب اني استعملت برموكود و انا بطلب فمش بيهتمو او بيقللو الكميات عموما تجربة سيئة جدا,فساد_الطعام حرارة_غير_مناسبة كمية_قليلة
السندوتش العيش في كأنه مأكول منه وربع السندوتش مفهوش حاجه,
تحفة مش اول مرة اطلب من السلطان ايوب كل مرة نفس الجودة كل مرة الاكل جميل احلى شاورما,طعم_سيئ
تعديل وبعد كل هذة المساوئ الي قلتها اضف اليها اني بت في الحمام من الاسهال بجد انت بتشتري مرضك بايدك 🤮🤮 اوي تفكر تجرب المطعم ده بجد 🙏 نصيحة لوجه الله وحسبي الله ونعم الوكيل,طعم_سيئ تسمم_غذائي
بيتزا مع فتة شاورما بشع بشع بشع للصبح اوسخ مطعم اكلت منه في حياتي ميستهلش نجمة واحده حتي ولا الفلوس الي دافعها فيه ورغم بشاعته اسعاره غاليه جدا مقارنة بمن هم انضف منه الاف المرات,طعم_سيئ نظافة_سيئة سعر_غالي
طلبت بتزا فراخ و فتة شاورما بجد لا انصح اي حد يجرب من عنده اطلاقا وكل الريفيوهات الي كاتبه انو حلو خاطئه ده خسارة يتسمي مطعم ده قرف بالفعل 🤮 البيتزا عبارة عن رغيف عيش عليه صلصا اه والله صلصا معرفش ايه علاقتها ببيتزا الفراخ الي انا طالبها,نظافة_سيئة
انتم رفعتو الاسعار اوي,
الاسعار غاليه اوي عن الاول,سعر_غالي
الطيار بيدوخنى علشان يوصل العنوان وتليفونات ووصف,
تجربة سيئة جدا و الاكل وحش و حجم السندوتشات واحد,
مطعم سيى جدا اولا احجام الساندويش واحد مفيش اي اختلاف بين الوسط و الكبير مع راغم اختلاف الأسعار ثانيا الطعم سيى جدا و فيه حتت من الشاورما محروقة و موجوده عاده داخل الساندويش ثالثا الشاورما فيها حتت دهون فراخ جوه الساندويش,حرارة_غير_مناسبة
ممتاز الاكل فريش جدا وسخن,نظافة_سيئة
شكراً سلطان ايوب,
الاكل كان بارد شوية,حرارة_غير_مناسبة
طلبت ٢وسط و٢كبير واللي جالي ٣صغير وواحد كبير,كمية_قليلة
سيء جدا المطعم دا,
كان مكتوب وقت التوصيل من من ٦ و١٥ والاكب وصل الساعه ٥,
ريحة الفراخ شبه السمك وحاجه في منتهي القرف ميستاهلش 40 جنيه,نظافة_سيئة
ناقص مخلل و طحينة 😒,طلب_غلط
الأكل كلن مفترض يوصل ع الفطار ف وصل بدري واضطريت افطر بيه بارد,حرارة_غير_مناسبة
طالب الاوردر عل فطار قام جاني قبل الإفطار بساعتين. هوا حوار,
البابا غنوج كان حامض و كميه الاكل قليله و الطعم يقرف,طعم_سيئ نظافة_سيئة كمية_قليلة
الاكل بارد جدااا واضح لان فيه خصم بيبيقى فى عدم اهتمام بالاوردر,حرارة_غير_مناسبة
و كان الاكل بارد شوية,حرارة_غير_مناسبة
الاورد غلط,طلب_غلط
للاسف غالي جدا مع ان طعمه كويس مش هطلب منه تاني,سعر_غالي
لازم تحلوا مشكلة الفكة مع المندوبين,
جميل جداً,
الشاورما والفتن ملهمش طعم والقاه استغفرالله وشكلها يقفل الواحد اصلا والشاورما ياريتها كبيره دي صغيره حتي وياريت القيمه مقابل السعر دا السعر لو من غير العرض هيكون غالي اوي علي الفاضي ودا رأيي الشخصي واتمني تعدلوا دا والتوفيق,كمية_قليلة سعر_غالي
هقول رأيي بحيادية كالعادة 😂 جربت عندو اللحم بالعجين وكانت اللحمة نسبة البطل فيها عالية جدا ف طعمها مش لذيذ، وطلبت بيتزا شاورما كانت الصلصة فيها كتيرة جدا وطعمها طاغي علي البيتزا كلها وطعم الشاورما مكنش لايق بصراحة ع البيتزا.ممكن يعجبكو جربوه بردو 😂,
الاكل جي نصه فاضي!!!,
سيئ جدا ....... الاسعار عالية ...... الاكل طعمه مش زي زمان و مش مليان و عيش فاضي كتير,
مندوب قليل الذوق جدا,كمية_قليلة
الروززو مكس كباب حاجة من وراء العقل 😍😋😋 والشاورما الدجاج متميز كالعاده,
الكميات قليلة جدا من البطاطس و قطع الفراخ و حجم الساندويش صغير جدا فمع انه من المفروض يكون الحجم الكبير الا انه نفس الحجم الصغير و كذلك طعمه ليس كما قبل و كمية قطع الشاورما قليلة جدًا فهو اغلب الطلب عبارة عن عيش,كمية_قليلة
الراجل المحترم بتاع الدلفري محترم جدًا,
اكتر من ممتاز شكراً سلطان ايوب,
كمية الاكل قليلة,كمية_قليلة
كويس جدا,
حرام والله كميه الاكل ضعيفه جدا الجوده والنضافه والتغليف لا غبار عليهم,
جميل جداً شكراً لكم,
اكل حلو,
الاكل مش مقفول كويس و الاكل مدلوق فى الكيس !!!,
السندوتشات عبارة عن عيش فاضي وبينقط سمن ومفهوش غير بصل وخيار وده المفروض السبيشال اومال العادي ايه!!! بجد تجربة سيئة واخر مرة,طعم_سيئ
طلبت فته فراخ من غير عيش وجات بعيش وصورة كفتة كباب غير الاورد اللي جالي,
مع اني طالب الساندوتش بزيادة شاورما.. الساندوتش جه فاضي بردو! الفتة الميكس كانت كويسة كمية الشاورما اللحمة حلوة بس بردو شاورما فراخ قليلة جدا! مش عارف ليه كدة,كمية_قليلة
الاكل حلو اوى بس اتمنى تخففوا كمية الزيوت او الدهون اللي فى السندوتشات,
مطعم جااامد,
طالبه شاورما فراخ جيالي شاورما لحمه انا مشوفتش قرف كده بجد ده انتو مقرفين,طعم_سيئ نظافة_سيئة
Feen el roomi f elmeat !!!,
زفت,
طبعا 10 نجوم من 5 دا السلطان ايوب,
تمام,
الحجم صغير جداً,كمية_قليلة
الفتة ك رز و صوص تمام بس الفراخ فيها جلد كتيييييير جدًا,
الاكل تحفه بس وصل ساقع جدا,حرارة_غير_مناسبة
الساندوتش به قطع فراخ قليلة جدا,كمية_قليلة
سئ مخلل حامض طعم الاكل سئ,طعم_سيئ
الاكل جي فساعه و نص او اكتر رغم ان قولتوا ساعه الا ربع و جي بارد و مجلد صراحه خدمه سيئه زائد ان المطعم له فرع علي بعد ٥ دقايق مني روحتوا تجيبوا من فرع ابعد ما يكون فالسيوف و فيه فرع فسان ستيفانو و فرع فجليم فخدمه سيئه و اخر تعامل مع المنيوز,حرارة_غير_مناسبة
الاوردر خطأ,
ك,
الشاورما فراخ فيها دهن وحاجات ملظلظه مكنتش لطيفه خالص,
البيتزا مكنتش مجهزة عند الطلب ،كانت بايتة و اتسخنت.,
جميل جداااا واكلكم حلو جدااااااااااااااااا,
حلو اوى,
التاخير,
كله ممتاز .. الكنافه العادية افضل من الكنافه بالنوتيلا برأيي,
الاكل حلو وكان طعموا تحفة بس البطاطس بس الي كانت بايتة تقريبا مكنتش فريش,
انا بقالي كتير بطلب مشفتش حد محترم و مؤدب زي الراجل اللي وصل الاوردر ياريت باقي الطيارين يبقوا محترمين زيه مش عواجين بوقهم و الخمس نجوم للطيار الاكل زبالة كدة كدة انا مش عارف ايه اللي خلاني اطلب و السلطان ايوب اكل بقي زبالة اساسا,
وصلي ببصل وبدون جبنة للأسف كل اوردراتهم خاطئة,
الساندويش مكنش فيه جبنه ولا رومي مدخن,
مكنش سخن الاكل,
الاكل تحفه والطيار ذوق جدا ومتأخرش خالص,تأخير_طلب
تجربة سيئة جدا جدا الاكل واضح ان خاماته رديئة و التتبيل و التسوية دون المستوى تماما و نادم جدا على التعامل مع المطعم,
الاكل وصل بارد البطاطس رمتها لانها عباره عن زيت ...,حرارة_غير_مناسبة
السلطان ايوب من افضل المطاعم ، ولكن لدى ملاحظة لازم يتم اضافة رز مع الفرخه الكامله,
الشاورما محروقة و خيار كتير جدا,حرارة_غير_مناسبة
فوق الممتاز,
"الاكل مش عاجبنى خالص العيش تقريبا فاضى من جوة والبوكس صغير خالص على سعرة ""تجربة سيئة""",كمية_قليلة
ممتاز ووجبة بتشبع وماتأخروش,تأخير_طلب
كان محترم و سريع,
جالي تسمم و اتحولت تاني يوم للمستشفي,
العيب الوحيد التاخر لانى طلبت الاوردار ولغتوه ورجعت طلبته تانى والأكل اتاخر حولى ساعتين ونص او ساعتين,تسمم_غذائي
محترم و ذوق,
اصبح سئ جدا ولازم وقفه من المسؤلين عن المطعم اذا كانوا عايزين يستمروا,طعم_سيئ
حجم السندوتش صغير جدا,كمية_قليلة
اقوى فراخ مشوية مخلية على الفحم بكامل الاسكندرية بمعنى الكلمة مع سلطات وخبز عالمى يليهم مصطفى جاد سموحة ومدورش تانى على حد .. عايز اشوف الشيف اللى عمل الفراخ ده عشان ابوسه 😂,
❤️❤️,
الطعم سيء للغايه و الدجاج زفر و رميت الاوردر تجربه سيءه جدا,
الطعام طازج وطعمة حلو,
الطيار نعسان الوجه والاسلوب كالمخدر تماما,
تم طلب ساندوتش شاورمة XL إلا أنه لم ينل رضائى بسبب المكونات الاضافية غير اللازمة المضافة داخل السندوتشات وهى قطع بطاطس محمرة وقطع بصل كبيرة ، والغرض واضح من هذه الاضافات وهو غرض ريحى تجارى ملأ السندوتش بمكونات اضافية رخيصة لملأ الحجم على حساب المكون ...,طعم_سيئ
لائق ومحترم,
موظف الدليفري محترم,
لقيت شعره في شاورما فراخ 🤮 + حجم الساندوتش صغير برغم انى طالبه كبير,نظافة_سيئة كمية_قليلة
الاكل جايلي بارد ومفتوح وحد وقعه وطبعا اترما,حرارة_غير_مناسبة
ما كانش فيه إضافة التومية والاكل وصل بارد,حرارة_غير_مناسبة
العيش بايت,
مستوي متدني جدا جدا للاسف السلطان ايوب مبقاش زي زمان السندوتشات محروقة و مفيهاش حتي تومية في الفراخ و لا طحينة في اللحمة حاسس ان بكرة حجر و الاكل ناشف جدا بجد اخر مرة هجيب من عندهم,طعم_سيئ فساد_الطعام حرارة_غير_مناسبة
F,
في الوقت المطلوب,
جيد جداً,
Hhh,
شورما الدجاح غير شكل وحجم الاعلان والفراخ بدون رز وصغيره جدااا,كمية_قليلة
فته شاورما عليها صلصة مكرونه مش فاهم إيه دي و الساندوتش الحجم الكبير هو و الوسط واحد تحسه أطفالي و التوميه العلب ناقصه مش عارف المفروض أقول إيه للأسف من كتر الجوع اكلته لاكن غير كده كنت رجعت الاوردر كله الحاجة الوحيدة إللي حلوه الشاورما,طلب_غلط تسمم_غذائي
الفراخ المشوية حكاية تسلم ايديهم فعلا وكميه محترمه,
الاكل حلو بس الكمية قليلة علي السعر,كمية_قليلة
اكل جميل توصيل في الميعاد,
الاكل من فرع السيوف وحش جدا جدا جدااا بجد متبهدل ومالوش طعم وحاجة تقرف بجد,نظافة_سيئة
البصل كتير اوفر لدرجه انه اكتر من الشاورما,
الوحبه متستهاش السعر ده,
اولا الطعم ممتاز ثانيا ال ١٢ قطعه منهم لايقل عن ٤ او ٥ قطع شبه فاضيين وصغيرين جدا البطاطس كانت عبارة عن كمية قليلة و باردة جدا شكرا واتمني المرة اللي جاية تبقي افضل,طعم_سيئ حرارة_غير_مناسبة كمية_قليلة
الاكل وصل بارد متلج والرز معلقتين بالعدد,حرارة_غير_مناسبة
كنت طالبة اضافة تومية ولكن لم يتم,
حجم المناقيش صغير جداااا شاورما فراخ جميلة,كمية_قليلة
الفرخة كانت صغبرة جدا جدا جدا جدددددا,
بتعمل دايما رائعبس المره دى العيش كان. بايت,طعم_سيئ
J,
حلو بس لو يتوصوا بالاكل اكتر و يزودوا شاورما شوية مثلاً هيبقى احلى بكتير,
الدجاج المشوي سئ,
الاكل وصل بارد جدااا و مثلج رغم انه يبعد عني ١٠ دقايق بالكتير الفراخ ظفرة جدا و دا اول مرة يحصل من السلطان ايوب اعتقد دي مشكلة فرع فقط اللحمة سادة خالص و مفيش صوصات و مكونات عليها حاجة غير المتعودين عليها ابدا من السلطان ايوب اعتقد لن يتم التجربة,طعم_سيئ حرارة_غير_مناسبة
الكمية غير كافية الساندوتش حجمة صغير جدا,كمية_قليلة
جامد,
الاكل جه بارد جدا,حرارة_غير_مناسبة
كل حاجه كويسه جدا,
😍,
الطلب اتأخر جداً,تأخير_طلب
الاكل وصل من غير رز الكمية صغيرة جدا الفرخة تحس انها ربع كيلو,كمية_قليلة
ياريت الساندويتش يكبر شوية,
الساندويتشات حلوة اوى والفراخ المشوية طعمها حلو جدا بس صغيرة اوى ومتستاهلش السعر الكبير اوى ده,كمية_قليلة
الاكل سئ جدا . سندوتش الشاورما مش مليان حشو خالص ... وفتة الشاورما جاية ناقصة ونص الطبق فاضى,طلب_غلط
صغيره الحجم,كمية_قليلة
طلبت فته شاورما لحمه جالي سندوتش ليس مثل الصوره الاكل بارد جدا,حرارة_غير_مناسبة
Perfection 👏🏻,
gr,
الاكل بارد و وصل متاخر جدا,حرارة_غير_مناسبة
الطعم مش زي زمان وبقى تقيل ومزيت ليه مش عارف,
الاكل حلو اوي,
الاكل بارد جدا,حرارة_غير_مناسبة
وحش وحش وحش,
غير راضي تماما عن للاوردر فتة شاورما بدون شاورما,
👍,
الفراخ نشفة جدا,
المطعم مش كويس بالمرة,طعم_سيئ
بطاطس ناشفه و ما تتاكلش و الشورما نصها محروق …,فساد_الطعام حرارة_غير_مناسبة
الدليفري محترم و مظهر لائق و وصل قبل الوقت كمان شخصية محترمة,
جيد جدا,
الطعم مكنش حلو اوي و الرز كان فيه حاجة غلط,طلب_غلط
انا طلبت طبق شيش طاووق جالي ساندويتش ازاي كدا,
الاكل كانه في طعم بايظ طفله خمس سنوات تقولي طعمه وحش قوي وبايظ حتي الاطفال وصلها والعيش وحش جدا,طعم_سيئ فساد_الطعام
السعر عالي,
احلى مرة طلبت فيها فراخ تحفة فعلا شكرا جدا,طعم_سيئ
الاكل فوق التحفه جميل وسخن ومميز جدا والتوصيل محترم جدا وسريع و,نظافة_سيئة
طلبت سندوتش اسبيشيال لحم السلطان جالى شاورما فراخ,
مبعرفش اكل الشاورما والفتة غير من عندهم 😋❤️,
مكان التوصيل بعدي جداً مع ان في كذا فرع قريبين,
الساندوتش كان مش زي العادي الحشو كان قليل جدا,كمية_قليلة
محترم جدآ,
"جودة الطعام ومعايير النظافة اصبحت رديئة وادني مايكون لاينصح بتناوله حفاظا علي الصحة رائحة الطعام فاسدة Terrible experience ended with illness, don't ever try it !!!!!!",فساد_الطعام
السعر غالي ع السندوتشات,سعر_غالي
اوردر ناقص,طلب_غلط
الشاورما السندوتش فاضى شويه,
العشق 🥰,
السلطات غير طازجة و دون المستوى على اسم وسمعة مطعم مثل سلطان ايوب,
مطعم زفت خطا ف اعداد الطلب,
الاوردر كان فيه دبان,نظافة_سيئة
فتة شورما دجاج و كول سلو ..رديء جدا جدا,
جودة الأكل دايما بتقل و جه متأخر و سواق سخيف,تأخير_طلب
التوصيل زفت خدمه سيء الوقت طويل لارسال الاوردر,تأخير_طلب
🥰تحفه,
فتوش كان مذهل. شكرا,
جاااااااحد والله جامد جدا 😍😍,
رائع جدا,
مذاق ممتاز و توصيل سريع,
عدم ارتاد الكمامة,
طلبت ساندوتشين شاورما فراخ واحد لارج والتاني اكس لارج، الساندوتش الاكس لارج مكانش يتاكل بصراحة يعني مليان جلد ومفهوش صوص وفيه حاجات محروقة، اللارج كان طعمه جميل بصراحة.. اتمنى ميتكررش الكلام ده تاني.,حرارة_غير_مناسبة
وحش جداً و اخواتي كلهم و انا بطننا بتوجعنا و الأكل كان وحش جداً و كلنا تعبانين جداً بسببو,
الاكل سىء,
الساندوتش كان ناشف مش جوسى والحشو قليل جدا ووصل ساقع,فساد_الطعام حرارة_غير_مناسبة كمية_قليلة
الدليفري زوق جدا,
عالمي 😍,
اسوء شاورما كلتها في حياتي والله اترمت,
حبيبي يا عمو ايووب الاكل جميل انا بقيت مدمن أكل من عندك🤩❤,
الاكل جميل,
مظبوط,
بجد انا مش متصور يكون مطعم في القذارة دي قشر بصل وعنق طماطم الاخضر في السندوتشات,
طيار محترم متواضع متعاون جدآ 👌♥️,
السندوتشات جت من غير هالبينو وبخضار,
كله قمر,طعم_سيئ
حلو جداااا🥰🔥,
اسوأ مرة اجيب من السلطان ايوب الساندوتش فى طعم حاجة بايظة و طعمها مر وقطع الشاورمة محروقة متفحمة وريحة الساندوتش صعبة اوى !! انا متعود اجيب منه بس اول مرة يطلع كده معرفش ليه !!!!,طعم_سيئ فساد_الطعام حرارة_غير_مناسبة
المطعم بطيييييييييييييء جدا جدا جابلي الاوردر قبل اذان الفجر بربع ساعة و كمان الطيار كان ظاهرلي من بدري انه خرج من المطعم و راح اماكن ابعد من المكان اللي المفروص يسلم فيه الاوردر,
الساندوتش طعمه سيء جدا وبايت والملح فيه كتير اوووي مش هتعامل معاكوا تاني ابدا !!!!,
الطلب وصل بدون الإضافات المدفوع ثمنها,
اتأخر جامد فوق الساعة + الدليفري مش معاه فكه فدفعت حوالي ١٠ زيادة,تأخير_طلب
جميل جدا شكرا بس الطحينه كانت زياده ملح شويه,
الاكل كان سخن وحلو اوى وتغليفه تحفه,
الشاورما لحم مو حلوة و الفتوش مو حلو بس شاورما دياي حلوة,
❤️,
جيد,
الاكل جاه بارد,حرارة_غير_مناسبة
فتة الشاورما مقرفة و الصوص اللي عليها مقرف محستش بطعم الفراخ أصلا,طعم_سيئ نظافة_سيئة
سيء سيء سيء الاكل زي الزفت مش حلو خالص واكلت في الفرع طلبت حاجه جابولي حاجه تانيه ولما جيت اتكلم وكنت زعلانه جدا عشان كنت جعانه كل مره ييجي واحد يديك مبرر غريب مستفزين,طعم_سيئ
حلو,
الطيار ممتاز الاكل سيء جدًا,
اقسم بالله اكتر الاكل بايظ و الفراخ نايه و الاكل بارد و الفراخ سوده مش ممكن ده المفروض مطعم مشهور ازاي تعملو و تبعتو الاكل كده حرام والله ال ١٠٠ جنيه الي على اكل بايظ انا هبلغ عنكو والله,فساد_الطعام حرارة_غير_مناسبة
الدلفري حرامي,
طعم الفتة جميل جدا بس عليها زيت كتير أوي,
الشاورمة علي اصولها,
الطلب وصل بارد وكان في تأخير بس الاوردر حلو بشكل عام,حرارة_غير_مناسبة تأخير_طلب
في نايلون طلعلي بالكيس,
نظيف ولزيز جداً وتجربة تتكرر ، وصلني خلال نص ساعة بس,
انا مطلبتش سبايسى عشان يجيلى ساندوتش سبايسى محل زبالة,
ياريت الطيار يلتزم بالماسك عالأقل,
الاوردر قعد ساعتين و تجربة وحشة ومش هتكرر,
حاجة تقرف طالب ساندوتش شاورما مفيهوش شاورما خالص حاجة زباله حاططلي جلد فراخ وزوايد فراخ بدل الشاورما مطعم زباله,نظافة_سيئة
الكبيبة صغيرة جدا ولا تستحق 18 ج,كمية_قليلة
بتوصيل باردة جدآ,حرارة_غير_مناسبة
مطعم محترم دايما,
موصلش اصلا,
الاوردر ناقص صحن الثومية🙃!!,طلب_غلط
الصلصه الحمرا مش حلوة,طعم_سيئ
هايل,
كل الأصناف مزقها فوق الرائع و مستوى التقديم ممتاز,فساد_الطعام
العيش تقيل جداً والاكل كله زيت والحشو قليل جداً,كمية_قليلة
مفيش اسوء ولا اوسخ من كدا شاورما ولا اردأ ولا أحقر من كدا فتة تفوووو عليكم مطعم زبالة .. كبيت الأكل في الزبالة من عفانته وبطني وجعتني والفتة حاطين فيها صلصة و زبادي يا عكاكين تفوووووو 🤮🤮🤮👎🏻👎🏻👎🏻,نظافة_سيئة
الاكل نضيف واحلى شاورما فراخ ولحم تحفه سلطان ايوب,
تاخر جدا ٣ ساعات ووصل ناقص الفطاير,طلب_غلط
تحفه واكلهم حلوة جدا والنضافه بجد حلو جدا الاكل,
الفراخ طعمها حلو بس صغيرة جدا,كمية_قليلة
المندوب مش كويس خالص و المطعم محترم جهز الاكل في معاده بس المندوب آخر الأوردر جدا,
وصلي فتة فراخ بدل فتة لحمة,
بعتولي شاورما لحم وانا طالب دجاج!!!!!!,
الله ينور عليكم,
kiki,
متأخر و الفتة مش حلوة خالص و الصلصة اكنها صلصة بتاعت كشري,تأخير_طلب
احلى شاورما لحمة تاكلها و قليل جدا إللي بيعمل شاورما لحمة زيهم,كمية_قليلة
مشكلتى الوحيده فى طريقه تغليف البطاطس دايمه تيجى مزيته حلوه بس التخليف بيبوظها غير كدا كلوا تمام,
اسوأ شاورمة اكلتها مش مستوية وفيها دهن كتير وترتيب الطبق سئ كانهم بيرموا اكل على بعضه مفيش احترام لشكل الطبق وختى الخيار المخلل بايظ بجد كان مطعم محترم اصبح سئ جدا,فساد_الطعام
الاكل اكتر من ممتاز تسلم ايديكو بس خدمه التوصيل من المنيوز مش من المحل اكتر من مقرفه طيارين تايهين و ضايعين ويتصلو الف مره ولازم تسيبلو تيبس حاجه وسخه بصراحه قمه في الاهمال و قله الادب,طعم_سيئ نظافة_سيئة
الاخ الطيار بيقولي انزل خد مني الاوردر بتاعك من علي اول الشارع لانك خارج الزون بتاعتي ففضلت اني ما اتسحرش ورفضت الاستلام... هوا انا بشحت منكو ؟؟ قلة زوق بصراحة,
ممتاز بجد الاوردر كان تحفه ومميز اتمنى مزيد من التوفيق,
طلبت اتنين شاورما ميكس لارج الرز كان طعمه مش حلو الكميه قليله اقل من كل مطاعم الشاورما التانيه,كمية_قليلة
الأكل جميل والسندويتشات حلوة جدا الله ينور عليكم,
الاكل حلو جدااا و الكميه كمان كبيره اوى بالنسبه للسعر و طريقه لفه للاكل محترمه جدا,
المكان نظيف والأكل حلو جداً والمعاملة حلوة,
الاكل جميل مش عارف جه من انه فرع بالظبط بس كان تحفه الشاورما الساندوتش الاكس لارج النص كيلو عظيم,
معرفش الدلفري جه من أي فرع، جه بعد ساعه ونص، والوجبات سخن حلو ومخدوم جيد، والتغليف جيد، وسائق الدلفري بن ناس محترم جدااااااااااا,
اسوأ فته شاورمة ممكن تأكلها.. الأرز بايت و الشاورما ناشفه و من غير ثوميه مانصحش اي حد به اطلاقا,فساد_الطعام
الاكل حاجة تكسف بصراحة مش معني ان الوجبة بخصم اني اكل الفتة رز و من غير فراخ يرضي مين دة,
الاكل عينات حاجة تكسف بصراحة مش معني ان الاوردر بخصم انكو ماتحطوش فيها فراخ الفتة باكل رز يعني حرام الفلوس الي اتدفعت بجد,
الفراخ رائحتها زفرة جدا جدا طلبت سبيشيال سلطان شاورما دجاج سيئة للغاية والفراخ بجلدها مش مستوية كويس تجربة زى الزفت وتأخير اكتر من ساعة مطعم لازم يتقفل مستواه اتغير جدا عن بدايته,تأخير_طلب
طلبت سندوتشات شاورمة فراخ و الحقيقة ان اللي وصلني سندوتشات بطاطس وعليها ريحة فراخ !!! لو حتحط بطاطس في سندوتشات الشاورمة مفيش مشكلة بس ميبقاش معظم الحشو بطاطس,
تحفه كالعاده . من كله طعم يجنن و وقت توصيل سريع جدا و سعر اقل من اللي بيحدده الابليكشن,
الفرخه المخليه رائعه بمعني الكلمه. و السلطات و العيش السوري اللي جاي معاها . كل حاجه روعه فعلا . توصيل في اقل من نص الوقت . سعر افضل من اللي كتبه الابليكيشن .,
من احسن مطاعم الشاورما ممتاز جداااا والاوردر جه سخن وروعه,
ممتاز جدا الجوده كل مره بطلب الجوده مش بتختلف كتير,طعم_سيئ
من احسن المطاعم الي بتقدم الشاورما واحسن الفطائر عش البلبل ممتازه الي الامام دائما,
المطعم المفضل ليا علي طول بطلب من عندو ممتاز دايما,
من احسن الشاورما الي اكلتها بجد مش ناشفه فظيعه بالذات الفطائر والفته بصوص الزبادي خييييال,فساد_الطعام
من احسن المطاعم الي اتعملت معاها ساندوتشات بجد روعه ومختلفه ممتاز ممتاز انصح بي,
المطعم المفضل بالنسبهً ليا في الشاورما والفطائر,
من احسن مطاعم الشاورما كل كام يوم بطلب من عندو في رمضان يستاهل التجربة والصوص عندو مميز جدا,
الاكل ممتاز جداا والاوردر بيوصل بسرعه من احسن مطاعم الشاورما,
الاكل حلو اوي كل مره احلي من الاقبلها بقي ادمان بالنسبه لينا ف البيت,طعم_سيئ
بالنسبهً ليا ادمان بجد كل كام يوم بطلب من عندو ونفس الجوده ونفس كل حاجه,
كل يوم بطلب منو كل مره نفس الجوده الساندوتشات والفطائر والفته تحفه,طعم_سيئ
بجد الاكل عجبني جدااا وكل مره احسن من الا قبلها من احسن مطاعم الشاورما ف اسكندريه,طعم_سيئ
ممتاز في الطعم والجودة من احسن الأماكن الي ممكن تروحها للأكل بجد يستحق الخمس نجوم,
بجد مطعم ممتاز جدا اكل وتعامل وسرعه ونظافه وجربت الفطائر كلها ممتازه ديما يكون في تقدم كدا,
جودة الاوردر ممتازه جدااا والاوردر بيوصل قبل ميعاده والمطعم الوحيد ألي بيقدم أكل ع طريقه التركيه,
الأكل كان تحفه بجد رغم انو في رمضان الاوردر جه بجوده عاليه جداا وسخن,نظافة_سيئة
الفطاير التركي حلووووه جداااا ،، والفطاير الحلو بتاعتهم فظيعه جداااا بجد عش البلبل باللبنه والجبنه الموزريلا والعسل حلو تركي مختلف فعلا و خفيف,
الفتات تحفه والشاورما مختلفه والاكل بيوصل سخن بجد مطعم ممتاز جدا والمطعم التركي تجربه حلوه,
من احسن المطاعم في النظافه والجوده، والفته والشاورما مختلفين جدااااا عن اي مطعم سوري وتجربه تركيه ممتازه,
ممتاز احسن شاورما أكلتها بجد تستاهل التجربة,
الاكل سئ جدا و الفراخ محروقة خصارة اني اخدت الاوردر والله بس بجد اخر مرة اطلب من المكان المقرف دا,طعم_سيئ نظافة_سيئة حرارة_غير_مناسبة
احلى شاورما و مشاوي طعم مميز و خدمة مميزة,
صراحه احلي شاورما دوقتها لاتقارن باي حد بتاع شاورما في مصر,
طلبت مسحب الفراخ مكنش ليها طعم و الاكل اتاخر جدا و فته شورمة كانت الكميه صغيره,كمية_قليلة
خسارة حتي ال ١ ف التقييم فعلا الشاورما في عيش ابيض مش سوري و التومية عبارة عن مايونيز وحاجه سيئة جدا بجد خسارة الفلوس ف الاكل دا,
الاكل جه بعد ساعتين بارد جدااااااااا و سيئ ابشع مره اكلت السلطان ايوب في حياتي بطاطس مجلده ..,طعم_سيئ حرارة_غير_مناسبة
اكتر مكان بجيب من عنده اكل فرع جليم كويس جدا بس فرع سان زفت,
جربت بس فته الشاورما ونص نص ف احلي بكتير,
أحسن مطعم في اسكندرية,
من اسوء الدليفري اللي ممكن تشوفها في حياتك الاكل بيتاخر جدا وكمان السكه بتتفتح وتتقفل في وشك عادي لما تيجي تتصل,
لقيت شعر في الاكل,نظافة_سيئة
الكورن دوج مكنش حلو خالص بس المشكله كانت في العجينه هم غيرو فيها حاجه بعدتش حلوه خالص و الدلفري اتأخر اوييي,تأخير_طلب
البطاطس كانت طريه وًمحروقه,حرارة_غير_مناسبة
الدرينك نصه مدلوق بسبب عدم تغليفه كويس,
الاكل وصل متأخر وبارد وياريت كان طعمه كويس حتى,حرارة_غير_مناسبة تأخير_طلب
الطعم وحش والتغليف أوحش. العيش بايت وريحة الساندونش سبئة,طعم_سيئ
العيش تحفة اتغير عن زمان و الطعم تمام هما بس صغروا الساندوتش اوبي وقللوا الfillings شويتين بس الطعم خطير,
كنت طالبة اتنين وجبة اطفال و معاهم لعبتين الاوردر كله وصل ما عدا اللعبتين,
البطاطس نص مليانه!!,
بارد جدا الاكل,حرارة_غير_مناسبة
مش فاهمة كانوا عاوزين بلغوا الاوردر ليه,
الأكل وحش جدا ولا انصح به تماما والبطاطس مزيته والأكل بارد وسيئ للغايه,حرارة_غير_مناسبة
طلبتها بدون ومخلل وجت اكسترا مخلل,
البطاطس ناقصه اكلها الشيف,طلب_غلط
الساندوتش كان مفهوش بيف بيكن والجبنة كانت قليلة اوي,كمية_قليلة
الاكل سئ جداااااا والبطاطس مزيته وناشفه ومتتاكيلش ، اخر مرة هنطلب منه,طعم_سيئ فساد_الطعام
👎🏻👎🏻👎🏻👎🏻,
الساندوتشات كانت حلوة قوى والطعم كان هايل وسخن بس الفرايز كانت باردة ومجلدة وسيئة جدا لدرجة انى رميتها,نظافة_سيئة حرارة_غير_مناسبة
المشروم برجر تحفة,
طعم جيد لكن حجم صغير و سعر مرتفع نسبيا,طعم_سيئ كمية_قليلة
الطيار جابلي الاكل بعد ساعتين و كان بارد جدا,حرارة_غير_مناسبة
المشروب مجاش وانا محاسبه عليه,
very late order burger was smelling like lamb كان فيه طعم كندوز كريهه,
البطاطس الكيرلي من أسوأ ما يكون و مليانه زيت لا طعم لها سوى الزيت و التغليف مش مكتوب على كل برجر نوعه رغم اختلاف الانواع,
الاكل كان بارد,حرارة_غير_مناسبة
الاوردر موصلش عن طريق الابلكيشن والاكل جه بعد ساعه ونص وبارد ومحدش بيرد من الدعم وقلة ذوق,حرارة_غير_مناسبة
الاكل جالي بارد و بايت بقى ولا ايه و البطاطس مش مستوية و من كتر ما اتسابت في العلبه العلبة مبلولة و البطاطس كمان انا مش دافعة ٤٠٠ عشان القرف ده ياريت حد يتواصل معايا ولا نص الفلوس ترجع ولا اي حاجة عشان ده تهريج ده قلت اكبر دماغي و اكل بس قرفت مش ق...,نظافة_سيئة حرارة_غير_مناسبة
وصل الاكل بارد,حرارة_غير_مناسبة
الاكل وصل بارد ووصل متأخر بساعة ونصف,حرارة_غير_مناسبة تأخير_طلب
الاكل وصل بارد جداً لان موتوسيكل الدليفري لا يوجد به صندوق لحفظ الطعام,حرارة_غير_مناسبة
كل مره بنسي فيها قد ايه اكل mince وحش بطلبه و افتكر علي طول. قررت اكتب الريفيو ده عشان منساش تاني,طعم_سيئ
M,
البطاطس ناقصة,طلب_غلط
اسوأ خدمة وتجربة على الاطلاق والاكل جه بعد.٣ ساعات بارد ومش طازة ومحدش عبرنا بأي حاجة، تحذير اوعى حد يطلب منه,حرارة_غير_مناسبة
اقسم بالله اسوء تجربه اكل للبنيآدمين عموما شفت ازاي ؟! ده ينفع فرع محترم للحمير والبهايم مش للناس خالص ......انا للأسف مش معايا صوره لاوردر امبارح ولا ليا ف مصلحه ف الكلمتين دول ... الاكل دفعت في فلوس وجبتو عشان اخدوا ارميه ف الزباله ....,
بجد الاكل اتاخر ساعتين و كان بارد و البطاطس مش مستويه و السندويش بجد مفيش اي حاجه حلوه اوحش برجر طلبته في حياتي و كلمت خدمه العملاء قاله حد هيتواصل معايا علشان يرجع الاوردر و مفيش اي حاجه اترماه زي مهو في الزباله,حرارة_غير_مناسبة
الاكل كويس بس سعره غالي نزلو الاسعار علشان الدنيا صعبة,سعر_غالي
الاكل مكنش سخن و البطاطس وحشة,
اسوء برجر اكلتو في حياتي اللحمه كاد تكون متعفنه والبطاطس متلجه اخر مره اطلب من المطعم الردئ ده,طعم_سيئ نظافة_سيئة
البطاطس كانت سيئة جدا بس السندوتشات حلوة,
الاوردر موصلش اصلا,
الامل طعمه وحش اوي. الفراخ مش مستويه والهوت دوك مهري وطعمه وحش.,طعم_سيئ
Raw uncooked hotdog !!!!,
الطلب وصل متاخر و لا حد اتصل يقول انه هيتاخر و السبب,
الطلب ناقص ١ بطاطس والبطاطس اللي جت بارده وقديمة و السندوتش مش ساده زي ما طلبت,فساد_الطعام حرارة_غير_مناسبة طلب_غلط
كله كويس بس في تأخر في تسليم الاوردر,
الأوردر وصل متآخر وبارد واللحمة كانت بتشد والبطاطس سعرها مبالغ فيه جداً على كميتها القليلة خصوصاً أنها ساقعة ومجلدة,حرارة_غير_مناسبة كمية_قليلة سعر_غالي
المشروب غير موجود خدمة سيئة,
جاي بارد مع اني طالبة ومأكدة يجي سخن لأن ده الطبيعي والصوص اللي ف تشيكن بافلو هاوس مش حلو ومضيع طعم الفراخ,حرارة_غير_مناسبة
الاكل اتاخر وكان ساقع جدا,حرارة_غير_مناسبة
الاكل كان بارد جدا,حرارة_غير_مناسبة
أسوء أوردر طلبته في حياتي الطيار مش فاهم حاجه و اتكلم ٧ مرات ياخد العنوان و برده وصل عنوان غلط و بيبعت عالواتس آب من نمرة تانيه فويس نوتس غريبة و الأكل جاي مزيت و بارد و طعمه وحش مش فاهم آزاي وصلتوا للميتوى ده !,طعم_سيئ حرارة_غير_مناسبة طلب_غلط
اخر مره اطلب مينس طعم البطاطس وحش والكميه قليله جدا كأن حد اكل منها,طعم_سيئ كمية_قليلة
اكل سئ و بارد جدا و اوردر اتأخر اوي,حرارة_غير_مناسبة تأخير_طلب
الفراخ كانت بايظة أو منتهية الصلاحية ريحتها وحشه ولونها غامق,فساد_الطعام
L food gaye bard w kman hasl issue fl hesab kan lmfroud adf3 145 gneh 3shan hatet discount code it endup df3t 200 wlma kalm zmaylo 3arf eno 145 msh 185 fa lma kalmni 2oltlo mafesh moshkla mmkn tohtha 3la wallet bt3t el menus w 2ali tmm w hklmk tani ...,
الأورد وصل كله غلط,طلب_غلط
مقرف مفيش حاجه عدله كانت فالطلب,طعم_سيئ نظافة_سيئة
وحش جدا مفيش حاجه واحده من اللي طلبتها جت كويسه جبت كولسلو كان صعب و بآفلو هاوس سبيشيال الفراخ كانت ناشفه اوي مش عارفه مجلده و ريجيولار فرائز ناشفه و حالتها حاله,فساد_الطعام
الاوردر وصل متاخر جدا والاوردر بارد جدا,حرارة_غير_مناسبة
جربت اللحمة (تكس برجز) و الفراخ الكلاسيك بتاعتهم، اللحمة كانت ناشفة اوي ، حسيت اني باكل تراب مش لحمة من كتر ماهي ناشفة و الصوص قليل جدا ، ومفيش طعم واضح ، تقييمي من غير السعر المبالغ فيه ٤/١٠ ، سندوتش الفراخ ماكانش فيه تبهيرة واضحة و الصوص قليل م...,نظافة_سيئة فساد_الطعام كمية_قليلة سعر_غالي
بعتين السندوتش علط,
الشكل شي والطب شي ثاني,
تاخير ساعتين,
انتوا ناس معندهاش ضمير,
نسيتو علبه الجبنه للاسف و الاوردر اتاخر جدا,
الاوردر واصل ساقع وملوش طعم,حرارة_غير_مناسبة
لحمة مش مستوية و خضروات دبلانة اخر مرة هطلب من مطعمكم السئ,طعم_سيئ
Xx,
G,
حراميه واخدو فلوسى ومخدتش الاوردر بتاعى,
منتهى قلة الذوق فى التعامل وخسرونى فلوسى,
الاكل سىء جدا منصحش اى حد يجربه وبذات المطعم دا,
الفرع سيئ مش زي باقي الفروع و مش نفس الطعم و المفروض الساندويتش يكون cheesy مفهوش ريحة الجبنه كله بصل و فلفل اسود كذا مرة اطلب كذا نوع برجر و كلهم طعمهم فلفل اسود و بصل,طعم_سيئ
"Enter at your own risk- an hour late, tasteless, and cold - Elmenus doesn’t care اتأخر ساعة ووصل بارد وطبعا المنيوز ايدك والارض منهم (لو هتشبع من ""احنا أسفين وبنعتذرلك""، يبقى اطلب)",حرارة_غير_مناسبة تأخير_طلب
البرجر تحفة جوسي و الطعم حلو البطاطس وحشة اوي,
الاكل بارد و متاخر تجربه سيئه جداً,حرارة_غير_مناسبة
F,
بطنى وجعتنى جدا,
K,
الاوردر اللي طلبناه ناقص الكول سلو مع انه موجود في العرض ده و طلبناه بالفعل قبل كده في المطعم و غير ان ساندوتش مشروم برجر مفيهوش غير برجر بس بدون اي اضافات للاسف دي اخر مره هنطلبه دليفري لانه كده اسمه استهبال لو بتبعت الاوردرات دليفري ناقصه مش زي الم...,طعم_سيئ طلب_غلط
مطعم سيء توصيل اسوء اسعار مبالغ فيها اللحمة غير نضيفة وليها رائحة مخزنة جدا اول واخر مرة يشتري منكم,طعم_سيئ فساد_الطعام سعر_غالي
الاكل مش زى الاول الطعم مبقاش احسن حاجة، السعر بقى غالى على الاكل بصراحة مش احسن value to cost مش متهيألى انى هجيب منه تانى قريب و هفكر قبل ما اطلب منه بصراحة .,
الفرايز سيئه ناشفه وبارده,فساد_الطعام حرارة_غير_مناسبة
الاوردر خد اكتر من ساعه و نص عشان يوصل و البطاطس لو شاريها من عربيه فول من الشارع كانت هتبقي احسن كده,
الاكل جاي بارد جدا جدا المفروض انكم بتدوا للناس اكل طازه ومعمول جديد سخن في الحاله دي بييجي الاكل في اي اثر للسخونيه او انه معمول طازه لكن الحقيقه واضح انكم باعتين سندويتشات مركونه وبارده والبطاطس بارده جدا للاسف تجربه غير مرضيه و ندمت عليها للاسف,طعم_سيئ حرارة_غير_مناسبة
سيء جدا ،الخاجه جية سقعه و البطاطس كميتها لا توافق الطلب و طعمها سيىء و غالبا هتترمي اول و اخر مرة اطلب من مينس,طعم_سيئ
الاوردر وصل بارد جدا و الطعم مش زي المطعم و زمن التوصيل كبير المنيوز بقي سئ جدا,حرارة_غير_مناسبة
الاكل طعمه جميل ولاكل وصل بارد وناقص الموتزريلا ستيكس,حرارة_غير_مناسبة طلب_غلط
لو سمحت هو الحساب على السعر يلي على التطبيق ولا الفاتورة يلي من المطعم لانه كان في اخلاف بيناتهم,
٣ ساعات تاخير اكل بارد و طعمه وحش,طعم_سيئ حرارة_غير_مناسبة
طلبت اورد الساعه ٩.٤٥ جالى الساعه ١.١٠ الاورد ر جى بارد جدا البطاطس ناشفه و تحسها بايته البرجر العيش وحش جدا,فساد_الطعام حرارة_غير_مناسبة
Very bad service and quality!!!!!!!!!!!!!,
Mat3am ebn metnaka w meshaghlin 3yal bent 60 metnaka,
الاكل جميل بس بارد شوية,حرارة_غير_مناسبة
ال cheese fries سيئه جدا و غاليه جدا,سعر_غالي
الاكل جه بارد وميتاكلش,حرارة_غير_مناسبة
الطلب وصل متأخر جداً بسبب أن عامل الدليفري كان منتظر الاوردر التاني اللي وصل بارد وكمان موظف الكول سنتر بلغ الاوردر خطأ غير راضية بالمرة,طعم_سيئ حرارة_غير_مناسبة تأخير_طلب
الاكل وصل بارد جدا,حرارة_غير_مناسبة
الاكل متأخر ٤٠ دقيقة وبارد جدا واترمى نصه,حرارة_غير_مناسبة تأخير_طلب
كميه البطاطس بالجبنه كانت قليله جدا و غير مناسبه السعر,كمية_قليلة
الساندوتش فقير نسبيا و كنت اتوقع طعم افضل,
الطلب وصل ناقص البطاطس,طلب_غلط
الاكل وصل بارد جودة اللحمة مش مكافء للثمن,حرارة_غير_مناسبة
الاكل بارد البطاطس مجلده الطعم مش حلو اوي زي اللي ليتقدم في المطعم اتاخر في التوصيل السعر عالي مقارنة بالطعم والكمية,حرارة_غير_مناسبة
كله 10 على 10,
ما بيشبعش,
رائع جدا جدا جداااااااااااااااااااااااااااااااااااا,
البطاطس كانت وحشه اوي اوي اولا كانت بارده وكلها زيت اضايقت بجد تقريبا حسيت ان هي معاد تحميرها,حرارة_غير_مناسبة
تجربه زي الزفت من الابلكيشن و ليس المطعم,
اكل بارد واوردر جه ناقص ومفيش اي رد من المطعم والرد كان من ادارة elmenus هما اللي تعاملو مع الموقف باحترام,حرارة_غير_مناسبة طلب_غلط
الاكل بارد وطعمه سئ,حرارة_غير_مناسبة
الاكل بارد لتاني مره,طعم_سيئ حرارة_غير_مناسبة
.,
Im,
البلو برجر نسيو يحطو فيه بلو تشيز !,
الاكل جالى ناقص وزى الزفت تشيز اونيون رينج مجاش ودفعت القلوس ده اسمو ايه,طلب_غلط
Soooo badddddd,
طلبت كوكاكولا زيرو مجتش و مكنش فيه جبنة فى الساندوتش اللى مكتوبة,
🤢🤮. .,
من اسوء البرجبر اللي اكلته في حياتي,
طعم محروقات الجريل كان في الساندوتش و كان مشبع بالدهون تعبني,حرارة_غير_مناسبة
كنت طالبهamerican sauce ودافعه فيزا ومجاش، ودي تاني مرة اطلب فيها ويبقى الاوردر غلط او ناقصه حاجة,طعم_سيئ طلب_غلط
Ya,
احلي مرة كلتها في حياتي إعداد، تسوية، إضافات، عيش، تغليف، توصيل كله ممتاز,طعم_سيئ
Nnk,
الاكل طعمه مش حلو و جه بارد و غالي على الفاضي,حرارة_غير_مناسبة سعر_غالي
اوحش حاجة على وجه الارض,
Ni,
العيش بايت وناشف,فساد_الطعام
Food wasn’t hot !!,
الاكل بارد وطعمه وحش والبطاطس ب٢٢ جنيه وفيه ٣ حبات بطاطس فقط,طعم_سيئ حرارة_غير_مناسبة
الاكل يقرف اسوء برجر كلته فحياتي,نظافة_سيئة
كتبت مع الأوردر إني مش عايزة صوص جوة الساندوتش، جالي ساندوتش فيه قطعة البرجر فقط من غير أي حاجة تانية.. مش متأكدة ليه اطلب من محل برجر حاجة يجيبلي منتج كنت بسهولة ممكن اعمله في البيت. وده برغم إن المطعم كلمني وجيت أأكد عليه موضوع الصوص قاطعني إنه ق...,
الاوردر جيه غلط و بعدين بعتوا الاوردر الصح بعد معاناة بس من اقذر الاماكن اللي طلبت منها في حياتي السندوتشات ريحتها تقرف و باردة راحت علي الزبالة بجد مش عارفة ده ازاي مكان المفروض محترم و ازاي لسه فاتح بيقدم اكل للناس,نظافة_سيئة حرارة_غير_مناسبة طلب_غلط
الاوردر ناقص,طلب_غلط
البطاطس اللي ب 35 جنيه كميتها تتعد علي الصوابع,
متوسط الجوده.. الاسعار عاليه شويه.. لحمه البرجر فيها دهون شويه,
👍🏻,
الساندوتش كان معجن مش حلو زي كل مرة و الديلفري أتأخر شوية,طعم_سيئ
محتاج يبقا جوسي ناشف اوي,فساد_الطعام
سئ للغايه و بارد جدا و الساندوتش صغير جدا مستحيل ده ١٥٠ جرام ابدا,حرارة_غير_مناسبة كمية_قليلة
الاكل بارد,حرارة_غير_مناسبة
الساندوتش كان فيه حاجة زي خيط رفيع مقرف جدا,طعم_سيئ نظافة_سيئة
اولا البطاطس محروووقه والله وكلها ريحتها شيااط ثانيه انا باكل عييش بلحمه فيين الصوصات الي ع الساندوتش بصراحه اول واخر مره اشتري من المطعم ده شكرا,طعم_سيئ
الاكل كان بارد و البطاطس تحسها قديمة وناشفة,فساد_الطعام حرارة_غير_مناسبة
الاوردر 220 جرام اللى وصل 100 جرام,
الخصم ممتاز,
اكله وحش جدااا و غالي جدااا ع الفاضي الكواليتي بتاعه الكيزر عااادي و الصوصات عاديه,سعر_غالي
Not 150gm at all,
الاكل مش حلو خااالص,
مش قد كده,
الطلب ناقص البيبسي,طلب_غلط
التشيكن كانت محروقه ... والبرجر ناقص منه مكونات كتير زي الجبنه والجواكامولي ... للأسف المطعم ده بقى سئ مش زي الأول,حرارة_غير_مناسبة طلب_غلط
الاوردر جه متأخر و بارد و في اضافات مدفوع ثمنها مش موجودة في الاوردر,حرارة_غير_مناسبة تأخير_طلب
يارفففففف و سوس بايظ,فساد_الطعام
السواق بيكدب و يقول ان العنوان غلط مع ان اللي هو المفروض يجيبو ده تكملت اوردر اصلا و الاوردر الاولاني وصل من غير ما حد يتصل ولا اشرح ليه العنوان و اصلا العنوان سهل و في مصر الجديده و ما يتوهش و الاوردر ما جاش بعد ساعه,طلب_غلط
I didn’t receive the order ما وصلني ابداً مع اني تواصلت مع خدمة العملاء اربع مرات ومفيش نتيجة👎🏼👎🏼👎🏼👎🏼👎🏼👎🏼👎🏼👎🏼👎🏼👎🏼👎🏼,طعم_سيئ
ساندوتش اى كلام فى طيز علام فى منطقة السلام,
بصراحة مش أول مرة الاوردر يجى متأخر الواحد بقى بيفكر كذا مرة قبل ما يطلب من الابليكشن,طعم_سيئ تأخير_طلب
انا طالبه الاضافات و دافعه فلوسها علشان تتحط جوة الساندوتش جايبلي ساندوتش الهوت دوج ساده !و انا طلباة بيكون و بربكيو حتى صوص مفيش ! و طالبه كمان صوص زيادة يتحط عليه !و متحطش! و الدليفري الي وصلي عايز ياخد ٥٠ جنيه زياده عن ال ٣٥ الي هما توصيل اصلا !,
الاورد ورد ناقص من غير بطاطس و بيبسي,طلب_غلط
جايبين اكل بايظ,فساد_الطعام
للاسف الاكل كان بارد لكن غير كدة كله كان تمام,حرارة_غير_مناسبة
طعم البرجر وحش جدا غالي علي الفاضي للاسف مش هجربه تاني,سعر_غالي
An,
الطلب اتعمله Hold بعد ما عملته بساعة و ربع،و لما سألت خدمة العملاء قالولي اي كلام. الأول فيه مشكلة غير معلومة من المطعم.و بعدين قاللي المطعم بيقول فيه مشكلة في كارت الدفع مع إني بعت ليهم الرسالة إللي البنك بعتها لتأكيد الدفع، وصل بعد ساعتين شبه متجمد,
الاكل وهم تحفة بجد والبرجر حلو جدا باين فيه اللحمة مش فول صويا خالص ، وكل المكونات طازجة جداً ، مافيش حاجة وحشة غير اني طلبت صوص جالي صوص غيره بالغلط.,طلب_غلط
الاكل متأخر ساعة و بارد و طعمو وحش قوي رميت نصو في الزبالة عشان حسيت ان الموز بايظ او في حاجة غلط,فساد_الطعام حرارة_غير_مناسبة تأخير_طلب طلب_غلط
وحشش وحش وحش وحش وحش وحش وحش وحش وحش وحش وحش وحش وحش وحش وحش وحش وحش,
البرقر والبطاطس مش فرش وبارد,حرارة_غير_مناسبة
اي كلام و لا جوسي و لا نيله و خدمة عملاء ف الحمام,
الاكل كان مزيت ، و البطاطس باردة و مليانة زيت,حرارة_غير_مناسبة
الاكل اتاخر نص ساعه...و كمان جه بارد,حرارة_غير_مناسبة
"انا طلبت sizar salad ب١٠٠ جنيه، واحد دلوقتي مش فاهمة ازاي، طلع في إضافة فراخ على السلطة، اللي هي أصلا سلطة ""فراخ"" و اتقالي نصا السيزار لوحده و الفراخ لوحدها ومش فاهمة ايه العبث دا.",
التطبيق سئ معكم .........................,
طلبت ال Family Meal الساعة ٩.٣٠ و جالى ١٢.٠٨ و الاكل طعمه زى القرف مش طعم Mince خالص و الفراخ محروقة من الجوانب و البطاطس مزيتة و البصل محروق و حاجة يعنى منتهى القرف.,نظافة_سيئة حرارة_غير_مناسبة
الساندويتش الكبير حجمه صغير وطعمه ميستاهلش سعره.. والاوردر مش بييجي مضبوط,كمية_قليلة
الحناوي لنقل الأثاث 01225299966 المنزلي والشركات بأقل,
مدة توصيل اكثر من ساعتين و نحن في الانتظار,
الطلب اونلاين سيء الاوردر وصل بعد ساعتين تقريبا من الطلب و الاكل كان بارد و غير جيد,حرارة_غير_مناسبة
سرعة في الوصول ، الاكل سخن ، الطعم لذيذ. شكرا لكم ، مطعم محترم صراحة. انا جدا سعيد بالخدمة,
اكل جميل جدا وبرجر يستاهل تمنه بجد تسلم ايد الشيف,
ليه مفيش توصيل لحي الاشجار ؟؟ يعني في توصيل لكذا مكان حوالينا و يمكن ابعد كمان ذي دريم لاند لكن مفيش توصيل لحي الاشجار ! ليه ؟؟,
superior quality and service...... succulent......,
الاكل عادي مش الهايل الخدمة كويسة جدا بس,
اسوء برجر كلته في حياتي كنا في فرع مول مصر ... الولد قال إن كل برجر اللحمه مفيهوش beacon قلناله طيب اكيد بتخصمه ثمنه قال لأ قلنا مش مشكله نجرب ... اللحمه كان طعمها غريب جدا غير إنه مفيهاش اي نكهه خالص ... كنا ٤ / ٣ مننا جالنا اسهال غير الحموضه ... و...,تسمم_غذائي
روحت امبارح انا و اصحابي فرع سيتي ستارز العيش و اللحمه كان في اجزاء منهم محروقه الاكل وحش معجبناش كلنا,حرارة_غير_مناسبة
الاكل محروق و اي كلام,حرارة_غير_مناسبة
حلو ونضيف بس الويترز بيتجاهل ا الناس رحته مرتين تقريبا و بسبب التعامل بطلت اروحه,طعم_سيئ خدمة_سيئة
البرجر حلو جدا و الفريز جميلة و الستاف هناك كويسين جدا,
البوطيطو وفل بحبها اوى بس للاسف معظم الوقت بيخلوها فرينش فرايز الستافد مشروم حلو جدا جدا و مليان جبنه من جوه الموتزاريلا دايما تحفه الوينجز كانت زفره,
Mince من أجمد مطاعم البرجر في مصر ، جربنا التشيلي بيللي و كمان الفور تشيليز و دول سبايسي اوي و build your own haute dog و ده كان فية جبنة بس ، و طبعا مينفعش كل ده منغير بيبسي و ريفل كمان ????,
????????try their special Mojito!,
Good.,
الطعم حلو جدااا بس الاحجام صغيره جدا بالنسبه للسعر وطبعا غالي جداااااا ياريت تراجعوا اسعاركم واحجام السندوتشات,كمية_قليلة سعر_غالي
الاكل حلو جدا و وصل البيت في وقت مناسب و كان دافي,
ااكل حلو و نظيف و الخدمة حلوة و سريعة و الكمية مناسبة جدا للسعر فرع كايرو فستيڤال,
الاكل حلو و الخدمة و الكمية مناسبة جدا للسعر,
كنت سمعت عنه كثير فتخيلت أنه فظيع .. لكن هو عادي جدا والسندوتشات صغيرة والأسعار غالية جدا,كمية_قليلة سعر_غالي
جربت ال Ultimelt و معاها بطاطس عليها cheese و cola كومبو ، دفعت ضعف اللى بدفعوا حرفيا فى اى مطعم تانى فيه Burger و يا ريته حلو .. كان سئ جدا.,
فرع مول مصر الاكل مش حلو و اللحمة ملهاش طعم معجبنيش خالص التجربة مكانتش ظريفة و الخدمة بطيئة,
اخرر مره روحت كانت تجربه وحشه جدآ العيش بايت والبرجر نفسه محروق بس البطاطس هي الكانت حلوه,طعم_سيئ حرارة_غير_مناسبة
اخر مره روحت كان تجربه مش اووي كان العيش بايت والبرجر مكنش لذيذ كان محروق سيكاا بس بامانه الحلجه الوحيده اللي عجبتني هي البطاطس كانت تحفه,طعم_سيئ حرارة_غير_مناسبة
محل سيئ جدا العيش بايت مفيش شكل خالص لاكل,
من افضل مطاعم البرجر بالقاهرة,
الالفيس عنده بحبها اوى اشكره انه رجع تانى زى الاول,
من احلي مطاعم البرجر الي جربتهاا بجد وبالذات ال juicy lucy حلوو جداا وال elvis french toast حاجه كده فطيعه ????,
أحلى برجر ...بس غالي شويتين ...,سعر_غالي
فرع كايرو فيستيفال النهارده طلبت مشروم برجر وطلبت juicy lucy وطلبت cheese fries كانت بارده جدااا والبرجر مكانش سخن جدااااا غير المتوقع مع ان المطعم كل الي كان في حوالي ٥ ترابيزات مش كتير بس تجربه سيئه بصراحه في الاكل لاكن الاصطاف كان كويس,نظافة_سيئة حرارة_غير_مناسبة
Greaaaaaaaaaaaaatttttt????????,
كل حاجة فيه حلو و البرجر تحفة معاه كذا صوص بس احلى صوص اليمون مع البطاطس بس الاسعار overpriced,
مينس برجر فرع اركان زايد يوم الاثنين 20-11-2017 الساعه 1:45 الظهر . كنت سامع عنه كلام متناقض كتير ناس تقول احلى برجر في مصر و ناس تقول مالهوش طعم و اكتشف انه فعلا مالهوش طعم لحم البرجر نفسه و الستاف بيفتخر بكده بيقولى انى البرجر بتاعنا لحم صافي مفيهو...,
جربت الJuicy lucy كان حلو أوي و الwaffle potato bites عنده أحلى بطاطس كلتها .. ادمان,
جربته كره كان عادي و كميات قليله,كمية_قليلة
4 chilis ❤نفسى يرجعوا صوص الهاريسه تاني,
عجبني البرجر بس مش قوي,
جيه عليه فتره مكنش حلو و بعدها رجع تانى زى زمان البرجر الحلو المظبوط و الجبنه المليانه و العيش الطازة اتمنى يستمر كده على طول.,طعم_سيئ
جيه عليه فتره مكنش حلو و بعدها رجع تانى زى زمان البرجر الحلو المظبوط و الجبنه المليانه و العيش الطازة اتمنى يستمر كده على طول,طعم_سيئ
مراتي جلها تسمم من السلطة او الساندويتش هناك من فترة.... اسعارة انا شايفها غاليه علي quality و ال quantity بصراحة... over rated جدآ,طعم_سيئ سعر_غالي
Mafeesh kalam yet2al .. best burger everrrrrrr ????,
طعم البرغر سيء اللحمة . الكمية قلية جدا والسعر غالي جدا بالنسبة للي بيتقدملك . تجربة مش حكررها ولا انصح بيها,سعر_غالي
عادي جدا وكمان السعر مقابل الكميه غالي جدا وحجم الساندونش large صغير جدا طلبي كان MFC chicken large Mushroom large Grilled Chicken cesar salad +30 combo fries & pepsi 2 persons الشيك ٣٠١ جنيه والمفروض البيبسي يكون refill في الفاتوره كل مره ٤ جنيه ...,طعم_سيئ كمية_قليلة سعر_غالي
الاكل كان عادي جدا جدا ده غير ان waiter كان بطي اوي و طلبنا بيبسي machine و كان مفيهاش صودا خالص و جبلنا ريفيل لواحده بس و التانيه لحد ما مشينا مجتش و البطاطس كانت ساقعه و العيش مكانش طازه خالص و مفرول ده غير ان احنا جالنا البرجر مش سخن و طلبنا الحس...,حرارة_غير_مناسبة
طلبت منه قبل كده بس بصراحة معلمش معايا خالص .. يعني برجر كان كويس اه بس مش مميز خالص .. فيه مطاعم بنفس الثمن زي فدركرز و احسن منه .. و فيه مطاعم بثمن اقل كمان زي بافلو برجر و وايلد برجر و احسن منه برضه,
البرجر حلو و الاسعار كويسه نوعا ما و الفريز بالتشيز توحفه,
كان حلو اول ما فتح بس بعد كدة حساه بقى غالى زيادة عن اللزوم,
الفرع بتاعه اللي فبوينت نيتني كويس,
الكمية قليلة مقارنة بالمبلغ المدفوع ..الجودة عالية فعلا,كمية_قليلة
Ba2a w7sh gdn bgd !! W re7t el akl 7ata w7shaa !,
Awhaash burger kalto fe hayaty w waga3ly batny Ana w sahbety w Haga mo2refa awyyy!!!!!!,
من أسوء الأماكن اللي ممكن تروحها من حيث الخدمه... الجرسونات غير مدربين وأغلب الطلبات مش موجوده,
الى قال ان البرجر كيف مكدبش و mince هو الديلر الجديد للكيف دة لانه ببساطة هيديك احسن نوع برجر ممكن تاكله فى حياتك,
اسوأ برجر في الكون .. عايز تاكول برجر محروق وساندوش صغير جدا و طعمه عادي ؟ روح هناك :/,حرارة_غير_مناسبة كمية_قليلة
"الخدمه كويسه , و الاكل كمان بس الساندوش صغير نوعا ما على سعرو , و البرجر لما تطلبو Well done طعمو كأنو محروق :D cheese Fries يادوب حاطين جبنه (قليله جدا)",حرارة_غير_مناسبة كمية_قليلة
Not good at all.......,
محشي الباذنجان و الكوسة لم يتم ارسالهم,
مكنش معايا نص جنيه والطيار كان علي اخره وهيدفعه من معاه وماشي مضايق معلش ممكن تقوله يعتبر نفسه ١٦ مش ١٧ ك خدمه توصيل يعني,
الاكل بارد بسبب التاخير,حرارة_غير_مناسبة
الاوردر جه غلط كنت طالبه شيش جه كفته و اتنين بس,طلب_غلط
الاكل طعمه حلو و الكمية معقولة بس وصل بارد رغم ان البيت جنب المطعم,حرارة_غير_مناسبة
الاكل كله زيت واللحمه المفرومه في المكرونه مش مستويه,
الكفتة نية,
الاورد وصل بعد الوقت المحدد بأكتر من ساعه ونص والطيار ماكنش بيرد عليا وعلى الخريطه واقف مكانه مش بيتحرك خالص لوقت كبير و طبعا وصل بارد جدا,حرارة_غير_مناسبة
الاكل بارد و اتاخر جدا,حرارة_غير_مناسبة
الشيش غير الصورة اربع قطع مش اربع عصيان,
الطحينة اخر مرة كانت طعمها غريب جدا,طعم_سيئ
الراجل الي في خدمة العملاء في منتهة قلة الذوق قلتله يكنسل الاوردر بعد ما طلبته ب ١٠ دقايق حرفيا مكنش لسة المطعم بدأ فيه مرضاش مع اني قلتله مش حستلمه يريت تعملو بلاغ فيه,طعم_سيئ
الاكل كان كويس بس الكمية قليلة مقابل السعر,كمية_قليلة
السلوفان لازق في وش البرام وقطع الفراخ ليست مطهيه جيدا,
مش اربع قطع شيش كانو ٣ فقط و احجام صغيره، متكفيش شخص,كمية_قليلة
الجودة مش زي كل مرة ... الفرخة مش مستوية كويس والبصل كذلك ... التتبيلة مش كويسة زي كل مرة ... مش ده المتوقع من أبو راوية اللي اتعاملت معاه كتير!,طعم_سيئ
الفراخ كانت ناشفه جدا,فساد_الطعام
جيد جدا,
جوده ممتازة,
الاكل كان بايت ووحش جدا,
اربعه قطعه صغيره ، وغير الصوره خالص,كمية_قليلة
طاجن المسقعة مر جداً وهو زي ماهو يجي ياخده,طعم_سيئ
عامل التوصيل فتح الطلب واكل منه قبل توصيله لنا,
الاوردر جه غلط جه شيش بدل الكفته,طلب_غلط
وجبة الشيش ماكانتش أحسن حاجة، جودة الرز مقبولة، التومية حادقة بزيادة. لولا كان عرض ماكانتش تبقى قيمة مقابل سعر.,
البطه حلوي مستويه كويس بس الاول كان بيجي معاها ورق عنب و بطاطس و مكسرات و خلاص دلوقتي التورد جي فاضي فريك و بطه,فساد_الطعام تغليف_سيئ
الطلب جاب نص وجبه. والدليفري معاملته زي الزفت,
زودوا ضريبة على الاوردر بعد ما طلبته، واتفاجئت وانا بدفع انهم غيروا الحساب,
Ns,
لم اعطهم خمس نجوم عشان نسوا السلطه وعامل التوصيل سيء جدا,
mkrona w7sha w fdia,
طلبات السلطه لم تنفذ,
لله الأمر من قبل ومن بعد,طعم_سيئ
اوردر رايق، فراخ مستوية حلو قوي، و رز حلو، و سلطات طازة،,
العلبة اللي فيها الاوردر كانت مفتوحة من الجنب و الفويل حول الطبق مقطوع من الجنب برضه و واضح جدا ان الاوردر اتفتح و اتاخد منه حاجة,
اكتر من ممتاز الشيش طعمه رائع و الكمية كويسه جيدا الطباخ ماهر فعلا,
طلبت كفته بعتوا شيش طاووق,
.,
اسوء مكان ممكن تطلب منه أكل ❌ قطع الشيش طاووق تنفع للأطفال فقط ‼️ تجرُبة لن تتكرر 😒,
Ok,
الاوردر اخد اكتر من ساعتين,
الحمامة صغيرة جدا و مفيهاش لحم خالص حقيقي مدايقة جدا المفروض جيباها من مكان محترم يكون قد الثقة,كمية_قليلة
أسوأ تجربة دليفري على الإطلاق، وقت التوصيل متأخر بعد أذان العشاء، وعدم توجه الدلفري لاستلام الطلب في موعده، ووصول الأكل بارد، وغياب الدعم الفني لأكثر من ساعة وقمت بتسجيل شكوى بكل تفاصيل الطلب.,حرارة_غير_مناسبة تأخير_طلب
Y,
اتاخر جدا,
ممتاز,
الاكل غير ناضج بالشكل المطلوب,
الفراخ كان فيها عضم كتير زيادة عن أي مرة قبل كده,طعم_سيئ
الفراخ مش مستوية كويس وفيها دم,
الاكل كان حلو بس جه متأخر عن الوقت بتاع بساعة الا تلت,تأخير_طلب
الرز البسمتي طعمه وحش زي ما يكون بايظ ، الاوردر جالي غير اللي ف الصوره و قايلين ٣ اسياخ شيش طلع ٤ قطع فراخ صغيره و بدل ما يحط مخلل حاطين توميه ،،، تجربه سيئه جدا,طعم_سيئ فساد_الطعام كمية_قليلة
تحضير الاوردر اخد حوالي ساعتين!! الطيار مش ذنبه..وصّل الاوردر بسرعه بعد ما استلمه. شخص محترم,
الرز بالخلطه عليه زبيب بس انا اول مرة اشوف رز بالخلطه عليه زبيب بس غير الكميه غير مناسبه مع السعر,طعم_سيئ
الشكل غير مطابق للصورة الحقيقية,
ممتاز أكل ابو راوية ...ربنا يباركله,
الاكل كان فيه شعر,نظافة_سيئة
تاخير الطلب اكتر من ساعتين !!,
علبه الشوربه جتلي مخرومه وبوظتلي كل الاكل فعلا اسوء تجربه اليوم وشئ مستفز عكس المرات اللي فاتت كانت ممتازة,طعم_سيئ
مفيش شيش طاووق اصلا,
ممكن تفتحوا توصيل محرم بك لانه مقفول و عاوزه اطلب,
العكاوى وحشه جدا عضم وجلد,
البطة صغيرة مقارنةً بالمرات السابقة رغم زيادة السعر,طعم_سيئ كمية_قليلة
التوميه مش حلوه الفراخ جميله,
الاوردر اتاخر جدااا وجالى بارد والفراخ وحشه جداا,حرارة_غير_مناسبة
عاوزه اطلب اوردر هو مينفعش الارز المعمر يفتح للطلب,طعم_سيئ
الطيار انسان ممتاز و مظهره كويس و بيوصل الأوردر بسرعة,
موصلش زي ما الكومنت,
فيه اختراع اسمه ملخ و اختراع اسمه سمنة سمعتوا عنهم دول,
مش مستوية كويس,
الاكل كويس بس التوصيل فيه مشكله ، بيتاخر جدا !!,
طبعا انا متفاجيء من منظر الاوردر وكميه الميكرو اكل وسوء التغليف انا حسيت اني طالب طواجن من زعيم لا والله لو من زعيم مش هتكون بالمنظر دا ابقي كمان طالب ضاني يجي بفتيك بقري مش متسوي كويس طب معندكش ضاني قولي اغير الاوردر مش انت اللي تغير بمزاكك احذروا,
التوصيل اتاخر جدا !!,
كالعادة جميل جدا من افضل محلات المشاوي يمكن في كل مرة اطلب منة مفيش غير مرة واحدة بس اللي جابوا حاجة بايظة في الاوردار,طعم_سيئ فساد_الطعام
ورقة لحمة صعبة جدا,
السلطات قليلة اوي على فرخة و نص,كمية_قليلة
الفراخ زفرة,
جيد .. ولكن تسوية الفراخ كانت زائدة عن الحد,
الريش عندهم مش احسن حاجة.. الكباب مميز والبرام,
مكرونه سي فود سيئه جدااااااا والله اترمت مفيش فيها سي فود اصلا و مكرونه مهريه نفي فيها صوص و كفتة الجمبري لا تمت الجمبري بصله عباره عن عجينه طعمها وحش مقليه,
اصابة الاسرة بالكامل بنزلة معوية بعد تناولها مكرونة فرن و محشي مشكل و مشاوي,
السلطات قليله اوي,كمية_قليلة
مش مستوى,
بس السلطات متبعتتش,
اكل غير مطهي بشكل جيد,
اوحش و ازفر فراخ اكلتها,
D,
الاكل كان طعمو وحش جدا و اترمت في الزباله,
برامين رز محروقين زى الزفت مقدرتش اكمل من اول واحدة,حرارة_غير_مناسبة
الاكل كان وحش اوي مش مستوي,
اللحمة جودتها قليلة في طاجن الخضار علي العكس تماما اللحمة في طاجن اللسان عصفور ممتازة لكن جودة اللسان عصفور سيئة,كمية_قليلة
من النادر انكم تبعتولى راجل محترم كده و زوق يا رب الشركه كلها تكون زى الراجل ده,
وحش جدا,
👍🏻,
لم يوجد سمبوسك جبنة لليوم الثانى على التوالى,
طعم الكفتة و الطرب مش حلو دا غير ان الكفته كأنها معموله جريل مش فحم او مش طازه و الطرب نفس الفكره الكباب هو اللى كان كويس,
الطحينه والتوميه بايظين .. والعيش ال مع الاوردر وحش اوي محروق وناشف ووحش جدا .. الاكل نفسه مش مستوي كويس .. طعمه فبه زفاره خصوصا الطرب,فساد_الطعام حرارة_غير_مناسبة
الطرب مكنش مستوى خاااالص كان ني جدا🤮🤮🤢 وزفرررررر,
الاكل مش مستوي والفراخ كلها دم,
كتابه بدون بصل جالي ببصل,
عدم الإلتزام بالملاحظات,
الكفتة سيئة جداً وطبعاً مش بيبان الا لماتاكلها بقايا عظم صلبة صغيرة الحجم وذلك لايليق بمطعم محترم وانا حبلغ صاحبه عشان دي سمعة واكيد مش حيرضيه ابدا اللي بيحصل وانا بحب المطعم ومكنتش متوقع بصراحة أن الكفتة تكون بالشكل ده,كمية_قليلة
تمام بس الفرخة المفروض تبقي مش اقل من كيلو و٥٠٠ جرام هيا تقريبا كيلو و ٢٥٠ جرام,
طلبت محشي كوسة طعمه حمضان,
طاجن اللحمه مالح اوي والنجرسكو حاميه البوهرات كتير زيادة عن اللازم يعني اخركو فراخ مشويه المطبخ والطبيخ دا اخر تعامل فيه,طعم_سيئ
طلبت نص فراخ شيش لكن استلمت نص فرخه عاديه وطعم المشويات ونوع اللحوم اقل من العادى,
مكنش فيه طرب اصلا ال انا طالبه الاوردر عشانه وحاجه فى منتهي العبث,
Very bad الفراخ ناشفه جدا,فساد_الطعام
١- المشوي مشكل المفروض كباب و كفتة و لحمة. جاي بس كفتة و لحمة !! ٢- السلطات على الكيلو طحينة و بنجر و مخلل بس ! آخر مرة من أبو راوية,طعم_سيئ
المرة دي البطة كانت مش مستوية. رغم إننا دايما بنجيبها وبتكون ممتازة,طعم_سيئ
❤️,
تحفه بس ليه السلطات قليله جدا جدا عن اخر مره الاسبوع الفات ٠١٠٩٥٢٠٣٠٦٠,طعم_سيئ كمية_قليلة
ال,
وصل الاوردر بعد ساعه الا تلت من اخر ميعاد متوقع و الاوردر وصل بارد جدا,حرارة_غير_مناسبة
سلطات سيئه غير مطابقه للمطلوب مفيش عيش,
الفراخ بايته بجد حسبي الله ونعم الوكيل,
غيير مستويه و يوجد دماء بها,
الاكل بارد,حرارة_غير_مناسبة
للأسف الطعم غير جيد,
السلطات اللي بتيجي مع الاكل حمضانة 🥲🥲و الفرخة صغيرة اوي,كمية_قليلة
الاكل واصل بارد جدا,حرارة_غير_مناسبة
الموزة فيها مش مستوية و بتشد و الاوردر اتأخر نص ساعة و مكنش سخن بالشكل الكافي و خدمة العملا لما تواصلت معاهم مستفدتش منهم بأي حاجة,تأخير_طلب
مشكله دائما في السلطات,
الاكل دايما حلو.. بس المرادي مكنش في حاجة مستوية.. والطلبات الخاصة محدش بيشوفها,طعم_سيئ
فراخ نظيفة جدا ومخلية وطعم الشوي حلو جدا والسلطات كتير مطعم محترم جدا و كواليتي عالية,
الاوردر بيوصل ف اكثر من اكثر من ساعتين,
جميل جدا,
عادي,
عدم الإلتزام بملاحظاتي,
حرفيا قعد ثلاث ساعات,
عدم الإهتمام بملاحظاتي,
الاكل لذيذ بس الاوردر اخد ساعتين بالضبط,
طول عمر ابو راوية جودة وعمرة ما زعلنا,طعم_سيئ
الاكل بيوصل بارد,حرارة_غير_مناسبة
الاوردر وصل في ساعه و خمسين دقيقه!!!! و ابو راويه في العماره إللي جنبى,
اللحم الشرائح رفيع جدا وناشف,فساد_الطعام
🙏,
الفرخة صغيرة اوي و مفيش ولا اي سلطات ولا رز ولا بطاطس,كمية_قليلة
الفرخه كانت بايته و ناشفه اخر مره,طعم_سيئ فساد_الطعام
اللحمة مش مستوية خالص,
❤,
الشوربة فراخ بالكريمة مش شوربة مشروم,
He,
الاكل خرافى بجد,
الفرخة صغيرة,كمية_قليلة
الاكل حلو جدا بس اكتر من مره الميكس جريل يجي من غير كباب وانا نفسي فيه يا بشر 😂,طعم_سيئ
عامل عرض تخفيض وهمي على وجبة نصف فرخة لان الوجبة بتيجي بدون رز و لا بطاطس مقلية على عكس الظاهر في صورة الوجبة و اتكرر الموضوع مرتين و تم التنبيه في تاني مرة و لكن مفيش فايدة,طعم_سيئ
👎👎,
الكمية غير كافية الأوردر من غير أرز,
Perfecto,
العيش مع المشاوي ناشف وبايت ارجو تحسينه .,فساد_الطعام
اعتقد مفىوض في بطاطس مع الفراخ بس ملقتش بطاطس,
اللحمه في الطواجن شكلها مش بلدي ابدا والحمام عصافير,
اقسم بالله اكتر مطعم في اسكندريه مظلوم مفيش اي حاجه عندهم وحش مجرب كذا حاجه عمرها ما خيشيت اي وقت ناس ذوق ومطعم كله ناس كلها ناس راقيه فعلا اللي مجربش اكله فايتو كتير,طعم_سيئ
محروق,حرارة_غير_مناسبة
حلو جدا جدا,
منتهي قلة الزوق ساعتين ونص عشان الطلب ييجي,
جيد,
ممتاز جداً,
الأكل عموماً حلو جدا المشكلة أن الاوردر طبيعي بيكون معاه على الأقل ارز والصورة فيها ارز وبطاطس لكن وصل نص فرخة وعيش بس,
ماشاء الله كله كويس,
انا طالب فوتوتشيني جابو مكرونة فرن مكانها مالهاش معالم وصوص مش حلو ومشروم ني مش مستوي بصراحة ميصحش والله,
اول مره الفراخ تجيلي منهم نيه,طعم_سيئ
الفراخ حلوه المببار كان وحش جدا,
الملوخيه سيئة جدا جدا جدا,
جميل بس معظم الكيلو المشكل كفتة,
الاوردر كان خاطئ وتصرف الدعم الفني غير لائق,
المرة دي نص الكباب كان محروق مع اني دايما بجيب بيكون تمام بس المرة دي مش حلو خالص,طعم_سيئ حرارة_غير_مناسبة
طاجن السي فود مبقاش حلو ولا بيحطو في سي فود كله بصل وخضره وسمك,
تم طلب فرخة ونصف مخلية زفرة جدا لاتصلح للاكل,
مكرونة صوص ابيض بمشروم وصلت بدون بمشروم. تواصلت مع المطعم و كان التعامل غير جيد في تركى على السماعه فتره طويلة جدا و لما طلبت كنوع من ارضاء العميل تعديل المكرونه ل بنا تم رفض الطلب و الالتزام باالاوردر و ده كان رد المطعم و رد دعم المنيوز بردوا..,
ياريت لو يقرأوا الملحوظات مرة على سبيل التغيير!,طعم_سيئ
الأكل موصلش الفلوس ادفعت من خسابي؟؟؟,
مطعم جيد,
الاوردر وصل متاخر جدا والاكل تلج مشكبه في دليفري استلم الاوردر وروح اتغدي واستحمي وجالي متاخر ساعتين زياده شكراا,
السائق محترم و سريع,
السلطة وحشة,
لذيذ,
المشاوي كلها عشرة على عشرة بس السلطات قليلة طقم واحد على كيلو و ثلث!,كمية_قليلة
الفرخة صغيرة وكانت اطرافها محروقة مش.مشوية,حرارة_غير_مناسبة كمية_قليلة
كل مره بطلب لازم اكتب تعليق عن جمال الاكل و سرعه التوصيل و بجد الاكل نضيف جدا و الكميه حلوه اوي ❤️ بجد شكرا اوي ❤️❤️ انا مش بطلب اوردرات في الابلكيشن كله غير ابوراويه ❤️,طعم_سيئ
مميز,
مركونه,طعم_سيئ
عدد السلطات اختلف عن المرات السابقة العدد قل 2ق,طعم_سيئ
رائع جدا واكل محترم,
طاجن فراخ بالبطاطس مش مستوي و في دم,
المشويات محتاجه سلطات,
وقت التحضير والتوصيل طويل جدا، اخر اوردر تجاوز ساعتين. وده بيخلينا منطلبش وقت ما نكون مستعجلين.,
الأكل سئ جدا,
araf,
الاوردر كان ممتاز امبارح بصراحة,
تحفة تحفة تحفة,
شوربة السي فود سيئة جدا,
جودة الفراخ سيئة جدا,
سيء جدا,
الفراخ كانت ناشفة جدا,فساد_الطعام
الفراخ زفرة شوية,
تمام,
الكباب غير طازج,
تحفه اوي بجد من اجمل المشاوي في اسكندريه و احسن اسعار ❤️,
الفراخ كان فيها اجزاء فيه طعم زفارة غريب اوي كانها بايظة او محطوطة على سمك زفر، كانت بشعة و طعمها مريب جدا,طعم_سيئ فساد_الطعام
كل مرة اطلب سلطات يحطو توميه هل التومية بتتاكل مع الكفتة واللحوم المشوية والمكرونة حمضانة للاسف اخر مرة اطلب من ابو راوية لازم الواحد يروح عندهم ويكون ادامهم علشان ينفذو اوردرهم,طعم_سيئ
طاجن الارز سئ جدا و ناشف,فساد_الطعام
كله ممتاز وحلو,
السلطات قليلة الكفتة تحفة,كمية_قليلة
الفراخ نيه خالص كلها احمر من جوه,طعم_سيئ
الفرخه صغيره جداا,كمية_قليلة
طالبة مكرونة الفريدو فيتوتشيني جالي مكرونة بن عليها فلفل و فراخ وشوربة بيضا ولا في مكرونة الفريدو ولا مشروم ولا وايت صوص!!!,
سئ جدا,
الرز والممبار حلوين أوي بس المكرونة بالمشروم كانت بايظة ومكنش فيها مشروم أصلاً وكان فيها دودة يا ريت لو تاخدوا بالكوا من نضافة الحاجة وكله يكون مستوى واحد مش حاجات كويسة وحاجات بجد بشعة,فساد_الطعام
الفراخ كان طعمها مش احسن حاجه,
تحفه اوي احلي اكل بجد شكرا انكم فتحتوا توصيل محرم بك ❤️,
الانتركوت سئ جدا جدا زفر و ريحته وحشة اوى و بيشد بشع مع ان ف المطعم مبيكونش كده بس واضح ان اللى طالع دليفرى بيكون اى كلام,فساد_الطعام
انا طالبة ارز باللحن يجيلي ارز بالفراخ !!! ايه ده بجد هو بيحط اللي عنده في البرام و خلاص !!,
ممتازة,
اكل سىء جدآ..واول مره اشوف البط بيتحمر فى الزيت...تجربه مؤلمه ولن تتكرر,طعم_سيئ
كل الاكل ناقص سوا,طلب_غلط
الدلفرى فوق الممتاز قمه في الزورق يا ريت كلهم كده. في تطور واضح في مستوى الخدمه. شكرا المينيو,
ممتاز ونضيف والكفتة هايلة بجد شكرا,
رائع,
الفراخ المشوية ممتازة والبانيه طري وفي نفس الوقت كرانشي من بره الاكل كله الصراحه هايل والسلاطات كتير ومتنوعه,
التوصيل سيء,
الطعم بجد تحفه وبوصي الناس كلها تطلب الوجبه دي ومن المطعم ده .. ملحوظه بس ياريت نكتب ان الوجبه دي معاها رز وسلطه وعيش لان ده مش متوضح في المنيو .. ثانيا ياريت يتم تقليل عدد العيش اللي مع الوجبه حتي لا يتم رميه يكفي ٣ ارغفه بدلا من ٤ ..وشكرا جدا ليكم,كمية_قليلة
شوربه الكريمه مش حلوه.. بس الفراخ المشوية حلوه جدا,
Bad اكل حمضان وفيه اكل كويس فانصحك متاخديش المخاطرة وتجربي,
ملهاش طعم تماماً,
الفراخ المشويه كانت تتبيبتها و جوده الشوي بتاعتها احسن لكن الان اصبحت سيئة جدا و السلطات بقت بليلة و اسوأ جدا من الاول,
المحشي و الشوربة ضاني و مكنتش طلباهم ضاني,
السلطة عجبتني اوي و تاستي الفراخ المشوية حلوة برضه بس مفيش رز و العيش معحبنيش 😊✌️,
ورق العنب حامض و سئ جدا جدا ، جوده الاكل مش بتتحسن للاسف,طعم_سيئ
حضرتك اللحمة كانت مش مستوية كويس ورحتها وحشة والحمام محروقة,حرارة_غير_مناسبة
جامد,
الاكل سئ جدا مش مطعم أشك أن دا يكون مطعم ياريتني شوفت التعليقات عليه قبل ما اطلب فلوسي راحت علي الارض وعلي الدكاترة,
الفرخة صغيرة جدا,كمية_قليلة
الاوردر كان شيش طاووق والصورة شيش على الأسياخ ولما وصل لقيته صدور مشوية منهم اثنين بعظم والباقي مخلي!!!,
الفرخه كان كلها دم ومش مستوايه,
فيه واحد اسمه احمد نبيل قاعد يحط تقييمات كدابه خلي بالكم يجماعه المطعم سئ جدا ولما كلمته ان الفراخ كان فيها مشكله ولا اهتم وعملي بلوك فخلي بالكم علشان متنخدعوش,
محنرم جدا واسلوبه راقي,
الفرخه بدون عظام صغيره جداا وشكلها مجمد حوالي كيلو,كمية_قليلة
الاكل بيجي بارد منصحش حد يطلب منه ولما تواصلت مع المطعم موضحش حاجه خالص ولا عبرني,حرارة_غير_مناسبة
محترم وسريع جدا ووصل العنوان مظبوط بدون الاتصال او التوهان,
تجربه سيئه جدا و الاوردر وصل بعد ساعتين من الطلب,
ممتاز جداً ابوراوية,
السلطات بايتة وطعمها متغير وسيئة والفراخ الشيش كانت رائعة زمان جت المرة دي سيئة جدا وناشفة,طعم_سيئ فساد_الطعام
جالي تسمم من الاكل و تعبت جدا ، حقيقي منكم لله,تسمم_غذائي
الاكل مش نضيف و جالي تسمم منه ، منكم لله,
ليه مش بتوصلوا محرم بك؟! ياريت لو تفتحوا التوصيل لمحرم بك,
كنت طالب نص فرخة الطلب وصللي من غير رز,
الفرخه جايه بارده اوي ومش متبله وطعمها مش حلو خالص,حرارة_غير_مناسبة
مكرونه وحشه جدا ومكوناتها ناقصه منصحش حد يجيب مكرونات من عنده والمشويات اوقات حلوه واوقات تانيه وحشه مش احسن مطعم بصراحه,طلب_غلط
الاكل ناشف جدا جدا واتسخن كذا مره,طعم_سيئ فساد_الطعام
الله يكرمكم,
لم يكن الأفضل,
النظافه الطعم كله سيء,
الكبدة سيئة جدا جدا جدا,
حلو,
الفراخ زفرة جدا بس الباقي كله كويس,
طلبت لوالدتي امبارح من الapplication لأنها ست كبيرة ومريضة برام رز معمر وحمامة. اتصلوا بية خدمة العملاء من الapp قالوا إن ابو راوية بلغهم إنهم حيتأخروا ساعة زيادة. أفاجأ بعد كدة إن والدتي تقولي إن الأكل جي محروق بالكامل ومعرفتش تاكله منه أي حاجة. وهي...,طعم_سيئ حرارة_غير_مناسبة
المكرونة كانت بايظة طعم البولونيز حمضان و بايظ,فساد_الطعام
الاكل بايظ و ريحته صعبه جدا,فساد_الطعام
وحشة وحشة اول مرة تجي كدا باردة جداا و محروقة و ناشفة الفراخ,طعم_سيئ فساد_الطعام حرارة_غير_مناسبة
الكباب سيء و بيشد,
سيء,
انا طالب من الاربعه ع اساس يوصل ع الفطار وصل متاخر و باارد و كمان مالح,طعم_سيئ
اولا الطيار بيتعامل بأسلوب سئ وجاي يقولي انجز استناني لحد ما اجي عشان انا مش هستني انا زيي زيك عايز افطر. دا اولا ثانيا الاكل جاي بارد كأنه طالع من التلاجه ما عدا الملوخيه الي سخنه وطعم الفراخ حقيقي خساره فيه الفلوس,حرارة_غير_مناسبة
الاكل اتاخر جدا المكرونه سيئه و الملوخيه سيئه جدا,
السلطات كلها حمضانه .. عدم امانه فووق الوصف حقيقى كان افضل ما تجيبوهاش من اصله لكن تبعتوا سلطات حمضانه غي احر اوردر قبل رمضان 👎🏻👎🏻👎🏻,
اسوء بطاطس بدوقها بحياتي,
المكرونة النجرسكو فيها طعم غريب الجبنة الي فيها بايظة,فساد_الطعام
الفرخه كانت محروقه,حرارة_غير_مناسبة
طعمها حلو جدا والعيش كافي بس اتمني ان السلطات العلبة تبقا مليانه عن كدا بس حقيقي عاش استمروا علي كدا,طعم_سيئ
الحمام المحشي مقرف اوي الارز اللي جواه,طعم_سيئ نظافة_سيئة
الاكل سيء حسبي الله ونعم الوكيل فيكم الفراخ بايته ومجلده الممبار مجلد وحتى العيش بايت وسيء منكم لله,
السلطه قليله و نقصه كتير,كمية_قليلة
الرز مش مستوي فالممبار و الكمون زياااده و المحشي ورق العنب وحش جدا و السلطات مش حلوه حتي الطحينه,
إدارة مرنة و محترفة . براڤو يا ريس,طعم_سيئ
الفراخ ناشفه مش جوسي و صغيره جدا,فساد_الطعام كمية_قليلة
المكرونه بشعه جدا طعم اللحمه غريب والمحشى حمضان .. حسبنا الله ونعم الوكيل انا عندى بيبى بيرضع عمره شهر فضل ممغص طول الليل 🙌🏻😭,طعم_سيئ تسمم_غذائي
الفراخ المشوية سيئة جداً عن تجربة اكثر من مرة,طعم_سيئ
أسوء حمام اكلته في حياتي,
الفراخ المشوية مش سخنة!!! فيا ترى إتشوت من إمتى!! و ياريت لو حد يقرا الملاحظات!,حرارة_غير_مناسبة
عشان محدش يضحك عليه زيي النجرسكو عندهم غالية فشخ عاملة 60 جنيه وطعمها وحش بطريقة بشعة وحجمها اد كف الايد حرفيا اكلتها واتعشيت بعدها عادي احلي نصب والله منصحش أبدا بالمطعم النصاب ده وربنا ينتقم منهم ميستاهلش 1 حتي,سعر_غالي
الكفتة سيئة جدا علطول بطلب منهم بجد انهاردة بشعة و عبارة عن دهنة و لونها ابيض و طعمها وحش جدا جدا جدا,
اللحمه في الطواجن عجوزه بتمضغ كتير جدا المفروض يتم تسويتها جبدا,
الفراخ وصلت محروقة و المخلل كان بايظ و لما كلمتهم محدش اهتم خالص للعلم دي اول مره تحصل معايا و كان اكلهم ممتاز قبل كده بس انا اتصدمت فيهم المره دي و مش هطلب منهم تاني ابدا,طعم_سيئ فساد_الطعام حرارة_غير_مناسبة
رهيب,
مش بطال بس الاول كان احلي,
وحش جدا والاكل بارد والمكرونة حجمها صغير جدا,حرارة_غير_مناسبة كمية_قليلة
اوردر ممتاز,
الاكل جه بارد كانه طالع من التلاجه وسئ جدااا,حرارة_غير_مناسبة
الاكل زى الزفت ولما اشتكيت للمطعم أتكلم بمنتهى قلة الذوق ورفض تعديل الاوردر مطعم زبالة,
بجد بيرفكت شكلي هطلب بعد كده منكم كتير🫶🏻🤍,
boneless chicken يعنى من غير عضم و مرتين يجى الاوردر غلط و المرة دى كلمت بتاع الدليفرى و سامعه و هو بيأكد عليهم و مفيش فايدة برضو، انتو بتاكلو الناس على مزاجكم يعنى، ده غير الطعم العادى او اقل من العادى. أخر مرة اطلب من المكان الزبالة ده,طعم_سيئ طلب_غلط
تحفة,
الاكل جميل و الديليڤري سئ مكنش راضي يطلع الاكل عشان سلم و اما سألته عن سنه قال ٤٧ و اما ملقاش بديل طلع و اكتشفت انه عيل صغير,كمية_قليلة
رهيب😋😋😋,
رهيب😋😋😋😋,
الشوربه كلها مسكوبه داخل الكيس,تغليف_سيئ
حلو جدا المشويات و الفراخ تتبيلتها جميلة الممبار بس مش ذوقي لكن بشكل عام حلو,
الاكل وحش المكان دا صفر على الشمال جنب بلبع و نفس اسعاره طلبت فرخة مشوية و مكرونة الفريدو فوديتشينى الفراخ : مش مش واخدة حقها عالفحم كأنها معمولة فى المكنة و جت باردة المكرونة : طلبت فيدونشينى جت بينا الصوص ماية و ملوش طعم لو اى محل بيتزا بلدى هيعم...,حرارة_غير_مناسبة
الاكل كله وحش ومش اول مره بس هتكون اخر مره,طعم_سيئ
شغلكم حلو ونظيف ليه بقى لغيتو الفراخ المشوية من المنيو؟؟!!!!!!,
Koko,
تعبان,
اول اوردرين كانوا كويسين جدا تالت اوردر الكفته جت مسلوقه مش مشويه اغرب كفته شوفتها في حياتي الكفته المسلوقه بتاعتكم دي,
من احسن اماكن المشويات في اسكندرية,
مجترم جدا,
روعة,
الانتركوت حادقه جدا جدا وللاسف مأكلناش وخدمه العملاء عندهم سيئه,
الاكل سخن والتغليف رائح لو كانت الفراخ معاه ارز كان هيبقى تحفة,
كمية الكفتة غير كافية ،لكن الطعم حلو,
شكراً جداً على النظافه والطعم الجميل بجد احسن تجربة في عالم المشويات في اسكندريه ❤️,
رهيب😋😋,
🤙🏻,
حلو جداً,
خدمه رائعه جدااااااا وشكرا❤️,
تتبيلة الفراخ كانت وحشه جدا والملح زيادة بطريقه غير منطقية,
1,
الفراخ ملهاش اي طعم ولا ملح ابدا,
الفراخ كانت لسة من جوا بمبي وفيها حتت بدمها. الطرب كان كله دهن والممبار كان ناشف.,فساد_الطعام
على غير العادة طلبت فرحة مخلية مشوية للأسف زفرة جدا ، وريحتها صعبة اوى,
الفراخ المشوية حلوه جداً,
Vg,
حجم الفراخ صغير بيحطوا سلطة بمزاجهم مش زى ما طلبت فى الاوردر,كمية_قليلة
اتصدمت بصراحة الكباب مالوش طعم مش متبل حلو والكمية اقل من ١/٣,
الاوردر موصليش,
الاكل سئ جدا جدا جدا بنتى جالها نزلة معوية بسببه,
اسواء مرة اطلب من ابو راوية وحش جداا جدااا والطعم وحش جداااااا واتأخر جدااااااااا,طعم_سيئ تأخير_طلب
الفراخ محتاجة تستوي احسن من كدة,
تحففففة بس ياريت يتعمل وجبات مشويات مع خضار سوتيه بديل للرز,
الفرخه محروقه واجزاء منها مش موجود,حرارة_غير_مناسبة
ممتاز بس الاكل اتأخر شويه المرة دى,طعم_سيئ تأخير_طلب
اتاخر في الاوردر,
سيئ جدا والاوردر ناقص,طلب_غلط
وحش اوى بجد حقيقى مستواهم بقى غريب يريت الشيف القديم يرجع تانى,فساد_الطعام
الاكل طازه وسخن 👍🏼👍🏼,نظافة_سيئة
النهارده بصراحه الفرخه كانت مش مستويه، بالاضافه ان في حد كلمني مش عارف اذا كان من خدمه العملاء او عامل التوصيل ويكلمني فيما معناه ان السلطه اللي بتيجي مع الطلب تخصنا كامطعم واللي انا بطلبه ده في الاوردر المفروض مايتطلبش، انا مش عارف ايه المشكله في ده,
ممتاز و عندهم ضمير,
الاهتمام بالسلطات بس زي مابيتم كتابتها في الاوردر، شكرا,
الفرخة مش زي اللي في الصورة ومش شيش ولاحاجة,
ممتاز جددا بس لو الدجاج مستوي اكتر,
الطيار محترم جدا جدا جدا وبصراحة التوصيل كان سريع جداً والاكل جالي زي مايكون لسه طالع من المطعم... كفووو منكم,
الفراخ ليست بافضل حال,
😍😍,
العيش بايت...ومش بيشوف الملحوظات علي الاوردر,
الفراخ المشويه حلوه جدا بس المحاشي مش حلوه خالص خالص بجد ولا ورق العنب ولا الفلفل ولا الكوسه الممبار بس اللي حلو مع ان المفروض نفس الخلطه بس بجد طعهم ميتكلش والطحينه والتوميه حلو بس المفروض تجيبو سلطه خضرا مع الاوردر مكنش في بس هو مبدأيا حلو بس المحا...,
مندوب التوصيل وقح وغير محترف ولا يعرف كيفية التعامل مع العملاء,
الكباب البتلو ممتاز و الارز بالخطة حلو بس مفهوش مكسرات غير نصفين لوز فقط و الزبيب ،الفلتو ناشف شوية و غامق ، برام الأرز معجنات، السلطات سيئة جدا,فساد_الطعام تغليف_سيئ
السلطات كانت اسوأ ما يكون الطحينة سيئة و المخلل طعمه حامض,طعم_سيئ
ورقة اللحمة جبتها مرة انبهرت .. التانية زفت لو غيرتوا الشيف انصحكم ترجعوه لانها المرة دي سيئة جدا جدا,طعم_سيئ
كان في طعم غريب ف المكرونه؟,
ورقة لحمة عالمية بصراحة,
عظمة,
الفراخ المشوية تحفة بجد من انضف اماكن المشويات,
الاكل سخن وطازه 👍🏻👍🏻,
الدجاجة بعض اجزائها رائحتها كريهة جدا تصل لرائحة النتن,
برجاء الاخذ في الاعتبار الملحوظه اللي بتكون مع الاوردر,
كل حاجة ممتازة والأكل سخن وجميل,
Tuhfaaa,
السلطة حمضانة و العيش مش طازة,
كميه صغيره جدا جدا ولاتساوي هذا السعر,كمية_قليلة
الفراخ كانت فيها طعم غريب مش عارف ده زعتر ولا ايه بالظبط محلية طعمها وحش جدا و نفطية علي طعم الفراخ و جودتها,
الاكل كان كويس بس سلاطات مش كافيه لفردين حتى والسمبوسك طلبتها ٦ قطع وصلو ٥ بس,
الفرخة مشوية كويس و مستوية و التتبيلة حلوة لكن الاوردفير اللى مع الفرخة مش فى مستوى الوجبة مش مخدوم كويس ... ياريت نهتم به زيادة,
للمره التانيه ماحدش بيأخد باله من السلطات اللي بتكون مطلوبه مع الاوردر برجاء الاهتمام,طعم_سيئ
المشويات حلوه جدا وطازه كالعاده 👍🏻👌🏻 المكرونه البشاميل محتاجه تتحسن كتير,
محترم وراقي و سريع,
انا طالبه فريك جه ارز,
برجاء مراعاه انواع السلطات اللتي يتم طلبها، لأن معظم اللي بيتبعت من السلطات لايأكل، تقبلو تحياتي,طعم_سيئ
الاكل متلج,
اللكل طعمه جميل,
تجربه حلوه من عنده,
الاكل سئ جدا والفراخ مش مستويه كويس والصدر فيه دم وماكده انها تتسوي كويس علي الفحم هي مش علي الفحم اصلا كل حاجه مش حلوة ارفتني في الفراخ تجربه سيئه,
الفراخ طعمها سىء جدااااا رميتها,
خدمه ممتازه جدا وناس محترمين,
طعم سيء وكمية قليلة,كمية_قليلة
السلطات اصبحت سيئة و قليلة,كمية_قليلة
الاكل ناشف والحجم صغير جدا,فساد_الطعام كمية_قليلة
انا طالب فرخة و ٢ ارز وجالى واحد بس,
الفرخه للاسف فيها دم,
ممتاز.......................................,
طازج وممناز,
غير جاهز بعملة صغيرة لأخذ أكرامية اكتر,كمية_قليلة
النجرسكو وحشه جدا والاكل مش زي كل مره,طعم_سيئ
الأكل باااااارد جدا بدرجة وحشة كانه معمول من أمبارح و مجلد و اللحمة سواها مش حلو خالص والصراحة دي أول مرة أجيب من المحل ده اوردر بالوحاشة دي,طعم_سيئ
حاجه خرا,
التأخر في التوصيل,
سيء جدا بعد الفطار بساعه ونصف ومش حلو طعم الاكل,
الاكل سيئ جدااااااا ومفيش اي اهتمام بالاوردر ومفيش صدر ف الفرخه وصغيرة ومش معاها اي حاجه خااااااالص أسوأ تجربة جربتها الصراحة منهم او من غيرهم ومفيش مراعاة اننا صايمين وان ده فطار ل بني آدمين,طعم_سيئ كمية_قليلة
الفراخ كانت ناشفه غير كل مره مش طازه خالص بايته ومتسخنه,طعم_سيئ فساد_الطعام
الفراخ المشوية كانت ناشفة و مش طازه المره دي 😬,طعم_سيئ فساد_الطعام
الاكل موصلش اصلاا وشكراا علي التجربة القذرة دي,نظافة_سيئة
الاكل جاي بعد الفطار بساعة الا عشر دقايق 👎👎👎👎👎,
حسبي اللة و نعم الوكيل طلب سيء جدا لا يمكن تكونوا ناس عندها ضمير و تبعتوا اكل مقرف كدة,طعم_سيئ نظافة_سيئة
الاكل بارد والفراخ مجلده,حرارة_غير_مناسبة
الطعام جيد جداً ووصل في وقته وكميته كافية وطيار المنيوز مهذب وعنده مهنية,
طلبت مكرونه نجرسكو جاتلى رز معمر,طعم_سيئ
الفراخ المشوية تمام,
كان ممتاز,
اكل رديئة وحجم مكرونه صغير جدا مقارنه بسعر,كمية_قليلة
للاسف واول مره الاكل كان سئ جدا .. البطه مش مستويه .. البطاطش والمحشي قليلين .. مكسرات اي كلام .. الشوربه ملهاش طعم بتاتا ..,طعم_سيئ فساد_الطعام كمية_قليلة تغليف_سيئ
الفراخ ضعيفه جدا ومش حلوه خالص,
el bram kan helw bs nashef shwia w msh fresh. el mashweyat msh helwa zy akher mra w yaret yeb2a fe option 1/2 kilo fel app 3shan 1/3 soghayr le etnen,
الباكدج طول عمره بييجي طبق فويل دلوقتي جايلي برام صغير جدا و السلطات علب زبادي مش الطبيعي بتاعهم و دا متوضحليش وانا بطلب الاوردر انا بطلب بقالي سنتين من هنا عمره ما جالي بالسوء دا من المطعم,طعم_سيئ كمية_قليلة
الكفته والكباب كويسين لكن اللحمه المشويه ناشفه جدأ,فساد_الطعام
الاكل مكنش مستوى الفرخه كانت وحشه جدا,
عاااااااااااااااااااش ❤️❤️❤️❤️❤️👌👌👌💪💪💪💪,
طلبت طاجن حوارع كان سئ جدا هبارة عن بواقي كوارع و طلبت كباب حلة بجد لحمه سيئه جدا جدا و الطعم مش كويس بالرغم انى كنت طالبه فته كوارع كانت حلوة اوى بس معرفش المرة ديه الاكل كان في منتهى السوء,طعم_سيئ
البيكاتا طعمها وحش جدًا اللحمة بتشد جدًا مش عارفة اقطعها والمشروم معلب مش فريش ومفيش خضار سوتيه زي ما هما كاتبين,
الفراخ بايته و محروقه و طاجن الرز محروق و طعمه وحش حدا,طعم_سيئ حرارة_غير_مناسبة
الريش كانت بتشد و طعمها وحش اوي و ريحتها وحشة اترمت,
طلبت حمام محشي فريك جالي ارز,
بدون سلطات,
طارجن الفراخ بالبطاطس الفراخ مش مستويه,
للأسف الفرخة سيئة جدا وعبارة عن جلد ناشف,فساد_الطعام
بس عقبال ما بتاخذه من الفيزا سحب وتوافقو ع الطلب بتتاخره اوي,
الحمام ملوش طعم خالص و رز معجن,
الحمام وحش اوي ملوش طعم خالص و الرز معجن,
الفرخة مش مستوية كويس,
الاكل ممتاز جدا وسخن وفيه البركة حتى نقصت الكمية برضو لسه كتير,نظافة_سيئة
الفراخ المشويه سيئه جدا وناشفه وصغيرة ولا ترقي ابدا لمستوي مطعم مشويات,فساد_الطعام كمية_قليلة
طاجن البطاطس بالفراخ مليان فلفل اسود وشطه بطريقه رهيبه لدرجه مضيعه طعمه ومقدرناش ناكله ياريت تقللو الحامي عن كده,
الاكل حلو جدا بس مشكل خضار عباره عن بطاطس مفيش اي نوع من أنواع الخضار بصراحة و الاوردر بيتاخر,
بجد الفراخ المشوية طعمها جميل وطازج عن تجربة وكبيرة بجد مطعم محترم,
البماميه كانت حامضانة,طعم_سيئ
ممتاز بجد,
يعني طعمه معدي بس مش ده مستوي المطعم,
كل مرة بشتري فراخ من المطعم وبتكون حلوة اول مرة تكون زفرك بالطريقة دي صعبة صعبك صعبة ماتتاكلش دي واضح انها ماتنضفتش كويس,طعم_سيئ
وو,
الاكل مش مستوي خالص,
ممتازه,
ممتاز الممبار,
حلو اوووي,
الطلب جة غير الي طلبتة ..طلبت كفتة شامي جالي كفتة سيخ,
الكفتة مش متسوية كويس (كأنها مسلوقة !!) والسلطات حمضانة (كأنها متغرقة ليمون),
بقالي ٥سنين بيجب من ابو راوية كل مره بيبقي اسوء من اللي قبلها وزود السعر والفرخه صغرت والسلطات اي كلام والطعم مفيش,طعم_سيئ
انا مستلمتش الاوردر أسوء برنامج و دفعت فيزا و فلوسى مرجعتليش,طعم_سيئ تسمم_غذائي
كويس,
تأخر التوصيل عن الميعاد وفى الاخر لغوا الاودار من غير يقولوا وكنت عازم ناس على الفطار واحنا صايمين والطيار قالى جايلك وماجأش,
الاكل كان سئ جدا لدرجة أصبت باسهال بسسبه,تسمم_غذائي
المفروض يوصلني 6 وصلني 7 .. ساعة تأخير من و الاوردر خالص من بدري في المطعم و تم استلامه متأخر من المطعم,تأخير_طلب
الطعم سئ جدا و الاكل لا يوجد به اهتمام متسخن و معمول من بدري و الوزن غير المكتوب,
حلو كثير شكرا,
الرز المعمر تحفة وحاجتكم كلها جميلة ربنا يبارك,طعم_سيئ
الفراخ مكانتش مستوية كويس والكمية في السلطات كانت قليلة جدا جدا,كمية_قليلة
كل حلو,
،,
روعة 🥳🥳🥳🥳🥳,
كل حاجة تحفة وطعمها جميل والأكل سخن والدليڤري كان في منتهى الأدب والرقي شكراً ❤️,
طلبت محشي باذنجان جالي مشكل,
ليست ناضجة تماما,
الاوردر ناقص شوربة,طلب_غلط
الفراخ مش مستويه والارز بايت,
اكل ممتاز,
اكل ممتاز توصيل متأخر من المنيوز كالعاده,تأخير_طلب
جودة الامل سيئة جدااا الشوربة مليانه رمل و الدجاج بالشوربة لونه غريب و الكباب اللحمة نية,
طلبت نفس الاوردر مرتين، مرة كان حلو جدا وهايل والمرة التانية الاكل مش طازة وقديم ومش مستوي كويس. ياريت لو يحافظ على مستواه وجودته,طعم_سيئ فساد_الطعام
👍,
وحش,
الفرخة المشوية وصلت قطع صغيرة متكملش فرخة طلب النص فرخة كان اكبر منها شى فى منتهى السوء تجربة مش حتتكرر حقيقى,كمية_قليلة
حضرتك الفرخه جات مش مخليه وحجمها صغير,كمية_قليلة
الاكل تحفه لكن ياريت نهتم بنضافه كراسي الاطفال,
جميل ونظيف,
اكل جميل توصيل متأخر من المنيوز كالعاده,تأخير_طلب
الاكل حلو بس الرز المعمر الملح في كتير اوي,طعم_سيئ
الملح قليل في الاكل,كمية_قليلة
فراخ طازة وصل فى وقت سريع,
أحلي اكل ده ولا ايه🎂🎂🎂🥰🥰💐💐💐🌼🌼🌼🌷🌷🌷🌷🌷🌷🧁🧁🎈🎈🎈🎈,
من ١١ لحد ٢ الاكل موصلش,
لا يوجد ذوق في التعامل من المطعم...,
الاكل اكتر من رائع و سخن و طعمه بيتي و مظبوط و المندوب محترم و وصل ف الميعاد,
اكل محترم توصيل في الميعاد,
الاكل فوق الممتاز بس عامل التوصيل تابع لاطلب قليل الادب ولا يصلح لتوصيل في بيوت الناس,كمية_قليلة
عظمه,
الأفضل دائما... شكرا ابو راويه,
اسؤ مطعم تأخير في الطلب وكمان جالي غلط,تأخير_طلب طلب_غلط
برام الارز باللحمه سئ جدا اللحمه مش مستويه,
بصراحة الشكر واجب ♥🌿👍لاحلى فراخ مشويه من ابوراويه سموحه... العيش طعمه تحفه وكتير و٦ أصناف سلطات. شكرا جزيلا,
جميل,
طعم رائع,
التغليف في ورق و بدون علب ام سيء من مطعم مشهور مثل ابو راويه,
اللحمه كانت نيه جدا و الزعلنى اوى ان المحشى كان ضارب جوه طبق الموزة مش هتعمل معاكو تانى اخر تعامل,
الاكل تحفة جدا,
الاكل تحفة ونظيف جدا ان شاء الله مش اخر مره,طعم_سيئ
مطلوب زياده الملح في الاكل,
تحفه,
احلى وجبه مشويه,
الاكل جاي سخن والفراخ المشوية مستوية و طازة والمحاشي طعم بيتي وسعر مناسب,
اجود انواع اللحوم البلدى اسماك طازجه دائما مطبخ شرقى رائع اشهى انواع السلاطات وحلويات ممتازه شكرا ابوراويه شكرا افضل دلفرى فى مصر,
اسرع دليفيرى مكان هادى جميل جدا خدمة محترمة الاكل طعمه لذيذ جدا واهم حاجة بيوصل سخن,
بصراحه افشل دليفري في العالم,
الاكل كان حلو جدا .. احلي حاجة الطرب فعلا فظيع الكفتة حلوة الريش جميلة بيجي مع الاكل سلطات كتير و عيش كتير االاسعار متوسطة و ده شيء كويس جدا بالنسبة لجودة الاكل,
الفرع نضيف جدا و ال staff كله منتهي الذوق والاكل جميل ???? #سموحه,
الفرايز قليله جدا جدا,كمية_قليلة
الريزو والفرايز والتشيكن كلاسيك طعمهم رائع لكن كمية الفراخ قليله جدا بالنسبه لسعره,كمية_قليلة
طعام غير ساخن,
اللبريديج كان فيه من جوه عجينه,
الوجبة كانت حلوة و طعمها حلو و طازجة بس في حاجه ضايقتني اوي ليه وجبة تلت قطع يبقي فيها قطعتين صغرين و قطة كبيرة فيها دبوس و جناح و حتة صدر ليه ؟!,
ده من اسوء الاوردرات الطلبتها في حياتي اول حاجه الاوردر اتأخر جدا عن الوقت الكان المفروض يوصل فيه و كمان جاي مش حلو خالص اول حاجه في استريبس سبايسي و انا طلبته عادي و متحسهوش اصلا استريبس كان هي قطعه واحده العاديه و الباقي كان عباره عن جلد حراء,تأخير_طلب
جالي قطعه بايظه وريحتها صعبه,فساد_الطعام
ً,
كمية البطاطس بالنسبه سعرها قليله جدا جدا وسندوتش الويوا غير مقبول الطعم بالشيتوس اللي عليه وتم تجاهل ملاحظتى علي عدم وجود طماطم فى التويستر,كمية_قليلة خدمة_سيئة
سئ جدا الفراخ قديمه و متسخنه و لونها غامق جدا و تاني يوم سببت اسهال,فساد_الطعام تسمم_غذائي
الفراخ مزيته اوي والبريديج غامق,
ممتاز,
جه متاخر جدا و بارد,حرارة_غير_مناسبة
الاوردر اتاخر حاجه بسيطه بس المجمل الاكل حلو وسخن بس محتاجين تذودو عيش اكتر,نظافة_سيئة
اسلوب الديليفري مقرف الحقيقه و الأكل بارد و قديم الاوردر كله من كل النواحي مش حلو,طعم_سيئ نظافة_سيئة فساد_الطعام حرارة_غير_مناسبة
الكولسلو بايظه والفراخ مزيته!!,فساد_الطعام
الفراخ قديمه و سيئة جدا جدا لا انصح به ثانيا انه مطعم غير امين علي صحة الناس,فساد_الطعام
حلو بس مفيش كاتشب ولا معلقه,
اولا الاورد كان المفروض يوصل الساعه ٦ ونص وصل متاخر نص ساعه تقريبا او اكتر وكان بارد والديلفري كان واقف تحت البيت بالاوردر بيدخن ومبيطلعش لحد ما اتصلت بيه وقلتله اني شايفاه وانت وصلت ساعتها طلع ف كانت تجربة سيئه جدا اما بالنسبه للمطعم ف الساندويتش ...,حرارة_غير_مناسبة
كان تحفة تحفة تحفة تحفة♥️♥️♥️,
الاكل جميل جدا و وصل قبل المعاد والسعر متوسط,
الكول سلو وحش جدا,
اتاخر قوي,
تجربة من اسوأ ما يمكن. الاوردر اخد ساعتين و وصل بارد و نفس اللي حصل المرة اللي فاتت. بجد مش عايز اتعامل معاكم تاني.,طعم_سيئ حرارة_غير_مناسبة
سئ جدا هذه المرة و الخلطة الكريسبي كلها حاجات سودا و اترمى كله,طعم_سيئ
الفراخ طعمها سيئ ومجلده وكمية الفرايز قليله جدا جدا,كمية_قليلة
الأكل وصل سخن برغم المسافة ♥️♥️ والتتبيلة تحفة,
الفراخ عليها توابل بطاطس وكتير كمان فمكنس الطف حاجه ده غير الخطأ في الحساب,
بجد وجبة تاخد ١٠ من ١٠ ونجمة,
- الاوردر جه متأخر ساعة ونصف بعد الميعاد المتوقع للاستلام (يعني من وقت طلب الاوردر حوالي اكتر من ساعتين) - الاكل جاي بارد جدا و البطاطس مبلول اكنها معمولة من ساعات - الاوردر جه غلط اصلا جه الستريبس سبايسي و كانت مطلوبة عادية مش سبايسي - خدمة سيء جدا,حرارة_غير_مناسبة تأخير_طلب طلب_غلط
معرفش مشكلتهم معايا ايه ديما يجبولي الاكل سبايسي وانا طلباه اوريجينال ده غير الاكل وصلت بعد المعاد اللي الابلكبشن قال انه هيوصل فيه بساعة كاملة,
الاكل جودته سيئ جدا المره دي هطلب دلوقتي ياريت الجوده تكون احسن,طعم_سيئ
انا لسه راجعه من المستشفى بسببكم منكم لله جايبنلى الاكل بايظ يا كفره حسبى الله و نعم الوكيل فيكم الفرخه طعمها زى الزفت و اللحمه لونها بنى و عند العضم ازرق بتاكلونا جيفه ؟منكم لله ربنا ينتقم من إلى عارف أن فى أكل بايظ و حطه الهى يدوقه فى اهله,فساد_الطعام
طلبت واجبة ٣ قطع جابلي صدر و ركبة و جناح و البطاطس قليلة و برده,كمية_قليلة
طلبت الدجاج عادي وجابو حار,
جاب جناحين في الدين بوكس و الساندوتش كان صغير,كمية_قليلة
طلبت الساندوتش بدون اضافه اي صوصات او جبن للأسف اتعمل الساندوتش بإضافة الصوص والخضار والجبن,
أقسم بالله أنا معرفش مطعم أفشل من دِكسيس مش معقول قد إيه الأكل وحش. أنا كنت بطلبه لحد ما بطلت من كتر ما هو معفن وبعدين حد اتواصل معايا وقالي إنهم حسنوا الجودة فطلبت وفعلا كان حلو فرجعت أطلب تاني وكل مرة أوحش من اللي فاتت. عندهم مشكلة مزمنة إن الفراخ ...,طعم_سيئ فساد_الطعام تسمم_غذائي
عدم الانتباه للملاحظات,
طالبه صدرين وجناح جالي دبوسين و ورك تجربة سيئه,
الاكل وصل بارد جدا و العيش بايت و مافيش مناديل ولا كاتشب ولا جوانتي و طعم الأكل مش طازة خااللص,حرارة_غير_مناسبة
اكل سيئ جدا بايت و ناشف,فساد_الطعام
كلو سلو سيئه ومره على الاخر طعمها يقرف فراخ بايته وشاربه زيت,طعم_سيئ نظافة_سيئة
ثاني مرة البطاطس تيجي بردة و قليلة جدا مع اني كلمت خدمة العملة عشان تيجي كويسة الخامات مبقتش زي الاول,طعم_سيئ كمية_قليلة
عيش السندوتشات كان مبلول🤢,
كتبت اني محتاجة 3 قطع حار والباقي عادي اللي وصل كلة عادي مافيش حار,
الاكل كويس كطعم بس القطع وصلت ناقصة قطعة الكولوسلو مقلوب في الكيس و علبته مكسورة البطاطس طرية الدليفري رغم تأخيره بس محترم و ذوق,تأخير_طلب طلب_غلط
الاوردر وصل خاطئ و موصلش الجديد,
خطير,
مفيش جبنة شيدر,
يعني الاكل طعمه حلو بس اول مرة جبتولي الوجبة سبيسي و متكلمتش عشان حجتك حلوة و المرادي طلبت ستربس جبتولي بروستد و كانت القطع صغرية كمان كتر خيركو,طعم_سيئ
البيكون محروق وناشف جدا والفراخ ناشفه,فساد_الطعام حرارة_غير_مناسبة
جية اوراك و انا محدد صدور,
الاكل حلو بس طلبته حار وصلى عادى,
زفت طالبة لحم ابيض فقط جاي وراك والفراخ زفرة جدا,
الاوردر كويس جدا لاكن التتبيلة محتاجه تكون اقوي,
الطعم غيرجيد وسيء ومش طازة للاسف,
الاكل طعمه كان وحش جدا اتاخرتوا ساعتين والمطعم يقولي المشكله من المنيوز والدعم مبيردش,
للاسف طعم الفراخ سئ ومش فرش باين جدا من الشكل والطعم وللاسف تجربة سيىة للغاية ولم تكرر وجاى بادر جدا بالرغم ان موصية ان يكون سخن وفلوس على الفاضى ربنا يعوض,
البطاطس كانت كميتها قليلة اوي عن كل مرة,طعم_سيئ كمية_قليلة
الاودر موصلش,
كنت بطلب منهم كتير جدًا، بس المستوى بقى يوقع لحد ما بطلت. بعد فترة، حد من الفريق كلمني وقاللي إنهم حسنوا الجودة، طلبت ٣ مرات وكان كويس، بس رجع يبقى وحش تاني. طلبت مرتين Texas Fries، البطاطس كانت مش متبّلة، والفراخ كانت بايتة مرة، والمصيبة إن مفيش شي...,طعم_سيئ
الطعم رديء جدا ومليانه زيت وناشفه وحشه جدااا,فساد_الطعام
مكانش فيه شدير تشيز في التكسس فرايز,
الاكل كان ٢ برجر واحد منهم بارد جدا بطريقه فظيعه والتاني كان سخن وكويس,حرارة_غير_مناسبة
الاكل كان بارد و كنت طالباه سبايسي اللي وصل كان عادي مش سبايسي وكان مزيت,حرارة_غير_مناسبة
الوجبة جاية مش غير بطاطس 😤😤😤😤😤,
زي الزفت الاوردر واصل بعد الفطار وكميه قله زوق مش طبيعيه ولا كاننا في رمضان وحتي خدمه عملا المنيوز مردوش عليا وطنشو,طعم_سيئ
مع ان الاكل جه متأخر جدا بعد الفطار بنص ساعة لان المطعم خلصه متأخر، جه الاكل بارد,حرارة_غير_مناسبة تأخير_طلب
زفت وحايلي سبايسي وناشف,فساد_الطعام
الاكل كويس لكن خدمة التوصيل سيئة للغاية,
الريزو سيئ بطريقة مستفزه الرز ناشف وحاجه بشعة اقسم بالله,فساد_الطعام
الاكل جاه سخن عشان أنا كتبت اني عايزه سخن والفراخ كانت كويسة بس البطاطس قليله بس كله حلو بصراحة,كمية_قليلة
الطعم والتتبيلة الفراخ مش حلوة بالمرة,طعم_سيئ
ديكيسيز فى حته تانيه 😋,
الاكل بارد الارز بارد و ناشف,فساد_الطعام حرارة_غير_مناسبة
البطاطس جايه فاضيه والاكل متلج والكولا ناقصه والسلطة غامقه وطعمها غريب,طلب_غلط
تحفةةةة,
سيء للغاية و مزيت و اقل من اقل منافس,
الاوردر سئ طلب صدور جالي وراك والأكل زفر جدااا,
الطيار اتاخر اوي,
الاكل كان بارد جدا طعمه لطيف بس باااارد,حرارة_غير_مناسبة
الساندوتش طعمه غير المعتاد و البطاطس بارده و قليلة جدا مفيش ولا ملح ولا توابل و سيئه جدا جدا بجد مش هطلب تانى من عندكم,حرارة_غير_مناسبة كمية_قليلة
B,
للأسف زيت الفراخ طعمه مستخدم كتير وخلى الفراخ طعمها زي الفلافل حرفيا مع طعم زفارة .. البطاطس اللي كانت جيدة في الاوردر,
طلبتة اوب مرة و طلبت الفراخ تكون صدور الاوردر جه حلو جدا و سخن و نظيف طلبتة تاني بعدها بأسبوع و طلبت صدور الفراخ كلها جت وراك + انها مكنتش نضيفة من جوة و الاوردر بارد حاجة سيئة للغاية الصراحة عكس التوقعات خالص,طعم_سيئ حرارة_غير_مناسبة
الاكل كان كويس جدا وطعم والتتبيله حلو جدا والفراخ نظيف جدا و كمية كويسة جدا وريزو ال spicy جامد جدا,
المرة دي مش كويس خالص الكمية قليلة قسمين الورك علي ٣ قطع والبطاطس قليلة جدا غير انه اتاخر ساعتين ونص ولاقيت شعرة مش عارفة بيعاقبوني ولا ايه مع اني بطلب منهم كتير,طعم_سيئ نظافة_سيئة كمية_قليلة
الفراخ مش كتير في الساندوتش قليل وكلو سلو كنت طلبت الحجم الكبير جالي الكمية صغيره جدا,كمية_قليلة
الفراخ متسخنة مش جاهزة الريزو كويس,
اتاخر كتيييييير,
الاكل سئ جدا بجد و كاتبين ٣ قطع فراخ حاطين دبوسين و باقي ورك و الفراخ زرقة من جوه بجد تجربة سيئة,
شكرا ان الاكل كان سخن ومقرمش ونظيف بجد شكرا ليكم,
الاكل بارد جدا وغير طازج وتاخير غير مبرر في الاوردر,حرارة_غير_مناسبة
الزيت بايت بجد فرخة اكنها اتقلت ميت مرة,طعم_سيئ
Hh,
الفراخ وحشه جدااااا مش مستويه كويس,
الديليفيري محترم جدا وزوق جدا وبشوش احرجني من أخلاقه ربنا يكرمه صوص البيج تستي جميل بس المشكله في ان الوجبه فيها جناح مش هطلبها تاني,
الملاحظات الي طلبتها متعملتش و كانت حاجه سيئة جداً و حاولت اتواصل مع الدعم و قالولي المطعم هيتواصل معاك قريب و محدش اتواصل,
كل حاجه بيرفكت 😍,
الكواليتى والاوردر تحفة بجد,
اكل بارد وجع بطني والعيش كان ني يدوب شم الجريل، والرز بايت وحاجة آخر قرف الحقيقة، معرفش ليه كررت التجربة دي مع انها كل مرة بتبقى سيئة,طعم_سيئ نظافة_سيئة حرارة_غير_مناسبة تسمم_غذائي
كميات صغيره جدا,كمية_قليلة
الاوردر جه غلط,طلب_غلط
.,
بيوصل ف ساعتين ليه؟ و اللي تتصل بيهم مستفزين و محدش بسمع كله عنده كلمة عايز يقولها من غير ما يعرف حاجة، وصل بعد ساعتين ونص و مستلمتهوش عشان دا استعباط دا جمب بيتي اصلا,
لتاني طالبه الاستربس عادي جالي سبايسي والطفل معرفش ياكله والاكل ناقص ملح وبهارات,طلب_غلط
الاكل كان مليان زيت ومحروق اوى وطلبت سفن اب جالى بيج كولا,حرارة_غير_مناسبة
الاكل جميل بس الدليفيري اسلوبه زفت وبلطجي وواقفلي ع الربع جنيه وعايز فلوس زيادة,
الاكل موصلش وتمنو مدفوع,
ممتاز تسلم ايد الشيف,
الريزو جاي ناشف و بشع و الفراخ مش حلوه ومش وحشه عاديه يعني,فساد_الطعام
الاكل وصل متاخر جدا و بارد جدا جدا جدا,حرارة_غير_مناسبة
الفراخ مقلية بريشها,
الدلفري محترم جدا,
الخبز قليل وحد بس و بطاطس حبه صغيرنا جدا و كيس كتشب بجد توفير اوي,كمية_قليلة
الاكل حلو اوي ونضيف وكمان وصل في المعاد مظبوط يمكن قبلها كمان شكرا ليكم💙,
الاكل وصل بارد,حرارة_غير_مناسبة
اخر مره هطلب منكم,طعم_سيئ
سخن وجه بسرعة والطعن تحفة,
الاكل وصل متأخر جدا وبارد بسبب تغيير الطيار على الابلكيشن واللوكيشن كات مش واضح للطيار مع اني كاتبه العنوان بالتفصيل بس المكان على الخريطه محطوط غلط خالص لكن الاكل كان كويس,حرارة_غير_مناسبة تأخير_طلب طلب_غلط
طعم وحش جدا ويوجع البطن,طعم_سيئ
البطاطس مش حلوة,
الاوردر كان ناقص العيش والفراخ التتبيلة بتاعتها مش باينه خالص والبطاطس كميتها قليلة جدا,كمية_قليلة طلب_غلط
الصوص قليل,كمية_قليلة
الاوردر سئ جدا,
التتبيلة ضعيفه و البردينج خامق والعيش ناشف هو والكولسلو,فساد_الطعام
حجم الاسترالي بقي صغير وكميه البطاطس قلت والكوب سلو كرنب من غير جزر ولا صوص,كمية_قليلة
اسوء طعم fried chicken ممكن حد ياكله .. اسوء اوردر ع الاطلاق الفراخ كلها زيت و مفيهاش تتبيلة و لا طعم بجد انا رميت الاكل مقدرتش اكمله من بشاعته و من طعم الزيت,
اتقلي زياده,
Bbos,
مقرف اوي حقيقي بطاطس بايتة و فراخ ملهاش طعم,طعم_سيئ نظافة_سيئة
على اد ما كان من أفضل مطاعم الفرايد تشيكن اللى بطلب منها بقي حاليا من اسوء مطاعم الفرايد تشيكن وبنصح محدش يجيب منه,
الاكل كان بارد ومجاش معاه البيبسي و العلبه كانت مش نظيفه,نظافة_سيئة حرارة_غير_مناسبة
الساندوتش كان بارد و سئ جدا جدا مفيش اي صوص جواه زي ما انا طالبة المفروض و الفراخ بايتة حقيقي ميستحقش الفلوس و ديه تاني مره يحصل نفس الشئ و ادي للمكان ده فرصة,طعم_سيئ حرارة_غير_مناسبة
محترم جدا جدا بجد,
كميه الرز بس كانت قليله اوي,كمية_قليلة
بتاع الدليفري وافق على الاوردر وبعد اكتر من ساعه رفض التوصيل وواحد تاني بعد الوقت ده كله هو اللي وصل الاكل بارد والصوص مدلوق في الكيس، قمه في الاستهتار مفيش متابعه من منيوز ولا مساعده,حرارة_غير_مناسبة
الاوردر جه من غير كلو سلو,
طلبت 7up وجه بيج كولا ميرندا برتقال والاكل جه سبايسي وانا طالبه عادي,
الفراخ جالى منها تعب فى معدتى واسهال وده من فرع كفر عبده,تسمم_غذائي
الفراخ سيئة جدا جدا جدا حجمها صغير اوي وناشفه جدا من جوه,فساد_الطعام كمية_قليلة
الاكل بيجي بارد للأسف بس كمجمل حلو,حرارة_غير_مناسبة
الاكل مكانش احسن حاجة زي كل مرة,طعم_سيئ
الأكل بايظ منكو لله والله مطالب منكو تاني,فساد_الطعام
الاكل زفر,
طلب خاطئ,
وجبة ديكسيس بوكس كانت أفضل من جميع النواحي،الآن حجم الدجاج صغير جدا أقل من نصف دجاجة،المشروب صغر جدا بقى بيج كولا الحجم الصغير بعد ما كان أويسيس،زاد سعر الوجبة 40 جنيه حيث كانت 195 وأصبحت 230 جنيه مع انخفاض الجودة وطول فترة التحضير. آخر مرة أطلب منكم,طعم_سيئ كمية_قليلة
الاكل زي الزفت وتوصيل بعد ساعتين من الانتظار و خدمة العملاء مبيعملوش اي حاجة,
..,
الكولسلو مجاش ع فكره,
طلبته حراق جه عادي والطعم مش قد كده يعني,
اول مرة الفراخ تيجي صغرة و محروقة و البتاع من جوه معجن .. زعلت لأننا بنحبهم,طعم_سيئ حرارة_غير_مناسبة
سئ للغايه,
المشكله مش من ديكسيز المشكله من المنيوز نفسهم مكنش في ديلفري والاكل اتعمل و مفيش طيار لمدة ساعتين شيء مؤسف,
👌🏼,
العيش ناقص,طلب_غلط
الصراحه جربت مره اول ما فتح معجبنيش بس المره دي حقيقى جميل يستاهل كل جنيه يتدفع فيه الوجبه جايه سخنه ومستويه كويس جدا مقرمشه التتبيله جميله الطعم نضيف وجميل البطاطس مقرمشه وبهاراتها حلوه جدا بجد يستاهل ٥ نجوم,طعم_سيئ
والفراخ اللي جواالساندوتش ناشفة اوي محمرة بزيادة وطعمهامحروق انازعلت اوي المرة دية رغم اني بطلب دايما من عندكم,طعم_سيئ فساد_الطعام حرارة_غير_مناسبة
حجم السندوتش صغير جدا بالنسبة لسعرة العالي جدا,كمية_قليلة
اكل ممتاز ولكن التوصيل اخذ ساعتين ونصف,
بقي من اسوء مطاعم الفرايد تشيكن بعد ما كان من الأوائل فراخ ريحتها منتنة وبايظة ورميت نصها حسبي الله ونعم الوكيل,فساد_الطعام
انا بعت ملاحظة انى عايزة القطع مشكلة مش اوراك بس لان فى حد من اولادى مش بيحب الاوراك ومع ذلك بعتولى ال٣قطع اوراك فكدة فى واحد من اولادى مأكلش ويعتبر اكلوا القطع بريدينج بس,
الاوردر لسه موصلش لحد دلوقتي و المطعم بيقفل في وشي السكة و المينيوز مش بيديني اوبشن اني اتكلم مع الدعم بتاع التطبيق,
الاوردر بقاله اكتر من ساعتين و لسه موصلش و مكتوب عالابليكيشن انه وصل و مش بيردوا 👎🏻👎🏻👎🏻👎🏻👎🏻,خدمة_سيئة
الاكل لسه مجاش لحد دلوقت,
تسلم الايادى,
جالي اوردر سبايسي وانا طالبه عادي كمان البطاطس مرمية في قعر الكرتونة كدة منغير علبة او كيس ورق حتى,طعم_سيئ
انا طالبة الاوردر تربيل واصل ليه دوبل,
الاكل مكنش حلو جالي سبايسي و انا طلبته عادي و كمان الفراخ ملهاش طعم خالص,
الاكل كان كويس بس البسطرمة كانت قديمة,فساد_الطعام
مستلمتش الاكل اصلا السواق جايلى بعد الفطار بساعه و مكتوب مفروض يوصل ٦:٠٨ بتستعبطوا السواق اكلموا مش عايز يرد ولا كأنى بشحط منه . ايان كان المطعم مطلع الاكل متأخر او السواق هوا المتأخر حسبي الله و نعم الله وكيل فيكوا اسلوب معامله زى الزفت .,تأخير_طلب
يعني ايه وجبه ٤ قطع تيجي فيها قطعتين اجنحة دا الي هو ازاي !!!!؟,
وصل الطلب متاخر اوي بعد الفطار بساعه,
سي جدا ولم يسوي ويوجد به دماء . غير ان طلبي كان حار ولم يكن حار . ولا بوجد به خبر كما موضح . ولا يوجد ملاعق او مناديل,
بجد اسوء مكان ممكن حد ياكل منه واول مرة ف حياتي اشوف وجبة بتيجي ٤ قطع فيهم ٣ دبابيس و طعمهم استغفر الله,طعم_سيئ
جميل كالعادة,
السندوتش حجمه بقا صغير اوي مقارنه باللي كان بيجيلي قبل كدا,كمية_قليلة
ولا أسوء .. القطعتين من الصدر اتقسم علي اتنين .. و قطعة فيها لحم و قطعى بقيت الصدر عظم محمر .. تجربة سيئة,طعم_سيئ
الاكل وحش جدا طعم الزيت باين انة مستخدم كتير و مش بيتغير حتى الاونيون رنجز فى الساندوتش طعمها كان بشع عمرى مت هجرب اكل من هندكم تانى,طعم_سيئ
انتوا مصممين تنزلوا بمستواكم بقالى مرتين مش دة مستوى ديكسيس اللى انا اعرفه ومتعوده عليه المرة اللى فاتت الفراخ مكنش ليها طعم المرة دى باعتين الاوردر كله اوراك رغم أنها وجبة دينر مش سناك ودة خلى حد من اولادى ميتغداش علشان مش بياكل اوراك,طعم_سيئ
الطعم جيد نوعاً ما .. لكن شكل البروست اسود بسبب الزيت طبعاً ❌ الكول سلو جميل 👌,
فراخ زفره وفدان بطاطس عشان متزعلش اتقوا الله,
الاوردر كان نقص و اتاخر عقبال م الدليفري رجع جاب اللي كان ناقص تاني,طلب_غلط
مش في احسن حالاته دايما كان بيكون احسن من كده,
فى صوص سويت تشيلى ناقص وكاتبة فى الملاحظات عاوزة ورك لانى مش باكل الصدر واتبعتلى قطعة صدر,طلب_غلط
الاوردر وصل بعد الطلب ب ٥ ساعات اما انا اتصلت اكتر من مره و قلتلهم و الاطفال بقوا ميتين جوع,طعم_سيئ
very slow delivery 2 hours ?????,
الرز معجن فراخ باردة ساعه ونص عشان يجهزوا الاكل وفي الاخر يجي الاكل بارد تجربه سئ مش اول مرة اطلب,طعم_سيئ حرارة_غير_مناسبة
الفراخ و البطاطس حادق جدا .. الملح كتير👎,
مطعم زباله بجد من اسوء مطاعم الفرايد اي الطعم ده بجد اسوء تجربه فراخ سوده اول مره اشوف القرف ده اكل وجع بطن,طعم_سيئ نظافة_سيئة
طعم ربنا يسامحني,
تجربه ان شاء الله متتكررش تانى ..............,
الأكل بارد جدا وزفر جدا والاوردر اتأخر جدا تقريبا ساعتين تجربه سيئه,حرارة_غير_مناسبة تأخير_طلب
كنت طالبة رز وسط جالى بايظ وممخط من النص معنى كدة انه بقاله فترة عندهم وحمض من الركنة اول مرة تبقي تجربتي سيئة من ديكسيز,طعم_سيئ فساد_الطعام
الفراخ كانت باين فيها التتبيلة وكانت كتيرة بس كان محتاج صوصات اكتر شوية بس . العيش ماكنش احسن حاجة بس يمشي الحال . الخلاصة : التجربة كانت كويسة ولكن السعر كان عالي شوية,
الفراخ المقلية كانت سودة من جوة .. سيئة,
البطاطس جيالي متلجه ومبلوله ميه من الشتا والكارتونه متغرقه مش فاهمه ازاي,
لطيف,
الاكل بارد,حرارة_غير_مناسبة
ساعتين,
الاوردر اخذ ساعتين تحضير وكل ما ارن عليهم يقولو الاكل بالطريق,
مش اوي,
الاكل وصل بارد و العيش مش طازة و مفرول و حجم الفراخ صغير عن حجم العيش.,حرارة_غير_مناسبة كمية_قليلة
الأكل وصل بارد والفراخ محروقة,حرارة_غير_مناسبة
الفراخ مالحه جدا,طعم_سيئ
الطلب تأخر أكثر من ساعة ولم يصل حارا.,
"كإنه مقلى فى زيت ""ركزى يا ست البيت!"" :(",
بصراحة من افضل واحسن المرات اللي طلبت فيها الاكل كان تحفة بجد,طعم_سيئ
الاكل كان وحش جدا الفراخ زفرة وكأنها كانت متجمدة واتقلت على طول في الزيت وكلموني قالولي الاكل هيتأخر ربع ساعة وهو اصلا كان متأخر اوي واتأخر زيادة كمان اخر مرة هطلب منكو,طعم_سيئ تأخير_طلب
الاكل جميل اوى اوى وشبعنى وكواليتى عالية غير كدة الشباب فى المطعم ذوق اوى بالتوفيق دايما يارب,
Kl,
Gamd,
تاخير اوفر جدا جدا جدا,
الفراخ كانت ناشفة و عادبة ومحطوش صوص الفلفل,فساد_الطعام
D,
مطعم مش بيتهم بالمطلوب والمكتوب وابكشين مش بيعرف يرجع حق عميل نهائي حرفيا طلبات احسن وافضل منهم بالكتيو,
نسيتو تحاولي sweet chili sauce و هو في الرسيت,
الفراخ كانت ناشفه و مش مستويه كويس و الكانشب كان هاينز لازم تحترموا ان فيه ناس مقاطعه وهاينز نبع المقاطعه,فساد_الطعام
محترم جدا,
الاوردر ناقص وانا محاسبه ع الحاجه الناقصه !!!!,طلب_غلط
الكل نص نيي,
أرز بايظ و فراخ بايظه و السندوتش فاضي غير العاده ؟؟,فساد_الطعام
اولا الاوردر المفروض انه يوصل خلال ٥٠ دقيقة وصل بعد ساعتين وربع وبعد كذا اتصال بالمطعم ثانيا الريسيت اللي وصل من المطعم فيه زيادة ١٥ جنيه عن الريسيت اللي ظاهرلي في الابليكيشن وانا رفضت ادفع غير المبلغ اللي ظاهر علي الابليكيشن ثالثا العيش بايت,
اكثر من ساعه ونص وانا بستنا الاوردر,
الاكل مش حلو الصراحة خالص. والفراخ في الساندوتشين كانت مش مستوية اصلا,
القطعة صغيرة جدا,كمية_قليلة
الفراخ كان زفرة شوية,
وسط,
الريزو كمية الفراخ فيه قليلة ‼️ باكت البطاطس ب ٣٠ج وكمية البطاطس قليلة برضوا مش فاهم فى ايه 🤔,كمية_قليلة
كل الريفيوهات سيئة انا غلطانة اصلا اني طلبت منكوا اخر مرة ان شاء الله,طعم_سيئ طلب_غلط
انا طلبت رز مع الاوردر ما وصلش وانا دافعة حقه والدليفري معاملته سيئة تجربة سيئة,
الاوردر جه ناقص و كلمت الدعم بتاع الابلكيشن قالولي المندوب هيتواصل معاك و محدش كلمني منصحش حد يطلب منهم و لا يطلب من المنيوز اصلا خدمة العملة بتاعتهم زبالة و كذا مرة يحصل غلط في الاوردر و بكلمهم و بعدها محدش بيعملي حاجة غير طلبات مثلا لو حصل حاجة ...,طعم_سيئ طلب_غلط
"المطعم بيجبرني اخد وركين مش صدر ادعائا ان ده ""الطبيعي"".و مفيش اوبشن اني اختار. فقيمة الوجبة كده قليلة جدا",كمية_قليلة
الفراخ مكنتش مستوية وكلها زيت انا اكلت قطعة واحدة من الأربع قطع ورميت الباقي بجد والله كانت اسوء تجربة فرايد تشيكن في حياتي والله سدت نفسي,
اوحش اوردر عملته,
موصلش الطلب اصلا بيقولو في مشكله في المطبخ طيب قبلو الطلب ليه ؟,
فوق الممتاز,
الفرخة مجمدة و نية و صغيرة جدا بجد جودة زديئة فوق الوصف.. اسوأ تجربة فرايد تشيكن علي الاطلاق,كمية_قليلة
الزيرو طعمه سي جدا والارز مش طازه نهاي تجربه سي جدا,
الرز كان ناشف غير طازج و الاوردر بارد تجربه كانت سيئه,فساد_الطعام حرارة_غير_مناسبة
جالي تسمم بعد ماكلت و علشان بس مكنش بفتري دي اول مره تحصل من المطعم بقالي سنه باكل منهم بس المرادي صفر و تسمم مش طبيعي,طعم_سيئ
جيدين في حل المشاكل اداره محترمه جدا الطعم ممتاز وسرعه فالتحضير,
👏🏻,
مجاش coleslaw مع الاوردر,
العيش بايت و الفراخ ناشفة و الاضافات فقيرة,فساد_الطعام
الفراخ كانت مليانة زيت و مش مستوية كويس و البطاطس كانت مليانة زيت برضو و كأنها مهروسة,
- الدجاج وصل وذاق عادي يدلا من حار - قطع الدجاج بها لجنحة عكس المطلوب من الافخاذ و الدبابيس - الساندوتش جاء مخالف للوصف المكتوب - طعم الرز كان سئ - تم اللقاء كمية من الطعام في القمامه - هذا المطعم كان المفضل لدينا والان اصبح ضمن القائمة السوداء,
الفراخ مكنتش نضيفه وكان فيها اسود من جوه والحته التانيه مش مستويه كويسه حتي بطاطس كانت مش معملومه كويس حقيقي اوحش اوردر وصل من مطعم,
انتو بعتولى اوردر من اوخش الفراخ الي اكلتها في حياتي بجد وكمان اوردر جالى ناقص بيبسي والفراح محروقة وناية من جوة انا بجد كنت هرفع شكل الاوردر علي صفحتكم علي فيس لان مفيش اهتمام بالعميل خالص,حرارة_غير_مناسبة طلب_غلط
الاوردر اتاخر فوق ال3ساعات وجاي ناقص البيبسي,طلب_غلط
الخدمة زبالة و تأخير في الرد و تحضير الاوردر اخد فوق الساعتين !!!!!!! و بصراحة تجربة لن تكرر ابدا,تأخير_طلب
الوجبة مفيهاش صدر و الوركين صغيرين الى حد ما,كمية_قليلة
كنت طالبه الفراخ سبايسي جاتلى عاديه,
الملح زايد جدا,
الرز مش مستوي خالص,
الرز مكنش مستوي كويس و الفراخ كانت ناشفة و متحمرة زيادة,طعم_سيئ فساد_الطعام
جودة الاكل سيئة جدا جدا وطالبة الاكل عادى فى قطعة جاية سبايسى للاسف كنت بطلب منكو كتير دى اخر مرة,طعم_سيئ
مش الطف حاجه في الحياه و للأسف مالهوش طعم خالص,
سئ جدا جدا,
👍,
سيئ ............................................,
اسوء تجربة بامانه لو كان ينفع مديش نجوم خالص كنت عملت كده طلبت الاوردر و بعد ساعتين اتصلت بيهم و قالي ان مندوب التوصيل لسه مجاش اصلا علشان ياخد الاوردر بتاعك و بيتكلموا بمنتهى قله الادب و في الاخر الارودر جالي معجن في بعضه و حاجة قرف. مستحيل ارشحه لح...,نظافة_سيئة
الاكل مالهوش طعم والفراخ تحس انها فبها ريم يعني اللحم لزج جدا والاكل طعمه مش حلو بجد مانصحش حد باستخدامه لا البرجر كان حلو ولا حتى الفراخ كانت كويسه وطعم الريزو سيئ والله رميته,
El akl kollo zeeet w ta3mo mo2rff gdnnnnn tagroba 5raa,
تجربة جميلة جدا والاكل كان سخن والاوردر كامل ومظبوط وطعمه حبو جدا❤️,
كل القطع المن تحت بالحجم ده و يحط قطع عديه من فوق كده هو دحك على الناس,
قطع فراخ غير مطلوبة,
المرادي الاكل وحش جدا والفراخ بايته ونيه,طعم_سيئ
اختيار سي لمطعم اسو,
صغير قوي والسعر عالي مايستاهلش,كمية_قليلة
الفراخ كانت فيها حته زفاره بس,
بس كان من غير تومية للأسف,
الاكل كان وحش جداً و الفراخ كان طعمها بشع متتاكلش حرفياً و اترمي زي ما هو كنت بطلب من هنا علي طول و دي هتبقي اخر مرة و مش هتتكرر تاني,طعم_سيئ
التدبيلة معدومة مالهاش طعم و القلي زبالة مافيش قرمشة و محروق و مش سبايسي مع اني طالبها سبايسي,حرارة_غير_مناسبة
هو الساندوتش جميل بس مش متظبط مش مترتب صح الكلو سلو والبطاطس رانش جميل,
الوجبه حلوه جدا ومخدومه والبطاطس تحفه وكل حاجه طعمها جميل تسلم اديكن,
الفراخ زفره,
الوجبه كانت جميلة جدا وسعرها جميل جدا اتمني تستمروا ع كدا 💙,طعم_سيئ
طلبت قطعة مش اسبايسى وجه كله اسبايسى,
وحشه و زي الزفت الاكل بارد و طعمه غلط و الاكل جي غلط و متاخر ساعتين بجد شركه بشعه و مطعم وحش اوي بجد سيء سيء سيء,طعم_سيئ حرارة_غير_مناسبة طلب_غلط
روعه بجد,
طلبت 7up وجالي كولا!!!!!,
الاكل جميل مع اول تجربه,
الاكل تحفه مشاء الله بس الطيار اتائخر قووووووووي,
مطعم ديكسيز المندره نظيف جدا واكلوا كويس جدا شكرا ديكسيز علي الجوده المحترمه استمروا انتوا احسن أماكن كتير ربنا يوفقكم ❤❤❤❤❤❤❤,طعم_سيئ
L frakh mkantsh mstwyaa hlww,
اوردر سيء و تجربة سيئة,
ا,
عاملين ساندوتش عيش تقريبا الساندوتش مكنش فيه فراااخ نهائي تقريبا نسيتوها عندهم غير انه جه بارد جدا جدا جدا,حرارة_غير_مناسبة
اسوأ مكان ممكن تجيب منه اكل بتشتري امل عشان ترميه ف الزبالة حرفيا ... فراخ ناشفة وشاربة زيت كأنها بايتة اسبوع عي والبطاطس والعيس ناشف وبايت وحاجة صعبة غير الحجم اللي ٣ قطع فراخ ميجوش ربع فرخة ... مطعم معندوش ضمير ومش بيراعي ربنا ابدا ... المفروض قصا...,فساد_الطعام
الطعم ممتاز جدا والخدمة ممتازة واسعاره كويسة وفي المتناول,
مش حلوه اوي البطاطس وحش الساندوتش عادي جدا,
🥰,
بجد انا مصدومه الفراخ ناشفه وشريحه رفيعه السندوتش عباره عن خص وصوص و سموكي تركي,فساد_الطعام
للأسف الاكل مقابل السعر قليل جداً والدبل زي التريبل عادي جداً مفيش إي أختلاف دي اخر تجربه لي من ديكسيس,كمية_قليلة
الريزو جالي مقلوب ومفيهوش فراخ والفرايد كانت شاربه زيت جدا ومش سبايسي,
البطاطس قليله اويييي ع انها تبقي ب ٦٠ ج يعني ده الفراخ كمان كانت قليله اوي عليها,كمية_قليلة
السندوتش ساقع,حرارة_غير_مناسبة
الاكل استغفر الله العظيم,
good food Dixis ❤❤❤❤❤❤❤❤ طعم تحفه مطعمي المفضل,
مطعم فوق الممتاز واكلوا نضيف جدا وجوده محترمه ❤❤❤,
طلبت سندوتش اتشيزي ماشروم كان اكتر من رائع الماشرم كان كميته مظبوطه في الساندوتش و الساندوتش سخن و الاستربس حجمو كبير بجد احسن جوده♥️🔥,
الاكل جاي حلو جدا و الفراج الاسبايسي طعمها حلو اوي بجد بجد احسن المطاعم الي جربتها و مش هتكون اخر مره بجد جاحه علي اعلي مستوي ♥️🫶😊,طعم_سيئ
الاكل ممتاز جدا والقطع بجد ممتازه حجمها كويس مناسب بالنسبه لمطاعم الفرايد تشيكن الي موجوده مطعمي المفضل❤️❤️❤️❤️❤️,
الأكل قليل جدا ع السعر وبارد البطاطس وحشة جدا ووجبة الأطفال جاية من غير لعبة .. اخر مرة فعلا!!!,طعم_سيئ حرارة_غير_مناسبة كمية_قليلة
الاكل سيء جدا وبايت وباين ان الفراخ مقليه كذا مره تجربه لا يمكن تتكرر تاني,طعم_سيئ
اسلوب الطيار وحش جدا والاوردر اتأخر لمده ساعه ونص,تأخير_طلب
طعم الفرايد تشيكين سئ وريحة الفراخ كلها زفاره,
الابليكشن ممتاز,
تحفه,
رائع بس لو البطاطا تشتغلو عليها بزياده شويه,
لسه طالب اوردر الساعه 10 وصلي الساعه 10:45 بجد اسرع توصيل و الاكل كان سخن و طعمو حلو اوي بجد و خدمه العملاء بجد احسن خدمه شفتها و ان شاء الله مش هيكون اخر اوردر اعملو و هطلب منكو علي طول ♥️♥️♥️♥️🫶,
الاكل لذيذ جدا وكان حار زي ما طلبت الله ينور بجد❤️❤️❤️❤️❤️,
أسوأ تجربة مطعم في حياتي الأكل واصل متأخر ٣ ساعات و بارد و في غلطات في الاوردر، و لما طلبت ارجعه جالي بعد ساعتين كمان عشان ياخده و مقعديني من ٩ ل ٢ بليل عشان في الاخر ماكلش و جم خدوا الاكل ٢.٣٠ بليل تقريبا، بجد مطعم مقرف و ناس مقرفة,طعم_سيئ نظافة_سيئة حرارة_غير_مناسبة تأخير_طلب طلب_غلط
الاكل حلو جدا و سخن و طعمه جميل 😍😍وووووووو,
الاكل جاي بارد خالص,حرارة_غير_مناسبة
المكان تحفه والقطع كبيرة جدا والاوردر طلع بسرعه بجد روعه,
الدجاج سخن جدا وطعم الدجاج ممتاز وعندهم ميزه ممتازه انهم يتبعوا دايما العملاء بتعتهم,
الاوردر كان حلو اوي هو الاوردر اتاخر بس كان طعمو حلو اوي تجربه لطيفه اوي⁦｡⁠◕⁠‿⁠◕⁠｡⁩,
الاكل كان ممتاز جدا بجد كانت احسن تجربه فرايد تشيكن جربتها ❤️❤️❤️🥰❤️❤️,
الاكل حلو جدا و بجد و حجم القطع كبيره و الاوردر بيوصل في 20 دقيقه,
الكولسلو بايظه,فساد_الطعام
اسوء مطعم هتجيب منه فرايد تشيكن المعنى الحرفي لكلمه عبط والله جايلي قطعه عباره عن قطمه حرفيا قطمه ...في الوجبه اللي اربع قطع + نص جناح مش جناح كامل كمان +دبوس والفرايز مقليه قبل كدا ولونها استغفر الله العظيم ومغرقنها توابل عشان يداروا القرف دا .......,نظافة_سيئة
اطلب الاوردر triple وجالي double,
اتائخرو قوي قوي عن الطبيعي تقريبا اكتر من ساعه ونص,
الاكل جميل ونضيف اوي، انا لقيت المطعم بالصدفة وقولت اجربه والأكل طلع جميل جدا♥️، تسلم ايدكم,
البطاطس زبالة و و حشة جدا والسندويتش طلبوا تريبل و جالي دابل,
السندوتشات فاضيه والفراخ مجلده,
الخدمة صفر الاكل بارد جدا حدا مستنيه ٣ ساعات,حرارة_غير_مناسبة
بجد مستواكام بقى في النازل الفراخ بشعة,
حلو اوي و سخن هو العيش بس ناشف شويه و الديلفري كانت سريعه جداا,فساد_الطعام
مش نضيف,
الساندوتش كان حراق 🥵,
العيش مكنش طازة والاكل جه بارد,حرارة_غير_مناسبة
طيار محترم و قمة فى الذوق,
J,
اكل جميل جدا تحفه بجد😍😍😍 مطعم محترم وبيقدم خدمه ممتازه جدا شكرا ليكم,
مطعم ممتاز جدا طعم رائع من احسن الفريد تشيكن في مصر,
الاوردر اتاخر جدا جدا اخد اكتر من ساعتين و نص و المطعم مش بيرد و خدمة عملاء المنيوز فاشلة مش بترد هي كمان تجربة زي الزفت بصراحة ولكن للامانة الاكل وصل سخن و حلو,
حالوه,
الطعم وحش جدا الفراخ حادقة اوووي والزيت كتير اوي ف الاكل بصراحة كان اوحش حاجة,طعم_سيئ
الطيار سريع ولطيف جدا❤️,
قطع الستريبس كأنها بواقي فراخ و الكميه مش صح,
اسوأ فراخ اكلتها في حياتي الاكل جاي بارد طعمه حادق جداااا و كله زيت زي ما يكون مقلي من الصبح و البطاطس مجلدة و اصلا الاوردر جاي غلط و فيه قطعة فراخ ناقصة تجربة زي الزفت,حرارة_غير_مناسبة طلب_غلط
Wort experience ever el akl mawselsh asln we 7awaly sa3a el akl lesa matle3sh ml far3 asln we ma7adsh byrod asln,
كل حاجة وحشة جدا و زفر اوووي,
اسوء مكان بيعمل فرايد شيكن الفراخ جاتلي ناقصه قطعتين وكلها زيت وريحتها زفره ومالهاش اي طعم ولا خلطه ومافيهاش حتي ملح ومعظم القطع جناحات .. البطاطس نفس الكلام زيت كله وناي ويقرف .. الكول سلو عبارة عن شوية خس متقطع مافيش عليها بربع جنيه مايونيز وطعمها ...,نظافة_سيئة طلب_غلط
كان حلو جدا بس بيجي من غير جوانتي و العيش دايب من الصوصات لدرجة ان العيش بيتقطع,
كنت بحبه جدا ف الاول ومكنتش بجيب غير منه اخر كام مره كان بيجي بارد جدا والسندوتشات فاضيه وبايته دا غير التأخير جداااااا,طعم_سيئ حرارة_غير_مناسبة تأخير_طلب
الفراخ مش مستوية كويس ومش مقرمشة مضبوط ومحروقة بسيط بس بتسيب طعم مرارة بعد الأكل ومش متبلة كويس ده غير اني طلبت عادي بس جالي سبايسي فالأكيد تجربة مش هتتكرر تاني,طعم_سيئ حرارة_غير_مناسبة
الكول سلو محتاج يتحسن ويحطوا جلافز مع الاوردرات,
مجليش الحاجه مظبوطه و كلمتهم و موصلوش حاجه,
تم الغاء اوردر من دماغهم بعد انتظاره لمدة ساعتين و نصف بدون اى تواصل من اى حد .. حقيقى خدمة سيئة جدا و قمة فى الاهمال و قلة الذوق 👎👎👎👎,
اسوأ خدمة حصلت الاوردر وصل بعد ساعتين ونصف وجاي متلج والاوردر ناقص والفراخ ملهاش طعم خالص ومحدش بيرد في الفرع منصحش اي حد يجيب منه لانه اسوأ اكل ممكن حد ياكله,طلب_غلط
سئ و البطاطس سيئة,
بجد شكرا جدا استاذ محمد انور علي كلامك معاياااا و لغايت وصل الارضر بعد المشكله,
العيش كان حلو اوي اوي يعني و الاكل كان طعمه جامد هو بس لو يبقي قي option ان الفراخ تبقي Spicy هيبقي احلا,
الاكل ممتاز و كان سخن مشكلة الوحيدة تاخير بسيط,
الاكل كان كويس وسخن والاجمالي بتاعو جميل,نظافة_سيئة
الاكل والفراخ حلوة جدا كالعادة والاوردر وصل سخن,
الفراخ محروقة و كلها دم و قرف و ريحتها لا تطاق,نظافة_سيئة حرارة_غير_مناسبة
مكنتش بجيب غيرة و اخر ٣ مرات بقى سئ جدا جدا جدا مزيت و محروق و طعمه بقى اسوء حاجة,طعم_سيئ حرارة_غير_مناسبة
جايبلي مش زي اللي في الصورة ومكروتلي السندوتش اي حاجة وطالب اضافة بيف بيكون جيبهالي فراخ مش عارف اية الاستهتار دة بجد مش طالب منكوا تاني,
الباربيكيو الي حطينو وحش اوووووي و السندوتش طعمو حلو بس حجمو اصغر من سعرو بكتير ده مقارنه بمطاعم كتيييير بره عن تجربة و نفس الطعم ضفت ماشروم ؏ السندوتش جالي لوحده,
وجبه اربع قطع دجاج جايلي 3 اجنحه وورك و البطاطس محروقه مطعم فاشل,حرارة_غير_مناسبة
الفراخ والبطاطس مقليين في زيت عربيات وطعمهم زي الزفت,
زي الزفت طالب اوردر حار وجاي اورجينال الفراخ باردة الفراخ واحدة هوا وبايتة التتبيلة زي الزفت السعر غالي علي القرف اللي جه بأمانة نص الاكل محدش رضي يأكله طالب الغريزة حار جاي باربيكيو منتهي القرف,نظافة_سيئة حرارة_غير_مناسبة سعر_غالي
الفراخ مفيهاش تتبيله بالمره,طعم_سيئ
المطعم بسم الله ما شاء الله متميز ونضيف وحاجته احسن وانضف من كنتاكى كمان والذ كمان ورجالة فرع العصافرة بصراحة ناس محترمة وبيبذلوا مجهود كبير عشان يوصل لينا الاوردر بالمواصفات القياسية للجودة وانا مبسوط بيهم بجد وبشغلهم ربنا يقويكم ودايما تكونوا على...,
مقرررفف جداً بجد,
الاكل سيءءءء ونيء,
تم التواصل مع الفرع وتم حل المشكلة .,
للأسف مش هرشح حد يتعامل معاكم تانى جبت اورد منكم زي الزفت خسارة فيه الفلوس كانت وجباتكم محترمة دلوقتى بقيتم زبالة للأمانة في السابق كان في اهتمام بالاوردرات اليوم اسوء يوم اتعاملت معاكم كرهت المطعم وألى فيه وكنت ناوي انزلكم المطعم واعمل مشكلة كبي...,
حسبنا الله ونعم الوكيل فيكم المطعم كان كويس جدا للأسف اسوء مرة اجيب حاجة من المطعم قطع صغيرة وجناح واهمال شديد في الاوردر مفيش اهتمام زي زمان منكم لله عكننتونى ياريت الموظف القذر ألى كان بيحضر الاوردر بتاريخ 13/10/2022 الساعة واحدة صباحا ياريت يتجاز...,طعم_سيئ نظافة_سيئة كمية_قليلة
طلبت قبل كده في المطعم الاكل كان تحفه لكن دلوقتي دليفري الاكل مش حلو خالص العيش اتحط سخن في البوكس لحد ما وصل كان بايش و الفراخ مش مستويه كويس,
صراحة الفراخ كبير والتغليف حلو جداا بس التتبيلة مفيش اصلا وكنت طالب اسبايسي جت عادي,
الأكل وحش جدًا و بايت و الفراخ بايته بقالها كتير و لونها متغير و طلبت صدور فراخ جالي وراك🤢 البنوته الى وصلتلى الأوردر جميلة جدًا و محترمة الحاجه الوحيدة الى جات حلوة مع الأوردر,
اكل محروق,حرارة_غير_مناسبة
طلبت اوردر ببرومو كود جابلي اكل بايت و فراخ كانت متسخنة في الزيت قبل كدة,
الاكل جميل جدا جدا ونضيف ومش اول مرة١ ♥️♥️,طعم_سيئ
الاوردر جاي ناقص بيبسي,طلب_غلط
مطعم فاشل الاكل وصل فى ساعتسن و نص و الفراخ وحشة و الخضار غير طازة سئ جدا,
الطلب وصلني في ساعتين او ساعة وخمسين دقيقة الاكل كان بارد جدا والفراخ كانت بايتة مش طازة البطاطس مش مستوية كويس والاكل كله كان مزيت للأسف لولا اني كنت جعان والطلب متأخر كنت رجعته,حرارة_غير_مناسبة تأخير_طلب تسمم_غذائي
الوقت اتأخر جدا,تأخير_طلب
الفراخ بارده والسندوتش مش حلو خالص,حرارة_غير_مناسبة
الاكل جميل جدا,
الأكل كان سخن وجميل ووصل بسرعة 😋,
الاكل حلو و التغليف حلو و الكمية جيدة . مطعم حلو .,
عاز فلوس تانيه غير الي مكتوبه و الاوردر اتأخر اوي,تأخير_طلب
طيار محترم وشركة محترمة,
الاكل جميل جدا جدا ياريت الكل يجرب المطعم,
الكولسلو مجاش,
الاكل وصل متأخر اتكتب ان الاوردر وصل و مكنش وصل ، الاوردر وصل بعد ما كان مكتوب انى استلمته بنص ساعة و كان بارد جدا جدا جدا,حرارة_غير_مناسبة تأخير_طلب
الاكل تحفه,
الاكل مكنش افضل جاجة برجر كان شغال بس وانا باكل طان فيه فتافيت عضم وطلمتهم ومحدش رد و الفرخ السدر ناشفة مش مقرمشة و فيها عضم ومن غير جاجة جمبها و بطاطس مش افضل حاجة يعني وتطلب الللي عايز تشرب براحتك بس في الاخر هتاخد كولا مش اللي اخترته,فساد_الطعام
وجبة الاستربس جيده,
مطعم الفراخ المفضل بحب الفراخ بتاعتك السندوتشات ديما مش احسن حاجه فيها طعم غريب لاكن الفراخ نفسها حلوه أتمنى تضيف صوصات مع العروض هيبقا افضل,
وقت التوصيل ساعتين و ده كتير اوي,
الدجاج طعمه مش حلو مفيش قرمشه للقطع في السندوتشات و البطاطس أسوأ حاجة,
لم يصل مع الطلب ادوات تناول الطعام (ملعقة او شوكة او سكين ),
الاكل ان تحفه,
الاكل سيء للغاية,
الفراخ وصلت نيه و الاوردر وصل غير مكتمل. و أسوأ خدمة عملا ممكن اى حد يتعامل معاها. ده غير التأخير فى تبديل الاوردر و تكملته. فعلاً اسوأ مطعم ممكن تتعامل معاه,تأخير_طلب
الفراخ كانت ناشفه شوية بس كـ طعم الاكل طعمه حلوا اوي وجاي سخن,فساد_الطعام
Kdkdk,
Perfecto,
البطاطس مش فرشو الطلب مكتوب فيه ارع قطع اللي جالي تلاته و انا كاتب القدع تكون صدور جابلي اجنحه,
مش حلو خالص تعامل دليفري المطعم,
الاكل بارد و طعمه وحش جدا و مزيت و في قطع كانت بايظه والرز ني,طعم_سيئ فساد_الطعام حرارة_غير_مناسبة
قلة ذوق وقلة ادب ومندوب زبالة,
مفروض كان السعر 65 ومتفعل كود الخصم في الاخر الي بيوصل اداني الفتورة ب95 واديتلو 100 ورجعلي 5 جينيه فعلا كده الكود مش شغال وليه طلعلي انو الحساب 65 طلاما هو حيفضل ب 95 ؟؟!!!,
الكل بايت شكرا,
الأوردر جه و رجع بسبب الخصم أنه مكنش مكتوب فى الرسيد و خدوا من الابليكشن الخصم اداره سيئه جداااااااااااا,
كنت طلباه سبايسي وجه عادي بس حلو,
زي الخرا و تعامل زي القرف,نظافة_سيئة
الاكل حلو بس الدلفيرى اتاخر قوى,
الأوردر تحفه ❤️❤️ بجد احلي فرائد تشيكن في اسكندرية,
الطلب ما وصلش,
الرز حامض والاكل بارد ومن اسوء المرات اللي طلبتها,طعم_سيئ حرارة_غير_مناسبة
الدليفري اتاخر و كنت طلبه سندويشين واحد حراء والتاني لا جبولي التنين حرائن,
الاوردر موصلش و الفلوس اتسحبت من الفيزا,
مطعم جميل وناس محترمه جدا,
الاوردر بارد والطعم معفن والفراخ مش نظيفة,نظافة_سيئة فساد_الطعام حرارة_غير_مناسبة
الاكل سيى جدا العيش وحش جدا كله طعم خميرة والفراخ صغيرة جدا علي حجم الساندوتش اخر مرة اطلب بجد مطعم سى جدااا,طعم_سيئ كمية_قليلة
الفراخ ناشفه لأنها صغيره فلما اتقلت نشفت بس التتبيله حلوه الارز الطبق الصغير صغير حداااااااا,فساد_الطعام كمية_قليلة
كان جامد الصراحه ومتأخروش خالص,تأخير_طلب
العيش كان بايش جداً و بايت,
الفراخ المرة دي طعم خلطتها ضعيف و الساندوتش كان شبه ماعليهوش sauce,طعم_سيئ
الاكل وحش جدا وجه بارد والفراخ طريه اوى اكنها مهريه والحجم صغير جدا جدا ومش نضيفه الدم فيها وريحتها وحشه بجد اسوء تجربه,حرارة_غير_مناسبة كمية_قليلة
الأكل حلو جدا و التوصيل بسرعه ... بس محتاجين يزودوا السبايسي,
طعم مش حلو,
ببسي بدل ميه,
بجد حد محترم جدا,
الاكل حلو بس وصل بارد,حرارة_غير_مناسبة
الاكل اخد ساعتين على ما وصل بس قبل كده جربتهم كانت تجربه ممتازه والاكل حلو جدا,
جميل 🤩,
مش موجود مشروم داخل البرجر,
مفيش ببسي وصل,
الموزاريلا ستيكس مش قد كده والعيش سميك اوى,
الاوردر ناقص,طلب_غلط
الجودة بقيت سيئة جدا عن الاول والمفروض يكون في نجاح مش نقلل من نجاحنا,
جالي تسمم من الاكل,
الاكل جميل تسلم ايديكوا بجد حاجه جميله والاكل فريش,
🔥❤️ الطعم ممتاز من احلي مطاعم فرايد تشكن,
من افضل فرايد تشيكن على مستوى اسكندرية حلو اوى اوى,
الجودة بقت وحشه للأسف,
فراخ بايتة جددا و محروقة,حرارة_غير_مناسبة
بطاطس باردة و العيش بايت و طعم الفراخ سئ,حرارة_غير_مناسبة
3aalmyyyyyyyy ❤️❤️,
حلو,
الاكل حلو جدا و سخن و التوصيل كان بسرعة... انتوا احسن مطعم فرايد تشيكن,
الاوردر اتأخر و الاكل بااارد جدااا ملهوش طعم,تأخير_طلب
جودة و طعم ممتاز شكرا ديكسيس الفراخ طازة و العيش فريش,
اسوء اكل بجد مقرف جدا و الفراخ بشعه و اترمى فى الزباله بجد مستحيل اطلب تانى منه,طعم_سيئ نظافة_سيئة
الاكل كان مليان زيت,
عظمة ❤️,
مطعم سئ تأخير في الأوردر آكتر من ساعتين وعدم احترام ومحدش بيرد علي التليفون و لا أي حاجة تجربة سيئة جدا ما أنصحش حد يجرب من عندهم,تأخير_طلب
تاخير,
ما استلمتش حاجة خالص مفيش أوردر أقيمه,
الفراخ كلها جت كانها بايته حرفيه او مش معموله كويس ورحتها زفرة,
الاوردر كان جميل و سخن شكرا ليكم,
حلو اوي والأكل كان سخن والمندوب محترم,
حلو الاكل بس اصابع الموازريلا طعمها سيئ والفراخ الستربس ممكن يزيدوا عليها بهارات اكتر,
جميل جدا بس ف غلط بسيط ف سندوتش كان سبايسي وانا ماطلبتش سبايسي بس الاكل تحفه,طلب_غلط
تاخر الدليفري جداً و الاكل بارد و ناشف,فساد_الطعام حرارة_غير_مناسبة
العيش بايت والطعم وحش جدا والاوردر مش مظبوط ابدا طلبت تريبل جالي دبل,طعم_سيئ
تحفه بجد 100000/10 بجد الريزو غرقان استربس و الاستربس فراخ قطع مش مفروم و تتبيله تجنن بجد و الساندوتش چوسى يجنن تسلم ايديكم,
L akl sa23,
تجربة زي الزفت والبطاطس كأنها بواقي المطعم حرفيا ومجلدة والساندوتش جه غلط ومجلد ويقرف مطعم لازم يتقفل اكيد مش خطاب منه تاني,نظافة_سيئة طلب_غلط
طلبت وجبه 4 قطع جبها ب 2 جناح,
تدبيله الفراخ ضعيفه,
الفراخ بايته و جايلي فيها بواقي عيش,
ساعتين تأخير,تأخير_طلب
الاوردر وصل كامل لكن بارد واتأخر اكتر من الوقت المكتوب ب تلت ساعه بس الطعم والخلطه حلو,حرارة_غير_مناسبة تأخير_طلب
بقي سى جدا مش زي الاول خالص,
الاوردر اتاخر ساعتين وجالى سيئ جدا والاكل بارد,حرارة_غير_مناسبة
الأوردر أخدت ٦٥ دقيقة لغاية ما إتحضر و حوالي ١٠ دقايق توصيل الأكل كان سخن و طعمه و كميته ممتازين، و لكن حعيد تفكير قبل ما أطلب تاني عشان عنصر الوقت,
الاوردر كان ناقص صوص بيج تيستي والبطاطس كانت ناشفة,فساد_الطعام طلب_غلط
الفراخ كويسة ولكن البطاطس وحشة جدا,
الاوردر موصلش واسلوب زفت ازاي اطلب ما يوصلش ويجيلي انو وصل,
الاورد لن يصل,
انا ماستلمتش الاوردر اصلا,
وقت الاوردر طويل جدااا الاكل جه بارد وطعمه مكنش حلو لكن لما جه قبل كده سخن كان حلو,حرارة_غير_مناسبة
من اسوء التجارب الاوردر سئ جدا ومن اسوء انواع الفراخ اللى شفتها في حياتى بجد منهم لله,
من اسوء التجارب والأكل في سئ جداوالاوردر ناقص الأرز,طلب_غلط
الطعام بارد جدا جدا وغير طازج وقت التوصيل طويل جدا ناقص بطاطس من الاوردر,حرارة_غير_مناسبة طلب_غلط
اكل مقرف وديلفريربيضحك عليا وبيقولي الحساب ١٢٥ وتانا مكتوب عندي عالابلكيشن ٨٥ ولولا قلتله ان عندي خصم وهات الريسيت اشوف عمل نفسه اهبل وقالي اه مشوفتش ! ، خلي عند الناس الي بتوصل امانه بقي,طعم_سيئ نظافة_سيئة
طعم الاكل وحش جدا وبارد وكله زيت والاوردر جايلي ناقص الرز والبيبسي والكولسلو يعني يعتبر دفعت اوردر نصه ناقص ، اخر مره اطلب من عندكم ولما الاوردر اتاخر وكلمتهم في واحده اتكلمت معايا بطريقه وحشه وقالتلي انا مالي ان الاوردر اتاخر روحي انصرفي وقفلت ف وشي...,طعم_سيئ حرارة_غير_مناسبة طلب_غلط
الاكل اتاخر الطعم مش حلو البطاطس بايته,
اسوء fried chicken اكلتها في حياتي,
الاكل جي بارد جداً و متأخر عن معاده لاكن الاكل حلو جداً بس كان بارد,حرارة_غير_مناسبة تأخير_طلب
الاوردر كله كان بارد جدا . فعلا ميتاكلش. فعلا اسوأ تجربة علي الاطلاق.,حرارة_غير_مناسبة
اوردر اتاخر جدااااا و بارد,حرارة_غير_مناسبة
اسوء اوردر اخد ساعه ونص و الدليفيري كمان قاعد يلف حوالين نفسه تلت ساعه حوالين البيت ووصل الاكل طبعا بارد جداا،😠,حرارة_غير_مناسبة
الاكل جميل بس الوقت طويل جدا ارجو السرعة في القادم,تأخير_طلب
الأكل والتوصيل كان قمر,طعم_سيئ
بشع اسوء مكان اكلت منه فى حياتى,
العيش بايت و البطاطس مش حلوة و الفراخ مش احسن حاجة,
البطاطس جايه اقل ما تكون بايته ٣ ايام ناشفه حجر واترمت كلها والاورد جي من غير رغيف عيش واحد حتي الفراخ طعمها مش حلو,فساد_الطعام
الفراخ بايته و متسخنه و الاوردار ناقص و حتى القطع واحده سبايسى وواحده عادى و البطاطس مجلده بجد اخره مره حفكر حتى اتاعمل معاهم سئ جدا جدا,طعم_سيئ طلب_غلط
اتخر اوووي واكل كان بارد,حرارة_غير_مناسبة
الاوردر موصلش إصلااا وبجد حاجه ف منتهي القرف يعني اطلبه من ١.٣٠ ومنتسحرش بسببكوا وعدم المصداقيه,نظافة_سيئة
الطلب جاى ٩ قطع مش ١٠ ومنهم ٣ قطع اصلا مايتاكلوش وتقريبا بقالهم كذا يوم,
مش حلو خالص,
البروست ناشف,فساد_الطعام
الطيار راجل محترم جدا جدا,
مطعم زبالة و معاملة زبالة طلبت الاكل على ٤ و نص و مفيش حاجة وصلت لحد الساعة ٨ و محدش بيرد ولا حد معبرني متطلبوش منه فرمضان عشان ميحصلش مع حد موقف زى ده,
تتبيلة الفراخ مملحة 🤮 للاسف مفيش طعم مميز للفراخ 👎,
حلو اوي حطين دوريتوس في الساندويش 🤍🤍🤍,
El fra5 kan fiha sha3r,
الاكل محتاج يكون سخن,
مش نفس الجوده الي متعود عليها,
الاكل للاسف طعمه مش المتوقع خالص من مكان مرشح من اكتر من حد خاصه ان متخصص fried chiken . دا غير ان لون الفراخ غامق من برا كانها محروقه شويه يعني شكله والطعم مش حلو,طعم_سيئ حرارة_غير_مناسبة
الطعم سيئ جدا و الاوردر كان محروق طعم فظيع,حرارة_غير_مناسبة
وصل متاخر ساعتين بس الاكل حلو اوى,
2 hour late delivery!!!!!!!!,
لو كان فيه اقل من ١ متستاهلهوش حتي جودة سيئه واكل اسوا بارد كانه متسخن وليه ابقي في شغلي اطلب اكل عشان مش عارف اطلع يجيلي بعدها ب ٣ ساعات .. هو انا مش بدفع فلوس وضرائب وخدمه ؟ ولا احنا بندفع ورق جرنال !! اخر مره اتعامل معاكم او انصح غيري بالتتعامل م...,طعم_سيئ حرارة_غير_مناسبة
I didn’t get my drink with the order !!!!!!,
الاوردر موصلش اصلا وخدمة حقيقى زى الزفت,
٣ ساعات فا اطلب قبلها ب يوم اظمن,
الاكل وحش حدا اسواء اوردر و ساقع و متبهدل,حرارة_غير_مناسبة
خدمه رديئة,
الفراخ كانت سيئه جدا جدا بجد كأنها بايته ومتسخنه كذا يوم وحش اوى فعلا,
الفرايد تشكن كان حلو بس اقل شوية من كنتاكي مثلا السندوتش معجبنيش الفراخ قليلة فيه والطعم عموما مش احسن حاجة,كمية_قليلة
اكثر من رائع اتمني الثبات في المستوي,
الاكل كان جاي بارد جداا ومفروض أن العرض قطعتين دجاج باعتين منها قطعه صدر دا غير ان الساندوتش كان فاضي جدااا حرفيا كنت باكل عيش فاضي والعيش كمان مكنش طازه,حرارة_غير_مناسبة
الوجبه كانت بتيجي الفراخ فيها كويسه و قطع كبيره غيرتو الجوده جدا,
وحش جدا ملوش طعم ولا تتبيله و بارد,حرارة_غير_مناسبة
طلبنا صدور فراغ ومجاش ولا قطعة من الاربع صدر,
البطاطس معلهاش اي توابل او ملح حتى,
الاوردر جاي ناقص,طلب_غلط
Fe moshkla 2n 7sl l5bta fe elorder fe el strips ana talbt 3 strips magtsh w gha badlha chicken w ana msh tlblha kdh ana tlbha strips w kman gt 2 bs chicken y3ni kan 8lt fe 8lt mafesh bs 8er elcheese zinger dh bs 2ly gah s7 w dh 3eb w lma 2tslt 2ly hy...,
الاكل تحفة وسخن وطعم جميل جدا ودي ٦ مرة تقريبا ♥️♥️♥️,طعم_سيئ نظافة_سيئة
الفراخ كويسة البطاطس والرز سيئين جداً والأوردر خد وقت طويل جداً عشان يوصل سيدى بشر,تأخير_طلب
الاكل كان بارد,حرارة_غير_مناسبة
الاوجبة كريسبي مش حار و طلبت سيفن جات كولا و مافيش ولا كاتشب ولا معلق علشان كلو سلو واللعبه وحشة جدا,
الاكل وصل بارد والطعم والتغليف مش زى كل مرة,طعم_سيئ حرارة_غير_مناسبة
البطاطس مش حلوة محتاجة تبقى ارفع عشان تستوي احسن,
الاوردر جاى بارد ومختلف عن كل مرة هتخلونا نغير رأينا فى مستوى الاكل عندكوا,طعم_سيئ حرارة_غير_مناسبة
الاكل جودة ممتازة ولكن مشكلة التوصيل طلبت الوجبه الساعه ٧ مساء ووصلتني الساعه ٩ مساء والاكل كان بارد جدا الرجاء تحسين خدمة التوصيل,حرارة_غير_مناسبة
اتاخر كتير,
😡😡😡😡,
الاكل كان بارد جدا ..,حرارة_غير_مناسبة
حرفياً مش باكل غير من عندو .............. ديكسيز و بس ❤️❤️🤗🤗,
المطعم ده يسبب الادمان و تدمير الدايت,
ياريت المرة الجاية يجيب بدل الكولسلو sauce وياريت العيش ميبقاش بارد المرة الجاية وشكرًا مقدما,طعم_سيئ حرارة_غير_مناسبة
تتبيلة الفراخ مالحة جدا .. مش سبايسى زى ما طلبتها,طعم_سيئ
الفراخ مش مستويه,
اسوأ خدمه واسوأ تجربة و٣ بوكس ناقصين كل واحد قطعة فراخ وبعد التواصل مع المطعم يقولي يمكن بتاع الدليفري اكلهم. قمه السفه و قلة الذوق و الوقاحه.,طلب_غلط
لو كان معاه كاتشاب و بيبسي كمان كان يبقي افضل بس الاكل حلو جدا,
عظمة,
صوص بافلو وصوص رانش طعمهم خل,
A,
حلو بس كان بارد شويه,حرارة_غير_مناسبة
Zay elkhara,
الاوردر جه غير ما انا طالباه خالص بس الطعم رائع وده مش اول مره اجربه بس ياريت التوصيل يبقى سريع اكتر من كده,طعم_سيئ
حلو بس البطاطس تقريبًا بتبقا ديما برده وساعات العظم بيبقا اكتر من اللحمة فلو ظبطوها هيبقا ممتاز,
حلوة جدا بجد❤️❤️❤️❤️❤️❤️❤️❤️❤️❤️❤️❤️❤️❤️❤️❤️❤️❤️❤️❤️❤️❤️❤️❤️❤️❤️❤️❤️❤️❤️❤️❤️❤️❤️❤️❤️❤️❤️❤️❤️❤️❤️❤️,
الاكل كان حلو في المجمل بس فيه كم ملاحظة اولا. السندوتشات رطبه من شئ ما وده مخلي العيش بايش شويه ودي مش ظريفة في الاكل أبدا تانية. الكول سلو سكره عالي جدا جدا وبالتالي معرفناش ناكله لانه مبوظ الطعم ثالثا.. الرز لاقط ريحه مش حلوه بس طعمه مقبول,
الكول سلو حمضانة البطاطس سيئة جدا,
الأكل كان بارد جدا و البطاطس كانت سقعه و مش طازه,حرارة_غير_مناسبة
الفراخ كانت فيها ريحة زفارة مش حلوة المرة دى وانا مش متعودة علي كدة من ديكسيز,طعم_سيئ
الاكل طعمه سئ جدا,
العيش ناشف وبايت,فساد_الطعام
ديكسيس جميل جدا ودليفري محترم اوي,
ساندوتش ال boom taste مكنش جامد زي كل مره بس قطع الفراخ والريزو والبطاطس مفيش اجمد من كده بصراحة,طعم_سيئ
بس مكنش موجود كاتشب و لا شوكة ولا مناديل,
اكل مايتكل اوحش اكل كلتو فحياتي,
Missing item (7up) !!!!!!!!,
وحش جدا الاكل جاى بارد والفراخ جاية كلها زفارة ومش حلوة نهائي المرة دى عن قبل كده,طعم_سيئ حرارة_غير_مناسبة
الساندوتش و الصوص مكنش لطيف .. البطاطس جت نية و مفيش عليها حتي رشة ملح .. لكن للامانة الجنحة جميلة,
الكول سلو حامض,طعم_سيئ
الاكل حلو كميه كافيه وطازج والخدمه سريعه ماشاء الله,
اللببييل,
تحفة,
احسنتم,
تمام جدا,
الطلب تأخر جدا والطعام بارد أما اسلوب عامل التوصيل وقلة ذوقه فهو أمر يفوق الاحتمال الراجل بيزعق لى ويقول لى اكتبوا العنوان صح مع أنه هو نفسه سبق توصيل اوردر لى بنفس العنوان على الابليكيشن تجربة سيئة,طعم_سيئ حرارة_غير_مناسبة
الاكل بارد وطلبت اكل دجاج مقرمش جابولي قطعتين من مجموع 4 اجنحة؟؟,حرارة_غير_مناسبة
الرز بشع,
التغليف يجنن 😂 ويشهي اكتر من الاكل ❤😂,
طلبت الاكل بعدها بى ساعتين ألا ربع جاه الاكل كله بارد و القطع مجلده و البطاطس متتكلش,حرارة_غير_مناسبة
الاكل وحش اوي,
يوم تاست وصل بدل منه سندوتشات دجاج,
الاكل جه و مكنش مستوي اصلا و طعمه وحش جدا و اتاخر اصلا ف التوصيل,طعم_سيئ
بالعكس الدليفري كان سريح جدا و المندوب ف منتهي الزوق ف التعامل لاكن جوده الأكل نفسها مش حلوه و بارد جدا جدا,حرارة_غير_مناسبة
الاكل سئ جدا,
ماشاء الله تبارك الرحمن .. اكل رائع جدا جدا ... الساندويتش جميل جدا ومعدي زاكس بمراحل ..,طعم_سيئ
ناقص,طلب_غلط
اكل نضيف و مستوي كويس و جاي سخن بس البطاطس مش حلوه,
الاكل نضيف جدا وفريش بس المشكله الوخيده انا البطاطس كانت نيه,
من انضف السندوتشات بجد تحفه اول مره اعمل ريفيو لحد عشان فعلا يستحق,طعم_سيئ
اكل كويس جدا للامانة من الأقلة الي ممكن يعجبوني ولكن الحلو ميكملش الاورد اتأخر في المطعم ساعة ونص وواصلي بعد ساعتين وي 😂,تأخير_طلب
فشيخ,
ال اوردر مش نضيف لقيت جوا شعر,نظافة_سيئة
الاكل كويس وال فراخ واضح جدا انها فريش والطعم ممتاز لكن العرض معمول علي الحجم ال كبير و الوصل الصغير و قطع الفرايد تشيكن حاسبين الجناح قطعه معرفش ازاي البطاطس وصلت معجنه,كمية_قليلة
جميل جدن و يهبل والله 😍😍😍😍😍😍😍😍😍علي علي,
الاوردر اتأخر اكتر من ساعتين 😞,تأخير_طلب
👍👍,
الاورد مش بيجي زي منا عايزه وطلبت,
أسوأ حاجة اكلتها فحياتي,
البطاطس وحشه و كلها زيت و ناقصة ملح,طلب_غلط
تجربة فاشلة الاكل سيئ للاسف اول و اخر مرة,طعم_سيئ
الاكل بشع ومش سخن رميت الاوردر كله,حرارة_غير_مناسبة
الاكل حلو جدا كالعادة بس البروستد كان غامق جدا جدا الزيت كان محتاج يتغير,
عظمة ع عظمة,
اكل رائع و سعر كويس جدا,
الاوردر جه ناقص,طلب_غلط
مطعم سئ جدا وجودة الاكل وحشة,
الاكل حلو جدا,
منتهي الروعة,
اسوء مره اكلته فيها,طعم_سيئ
روعة ارجو الاستمرار علي هذا المستوي هتغلبوا المطاعم إياها 👍,طعم_سيئ
نسيتو البيبسي ☹️,
سيء جدا,
الاكل كان بارد ومش مقرمش,حرارة_غير_مناسبة
الطلب خد سنة !,
Gaaaaamed ❤️,
قرف قرف قرف قرف قرف قرف قرف قرف قرف قرف قرف,نظافة_سيئة
الاكل وحش جدا الفراخ عبارة عن جلد وعضم ومزيتة ومفيش لحم خالص والبطاطس معجنة ومزيتة ،تجربة صعب اكررها تاني بجد من وحشتها,
وع وع وع وع وع مش مستوي اقسم بالله زفت,
الاكل ممتاز بجد عشان ابقي منصف بعيدآ عن الغلط اللي حصل بس متشكرين جدآ علي التعويض وانصح اي حد عاوز ياكل فرايد تشيكن نضيفه ومقرمشه وطعمها حلو جدآ يبقي من عندكم وشكرآ,طلب_غلط
حضرتك جالي اوردر تاني مش بتاعي,
الفراخ مكانتش طازة ومعظمها عضم.,
جودة ممتازة جدااا بس يا ريت يعمل وجبات وايت ميت و دارك ميت,
فل,
الاكل مش حلو خالص,
الاوردر متبعتش كامل وكلمت المطعم وقالي انة مستعد يبعتلي بقيت الاوردر بس اكلمكو انتو الاول ف انا اوردرى ككدة ناقص كلمو المطعم لو سمحتم,طلب_غلط
اول مرة الاكل يجي ناقص وبارد التجربة المره دي سيئه جدا,طعم_سيئ حرارة_غير_مناسبة طلب_غلط
اابطاطس شاريه زيت والاكل بارد,حرارة_غير_مناسبة
الاكل كان بارد و اتاخر اوي,حرارة_غير_مناسبة
طعم الاستربس كان متغير من الزيت,
المطعم بجد رائع,
الاكل طعمه حلو بس كان دافى مش سخن والبطاطس كانت بارده والطيار اتاخر اوى لكن جوده الاكل حلوه اوي,حرارة_غير_مناسبة
الفراخ فاضية مفيهاش لحمة تجربة مهببة وزفت بجد,
غير جيد,
فاجر والله وسخن جدا,نظافة_سيئة
طلبت منهم اوردر وبعد ساعتين الا ربع موصلش حاجة ومعاملة سيئة من المطعم وعدم اهتمام ولا حد كلمنى ولا حد اعتذر !!,
البطاطس بتوصل نايه و دى مش اول مره و كمان الاودر دايما كل مره بيكون ناقص كافرز,طعم_سيئ طلب_غلط
ممتاز جدا معلش هو رجاء ممكن الفراخ اللى فى السندوتش تكون طرية شوية علشان هى كرسبي اوى وشكرا جزيلا والمندوب منتهى الذوق والسندوتشات ممتازة جدا,
الفراخ سيئه جدا,
الأكل بارد على غير العادة,حرارة_غير_مناسبة
الاكل تاخر وكان بااااااااارد,
بس السنابون بارده جدا,حرارة_غير_مناسبة
البطاطس كانت سيئة للغاية ،باردة و شاربة زيت كتير جدا ، الفراخ كانت طبقة الكرسبي سميكة و ناشفة مش مقرمشة ... كنت علقت قبل كدة علي ال packaging و ال material بتاعته و بصراحة هو اتحسن,فساد_الطعام حرارة_غير_مناسبة
رائع جدا من احلي البروست اللي دقته في مصر شكرا ليكم,
المعطم اكلو رائع بيطول بس الطيار حاجة اخر قلة ادب,
❤️❤️❤️❤️❤️❤️❤️❤️❤️❤️❤️❤️❤️❤️❤️❤️❤️❤️❤️❤️❤️❤️❤️❤️❤️❤️❤️❤️❤️❤️❤️❤️❤️❤️❤️❤️❤️❤️❤️❤️❤️❤️❤️❤️❤️❤️❤️❤️❤️❤️❤️❤️❤️❤️❤️❤️❤️,
مش احلي حاجة والقطع صغيره والرز عينات تقريبا,كمية_قليلة
اا,
اسوا مطعم فرايد تشيكن ممكن تاكل من عندوا الساتدوتش زي ما انتوا شليفين كله زيت حرفيا والعيش شارب منه كمان غير انوا وصل بارد جدااا منصحش اي حد بيه,حرارة_غير_مناسبة
Good👍,
بصراحة الاكل وصل بسرعة وكان سخن وجميل و الطعم حلو بس ممكن يكون احلى تجربة هكررها تاني ان شاء الله,
الاوردر كان ناقص واحده كول سلو وكلمتكم الخط بيق طع كل شويه,طلب_غلط
الاكل وحش,
الفراخ طعمها اتغير وبقي كلها دهون ده غير اني طلبت 2 صوص رانش وصلي جبنة ف واضح ان مفيش حد بيقرأ الcomments اصلا,
مملح زياده,
الفراخ كانت بايته وطعمها مش حلو مع ان دي مش عادة المطعم,
تحفه بجد جميل,
أسوأ مكان ممكن تاكل منه، وتعاملهم مع الشكاوي زي الزفت ومبيردوش أساسا,
الطيار لم يرسل الباقي للأمن كما قال وشكله وطريقة تعامله سيئة,
الأكل كان رائع و فريش و كريسبي و سخن و مظبوط ١٠٠% حقيقي شكراً جداً perfect quality ربنا يوفقكوا و ياريت دايماً تكون الجودة عالية كده favourite restaurant and fried chicken ❤❤❤,
المطعم أكله عموما حلو جدا وأنا برشحه دايما لأي حد.. لكن مفيش أي كواليتي كنترول على الأكل عندهم، مرة الأكل بيكون كويس جدا ورهيب ومرة بيكون بشع وميتاكلش حرفيًا والفراخ تيجي زفرة.. غير مشكلة البطاطس الأزلية بتكون مزيته جدا كل مرة. بيتصلوا بعد الأوردر يش...,طعم_سيئ
طعم الفراخ عادي جداا و حجمها صغيرة و جاتلي سبايسي وانا مش طالبها سبايسي و بطاطس باردة جدا و مليانة زيت,حرارة_غير_مناسبة كمية_قليلة
البطاطس مكنتش طازة وسخنه والسندوتش العيش كان بايت و اتفرفت اول ممسكته,نظافة_سيئة
البقة الخارجية كانت ناشفه جدااااا بطريقة بشعه,فساد_الطعام
وجدت قطع فراخ بها دم,
وحش اوي و مش سخن و في شعر.,نظافة_سيئة حرارة_غير_مناسبة
الاكل مش سخن,حرارة_غير_مناسبة
طلبت دجاج عادي جالي حار و وقت اكتر من ساعتين,
حلو جددا جددا ومش اخر تجربه ليا,
الاكل اتاخر والفراخ مكنتش حلوه زي ما تكون بايته او متسخنه انا كلت من عندهم مره قبل كده كانت احسن بكتييير من المره دي مش هدي تقييم قليل اوي عشان المره الاولي كانت تحفه جدا بصراحه,طعم_سيئ كمية_قليلة
سئ جدا,
بطاطس وحشه جدا,
كل حاجه ممتازه فيما عدا ان الاوردر جالي فيه حاجه متغيره نوع الحاجه الساقعه اللي طلبتها كان متغير فيما عدا ذلك ١٠٠ ١٠٠,حرارة_غير_مناسبة
مزيت شويه,
الطلب ناقص صوص الجبه,طلب_غلط
الساندوتش كام سئ العيش مقطع مش طازه والفراخ مش مقرمشه,
Bsh3 w el akl hg bard w mml7 w 72e2y m2drtsh akl noso 7ta,
السناك بوكس مش دارك قطعة دارك و قطعة لا الريزو طلباه باربيكيو و جالي سبايسي,
الاكل سيئ جدا المعاملة مع ادارة ال app و الطيار معاملة سيئة و تجربة اكثر من سيئة و اخيرا الاوردر ناقص البيبسي ال app دا محدش يتعامل معاه غير ف المطاعم العندها self delivery زي ماك و بافلو و دومينوز غير كدا لا صراحتا,طلب_غلط
الاكل بصفة عامة كويس لكن عندى ملاحظتين الأولى يوجد قطعة دجاج بها دم و اللحم القريب للعضم نى و الملاحظة الثانية يرجى مراجعة صوص الباربيكيو الذى يوضع على الرز طعمه غريب شويه و بارد من التلاجة,طعم_سيئ حرارة_غير_مناسبة
طعمه حلو بس التدبيله ع الجلد بس مش جوا الفراخ,
الاكل حلو جدا ومخدوم كويس لكن الاوردر أتأخر بشكل مبالغ فيه ... تلت ساعات تقريبا عشان يوصل !.,سعر_غالي
اول مره و بجد اكل كويس جدا.. شكرا و تسلم ايديكم,طعم_سيئ
جيد جدا,
وقت للتوصيل طويل جدا,
زفت,
جميل,
الطعم كان سيء جدا جدا وتقريبا الاوردر ماحدش اكل منه والريزو جاي ساقع حرفيا عامتا كانت تجربه مش كويسه,حرارة_غير_مناسبة
الاكل كان سيء دي اول مرة يجي كدة الفراخ طعمها وحش و نية و الاكل اترمى انا على طول بطلب منكم بس امبارح بجد كان مقرف,طعم_سيئ نظافة_سيئة
مرتين اطلبه أورجينال وييجى سبايسى,طعم_سيئ
للاسف الاكل وصل ساقع,حرارة_غير_مناسبة
تأخر جدا و الأكل جي بارد,حرارة_غير_مناسبة
الساندوتش محترم تغليف كويس جدا برغم بعد المسافه الا ان الأكل وصل ساخن الي حد ما تعليقي الوحيد صوص البافلو محتاج إعادة نظر غير كده الأمل ممتاز شكرا,
الفرايز باردة ومجلده وكلها زيت,حرارة_غير_مناسبة
أقذر فرايد تشيكين وأقذر كول سلو اكلتهم فى حياتى وجبة ال ٩ قطع منهم ٤ اجنحة .. ازااااى !!!!!!!!!!!!! وباقى القطع صغيرة اوى كإن الفراخ كان عندها سل وكاتبين معاها كولا ومجابوهاش الاوردر اترمى فى الزبالة .. آخر مرة اطلب من عندهم حاجة تانى,طعم_سيئ نظافة_سيئة كمية_قليلة
انا طلبت قطع الفراخ تبقى عاديه جاتلى سبايسى والريزو الكميه بتاعته قليله جدا فى المجمل الطعم كويس,كمية_قليلة
الاكل حلو بس باد لان الطيار لم يعمل بتوجهاتى للعنوان و اضاع ضعف الوقت و اكثر,
انا طلبت مرتين من المطعم مره جاني الاكل حلو جدا لدرجة اني نشرتها على العيله وصحابي بس امس فعليا رميت ثلاث ارباع الساندوتش وحتى البطاطس استغفر الله كان غير قابل للاكل الله يكرم النعمه,طعم_سيئ
متألقين كالعاده 🥰🥰,
الاكل جميل تسلم ايديكو بس الكميات شوية قليله,كمية_قليلة
الاكل تحفه تحفه تحفه زي كل مره و الطعم جنان والتسويه رررررائعه اموت واعرف سر الخلطه 🙈🙈 اطعم فراخ اكلتها ف حياتي ❣️❣️,طعم_سيئ
الاكل حلو جدا جالي سخن وبسرعه وطعمه تحفه,
رائع,
الاكل كان طعمه كويس و الكمية كانت كويسة جدا بس الاكل اتاخر شوية يمكن عشان الزحمة بس يعني مكنش سخن اوي اجمالا تجربة كويسة و غالبا هكررها,
لا انصح بالتعامل معه.. غير محترفين.. اداره سيئه جدا,
طلبت spicy جالي regular,
الطيار اتاخر جامد,
الاكل روعة و حقيقي ربنا يكرمهم و العاملين كلهم زوق واخلاق,
الارز مش مستوى,
اسوء اوردر طلبته حاطين معلقة رز تحت الفراخ ؟ !!!والفراخ مكنتش متبلة كويس,
الكباب ليس كباب ناشف جدااا,فساد_الطعام
طلبت برياني جاني رز بخاري للأسف حركة رخيصة جدا,
ذوق وسرعة وجودة اكل شكرا,
سئ جدا الفراخ محروقة و غير مستوية و الرز طعم وحش,طعم_سيئ حرارة_غير_مناسبة
الطلب تأخر اخذ اكتر من 30 د,
وحش جدا,
الاكل شكله بايظ جالنا وجع في البطن تاني يوم.,فساد_الطعام
البامية حمضانة,
الاكل اقل بكثييير من قيمته,
الرز معجن جدا ونص الفرخة مش نص دة نص فروج صغيرجدا التجربة سيءة للغاية,كمية_قليلة
الكمية قليلة جدا ووصلني اقل من نص فرخة,كمية_قليلة
جه ناقص ربع رغيف,طلب_غلط
أكل مش طازه,
حطوا خضروات فوق الدجاج كانت اضافة مرة جميلة,طعم_سيئ
الكميات صغير جدا,كمية_قليلة
الرز قليل كما ان الدجاج تحسه ناشف,فساد_الطعام كمية_قليلة
الفرخة مش مستوية,
الفراخ لاول مره تبقا مش مستويه مظبوط وفى دم انا بحترم المكان بس التجربه المرادى مش كويسه خالص,طعم_سيئ
الرز سادة من غير خضار و حجم الفرخة صغير,كمية_قليلة
الحمص ماوصلش المرة ال فاتت,طعم_سيئ
اولاً الطلب تأخر والطلب طالبه برياني وصلني مندي وكمان ناقص أنا طالب نص فرخه وصلني صدر ودبوس,طلب_غلط
ملحوظة.. التوصيل متأخر جداً.. لازم يكون فيه عدد طيارين كفاية عشان يغطو جميع مناطق المحافظة ولضمان سرعة التوصيل,تأخير_طلب
الدقوس موصلش مع الاوردر,
اشتريته امبارح الاكل كان سخن الكمية كانت محترمة ومفيش دم رينا يرزقهم,
م,
انا طالب الاوردر صدور ومحاسب على تمن الصدور واللي وصل اوراك,
سوء معاملة من الطيار,
بيعملوا حركة فيها نصب نوعا ما انه يجيبلك الفرخة المشوية ناقصة دابوسين يعني تقريبا فرخة الا ربع بجد حركة مهزقة جدا جدا و سرقة و اتكررت كزا مرة,طعم_سيئ طلب_غلط
طلبت نص فرخة جت وركين و التغليف سئ و ردئ جدا مقارنة بسعر الاكل,
جالي فراخ,
الطيار وقع السلطه والصوص داخل الكيس والاكل كله باظ,
عيب اكون طالب ربع فرخه صدر و الاقيه ورك دي قلة ذوق,
الكمية قليلة,كمية_قليلة
جوده الاكل رديئة جدا,
الرز كان معجن اوي والكفته كانت سيءه للغايه الاوردر اللي قبليه مكنش فيه غلطه الصراحه ف كان لازم اعقب,طلب_غلط
لم يأتى الكول سلو ولا الشوربه جائت اشياء مختلفه ارجو التواصل,
وحش,
الوردر وصل ناقص وجبه انا طالب وجبتين ربع فرخه الاورد وصل ناقص وجبه,طلب_غلط
الاكل مملح جداً والبرياني زي الكبسه زي المندي مافيش فرق,
وصف الاوردر مكتوب انه ربع كيلو شيش طاووق ومعاه رز وسلطة وصلني بالزبط 6 قطع فراخ وبدون سلطة!! الفراخ كانها بايته!,
بجد دي تاني مرة يجيلي الطيار محترم و ذوق فوق الوصف,طعم_سيئ
الاكل جه مندي وانا طالب كبسة وبرياني,
.,
الاكل سيء جدا جدا,
جاي بيحاسبني على نص جنيه و يرفع صوته علي حسسني اني اصغر عياله,
جميل جدا بس كان مالح زيادة,طعم_سيئ
الورق عنب وحش جدا، الارز مهري و مفيش خلطة ولا طعم مجرد ارز مهري,
طلبت فراخ شيش وطلبت معاها بطاطس، اليطاطس جيالي بدود مقلي فيها ولما كلمت خدمة العملاء بعتوا اخدوا الاوردر واشرطوا ان للاوردر يكون كامل ورجعولي الفلوس، محدش يطلب منهم ياجماعة مقرفين بجد واكلهم طعمه بشع,طعم_سيئ نظافة_سيئة
انا ما شوفتش عفانة و نتانة اكتر من كدة يعني عشان الوجبة عليها عرض و استخدمت كوبون خصم يقوموا جايبينلي النص فرخة من غير دبوس الفرخة !!! يا ريت تقولولهم يبطلوا نصاحة بالدناءة دي,
قنبله واللهي,
ممتاز بس محتاجين تكون الفرخه مغسوله اكثر عشان الزفر خفيف فقط اما كل حاجه زي الفل والله شكرا للطاقم وفريق العمل😎💙,
الطعم جميل ومعه رز وسلطات ولكن التوابل والملح قليل جدا وحجم الحمام مش كبير في الصورة علي الأبلكيشن مرسوم جوز حمام وليس حمامة واحدة و الاوردر وصل حمامة واحدة فقط,طعم_سيئ كمية_قليلة
ررر,
روووعة تسلم ايديكم,
الممبار كان سيء جدا,
بيحط الاكل في اطباق صغيره جداً,كمية_قليلة
ذي الذفت واخد باقي الفلوس ٤٠ جنيه ومشي ومجاش تاني,
الرز مش كويس ابدا,
الفرخة كانت زفرة و مش مستوية كويس,
طلبت برياني فجالي مندي ومش عارف صراحة هل هما عارفين الفرق بين الاكلتين والاوردر غلط ولا هما مفكرينها نفس الاكلة,طلب_غلط
كنت طالب صدر فرخه و تمن كفته لكن وصلني ورك فرخه وتمن كفته,
حاطين الفراخ مزنوقه في طبق صغير جداً تفتح يوقع بره,كمية_قليلة
اولا الرز مش بسمتي ثانيا الفراخ تحس انها كتكوت مش فرخه صغيره جدا,كمية_قليلة
الرز حلو ولكن الفراخ طعمها مش حلو وكمان مش مستويه كويس والممبار حلو لكن مع التحمير اصبح مقرمش والرز صعب فيه,
عدم تسويه الاكل بطريقه جيده,
الشيش طاوق عباره عن عضم فراخ اول مرة اكل شيش طاوق بالعضم والقطع صغيرة جدا ومفيهاش لحم,طعم_سيئ كمية_قليلة
الفراغ لونها غريب و ناشفه و الرز طعمه وحش حسيت إني عايز ارجع,طعم_سيئ فساد_الطعام
Gar,
المشكله الوحيده انه وصل قبل الفطار بأكتر من ساعه,
عملي اسهال,تسمم_غذائي
طلبت التوصيل وقت الفطار وصل قبلها ب ساعه و في الأوقات العادية الطلب يتأخر,
الملوخيه كانت سيئة الطعم ..ملهمش فيها الصراحه الرز نص نص الفراخ بس هي اللي طعمها حلو,
طلبت شوربه كريمه .. و جالي شوربه لسان عصفور كمان السعر مختلف مطعم سئ و كاذب,
شاحنتي الدليفري ع ٢٤قرش ويوم اديته نص جنيه زعل وقال لي ما تديني جنيه وبيطالب ويتلايط وطفشني وهزئني ومشي,
طلبت الاورد وستنيت اكتر من ساعتين ونص وفي الاخر موصلش والمعامله سي,
انا طالب French .. جايلى عيش فينو بخسمه جنيه دافع ١٢٠ جنيه فى سندوتشين خلصوا فى دقيقتين ده غش,
البنجر مجاش مع الطلب,
طلبت نص فرخة الفراخ نيه ملهاش طعم والرز معجن و بواقي رز من كتر ما اتسخن,
الرز كان وحش وطعمه بايت,
الاكل استغفر الله العظيم ي رب,
الرز بايت بقاله يومين و الفراخ متلهاش طعم و البطاطس كتير منها محروق و ماعليهاش ملح. للأسف الجودة وقعت خالص,حرارة_غير_مناسبة
💯,
سندويتش الكباب فيه عظم عمري ما شوفت كده في حياتي,طعم_سيئ
الفراخ مش مستويه نهائى و العضم كله دم,
الرز كان حق 1/4 للاسف نجمة وحدة كثر عليه,
الفراخ مش مستوية خالص ومش طازة ومفيش رز ..,
الدبوس بتاع الفرخة مش موجود و حاطين العضمة فاضية !!!!,
وصل الطلب في ساعتين,
الفراخ مكنتش مستويه و الرز مش متبهر,
كنت كاتبه في الملاحظات اني عايزه ربع فرخة صدر وجالي ورك,
الدجاج تتبيلته مظبوطة و لكن لم يتم تنظيفه جيدا من الدم و الزفارة.. الرز بايت و غير طازج و غير ساخن. الخضار غير مطبوخ بطريقة مقبوله.. سلطة القدوس و المخلل احسن ما بالطلب,
كان الفراخ ناشفة,فساد_الطعام
الفراخ كانت جيدة الممبار كان سيئ,
اول امبارح الاكل كان ناقص الشيش طاووق واعتذرتم وقالى 15% خصم عالاوردر الجاى قبلت العذر النهاردة ناقص الكفتة من الوجبة كدا بقي انتم قاصدين مش غلطة,طلب_غلط
الدجاج مش مستوي وله زفاره سيئ جدا,
الفراخ والرز طعمهم وحش جدا دا غير اني كنت طالبه الفراخ صدر جاتلي ورك,
الفرخة مقطعة قطع صغيرة جدا وغير قابل للتقديم,فساد_الطعام كمية_قليلة
الاكل كان كانو بايت كده ومش مستوي حلو والطعم مش كويس,
الفراخ بتشد جامد بس عموما وجبه حلوه,
الرز مختلف المره دي و مش رز مندي,طعم_سيئ
طلبت الرز الي بالخضار جابلي الرز العادي طلبت الربعين صدر جوم صدر وورك غير ان الفراخ كانت زفرة ومش متسوية كويس دانا لو بإدي مديكوش نجمة هديكو بالسالب,
الدجاج يشد مش ناضج تماما,
تحفه,
ممتاز جدا والله,
مش نفس الأوردر اللي طلبته,
الكفته ناشفه وفيها طعم كده كانها هتبوظ والفراخ محروقه الرز هو اللى حلو والصوصات,فساد_الطعام حرارة_غير_مناسبة
أسوأ دجاج بحياتي اكلتو، الجلدة مالحة و لحمة الدجاجة بتعلك متل المطاط. مطعم سيئ جداً,طعم_سيئ
ملوش علاقة بالمندي,
الاكل طالع من المطعم متاكل والفراخ جاية عبارة عن عظم,
المندي عظيم الصراحة احسن مندي اكلته .. جبت مكرونة باشاميل بس كانت سيئة. المندي يستاهل 5من 5,
الاكل سي جدا جدا جد استغفر الله العظيم,
الفرخة محروقه شوية,حرارة_غير_مناسبة
ممتاز,
انا طلبت فى الطلبات الخاصة ان يكون ربع الدجاجة صدر واذا لم يكن متاحا يتم الغاء الطلب .. لكن ما وصلنى هو ورك الدجاجة.. اما التسوية فكانت ناقصة حيث تعرضت للشوى على نار عالية مما ادى لحرق الجلد رغم ان اللحم لم استوى كما يجب ! اما البنجر فكان حامض ورميته,طعم_سيئ طلب_غلط
الفراخ زفره وطعم الرز مش حلو,
الجناح متشال، و الأكل ناقص ملح بس طعمه حلو,طلب_غلط
اسوء وجبه اكلتها بصراحة انتوا بتبيعوا عينات مشً وجبات,
طالما الحاجة مش موجوده مش لازم نجود المطلوب بانيه جه فراخ مشوية و العيش اكنه بايت ثانيا الحواوشي مهري و يعتبر مفيش عيش,
بصراحة الأكل طعمه حلو لكن الفراخ صغيرة جداااااااا حرام السعر عليها دة حتى الصوص ربع العبوة والديلفرى طلع عييينى لحد ما وصل انا في سموحة مشي بحر ومش عارف يلف يرجع والمطعم اصلا جنبي عند كوبرى الإبراهيمية هو مشي عكس وكلمته ٣مرات وبعتله اللوكيشن مفيش,طعم_سيئ كمية_قليلة
الكميه صغيره جدا اصغر من كل مره و السمبوسك ناشف اوى و مش محشى كويس,طعم_سيئ فساد_الطعام كمية_قليلة
شكراً للطيار المحترم اللي وصل الأوردر,
مبارح واليوم طلبت كبسة والي بضل يوصل مندي مش كبسة !!!!! ليه كدا,
الفرخة كانت مش مستوية وشبه نية … مخيبة رغم بطلبها بشكل دوري ..,
كمية قليلة جدا وطعم سيء جدا جدا جدا جدا جدا جدا جدا جدا جدا جدا جدا جدا جدا,كمية_قليلة
وصل لمنزل خطأ واضطريت اني انزل ١١دور بسببه,
انا طلبت ربع كباب و كفته جالى ربع كفته بس و في فرق فلوس,
اكل حلو,
الاوردر ناقص بطاطس,طلب_غلط
في صحن فتوش ناقص,طلب_غلط
نظيف جدا جدا,
سلطة بابا غنوج متاكل منها !!! ايه دا بجد,
الطحينة كانت فاسدة و الفراخ سيئة حتي الارز لم يكن كعادة حضرموت صراحة الوجبة كلها سيئة المرة دي,طعم_سيئ فساد_الطعام
جامد جداا و الكميات حلوة جدا 👌👌,
بصراحه الاكل كان طعمه وحش جدا جدا والسعر كان كتير عليه جدا للاسف تجربه سيئة ومش هتكرر تانى,طعم_سيئ
الفرخة ممتازة لكن طبق الممبار صغير جدا على غير العادة يعتبر نص ما كان الأول والطحينة خفيفة جدا والسلطات غير ما اتعودنا من حضرموت المرة دى متبسطناش,طعم_سيئ كمية_قليلة
كل مرة بيجي فرخه مشاوي معها رز مرة ديه بطاطس كانت سيئة بس مطعم انا بحبه 😂😂😂,طعم_سيئ
الفرخة كانت محروقة شوية,حرارة_غير_مناسبة
ملوخية وحشه جدا,
لا الاكل مكنش مستوى والرز كان لونوا غريب جدا النهارده,
الاكل وحش جدا. نص فرخه صغير جدا ومفيهوش اي لحم فتوش من غير اي دريسنج.. الحاجه الوحيده اللي تتاكل هي الرز,كمية_قليلة
الأرز فوق الممتاز كمية وطهي، الدجاج صغير الحجم للأسف لكن طهيه جيد جدا، الكفتة جيدة وإن لم أشعر بنكهة الفحم فيها، السلطات أساسية مخلل وطحينة سائلة وسلطة خضراء والسحاوق(الصلصة الحريفة) جيدة.,نظافة_سيئة كمية_قليلة
الاكل وصل بسرعة تغليف ممتاز الاكل وصل سخن الكواليتي ممتازة,
الرز بايت و طعمه وحش و الفراخ طرية و ريحتها وحشة كإنها ميتة مش مدبوحة,طعم_سيئ
حسبي الله ونعم الوكيل ده مش حضرموت اصلا بيضحكو علي النتس بالاسم,
يقرف,نظافة_سيئة
طلبت مندي فراخ و الفراخ حرفياً ناشفه و واضحه وضوح الشمس انها من بواقي طبخة يوم قبلها اتسخنت,فساد_الطعام
من المفروض قفل هذا المطعم عدم احترام الزبائن,
الاوردر كان سئ جدا ومحروق معظمه ده غير انه جى بشكل سئ واكنه وحبات توزيع مجانى,حرارة_غير_مناسبة
الطعم سئ جدا والأكل مش مستوى,
محدش يشتر منهم فراخ او كفتة بنصحكم بدا الاكل اوحش حاجة في الدنيا الفراخ اقسم باللة بواقي متسخنة وزفرة تقرف طعمها بشع استغفرالله,نظافة_سيئة
انتو بتأكىو حمير مش بني ادمين ونصيحه متطبخوش تاني,
الفراخ جت طعمها يقرف اوحش فراخ في المجرة اوعوا حد يشتري منة يا جدعان,نظافة_سيئة
الفرخه كانت زفره شوي ومفيهاش ملح ولا تتبيله ولا بهارات خالص ف طعمها مر شوي الحواوشي كان جميل صراحه,طعم_سيئ
الاكل سئ والأوردر ناقص والفراخ مش مستويه,طلب_غلط
الطلب ناقص 3 اوردرات,طلب_غلط
!!,
الكبسة سئ جدا و الدجاج ريحته مش زكيه ابدا,
مكنش حلو اوي,
اوسخ مطعم في اسكندرية والله طلبت نص فرخة مشوية الاوردر جالي تلات قطع فراخ مهرية. -كانت بواقي اوردرات سابقة- وانا استغربت فعلا لان الاوردر طلع من عندهم بعد سبع دقايق بالضبط من وقت الاوردر تجربة اسوأ من السوء وحرام والله اي حد يضيع فلوسه في ...,نظافة_سيئة
😍😍,
جالي تسمم و علقت محاليل,
اول مره جربت الفراخ المشويه كانت اكثر من رائعه لكن للاسف كررتها كانت اقل جوده و جواها مش ناشفه جامد فيها دم قليل بعد كده جربتها مره تالته للاسف كانت أسوأ وأسوأ ومن الداخل فيه دم اكثر و سواءل للاسف,طعم_سيئ فساد_الطعام كمية_قليلة
الاكل بايت و طعمه سيئ جدا والفراخ زفره جدا اكل مايتاكلش واترمي مانصحش حدا بهذا المكان السيئ,
انا مصدومة من الخدمة الاكل وصل في وقت قصير جدا واتفاجأنا الرز بايت وطعمه سيء جدااا جدااااا والفراخ المندي ولا ليها اي طعم والمشويات لا تعليق الاكل اترمى ودي اخر مرة هنتعامل فيها معاكم,طعم_سيئ
"الاكل سي جدا جدا جدا ورمناه ,الارز وحش والفراخ ملهاش طعب والكباب كله دهن وله ليه طعم",
الاكل سئ جدا جدا تجربه سيئه اوي الازر كان وحش خالص مش يتاكل والفراخ فيها ريحه زفاره ومش طازه خالص,
كنت طالبه فراخ بانيه لاقيتهم باعتين فراخ صدور مشوية، ساندوتش الشيش طاووق وحش و عبارة عن فراخ ملفوفة فى عيش شامى من غير اى حاجة,
طلبت فراخ مشويه ولا رز ولا بطاطس الفراخ كانت جميله جدا التتبيله رائعه والفراخ ناشفه يعني مافيش اجزاء منها فيها دم او مش مستويه كلها الشوي واصل لها. المهم يفضلو على نفس المستوى,فساد_الطعام
مطعم يستحق صفر من 10,
راجل الدلفري محترم جدا جدا ❤️❤️,
الممبار ني والرز مش مستوي,
الطلب خاطى اريد الاستبدال,
الاكل سيء جدا ، تسوية غير جيدة ، فراخ غير منظفة جيدا و مليئة شعر ، طلبت مندي و كبسة و جالي كله مندي,نظافة_سيئة
الاكل مالح جدًا جدًا و حرفيا متاكلش منه ولا معلقه .. اخر تجربه 👎,طعم_سيئ
الالكل مالح والدجاج غير مستوي,طعم_سيئ
المندي مالح,طعم_سيئ
طلبت كبسة و جالي مندي و كان الاكل بارد و الفراخ نيه,حرارة_غير_مناسبة
الاكل بارد,حرارة_غير_مناسبة
الاوردر ناقص,طلب_غلط
العرض المفروض فيه طرب مع الصينيه بس جيه من غيره,
طالب فراخ جالي حواوشي,
جامد ياجدعان و صاحب المطعم راجل محترم وصرحنى لما طلبت حمام محشى قالى حا يبقى صغير شوية لما جالى لقيت حجمه حلو مش صغير و حططلى ٤ ممبار هدية,كمية_قليلة
طلبت ميرندا تفاح جالي ميرندا برتقال والاكل برد ولسه موصلتش الميرندا,
قمه الاستخفاف بالعميل وقله الضمير كنت طالب وجبه ميكس جريل لارج عباره عن نص فراخ مشويه وتمن كفته جايلى ربعين وراك ناشفين وطعمهم سئ وطالب ملوخيه حادقه وطعمها سئ وابلكيشن زفت مفيهوش حتى طريقه للشكوى,فساد_الطعام
الفراخغير طازجة,
الكول سول بايظ و رميته الفراخ كلها دم و مش طازة و متسخنة بس,فساد_الطعام
اللحم فيه دود بيمشي فيه وخرج على الصحن بطريقة بشعة حسبنا الله ونعم الوكيل,
السلام عليكم في ساندوتش زايد علي الاوردر بتاعي,
الشوربه بارده من يومين عندكم,حرارة_غير_مناسبة
Tmm,
الاكل وحش جدا وطعمه سي للغاية الاكل معجن ووحش اوى والكفته طعمها مش حلو والشوربه طعمها دلع,
اقذر اوردر ممكن بخرج من اي مطعم تحت السلم انا رجعت الاوردر,نظافة_سيئة تسمم_غذائي
الاوردر وصل غلط 2 طبق ممبار بدل ورق عنب و ممبار و الحمام كان سيء,طلب_غلط
طلبت نفر لحمه كبسة اللحمه جايه ريحتها وحشه وملهاش طعم والرز معجن,
مكس كباب جالي كله كفته مش اول مره تحصل,طعم_سيئ
المنبار هذي المره كلش تعبان و هو و الكتم و كل حاجه,طعم_سيئ
الاكل وصل بسرعة و سخن تجربة ممتازة,
الاكل كان وحش جدا و مكنتش كفتة جريل و الكولسلو كانت حامضة ، تجربة وحشة,طعم_سيئ
٣ اصابع كفتة و ٣ قطع لحمة ازاى نصف كيلو ربعين الاوردر غير صحيح,
النص فرخه كانت مندي مش كبسه,
أما زبونة بطلب كثيرا من هذا المطعم مكان جيد والطعام جميل ولكن الملوخية كان طعمها مش مظبوط هذه المرة,طعم_سيئ
الفراخ محروقة,حرارة_غير_مناسبة
شوربة العدس مجاش,
مطعم زباله وحاجه قمه ف العفانه والاكل طعمه وحش جدا ومش طازه الاكل بايت ومسخنينو حسبي الله ونعم الوكيل,طعم_سيئ
جيد,
طلبت طرب جالي كفتة شكلها عجيب جدا اول واخر مرة,طعم_سيئ
الطرب حاطط قطعة واحدة هى القطهة ب ٣٥ جنيه؟ اسعاركو غالية جدا,سعر_غالي
كفته وكباب مش مستويين كويس زي ما يكون اي حاجه عليها عرض مبتبقاش بجوده كويسه,
الفرخة صغيرة اوى والشيش مش مكتوب انه ساندوتش بلدى فى ٣ قطع وب٣٥,كمية_قليلة
الاكل ممتاز و سرعة رهيبة في توصيل و الاكل وصل سخن يستحق التجربة,
اوردر فوق الممتاز,
جامد,
الفرخة المشوية كانت نص نص بس الرز كان وحش. كمية السلطة كانت بالظبط معلقة واحدة,
الحواوشي مش محشي كويس زي الأول للأسف! آخر مرة أجيب من عندهم حواوشي.,طعم_سيئ
طعمه وحش جدددا والقيمه مقاابل السعر صفر ررررر,طعم_سيئ
تمام,
مجربتهوش دليڤري بس حصلت صدفة اني دخلت الفرع عندهم اكل مرة و قرفت بجد حبيت احذر الناس لو حد بيبص على الريڤيو، الطعم حلو لكن اللي شوفته بعنيا القذارة ان اللي بيعمل الاكل بيستظرف مع صاحبه بيمسك الاطباق ببقه! في زمن كورونا كمان رايح تمسك طبق ب بقك. قذارة...,طعم_سيئ نظافة_سيئة
اكل سئ جدا من اول الفراخ الي صغيرة جدا وملهاش طعم ل الرز الي بايت ومعجن وحتي الطحينة الي عاملة شبه المياة طلبت معاها شوربة كريمة كانت دون المستوي وملهاش طعم مستحيل اطلب منه تاني,كمية_قليلة
و طعم الفراخ و الحمام زفر اوي بصراحه و طعمه ميتقبلش الا لو واحد ميت من الجوع اوي,
.. الاكل ناقص توابل و ملح قوي حسيت بزفارة في الممبار و ورق العنب كان وحش طاجن الخضراوات باللحمه الخضراوات حلوة بس اللحمه فراخ مش لحمه لحمه و طعمها وحش برده تجربة سيئة و مش هتتكرر 🥲,طلب_غلط
ما شاء الله اكل تحفه,
السندويش افضل وصف له انه حقير و طعمه يقرف.. الكلب عندي رفض ياكله,نظافة_سيئة
الاوردر مفيش حاجة زي اللي طلبته!!!!!! ورق عنب مجاش الفتوش عيش شيش طوق ناشف و ملوش طعم لو كفاءتكم باليل مش قد كده بتاخدوا اوردر ليه,فساد_الطعام
الكبسه طعمها حلو بس معجنه جدا والحواوشي محروق,حرارة_غير_مناسبة
بجد الباميه اسوء حاجة كلتها متسبكه بطريقه غبيه مفيش بني ادم هيكلها كدا يعني وتقريبا بيعدو الباميه وهما بيحطوها دا مفيش باميه خالص كلها صلصه ويارتها حلوه انتو عايزين تجبولنا المرض,طعم_سيئ
Goood,
السلطة كان فيها شعر,نظافة_سيئة
وحش جدا جدا والفراخ بايظة وريحتها وحشة اوي ورمينا الاكل كله,فساد_الطعام
طبق الرز لوحده المفترض يجي مليان عن كدة,
الدجاج كان فيه طعم عفن و مباشره رميت الوجبه,
الرز جميل جدا وسوى الفراخ ممتاز وانت الاستجابة لطلباتنا بخصوص تغليف الصوص بالكلينج فيلم ولكن حجم الفرخة صغير نسبيا,كمية_قليلة
جميلة جدا المندي بس الصلصة وصلت مقلوبة في الكيس نتيجة لعدم قفل العلبة بإحكام وتغليفها بالكلينج فيلم! الحواوشي حلو جدا بس كمية العيش فيه قليلة قوي فمش متناسبة مع كمية اللحمة اللي في الرغيف.,كمية_قليلة
الله ينور,
الوجبة صغيرة مقارنة بالسعر والطعم مش احسن حاجة,كمية_قليلة
اللحم عجوز جدا وطعمه سيء ويعتبر ني وليس به نكهة المندي,
الفرخة جاية من غير رز,
جميل جد,
الاكل اترمي منصحش اي حد يعمل في نفسه كده و يجربه ميستاهل والله العظيم جنيه اللحمه تقرف و خصوصا الكبسه بقي حاجه تسد نفس اي حد يشوفها و المندي كفايه الزفاره اللي طالعه من الفراخ ده حتي الصلصه اللي جايه معاه متشجعش انها تتحط علي الاكل و المحشي معجن بطري...,نظافة_سيئة
والله الاكل ولا يستاهل نجمه حتي المندي الفراخ ريحتها تقلب البطن من الزفاره و الكبسه لحمها بيشد و والرز معجن و حاجه تقرف و مشوفتش فحياتي محشي ب القرف اللي شوفته معجن و الرز في شعر منصحش اي حد يجربه و لو كان ينفع كنت رجعت الاكل انا مستحرمه ارميه ولا اس...,نظافة_سيئة تسمم_غذائي
الكفته مش حلوة,
اللحم ما بيتاكل ورميتو كلو,
الاكل مالح جدا بس مقبول,طعم_سيئ
وصل خضار بدل بطاطس و طاجن صغير جدا علي انه يكون ب ٧٥ جنية ايه ضحك دة,كمية_قليلة
ال3 رغيف حواوشي محروقين!!! ومش متقفلين كويس والحمص مفيهوش حمصاية واحدة,حرارة_غير_مناسبة
جودة الطعام جيدة ولكن في أوردر وصل غلط,طلب_غلط
الاكل ردئ جدا,
👍 بسم الله مشاء الله تسلم أيديكم,
اللحمة مش مستوية خالص و الرز طعمه غريب و الصوص حامض غير انه إتأخر ساعة و نص عن ميعاده تجربة سيئة جدا و المطعم بالنسبة لى اصبح black list,طعم_سيئ
الفراخ ريحتها سيءة جدااااا فيها زفارة و مش نضيفة رميتها بحالها,
الفر خه محروقه نيه من الداخل طعم سي ومنفصل وكانها من فرختين مخالفتين,حرارة_غير_مناسبة
الاكل غير جيد والحواوشي محروقه,حرارة_غير_مناسبة
الكول سلو كانت حمضانه,
الاكل مش حلو للأسف,
الفراخ مكنتش مشوية كويس المرادي وكانت ناشفة,طعم_سيئ فساد_الطعام
تسلم ايدكو الاكل النهاردة جميل,
كله تمام الله ينور,
خرا والفراخ كلها زفارة ومش حلوة والبطاطس شاربة زيت,
كله زي الفل بس السلطات محتاجة توابل بس,
والله لو كان فيه صفر كنت عطيته بسبب الاكل الوحش جدا ده والفراخ كلها زفارة وريحتها وحشة ومتنفعش ان بنى ادمين تاكلها والبطاطس اللي شاربة زيت ومفيهاش ولا ذرة ملح. بجد من اوحش المطاعم اللي طلبت منها اكل ومش هطلب من عندكم تانى,
كان كويس جداً المرادي فراخ مشوية كويس مش مفحمة او ملحقتش تقعد عالنار والرز كويس محتاج يزود كميته شوية بس في الطبق الصلصة حلوة بس بيقدموها في علب صغيرة وكانو بيقدموها في علب اكبر من كدة,طعم_سيئ كمية_قليلة
الاكل موصلش والاوردر اتكنسل من غير م حد يبلغني بعد ساعة ونص من م طلبت اخر مرة هطلب سواء من المطعم او من ابليكشن المينوز علشان ده اسلوب مش محترم ومفيهوش ذرة احتراف,طعم_سيئ
الفراخ محروقة وطعمها صعب جدا,حرارة_غير_مناسبة
الكفته مش مستويه كويس,
سواق الدليفري اخد الفلوس و اتحجج ان ماعوش فكة و مشي يفك و مارجعش الباقي,
كميات قليله جدا جدا وطعم سيء جدا وسلطات سيئه,كمية_قليلة
سيء جدااااااااااااااااااااااا,
فرخه مش كبسه جيه مندي و الطعم سئ للغايه,
اسوأ مطعم في اسكندرية الاوردر جالي غلط وعملت شكوى جم اخدوا الاوردر وجابوا الاوردر غلط تاني بعد ساعة ونص تقريبا والأكل طعمه سيء جدا ومزيت وباين جدا انه متسخن ومش طازة,طلب_غلط
احسن فرع ف اسكندريه حقيقي,
جوده الطعام سيئه للغايه,
بارد,حرارة_غير_مناسبة
الاكل سئ و الطعم سئ و اللحمة سيئة لا يمت لحضرموت بشئ,
رااائع,
الاوردر ناقص ومش الاكل اللي طلبته,طلب_غلط
اه,
لا شكل ولا طعم ولا جوده مش كويس ابدا منصحش اي حد يطلب منه,
الاكل زفت و متسخن,
الاكل ورق العنب غير مخدوم ومهري جدا والربع فرخه صغير جدا,كمية_قليلة
مش مشكلة اي حاجة والله بس النظافة النظاااااافة يجدعان والله يعني مش لازم لا شعر ولا قرف و لازم الفراخ تكون متنظفة كويس و الرز و الحاجات كلها و بس والله شكرا بس لذيذ و بس يتعدل حبة و يكون عال العال....,نظافة_سيئة
الامل وحش اوى اوى اوى الفراج معموله من فتره ومسخنه وحاجه استغفر الله العظيم بجد,
مش زي زمان,
الفراخ مكانتش مستويه كويس وفيه حتت كان فيها ما أشبه بالدم وحسيت أنها مش متنضفه احسن حاجه والحمص مش حلو خالص,
زبالة,
سيء سيء جدا,
يسلموا يديكم على اكل,
الرز ملوش اي علاقة بطعم المندي ، لونه اصفر فقط . سئ جدا,
النظافة معدومة ممكن تلاقي كائنات فضائية فالرز عادي,
انا كنت طالب طرب ...اللي وصلني كفته ..و محروقه,حرارة_غير_مناسبة
جميل ديما كده بقي,
النص فرخة صغيرة جداً,كمية_قليلة
قذر ومعفن,نظافة_سيئة فساد_الطعام
اللحمة فيها شعر محتاجة تتنظف كويس قبل تحضيرها غير كدة تمام,نظافة_سيئة
الفراخ مش مستويه اووووي,
السلطة كانت فاسدة وما كانش فيه غير معلقة وما كانش فيه صلصة مع الماندي,فساد_الطعام
الطعم سئ,
طلبنا طرب بعتولنا كفته والاوردر جاى من غير معالق والحواوشى محروق شويه بس مقبول يعنى,حرارة_غير_مناسبة
الحواوشي اللحمة مش مستوية نهائي لونها احمر واضح قرفنا للاسف,طعم_سيئ نظافة_سيئة
أسوأ اكل اكلته في حياتي بجد اكله وحش جدا لا يطاق يعني مطعم اسم على الفاضي,
سئ,
الاوردر كان كباب مشكل جى كله كفته بس ومش اول مره يجيلى اوردر منكم غلط قبل كده طلبت ورق عنب جالى منبار,طعم_سيئ طلب_غلط
سئ جدااااا فرع مش كويس,
سيء جدا جدا,
كنت طالبه وجبتين واحده ربع فرخه مندي وتلت كفته وربع فرخه مشويه وتلت كفته.. الربع فرخه المشويه جاتلي من غير دبوس زي وطعمها مش طازه كأنها بايته او بواقي.. وجاتلي سلطات لوجبه واحده بس واحد طحينن وواحد سلطه خضرا وواحد صوص احمر والتانيه جه معاها الصوص الا...,طعم_سيئ
الفراخ زفره اوي وريحتها مش حلوه,
طلبت نفر لحم مندي سوبر..اللحمة كان فيها ريحة مش ظابطة ولونها غريب وقاسية جدا عبارة عن خشب مش لحم وبعض القطع كان فيها شعر..الطلب ده كان يوم ٢٥ يناير كلمت المنيوز ورجعوا الأكل..المطعم ما اتصل ولا قدم أي اعتذار ولا توضيح,نظافة_سيئة
كل مرة الاوردر مش مطابق أو ناقص..ومحاولات بالساعات مع الموقع واتصال بالمطعم وحجج وعدم احترام الزبائن...,طعم_سيئ طلب_غلط
الرز لونه فقط مندي .. الطعم زيرو,
الاكل موش حلو خالص,
طلبت كفتة طرب.جالى كفتة عادية.,
الاكل كان كويس بس طلبت صدر وجاب ورك,
بصراحة طعم جميل جداً وكمية كافيه,
الأكل كان مليان شطة وأنا عندي حساسية من الشطة مش عارف ايه القرف اللي حصل دا,نظافة_سيئة
الأكل كان حلو اوي مزيد من التقدم بقى لاني بطلب كل يوم من عندكم ❤️,
ميستاهلش نجمة واحدة حتى كنت طالب فرخة مشوية جه نصين صغيرين جدا ومعاهم معلقتيين رز فطبق فويل وكام رغيف عيش وهو ده الاوردر مطعم سئ جدا بصراحة ومنصحش حد بيه خالص,كمية_قليلة
الأكل جميل جدا خصوصا الشيش عجبني جدا شوي ممتاز وطعم الفحم واضح,
كنت طالب واحد ورق عنب و واحد ممبار جالي ٢ ورق عنب,
حضرتك انا كنت طالب ساندوتش طرب جالي كفته,
سئ جدا,
طلبت طرب لتاني مره جالي كفته ومش فاهم ليه كدة,طعم_سيئ
طلبت ماندي ارسلتم مشوي ؟!!!!! الحواوشي الحشو قليل جدا وناشف,فساد_الطعام كمية_قليلة
شيف حضرموت انت لو حلاق مش هتبعتلي الطرب ده مطعم خ ر ا,
وجبه بدون سلطات,
انا كنت طالب طرب جالي كفته !!,
كالعادة معرفش ليه كل اوردر من حضرموت لازم ييجي فيه حاجة غلط كنت طالب نص فرخة مشوية مع فرايز جاتلي مع رز,طلب_غلط
مش حلوه زى كل مره,طعم_سيئ
الاوردر صغير ومش زي مانا طلبته وده غلط من المطعم,كمية_قليلة طلب_غلط
بصراحه حابب اقول لمطعم حضرموت ان عربيه الاكل في الشارع انضف واحسن من اكلكم الف مره فراخ بقالها اسبوع حاجه في منتهي السوء والقذاره اسوء مطعم في العالم الشيف الي بيشتغل هناك يا ريت يشوف رسالتي شوفلك مصلحه تانيه اشتغل سباك قهوجي بنا بس ملكش دعوه بالاكل,طعم_سيئ
انا كل مرة اطلب من عندكم يوميا اليوم الدجاج ابد مطيب و التمن كذلك ما السبب ؟,طعم_سيئ
جميل وخدمه ممتازه,
سيئ الفرخة ب 130 جنية و صغيرة و محروقة وحجم السلاطة و الطحينة و العيش صغير جدا,حرارة_غير_مناسبة كمية_قليلة
الاكل سيء,
مش حلو ابدا,
👍🏻👍🏻👍🏻👍🏻,
الكمية قليلة جدا بالنسبة للصورة اتمنى تلتزموا👍🏻,كمية_قليلة
اجمالي المبلغ غير اللاجمالي اللي بظهر بعد تأكيد الاوردر ودي تاني مره يحصل كده,طعم_سيئ
الاوردر كله غلط طلبت طرب جه كفته و كباب جه لحمة مشوية و الطحينة خفيفة جداً,طلب_غلط
جيد جدا,
الأكل جة سخن وملفوف كويس والطيار عرف المكان ووصل على طول hassle free delivery,
الخصم,
المندي صغير جداً,كمية_قليلة
الدجاج مش محمر كويس و البطاطة كمان و الارز لازم يكون نفس الرز بتاع الفراخ,طعم_سيئ
Tsamom,
الفرخة مسلوقة وطعمها ميتاكلش والطحينة شبه المايه وعاملين صلصة معفنة عبارة عن طماطم مضروبة فى الخلاط والسلطه الطمام الى فيها بايظة بخصوص الحوا الحواوشى طعمه حلو,فساد_الطعام
الاكل وحش جدا الفراخ كلها دم و عروق و الرز طعمه سيء جدا,
طلبت كبسه و كانت فيها شطه كتير جدا لدرجة اني تعبت منها و بطني وجعتني و الفراخ مش مستويه للاسف كانت نص سوا الحواوشي طعمه حلو بس صغير جدا مقارنة بحجمه,كمية_قليلة تسمم_غذائي
الاكل حلو بس بحالات الحواوشي حلو بس فاضي للأسف الفراخ كذا مرة تبقى ناشفة أو مش مستوية كويس و أخر مرة طلبت بنجر جه كول سلو,طعم_سيئ فساد_الطعام
جميل الاكل,
الرز بس شوية صغيرين جدا جدا,كمية_قليلة
السلطه والأرز مش كتير عينات,
مبدأيا التعامل مع العملاء زي الزفت وكل ما اقول على حاجة تتنفذ ما بتتنفذش وطلبت ان الاوردر يتغير والطيار لسه مطلعش ولا استلم الاوردر والاكل لسه في المطعم واقوله يبدله يقولي انو اتغلف ناهيك عن الاسلوب الزفت الي لما اقوله الغي الاوردر يقولي لازم تكلم ...,
الطيار خد فلوس زياده عن سعر الاوردر,
الممبار كميته قليله جدا بالنسبه لسعره,كمية_قليلة
طلبت زيادة صوص طماطم و مجاش فممكن تزودوه فالمنيو بحيث لو انا عايزة زيادة ادفع تمنه,
الاكل مش حلو خالص,
طلبت سلطة بنجر جالي بدالها كول سلو.. اتصلت بالمطعم قالولي ف الاول اديهم العنوان يبعتوهالي لكن الخط قطع.. رجعت اتصلت بيهم قالولي ان البنجر خلص وبعتولي الكول سلو بداله الطيار كان فوق الممتاز وف منتهى الادب والذوق لدرجة انه عرض يروح يجيبلي الطلب الناقص...,طلب_غلط تسمم_غذائي
خلو الشيف يهتم بالاكل شويه,
الأكل كان حلو اوى و نضيف,
الاكل مش حلو نهاءى,
الاكل كان سئ جدا,
الرز البسمتي جالي كبسه حراق,
سئ جدا جدا جدا و اخر مرة اطلب منهم طلبت فراخ شيش مشوية جاتلي مش مستوية و و ملهاش طعم و الرز غرقان زيت,طعم_سيئ
الطلب وصل من غير كول سلو,
الاكل بايظ,فساد_الطعام
الاكل كان سخن جدا و نظيف بس الفراخ كانت عايزة تستوي شوية,
العيش كان به حروق,
كمية ورق العنب والممبار قليله على سعرهم,كمية_قليلة
متوسط,
المطعم كان كويس جدا .. بس بدا يعك اخر طلب كان كبسة فراخ جاء مكانة مندي .. وكنت طالب بامية ب 25 ج جاه والله بالظبط 5 قطع بامية القطعة كدة واقفة عليا ب 5 جنية كأنها مستوردة من امريكا وبتسمع موسيقي.,طعم_سيئ
تمام لكن الارز غير كافي بالمرة,طعم_سيئ
البطاطس طالعه لونها اسود !!!,
فوق الممتاز,
الفراخ كويسه لكن الممشى مش قد كده,
تم طلب محشى ورق عنب وتم ارسال طبق ممبار ( فوجئت به ),
تجربه سيئه جدا وياريت توصلو ده للمطعم ومش هطلب من عندهم تانى طبعا,
الحواوشي دا بيتباع برا احسن منه ب ١٠ جنيه والكفته مش مشويه وطعمها مش كويس شكرا ليكم دا اول تعامل مع الفرع دا,
انا طلبت طرب و جالي كفته !!!!,
الحواوشي سيء جدا,
لماذا لا يوجد دليفري توصيل لمول تيفولي دوم اكثر من ساعه لا يتم قبول الطلب,
دفعت قيمة الوجبة مرتين,طعم_سيئ
الاكل حلو بس الحواوشي معجبنيش,
التغليف سيء جدا للأسف,
مش الجودة المعتادة,
تسلم ايديكم,
زباله,
اولا اول ما فتحت لقيت شعرة في الاكل. ثانيا الاكل كميته قليلة جدا وطعمو خرا ميستحقش ربع الفلوس حتي,نظافة_سيئة كمية_قليلة
خدمة ممتازة جدا و دليفرى محترم و الأكل نظيف,
الكمية قليلة والكبسة سبايسي جدا والرز مش احسن حاجة,كمية_قليلة
خدمه ممتازة بس الاوردر اتاخر,
قليل جداً,كمية_قليلة
الكبسه كانت حرقااااااه جدا جدا بدرجه متتكلش !!!!!!!!! باقى الاكل ممتاز,
الاكل حلو لكن الطلب وصلي سبايسي وانا مش طالبه كده,
كنت طالب صدر مش ورك ومع ذلك جه ورك شئ مستفز جدا,
صدر الفراخ مش مستوي,
وحش جدا وريحته سيئه وشارب زيت ومش مستوى ولا متنضف كويس,
marwan5kk5@gmail.com المطعم نظيف جدا و اكله ممتاز,
الطعام غير ناضج,
دول شويه نصابين وحرميه والاكل عندهم زباله اول شى ريحت الاكل زفره وكميه اكل قليله وأسلوب زباله فى التعامل حقيقى انصح الناس بعدم التعامل معهم,كمية_قليلة
الفراخ زفرة جدا حاجة مقرفة رميت فلوس فى الارض,طعم_سيئ نظافة_سيئة
الاكل سبب لي تسمم اللحم سيي جدا وكانه لحم كلب حسبي الله ونعم الوكيل,
خرا,
الدجاج كان فيه أجزاء نيئة تماماً,
الفراخ مش حلوه خااالص,
الكفته كويسه الفراخ ريحه النتانه فيها قلبت الشقه تجربه زي الزفت الصراحه,
الصلصة الحاره مش كويسه خالص. الاول كنتو بتعملوها كويس دلوقت طعمها بقا وحش جداً,
كله تمام,
٥ قطع ممبار صغيريين ب ٣٥ ج سعر مبالغ فيه,كمية_قليلة سعر_غالي
ل,
الماندي لم يكن كامل السواء,
في شعر علي الفراخ حاجه مقرفه,طعم_سيئ نظافة_سيئة
الدجاج غير مستوي,
في طلب وصل غلط,طلب_غلط
كلشي ❤️,
ارسلت شكوى امس ارجو ارسال بديل للوجبه الحارة,
كان من المفروض التنبيه علي العملاء بمكونات الكبسه لأنني فوجأت بأنها حار اوي اوي ولم استطع تناولها,
حادق اوي كل حاجة حادقة مش مظبوطة رجاء عدم الإستعجال وموازنة معيار الملح وده عشان مش اول مرة آكل من عندكم وعارف قد ايه انتم ممتازين,طعم_سيئ
اولا.الملوخيه كانت خفيفه خالص ثانيآ.انا كنت طالب ربع طرب وثمن كفته وثمن كباب مشوفتش ريحه الكباب وجالي بدلها لحمه وكان الاكل بارد ف دي كانت أول واخر مره اتعامل فيها مع المطعم...,طعم_سيئ حرارة_غير_مناسبة
الفراخ كانت سيئه المره دى جدا والمكرونه مش حلوه,طعم_سيئ
اللحمه كثيرة الدسم,
الصوص الأحمر حامض,طعم_سيئ
الاكل حلو جدا جدا بس الصلصة والطماطم مع الحر طعمهم متغير شويه,
اللحمه نيه وطلبت طاجن بطاطس باللحمه جالى مليان خضار والملوخيه سيئه وسقطه,
المفروض ان كل طلب يكون له العيش الخاص به والسلطات الخاصة به ماينفعش باعت سلطات وعيش الاوردر واح فقط طيب والطلب التاني بدون سلطات اوعي ماينفعش الكلام ده ايةالحل دلوقتي واحد ياكل والتاني لا,
الطعم محتاج توابل اكثر,
طلبت نصين فرخة مندي، كان ناقص سلطة ومخلل وطحينة. الفراخ كانت مش مستوية وطعمها زفارة ورميت نص الاكل .. لا أنصح بالتعامل مع هذا المطعم نهائيا,طلب_غلط
تأخر جدا جدا الأكل كميته قليله جدا,كمية_قليلة
فرخة مشوية آكتر من مرة وناشفة السلطات حمضانة الكفتة مش كفتة ولا الطرب طرب عندي قط مرضاش ياكل الاكل اترمي كله لولا إن فيه خصم كان زماني عملتلكو محضر في القسم جتكو القرف,طعم_سيئ نظافة_سيئة فساد_الطعام
وحش أوي,
It wasn’t tasty,
طالب طرب جالي كوفته,
مطعم سيء لا أنصح به من حيث الكميات والجودة وخدمة العملاء,
طلبت وجبة لحم طلعت من عبارة عن عضم وسعر الوجبة اغلى من كيلو لحم,
الله ينور تمام,
سيء جدًا,
الفرخة المشوية معفنة,فساد_الطعام
الاكل شوية مش مستوي بس سرعه التوصيل رهيبه,
طلب خاطيء كفتة بدل كباب تأخر ساعة كاملة,
رائع كالعاده,
الرز قليل,كمية_قليلة
المنيو كلها غير متوفرة لا الله ينور اقفلو بقي,
مطعم نضيف و محترم و دائماً بينزل عروض,
الفراخ كوبسة والبطاطس مش فارم حتى ومش مستوية ومتستاهلش تمنها اطلاقا,
حقيقي التسويه وحشه جدا والاكل ريحته مش كويسه تجربه مش كويسه بالمره,طعم_سيئ
السلطه حامضه والطحينه ميه,طعم_سيئ
للاسف سء جدااتات,
الطعم مش زي اكل البيت و مكنش سخن كفايه والكميه صغيره,كمية_قليلة
كل حاجه تحفه طعم وريحه وسخن وطازة والدليفرى ذوق واخلاق,نظافة_سيئة
لا يوجد فاتورة,
رائع جداااااا والدليفري ممتاز يسلموا,
مفروض تضيفوا صلصه اكتر وتظبطوا اكتر لكن....,
ا,
الكبسة حامية جدا والرز مهجن بجد كان سيء جدا وتم طلب ورق عنب ارسل ممبار قمة الإهمال,
❤️,
"السلطة عينة صغيرة جدا ومفيش شربة ولا طحينة والتلات انواع اللي طلبتهم مفيش فرق ملموس, كلهم شبه بعض والطعم محتاج بهارات اكتر",كمية_قليلة
محترم جدا,
مقبول,
الاكل غير مستوي بالدرجه الكافيه,
بس الريحة مش كويسة معرفش ليه,
مش ده الاوردر المتعودين عليه,
وجبه ١/٨ تيس وصلت رز وعظم اللحم كان قليل جدا لا تستحق ثمنها,كمية_قليلة
باعتلي شوربة عدس مكان شوربة كريمة .... وباعت طحينة مكان الحمص.... والفراخ زفرة. اسوأ طعم واسوأ خدمة....مكان مقرف,طعم_سيئ نظافة_سيئة
اخذ التوصيل ساعتين ونصف,
الفراخ مش مستوية كويس,
😀,
لم يصلني الطلب لظروف قهرية للكابتن,
اكل سيئ للغايه و راحته سيئه اسواء تجربه حقيقي,
رائعة,
ميرسي كثيىر الطلب تخفة,
3 سعات علشان الاكل يوصل اول و اخر مره اتعامل معاهم,طعم_سيئ
رائع,
اللحمة نية شوية,
شكرا الطلب حلو وممتاز التوصيل في الميعاد شكرا,
لذيذ يسلمو,
سئ جدا والسلطات حاجة تقرف لا انصح بالتعامل معهم,نظافة_سيئة
جوده الطعام سيئة جدا جدا,
ال دليفري محترم ومهذب,
الحواوشي مليانة فلفل حامي بشكل ميتاكلش والتغليف الحواوشي مبلول لانه متغلف وهو سخن بطريقة غلط,طلب_غلط
رز الكابسة عايز اوسكار الله ينور,
طلبت ٢ طبق جانبى مع الدجاجه ولم يأتى,
ماشاء الله كله حلو ولذيذ,
بس الارز قليل شويه,كمية_قليلة
مطعم محترم ونضيف مفيش كلام,
زي الزفت,
الرز نى مش مستوى و الاوردر التانى البطاطس المحمره كارثه الواحد مبيتعلمش ببلاش,طعم_سيئ
الاكل كان فيه صرصار,
الاورد اللي جيه فيه غلطه و مش كويس والعيش كان ابيض واللي جواه قطع صغيره اوي اوي من اللي مطلوب,كمية_قليلة طلب_غلط
الاكل طعمه كويس الصراحة بس توصيل الاوردر بيتاخر جدا جدا جدا,
اسوأ مطعم اتعاملت معاه علي ابليكشن المنيو مطعم بجد سئ جدا في توصيل الطلبات انا طالب الاوردر اكتر من ساعتين ولم يصل,
سئ جدا جدا جدا للمعاملة وقلة ذوق واحترام ومفيش متابعة من المطعم للاوردر وتاخير زبالة,
تاخير مبالغ فيه جدا جدا اكتر من ساعتين مفيش احترام انصح محدش يطلب منه اوردر,سعر_غالي
اشطه,
الأكل كان حلو جدا جدا جدااا تسلم ايديكوا فاق توقعاتي والتوصيل في أقل من نص ساعة والأكل سخن جداا والتغليف ممتاز شكرا ليكوا,
مواعيد متأخرة جدا و بيلغبطوا في الأوردر,تأخير_طلب
تأخير مبالغ فيه,تأخير_طلب سعر_غالي
الاكل جميل جدا والرز رائع،لكن اتمني تهتموا بنظافة المكان🤦🏻‍♂️,
ماشاء الله .الطعام كافي وافي والطعم حكاية . شكرا وفي تفدم دائما,
طالب بانيه جالي وراك وزفره,
عادي,
الأرز لم يكن مكتمل التسوية للأسف هذه المرة هو والدجاج,طعم_سيئ
الطلب جاي ناقص و كله شطه,طلب_غلط
مش اد كده,
الله يزيد و يبارك احسن بطاطس بالفراخ المشويه في اسكندريه,
الاكل جيد جدا و نظيف لكن الكاشير لا يتبع اوردر الابليكيشين و بيضيف حاجات بدون اخذ راي العميل بتكلفة اضافية,
الاكل بارد شوي بس حلو,حرارة_غير_مناسبة
حاطط كمية تومية كتير جدا علي الوش، عمري ماشوفت كده ، جالي حموضة منها ،، التومية بتتحط لوحدها برا الفتة ، تجربة مش هتتكرر تاني,طعم_سيئ
الاكل كله محروق حرام كده بجد و لا واحد سليم !!! و حتي الحشو مش كامل اول مرة يوصل الاكل بالسوء ده بس بشكل فعلا ما يتسكتش عليه !!!,طعم_سيئ حرارة_غير_مناسبة
في طعم غريب,
التوميه قليله في الساندويتش و معهوش حتي علبه التوميه الصغيره,كمية_قليلة
الاوردر وصل متاخر جدا على غير العادة,
ميستحقش الفلوس اللي ادفعت,
فراخ للاسف كانت محروقه,حرارة_غير_مناسبة
حاسه حجم صغير مش لارج,كمية_قليلة
الدليفري ممتاز ملوش ذنب لكن الاكل طعمه سيء و مالح جدا و مليان توابل حقيقي تجربة سيئة و رميت الاكل للأسف ربنا يعوض يارب,طعم_سيئ
الاوردر وصل متأخر مستواهم في النازل و اعتقد مش هطلب تاني منهم 😏👎 البطاطس مش مستوية و مقلوبة في الكيس …ساندوتش الشاورما صغير و الحشو قليل و الاوردر ناقص التومية المنقوشة و المحمرة كويسين,طعم_سيئ كمية_قليلة تأخير_طلب طلب_غلط
الفراخ والشيش كانت محروقه والسوتبه محتاج توابل,حرارة_غير_مناسبة
الاكل اتأخر جدا,تأخير_طلب
الشاورما بتاعته حلوة جدا، والفتوش قليل ككمية بس مقبول,كمية_قليلة
طلبت 2شاورما مع زيادة ثومية جاتلي العكس الاتنين بدون ثومية خالص,
طالبه من غير طحينه جه كله طحينه الاكل بارد اتاخر جدااااااا والسندوتش فاضى,حرارة_غير_مناسبة
جامد اوي الساندويتش اللي كله عيش و بطاطس و ٣ حتت شاورما ده اغلي رغيف عيش كلته في حياتي,
اتأكدوا ان الاوردر كامل قبل الاستلام و صوروه لأنهم عادي جدا يبعتوا الاوردر ناقص بنفس السعر الاوردر وصل ناقص رفضوا يعترفوا انه ناقص في الفرع و قرروا انهم مش هيعملوا refund ولا هيبعتوا اللي ناقص و اكتفوا انهم يعملوا 20% off لكن مش هنطلبه تاني اصلا,طلب_غلط
طالب فتة و مفيش معلقة وصلت مع الاوردر !!,
وصل فتة شاورما لحمة فقط شاورما الفراغ نيئة,
برجاء جلب كاتشب سبايس ف المرات القادمه,طعم_سيئ
مش طازة ومش حلو,
طلبت المحمرة تحفة وجات سخنة 👏🏻👏🏻👏🏻.,طعم_سيئ
الأكل طعمه زي القرف,نظافة_سيئة
مكنش في اي إضافات من الي طلبتها مجاش غير توميه ودي مش توميه دي محصلتش مني توميه,
اسوء اكل دقته ف حياتي,
الرز كميته صغيره غير كافيه لكن الشاورما كميتها وفيره,كمية_قليلة
اول مرة الاوردر يوصل كده السندوتشات مش في البوكس و معهاش الصوص الزيادة المطلوب و لا العيش المقلي وصلت السندوتشات كل واحد في كيسه و معاهم باكت بطاطس 🍟 الحمد لله الجودة حلوة لكن السندوتشات الباك بتاعها مهم لأن الحشو وقع و كان مشكلة !!!,طعم_سيئ
اتلغي الاوردر و قبله اتصل بيا المنيوز عشان فيه أصناف مش موجودة,
الاكل كان بارد شوية,حرارة_غير_مناسبة
Shhd,
المنقوشة المحمرة بالجبنة كانت محروقة شوية من الأطراف,طعم_سيئ حرارة_غير_مناسبة
وحش جدا جدا,
الطيار مهذب جدا ما شاء الله,
الاكل فاسد,فساد_الطعام
الاكل وصل بعد ساعتين ونص وساقع جدااا ميتاكلش,حرارة_غير_مناسبة
السندوتشات مش مليانه خالص وحاطين بطاطس كتير جوه سندوتش الشاورما سيء سيء,
الفراخ زفرة جدا ومش نضيفة خالص,
غالي,سعر_غالي
الامل كان في غاية السوء و الفراخ مفرفتة و الصوصات طعمها بجد مقرف و جالنا تسمم كلنا بعدها!! فعلا اخر تعامل مع سوري!!,طعم_سيئ نظافة_سيئة
نفس نوع الاضافه مرتين,طعم_سيئ
الطحينة ليس بالجودة المطلوبة لكن الشاورما ممتازة,
مفيش معالق و الاوردر مش جى مظبوط,
بعتولي ٢ سايت مخلل ومحدش تواصل معايا انا عملاه اضافه واحده بس والاوردر جالي من غير معلقه ومتغرق توميه كده الطلب جاي سئ جدا,
الاوردر جه بدون اي شئ معالق و مناديل,
الفراخ كانت مزفره,
ممتاز,
بصراحة اتقفلت اوي من اخر وجبة دي اللحمة مش حلوة ولا حشو السندوتش وازاي خيار مخلل مع شاورما لحمة ! معروف انه بيبقي لفت بجد كان سيء اوي اوي,
حاجتكم طلعت جميلة اوي يارب تفضلوا حلوين كدا ❤️,
البطاطس سيئه,
اسوء تجربة ف حياتي والاكل جاي ساقع ومحروق وبعد ساعتين من طلبة وكمان مخصموش البروموكود ودي اخر مرة اطلب من الابليكيشين,طعم_سيئ حرارة_غير_مناسبة
ساندوتش البطاطس مش محطوط عليه صوصات أو أي حاجة تديلو طعم زيادة..الشاورما مش وحشه,
جالى تحت البيت .. و بعد كده كلمنى بيقولى فين ٦١ .. قولتله هى مش ٦١ هى ١٦ و انا كاتبها ١٦ .. و صفتله المكان و العمارة .. بعدها تاه و لما كلمته بيقولى انت غلطان .. و لما وصل بيحاول يقنعنى ان انا غلطان مع ان الاوردر اصلا متأخر ٤٥ دقيقة عد المعاد المكتوب,تأخير_طلب طلب_غلط
مش قد كده,
كميه شاورما الفراخ مش كتير أنا كنت طلبت بالحجم الفاخر فته فراخ وجالي الفراخ بكميه صغيره مش كتير,كمية_قليلة
عمو راحل محترم وجميل وجاب الاوردر بسرعه ♥️,
كميه الاكل قليلة جدا والسعر غالي عليه الكميه والحجم,كمية_قليلة سعر_غالي
الابلكيشن مش ظاهر فيه رقم الدليفري ولا تفاصيل تحرك الاوردر,
مش كريسبي و الصوص كله وقع فالعلبة عالرز والفراخ !!,
الخضار مش مستوي,
اسوء ساندوتش بطاطس ع الاطلاق,
لم يحضر التوميه,
اولا الاكل وصل متأخر بسبب الطيار اللي استلم الاوردر وفضل ساعه يلف بيه وبالتالي كان بارد جدا ونصه اترمى ثانيا الاوردر كله كان غير مغلف والزبادي مقلوبة في الكيس ومبهدلة باقي الاطباق ثالثا طعم وجودة سئ جداااااا أسوأ تجربة,حرارة_غير_مناسبة تأخير_طلب
الكميات قلبله جدا جدا,
عيش كتير شاورما قليله,كمية_قليلة
بصراحه خدمة سيئة والعلبة حايه مفتوحة وللاكل بارد ومتاخر والفراخ الشيش طاووق نية وتجربة سيئة ولن تعاد ده غير حبيت اتواصل مع مينوز او محل السورى لم يستجيبوا تجربة سيئة ولن تتكررررر وسوف انشر تجربتى ع مواقع التواصل لعدم شراء مرة اخرى,طعم_سيئ حرارة_غير_مناسبة
الشيش طاووق مكتوب أنه معاه خضار سوتيه مجاش .. والسندوتش صغير ونصه فاضي,كمية_قليلة
طول اوي ع طلب جاهز ويدوبك اتسخن اكتر من ساعة ونص مع العلم ان المكان مش بعيد,
انا مستلمتش الاردور,
الفراخ سيئه جدا جدا جدا,
الوجبه اختلفت عن زمان زمان كان طعمها افضل كتير,
So bad ugly!!,
الاكل وحش اوى مش زى زمان الرز ف الفته وحش الفراخ تعبانه,
طلبت شاورما فراخ وصلت لحمه ؟؟,
B,
بطاطس بايتة صوص قليل جدا و سلطة بايتة و دبلانة,كمية_قليلة
الشاورما حاجه استغفر الله,
اوحش شاورما في الحياه,
الاوردر غلط انا طالبه الحجم الكبير جالي الحجم الصغير,كمية_قليلة طلب_غلط
مزيتة خالص والبطاطس شبه نية ومش مقرمشة,
الاكل جية بارد جداااا كأنة كان في التلاجة وملهوش اي طعب ولا حسيت بطعم تومية اصلا وكلة تحس ان الاكل ناقص ملح وملوش لازمة,حرارة_غير_مناسبة طلب_غلط
الاكل سئ جدا و بارد و مش مستوي كويس بصراحة سئ للغاية,حرارة_غير_مناسبة
الاوردر ناقص,طلب_غلط
السندوتش من غير جبنة ولا تومية,
الاكل مفهوش غير معلقة رز و النص فرخة صغيرة اوي,كمية_قليلة
اكل سيء جدا,
الفته لقيت فيها عود قرنفل او معرفش اسمه ايه بس حاجه خلت طعم الاكل مش حلو,
الاوردر ناقص سلطه التبوله,طلب_غلط
سئ جدأ لا انصح به احد تقريباً كان باعت عينات مش باعت الاكل السندوتشات كلها قد الصوباع بزغم اني جايب الكبير اسوء مطعم جربته لا انصح به احد امال لو كنت جايب الضغير كانو ادوني لقمه مطعم زفت,
اكل يقرف جدا,نظافة_سيئة
اسوا سندوتش واسوا فتة واسوا فتوش واسوا توصيل,
التغليف كويس جداً و الأكل كويس,
الاكل وصل فيه شيء اسود انا مش عارف هو ايه و كمان كان فيه حاجة بلاستيك تجربة سيئة جدًا ورميت الاكل على طول,
كالعاده الاوردر وصل غلط,طلب_غلط
في جلد كتير في الفراخ,
للأسف الأكل لا يصلح للإستعمال الآدمي. تحربة لن تتكرر,
الحجم بقي صغير جدا الكواليتي بقت زي الزفت طالب الاوردر بزبادي جالي بتومية مع اني متأكد عليهم و خليت بتاع الدليفري ياكد عليهم تانى لما وصل مش مقفلين العلب كويس الكواليتي بتاعة الباكينج بقت 👎 الكول سلو حطين علية شربات مسكر جدا باختصار سوري بقي زبالة,كمية_قليلة
الطلب مفروض يحى ف بوكس مع بطاطس شيبس وده كان المطلوب لكن وصل ملفوف فورق و بطاطس مقلية بارده و معجنه,حرارة_غير_مناسبة
مجاش ولا رز ولا خضار و الكميه مش ربع كيلو خالص عيب كده,
تعبت جدا بعد الاكل,تسمم_غذائي
الرز كان بايظ جدا وريحته لا تطاق بجد وكان واضح اوي قد ايه هو غير صالح للاكل,فساد_الطعام
الاكل سئ للغاية بايت والعيش مفرول اترمى والله زي ما هو واخر مرة اطلب من سوري حاجة,طعم_سيئ
سيء جدا الستربس عباره عن حطب و خربان و مجاش نفس الي طلبته,
الاكل يقرف بصراحه اسواء تجربه واسواء اكل فلوس بتترمي ع الارض حرفيا ولله منصحش حد بيه,نظافة_سيئة
اتأخر جدااا جدااا,تأخير_طلب
اسوء شاورما كلتها في حياتي ، عبارة عن جلد مفيش لحمة في الساندوتش حاجة قرف,نظافة_سيئة
كنت طالبة منقوشة لبنة وزعتر تقريبًا فيها ريحة زعتر مش زي لما كنت بطلبها قبل كدة خالص الشاورما والبطاطس كويسين برجاء الاهتمام. شكرًا,
الفراخ مش على طريقه الشاورما كانت مسلوقة ومتحمره على الجريل واللحمه كانت سيئة جداً,طعم_سيئ
وحش جدا,
الطلب في غلط طالب سبرايت جاني كولا وكمية ورقة العنب غير كافية,طلب_غلط
الشاورما طلبت الكبيرة وجت شبه فاضيه من جوا ؟,
كان فيه اضافه مكسرات ومتمش اضافه اي حاجه,فساد_الطعام تغليف_سيئ
الجودة سيئة جدااااااا جداااااااا جدااااااااا، أسوء ساندوتشات شاورما وأسوء بطاطس,
أسوء مطعم ممكن تطلب منه أكل ❌ لا طعم ولا جوده وغاااالى عالفاضى 🤬 فلوسك بتترمى عالأرض حرفياً 🚯 لا أنصح حد بيه الصراحة ❌❌❌❌❌,
سواق قمة في قله الادب. مش عارف يوصل و بسأله حضرتك ماشي في انهي اتجاه يقولي معرفش انا ماشي بتساهيل ربنا! و لما احاول اوصفلة العمارة و اساعدك يوصل يرد عليا بمنتهي التناكة و قله الادب كأن انا ال مش علرفة اوصفله! انتوا بتشغلوا الناس دي عشان تخلي الواحد ي...,
الاكل والسلاطات سيئين جدااااا الاكل مملح وفته الكفته وحشه جدا والثوميه زبادي مش ثوميه وورق العنب مملح جداااا والفتوش فيها طعم لاااااازع - بصراحه الفلوس اترمت ف الارض,
Sandwich shawrma w btats w7sheen awi w mna2eesh bastrma bash3a,
جميل جدأ,
الفتة صغيرة جدااا و مش مخدومة و مفيهاش عيش تجربة سيئة!!!!,كمية_قليلة
الفتة طعمها سئ جدا والثومية ملهاش طعم والكلو سلو لاذعة جدا والبيبسي سخنة اخر مرة اكل سوري تجربة سيئة جدا,طعم_سيئ
كمية الشاورما قليلة جدا بالنسبة لحجم الفتة الشاورما ناشفة و كلها دهن غير مرشح لمحبي الاكل السوري,طعم_سيئ فساد_الطعام كمية_قليلة
سيء سيءءءءء اويييي,
الطعم سئ جدا,
كنت كالبة البطاطس سادة زجت عكس كده,
الاكل حقيقي من احمل المرات الي طلبت فيها الشورما اللحمه تحفه و المناقيش تحفه و البطاطس الهاليبينو تجنن ♥️♥️,طعم_سيئ
مقرف جدا اسوأ مره آكل سوري استحاله تتكرر التجربه,طعم_سيئ نظافة_سيئة
صفر من عشرة الاكل مزيت و بايت,
الاوردر المفروض معاه بطاطس من ضمن الاوفر و دي مجتش,
الاكل ني وبيشد ......,
اسوا مطعم فى الدنيا بجد الفراخ كانها ميتة و حاجة قرف,نظافة_سيئة
الاوردر موصلش اصلا ومش عارفة اشتكي واخد وقت طويل جدا على ما المطعم رد وجيت اكنسل لقيت الابلكيشن بيقول مينفعش ولما بدأ التحضير وقت التوصيل اتغير تماما وياريت الاوردر جه اصلا .. كله زفت زفت جدا وغسر راضية عن الابلكيشن ولا طريقة الوصول للدعم الفني نهائي,تأخير_طلب
Thx,
سندوتش البطاطس سيئ جدا والعيش مش طازه والبطاطس مش فريش,
حلو بس كان ممكن يكون افضل من كدا,
Bsbe,
التغليف كان سئ جدًا لفتة الشاورما العلبة محطوطة بالمشقلب فكل التومية لزقت في الغطا.. الطعم مكانش احسن حاجة انا متعودة اكل من عند سوري دايمًا الشاورما باتس بتكون مضبوطة وجميلة لكن الفتة مكانتش حلوة ومكملتهاش,
تجربة سيئة للأسف البطاطس كانت فيها شعراية و الفتة لقيت فيها ذبانة مستوى النظافة بقى منعدم,نظافة_سيئة
هالوو رجعتلكم مع مطعم جديد😂 هقارن هنا مع كرم الشام عشان هو بابا المجال😂 اول حاجه الشاورما فراخ السندوتش چوسي وطعمه حلو وممكن يكون احسن من كرم الشام بس عيبه التومية طعمها مش اوي، وبالنسبة لفتة الشاورما كان طعمها عادي اما كرم الشام بيعملها عظيمة.,تسمم_غذائي
ممتااز,
مفيش طومية خالص + السندويش صغير جدا,كمية_قليلة
زبالع,
كنت دافع تمن ٣ باكت بطاطس وجالي واحدة بس,
اسؤ شاورما على الاطلاق، باردة وناشفة وبايته ، اول مرة الاقي عظم في الشاورما ، غير انها ملفوفة في ورقة ومرمية في كيس وصلت مبلولة بشكل مقزز، اخر تعامل مع المطعم ده,طعم_سيئ فساد_الطعام حرارة_غير_مناسبة
الاكل كويس بس الكمية قليلة اووي بالنسبة للسعر,كمية_قليلة
Hh,
تاخير ساعتين لاستلام الاوردر .البطاطس وحشة جدا ..السندوتش فاضي .. مفيش حتي تومية بتجي مع الشاورما ..اخر مرة اطلب من عندكم,طعم_سيئ
الاكل كان بارد جدا غير ان كمية الفراخ قليله برده,حرارة_غير_مناسبة كمية_قليلة
الفراخ الكرسبي مقبولة بس بدون طعم، والسمبوسك مليانة زيت، والبطاطس برضه مزيتة. للأسف ده العادي في الأكل السريع.,
البطاطس وحشة والساندوتش صغير,كمية_قليلة
تم تجاهل ملاحظاتي,خدمة_سيئة
اوردر اكتر من ساعه و لسه موصلش و لا اتحضر,
الاكل محروق,حرارة_غير_مناسبة
الحجم قليل مكتوبة إنها مقاس كبير ممكن تتكتب مقاس وسط لكن طعمها لذيذ,كمية_قليلة
مفيش توميه مع سندوتش الشاورما,
الاكل بارد جدا جدا جدا جدا جدا و الجبنة سيئة جدا جدا جدا في ساندوتش البطاطس,حرارة_غير_مناسبة
رز بايت وفراخ ناشفة والتومية قليلة والتجربة سيئة جدا لن تتكرر وشكرا,فساد_الطعام كمية_قليلة
هو غالي مقارنة بغيره بس الطعم كويس جدا,سعر_غالي
الاوردر اتحرك من اكتر من ساعه ودليفري فضل واقف في لوكيشن نص ساعه تانيه وطبعا الاكل جه بارد شكرا,حرارة_غير_مناسبة
بطاطس بدون كاتشب ازاى و البطاطس مفروله أو بايته و فته حجم كبير اوى فيها 5 قطع شاورما و ب 60ج ازاى,
الاكل بارد,حرارة_غير_مناسبة
مجابوش التوميه,
زى الخرة,
الاكل مفهوش جبنه واتاخر الاوردر في تراجع بالمستوى,
الفراخ غير مخليه واقل بكتير من نص فرخة . الرز ناشف . اكل ينقصه التغليف السىء. حسبي الله ونعم الوكيل,فساد_الطعام
الاوردر موصلش بالرغم من ان مسؤول الدعم بلغني ان المندوب استلمه و في السكة,
الفتة حمضانة وطعمها وحش جدا حقيقي متتاكلش خالص,
الاكل بقا صفر التغليف صفر سوري في النازل,
الشاورما عبارة عن جلد,
طعم الأكل وحش و فاضي,
الاكل سئ جدا من حيث الطعم والكميه والتغليف وكمان السعر غالي جدا بالمقارنة لكميه الاكل والطعم بجد سئ جدا من كل حاجه,سعر_غالي
الأكل بااااارد جدااا لا يوجد توميه مع أي ساندوتش,
لان الاكل كان بارد جدا غير ان الطلب وصل متأخر,حرارة_غير_مناسبة تأخير_طلب
خالو الpackaging احسن عشان الاكل بيوصل بارد,حرارة_غير_مناسبة
الاكل ماشاء الله طعمه رهيب وخصوصا المشاوي و فطيره الموزديريلا,
الاكل جه بارد والساندويتس مليان بطاطس تجربة سيئة جدا,حرارة_غير_مناسبة
اكل سئ,
الاكل وصل ساقع,حرارة_غير_مناسبة
الاكل سئ جدا جدا,
سئ بطريقة مش متخيلهاا اقسم بالله زي الزفت وجي بارد و مش متغلف عدل و السندوتشات متكسرة وتحس انه اتفتح وحاجة قمة ف العك حقيقي حقيقي تجربة من اسوأ ما يمكن,حرارة_غير_مناسبة
الاكل كان كويس زمان دلوقتى غلو الاكل و صغره حجمه و بقى طعمه مش حلو زى زمان اخر مرة مش شارى تانى,طعم_سيئ
Z,
الاكل بارد و مالوش طعم و تغليف سئ جدا جدا,حرارة_غير_مناسبة
مستوى الاكل سيء ايه اللي حصل ل مطعم سوري بجد اتصدمت,
الفراخ سيئة حاجه استغفر الله العظيم,
الساندوتشات مافيهاش حشوه !!,
الوجبة محروقة والعيش محروق,حرارة_غير_مناسبة
و الكفتة صغيرة اوي علي الساندوتش و الشاورما فراخ نية و زفرة,كمية_قليلة
الاكل وحش اوى,
الفراخ طعمها وحش والاكل بارد و اخر مرة هطلب منكم,طعم_سيئ حرارة_غير_مناسبة
اسوء أوردر طلبته في حياتي اسوء طعم و اسوء تغليف و مديين المندوب الاوردر مش متغلف كويس,
الطعم سيء جدا,
انا طلبت بوكس الاربع قطع كريسبي القطع صغيره اوي علي سعرها و مش شبه الصوره و البطاطس مزيته,كمية_قليلة
الاوردر اتاخر جداً السوتيه والطحينة سيئييييييين🙃,
الاوردر مجاش فيه منقوشه نوتيلا,
الطعام بارد جدا,حرارة_غير_مناسبة
سندوتش البطاطس من غير كاتشب وباكت البطاطس من غير توابل والرز مش حلو,
جوده الاكل قلت اوي عن قبل كده ..الارز كان سيء جدا والخضار السوتيه دون المستوي خالص,
طعم المسحب مش حلو الفرخ مكنتش متساويه عدل و البطاطس مجلده مش حلوه و شكراً,
الاكل بارد جدا جدا و مش مغلف كويس و الطعم سىء جدا,حرارة_غير_مناسبة
سئ جداا,
تاخير جداااا ف التوصيل اكتر من ساعتين والاكل جاي مبلول وحاجه مقرفه الصراحه,طعم_سيئ نظافة_سيئة
صغير جدا غير المعتاد,كمية_قليلة
الاكل ساقع جدا,حرارة_غير_مناسبة
الطيار محترم للغاية,
جماعه محدش يجربه بجد طعمه غريب مكنتش مصدق ال ريفيوز اللي بيقولو وحش لحد ما جبته واتأكدت هات من اي مطعم تاني احسن,طعم_سيئ
زفت الزفت الشورما البيتي احسن بكتيير بس مفيش وقت,
too salty....to much mayonnaise....test less food...very bad experience...really waist of money and time..,
زفت,
تمسممت,
عمتاً بيبقى كويس بس المرة دي جاي بارد و من غير تومية و متأخر نص ساعه,طعم_سيئ حرارة_غير_مناسبة تأخير_طلب
بدون اي توميه,
حلو جدا,
الاكل استغفر الله العظيم يقرف والله رميته قي الزبالة و جي ملفوف ب ورق من الزباله و السلطه عبارة عن بصل بجد حاجه تقرف و هبلغ حماية المستهلك و وزارة الصحة,نظافة_سيئة
الطعام سيئ جدا والأكل بارد جدا وغير طازج وطعم الأكل سيئ جدا جدا,حرارة_غير_مناسبة
الاكل جه غلط,طلب_غلط
نصيحه لوجه الله لو لم تهتموا بالكواليتي و كذلك وقت التحضير محدش هيطلب منكم حاجه انا عن نفسي الطلب ساعه و ربع عشان يوصل و الطعم مش زي الاول و كمان الأكل بارد جدا جدا تجربه سيئه للاسف,حرارة_غير_مناسبة
طعم الشاورما جدا سيء وكمية البطاطس والمخلل في ساندوتش الشاورما اكثر بكثير من الشاورما نفسها بمعنى كأني طلبت ساندوتش بطاطس بالشاورما مش ساندوتش شاورما,
الطلب ناقص ٢ كانز,طلب_غلط
زي الزفت الاكل بارد والرز وحش مطعم معندوش ضمير والله,حرارة_غير_مناسبة
الاكل بعد ساعتين ونصف وصل باررررررد جدا ومالوش طعم !!!!!,
لو سمحت الاكل جالى من غير كلو سلو ولا مخلل ولا ثومية,
السندوتشات تعتبر فاضية,
طالبة ٢ بطاطس و اتحسبت عليهم الفلوس و جالي واحد بس,
الاكل سئ جدا مقابل القيمه المدفوعه الاوردر خارج من المطعم ناقص تجربه سيئه لابعد الحدود,طلب_غلط
الاكل بارد مع اني قايل ياريت الاكل يجي سخن الرز محروق شاورما الي محطوطة مش عارف يعني متتكلش كلمة قليلة عليها مش عارف ازاي ده مطعم سوري والي بيعمل الاكل وبيقدم معندهوش ضمير,حرارة_غير_مناسبة كمية_قليلة
من سيء لاسؤ ان شاء الله تغليف زباله و توصيل ازبل من الزباله و في الاخر الاوردر ناقص و متأخر وهو امام المنزل اخر مره اتعامل مع مطعم بالشكل القذر ده,طعم_سيئ نظافة_سيئة تأخير_طلب طلب_غلط
الاوردر متأخر ساعه وهو امام المنزل بسبب ان المنيوز مفيش طيارين,تأخير_طلب
الاوردر وصل بعد 3 ساعات وكان مكتوب انه معاه مخلل وتومية وبطاطس مجاش معاه حاجة خالص !,
تغليف سيء,
محدش يطلب فراخ مشوية,
الرز كان ناشف جدا ☹,فساد_الطعام
يجب تزويد ارز لمسحب قليل جدا,كمية_قليلة
متأخر ومش مستوي كويس ومزيت جدا و التغليف ارخص من كده مشوفتش,تأخير_طلب
صغر حجم باكيت البطاطس,
الاكل وصل بارد جداا,حرارة_غير_مناسبة
ساندوتش الشاورما مفيهوش حتتين فراخ على بعض البنات كان فاضى,
جميل جداً,
الاكل مش مستوى خالص,
اسؤ اوردر طلبته والله اكل بارد و تغليف سيء واكل سيء جدا,حرارة_غير_مناسبة
اسوء تجربة ليا مع التطبيق,
اكل جميل توصيل متأخر من المنيوز,تأخير_طلب
اسوء اكل بارد وطعمه سى,حرارة_غير_مناسبة
طلبت ٣ ساندوتش بطاطس جم بطاطس بس,
الاكل سيء جداً و بارد اخر مرة اطلب من هذا المطعم,طعم_سيئ حرارة_غير_مناسبة
الاوردر غلط كالعادة,طلب_غلط
حلو بس بيعمل الاصناف الجانبية علي مزاجو او المتاح عندو مش اللي انت تختارو,
سئ جدا الاكل أتأخر ساعتين وجه بارد وعادب ملهوش طعم 😠,حرارة_غير_مناسبة
الاوردر بارد جدا وسئ في حاجة بيتي فيه,حرارة_غير_مناسبة
اكل متاخر و بارد و فتة الكريسبى زى الزفت,حرارة_غير_مناسبة
حلو و نضيف بس نوع الجبنه الموتزاريلا مش حلو في المناقيش,
الطلب شاورما فراخ وتبين أنه لا يوجد إلا القليل من الفراخ والكثير من البطاطس هل أنا طالب بطاطس ام فراخ والسندوتش بدون ثومية أوالكمية غير كافية تجربة سيئة جدا لن تتكرر,كمية_قليلة
طالب ٢ ساندوتش شاورما فراخ بالجبنه اكبر حجم الشاندوتش مفيهوش طعم جبنه و الشاورما قليله جدا و البطاطس هي اللي ماليه السندوتش و طعمها وحش و الاكل جي بارد,حرارة_غير_مناسبة كمية_قليلة
مفيش تركيز نقول خضار يبعت رز نقول بطاطس يبعت خضار ولا اي اندهاش وخدمه عملاء منيوز بيقول نبدلك الاوردر وده طبعا حيخلي الاكل بارد وطعم وحش.,طعم_سيئ حرارة_غير_مناسبة
الساندويتشات صغيرة جدا متسواش 10 جنيه,كمية_قليلة
سيي للغايه,
شكراً سوري,
طعم الشاورما غير خالص مش عارفة بقى الفرع ده ليه طعمه مش حلو زي الاصلي بتاع سيدي جابر,
الوجبه مميزه,
طعم الشاورما متغير الشاورما اقل و محطوط بطاطس البطاطس جودتها وحشه جبنه قليله جدا العيش مش طازج زي كل مره,طعم_سيئ كمية_قليلة
الاكل بارد اوي,حرارة_غير_مناسبة
رائع,
الأكل كان بارد وتحس إنو محضر من قبل كم ساعة قبل ما يبعثوه,حرارة_غير_مناسبة
الأكل بارد و وصل بعد ساعه و نص,حرارة_غير_مناسبة
الاكل بارد جدا والعيش مجلد,حرارة_غير_مناسبة
الاكل حلو ولكن الكميه قليله جدا مقارنة بالسعر,كمية_قليلة
سوري مكنش وحش كده بقى سئ جداا منقوشة اللبنه بالعسل حمضانه,
الاوردر يتعدل مرتين مرة مفيش شاورما فراخ فحنخلى كله لحمة وقلت اوك وبعدها تيلفون تانى دة المطعم اتلغبط دة مفيش شاورما لحم والمتاح فراخ فقط شاورما مصرى ازاي ومفيش لحمة 😏,طعم_سيئ
الطعم و الجودة حلوين طبعا .. بس بحس وقت العروض بيقللو كمية الشاورما جدا .. مش حلوة اوى الحركة دى 🤦🏼‍♀️😂,
البطاطس والبيبسي موصلوش,
سندوتشات البطاطس سيئه جدا جدا جدا حتي مفهاش كلسلو ولا كاتشب والبطاطس مليانه زييت انا لما بشتري من اي محل مش معروف والله العظيم سندوتشاته احلي منكم مليون مره,طعم_سيئ
توصيل سريع الاكل جيد جدا وصل ساخن ……………….,
جميل جداً التوصيل تابع المنيوز يكاد يكون منعدم,
drive ممتاز,
عيش الفته غير جيد,
الاكل بارد السندوتش صغير الفراخ الكرسبي بايته وحش جدا,حرارة_غير_مناسبة كمية_قليلة
كسختكو خرا اكلكم,
الاكل واصل بارد,حرارة_غير_مناسبة
محترمين,
للاسف بارد و الفراخ قليلة جدا,حرارة_غير_مناسبة كمية_قليلة
الاكل غير مستوى والطعم غير جيد,
الكمية قليلة ومفيش تومية معاه,كمية_قليلة
حلو المرة دي,طعم_سيئ
طعم الشاورما طاغي عليه حاجات تانية كتير بس مش وحش الحجم صغير سيكا علي السعر بالضريبة,كمية_قليلة
البطاطس مهرية و مليانة زيت بطريقة بشعة و السمبوسك الجبنة طعمها سيء اول واخر تعامل,
خدمة بجد سيئة جدا لأن الأكل واصل باااااارد جدا مش فاهم ازاى .. و حتى الدعم على مينيو مش قادرين يحلوا تجربة سيئة حرفيا,
الاكل وصل من غير ال special order الي كان مكتوب و اتأخر جدا فوصل بارد,حرارة_غير_مناسبة تأخير_طلب
طعم الفراخ المشوية ملوش طعم اطلاقا وجاي ني تقريبا الفراخ بتشد الرز عادي والتومية حلوة معتقدش اني ممكن اطلبه تاني في مطاعم افضل بكتير الكمية عادية جدا مش قليلة ومش كتيرة,كمية_قليلة
خدمه سيئه تم الغاء الطلب,
الاكل عينات اقسم بالله,
سيء جدااا,
شكراً سورى,
الاوردر بيوصل متاخر جدا بسبب دليفري المنيوز الفاشل الغير منسق و الاكل بيحطلك اللي عندو مش اللي انت طالبو يعني طالب خضار سوتيه جالي بطاطس مقليه عادي جدا وتحمد ربنا كمان ان الاكل جالك. كلمه فشل علي خدمات ومطاعم المنيوز والله كتير عليهم,
الاكل متغير والتوصيل متأخر جدا جدا من المنيوز,تأخير_طلب
اكل جميل توصيل متأخر جدا من المنيوز,تأخير_طلب
اخر تعامل ومحدش يشتري منهم حاجة الفراخ بالجلد بتاعها وحاجة اخر قرف,نظافة_سيئة
زبالة دي شوية ايه القرف ده مين الحيوان اللي عامل الاكل حاطط زبالة الفراخ في الطبق ومغطيها بالثومية عشان متبانش انسان قذر ربنا ينتقم منه,نظافة_سيئة
الاكل استغفر الله العظيم زفت حاطين بواقي شاورما فراخ بايظة الاكل عبارة عن رز وياريت طعمه حلو,فساد_الطعام
منقوشة الفلافل فااااضية تماما مش عارف دي عبارة عن ايه اصلا,
الاوردر ناقص باكت بطاطس كنت طالبه,طلب_غلط
الاكل طعمه جميل و التوصيل كان في وقت مناسب جدا متاخرش و السندوتش حجمه معقول و العيش فوق الممتاز,
وصل الاوردر ناقص,طلب_غلط
سلطة التومية ناقصة ماجتش,طلب_غلط
السندوتشات صغيره ورفيعه جداا كانها فاضيه العيش الملفوف كان مش طري تقريبا بايت او قديم السعر بعد الخصم حوالي ٨٠ ج و بالتوصيل ١٣٠ ج ياريت تعديل الاسعار بضريبة القيمه المضافه دوغري بدون زيادة مفجأه ،، اخر اوردر من سوري,فساد_الطعام كمية_قليلة
وحش,
المفروض السندوتشات لارج وصلت حجم عادي,
سندوتش crispy chicken سيئة جدا و ال packaging وحش اوي اوي .. ال quality قلت جدا,
الاكل سيئ جدا به طحينة ودهنه كثيرة جدا بجانب عرضه بعلبة فتة حتي كيس التوصيل بلاستيك ابيض عادى ليس عليه اسم المحل,
انا طالبة كول سلو بسس ، جايلي العبوة نصها بس مليان بجد اتضايقت + كان المفروض في خصم ٣٠ ج متفعلش,
انا متضايقة جدا لان انا بطلب كول سلو مخصوووص من غيراي حاجه تانيه ويجيلي الطبق نصو بس ليه يعني !😒💔💔,
سئ,
غغع,
الاوردر وصل متأخر جدا والاكل بارد,حرارة_غير_مناسبة تأخير_طلب
السندوتشات في غرض الصحاب صغيرة جدا عكس المكتوب في الاعلان عن العرض,كمية_قليلة
انا زعلت من الدليفرى لأن انا ذكرت فى عن إنى إنى فى الدور السادس يبقى المفروض يتبعت الاوردر مع شخص معندهوش مشاكل صحية .. وانا دافعة دليفري charges عشان يوصلى لحد باب شقتى مش انا اخده بالسبت .. مايصحش كدة .. مراعاة للراجل الكبير انا اخدته لكن مش مبسوطة,طعم_سيئ
السندوتشات جاتلى محروقة و حجمها صغير جدااا مع أن مكتوب كبير و ياما البطاطس عبارة عن شوية شيبسى كلة زيت تجربة سييءة جدا للاسف,حرارة_غير_مناسبة كمية_قليلة
لا انصح ابدا بمناقيش سوري,
the sandwich was very cold although the delivery didn't take any time delaying so it was going out of the restaurant cold السانديتش كان بارد جدا و الدليفرى على حسب الابليكيشن متأخرش انة يبرد فى الطريق الاكل طالع من المطعم بارد اصلا,حرارة_غير_مناسبة تأخير_طلب
الاورد جاى غلط و السندوتشات حجم صغير و هما كاتبين لارج,كمية_قليلة طلب_غلط
انا طلبت سندوتشات البطاطس بدون ثوميه و مخلل فقط كاتشب و جبنه على البطاطس عايز ارجع الأوردر و بتعملي refund,
الشاورمة قليلة جداً و البطاطس مليانة زيت و غير طازجة,كمية_قليلة
مش اد كده بصراحة,
الاكل وحش جدا,
الارز غير جيد,
فتة كرسبي جالي الفته سيئه جدا .... رز بسمتي ابيض عادي,
الاكل طعمه مش بطال بس الطبق في عينات.,
موصلش اصلا,
الاكل عندكم بقي زي الزفت متستاهلوش حتي نجمة,
الحجم اتحسن العجينه اتحسنت الحشو مكنش حلو في الشيش طاووق والسجق الاول كان احسن,
سئ للغايه و تعبنا جدا,
مبقاش زي الاول,
الفته الصيني حراقه و زي الزفت اول مره اكله زباله كده,طعم_سيئ
جامد بس الديلفري بيتاخر..................,
الفراخ زفرة جدا وطعمها وحش اخر مرة هطلب من سوري ان شاء الله,طعم_سيئ
الاكل سيئ جداً و الخضار السوتيه حامض و الكفته ناشفه ومحروقه اخر مره اطلب منكم.,طعم_سيئ فساد_الطعام حرارة_غير_مناسبة
اسوء شاورمة كلتها في حياتي الفراخ زفرة جدا مقدرتش اكمل اكل عيب اوي مكان له اسمه ويكون مستوى الاكل كده واتحدى اي حد فيكم يقدر ياكل فراخ زفرة كده,
الاكل بايز,
التوميه وحشه و المنقوشه ناشفه اوي و طعمها وحش,فساد_الطعام
التوصيل كان سريع والفراخ مستوية كويس قوى والخضار السوتيه كان ممتاز,
الوحبة لم تكن كالمعتاد …. الشاورمة قليلة جداً … قطع البايتز شبه فارغة للأسف,كمية_قليلة
ز,
حلو بس الشاورما العربي مش حلوة و جت ناقصة اضافات التومية و الخيار المخلل,طلب_غلط
ساندوتش بارد (مع العلم الطيار جاي قبل معاده ياعني دا مش مشكلة طيار) ومش مخدوم كويس الفته نفس الكلام توميه قليله فراخ قليله فا الاكل دا شكله كان اوردر غلط ورجع او المطعم مسخنش الاكل كويس الطيار راجل محترم وجاي قبل معاده,حرارة_غير_مناسبة كمية_قليلة طلب_غلط
ممكن الطيار يقول كلمة لطيفة عند تسليم الطلب بدل من ان يوضح انه مش بيجي المناطق دي 💚,
Zft,
الاوردر مش كامل وتغليف زي الزفت و الاكل مش مستوي,
الاكل طعمه سيئ جدا و الشاورما مليانه ملح بدرجه غير طبيعيه و تأخير الدليفري قرب الساعتين الا ربع,تأخير_طلب
تاخير الدليفري اكتر من ساعه,
الكميه قليله جدا والحشو فاضى,كمية_قليلة
الاكل كميته قليله جدا والحشو فى السندوتشات والمناقيش فاضى خالص والمفروض طلبت مناقيش نوتلا جاتلى شكولاته عاديه وفاضيه وطعمها مش حلو اوردر سئ جداااااا,كمية_قليلة
كل ما اطلب اوردر و معايا كود خصم يتلغي الاوردر؟؟ قله ذوق و ضحك علي الناس بخصومات وهميه,
ساعتين و اكتررررررررررررررررررررررر عشان يجي,
كمية حشو في المناقيش قليلة جدا والسعر مقابل القيمة عالي جدا,كمية_قليلة
عايزين الحجم اكبر شوية,
طلبت ساندويتشات شاورما و طلبت ان مايتحطش بطاطس خالص لقيت السندوتشات ملينه بطاطس و مافيش فراخ 😡😡 انا لو عايزه بطاطس كنت دفعت تمنها و طلبتها على طول ده اسمه استغلال و غش و انا هاشتكي المطعم ده,
الاورد وصل غلط العلبيتين مكس انا طالبه واحده لحمه وواحد مكس من غير عيش ولا مكسرات الاتنين وصلوا بالمكسرات وعيش ومكس,فساد_الطعام طلب_غلط تغليف_سيئ
الاكل كان مالح واللحمه مش حلوه,طعم_سيئ
وجبة حرام فيها الفلوس,
.,
الطلب وصل متأخر جدا و الاكل كان بارد,حرارة_غير_مناسبة تأخير_طلب
الكفته طعمها مر جدا انا مش عارف حقيقه السبب ايه و نفس الكلام مع الكريسبي .. الشاورما كانت كويسه ...,طعم_سيئ
الاكل كلمة سيء قليلة في حقة ساندوتشات حمضانة كريسبي عبارة عن شوية زيت خضار سوتيه مش مستوي,كمية_قليلة
طلبت ٥ منقوشة كيري كلهم بايظين و طعمهم مر جدا وساندويتش البطاطس فيها حاجة حامضة,طعم_سيئ فساد_الطعام
هو كويسه بس أتأخر جدا بصرآحه وأنا مفروض كونت نزله عندي الشغل,
حلو المره دي,طعم_سيئ
حلو بس الدليفري غبي و الاكل شارب زيت,
سلوكه و طريقته في الكلام سيئه,
وصلنى حالا طبق الرز فاسد,فساد_الطعام
بطاطس كتير مع الشاورما,
خدمه العملاء سيئه جدا مصري بيرد بقله ادب على رقم ١٩٤٩٥,
الاكل متأخر نص ساعه والعيش الكيزر بايت والشاورما ساقعه وتجربة سيئة للغاية,حرارة_غير_مناسبة تأخير_طلب
4,
الاكل بارد جداا والبطاطس كانها مهروسه,حرارة_غير_مناسبة
الكمية كانت صغيرة لكن الاكل كويس,كمية_قليلة
للأسف الشاورما سيئة جداً جداً و غالية على الفاضي و الفراخ المشوية برضه غالية جدا,سعر_غالي
Order not delivered ??!!!,
الشاورما سيئه كلها بطاطس,
الفراخ كانت قليلة جدا جدا و العيش طعمة محروق,حرارة_غير_مناسبة كمية_قليلة
السعر مرتفع جدا مقابل الجوده مطاعم اخرى جودتها اعلى بكثير والسعر مشابه او اقل كمان والكميه اكثر مثل ست الشام و شهد الشام تجربه آسف عليها,طعم_سيئ
فته الشاورما من غير شاورما,
الفته جايه تقريبا من غير شاورما هى عيش ورز وتوميه بس سيئه,
الشاورما الفراخ فيها قليله جداا ، مش حطلب تاني من عندكم.,كمية_قليلة
الساندويتش عبارة عن عيش وبطاطس... الشاورما قليلة جدا جدا,كمية_قليلة
الاكل كان بارد جداً,حرارة_غير_مناسبة
السائق ممتاز لكن الاكل سس جدااااا لاعلي درجه,
يعني,
الاكل جي بارد,حرارة_غير_مناسبة
الأكل كان بيعصر زيت حرفيا وحاجة مقززة الحقيقة,
كل الاوردر جاي بشع و الارز ناشف و المناقيش جايه بدون موتزاريلا و طعمها سيئ و البطاطس بدون مخلل و الاوردر ني,فساد_الطعام
Zeft,
شاورما اللحمه زفرة شويه بس الفراخ والمناقيش تحفه,
الساندويتش كان بارد جدآ,حرارة_غير_مناسبة
لو سحتوا انا طلبت اوردر اربعة شاورما لحمة كبير جدا جالي جالي فراخ,
الساندوتش طالع من الثلاجه,
الرز زي الحصا بالظبط,
الخدمه غاليه جدا,سعر_غالي
الاكل كان بارد,حرارة_غير_مناسبة
ساندوتشات الشاورما باردة جدا جدا جدا,حرارة_غير_مناسبة
ممتاز ولكن العيش مكنش طازه,
اخر مرة هتعامل معاكم كرهتونى فى الفراخ,طعم_سيئ
الداليفري حاول ينصب ف خمسين جنيه زياده ولما نزلت لقيته جرا هو ايه السلوك ابن الوسخه ده ف التعامل ميتين ام ده برنامج زباله,نظافة_سيئة
جيد,
الاكل جميل من فرع سان استيفانو بس طيارين المنيوز عاوزين التغيير بسبب قله النظافة.,
الاوردر جيه متأخر جدا واما وصل لقيته واقع فى الكيس ومتبهدل ومش متغلف كويس ومفتوح والمفروض استنى تانى كل ده عشان يجيبوا عدل,تأخير_طلب
👍🏼,
الفراخ سيئة و زفرة,
اوحش اوردر اطلبو الأكل كلو بصل و كلو شطة على كمية صلصة آخر مرة بجد,طعم_سيئ
اكل جميل توصيل متأخر من المنيوز كالعاده,تأخير_طلب
طلبت اكل بالكريديت ومعايه برومو كود سحبو الفلوس وبعد فتره كنسلو الاوردر من سئ لاسؤ بإذن الله,
الاكل وصل بارد,حرارة_غير_مناسبة
للأسف الاكل مش كويس,
Ma7ro2,
جميل,
الاكل وحش جدآ جدآ...الاكل بايظ...بعد ماكنا بطننا وجعتنا,فساد_الطعام
الاكل جه بارد ومجلد والحشو مخصص للاطفال تقريبا,حرارة_غير_مناسبة
اكل جميل توصيل زفت بسبب طيارين المنيوز,
Too much دبس رومان,
الاكل كان جاي ساقع رغم إن مفيش خمس دقايق بين العنوان والمطعم,حرارة_غير_مناسبة
للأسف اكل رديء جدًا,
"الاكل كان وحش جدأ جدا الاكل كان وحش جدا جدا, الاكل اتساب زي ماهو، داه غير وجع البطن",
حشو قليل جدا في سندوتشات الشاورما الكايزر كنت حاسس اني باكل عيش فاضي,كمية_قليلة
تحفة,
وحش جدا مفيش فراخ تقريبا فى الفته مع انها كبيره,
الوجبة وصلتني ناقصة مفيهاش فراخ خالص مع انها ميكس جريل وصلني كفتة فقط واربع قطع فقط!!,طلب_غلط
أوسخ و اعفن مطعم تاكل من عنده و كل أكله مزيت و لا يليق ابدا,نظافة_سيئة
التومية تحس انها دسمة جدا,
الشاورما كانت محروقة و ناشفه مش متوضبه خالص سيء جدا,فساد_الطعام حرارة_غير_مناسبة
الساندوتش بارد شاورمه بطاطس مش فراخ وحش جدًا للأسف,حرارة_غير_مناسبة
زي الزفت,
الاكل حلو جدت,
الاكل قليل ومش حلو,كمية_قليلة
صغير جدا بطاطس كتير,كمية_قليلة
طلبت من المكعم بطاطس بس مش رز مع الفراخ زائد ان حجم نص الفرخة فعلا يعنى ميجيش ربع فرخة من اى مطعم تانى مشهور فعلا شىء مؤسف و كنت متعود منكوا على حاجة احسن من كده اخر مرة للتعامل,طعم_سيئ
تجربة سيئه علي الاطلاق والمستوي بقي ف النازل كل مره عن اللي قبلها,طعم_سيئ
تسلم ايدكم,
اكل جي متأخر لمدة ساعة ونصف وزي الزفت ولا انصح احد أنة ياكل من عندة,تأخير_طلب
غالي جدا مقابل الكمية,سعر_غالي
كان جوده الاكل مش الي متعود عليها من السوري للاسف احبطني,
الفته حجمها صغير تشبع طفل بس طعمها حلو جدا الشاورما اللحمه كتير والعيش حلو جدا لكن مضيع الطعم ومخليه مر ان البقدونس زياده جدا والطحينه طعمها مر,طعم_سيئ كمية_قليلة
توميه كتيير اووي,
زي الزفت بجد من اوحش المطاعم بعد ما كانوا احسن ناس تعمل شاورما المستوى بقى مقرف حرفيا الأكل ميتاكلش أصلا,طعم_سيئ نظافة_سيئة
اسوء اكل ممكن اكله في حياتي الوجبة جاية تكفي طفل والفراخ الكريسبي عبارة عن شرايح صغيره حاجة في منتهي الزفت,كمية_قليلة
فتة الشاورما الصينى حلوة بس الفراخ قليلة,كمية_قليلة
الاكل سيئ جدا و تقريبا ني و بشع بجد دي اخر مرة اكل من عندكوا بجد,طعم_سيئ
الاكل جميل و نظيف و عالي الجوده المشكله في الدليفري تابع المنيوز بطيء جدا وغير كافئ,
الخضار السوتيه جالي بايظ و سببلي مشكله في معدتي. شكراً علي امانتكم في اطعام الناس.,فساد_الطعام
لما اطلب اوردر يجيلي كامل وزي ما انا طالب مش علي مزاجكو انا بشتري بفلوسي مش بشحت منكو منعدمين الضمير,
الاكل بارد و الشاورما قليله و الساندويتش صغير و بيتأخر جدا,حرارة_غير_مناسبة كمية_قليلة
اسوأ حشو للعرض ٣ سندوتشات كيزر مع اسوأ بطاطس شيبسى تقريبا ال ٣ سندوتشات كيزر تقريبا مفيهاش حشو شاورما فراخ الشاورما مرصوصة جنب بعضها بحيث تديك ايحاء ان السندوتش شاورما فراخ لكن تيجى تقطم تلاقى نفسك بتاكل عيش كيزر فاضى هل ده بسبب انه فى عرض فيكون الحش...,طعم_سيئ
الاكل وحش جدا ساندوتشات اللحمة كولها دهون متحمرة قلبتلي معدتي اليوم كله. ورميت 4ساندوتشات.,طعم_سيئ
فتة الشاورما ميكس جيده جدا والكميه حلوه البطاطس المقليه بالموتزاريلا كمية صغيره ومفعصه في بعضها والموتزاريلا ملهاش طعم,كمية_قليلة
الفته سيئه جدااا الشاورما كلها جلد ومحروقه لدرجه اني رجعت واللي ف الصوره قبل ما احس بالكميه اللي خلتني ارجع كدا ودي هتكون اخر تجربه ليا ولأي حد اعرفه انه ياكل من سوري,حرارة_غير_مناسبة تسمم_غذائي
للاسف العروض مش بتبقى متاحة علي تطبيق المنيوز,
ميستاهلش نجمه حتي الاوردر كان بايت و الاكل طعمه وحش و الفته كلها رز و عليها شويه شاورمه قليله جدا جدا و الاوردر قعد اكتر من ساعتين مع اني لما كنت بعمل الاوردر قالي ساعه و هيبقي عندك,طعم_سيئ كمية_قليلة
Gmalamr98@gmail.comggbjjjjjjhhhggggvvvvvvvvvvvvvv,
اوردر اكتر من ساعتين من سيدي جابر لسموحه والاكل وحش جدا وتقريبا كان معمول من بدري عشان مكنش سخن نهائي,
اكتر من ساعتين لتوصيل اوردر بسيط جداً،من سيدي جابر لحد كليوباترا..,
لو فيه اقل من نجمة كنت اديته ! ساندوتش شاورما فراخ بالجبنة مفيهوش جبنة اصلا وسندوتش بطاطس بالجبنة مفيهوش جبنة برده والساندوتشات جت باردة بالرغم ان المطعم جنب بيتي !!!,حرارة_غير_مناسبة
طلبت دليفري شاورما لحمة جالي شاورما فراخ وكان سيء كمان,
فتة الفراخ الصيني جميلة....بس لو الفراخ كميتها تزيد شوية والكولسو برده لزيز,
معفن جدا و كان بطني خلاص حيجلها تسمم محدش يجيب منه,فساد_الطعام
زباله حرفيا !!!!!!!!!!!!!!!!!!!!!!!!!!!!!,
أجمل اكل و المطعم نظيف و الخدمة مفيش احسن منها,
اكل طعمو سيء، بارد ، كمية قليلة .،................ للأسف اخر مرة,طعم_سيئ حرارة_غير_مناسبة كمية_قليلة
كل مرة اطلب اكل و كل مرة يتلغي لاسباب تافهه و المرادي المطعم مش بيقبل اوردرات عيب جدا يعني الكلام دا,طعم_سيئ
حلو جدااااا و الاكل وصل بسرعه و كان سخن و الاسعار معقوله بس ليه مفيش مكس مقبلات علي المنيوز,
من احسن مطاعم الاكل السورى في الاسكندريه .. اكل ونظافه واسعار مناسبه وخدمه متميزة,
أكلهم جميل واسعاره معقولة جدا الفتة تحفة والعيش مقرمش فيها وكمان المسحب جميل جدا وتتبيلته مظبوطة والتومية عشق ربنا يبارك لكم ويزيد استمروا على نفس المستوى فرع سموحة,طعم_سيئ
فرع المحروسة ، قاعدة كويسة و كل حاجة بس بيأخروا الاوردرات !,
أحسن مكان ممكن تاكل منه شاورما فراخ كل الأكل والمناقيش اللى جربتها عنده حلوة جدا,
الأكل وحش جدا والفتة شاروما فراخ كانت بشعة,
طلبت فطار ولم يصل ولم يقوموا حتي باخباري بالغاء,
تحفة وخصوصا فتة الشاورما جميلة جدا,
اوردرات متاخرة جداً و الاكل طعمه اقل من العادى الفرع ده بالذات مفهوش حاجة عدلة ????????????????????????,
عجبني الفتة بالشاورما ميكس وساندوتشات الشاورمة,
تقريبا انتو غيرتوا الناس الى كانوا شغالين قبل كدا ... الاوردر الى طلبته جالى ناقص اولا و بارد وطعمه متغير ومتغرق زيت ويوجع البطن ???????????? انا اخر مره هاطلب من عندكم ????????????????????????,طعم_سيئ حرارة_غير_مناسبة طلب_غلط سعر_غالي
الفته جميله و الفراخ.. مشكلته التأخير الدائم.,تأخير_طلب
كل حاجه فيه حلوة بجد .. اكتر مطعم سورى بحبه واول مكان اكلت منه سورى.,
فتة الشاورما ساندويتشات الشاورما المسحب,
غالية على الفاضي و مش حلوة اصلا,سعر_غالي
شاورما اللحمة عادية، الفراخ كويسة و الخدمة في فرع سان ستيفانو زي الخرا,
اتصلت اعمل أوردر قالولي للأسف بعد الساعه ١٠ مش بنقبل اوردرات فيه اي مكان وطبعا دي منتهي قله الذوق,
جربت الفتة طلعت ممتازة,
اكله وحش جدا وطلبت شاورما موتزاريلا مجاش فيها موتزاريلا وكان ناشف جدا,فساد_الطعام
بتتأخروا ف تحضير ال order جدا,
سندوتش الشاورما احسن شاورما في مصر .. الفتة مش اوي,
el mat3am gamd gedan bs nemrt el telephone elly metsagla 3'alat el sa7: 034267205,
raheeeeeeb a7la fata mix bel zabady,
البطاطس بالجبنة !!! الحقها سخنة :D,
الشاورما الميكس حلوة ....و الساندوتشات جامدة جدا,
