comment,complaint_cluster
was missing an item,
Sandwiches seems as if soaked in water,
very oily,
The thigh piece was small.,
"Fried Chicken piece felt hard , but fully cooked",
Only 5 not 6 as ordered and it came late and cold,wrong_temperature order_delay
Was fresh and delicious 😍,
"Delicious chicken popcorn, I also felt like I was eating cordon bleu.",
I ordered juice and i got cola,
Chicken wasn’t all that.,
QUALITY WAS TERRIBLE FOOD WAS NOT CLEAN.,
the order didn't arrive,
missing cheese sauce,
gorgeous as usual🥰🥰🥰,
Order arrived late,order_delay
food delivered cold for the second time again 😞,wrong_temperature
I ordered a 3 piece strips meal and received a 2 piece chicken meal which is a completely different order just similar in price.,
Order got ready from the restaurant late and missing the drink,order_delay
Cold and not fresh fries Cold sandwich,wrong_temperature
the sandwiches were too cold,wrong_temperature
"Please note that while we're willing to pay, the price should be accurate, considering that 0.24 doesn’t exist in Egyptian currency.The delivery person’s attitude was disrespectful, which is unacceptable.If no money is to be left, we cannot leave any",
Coleslaw missing,
the miss item hasn't arrived yet,
missing/wrong order,wrong_order
Bread was so bad,
fries not fried enough,
Cold sandwiches,wrong_temperature
No packaging 😠,
"the driver was so nice,the food was good i just have one comment about the fries it was a little bit dry so it was hard in chewing other than that the food was really yummy💗",
order was late and the second sandwich wasnt even spicy like i requested,order_delay
Cold food,spoiled_food wrong_temperature
order came spicy and i order original,
The fries weren’t fried well The order came with only one packet of fries although it’s written that there is two,
Not enough ranch and cold fries but the food was good,wrong_temperature small_portion
Food is fantastic no ranch sauce at all though,
good,
the first driver i have seen in this app,
the food was very good but I wrote a request that wasn't fulfilled,
I didn’t receive the drinks with the strips meals,
sandwiches was not good the tomato's was rottens,spoiled_food
Driver was very helpful,
Tastes horible,
Everything was good except that the restaurant gave me the 2 sandwiches spicy although everything is perfect😍,
My only problem was the temperature of the food. Except for that everything was perfect♥️,
Horrible burnt chicken pieces. Not fresh and super oily,wrong_temperature
Good,
One of the sandwiches came spicy with tomatoes,
very fast delivery,
I got the snack box rather than the strips,
Last order was wrong,
Order is 2 hours late,order_delay
very fast and very good,
Small portions and cold food,spoiled_food wrong_temperature small_portion
"amazing, it was hot and delicious",
"Cold food Second time, not going to order from there anymore.",spoiled_food wrong_temperature
2 sandwiches out of 4 were cold,wrong_temperature
Msh howa dh el quality eli mt3weda 3lha Chicken really bad Even the rizo,
Will never deal with that restaurant again,
"Chicken wasn't fresh, and the rice was so salty with sauces on it",bad_taste
Chicken wasn’t well seasoned,
Taste horrible!,
Very small portions.. disappointing,small_portion
no coleslaw in order,
I found bones inside the chicken The fries are dry and taste bad,
Better than KFC which is Surprising! Wow!,
Chicken not cooked well,
There’s no sauce at all it’s like drops & it’s very spicy,
Nice and fresh,
Rizo was not spicy and all food was not warm and arrived late,order_delay
the food was good the app was not next time I will order from talabat or from the restaurant directly,
There’s no enough chicken and that was so cold,wrong_temperature
sandwich was very very bad and cold,wrong_temperature
Was bot fresh,
I ordered two times. Each time I got spicy though I ordered original 😡 This is completely an unrespectful action,
"The fries were reheated, hard as a rock, and terrible i threw them away, but the sandwich was good",
I ordered triple and got double,
There is no tissues or ketchup or spoon so the pachaging is 2 out of 10,
The order was missing things and I paid for it all,
Very cold it tasted bad,wrong_temperature
I got spicy instead of normal,
One of the worst times I have eaten from you,
Over an hour late,order_delay
The order was supposed to arrive at 11:57 and it came at 12:47 and the food was cold,wrong_temperature
I ordered ranch and it came barbecue,
"tiny pieces of chicken in sandwiches ,doesn't worth even",small_portion
It was so good but the fried not🥰,
The order was cold,wrong_temperature
something tasted bad in the sandwich. the tomato or the lettuce were bad.,
"The sandwiches were good, but the fries were completely tasteless",bad_taste
"I love it and thankyou for being honest they put in 2 pieces meal , real 2 pieces not only breast and wing so thankyouu",
fries isn't that good,
chicken was raw and so bad,
so good,
Food was good but the drink was missing,
There was no fries with my order and its a first to happen,
Food was cold and not tasty,bad_taste wrong_temperature
Food is very clean however its not tasty,bad_taste
The food was delicious and the driver was very nice and fast,
Bread was horrible and there were no sauce,
"too much salt in bbc sauce on rizo, tortilla wasn't fresh in twister",
we ordered 2 spicy and 2 regular but we had received 4 spicy,
The taste was good,
The driver was sooo rude,
Soooo delicious tasty and all love it thank you❤️,
"I don't like to leave a one star review without some text, since it's not fair for the users and the restaurant. This restaurant used to be so much better, this food is very cold, and I'm sure it as hated multiple times. Fries are so bad, and they ev...",wrong_temperature
"The rise isn’t cooked all the way, and the chicken is a little bit dry",
the food come without spoons,
the order was replaced and it was so late and i didnt get my order yet,order_delay
Excellent,
The Food was fantastic well made the thing is i had a problem with the order preparation time it wad supposed to arrive within 20/30 min's but it took an 73 min's so it was pretty late but other than that the food was awesome and made for lateness.,order_delay
Worst cheat meal you can ever have,
All is good,
I ordered the sandwich Triple and i get it double and I ordered cheese sauce didn’t come with the order,
Chicken was so good in all ways as always..coleslaw needs to be checked the rice this time was better than anytime I ordered…the only that was bad was the delivery but a big thanks for 5Roosters,
Too dry,
Delay,
it was more expensive than the original restaurant,high_price
well done 👏,
Food is good. Portions are extremely small!,
Excellent choice,
The sandwich and fries very very cold The fried chicken in the sandwich wasn’t fresh,wrong_temperature
Fried chicken wasn’t fresh,
the chicken is great but there were no utensils for the coleslaw or ketchup packets with the order. also the coleslaw and fries amount could be better,
Extremely fast delivery. Good quality. Reasonably affordable especially with a promo code.,
Twister has very bad taste,
my order was missing a piece,
Food is better than before as it wasn't good but today was delicious,
Good delivery,
"the delivery man was so helpful and food was delivered very fast , thanks a lot . and i hope you give delivery man bonus!",
I ordered spicy but the order came original.!,
I got the order without fries!,
delivery man was so nice and helpful 😊,
amazing,
Kont talba 4 supreme offer wel sandwich kan so3’ayr gdn gdnn wel akl gah msh so5n,
great,
It was a wrong order,wrong_order
late delivery not caused by the pilot but caused by the restaurant itself,order_delay
Delivery was so so late to the point where I had to go to the restaurant just to be surprised by the manager telling me that he never prepares food in advance especially when it’s elmenus employees since they’re always late and unfortunately he can’t...,order_delay
cold,wrong_temperature
It was better before,
I ordered it extra mushroom but it didn’t come with it,
"i ordered all in one, 3 pieces of chk 2 wings 2 strips the fries was too small, only 1 piece of bread, coleslaw was like 5 spoons. the chk was fried good no stinky smell, but without any spices taste .",
Wasn’t hot and fresh,
Missing items,wrong_order
very bad experiemce,
"It was all good, but I didn't get my 2 cheese sauce. they sent me ranch and hot sauce instead.",
The sauce came wrong,
That sandwich was nasty... Cold.. Not fresh,wrong_temperature
So small pieces of chicken comparing with other fried chicken brands,
Perfect,
Sandwich very small,
excellent,
Chicken Not well cooked,
Thank you,
food was not hot,wrong_temperature
"everything was horrible. cold, old, oily, the bread was at least 3 days old, disgusting... they have a big issue with quality consistency. such a shame. twister had one original piece, one spicy. it tasted funny, and was so small",bad_taste wrong_temperature
"Wrap fell apart when I opened it, but it and the rizo tasted amazing.",
I usually like 5 Roosters but the last order I got was just awful. I ordered 1 Spicy Rizo and 2 Spicy Twister without jalapeños; what I received was 1 BBQ Rizo and 2 regular twisters that tasted like they had been microwaved and the tomato in them t...,
"Wow! I received a fresh, piping hot order, made with care! The last time I got such great food from this restaurant was when I first ordered it more than a year ago - consistent quality is key, I wish every order came in like this! Perfect crispy",
"this time the chicken strips were almost full of crisp and chicken skin barley one or two strips of the two boxes had actual chicken meat in them, you were never like that!",
2nd time i order spicy and came regular,
Hot fast and delicious,
food cold,wrong_temperature
Missing buffalo sauce and not even replaced,
not hot,wrong_temperature
"one box was more fresh than the other, which was a weird thing to experience. still, both really tasty, portions are always great. wish they had biscuits instead of buns sometimes",
the food wasn't well cooked at all,
V. Good,
The food quality was good and the delivery time was excellent but the meal supposed to have 4 chicken strips and i only got 2,
"order not fresh, cold and missing.",wrong_temperature
Not bad,
trash,
The coleslaw didn’t come with the order,
food was cold due to the delivery but the restaurant sent complimentary,wrong_temperature
Coleslaw was not fresh ; chicken wasn’t good also :(,
it took 1 hr and half till i got the order and it wasnt hot,
nice,
Item was missing,
Why you r not delivery to Miami !!!!!!!! Am really disappointed I used to love 5 roosters this is very frustrating,
"Jnfortunately the delivery boy was horrible. He didn't know the address and didn't call us until he was totally lost. As a result, he was late for like an hour and we had to reheat tbe food.",order_delay
Delicious,
fries without any salt,
Very very spicy i could barely eat! I ordered everything original and NOT spicy and it all came the opposite.,
"The taste was only in the cover , there is no taste at all in the chicken itself,, it was the worst order from you 😔",bad_taste
"Late delivery, bad fries",order_delay
Very delicious,
"Took double the estimated preparation time and instead of 1 thigh, 1 breast and 1 drumsticks we got 2 drumsticks and 1 small thigh",
Amazing,
order an extra sauce paid for it and didn't get it,
Cold food and bad delivery experience,spoiled_food wrong_temperature
I have received my order as family meal And i found that 6 pcs thighs And 3 wings Its totally not accepted,
Strips not crunchy and the food quality in not the same as before,
the food was great,
food arrived hot and was so yummy,
food arrived quick and it was fresh honestly i was amazed it was my first time to eat such an amazing fried chicken in Egypt,
The snack box came in with a wing and 1 piece. Horrible value for the money.,
i received regular chicken instead of crispy,
"I ordered 4 pieces spicy white meat and 4 pieces original dark meat, but I received the order opposite",
"I asked for mix of spicy and regular fried chicken, what I got was all reg. + It was sucks the outer coat was really bad and there was alot of oil in the packet, it was disappointing. the chicken it self was tasty and good but the coat was terrible.",
The pieces are repeated and it comes cold with one loaf of bread.,wrong_temperature
"They should add more bread, some ketchup and a fork. Basics guys please pair them in mind.",
"fries were very oily, chicken was a bit overcooked but still very tasty. soda was perfectly cold.",wrong_temperature
how could you send spicy chicken in a kids meal!!!!!!!!,
"Fried chicken was disgusting, not clean, not fried well , sandwiches were good",bad_taste
very good,
i ordered spicy it came regular,
"to reheat the chicken they fried it again. it had a funny taste to it, and was burnt. fries were not bad, overcooked. but they always provide worak when requested, which I appreciate",wrong_temperature
"worst delivery service ever, my order took more than an hour and a half and no one showed WORST DELIVERY EVER",
Excellent and quick service,
Very bad quality,
it was not spicy as ordered but all is good,
the chicken wasn't really spicy,
delicious 😋,
Everything was so perfect just... الاكل كان شارب زيت That was the only negative feedback apart from that everything was amazing,
it need to be more clear from the oil,
dinner box not good by any mean don't recommend,
food was cold,wrong_temperature
"the packaging is moderate, the chicken taste is awesome but it's not special, the fries is regular, and the coleslaw salad is just awesome, a good value for money, overall it's an experience that I've enjoyed and I would repeat once or twice.",
All is perfect taste and smell very very good food i loved it very much,
Sandwich was not hot and fresh plus low quality,wrong_temperature
The order was so fresh and delicious and i highly recommend this restaurant,
"food tastes filthyy , and they are so rude when you call them to check for tue delivery i don’t recommend ordering or eating from this place.",poor_hygiene
Didnt even come,
Not as usual,
Sandwich Package was carelessly sealed (twisted) from 1 side and properly closed from the other side like it’s been opened and closed,
Order was missing V cola,
so bad,
"My order was delivered after more than 2 hours which is unacceptable, however the only driver they have is polite and respectful",
Cold sandwich,wrong_temperature
"Chicken was burnt,dry there was no sauce",wrong_temperature
"i ordered a fattoush salad that usually comes with bread, and it came no bread became a normal salad im unsatisfied",
Shawerma was poorly filled and 2 pieces out of 5 were only fries,
I said without tahini sauce,
The food was cold,wrong_temperature
Very cold,wrong_temperature
The driver was very quick fastest order i’ve received in my life,
The food wad cold,wrong_temperature
Kind of cold,wrong_temperature
the shawerma meet was not very good this is not my first time to request this order,
"The worst order ever , every thing was bad not fresh at all the hot hariç sauce was expired !!",spoiled_food
Best Turkish food in Alexandria..the mix grill dish is so delicious I like their creamy texture garlic sauce The only downside is that the portion of Biryani rice is too small 🫩they should add more. The delivery man was polite and punctual,
The driver didn't return the change,
The sandwich had little garlic and turkish sauce even though i paid for extras,
I ordered chicken fattah not bread fattah.. I barely found chicken in it. like only 4/5 pieces and its filled with bread.. thats unfair.. I want a compensation!!!,
Kubaba tasted very bad and was raw!,
best shawarma I've ate in Egypt,
They forgot to add the garlic sauce,
"I ordered extra sauce, but the sandwich barely had any in the first place.",
"Delayed delivery every time when i make an order , app technical issues are huge",order_delay
their is a cut underneath the package and the rice spill from it,
"Needs more rice, it legit had half as much rice as any competitor but the chicken,beef and sauce was soo good!",
I asked for extra sauce and there was barely enough also that’s a cheese sandwich?? I didn’t taste any cheese could ordered the original instead,
to much bones and not well grilled,
Delicious,
special request neglected,
5th piece was empty,
I ordered a chicken shawerma extra garlic and the sandwich had no garlic at all,
Taste was very bad not fresh and very cold sandwich it will be last time to order from sultan ayubagain,wrong_temperature
The sandwich wasn't even grilled & delivered cold.,wrong_temperature
Restaurant did not follow food instructions.,
The sandwich was cold it didn’t taste well as it should,wrong_temperature
Dry fattah,
Worest experience ever,
little pieces of meat and chicken and the rest is onion!,
The food is too cold,wrong_temperature
I requested extra sauce n it came without any sauces instead..plane shawerma with pickels😡🥹,
Strips weren't crispy and fries were oily.,
The driver and the food was great but the lateness of sultan ayub is unforgivable,order_delay
After accepting my order from restaurant and waiting for more than one hour i received a call that order will not be delivered as the restaurant has a problem which is not acceptable at all after waiting for more than one hour this is the worst custo...,
Crispy cheese fries was very disappointing,
The driver was extremely late and the food was cold !,wrong_temperature order_delay
cold,wrong_temperature
The chicken shawerma was burnt and the rice undercooked.. What a shame,wrong_temperature
"I received my food cold , taste was great but it was too cold",wrong_temperature
It comes cold,wrong_temperature
"the plate was half empty , tasted bad , lots of chicken tendons, didnt taste good overall",order_delay
One sandwich opened,
"The portions are not as big as they were before But for the driver, i give him 5 stars because of his professional attitude & appearance",
wrong order,wrong_order
not friendly.. very bad manner,
the spicy garlic sauce was rotten,spoiled_food
"Arrived unwrapped and cold, didn’t taste good as every time i order it",wrong_temperature
Not hot and not good iam very angry from that order,wrong_temperature
Cole slaw was spoiled,spoiled_food
Good,
brought me big fresh not big cola!,
Wasn’t good at all,
The bread is dry!! And chicken is tasteless,bad_taste
The food tasted amazing Eating from it every-time im in alexandria 🫡,
Great. You can add option for tips in the online orders,
"Very early delivery, before Iftar with 60 min , tasted cold & so bad ...",wrong_temperature
The chicken was not good AT ALL,
It was too cold,wrong_temperature
I got different item,
I did not receive the drink with my order,
The chicken is cold,wrong_temperature
I got the wrong order twice,wrong_order
Sandwich arrived open and fries all over the bag and driver came late,order_delay
I didn’t receive the order lol,
Always late,order_delay
Portions is soo small comparing to price,
over price,
missing combo,
Nice,
fries was cold,wrong_temperature
very very late delivery one hour after the expected time. the order received missing items. the worst experience,order_delay wrong_order
All good just food portion wasn’t very good,
"It was with turkey and I asked for spiro spates .. if it’s not available, the restaurant should inform me",
my order had burnt chicken shawarma pieces!,wrong_temperature
Excellent,
So good as always+ fast delivery,
Was very cold,wrong_temperature
Sandwich was very small,
the best as usual.,
food gone bad after half an hour,
Bread was very bad not hot also taste didn’t hit my expectations as always despite everything delivery was early and good anything else was very bad food texture was disgusting. I wont order again from sultan ayuub,bad_taste wrong_temperature
late dilvery more than 60 mins.,order_delay
Awesome,
keep the good work,
"fast delivery, and the food was too good as always.",
Fries missing,
"the fries were bad, but the sandwiches were great and tasty.",
Stop raising the prices plz 😂,
It took so long to recieve the food,
Didn’t arrive,
I got the wrong order,wrong_order
El akl bs bard,
Very small portions of fries,small_portion
Worst order ever !!!,
"even though i ordered extra sauces, the sandwich lacked any sauce and was so tasteless. So disappointed",bad_taste
This was the smallest large shawerma sandwich i ever ordered and definitely there were no jalapeños at all,
Great driver,
Very small size for the medium one and too much pickles.,
The food was not well cooked and it was also cold.,wrong_temperature
The food didn’t come in the first place,
Sandwiches are basically bread with scanty fillings and higher prices!,
No change of money,
I didn’t received the orderrrrrrrrrd,
Chicken was raw,
Food used to be better Bad quality for this order,
Perfect,
too much tomato sauce on sandwich and fill it with batats no shawarma and batats محروقة,
I received spicy shawerma ! I ordered it regular,
I felt sick while eating it,food_poisoning
Heat,
There was no fries with the order,
My order was without garlic dip,
Taste not as expected,
Fries didnt come,
Not fast at all,
"In general, the food was very good. I tried different dishes and they were mostly good.",
The man was very gentle❤️,
Very good,
"Wasn’t rolled probably, bread was suggy disappointing",
Gamed,
The worst food ever,
Very bad quality of food,
They sent wrong order.,wrong_order
Bad food🙃,
need more sauce,
Did not deliver,
Special request totally ignored,bad_service
Found a hair in my sandwich,poor_hygiene
Excellent driver,
The bread wasn’t fresh,
tmam good,
my driver's behaviour was shit and I'm missing an item,
I received kofta instead of kabab,
nice work,
Wrong fuckin order it wasnt meat it was chicken and i fuckin dont eat chicken,
She is so perfect,
"Accuracy and Packaging : Everything including the extras was made, packaged and delivered properly, only problem was that I got a Green fanta can instead of a coke, but it wasn't a big deal. Food : I ordered a beef shawarma sandwich and a chicken sh...",
I ordered coca and recieved fanta !!!,
No sauce in the sandwich,
The jalapeños wasn't spicy at all,
"Food was good but not yummy as always, still good👍",
Wrong Drink,
The bag was torn and the shawerma was so dry and not cheesy the chicken kebab was soggy,
the food wasn't clean at all and it didn't taste good. I also requested extra fries they charged me for it but I didn't get it,
Driver rude,
Bad one,
overpriced concerning the size and portions nice quality and taste though,high_price
I ordered medium and large and they came same size,
"Came very early, the taste was really bad.",
Order was missing drink,
very good taste .outstanding kobeba,
Driver attitude was so bad 😡,
I made an order to be delivered on iftar and the written estimated time was 6:14 but then at 6:20 I found the order was moving with the delivery but it was moving away a from my house going towards green plaza and when I called the delivery guy he sa...,
order late but food delicious 😋,order_delay
I ordered fatoush yet i got a regular green salad,
Food was so cold,wrong_temperature
"Driver couldn’t reach the location, kept calling me and took forever to arrive. To be fair though he was polite which made the whole experience bearable but I’ve never been called by a driver on any other application for directions but for some reaso...",
-the chicken itself didnt taste good -didnt like the sauce they used in Fatta -the girl from Sultan Ayub asking for feedback was rude,
"That was the worst food I ate in a long time. First of all, I asked for the removal of the turkish sauce from the fatta, yet that did not happen I opened the box and found it all covered in that turkish sauce. The shawerma pieces on top were very few...",
"thank you, the order arrived fast i was so hungry , food was great , and the delivery man was so nice and helpful.",
i ve ordered large but it seems small than usual,
The portions are small especially the fries and also the shawarma portion is small,
The best chicken sandwich I ate ever,
Didn’t receive my money back !!!! I paid 100 and the delivery guy said that he doesn’t have enough money and will leave the rest of the money with the security guard of the building !,
Sandwich fries not shawerma really so bad quality and no portions of shwerma an eating only fries,
Very bad taste Cold sandwich Overall it was a very bad order,wrong_temperature
"The food was delicious , but it was cold ☹️",wrong_temperature
shawerma taste and quality are not same as before.,
"Drivers attitude very bad , food is good",
"we order extra garlic drip but we didn't get any,and the order came late and the food was cold!! but the driver was nice",wrong_temperature order_delay
Delicious as usual,
done,
Not delicious,
High quality food as usual,
didn't follow instructions,
There were items missing … one of the arabian shawerma has no fries,
I asked for extra garlic dip and didn’t get it,
The order didn’t arrive,
Super late delivery (>2 hrs) due to an unknown person who took my order at first so choose yr runners first plz and take responsibility about who u give yr orders to,order_delay
Very bad,
Very bad taste & contents,
good not Bad,
wrong order i ordered 4 special meat shawerma i got 4 chicken instead,wrong_order
Portions are great it’s tasty and the delivery is fast,
Cold food,spoiled_food wrong_temperature
best pizza ever 🥰🥰,
"the driver was amazing , the food was good but small in portion",
"very small amount of chicken shawerma and also the pieces are cut from the crust ,Although it does not come cheap ,very bad valie vs cost",
Good h,
great,
I don’t like the taste of the bread.,
So bad,
not hot enough!,wrong_temperature
large fatta size is very small compared to its price.,
Graet food,
So good,
I ordered cola and I received sprit ! Food is too salty .,bad_taste
not as before,
it was very delicious and it arrived fast.,
The large shawerma sandwich became very small and not worth the money,
Always on point!,
good,
"food was cold , driver called 3 times for directions and he didn't have 15 pounds for change and he didn't even know how much the order costs",wrong_temperature
"-The order took more than 70 minutes to be delivered -Call center called me to apologize and inform me that order will take 10-15 mins to arrive, but it took about 30 mins Driver told me that he went to a wrong branch, then to the right branch, which...",
the picture attached with the food type is different,
I ordered fries as a add on and they didn’t put any fries but they charged me for it,
Received a different order,
my stomach hurt me and I vomited also the taste was awful,food_poisoning
The food is the worst,
The sandwitch was full of fries,
Delicious chicken shawarma,
Perfect.,
the delivery man is very professional.,
taste was perfect,
delicious food 😋😍,
thank you,
meat shawerma was tasteless chicken shawerma with cheese was delicious,bad_taste
Small portion,small_portion
Very fast delivery and delicious food.,
The special chicken is totally recommended. but the meat kebab is a truly tasteless horrible sandwich.,bad_taste
the sandwich came in a medium size while I ordered it large,
"Delivery was fast, courier was professional.. thank u",
The chicken was not well done 😔,
all wss perfect,
Tlbt 3 showerma mixed wsl fihom wa7d chicken,
very delicious 😍,
"very clean , delecious , outstanding service, very very very good food best order ever 🥰🥰",
Enta gamed wlahy 👌👌👌,
"Delivery took more time than expected, live tracking showed that the driver went into many other locations other than the delivery route.",
The food was fine but i was delivered a wrong order! 😒,wrong_order
very decent,
"One of the best ordering experiences with a quick delivery. The delivery man is really a gentle man, very respectful and professional.",
it was good but not that much,
It was cold and it tasted horrible!!!,wrong_temperature
Took so long to make the order over an hour late than the ETA and the food was so cold and bad,wrong_temperature order_delay
Rubbish shawerma sandwiches directly from the delivery driver to the rubbish bin,
bread was so bad,
Got wrong sandwich i asked for meat shwerma and got checkin without being notified and that's the second time,
Good but just in time and we need it earlier,
the cold appetisers was not good with a minimum quantity of dipping sauce,wrong_temperature
"great, Can you please add the ""Turkish bread"" to the menu ""appetizers"", so that I can order it.",
the order was extremely late,order_delay
Qty is too low,
The food was pretty good the problem is i was ordering meat kabab and it come shish tawook sandwich but it was good. Please be careful next time.,
what's called fatt shawrma is disgusting . awful experience .,bad_taste
I've just received an order and it was totally delicious well made and the delivery arrived exactly on time. I would love to thank the management of the restaurant.,
Good food and excellent for every thing,
"the food was average, they served the dish with side sauces tomya and olive oil , then when I asked for the receipt I found that they actually charged me for the tomya and olive oil witch I didn't ask for it and I was under the impression that it's ...",
One of the most tasty shawarma I’ve ever tried specially the chicken,
Have nice kabab la7m,
Excellent food & service,
Tried this place? Share your experience with the community!,
The best shawerma I've ever had!,
"very tasty, so different",
"The chicken shawerma I had here was one of the worst things I've ever eaten in my life. Just simply removing the french fries would make it so much better, but still not good. If you want shawerma that actually tastes good go to El Reef El Dismashky.",
have nice shawerma but bad staff,
Their chicken shawerma sandwich's components are plainly amazing,
"Very bad, inzidd sandwitch",
best chicken and meat shawerma in alexandria,
Extremely tasty Arabian Shawerma,
Drinks not as requested even I paid extra for specific drink,
"Late delivery, cold and not fresh fries",wrong_temperature order_delay
The price was different from the restaurant and we had to call the restaurant so the driver makes sure that the price of the application was correct,
little,
juicy lucy burger came without any cheeese for the second time and the burger was very dry waste of money,
The order delivered was not the sandwich I choose on the application. I ate it anyways but it was bad and wrong order and the order was really late,order_delay wrong_order
cold fries due to putting cola in with the fries and not full. i always leave a request which is ignored.,wrong_temperature bad_service
It came very cold and the onion rings very oily,wrong_temperature
"twist fries was bad , so much oily.",
"The Burger was delicious… but the curly fries tasted very weird, soggy and oily (as if it was pre-fried then fried again and probably either an old batch or unchanged oil) I almost threw up from how bad it was.",
Very slow delivery,order_delay
The curly fries was bad,
Driver showed up 2 hours after order was placed. They're working on a refund as I didn't get a chance to accept the order,
fries were cold but burger was good,wrong_temperature
the burger was dry but taste was good..,
they listened to the comments about the order and deliver on their quality. thanks,
Orange and mango juices was expired,spoiled_food
They didn’t deliver the order,
burger was over cooked,
"The burger had burnt bits in it which seems like the grill was not cleaned properly.. and the fries are always small pieces, oily and soggy. what's up with that?",wrong_temperature
Great,
Taco Salad was very good. A little short on meat. Chicken sandwich was very good.,
"The burger tastes so bad and the smell is horrible, as if I took it out the trash. The fries are so greasy. Leaving a bad review",
missed item,
Taste of the corn dog was horrible !,
The meat has an after taste,
It took over an hour and half,
The food was cold and the wings is so bad and cold,wrong_temperature
Cold,wrong_temperature
Cold food,spoiled_food wrong_temperature
taste was good but with very small amount of filling almost 3 pcs of mushroom,
Corn dogs were too salty and soggy.,bad_taste
"Came late , onion was added to salad although I wrote a note not to add onions , one coke came instead of sprite",order_delay
"Very late delivery 2 hrs, cold food, overcooked onion rings and curly fries to the extent they were too dry. A real shame that we don’t have any service standards.",spoiled_food wrong_temperature order_delay
The worst burger ever,
good but the bread was a little dry the curly fries tastes so bad unfortunately the order took sooo long to arrive way more than the estimated time,
The beef was not fresh . It tasted like it was processed and also was not cooked well . I thought mince was my favourite until this happened .,
"The toast didn’t taste good, not enough chocolate or banana. overall it was a disappointing experience and not as good as it used to",small_portion order_delay
food tasted terrible i had to throw it away and it was also a bit cold,wrong_temperature
the order is very bad quality doesn't have all the ingredient.,
Food very oily,
Tasted so bad the meat was very bad food was cold very bad experience,wrong_temperature
Worse burger I ever had,
Food was very bad. Meat was bad and didn’t taste good at all. Buffalo chicken wings taste bad,
"Worst order ever!! The buffalo chicken tenders came without buffalo sauce, and the mice burger patty came burnt!",wrong_temperature
Quality is very very poor especially almaza branch is trash!,
Good,
"1. The sealing was a-bit teared and there was very small amount of fries left and they were burnt, i realized after receival. 2.The burger sandwich tastes awful and the bread wasn’t fresh. Very very bad experience",wrong_temperature
"Very late, freezing cold food. I'll have to microwave burgers before even tasting them.",spoiled_food wrong_temperature order_delay
Soggy bread with burger. Too much batter on chicken strips. All arrived barely warm,
order was.very bad fries were very old and not fresh burger has no taste very bad experience never again,bad_taste
"Not juicy Lucy burger, it had onions, very little portion of fries",
I didn’t receive the order through El menu because their delivery guy didn’t show up to deliver the order so thanks to mince for delivering the order direct from them The food was perfect from mince,
"Food doesn’t taste good, it was cold and wasn’t juicy",wrong_temperature
Food quality was really below standard,
Super delicious,
"delicious but unfortunately the bread breaks up easy, hard to eat it in one piece",
"Very late , food cold , fries very bad it is old",wrong_temperature order_delay
The fries taste was really bad and the sandwiches were cold,wrong_temperature
The food was good but the burger was a bit cold,wrong_temperature
the food wasn't cooked properly.,
Was too cold and humid,wrong_temperature
Portion is too small compared to price specially,
"Delivery was late, but food was awsome and fresh",order_delay
Bread is not fresh and sandwich is very dry,
Cesar salad was awful,
They refused to cancel my order after 10 minutes of ordering it and this is unacceptable,
from 1 of the top restaurant to the worst Don't order from there,
Bad,
Bread wasn’t fresh (the hotdog one),
"I only received the dessert!! And i was advised to call restaurant to follow up, and restaurant advised to talk to menus cuz its made from app!! And final resolution is to make new order and wait another order time … meanwhile fuck the customer who w...",
"The order took more than expected to be delivered and once received, the food was cold and bad.",wrong_temperature
Worst experience i had. Order was wrong and late and cold. Will never order from mince again.,wrong_temperature order_delay
Taste was not good and burger was burnt,wrong_temperature
"recieved the order very cold, sandwich is small, expensive meal wont ever order again",wrong_temperature high_price
took 2 hours and came cold,wrong_temperature
Food was cold (not even warm),wrong_temperature
The food was cold and not good at all,wrong_temperature
cold and delayed. bas experience. it seems all the recent reviews are the same,wrong_temperature order_delay
cold,wrong_temperature
The order arrived more than 50 minutes late and no one had the courtesy to call to inform me it's gonna be late or to explain why?..not recommend Mince at all!!,order_delay
Really bad meat. Frozen old patties. Overpriced and gross,poor_hygiene high_price
"Wrong order, I gave the delivery guy the order back. He stayed with me for a long until the support team gets back to him but no one contacted him, so he had to leave and I had to cancel the whole order and not to wait for the right order anymore.",wrong_order
I will never order again from this place!!!,
Cold food. Wrong item.,spoiled_food wrong_temperature
"The food was not freshly made, specially the lettuce in the sandwich was wilted",
Late delivery and the courier was rude,order_delay
Taste is too bad i cant imagine,
food was a little cold,wrong_temperature
3 of the 5 chicken wings were not done. The onion rings were overcooked. The hamburger was delicious. Very disappointed.,wrong_temperature
He was very very rude and I need to file a complaint against him and there was an item missing,
I didn’t recive the cheese cup,
firstly my order was late. secondly the buffolo sauce I ordered was missing. thirdly the food was cold and seemed to have been put outside for too long. lastly the bread of the burger was so so stale I threw the sandwich out. horrible experience.,spoiled_food wrong_temperature order_delay
The orange juice was expired ! It says on the bottle it was produced a WEEK ago ! Please check what you’re sending to the customers!!!!!,spoiled_food
food was cold,wrong_temperature
the driver was honestly so kind. i couldn't tip through the app but really he deserved it,
Order came very cold…,wrong_temperature
Was cold,wrong_temperature
Food always arrives cold,wrong_temperature
my food is literally cold…needs to be reheated…last time ordering from here,wrong_temperature
food was very cold and burger was warm at best,wrong_temperature
The order was very cold and the taste was not good,wrong_temperature
food arrived cold,wrong_temperature
"Very very cold order & no packaging for the sandwich or fries , i waited very long to receive a very cold low quality order",wrong_temperature
The fries was so bad,
The food was cold,wrong_temperature
The sandwich wasn't tasty as usual and the service was bad,
waiting order for one hour and became wrong twice bad serviecs,
Very bad experience,
One hour late delivery and food was cold,wrong_temperature order_delay
"I was asked to pay again even though I’ve already paid online, the salad I ordered was spilled in the paper bag and the extra bacon I asked for was not added to the sandwich all in all , worst customer support ever",bad_packaging
Food tastes so good but arrived late and cold,wrong_temperature order_delay
The word cold is nothing to the sandwich i have received,wrong_temperature
"The food was so late and literally cold, two hours after the estimated delivery time of an hour, so three hours spent waiting for this cold useless meal. Absolutely unacceptable. Customer support was useless besides apologizing and not having the dri...",wrong_temperature order_delay
the food was very cold,wrong_temperature
Too much salt this time🤢🤢,
food was not hot quality was very disappointing,wrong_temperature
Buffalo wings taste like shit,
It was freezing cold and arrived 2 hours after ordering,wrong_temperature
Cold meal,wrong_temperature
The order was cold!,wrong_temperature
The order came late and the all food was cold,wrong_temperature order_delay
Slow delivery,order_delay
The buns weren’t fresh And food temperature was cold Small portions,wrong_temperature small_portion
Ice cream is missing,
Food was so cold,wrong_temperature
The order was very very cold Burger was made with wilted lettuce Fries seemed like leftovers,wrong_temperature
Food was cold !!,wrong_temperature
"Honestly not the first time to be not satisfied, mince is losing its edge",
Missing items,wrong_order
"The order arrived after 2 and half hours, was very cold and packging so bad and it was the worst experience ever, never ordering from this restaurant again",wrong_temperature
I ordered 6 pieces and only 5 came,
food was cold because delivery was late for pick up,wrong_temperature order_delay
"Fries was cold, tastes very bad, nashfa. Burger was cold. Took 1 hour 15 mins to come",wrong_temperature
Chicken breast was chewy and not tender,
wonderful,
Fries was terrible portion and taste,
bad,
Received 4 mozzarella sticks instead of 6 😄 also mfc is horrible never like before,
I didn’t receive the icecream and i can’t reach your support!,
"Low quality burger, buns not even toasted Low quality sauces only sweet barbecue is good Low portion fries for 40 egp The only good thing is the chicken wings but it’s too expensive too.",high_price
Delicious,
Meat wasn’t a good quality.,
Meh food,
no ice cream with order 😔 I wont to return the order,
"Fries were very oily and burger patty was crumbling, it was a minced meat sandwich at some point",
The meat tasted very bland. It needed salt & didn’t have any flavour.,
Delicious!,
"Got the meal for 4 offer and the sandwiches were very small, not nearly enough for 4 people. Otherwise the flavors are good.",
The worst restaurant ever tried The worst service The worst management,
If there is negative would have given it Worst food delivery experience Said 60 mins delivery came after more than 90 mins.. all food came all extremely cold and fries totally soggy.. barbecue sauce of chicken wings was all spilled in the bag... ...,wrong_temperature bad_packaging
Fries are too small Pack is half empty 3eib ya3nii,
Order came after 2.5hrs wrong,
Ery Very bar experiane nothing was half half all shoud be put in trash fringe fride all oil not crunchy zsandwidh bed id very cold and tear int 100 peasr no dressing only peasr of tomato as id i went to shabrawy,wrong_temperature
Food received tasteless and super cold,bad_taste wrong_temperature
Food received tasteless and ridiculously cold,bad_taste wrong_temperature
Good was bad,
"burger is very dry and there is almost no cheese although i paid for extra. the elvis desert is veryy bad, it came with no ice cream and tastes very weird. I dont know what happened to this restaurant , mince was quite good a few years ago but now it...",
Too much onions in the sandwitch,
"The burger I ordered was very bland, cold and tasted like the ingredients were old and stored for many weeks and not fresh at all",wrong_temperature
Food was horrible,
Good food I try most of dishes was great I would like to order again,
Order wasnt fresh and very cold specially the froes were cold and oily very disappointing,wrong_temperature
Burger was awful and very bad quality i threw the sandwich away couldn’t eat it I regret ordering from mince,
The taco salad was missing 7 of the ingredients.,
"Burger was bad, bread was not fresh.",
Nothing inside sandwich and not as shown in the photos …,
The order came cold with wrong drink,wrong_temperature
An hour++ late delivery and i chose it because it said “fast delivery”,order_delay
Food came cold,wrong_temperature
Cold and greasy and tastes awful.. never to order again,wrong_temperature
"The rider arrived late after cruising with my order in madinaty, the order arrived MISSING a whole sandwich, Elemenus customer service is useless and rude as usual, saying they will check the cameras, “not knowing who he is talking to nor what that m...",order_delay
And the food was not hot,wrong_temperature
food tastee terrible and customer service so unprofessional and rude,
the restaurant is very unprofessional. theh refused to cancel my order only after 7 mins saying that they are preparing it already. i lost 300 hundred pounds.,
everything was oily and the lettuce wasn’t washed,
The food was too late and cold . The fries were cold and so oily,wrong_temperature order_delay
the caesar salad was terrible ... waste of money the delivery was late the burger was not hot as expected but tasted okay,wrong_temperature order_delay
"the patty is very dry, the smoked burger is actually a burned burger, the 2 stars for the cheese potato and the sweet potato only",
"Basic burger,expected a thicker beef patty, basic seating, premium price",
The order was missing items.,wrong_order
"It tastes poor, fries were pouring oil and it was just one big mess. Very disappointed",
"I ordered 2 combos , one of them is missing the Coca-Cola can, please send ot asap.Thank you",
Quality was good…but price was more expensive than what is written,high_price
"sandwich was great but the fries were horrible, Do NOT order a combo from this place",
I received normal fries not Cheesy fries with just very small cup of cheese sauce how come it costs 53!,
Wrong order No receipt,wrong_order
amazing delivery man,
but took long time to be delivered,
They put the very cold sprite over the fries which made the fries very cold and wet! Not edible and the juicy Lucy is a bit spicy which it shouldn’t !,wrong_temperature
"I payed for the delivery 200 and he returned 80 not 90 pound , so looking for a refund for the 10 egp",
Late. No sauce as described. Cold. Will not order again,wrong_temperature order_delay
Simply Cold !,wrong_temperature
Food was cold,wrong_temperature
the sandwich is so horrible I ordered two different sandwiches I got these horrible sandwiches,
Fries are so cold,wrong_temperature
Burger paling Sedap dekat mesir,
"fries half empty, order delayed",order_delay
The Quality has declined….not ordering again,
and food was cold too,wrong_temperature
"Driver lied to me about picking the order time and took too long to come after he picked the order from restaurant, and the food was cold",wrong_temperature order_delay
"bread is not good, the old bun is better",
the order arrived a little bit late and it was cold not what i expected from mince,wrong_temperature order_delay
They did not send 2 items in the order and it took an hour and a half to send the items. Unacceptable. The wings were ok and the burger is usually better.,
Because i got the offer the food quality was very bad and it was so cold also the fries was just 10 pieces in the pack and it says a combo large if that is the large what will the medium be 2 fries or what,wrong_temperature
fries portion is so small and wings come with the buffalo sauce on the side that is cold..,wrong_temperature
I received the wrong order for the second time. I got another sandwich instead of what I ordered. The food was cold when I received it. The salad was only lettuce and dressing not what’s described.,wrong_temperature wrong_order
Fries were cold,wrong_temperature
Very very very late and cold food Disappointed,spoiled_food wrong_temperature order_delay
cold sandwich and fries .. cheese isn't melt we used to have it much better than this,wrong_temperature
"Terrible experience, fries less than half full, salad upside down in the bag & not closed properly, salad ingredients has nothing to do with the description.",
The order came missing the cola and 45 mins late delivery!!! Menus very bad service,order_delay bad_service
low quality burger compared with other restaurants i think daddy's burger is much better than mince,
i received another burger,
Missing things,
"portions are very very small, the food is cold and late, and it tastes so bad!!",wrong_temperature order_delay
Special instructions section was not read by Mince.,
very bad food and bread 🍞,
I'm a big fan of mince this was my first time to try delivery and it was not as expected,
"Ordered delivery and it was awful taste, cold sandwich, plain without any sauces Bread was fresh",bad_taste wrong_temperature
"very bad taste,",
"This no longer the mince we know, food was cold, portions reduced, the taco beef salad is nothing like the one I used to have in their resturant.",wrong_temperature
burger was so so dry almost no cheese at all,
I didnt receive the sauce while i paid for this item,
I didn’t get the right burger,
Ordered Tex Burgers and they came as classic burgers. Fries was cold. No sauces enough. Chili Cheese fries came with minced meat not jalapeños and with insufficient quantities. You are total thieves and ripping us off with your prices against your qu...,wrong_temperature
"Very bad taste and low quality compared to price, Food arrived late and very cold, terrible experience overall",wrong_temperature order_delay
order delivered late and food was not hot,wrong_temperature order_delay
The comments we made to sandwiches were totally mixed up. Sandwiches ordered without cheese and sauce came wit cheese and sauce and others were missing the cheese and sauce,
good quality but overpriced.,high_price
I received plain burger sabdwich instead of mushroom burger sandwich,
I ordered a Mediterranean Salad and received a mixed greens salad. The burgers and fries arrived cold.,wrong_temperature
Last time to order; very low food quality and seems that no experience for the chef,
"there was nothing juicy about it whatsoever, I barely tasted cheese. The fries were too cold as well.",wrong_temperature
i recieved the wrong sandwich,
the party is nice & juicy but the bread is very soggy,
Fries were cold.,wrong_temperature
late delivery & too cold,wrong_temperature order_delay
The melted tower chicken was amazing will definitely order again props to mince,
good,
"cold, and under cooked",wrong_temperature
"The branch is less than 5 minutes away from my house, yet the food managed to arrive cold and took more than 80 minutes to be delivered.the burger itself was horrible, all I could taste was caramelized onions and the beef patty was unseasoned. Fries ...",wrong_temperature
The toast was awful! There wasn’t any nuttela and wasn’t good.,
So cold the sandwiches and the fries Missing cola Very bad experience,wrong_temperature
Wrong order and I complained without any result !!!!!!!!,wrong_order
Received wrong sandwich The dessert missing the ice cream and way too over priced,
Very late delivery and food is so cold,wrong_temperature order_delay
I asked to write the name of sandwiches and they were not written. Also extras were not delivered!!,
"Delicious food , so late delivery",order_delay
The order came without the drink and till now no one got it to us nor give us our money back.. the beef sandwich had bones in it,
Took time for delivery not as per ETA,
"it’s supposed to be pure beef and high grade quality burger but it definitely wasn’t! My burger had bones crushed in it & big pieces too, one almost broke my tooth!!",
onions rings and chicken tender are probably brought from the nearest super market.. not Mince original appetisers as expected!,
"Very bad, cold, not a drop of sauce on the sandwich",wrong_temperature
very poor meat quality does not taste good caused sickness and thirst for. 2 day,food_poisoning
I DID NOT EVEN RECEIVE THE ORDER,
delivery wasn’t so fast,
Late and Cold order,wrong_temperature order_delay
Missing ice cream,
it was very cold,wrong_temperature
Burger came cold,wrong_temperature
there is order delivered here. lateness and no reason,order_delay
wrong order,wrong_order
Dry burger. Little cheese. Warm drink. Cold fries.,wrong_temperature
very cold fries late delivery tasted horrible not worth the 130 pounds,wrong_temperature order_delay
They use the worst ground beef in town,
"The order came after more than.90 mins , cold fries, burger came with no cheese inside ..!!!!!!!!! , I ordered sweet relish but unfortunately I didn’t find any sweet relish in my order..!!!!!!!! The 2 sandwiches were not as expected unfortunately. ...",wrong_temperature
Extremely cold order after waiting 75 minutes!,wrong_temperature
Was a little cold,wrong_temperature
Food was totally cold and tasteless and delivery was late. I always eat in mince restaurants and I love their burgers and hotdogs but this was my first time to make a home delivery order from them and will be my last time!,bad_taste wrong_temperature order_delay
Best burger in Egypt,
V good,
"Mince has lost its appeal. It was once very good, but now, the quality is very poor.",
please bring back the homemade onion rings,
"jalapeño was missing, although we paid extra for it",
fries portions are really small for the price,
"I didn't receive the ""Beef Bacon N Sticks"" sandwich, I received another sandwich instead. Bad experience...won't repeat it!",
I wasn't delivered the chilli cheese fries,
"the food was too oily, fries was vey small quantity and the cilli beaf was like 2 grams. the experience was awful",
The whole order was great yet watch out for the caramelized onion it’s nothing like the photo,
Missing fries in kids meal. BBQ Bacon N Mushroom barely had any bacon.,
Food was very cold,wrong_temperature
the burger is dry with a rough texture and it tastes like frozen commercial products the french fries is even worse,
it came too late even after the ETA time and the food was so cold and even the fries was soggy.,wrong_temperature order_delay
"2 hours to deliver, food is cold, disgusting, soggy. never again",bad_taste wrong_temperature
The portion were to little 😭,
Fries not fresh They dont bring the american cheese,
The burger patties were veryyy thin,
Fries regular not skin on and tiny size while i ordered large combo. Very bad service,small_portion bad_service
1 star is too much for this branch one of the worst ever 0 taste 0 quality and the food was not served well at all,
the food is amazing but unbelievable portions so not happy even if i loved the food will consider if i will order it again,
Very respectful driver thanks for the experience,
perfect,
Verry spicy,
The best restaurant as usual,
horrible taste specially hotdog,
Cold food after 35 minutes delay.,spoiled_food wrong_temperature
A little fries,
It's sad that Mince was an icon amongst burger offerings in Egypt. Now it just feels... average... mediocre... The burgers were much higher quality and better prepared and with adequate portions especially for condiments inside the burgers.,
Terrible never again,
fries are cold and soggy and burger not fresh and got me food poisining,wrong_temperature
The food was very cold,wrong_temperature
The fries is so cold and the bread of the sandwiches is so bad and all the sandwiches are very cold and bad,wrong_temperature
The burger was a little burned.,
So bad,
Intense Diarrhea,food_poisoning
nice but over priced.,
"ordered and paid for an extra patty, sandwich was single patty still.",
worst restaurant ever not professional at all wrong order couldn't communicate call center of mine is the worst Great customer service from menu to handle as intermediate that the restaurant couldn't handle like menu,wrong_order
Arrived cold,wrong_temperature
also i requested diet cola and they sent cola. never order again from mince. burger oily,
Late and cold food,spoiled_food wrong_temperature order_delay
i don't know but sandwich quality or portion has gone down and price gone up,
Fried,
Late dilevery & the food was cold,wrong_temperature order_delay
"bringing wrong order, didn't respond to my call or even apologize for their mistake.",wrong_order
Packaging improved massively..,
Sandwiches were so poor not as usual,
"cold fries, bun not fresh",wrong_temperature
"fries were so little, missing cheese cup, cold food",spoiled_food wrong_temperature
"Terrible taste, beef was like solid hard, burnt and worse flavour ever un my life . Absolutely terrible quality and terrible taste",wrong_temperature
"Food is very cold , last time to order food through this app … order delivered after 45 min from expected time ….",wrong_temperature
Very cold not as dine in,wrong_temperature
One item came wrong and wasn’t able to reach anyone from the app or the restaurant,
I didn’t receive my order yet,
The quality of food wasn’t good,
Bread not fresh,
No extras,
The sweet potatoes and orange juice were not filled,
You need to use the same bread McDonald's and Buffalo use.,
"Awful service, burgers does not taste good",
"I paid 09,00 EGP for extra cheese but cheese was not added so seriously why i paid extra fees?",
The worst burger ever I don’t recommend it,
Fries and chicken were cold and not fresh,wrong_temperature
"Order was late and everything was cold and the bag was cut open, I mean why even bother delivering the order for such a shitty service?",wrong_temperature order_delay
"The burger was not properly seasoned, the buns were not fresh at all and the fries were cold. Totally disappointed",wrong_temperature
Very good and surprisingly consistent 👌🏻 JuicyLucywise 🤤,
I order large fries and it’s come half the box,
very,
"The fries is poor, black and extremely oily",
Overpriced considering its mediocre quality. Special requests were ignored. Won't be ordering it again.,bad_service high_price
The lettuce wasn’t fresh but it also had a very bad smell!,spoiled_food
The received is Not a Stuffed Juicy Lucy. Burger with Cheese Above is the one I got,
Forget to put sour cream but the quality was insanely good for the nachos,bad_taste
I didnt get the mince lemon!!! Please refund the money,
First time using menus and I got surprised with fast delivery and the smoothly way for proceeding the order,
Burger very good but chips very poor,
Fries was terrible and cold,wrong_temperature
"The order came in a bad packing condition and without gloves & cover as hot line informed me that it should be included. And the most important also the order came without the ""American Cheese dip which I've already paid for.",
"Perfect, but they must have put the caramel sauce on the toast while it's freshly made",
He didn't have the change and took extra money,
I did not even receive my order hahaha,
you forget the caramel sauce,
"tge bread 🍞 is not fresh, very old bread, almost I throw the sandwich in garbage",
Fries were cold and disgusting as usual,bad_taste wrong_temperature
food was fine but very cold,wrong_temperature
"very yummy but the hotdog's filling comes separately, which is too messy when put at home.",
fries was not good at all,
"seems because it was under offer, the portion and quality was bad and not the same if ordered in resturant or via phone directly to them",
burger was cold,wrong_temperature
The worst burger I have ever been tasted,
They did not mark on the packaging the name of the sandwich and I had to open each and every one of it to know which is which.,
not good,
i ordered 5 sandwiches but only 4 came,
"food quality is very bad , doesn't look anything like photo or description, the hot dog came plain only bread and a hot dog and some sauces in small plastic containers , worst sandwich ever ordered.",
"The worst burger i have had in years, the meat was tasteless, we had to eat it anyway because we were hungry... won’t be ordering it again ... too bad",bad_taste
Black banana,
"worst order i had ever, i ordered 2 combos, i received only one combo although i paid for both, adding to that the fries received were soft, greasy and not fresh at all, and of course very late delivery",order_delay
"that was very bad , what kind of resturant but that much pepper for ground beef except for masking the taste !!!!!!!!!!",
very bad tasty and very small 😡😡😡 the burger is very bad,
taste is awful and the burger was burned-out and hard to be shewed,
"The taste better in the restaurant, the portions and taste were not as I expected Only 2 mushrooms were in the sandwich. Aslo the caramel sauce of elvis dropped in the package",
Wrong order,wrong_order
never received the mince platter,
You should mark or tag sandwiches,
"it arrived cold and the lotus sauce was all over the bag, it got to the Burger and the bottom of the bag, Burger is decent however it was cold, and the ice cream was super runny, the restaurant should wrap the sauce always.",wrong_temperature
pretty good,
Amazing,
the sandwich was amazing but the fries were horrible i cant believe i payed 57 le for cold old fries !!,wrong_temperature
Elvis without ice cream !!!,
good but potato not good,
Estimated time to receive the order 11:18. But for an unknown reason I decided to cancel my order which didn’t arrive at 11:50 from a branch which is not faraway from me more than 2 or 3 kilometers. Soon I will delete the app too. Service as trash.,
After 30 min waiting they just reject my order !!,
trash trash trash trash trash trash trash trash,
el application waited about an hour or 2 so send the order to the restaurant,
Every time there’re missing items from the order It’s very annoying,wrong_order
The order was missing 3 fries. I received only 1 fries & was awful very bad taste & looked burnt. I complained but nothing happenned. I wont order again,wrong_temperature
"The cheese box came separately along with the fries which is totally unacceptable, i have ordered the cheesy fries so the fries will be topped with the cheese.",
"Food came fast, hot and delicious. They got items/special requests correct and well-packed.",
all was delicious but the hot dog came cold that's all,wrong_temperature
High quality ingredients but I guess they grilled the bread on so much butter so everything had an extreme unpleasant buttery taste. The ultimelt burger needed more bakon I didn’t taste it in there.,
"The burger patty is good, but the lettuce on all the burgers was stale and all the fries were soggy. Also requested instructions/comments on one of the sandwiches was not followed.",spoiled_food
Time bad man,
I ordered 4 things and they only brought 3.,
The application is very bad I won’t use it again! I received my food after one hour from iftar!,
"small portions, fries were soggy",small_portion
I ordered chilli fried but got notmal fries,
My stomach hurt very much for the next 2 days,
Hot dog bread was feel like it’s reheated in microwave so give it a non fresh taste The burger package wasnt good at all i open a paper rap and see the burger looks squeezed as if someone set on it,
terrible onion rings and sauces,
This is the second time I order and it comes with out the drink an fries. I also ordered without cheese and they put cheese.,
Small portions,small_portion
the fries were not crispy and they were very cold,wrong_temperature
"totally different quality from what is ordered inside the branch , bread was not fresh and burger was cold",wrong_temperature
the food came 45 minutes late and it was also very cold,wrong_temperature order_delay
Fine sandwiches,
I added bacon to my mince burger sandwich but they added it on the blue cheese sandwich,
Unreasonable proportions and prices seriously the regular size is a slider,
"For the tenth time msln to order from mince and find no forks , knifes or tissues !! And I complained too many times about it",
Very bad quality- will never order again,
Half the fries is gone. Very late.,order_delay
We were charged for 6 skin on fries and 2 with cheese and only received french fries..,
small portion with. bad taste and. poor value versus cost.,small_portion
blue burger came without blue cheese!,
"Fuck the delivery guy, he was too late wtf is this",order_delay
last time i will order through elmenus delivery,
Fries were very oily,
Nice,
Very very bad food quality,
The fries were soggy,
The cheese dip is not with the order though 2 dips should have been with the order,
Never arrived,
The fries didnt come with the order,
i always order from mince. this time the burger quality wasn't good at all,
It was bad,
fries was very cold and bad,wrong_temperature
The sandwich was cold,wrong_temperature
fries came cold,wrong_temperature
Great quality,
"It was very bad, It was very cold and it came very late.",wrong_temperature order_delay
Amazing ❤,
the most worest order ever,
"hot dog was too small compared to its price, but it tasted good",
excellent,
"the burger was burnt, cold and very dry",wrong_temperature
the chicken was too tough and the French fries weren't hot,
"The branch is literally 2 buildings away from my building so it’s less than a minute walk. Food came an hour and a half late, order came in wrong, quality was absolutely horrendous! Overall experience was horrible to be honest. Never again!",order_delay
food tasted good but it was really cold,wrong_temperature
I don’t recommend it at all they canceled the order without calling me,
Burger was undercooked. Very low quality. It’s surprising how one of the best burgers in town became so bad.,wrong_temperature
The prices are too high as for this quality of food. Good burgers require very good burger buns. Unfortunately the buns used for Mince's burgers destroy the taste of the sandwiches. It should definitely be improved.,
The burger had this discusting @ss suase the fries were just oily and bad the bun was hidious and the churos was horrible it was RAW,
waited for the order 3 hours and didn't receive it!!,
"Biggest problem was the fries, they tasted like they were cooked in oil that has been overused. I didn't expect my fries from mince to be similar like what I'd get at any fast food chain like hardee's. Some of the ingredients weren't fresh, like the ...",
2 hours waiting for delivering the order and not delivered yet,
The order was delivered 45 min late and the food was cold and tastless. Very bad experience,wrong_temperature order_delay
"They were horrible, the order was 2 HOURS late. After i called the guy an hour after I ordered and he said the branch says its out and will be there in a few minutes. Called them a half hour later they said it wasn’t made and will take half an hour m...",order_delay
They changed the burger into minced meat and it is SO not good. I used to LOVE mince..it was my favourite burger place by far but this new meat is just NOT good.,
Too bad they canceled Elvis French toast it was the best,
one off the worst burger and also expensive compared to quality,high_price
Sandwiches taste amazing as usual .. But fries isn't as good .. Also ur prices are extremely high,
The food quality became very low comparing what used to and the food was moisture and scrambled!!! Not going to order from Mince again,
"Khara , the only good thing about the order was the Coca Cola , worst burger in egypt",
packaging was sooo bad and there was dirt on the katchup packages,
"The quality of the food is inconsistent, sometimes it’s great and others not so much. Today the food was cold and just plain, nothing special. It used to be a good restaurant!",wrong_temperature
"Simply terrible food. Dry and over spiced burger, soggy fries. It’s sad to see how terrible it became. Not recommended at all",
"Burgers taste are good, delivery time was good but food was a little bit cold",wrong_temperature
"If there was any rating less than 1, I would give this rating to this restaurant without any regret, the food delivered cold, despite the Coca-Cola wasn’t cold, after more than 90 minutes of waiting. Bad experience I will not repeat again.",wrong_temperature
Extremely unhygienic I saw a worker myself coughing in his hand then re handling the food without gloves. And then I got a sandwich that smells and made me sick.,food_poisoning
"The worst food delivery experience Order reaches after 3 hours ,Cola and fries were missed. BTW sandwich taste was good , but I’ll not try delivery again from Mince.",
"The worst food delivery experience Order reaches after 3 hours Cola and fries were missed BTW sandwich taste was good , but I’ll not try delivery again from Mince",
The worst burger i’ve ever tasted Really bad food and bad service as well,bad_service
"Mince used represent high end quality burger, when I ordered it yesterday it was all mushed bad quality and little quantity but they still charge you high end price. I took a picture of my 65 le wedges I received and the one advertised on their menu...",
"not recommended, unprofessional team. after every order they called to say the courier has an accident and order will delay!!! it happened 2 times with me",
"worest experience ever. i ordered at 3:30, they called at 5:00 to tell me a problem happened with the courier, this is the second time with the same reason. UNPROFESSTIONAL UN BELIEVABLE REASONS !!!! NOT RECOMMENDED",
The order arrived on time but I ordered and paid for (by card) a combo meal with fries and a drink and was surprised to find that the bag only contained the burger. I called the deliveryman and he told me this was not his responsibility. I suppose it...,
"Mince is forever my favorite place of cheesy fries and burger, I tried this time the BBQ burger and I think it is the best of them all.",
point 90 branch was awful Tried Heliopolis branch before and was really good,
Honestly very surprised that it hasn't more stars...always been a good experience...very tasty burgers...big thumbs up for the Brooklyn and Ultimelt...discovered the sliders recently which are small burgers for those who wants to try something new li...,
"Chilli cheese fries is amazing, but cold drinks is overprice",wrong_temperature
I liked the burgers and the service. The place is also nice.,
I got kicked out of the restaurant for no reason. Manager is really rude.,
"it was good, and it arrived hot, may be the Delivery location is near",
Big fat zero Bread sucks Burger sucks Coleslaw sucks And fries sucks Elhamdollah ingaz How come the owners leaving it to reach that level Really nothing is eatable,
Wasn't as good as it should be. The burger taste was lost in between the other ingredients of the sandwich. Bun was okay nothing special about it while their fries were bad. Sweet potato was good though. Considerably expensive for the taste and size ...,high_price
"Great cheese fries,, very good 4 chills burger, good Lucy juicy, delicious experience",
the meat is so delicious and tender generally a good sandwich but fries was not good i didn't like it and the order was about to be cold need to improve that points to be perfect ... i will order again,wrong_temperature
The food was out standing and very quickly delivered,
burget is not bad yet not the best. and cost is double after delivery and taxs this so weird. i usually order from them but this is very weird to be. 60 egy delivery and tax for 80 le combo???,
Their chicken honey mustard is amazing.....,
Overrated place. Dry and tasteless burger.,bad_taste
"overpriced, not that delicious, simply overrated!",high_price
"Mince burger does not even deserve a one star, I ordered big double and it came without the caramlized onion and beef bacon!!! Which is listed in the main ingredients of the Sandwich, when I asked the waiter, he said the sandwich is without them and ...",
"Great appetizers, and the burgers were very tasty too",
Love the place and the food is amazing!,
"Lacks originality and messiness which explodes into flavor and lighten up your taste buds... But you can depend on it, they are consistent in quality. The onion rings are great.",
Worst Sandwiches- Most Overrated - Most Expensive with much less ingredients and the Worst customer service on top (0 Star),high_price
I live in Manial and called for delivery and the guy said that we can’t deliver to Manial even it is written that they can!,
Sadely i ordered juicy lucy and 4 chilis which were missing alot of their sauces especially those 4 chilis which were somehow dry with tiny amount of sauce and cheese! I didn't like it this time..,small_portion
"The mexican from mince at point 90 Was very delicious with all the mixed flavors of cheese and jalapeno, guacamole and tortilla chips #Amazing❤",
Best dessert in town,
Well done burger stuffed with chedder cheese is the best thing in mince which called #juicyluicy i loveeee it ❤,
First off if there were NO STARS Review I would have selected that option. This place is below average and overrated and overprice by heaps.. I could have eaten the 80 $ sandwich with like 10 $ in any semi average street or university cafeteria .......,
Good Burger and fries,
I love their waffle potato with the cheese sauce and ofcourse the juicy lucy sandwich and tried it in brown bread this time and was amazing!! Try their branch in Marghany is the best,
nothing special about food. too pricey for nothing!,
"Everyone eats burger and fries there,so why not try to stay healthy for a while? Their ceaser salad is the majority’s favorite lately.They should increase the chicken breast size somehow.",order_delay
It was a pleasurable experience ???? the burger was tasty ????,
Sometimes it can't be more perfect ???????? w sa3at el 3esh bykon bayt w 7alto hbab,
What can I say? Their juicy lucy burger comes straight from h e a v e n! Not to mention their fried sweet potatoes. Want to end your cheat meal with the perfect treat? You have to try their Elvis Toast!,
Overrated .. not juicy enough burgers .. the appetizers were better than the sandwiches,
You can actually taste the meat and feel its high quality in every bite of the burger but the prices are bit higher than average,
Just losy no cheese enough,
"The quality of the beef is good and the taste too, 7.5 out of 10 is my score",
Worst place . I visited Cairo festival city branch the staff was so unfriendly. Taste was bad and service was worst . Don't recommend,bad_service
"Burger 7lw w mo5tlf I tried burger sandwiches smoked, juicy Lucy & hot dog NYC ....",
Well this time is def the best time i ate burger at mince ! Point 90 branch is cool. The neat quality is good the sauces are great..the bread could have been slightly better but the overall experience was worth it. Not gonna talk about the prices bec...,
Overall 7elw bs taste el basal hwa ely kan w7esh,
High quality juicy burgers and recommended .,
The best place to eat burger i love it,
The most beautiful burgers in town,
"By this time I can say fluently.. It’s the worst burger I’ve ever tried old bread bad quality burger meet bad quality sauce but the carameled onions are good So, it’s really overpriced for really bad food",high_price
"Cold, tasteless, overpriced...the bbq lulled beef was extremely chewy",bad_taste wrong_temperature high_price
BEST BURGER EVER (Cairo festival) (In there branches not in egypt) The burger was so delicious I would like to thank cairo festival team for their pleasant well come and for thier excellent service really they are professionals,
Not the top of burger but still accepted,
burger and desserts are highly recommended,
the burger taste is good but the portions are small,
"Had an amazing dinner last night at Cairo festival branch, didn't wait much on the waiting list as the place was totally full but the staff managed of perfectly and were super helpful and nice to us, the food was amazing especially the new loaded oni...",
"Had an amazing dinner at Cairo festival branch, the place was full but the staff was professional enough and handled it without any loss in quality, the new loaded onion rings is such an invention! I also like their cocktails, so refreshing!",
"All time favorite, great food and service and the price is affordable.",
Like almost every other restaurant that opened around the same time. was great at first now boring. portions are small and ridiculously overpriced. Burger is rubbery and tasteless what a shame,bad_taste high_price
"@minceburgerseg at last after all our burger trial we think its scam that we didnt try mince yet so we hit the place. . We had 2 type of burger (mushroom&swiss cheese, mexican) 220 grams. . We will talk about the patties at first very great cut with ...",
Used to Love it but now it became over expensive for a very bad quality .. It's either they lower the portions and keep the price or higher the price and keep the portions!,high_price
Good quality but a bit expensive for what you get.,high_price
I know thst what i say might be obvious to many people but between all the burger places i've been too and all that time as a foodie i didnt try mince until today. First impression when i see the sandwich at the table next to us and i was shocked ...,
I used to love Mince and recommended it to all my friiends.. unfortunately today we ordered from Mince 2 Juicy Lucy+ 1 fries + 1 cesar salad.. all I can say is that it was so bad that we decided never to order again from Mince..,
"Arkan branch .. this was the 2nd time to try mince .. the place was clean .. burger was served fast .. but the only comment is that their bread wasn't fresh ""kan byfarfet"" and the cheese in juicy luicy wasn't good as the previous time",
Most overrated resturaunt out there,
"Great flavors in this burger, I like anything sweet in my burger so the raspberry was great addition",
I liked their appetizers and desserts more than the burgers. I had the crab salad burger and there was barely any 'crab' in there. The desserts skillet is fantastic and loved the mozzarella sticks. The staff is friendly and the service is good but th...,
I love it laken it's not my favorite place to go.. there's better,
Fluctuating quality.,
"We started off badly, but it became very good during the year. It is been a while though but I am currently craving their waffle potatoes",
"Love their burgers, good quality! my favorite is the mexican, not good service tho",
Amazing sandwiches and desserts but a little bit expensive,high_price
"The service and taxes fees might end up being the same as the actual food price, the quantity of food has decreased concerning the last few months and the burger is less seasoned, it basically became a regular burger-restaurant that happens to have m...",
"One of the best burger places in egypt....ultimelt and mexican burger are my favourites , waffle potatoes is a must try ,elvis toast is a very happy ending",
I stopped going to mince long time ago. Zero hygiene. Caught hair in my food 3 different times/ 3 different branches and i find insects on the tables every time i visit the heliopolis branch.,poor_hygiene
"For me mince is on top of my list for any burger restaurant in Cairo. My favorite is ""The Mexican"".",
The burger was delicious . It tasted like real burger. Hot dogs are also good but the bread was a bit old. Overall really delicious!,
I have a good experience. Burger was amazing.and French toast was woow,
"My favorite appetizer there, too bad I don't find it when I visit them as they don't have the waffle fries all the time and they make it with regular fries.",
"Something is wrong with their burgers. It used to be very good and juicy, now it almost seems like they care more about looks and packaging yet it tastes like pure cardboard.. Not ordering again",
Simply Over reated maximum 1 star,
"The food tastes really good and it doesn't take much time to be made but the service is really too bad and it costs alot of money, not so really good experience I won't eat there again.",
Nice clean and I suggest if you are hungry getting and large burger not the regular,
Mince is getting terribly awful day by day.. quality and taste is going down..,
We love every single bote of mince ... Our ALL TIME FAV !!!! Ya gama3a a7la burger bla monafes .. The portions are huge .. W kman 3mlo sliders llnas ely bt7b tnmnm fl akl .. And they are just as amazing as the original sandwiches .. Negy b2a ll appet...,
Average burger. Awesome desserts (especially Elvis) and appetizers.,
"If you appreciate mozzarella go for the Mozza Burger, its everything <3",
"I used to love their burgers, but quality is going down and too expensive for ordinary burgers!",high_price
The burger tasted good but it was over priced and very small portion,small_portion
Their Elvis french toast is amazing,
Love this place ..comfortable and the food is so yummy.,
"Ordered the LA hot dog at their Nozha branch and it was very disappointing. The bread wasn't fresh and tasted awful, the toppings were very scarce. And I wanted to order their waffle fries & they told they only have the regular ones. Service was slow...",order_delay
"Nice service, nice place, big portions. i have been there more than one time ... But my friend got sick after her third visit . I dont know why, but for me i adore this place",food_poisoning
"Not bad and not amazing, just average",
"Used to be one of my favorite burger places. But like everything that starts out great in Egypt.. I'm very disappointed with the decreasing level of ALL the food. A couple of months ago, during lunch in heliopolis branch... the burger buns were burnt...",wrong_temperature
"If you've tried Wild burger, don't try Mince and vice versa. Typically the same. A little overpriced. Overrated. The place itself was the best thing and the service too. (Nozha st. Masr ElGededa, branch)",high_price
Over rated and over priced small portions,small_portion
"My favorite burger in town. And their Elvis! Perfect! But they burned the toast once, and served it to us anyway... There's noway the chef didn't notice the burned part.",
It's a very good hamburger but the French fries is very expensive compared with others,high_price
"I really like it the place is very comfortable and lovely the food was soo delicious, The waiters are friendly and lovely. It was a lovely and great experience. the juicy Lucy sandwich was soo delicious, but the apple pie was below expectations",
"i passed through mince arkan branch several times ago, and every single time they proved that they are clean, prfessional and friendly with their yummy burgers. highly recommended.",
"Extremley terrible burger, but still the onion rings were the massive horror. Only the skin on fries was acceptable",
"way too much over rated. burgers have no taste. however, appetizers are really good.",bad_taste
I found a fly in my food xDD that was pretty disgusting. Also they don't have sweet potato fries anymore which sucks,bad_taste poor_hygiene
"Actualy today i went to eat in zamalek branch , the food actually was good but i was very surprised , when i get to pay the receipt i found the regular french fries cost 25 pound !!!!!!!!!!!!!!!!!!!!!!!! This is tooooooo much consider that the hal...",
"After twice delivery to me in Nasr city ,they aren't offering this service anymore and Nasr city is out of zone!!!!!!!!!!",
my favourite burger resturent especially the fries,
"I have been always mince customer and lover till yesterday's order, the burger was not clean and I kept throwing out and vomiting with diareiah for two days... Never expected this to happen with mince",food_poisoning
"Okay the burger is great 5/5, the bacon is not that great 2.5/5, bread is 3.5/5, juicy stuff are amazing. The waffle potatoes are more than perfect 5/5, modzarella sticks are 4/5 i love the place and it's quietness ( zamalek branch )",
"Awful smell ..bad taste .... The quality of the beef has changed !, Mince raise prices but never downgrade food quality !",
i liked the juicy lucy but portions is way too small for the price,
Great place with great food the Brooklyn is one of the best burgers I've ever eaten great meat quality i also like to add pan fried mushroom they do it really good the normal fries are not too good thought but the waffle potato bites are amazing.,
the chicken was good and the fries but the bread wasn't any good actually it made the sandwich lose it taste,
"Amazing experience.I went last week for the first time. The place is well designed, decorated and very clean. I ordered the BBQ special and the ultimelt with some spicy potato wedges with cheddar and meat. The order came very quickly. The burger was ...",
Yet another fall from grace. This place started out good but got bland quick.,
Best burger ever. I tried the jucy lucy and it's amazing.,
"I just put all sandwich i bought it in rubbish , and i will not get any food from them ...",
very heavy food and below average taste,
Tasteless and overrated,bad_taste
"it's amazing very original and simple , best burgers and the Elvis French toast is a story to tell. I love the place and staff.",
Will always be my favorite burger in Egypt. Perfect blue cheese burger. The only chef in Cairo who understand what's the difference between medium and well done,
Tasteless meat contains bones and overrated,bad_taste
"The - point 90 - branch is awful in it's service, the sandwiches come after more than 30 mins and also the taste of the burger is not good at all, it couldn't be worse!",
"The - point 90 - branch is awful in it's service, the sandwiches come after more than 30 mins and also it's taste is horrible, it couldn't be worse!",
Very good taste and excellent service,
"I had a problem with Mince after being one of the most known burger places in Egypt, specially Heliopolis branch due to the quality. But i tried water way branch and it was better i hope to maintain the quality.",
"I used to love it but my last 2 experiences the beef was horrible, I ordered a well done IceBurger first it came medium and was cold, they changed it for me but the iceburg lettuce was dripping wet. Not happy at all!",wrong_temperature
"I used to live but my last 2 experiences the beef was horrible, I ordered a well done IceBurger first it came medium and was cold, they changed for me but the iceburg lettuce was dripping wet. Not happy at all!",wrong_temperature
Best burger I've eaten in a while,
"Great place! I ordered a BBQ special with skin-on fries. The bacon was crispy but tender, the bun was slightly toasted, the burger was juicy and cooked thoroughly, and the fries were seasoned to perfection. Service and portions were great. Needless t...",
Fake info about delivery!,
The beef burgers are very good. The fries however were very oily and soggy; I would not recommend them. The cheese sauce was not the best. Any item on the menu that is not a beef burger is of average quality.,
The burger tastes amazing but the portions are small to the price being paid.,
woredt burger ever cold burned potato and old bread orderd jucy lucy burger not stuffed with cheese,wrong_temperature
Ordered chicken panko tenders - worst ever - very dry to burned nothing tender at all about it -,
"I was liking this place very much but unfortunately during my last visit in Nozha branch we found an insect in jucy lucy burger and this was very disgusting , we told the waiter and he immediately apologized and brought us another sandwich and a c...",bad_taste
"Unfortunately, very bad experience. I ordered MFC (chicken sandwich) and it wasn't properly cooked, it was burnt and smelled really bad. The only good thing I enjoyed there was their cheese fries.",wrong_temperature
The portions were good the taste was also good but there was nothing special about it and one thing that irritated me the most was the delivery although the order came in late it wasn't fresh and hot as it should be.,order_delay
nice beef burger and the fries are amazing too,
"Mince is a great option for iftar. We were 40+ and had reserved earlier at their waterway branch and gave them a list of our orders. The food came on time, hot and well cooked, and the staff was very friendly and patient. All in all, it was a good ex...",
Amazing place and taste highly recommended zmalk branch,
The BBQ special was good but they didn't have bacon !! the dips are literally small. Most importantly don't go there in ramadan because you'll wait for up to 30 minutes (even that I made a reservation and they know my order before i went there),
Definitely the best burgers in town & fries & friendly waiters,
Great burgers and good service,
the best burger ever I had in Cairo,
"i had one mashrum burger, not bad taste .. so expensive related to its size, lack of cheese ..staff let us go to them every time we want to have something, many orders weren't available ..",order_delay high_price
"It was my first time (maybe last time), the burger wasn't so bad, the problem was with the waiters.They were rushing everything ! to remove the plates,to take the check it's like the Eye from the Lord of the Rings watching us !! so uncomfortable ! an...",order_delay
The courtyard branch was horrible at our visit today. Service probably couldnt b any less attentive. It took the waiters a long while to take the order though we asked twice. The mozzarella sticks were not hot and the cheese itself was gooey. The win...,wrong_temperature
Went to waterway branch .. Lovely burger combinations but nothing special about the burger itself and too small related to price. I loved the waffle potato appetiser tho.,order_delay
"the worst burger experience . the meat ,cheese & even fries were so bad .",
Amazing food especially the mince burger and their fries❤️❤️❤️,
"I visited Heliopolis branch. It is a nice place with a good service. I ordered ultimelt and BBQ special with fries. The BBQ special was good I liked the caramelized onion with the bacon. The ultimelt was notes good, I did not like the cheese it had n...",
Worst experience ever...very bad taste and poor quality...soo expensive related to the size and quality...very small sandwiches and no salad bar. Lack of cheese and sauces. Stuff are not friendly at all Very bad sandwiches and service. Its my first a...,order_delay high_price
"over rated , over priced , average burger , double priced with such quality and size",
"I've loved mince for a long time and today I got a mince burger where the quality of beef was horrible, would hate for the quality to go down.",
"The staff is friendless , most of them are not smiling at all ! The fries is the best thing out there other than this i didn't like anything ...",
"The burgers are okay, nothing special or different. Also, the portions are small and the burgers are over priced.",
"small and expensive,, I will not try it again",high_price
good burger,
smoked is my all times fav. fries waffles is really perfect and elvis is heaven to me. its the no. 1 burger in our list,
The crazy lemon sauce is awesome and the hotdog too,
The worst burger ever .. Today I received the worst burger as i ordered exactly well done but i think I forgot to tell him not be raw from inside.. Moreover the order wasn't complete although i paid for it.. I informed them and I didn't receive neith...,
"i've tried Al-Zamalek branch its small but its ok.First thing first they don't have some stuff in the menu in this branch which drives me crazy, the burger tastes good but the bun was not fresh it felt like its old ,chillie beef fries was perfect.",
"Best burger in town. I've tried almost all of them and I've loved them all. Great food and great service. My favourite is the bbq burger , mozzarella sticks and wedges. I'm totally addicted.",
"It used to be my favorite. But recently the quality has been going down until a few days ago when we ordered it at the office and it was by the worst thing we ever had! Every thing was cold, tasteless and saggy! We paid over 700 pounds for like the w...",bad_taste wrong_temperature
"Great place, great burgers",
Don't mention that you deliver to Heliopolis while you do not. This means you are lying,
I love it.. One of the,
I love it.. One of the most delicious burgers I have ever tasted,
Just perfect in everything ! Simply lovely!,
Simply perfect food!! Lovely!,
Average experience.Definitely not worth the hype and is not the best burger in town for sure.Tried the mushroom burger in Maadi branch with sweet potato fries as a side dish.It was the first time for me to taste their sweet potato fries and I liked i...,
"Obviously that others already commented about the horrible quality of fries soaking in oil! I was quite disappointed as I liked that place so much although I'm not a burger fan. However as a hotdog big fan, it's the closest to what we had back home. ...",
"i don't know what happened ! the food quality drained so fast. normally i order once or twice per week but lately there is no beef beacon and cheese, how can it be !!! ITS A MAIN COMPONENTS * to the management, i love Mince so much but pls keep the ...",order_delay
"The burger is unique really, we tried the BBQ. Juicy Lucy both were perfect, don't ignore the gloves ;)",
Tastless burger ever .. I will never order it again!,
Tastless burger ever .. Will not try it again !,
Its Heaven to me ❤️ lol most gorgeous burger i've ever tasted,
Brooklyn burger rocks ultimelt burger is amazing for emmental cheese lovers staff is nice and kind .. Will visit again definitely,
ordered the mushroom burger with wedges ....... Taste not good and wedges are oily,
"Best burgers ever, you must try Brooklyn",
"The place is so clean and the staff are friendly. The burger was good, but not the best burger though. The chilli cheese fries are great and the ice cream is too.",
"Heliopolis branch: Degrading quality! It is not my first visit, but i can be confident when i say that this place is not what it used to be, and yes it is loosing quality. We had two UltiMelt that had funny and weird smelly cheese! That we had to rep...",
"Way too overpriced for the small portions, zamalek tastes the best but zayed's had bigger portions.",small_portion high_price
"unless you want to eat a 3 days old bun, you like eating out of take away boxes and you find pleasure when waiters treat you like shit then you should go to Mince zamalek. I dont know about the other branches but i heard they're Okay.",
"just a good resturant , not the best but i think it's better than many others .. the staff some of them are good and some others are just idiots ..",
"VERY OVER-RATED!!! The bread isn't fresh, burgers are very tiny compared to the huge price u pay, DON'T order the burger well done... It's soooo dry!! It's not even close to the phrase ""best in town"" and the waiters are not friendly and too serious",small_portion
"bad taste and the meat is not juicy, not going there again",
Great place try juicy lucy,
"We tried many items, most of them were good, the toppings were great but the burger itself was tasteless,it needs more seasoning",bad_taste
Just ate it today and I feel ill...there's a possibility I've got food poisoned,
Best burger sandwich ever tasted ??brilliant,
"Both the smoked burger and the juicy Lucy was very good but The BBQ burger beef was not fresh at all, the bacon was horrible and the bread was crumbled , and their Special dessert ""Elvis"" was not that good",
I don't know what y'oll poshies talkin about Mince is wicked!,
Best burger I ate so far !,
"overpriced , very small portions , and it's kinda tasteless , the only good thing is the dippings",bad_taste small_portion high_price
it was a horrible burger !,
"I was a huge fan ever since Mince opened. Lately however, the service became extremely poor and the quality of the food was declining after every single visit! Very disappointed",order_delay
No place in this whole world is worth getting kicked out for,
"Very disappointing...where do I begin? First of all they don't know the difference between medium-well and medium, flavorless meat, oil drenched sweet potato fries and to top it off very expensive for a small portion like that. Never again.",small_portion high_price
small portions with relatively high prices but still taste amazing...& btw mince is the only burger place where the fries is a side order need to be ordered wiz extra money which was disappointing,small_portion
great burger but the combination of sandwich confused me..... amazing Lemon sauce,
Loved the burgers and the dessert(elvis).,
"Extremely Over-rated ,the bun on the ultimelt burger was STALE ! The patty tasted good,but not as great as I expected,other burger joints offer better-quality beef patties for the same,relatively high,price range.",spoiled_food
"I've tried Heliopolis and Zamalek branch, I gotta say that the widder variety and place in Heliopolis is way more better! But to the quality of food in Zamalek is off the hook! It's amazing like never before, the burger , the bun , the cheese fries, ...",
Overhyped and overrated! I am not saying that I did have a horrible experience there. But I had higher expectations though. Decent burgers to sum up.,
Quality is going down,
Disappointing..... Although the patties taste great but they are too small .... I tried yhe juicy lucy and it wasn't as I expected... Zamalek branch is too small we had to wait for an hour to have empty seats.,
Pls all try Elvis,
"Gamed awe awe awe,,Pls all try Elvis",
Best burger in town.,
"Nothing special ! The order took too long to be ready . you ask for medium , well done .... They will cook it however they want to cook it! Onion rings tastes like falafel lol.",order_delay
"Tastes good, service is good but can be better!",
"worst service ever and overrated....I've tried the smoked burger and it's good but the juicy lucy was boring as hell!!!!!!! Didn't deserve even half the price, the waiter -at zamalik branch- was rude he ran a whole street behind me to tell me that i ...",
"Didnt really enjoy the mushroom burger, wasnt that tasty. But i love the cheese fries, they're so delicious!!",
"HAIRDRESSED SALAD Last Saturday, we fancied filling our tummies with burgers and try someplace different, so off we went to Mince (Heliopolis branch). First off, we felt drafted to a scavenger hunt where we must find the restaurant using scant clues...",poor_hygiene
"Desserts,drinks and fries are the best in town!",
Small burger cold and take longe time i will never order again from here,wrong_temperature
Amazing burger and Amazing hot dogs. Defiantly recommended,
"best burger .. excellent crispy buns .. do not advise of anything fried in oil ( soaked ) .. you might need to choose different dressing than the ones offered .. favorites : mushroom burger (as it is) .. BBQ special burger ( without barbeque sauce , ...",
"Over-rated! The burger paties are great, the heliopolis branch diner style is a great place to be in, but everything else is not that great: bread(they make it themselves),staff managment, friendliness,bacon(burnt),cheese!,prices!! Definetly not the ...",wrong_temperature
"Best burger in the town, you have to try sweet potato and cheese fries, very nice stuff.",
"Great burgers, delish desserts and really good service. Only let down was the fries, they were soaked in oil and no good :-(",
One of the best burgers in town. May be right after Gourmet in Zamalek. A bit overpriced though.,high_price
Best burgers in town,
Best burger in town with the most delicious sauces!,
Love the food! Great menu. Delicious burgers indeed. A must try.,
"The burger tastes amazing but its very small in regards to the price you pay, I also tried the cheese fries but it didn't turn out the way I expected as the cheese was not covering the fries it was just scattered in a snake-like way and thats it. The...",
"This is by far the best of the new ""gourmet"" burger restaurants in Cairo. The great quality of the meat is what distinguishes Mince from the rest of its competitors.",
"When it comes to remembering the old times, this is the place to be.. Hamburgers like no place else in the world.. I've been there twice in one week .. tried the Smokey burger Jalapeo burger yummmmm..This might be a SMALL restaurant but it sure is...",
Unfortunately the rice wasn’t cooked well!,
"last time to order from el menus,the food is to cold and it arrived after 2 hours",wrong_temperature
no utensils provided and no bread,
it was good,
The best grilled chicken ever,
Excellent taste super salads,
"wasnt fresh, was burnt out",wrong_temperature
"Chicken was not grilled, it tasted so bad! Also rice is of a very poor quality",
not delivered yet!!,
I ordered Kofta with rice and a small Mumbar dish.. The food was delicious and the portions were sufficient The delivery man was respectful,
not received. driver didnt pick it up. i waited w hours then had to cancel the order,
Portion is very small,
chicken shisk were 4 tiny bits.,small_portion
There weren't any nuts in Khalta ricr apart from the raisins!,
Good,
it's few,
The food quality never disappoints begad tohfa,
Driver was so polite and cheerful 😌,
Great,
He is so rude,
missing item,wrong_order
Excellent restaurant,
Very late delivery,order_delay
not as the picture,
Perfect,
Very slow delivery i waited 2 hours,order_delay
Food wasn’t hot!,
Tastes bad,
Great food,
"No problem with the delivery, It was fine",
My favorite restaurant in Elmenus❤️,
"Perfect as always, keep it up ❤️",
Perfect as always keep it up.,
My request ignored?!,bad_service
No order was delivered,
The app took so long to assign a driver to my order ana the order arrived 2 hours later and very cold,wrong_temperature order_delay
So good,
very late driver,order_delay
it took 2 hours to get the food,
Bread wasn’t as good,
the taste was so bad,
May be food need cooked as well but all in all am in love with menus and abo rawia,
Shrimp kofta & Grilled chicken were so good 🤤,
Very very good,
i had a very small half fried chicken that was overcooked and dry,wrong_temperature
good,
Driver was so rude and aggressive! That’s really a bad image to your company.,
Comment ignored completely,bad_service
the driver did not return the change,
I got sick after eating it,food_poisoning
The order delivered without salads,
very bad experience I don't recommend it for anyone it's a waste of money,
Very nice and clean,
the food was reallly very very bad,
The food is ok but the restaurant was so slow to release the food,order_delay
Really bad,
The soup was awful,
Not the same quality,
I saw couple of negative reviews but honestly I go to the place and they provide best food and best service so I ordered mix beef and bram rice and both were beyond amazing rice is a bit small but full of beef,
Burned,
"I have order before with offer from Aborawya and it was great taste and portion, this time the portion is not like the last one, also it came without any garnish, just plain meat, I was really disappointed this time",
Driver’s attitude was so aggressive.,
Veg soup was the worst ever ever soup i didn’t feel its even safe to eat Chicken is normal,
Very bad call centre and terrible delivery,
The grilled chicken was missing a wing!,
Molokhia was really watery and lacked flavor,
Bad and The Order Came incomplete And I Will Write Bad Review On Menus,
Mobile,
Not well done,
Order missing 1 item ( rice ),
The driver is. Very respectful he is from the most perfect ones,
The delivery was super fast,
Very good.,
very good thanks,
great,
Very good,
he left order downstairs with guard and didn't deliver it to the door as usually happens,
very good,
"Delicious food.., slowly delivery is coming after 1 hour it’s over time to delivered the order ..,",order_delay
Ahla mashwyat ever the best 👌👌,
Portions wasn’t enough in the soup,
very salty food. the meat is not local,bad_taste
Found a bug,poor_hygiene
Excellent food 😋 👌,
Tarb was perfect. The sides were adequate too.,
excellent,
cold order not accepted at all,wrong_temperature
salads not fresh,
Thank u,
2 hours for the delivery,
The rider was supposed to go look for change in the supermarket but he took 50eg from me and he was supposed to give me back 25 but he didn’t come back this is extremely unprofessional and disrespectful I can’t believe this actually happened,
Bad quality & taste . Customer service are not professional as well,
Excellent food quality,
Very bad quality,
best Kebab in town,
Baked rice bram was very small otherwise everything was as expected,
The best grilled dishes in town!,
perfect,
Amazing food,
Good taste Best experience,
good food .,
Excellent,
the oven pasta was extremely dry I throw it didn't eat even a single bite,
Fast good delivery and nice food,
the kofta wasn't cooked well,
fantastic,
too late,order_delay
Onion with orzo not orzo with meat cream caramel was awful the day before,
too pricey,
Excellent fish! Will definitely order again! Highly recommended,
the food was very good but the check was higher than was shown in the application,
"nice place ,good service and the food was so delicious",
"Everything is bad. Food, Quality, Service, Place The worst experience ever",
Too small,
perfect but bread needed grill,
Too late and very cold,wrong_temperature order_delay
Good,
The drink was missing,
i ordered original got one spicy piece,
food was so good but the courier was so bad,
Very small pieces and two were heated,
"very late delivery it took me almost 2 hours to have the food and i wish it didn't arrive . it couldn't be worse ,i orderd a half broasted chicken which are 4ps of chicken but it was just a quarter chicken not a half .. bad restaurant,bad applicatio...",order_delay
order came spicy and i ordered regular,
"Great food, clean and fresh",
i've ordered food to be eaten at the office and they forgot to add 7 forks/spoons the food was good tho,
the food was cold,wrong_temperature
"Food would’ve been more delicious if it didn’t arrive cold. Chicken is super crispy and fresh, but the fries and onion rings arrived very soggy.",wrong_temperature
Wasn’t spicy and not seasoned enough even the potatoes You can do better,
I ordered it original but all was spicy 💔,
The food arrived 30 minutes late and was cold and soggy,wrong_temperature order_delay
No chedder cheese on the fries.,
I ordered honey BBQ but I got big dixi just chicken and cheese this is not acceptable and the fries were less than the usual,
every time the order was really good but last time I got two wings of three chicken pieces.. besides the breading was so light and wet,
it was spicy when i ordered original but it was very delicious,
the potato amount was small,
They don't want to answer my calls and the food is wrong and cold,wrong_temperature
The drink wasn’t delivered,
Food is already cold,wrong_temperature
cheese fries taste so bad .. but sandwich was big in size and taste was acceptable,
The food was freezing and took over 2 hours to deliver.,
Wasn’t hot at all,
"Ordered spicy got regular, got 2 wings and no breast???",
The delivery is a theif and the service is very bad,
The delivery was too late,order_delay
I ordered original meal and they sent me spicy one,
El fries mesh Ahsan haga:(,
good,
"i ordered 5 stripes pieces (breast), but i received 3 pieces (thighs)",
Chicken was stale. Probably just taken out of the freezer.,spoiled_food
The dinner strips box sooooo good and soooo delicious,
it was really good but the portion is small,
not good taste,
Saltless and breading was soft,
Thé driver is very bad,
Food tasted weird.,
"Good food, great delivery♥️",
the twister was dripping oil and the burger was cold and stale,spoiled_food wrong_temperature
portions much smaller than before,
"the order was late, and i ordered cola and they sent orange",order_delay
delivery was very late and I ordered cola and they decided to send me orange instead without asking,order_delay
Chicken not spicy,
It was spicy although i ordered it an ordinary one,
worst experience ever,
Bacon wasn’t cooked well Fries sause is too bad,
never gonna eat from them again,
the chicken was bad and expired. it had a nasty smell and bad taste. i had to throw it right away considering it can cause food poisoning,spoiled_food food_poisoning
"the order arrived 30mns late, was cold and the packaging was very weird and the fries was replaced and eaten from it. الاكل متاكل منو",wrong_temperature order_delay
the bread is so dry the cheese tastes rotten and old everything is so disgusting,bad_taste spoiled_food
They usually put more ranch in the Texas Fries. Didn’t like the amount this time.,
so cold,wrong_temperature
"They replaced the buffalo sauce with cheese, the fries were bland and cold, and they sent the wrong soft drink",wrong_temperature
Very cold,wrong_temperature
Burnt chicken crust,wrong_temperature
Order Without 7up,
Fries were not crinkled.,
"the rizo tasted so bad . Also, the portion of the combo is so small for price.",
The Texas Fries dish was not as advertised. It’s supposed to have Crinkled fries. It came with regular fries. This happened many times before too.,
its ok but it was spicy and I ordered non spicy,
There was missing sandwich,
"My Favorite Fried Chicken restaurant ever ♥️ Good quality , excellent portions , fresh food Thank you Dixi's ♥️",
"the food quality went so bad, bad oil was used and the chicken quality was so low and its meat was very dark , wont be ordering again .",
the fries were good. but I could barely find any chicken in the sandwich the priced were too small and too dry. did like it honestly.,
Restaurant took too long to complete the order,order_delay
there was a missing item,wrong_order
Chicken was overcooked,wrong_temperature
Good quality 🙂,
Everything is very good,
there was a miscommunication between the app and the restaurant that resulted in the order arriving very late after being cancelled (3 hours late),order_delay
The food was fresh and extremely delicious,
Late delivery,order_delay
The food was delicious however the chicken was oily,
Very nice,
The food was delicious ❤️,
Didnt receive my order,
I didn’t receive my order,
Driver was really rude and unprofessional,
The food was so oily and burnt,wrong_temperature
all were perfect,
Bad bad bad and cold,wrong_temperature
"didn't even deliver the order , although I personally called the restaurant and asked for the order status and they had said they need more one hour to deliver and then after 2 hours the didn't deliver this for the second, and last time will order.",
Missing items as usual… will never order again from that place,wrong_order
"chicken tasted really off, and the order was missing a whole meal. not to mention it came 30 minute late than the expected delivery time. driver was vety respectful thought",order_delay
"tastes very oily and bread is not fresh and fries was very sticky and cut small pieces seemed almost puree, last time to order from them",
"-Tasty but very very small chicken -I had 2 dinner boxes ordered, came with only 1 pair of gloves",
To7faaaaaaaa♥️ elakl wsl so5n w t3mo 7lw awiii its my 3rd time and i will order again akeedddd♥️,
family size fries is very small i get that from other places half the prize and its called small package fries and it didnt taste fresh but the sandwich was good,
The sandwich was great but the fries was terrible and not fresh,
Very bad experience chicken size very small and the order wasn’t fresh,
Didnt receive my nuggets,
very good delivery,
Grill the bread more than that next time please,
The chicken ranch cheddar sauce is expired and the fries is soooo bad,spoiled_food
It was too spicy and i didn’t order it spicy,
Missing filling,
The delivery boy is so rude,
Salad was missing,
Not cheesy enough,
"The sandwich was incredibly loose, with the chicken and cheese falling all over the place and the quality was terrible. The fries was bang average too to say the least, terrible experience for me and will never order again from this restaurant",
Food was in a good condition and hot enough But the taste was not good,
Tiny and small sandwitch and rizo not the double one that i always order and not the rizo that i order everytime its too small for the money that i spend on it .. maybe it will be the last time i order from Dixi's fried chicken,small_portion
Extra pepsi and fries was lost,
"The food was great , love it , Thank u Dixi's",
very nice,
too much ketchup in the sandwich,
Thanks you for reading the notes and for your interest in order,
The spicy Rizo was bbq rizo,
Driver is very friendly❤️,
Missing items,wrong_order
They didn’t even put cheese in anything,
bad taste bad quality fries no katchup,
quality became very low just ordered a dinner box meal that includes 3 pieces the chicken peices were very small they were all thighs! no breasts it was full of fat and too oily,
The chicken was under coocked and tasted awful,
The chicken was so small,
AMAZING,
very delicious very under rated i'll order it again and again,
Worst experience I don’t recommend this restaurant these are for 40 egp!! Awful quality,
Ordered without the drink,
best fried chicken and cheese fries on time ❤️,
Wrong comment request Very bad taste of food and fries Wrong drink of choice Dry and uneatable fries and not fresh at all Worst order,
Delivery guy doesn’t have change and we were in remote area where he can’t get change,
Too late the delivery,order_delay
Hot twister was missing,
Twister with chili sauce is very recommended,
"The branch manager, Mohamed Anwar called to assure that the whole order is fresh&hot and the whole order was perfect🔥",
Missing Some Items,
Burnt chicken with no taste and very oily fries. Horrible food.,bad_taste wrong_temperature
Delivery took too long,order_delay
Very good,
The orderr came wrong bro for the third time what’s wrong,
It came 2 hours later,order_delay
But it wasn’t hot enough,
no support at night and order came after I leave and rider ask me to walk more than 5 k.m and order already useless,
the food quality was alright but someone forgot to add salt.. not a so good experience,
I asked for original i got spicy And i dont eat spicy,
twister had too much pepper and the chicken wasn't crispy (cold) also the wrap wasn't clean fries was so bad cold also all the food was cold,wrong_temperature
"It was amazing experience, First time to try dixi, the order arrived quickly and quite hot and the quality of the chicken was excellent and tasty",
Fried chicken arrived quite hot and the quality of the chicken was excellent and size was satisfying.,
Chicken was way too fried and oily and brown and it tasted like oil not chicken,
"it took them 90 mins to deliver, it was 3:40 am in the morning thu coleslaw was awful",
order took a while to prepare but deliver was very fast and the gentleman was amazing and very apologetic due to an issue with payment,
Late delivery Food was almost cold,wrong_temperature order_delay
food poisoning. don't try please.,food_poisoning
It takes forever to get your food,
The chicken in the sandwich was too small the fries wasn’t cooked enough the chicken pieces wasn’t cooked enough a bad experience,
It was perfect and delicious but I wanted it spicy but of coarse it was amazing,
barbecue sause was alot and so annoying,
I didn’t receive the order yet,
Missing item,wrong_order
order didn’t arrive even though it was accepted,
Wrong order and arrived after 2 hours,wrong_order
Order didnot arrive,
The taste was terrible And the pieces were too small The Chicken has very weird smell,
I didn’t receive any thing,
Delivery man was polite - food was hot and tasty 🫶🏻,
The worst food i have ever tasted i will never order from this restaurant again,
raw..... every chicken piece was absolutely raw not recommend by any means,
Both sandwiches came spicy and I ordered original,
order not received no one called to cancel,
Started to reduce portion size!,
Food was cold,wrong_temperature
Way too cold,wrong_temperature
gamed,
Amazing food fills me up everytime,
Fries wasn’t taste good,
Came all dark meat pieces!,
"for the second time,, cold food , not taste ,, a bread looklike rotten ,, and also late delivery.. most importantly the delivery guy doesn't show up the bill",spoiled_food wrong_temperature order_delay
this is not the first time as it happened before and I cancelled the order,
I didn't receive my order,
order gah nas2es 2 sauces,
The food was really bad.,
Good morning 🙏 and sorry 😞,
"delivery was on point but i didnt like the food that much, cheers to the driver though!",
Old and stales,spoiled_food
Bad Service,bad_service
I didn’t receive my order 😏,
late delivery 3 houra to come cold food,spoiled_food wrong_temperature order_delay
Best broasted chicken,
i found dead ants and the chicken was black it was so bad i didn't like it all and it was my first time to try it 🤢,
order wasn't delivered,
Very late delivery and the order was cold,wrong_temperature order_delay
"last time i ever order through menu.. poor service, terrible support that takes 30min+ to answer for a mere delivery.. terrible ETA.. 2h instead of 50m. disappointing estimation of the current stage of food. i regret dealing with menus more each time",bad_service
The portions were very small the chicken was very oily the race was a little undercooked the coleslaw was dry the overall experience was very bad and disappointing,wrong_temperature
thanks dixis,
Cold food,spoiled_food wrong_temperature
there was a missing piece of chicken,
"The chicken was raw, food wasn’t that good and it had blood and very disgusting look, I ordered around 2am but didn’t expect it to be like this",bad_taste
yes,
L akl msh so5n,
Perfect,
all the food was delicious ❤️,
"the driver drove all around neighbouhood according to the tracker, I had to call him. The order got prepared really quick but the delivery time took forever.",
The wingss is so vas and it smells ugly!! The fries are row how dare you let your customers eat food like that ! Tge sandwich is the only nice thing in the order,
The order didn’t have the coleslaw and I ordered the chicken original the order came spicy.,
Great,
the food was great but it took them 2 hours to give the driver the order,
no cutlery and the sandwich was a bit soggy,
last time is better than this time quality decrease,
Tastes good but came cold,wrong_temperature
the number of wings in the meal need to be less,
"i ordered cheesy fries w the didnt even attach a fork with the order, the chicken wasnt that good, at all",
the potatoes very little it's nor medium size just that,
Triple Cheesy Sandwich is perfect to me and all Triple sandwiches too,
I ordered the chicken regular and it came spicy,
The food Was very delicious and Hot A+ 😎,
the food was a little bit salty,bad_taste
Sandwiches and chickens are very good But fries not good,
forgot the fries and I didn't like it....,
Un cooked chicken and not spicy as i ordered,
"The chicken doesn’t cook well, so upset abt the quality of food",
forgot the 2 Pepsi cans and 1 fries packet,
it was too spicy,
All food was cold and it was late,wrong_temperature order_delay
"the food wasn't fresh or hot although I asked to be.. besides, it came too late..I ordered it spicy and it came one or two spicy and the rest wasn't.. terrible experience, I don't recommend it",order_delay
"Wrong order , cold chicken and slow delivery",wrong_temperature order_delay wrong_order
Nicest driver ever Great attitude and respect,
food was cold,wrong_temperature
amazing,
super,
closlo didnt come ... late and cold food,spoiled_food wrong_temperature order_delay
"Food was delicious, most importantly was delivered hot. Quantity was more than perfect. Highly recommended.",
order is so bad chicken is uncooked,
The best restaurant ever 🥰🥰🥰🥰,
not that good,
That had to be the BEST fried chicken i’ve ever eaten in my life. Not one bite did i not have a pack of flavor burst in my mouth and crispy crust. I will be ordering from there again and this is officially my go-to place.,
disgusting food made me ill for 3 days,bad_taste
taste was not as good as expected,
"ordered it 4 pm before going to work hoping it would be here within an hour, arrived in 2;30 hours and I couldnt eat before going away, when I came back the food wasnt as good or as fresh of course..",
great delicious and good for the price keep it up,
chicken were very salty and slightly spicy,bad_taste
delicious 😋,
the food was nice but i ordered cheesy fries and got normal fries,
top quality compared to many famous brands.,
Driver was rude,
delicious and fast delivery,
great rizo and coleslaw twister wasnt good as the tortilla was not toasted at all,
"Chicken strips have so much black pepper in them, it ruined the wrap. The rizo had so much bbq and vinegar, it was too bitter to enjoy. But the packaging was cool. I probably would not order from them again, though. Too much of the wrong flavors.",bad_taste
The order was good The bread of the sandwich was not fresh The bread of the meals was over cooked,
Zinger and Mexican definitely delicious I recommend it ❤️ but Fried chicken pieces are too small 💔💔💔💔,
"I have a problem with my received order... Please contact the restaurant.    I have clearly stated that I do not eat red meat..  I clarified in the instructions white meat only.  Yet, my meal contained a thigh and a chicken leg when i said please",
Chicken was tough and cold like it was cooked 3 days ago Waffles were very bad Horrible experience,wrong_temperature
food was cild,
Surprised by the quality and quantity... Amazing!,
Colselow was rotten,spoiled_food
worst experience and their chicken tastes horrible and I dont recommed it at all,
very bad experience the chicken was horrible and I couldnt eat it at all not recommended for any one,
Order was late and not hot,wrong_temperature order_delay
"The chicken crust had to be peeled off in order to be able to eat the chicken. It was burnt from the outside. Fries were salty and oily, rice was old, or was sitting under heat for too long, it dried out. First time trying this place, I wouldn't orde...",bad_taste wrong_temperature
The chicken wasn't fresh and wasn't crunchy it was hard to ear,
"I ordered chicken white meat only and all the order came dark meat , I don't know if you don't know the meaning of white meat or don't understand or what!",
Extremely late,order_delay
very polite Delivery Associate,
"Don't like it last time at all, not as expected..nd didn't take my notes",
put always small parts,
i ordered a dark meat meal and it come with all breasts,
The order,
The food was cold,wrong_temperature
The food was very cold And it took forever to arrive Not sure if i will order again,wrong_temperature
Amazing food . Packing was good and delivery was so fast . That will be not the last time with them,
delivery was too late,order_delay
the order was miserable,
Bad-Experienced Service,
very late delivery but food is so good,order_delay
great taste portions and the food was hot and fresh,
It was veryyyy cold,wrong_temperature
Literally tow spoons of rice on a large 20 EGP bowl. Its a SCAM!!!!,
They forgot the Pepsi I ordered combo 😅 but I liked the food,
"Great experience, I recommend",
"taking soooooo much time, but the taste is good just a bit salty for my taste",bad_taste
it was over my expectations bgd thank you aktar mn ra2e3,
Actually I ordered the family meal and about 5 piece are wings which is insane !!!!!!!??? Thats bad,
there was little black burned scraps and the portions were very small for the price and not enough vegetables in the sauce overall it was really bad and we had to pick out the burnt flacks,wrong_temperature small_portion
The chicken breast was too small🤷🏻‍♀️ The Mandy rice was over cooked,
It should be a breast chicken but he brought me a thigh,
"very disappointed 😞 the chicken wasn't well cooked, and the Rice wasn't good at all",
it is written a breast but u sent a thigh,
The food is spoiled,spoiled_food
I ordered a breast and i got a thigh,
It was still raw not fully cooked,
The driver was rude and insulted me,
hair in food,poor_hygiene
Rice was too salty n plate was tooo tiny,bad_taste small_portion order_delay
1 hour & 40 mins for the food to come and no flavor what so ever - extremely sad,
Wrong order,wrong_order
food is't fresh,
everything was fine but the chicken was too small,
Ana gayly less than 1/4 chicken about 2 bones with the minimum chicken,
"Drivers delivering food must be clean and presentable, ensuring no body odor affects the delivery please ...it has been 3 times i saw this",
very tasty,
I have received wrong order. Where I received 1 thigh and 1 breast piece when j have ordered 2 breasts,wrong_order
Driver turned off his mobile and he didn't send the order,
Taste … medium rare,
wrong order I ordered cheese sambusa I received bad quality meat it's really have a bad taste for me disgusting also mlokheya is really bad,bad_taste wrong_order
Was a uncooked rice and the rice was 1/4 and I ordered 1/2 what a cheat,
Very small chicken,
So bad,
the amount of the chiken is so small and it is only cuts from different parts adding only bones of some parts,
Un fresh at all test is very bad,
excellent,
El order 8lt,
Not professional at all,
Driver attitude was very bad . He called me 5 times to reach my address. He informed that no one gives him right address. in first call he asked you are in inrahimia wich is 10 minutes away and then many times to reac. Any clarifications??,
If you don’t have what I ordered then cancel or even call!! Not to send me wrong order twice!!!!,wrong_order
"Worng all-around I make better food at home porely prepared, burned filled with oil. Never again",
Nice,
"Food is contaminated, had a bad git symptoms after eating.",
The meal wasn't good at all,
Bad,
No green salad,
"Chicken wasn’t good, as an advice don’t order it, rice was nice",
I ordered mandi and i got grilled,
I ordered 1/2 grilled chicken but it wasn’t grilled,
Extremely professional driver with magnificent attitude 🖤,
Very bad tasting,
The driver was so polite and respectful,
Chicken is bloody and has bad smell really disgusting,bad_taste spoiled_food
"The grilled chicken was nos cooked well ,it was semi raw",
Very bad chicken and rice. And very low quality,
The chicken was not well done,
the rice was not fresh and the chicken was undercooked.,wrong_temperature
my old experiences from hadramout wasnt the best but this time it was perfect they gave us big portions and very yummy food,
Salty as heck,bad_taste
Shish toooo salty Hawawshi tasts awful,bad_taste
food came missing an item ordered half kilo shish came as half grilled chicken just cut in pieces,
I ordered a grilled chicken with rice and salad. Rice is missing?,
Ordered half kilo and received quarter,
"Poor quality, horrible",
Order taste is amazing the kofta is not good,
I ordered a tarb sandwich but instead I received a kofta one!!!,
"The food tasted extremely bad, and I think the coleslaw was expired or something, worst restaurant ever 😤😤🤢🤢",spoiled_food
Very good,
taste was very bad and dirty,poor_hygiene
Taste is so bad especially meat,
Taste bad,
packaging is not very well covered . the mombar is opened,
"The meat mandi is delicious and portion was great, easily enough for 2 people. Delivery was fast and food arrived hot thank u!",
bad,
Another sandwiches were instead of panee and Mandy instead of Kansa,
"It was absolutely amazing The mandy chicken was cooked perfectly and the rice was delicious Amazing experience, totally recommend it 👍🏻💛",
I've ordered Shish Tawwoq and what came was cutted grilled chicken Parts !!,
mandi chicken from hadramout is beyond amazing🤯 but the grilled chicken its my 2nd time ordering it . its bland,
Really tasty really good totally recommended,
Late delivery,order_delay
good,
"didnt get what i ordered , they sent mandi meal instead of Kabsa , with very low quality of a taste , worst experience ever",
Chicken tastes bad Rice was good,
Portions little bit small especially the rice.,
I didn’t receive my order yet,
"taste of food was horrible,the worst mumbar i tasted in my life,like eating plastic,and the vine leaves had no taste at all",bad_taste
Wrong order I didn’t recieve my vine leaves,wrong_order
Everything was wrong the order the taste the portions,
Very bad food quality,
"everything was wrong back then, I asked for biriyani they gave me normal one, I asked for tarb sandwich they gave me a kofta one..",
very good food ..came fresh and hot,
The Molokhia & rice are BOTH EXTEREMLY SPICY 🌶🔥🥵 I can't tolerate it They didn't give you the option to choose spicy or no I wasted my 💰,
every set should be served with its own sauce and pickles. not share the sauce and pickles if i order 2 sets,
The portions are not that good,
"i ordered 1 biryani and 1 mandi chicken but i got 2 mandy chicken plus no tomato sauce or salad for the second chicken , this is really bad service and unacceptable i already left a note because i knew this would happen and guess what it did!!",bad_service
I received half kilogram of grilled chicken instead of chicken panne!! why,
Meat with bones,
i recieved kofta sandwich instead of tarb,
"I order 3 sets of ½ chicken and rice, but i only got 1 salsa. You are suppose to give me 3 salsa as well",
Very bad,
The chichen tasted awful literally,
"food needs more cooking, chicken was not well done but rare.",
"Not good, vine leaves is not good at all",
Average food - not tasty as it used to be also was 20 mins late,bad_taste order_delay
Didn't arrive,
food taste is awful.,
Kofta was good but chicken taste was bad,
awful,
it was good but not hot. price is very good.,wrong_temperature
meat was not well cooked,
the food was ok but the order was late,order_delay
Took more than 2 hours for the food to reach,
small quantity for the price,
"driver was great the food was so bad the man'osha was cold and was like it was made yesterday and not fresh the cheese was was nonexistent in it the sandwich wasn't as bad it was fresh, but the filling was so little and the sandwich was really small",wrong_temperature
Average or below,
worst food i had ever ordered ever 🤮🤮🤢🤢,
very late delivery,order_delay
bad experience,
The sandwich is kind of empty even tho I ordered the biggest size they got but the taste is good,
The packaging was horrible and it got all squished together causing the man2esh to burst and spill all over the bag and the food. Also el shawerma sandwich was dry and all bread,
Non,
"The chicken was awful, almost tasteless, there is no seasoning, not even salt! Also it should be boneless, however while eating I found many small bones broken pieces, I even swallowed one of them!!!!!!! ARAF ARAF ARAF ARAF ARAF!!!!!!",bad_taste
Amazing 🤍,
"The chicken was not boneless and the portion was not 1/2 of a boneless chicken, it was flattened and almost no meat, and a lot of bones. There was hair in one of the Syrian cheese manouches. The tabulahi salad had no bulgar wheat, no flavor, and was ...",poor_hygiene
you forgot to send an extra garlic dip as I ordered,
"Good taste, VERY small portions compared to price",small_portion
the worst resturant ever,
Horrible taste,
"Shish tawook was horrible, I threw up right away",
"Hi, excuse me. The delivery person gave me 27Egp instead of Egp20 in change. I just realized there was an overpayment.",
The delivery took an hour & a half!,
I ordered one Xl sandwich and one M and they were both same size. my order price was 145 after discount but I received order with voucher 170 .,
Did even bother to put a fork or a spoon or even a tissue,
found a fly in the rice! the chicken is undercooked!,poor_hygiene wrong_temperature
The portion is smaller than the description. Missing coleslaw! They changed one of the sauces I chose to another that I don’t eat without informing me.,
there was a hair in the order.,poor_hygiene
The sandwich was cold and very dry. It didn't have pickles and I ordered the large but got the medium. Soori's quality has become very low. So unexpected.,wrong_temperature
Very bad and burnt taste,wrong_temperature
I put a note that the shawerma chicken sandwich is plain with no additions but it came with pickles and sauce also the vine leaves were raw not cooked well and had very high salt content,
the driver is insane,
"the sauce on the Fattah is not a sweet and sour sauce, it's just a tomato sauce and it's terrible",bad_taste
Tastes old and fries was unseasoned and oily,
"The delivery was on time .. But the food was cold , the garlic dip was put on the fatta too early when the food was still hot and it resulted in a bad ruin taste because it set too long, and by the time it got to me it was cold and tasted bad.",wrong_temperature
Excellent but took about 30 mins to get ready for delivery,
It wasn’t fresh at all,
"Portion is very small, and price is very high, and the order delivered in medium while I ordered large",
very bad,
very nice best app i love you,
"It literally taste disgusting, this is the worst shawarma I ever ate.",bad_taste
It was wrong order and when I told you that in a call you didn’t reply 😡😡😡,wrong_order
Food portions are the worst,
Good,
I don’t revised my order,
Kobeba is the worst Shawerma not so good Rice is fine,
"shawerma was terrible... chiecken almost grey with strange smell and taste , they added a lot of spices to cover it up.",
Food not hot The kofta sandwich was very small and I ordered a large one Fatooosh is so bad .. disgusting taste and not fresh,bad_taste wrong_temperature
I received the order missing things..it wasn't complete,
food was spilled all over the bag the bag was torn apart like someone ate from it it looked disgusting and gross worst experience ever,bad_taste poor_hygiene bad_packaging
I ordered sprite instead of Pepsi but I got Pepsi other than that the order was perfect,
awful experience,
"order came very late, order was missing items and when communicated with restaurant they denied, food was not as tasty as expected, last time ordering from them",order_delay wrong_order
"my order was 2 Chicken Shawerma , 1 Fries with cheese Received 3 Chicken Shawerma and no fries 😕",
Nice,
Not fresh chicken,
I specifically ordered fattah sori came with white rice,
very good,
the thyme man'oosha received without extra cheese as requested,
Great,
"only one note , shawerma contains small hair that's for your information",poor_hygiene
the food came really cold and wasnt so good after all,wrong_temperature
"The driver does not have any change at all. All I needed was a 10 egp note from him. I gave him money and asked him to go get change and come back. He told me I wont find anyone, you can go down and get the change for me. Such a horrible attitude !!",
the delivery experience was very good,
Perfect,
so bad,
Disgusting,bad_taste
"I ordered Arabian chicken shawarma box and it’s really bad, the fries are all burnt up and the shawarma bites are made of the worst chicken I’m so disappointed",wrong_temperature
Packaging is awful with no respect for the Covid era we live.. Food quality gets worse and worse with time.,
The food is cold and every time I order fries I get another extra shawarma if you are too lazy to make just say it,wrong_temperature
"that was one of the worst orders i've ever had it was cold, it tasted awful and now i have stomachache because of it.",wrong_temperature
I paid for a large chicken fattah and I received a medium fattah,
the food was so cold and the chicken tastes horrible and i would like to get my money back as i could not eat the food,wrong_temperature
very bad experience the food was Soo cold and the fries couldn't be eaten,wrong_temperature
Tooo late,order_delay
Missing cheese,
Sambosek was very hard on the edges Shawerma was full of fat (hard to chew parts),
El order ma gash aslan,
Very bad taste of nutella its not nutella at all i will never order from soori again,
waste of money uncooked chicken,
the food was delicious will done,
late delivery,order_delay
there was no extra mushrooms,
cold order,wrong_temperature
Cold Food,spoiled_food wrong_temperature
The shawerma and the dipping are amazing,
Fries tastes like water Garlic didn't have any taste,
"toooo much garlic sauce on the chicken shawarma fattah, and rice and chicken could've been more. but delicious regardless.",
very poor quantity inside sandwich,
Food is good but not hot,wrong_temperature
Professional decent driver,
It was a wrong order !,wrong_order
inordered extra dips roman and was not added and the money was deducted,
the meat was chewy and not well done,
The delivery man is very professional,
great delivery,
the order came v cold and the sandwiches wasn't as good as usual,wrong_temperature
more offer vouchers,
Chinese chicken fattah was too spicy,
it was shit the food was bad and the size was so small 🤮🤮🤮,
good,
bad,
very bad quality and size,
"order was supposed to include French fries, instead I got stale chips",spoiled_food
"""LARGE"" sandwiches are smaller than small sandwiches in almost every other Syrian restaurants! I was shocked to see how small the paper bag was, I thought I got the wrong order!",wrong_order
"fries are always soggy, but they're also still hot.. shawermas always tasty. tomiyah tastes a little funny so I don't get that. classic lunch order from here",
"Delivery guy was very friendly, followed my directions and arrived fast with my order! :)",
light shawerma burned,
Not good taste,
Very very poor quality of food,
I request meat shawarma with extra mozzarella but the order is not matched,
It never came aslun,
Some of the Manaakish were burnt from the edges. The Nutella one had less Nutella than usual.,wrong_temperature
I made an order yesterday and the food was awful and i contacted someone from the support to change the food and they said that someone will contact me and nothing happened what is that ???,
the rice was undercooked and the whole meal was a disaster,wrong_temperature
very little amount of food,
the crispy chicken is very bad,
Muhammad with Cheese was slightly burnt,wrong_temperature
The quality of food was not as expected plus small quantity vs cost and brosted was not cooked well!!!,
Thank you so much,
i had to go down the 6 floors to take my order because the driver refused to come up,
Toooooooo much tomia in it !,
The food was not fresh as it normally is,
Good but not perfect,
"The Egyptian Shawarma tasted really bad, it was as if the meat has gone bad. I threw it all away.",
I had a very bad enteritis and stomachache after I ate their sandwich!,
"I ordered the XL shawarma meat for 40 pounds per sandwich, not worth it in my opinion and would only pay 20 pounds for the sandwich i got",high_price
"Portions for shawerma and fries are great, but fries are always oily and never spiced with the red spices that most places use, also it is packaged right away so you will always end up eating oily, soggy fries",
thanks for lovely experience,
Good but very heavy,
"meat shawerma sandwhich in the platter did not match the sandwhich if ordered by itself, in the platter it was meat only. mekhallil was room temperature, which was weird. tomeya was lighter in taste than I'd like, but the meal overall was still tasty",
Gamed,
not good and food is not like before chicken shawrma is reallly bad and muhamara mozzarela doesn't have any sauce I hated the order chrispy chicken is the best so far,
Delivery came before the time i decided,
"Sandwiches are freezing cold , they don’t have any garlic sauce or pickles or cheese , disgusting experience",bad_taste wrong_temperature
"the food was very bad , oily and slow delivery",order_delay
Everything was really good but expected better thyme manaesh,
Excellent taste,
Cold,wrong_temperature
Didn’t receive correct order I paid for extra pomegranate sauce for two sandwiches and I got them without pomegranate sauce,
Delicious,
Very bad experience as the orders takes two hours to be delivered while the restaurant is about 15 minutes from my place.... And the food was too cold,wrong_temperature
great,
I found an eye lash in my food,
i received a reset with a different value,
little portion in sandwiches that sucks,
Not that good and was cold,wrong_temperature
Was very very cold,wrong_temperature
Shawerma sandwich was soo cold,wrong_temperature
Not clean!!! I found hair in the chicken.,poor_hygiene
The meet and chicken Shawarma sandwiches tasted very bad! The bread didn't taste good at all as well. I ended up not eating!,
Order arrived really quickly before expected delivery.,
missing items,wrong_order
amazing,
they can,
Arrived very late and kinda cold.,wrong_temperature order_delay
very tasty and the quality as expected,
I asked for the sandwiches to be spicy.. that didn't happen,
Bad chicken and meat and horrible cheese fries,
bad experience ever just don't even try it,
"food was not as good as always , was cold and dry like if its not fresh",wrong_temperature
the order was wrong,
No receipt provided,
"poor quality, soooo little meat or chicken in the sandwich filled with pickles instead",
food delayed and was cold,wrong_temperature order_delay
mesahab was perfect but pane was not well cooked and rice portion is small,
"So bad, it's my last time to order from you, the Sandwich was so salty i couldn't eat, the bread was out dated, really a bad experience, you ruined my free day of diet",bad_taste
"The food quality is very poor, the shawerma quantity on fatta is very little, Tomia is tasteless + Order arrived turned upside down and rice splitted in the plastic bag. Last time to order from Soori!",bad_taste
Great quality and delivery service. One of the best Mana'aish makers around at affordable prices. Also has a variety of plate options,order_delay
"The best Shawerma in town, I love the mana2esh with Shawerma or Smoked turkey. The new Egyptian meat Shawerma and the fried Chicken with smoked turkey extra on top.",
The grilled chicken was so small and burned on the edges,
"terrible experience, bad taste w roz bayt w msh mstwy w 3eish bayt and prices didn't match the reciept on the app",
Very bad taste. Sandwiches shawarma has no tomia inside and so bad,
"Yea, that’s right, I found someone’s nail on my food in my last order from Soori, And they refused to give me my money back too! and asked for a proof, here is your proof you shitty restaurant with your shitty service. never gonna order from them aga...",
One of the best restaurants,
Alot of improvement has been done gr8 tast and more clean and orginzed way to serve it,
Very tasty and healthy food.,
Best chicken shawerma sandwich ????,
The food quantity is good and the taste is awesome,
Helww gidan bs delivery call centre we7sh gedan,
"Just got the whole chicken with a side of rice. It was 65 pounds for the entire chicken and it came with fries, 4 pieces of bread, 2 garlic sauces and one side of pickles. Honestly, the best thing was the garlic sauce. It's so creamy and not too ""...",
"WORST SYRIAN FOOD EVER. horrible soggy fries, underfried sambusa and tiny fatta portions that did not taste good. never ordering here again.",small_portion
I think it is one the best shawerma in Alex.,
best shawerma everrrr,
Bad delivery timing,
Best shawerma in alex specially with cheese,
one of the best Syrian food restaurant all mankesh are highly recommended,
"Good taste and fast delivery, i do recommend specially when u r hungry at work :D",
"Very good taste and service, highly recommended!",
