,comment
0,الكريم كرامل مجاش و تم دفع ثمنه فيزا
1,كتروا الدقة والصلصة يجماعة بجد
2,🌹
3,طلب الناقص انا طالعه اربعه كشري جالي تلاته
4,food was tastless I have ate koshary many times from them this is the first time to be this bad
5,السعر اوفر جدااا علي طبق كشري بصراحه
6,good
7,الدقه طعمها شبه مش ظاهر حتى لما حطيت الاتنين ومتكفيش الطبق الصغير
8,حاطين مكان القرع بطاطا
9,Good experience
10,طويل
11,الكشري ماكنش معاه صلصة خالص :(
12,البصل ماحاش بعدد الكشرى جه 20بس واحنا طالبين 4كشرى
13,الاكل جاي بارد اووووي والكشري عبارة عن مكرونه بس ومعجن ومحدش كل منه بسبب المنظر السي
14,الطلب اتاخر جداً
15,Thanks alot
16,الاكل جاي بارد
17,خدمه ممتازة وطيار محترم
18,الاكل بارد الاوردر جه بعد ميعاد الاستلام بساعتين
19,انا طلبت بيج ستار اللي جه الحجم الأصغر مفيش ولا طقم سرفيس جه مع الاكل و لا مع الحلو كمان
20,أنا طلبت مكرونه زياده بعت كشري عادى
21,للاسف اسوء خدمة عملاء قابلتها في حياتي ومفيش دعم من الابلكيشن
22,الطيار جزاه الله خيرا
23,but the food was a little cold
24,ممتلز
25,Well done
26,كمية العدس قليلة فى الطبق
27,كنت طلبه ماكسي كولا و ولا جت
28,كان فيه علبة مقطوعة من تحت ولما حطيت الدقة وقعت على هدومي من الطبق، وكان فيه طبق بايظ من اللي طالباهم وكنت طالبة اكسترا صلصة ومجاتش مش عارفة فيه ايه يعني كشري سيد حنفي ده كان المفضل عندي
29,1.5 hours for one cold stale koshary box
30,الاوردر جه واقع والاطباق مخرومة وبتسرب
31,بيتكلم باسلوب غير محترم
32,جالي مغص شديد وتقلصات تقريبا الكشرى كان فاسد
33,خدمه عملاء سيئه - و لو طلبت من منيوز اسوء لخبطه فاحجام العلب فالاوردر . طلبت ٣ صغير و واحده بيج ستار جم كلهم نفس الحجم و المطعم قال لخدمه عملاء منيوز دى الاحجام المتوفره و خلاص
34,الكشري جه من غير دقه ولا شطه مش عارفه دة مقصود ولا اي
35,اليش مجاش
36,2 hours just to get here ???
37,order missing item
38,تاخير
39,very bad food low quality
40,اي القرف دا يعني دا يرضي ربنا نص طبق كشري يعني النص التاني لو مشبعتش هتبعتوه ولا اي
41,I received the order an hour and a half late
42,اتأخرو جدا واكل جاي بارد خدمه زي الزفت
43,ممتاز جدا بصراحة ♥️
44,ممتاز لكن الاكياس ببتفتح بصعوبة
45,.
46,drinks were missed
47,مظبوط جدا
48,دقه التوم محتاج يتقل خل وتوم
49,الاوردر وصل متاخر جدا عن الميعاد
50,الاوردر جاي من غير صلصه انا اول مره اشوف كشري من غير صلصله!!!
51,اكتر من ساعين علشان الاوردر يجي وفي الاخر المندوب بيقولي قدرني انا استلم الاوردر ساعتين في اوردر ليه
52,سئ وابلكيشن سئ بيلغى ويحط على مزاجه
53,نص الطبق فاضي و مش أول مره الموضوع ده
54,الكريم كراميل كان فيه مشكلة اللي اكله حصله وجع شديد و ترجيع و ألم طول اليوم بسببه
55,الاكل كان سئ للغايه
56,الاوردر وصل متأخر ومختلف خاص بعميل اخر لما طلبت تصحيحه اتاخروا جدا
57,هو آلمفروض أقيم أوردر ما وصلني أصلاً !! و لا أقيم خدمة دعم و لا عرفت تحل المشكلة و لا تعرفني الأوردر فين و لا هيوصل إمتى ؟؟ و لا مطعم حضراتكم مش عارفين تسيطروا عليه عشان يوصل الأوردر للعميل ؟ عموماً أنا طلبت الأوردر نفسه من نفس المطعم بس من platef...
58,ممتاز
59,شكرا
60,ناقص صلصه
61,حقيقي شكراً للراجل اللي وصللي الأوردر منتهى الأدب و الزوق والإحترام
62,الاكل كان بارد جدا
63,شكرا جزيلا
64,الطعم اصبح سئ
65,ناقص كيس صلصة
66,سيء جدا وابلكيشن سيء جدا واخر مره هطلب منكم اي حاجه
67,الكشري حلو بس الرز من دون مكسرات
68,التوست مش موجود
69,الاكل بارد
70,الكشري سئي جدا جدا جدا
71,الاكل حلو التوصيل سيء جدا الاوردر جالي بعد اكتر من ساعة ونص والكشري خارج من العلبة ومرمي في الكيس
72,He insists to leave the order in the elevator not to deliver it by himself
73,I vomited
74,انا كنت طالب طبق واحد منغير حمص وعدس جالي الطبقين اللاتنين كده
75,كل مرة اطلب الفي كولا تكون ساقعه و كل مره بتكون سخنه ياما بيجي طعم تاني
76,Wrong items
77,الطلب غلط وياريت ناخد بالنا من ملاحظات العميل
78,العدس كان قليل جدا
79,Delivery had to wait for 7 mins exactly and was rude upon handling the order in addition to saying bad words as well
80,مجاش معاها صلصه
81,"I got the wrong flavor, if it’s not available then don’t put it on the menu!"
82,الدليفري سلم الاوردر لشخص تاني ولما بكلمه يقولي روح كلم الدعم أنا سلمته واخدت فلوسي
83,سئ
84,الدليفري اتاخر و السبورت مش بيساعد
85,order was missing the onion topping on the plates and the tomato sauce came in little portion
86,I didn’t receive anything
87,الكشرى مش معاه دقه
88,جه بارد وبلا معني ومكونات ناقصه
89,the order was delivered without fried onions
90,طالبة ٢ صالصة كبير زيادة ما وصلوش
91,مكنتش طالبه في سفن و جت لي مكان ال في كولا
92,عمري ما طلبت منه و جالي في معاده!!! دايما بيتأخر جدااا
93,كشرى كان طعمه مش حلو خالص
94,طيار مش محترم
95,مفيش اسوء من التعامل ده
96,التقلية مش حلوة
97,"I ordered vcola what came was another drink, and this is not acceptable"
98,مفيش دقه ولا شطه ومفيش لعبه الاطفال
99,جيد
100,The food arrived late and it was cold
101,َ
102,I didn’t get my crispy toast
103,الرز بلبن جي مفتوح
104,العلب جايه مفتوحه ومدلوقه في الكيس
105,الطلب اتأخر أكتر من ساعة
106,"order was late for nearly 1 hour after the expected delivery, but Food was good as usual."
107,اتأخر جدا بالرغم من قربي للفرع
108,طالب v7 اناناس جايبلي بيناكولادا
109,Thank
110,الاكل مكنش حلو وكان فيه جلد
111,طالبه بصل زياده اصلا وجالي واحد بس ف الاوردر كله .. ودي تاني مره تحصل
112,الرز بلبن كان بايت وطعمه وحش 😡😡😡
113,I ordered V Cola not Lemon lime
114,"طلبات v7 cola , اللي وصل v7 ليمون"
115,تاخير ساعة وخمس دقايق الميعاد كان ٦:٢٠ ووصل ٧:٢٥
116,طلبت واحدة v cola و دفعتها بس مجتش
117,Missing items
118,الكابتن جه مش عاوز يسلم الاكل وفضل يتخانق مع أمن الحضانه والناس بتسأله مين اللي طالب الاوردر جوه عشان اخليه يحاسبك فا مرديش يقول مين وفصل يزعق قدام الحضانه وحتى انا قولتله كلمنى بالتليفون وانا هخرج استلم منك فضل يزعق وانسان مش بيفهم والمعامله زفت
119,من غشنا فليس منا للاسف مفيش فرق بين علبه الكشرى ٣٥ و ٤٥ الاتنين نفس الحم
120,لازم الاكل يجى سخن
121,الطيار محترم بارك الله فيه
122,الاوردور جاي باارد المفروض مستلمش الراجل كان هيعيط انا ذنبي ايه تجربة سيئة
123,Food poisoning
124,مرضت بعد الاكل واضطريت اروح لعيادة الشغل
125,طعمو مش حلو
126,30 min late why !!!
127,الطلب اتأخر اكتر من ٥٠ دقيقه
128,مندوب التوصيل بيقولي انزل خد الاوردار من تحت العمارة انا مش بطلع عماير وقالي لو منزلتش انا هكنسل الاوردار قولتلة برحتك راح مكنسلة
129,هو المفروض اني طلبت طاجن مكرونة باللحمة المفرومة بس للاسف انا جالي مكرونه كنت بدور فيها علي اللحمة بالميكروسكوب انا بقالي كتير مجبتش من عنده اه بس مش للدرجة دي !!!
130,الكشري كان شبه بارد
131,كان سيئ جدا وحصلي تسمم غذائي بعده وذهبت للمستشفى وحتى الان بتعالج .ودي اخر مرة اطلبه.
132,مع الاسف الكشري كان فيه شعرة وده خلاني اشك في النظافة بتاعت المطعم
133,Very cold after more than 40 mins delay
134,اسوء تجربة
135,Delivery was a bit late! But order was so delicious
136,علبة كشري ستار بلس نفس حجم اصغر علبة كشري مع انها غالي منها ب 15 جنيه
137,"missing items , not answering hotline, horrible horrible"
138,الكشري جي من غير صلصله خالص والمندوب مشكورا هيروح يجيب
139,الطيار بجح وكذاب واتأخر ربع ساعة وراح مصطفي النحاس وانا بيتي لازق في المحل
140,Crispy toast not delvierd Application so bad
141,Its not tasty
142,اكل زي الخرا انا برجع من امبارح حسبي الله و نعم الوكيل فيكم
143,ناسيين المعالق
144,بدون دقة و بدون شطة و بدون معالق
145,Late delivery
146,Nice
147,حاجه تقرف بجد جيه متاخر جدا و مفيش صلصه و معالق
148,الطلب كان كشري بدون رز ولكن اللي وصل لي كشري كله رز ومن غير مكرونة
149,الصلصة كانت ناقصة مجتش جالي كيسين شطة
150,the shift from a driver and another took alot of time and I don't want to wait in any future orders
151,سئ جداً.. مالوش طعم.. الدقة ناقصها توم و خل و الصلصة عديمة الطعم.. بالاضافة للسعر المبالغ فيه.. ميستاهلش خالص ..اسوء كشري اكلته خصوصاً انه فاتح جنب فطاحل الكشري في تريومف
152,the delivery didn’t give me the rest of the money
153,موصلش
154,Bad
155,الاكل ناقص الصلصه
156,ياريت السعر خدمه التوصيل الي مكتوب فالابلكيشن يبقي نفس السعر الي موجود فالريسيت
157,العلبه كانت مدلوقه في الكيس
158,مكرونة الطاحن مش مستويه كويس الرز بلبن مش في طبق دخله تراب الاوردر وصل في ساعه ونص ومكنتش هستلمه اسوء اوردر طلبته منكم
159,الاوردر وصل من غير صلصة
160,الطلب المفروض يوصل من الساعة ٦:٤٢ اتأخر في الوقت لغاية ٧:٤٥ يعني تأخير ساعة عن معاد التوصيل
161,The chicken was burnt
162,وقت التوصيل طويل جدا لدرجه انى بفتكرانو مش هيجى وشكرا
163,ordered 2rice pudding one came half empty and the other is spilt in the bad
164,koshary without rice and tomato paste
165,الرز بلبن سئ جدا جدا وسايب من بعضه ومش مظبوط مع اللبن ودي اسوء مره اكل رز بلبن فيها من سيد حنفي
166,الاوردر جاي ناقص الصلصة والدقة
167,تم ارسال الطلب بدون اكياس الدقة
168,علبة الكشري مفزورة ومبلولة من تحتها وفي كيس صلصة مفتوح وبوظ كل الاوردر
169,Fast delivery must be taken into consideration
170,الاوردر واصل ناقص كيسين صلصة والعلب ناقصة
171,Good
172,It make 55 delivery?!!!
173,انتو اكيد بتهرجو . طاجن الفراخ بدون فراخ عبارة عن مكرونه و صلصه !!! ولا قطعة حرفيا
174,كان ناقص الصلصة وتقلية أنا طالبة ٥ كشري المفروض مع كل طلب يجي كامل
175,اخيرا الاوردر جه صح
176,الكميه اقل من المعتاد !!
177,all is good
178,فرع الرحاب ده مشغلين فيه مساطيل كل اوردر لازم ييجى ناقص حاجة مرة مفيش معاه صلصة مرة مفيش معاه شطة … الشغلانة بسيطة والمكونات ما تكملش صوابع الايد الواحدة واى حد من غير تعليم ولا اى مهارات يعملها بمنتهى السهولة لكن المشكلة انه لازم يكون فايق بس ويكون ...
179,no salsa with it
180,تم نسيان كيسين التوست المحمر
181,الاورد وصل ناقص السلطه و جاء متأخر جدا
182,Thanks
183,Delicious
184,I ordered two plates and only one came
185,ريحه الاكل وحشه والاورد مفعص في بعض
186,تحفه
187,وجدت خيط ابيض داخل طبق الكشري
188,قليل الزوق واخد فلوس مش من حقه طلبت يرجع ٥٠ ادانى ٣٠ ومشى من غير مايقول ان مفيش باقى
189,شكرًا
190,N/A
191,delicious as usual. Excellent quality food
192,الاكل جاي منغير صلصة ازاي؟
193,طلبت مكرونة باللحمة المفرومة وصل ليا طبق فيه مكرونة بايتة و مش مستوية بجد اتضايقت جدا لان مش اول مرة اجيب منه ليه المطعم بيفتكر اننا لا نتذوق !! الكشري كان كويس
194,للأسف، تأخر وصول طلبي من فرع مدينتي ساعتين وربع، واضطررت لإلغائه. بعدها، قمت بطلب نفس الطلب عبر تطبيق طلبات، وقد وصل بسرعة. مع ذلك، لاحظت أن طبق رز الحليب مع اللوتس الذي طلبته كان مفتوحاً، ورائحته غير مستساغة. لذا، لا أنصح بطلب هذا الطبق.
195,Fried toast not fresh and almost spoiled
196,الاوردر جه من غير صلصة دا كلام و الراجل الدليفري كله ذوق والله و راح الفرع تاني جاب الصلصة و رجع
197,missing items
198,emadhal277@gmail.com
199,Great
200,جميل
201,للاسف بعد لما اكلت جالي ميكروب في المعدة وتعبت جداا بسبب الاكل غالبا فيه حاجه بايظه
202,غالي
203,bad quality
204,النعناع اللي بقيتوا تحطوه وحش قوي
205,الاكل ناقص صلصه مجتش
206,"I ordered extra salsa and I didn’t get it. They was no hot sauce, there’s no garlic sauce, no spoons. IM VERY DISAPPOINTED"
207,حاطين معلقتين و احنا طالبين ٣ علب
208,الصلصه كانت قليله بس
209,1 rice pudding is missing
210,الكشري جي في مكرونه بس
211,الاورد اتقلب من الطيار
212,thank you
213,وحش
214,order wasn't delivered fast
215,الطاجن المفروض فيه فراخ لكن بالظبط قطعتين مش اكتر يبقي فين طاجن المكرونة بالفراخ إلى انا جايباه
216,قليل الذوق ومش محترم
217,كانت نسبه الملح عاليه
218,انا طالبة اتنين رز بلبن مكسرات جالي واحد بس مكسرات
219,الاوردر مجاش اصلا
220,الصلصه ناشف ووحشه ملهاش طعم غير طماطم و الاكل جاي بارد و متأخر نص ساعه
221,Very bad experience 😕
222,الدليفري بيتكلم بطريقه غير لائقه ومش عايز يطلع الاوردر
223,طلبت واحد كشرى ستار بلس وتلاتة صغيرين وجتلى أربعة صغيرين وصودا ماكس ماجتش اصلا
224,الاوردر جاي بارد والصلصة باردة ودي مش اول مره
225,كنت طالبة علبة صلصة زيادة مجتش مع الاوردر
226,الصلصه مدلوقه والعلب مفتوحه
227,Food was very bad and rotten tomato sauce
228,الكشري وصل من غير بصل و من غير صلصة ؟؟؟
229,جميل بس الخدمة بجد غالية جدا يعني الاوردر ب ٥٠ جنيه ليه ادفع ٨٠؟!
230,٤ علب الكشري مش معاهم صلصه
231,ناقث البصل ووصل متأخر
232,كان حلو جدا جدا
233,I have received wrong order
234,Bad delivery
235,ناقص ١ صلصه مع الاوردر
236,الاوردر كله جيه غلط؟
237,i ordered extra salsa and daqa and extra oniond which i paid for and it didnt come with the order i am expecting a refund on that
238,طلبنا شطة زيت و طبق أرز زيادة و الاتنين محصلوش
239,الاوردر اخد اكتر من ساعتين ولسه موصلش وبنتصل بالرقم خدمه العملاء تحطنا انتظار ومافيش رد 🤷🏻‍♀️🤷🏻‍♀️
240,ما وصل اوردر امس
241,علبه السلطه لم تصل
242,Was better in the past; didnt like taste much
243,Received order after Iftar by 40 minutes
244,الاكل جاء بارد وواضح أنه ليس طازج وأنه تجميع بواقي
245,الكشري عباره عن مكرونه فقط لا يوجد ارز او عدس بكميات كافيه
246,الاوردر متأخر اكتر من ساعتين!!!!! ده مش منطقي نهائي.
247,طلبت صلصه زياده مجاش
248,I received the order without spoons or tissues! how am I supposed to eat?? Very unprofessional and disappointing.
249,ناقص السلطات الارز باللبن
250,اولا مفيش شطه خالص ثانيا مفيش غير واحد تقلييه بس بالاضافه للتقيه غير المطللوب زياده ثالثا الكشرى الصغير جاى مكرونه بس رابعا مش جايبين غير ٢ معالق مغلفه فقط و الثالثه مش متغلفه تحربه سيئه حدا جدا جدا
251,Order was late arrived 7.30 and desert tasted horrible
252,missing 2 items not delivered
253,الاوردر ناقص صلصه
254,الطاجن سعره غالي وكله بصل مفيش لحمه اصلا والمكرونه مش مستوية كويس
255,مطعم سيئ جايبين طاجن بالبصل مش طاجن باللحمه ، والمكرونه مش مستويه كويس
256,العلبه جايه نصها فاضي ده مش كلام يتعقل علي علبه ب٦٥ جنيه تجيبولي كميه زي اللي ب٣٠ ولا ٣٥ جنيه ايه الاستهتار ده و مش اول مره انا سكت المره اللي فاتت بس ده مش كلام يعني
257,يعني ايه الأكل ياخد فوق الساعتين على ما يوصل !!! العيب من الابلكيشن لاني اما بطلب من المطعم ببوصلى بسرعه عادى
258,Missing item the extra daqqa sauce and tomato sauce
259,المطعم اتأخر جدا
260,وحش جدا و الاكل بارد و فى كيس عيش مجاش مع الاوردر
261,الاوردر لم يصل اصلا
262,الطيار بيزعق ليا وبيقول أنت تلفونك مشغول ليه في حين انا كنت لسه مكلماها ومديله رقم البلوك والعماره تجربه زفت
263,Missing order..the order is missing all the extras and charged me for it
264,ناقص علبه كامله ازاي يعني؟؟؟؟؟؟؟
265,وجبة الاطفال جاية من غير لعبة و رد المطعم هناخد بالنا المرة الجاية!!! اية الفشل دا!!!ا
266,"one rice pudding is missing, very small portion comparing what it should the taste is very poor 😕"
267,هو الاوردر برد شويه يفضل الاورد يكون سخن
268,العلب مش مليانة خالص يعني غلوها و قللوا الكمية
269,محترمين والاكل بيجي سخن وحلو
270,the food was not warm
271,جالي الساعه 2 بليل وبيقولي معيش فكه وخد الباقي
272,they forgot the salsa
273,الأرز بالبن لم يأتى
274,الكشرى يا اما بايت يا اما حمضان و ريحته غريبة
275,طلب الحمص واقع كله في الكيس ولا يوجد معالق للرز باللبن ولا مناديل والرز باللبن منتهي الصلاحيه حاجه بجد غير مقبوله وعيب اوي
276,الاكل بارد جدا
277,كميه صلصله قليله جدا و مش فريش خالص
278,Food came cold and he came very late with a wrong order and the rice pudding got spoiled the is unacceptable
279,الطعم مبقاش زي الاول اتمني المنتج يبرجع زي الاول تاني
280,Missing ta’leya
281,الاكل حلو وبيجى سخن
282,الطاجن جي دافي خالص اول مره يكون كده👎🏻
283,covers were missed !!
284,ناقص شطة وتقلية والكشري اتأخر وبارد
285,الكشرى والطاجن بقوا زبالة لا طغم ولا شكل..المحل بيستخسر يخدم الحاجة ..رام غلوها..طعم سيء للطاجن والكشرى ..تجربة سيئة جدااااا وجعت بطننا
286,العلبة بتاعت الصلصة جاية معووجة و مكسورة و مدلوقة جوة الكيس
287,احجام علب الكشري قد بعض في حجم وسعر زياده!؟
288,الاكل وصل بعد ساعتين رغم انه كشري مش محتاج تحهيز يعني و الاكل وصل بارد جداً
289,تمام
290,the hot sauce didn't arrive
291,بعت من غير صلصه
292,The order took 2 hours to arrive and was cold
293,وقت كتير علشان يوصل واصل كيس شطه واحد و ملعقه واحده مع أن الاوردر في علبتين
294,ناقص ماكسى برتقال
295,وجدت ظلطه فى الاكل
296,"Cold koshery, one day old rice pudding, crushed salad container with spilled water in the bag, one hour late delivery!"
297,سوء معاملة من احد اشخاص الدعم الفنى و عدم التعاون و قلة ذوقه و عدم حل مشكلتى مع عدم مراعاة ظروفى و هى حالة وفاة زوجى و لن ارشح هذا الابليكشن لاحد
298,المرة الثانية اللى يحصل فيها انى طالبة دقة زيادة ومدفوع حقها ومش بتوصل مع الطلب
299,المندوب اخد الفلوس ومدانيش الباقي
300,I did not receive all my order
301,كشرى حادق جداً
302,Order us missing 3 creme caramel
303,الاكل وصل من غير صلصة و دى اخر مرة هطلب من عندكوا
304,"For some reason the salsa was hot which is not desirable to us. Also, we pay for extra salsa and we haven’t received it like many times before. Orders come missing something most of the time. This is our last order. Unfortunately we decided to not us..."
305,معظم العلبه مكرونه ، عدس قليل ، حمص قليل
306,ordered at 6 received at 7:30 !! ordered 3 boxes but had only 1 cover package sauce was not good 🚫
307,مشكلة في الرز بلبن لتاني مرة والكشري جه نصه واقع في الكيس
308,Max cola wasnot cold
309,late and cold
310,Zero supports
311,قطع الفراخ قللتوها اوي
312,"He was very disrespectful, and shouted at me on the phone and in my face to fix my location. He doesn’t have any manners at all, and called me random names, such as “يا حج”"
313,قليل الأدب الحساب ٩٢ بقوله مش لاقيه اتنين جنيه فكه انزل فك يقولي لا مش هفق وروحت أدور ملقتش غير جنيه بقوله خوده يقولي مش عايزه خليهولك انا ليا ٣ جنيه و قعد يبرطم قدام الجيران بعد ما قفلت الباب و رزع باب الاسانسير جامد ده مش متربي و مش صالح يوصل دلي...
314,الطيار محترم جدًا و متعاون
315,التورد وصل متأخر جدااااااا عن الوقت المتوقع من خلال الابلكيشن ودا مرفوض تماما
316,غالى جدا
317,انا طلبت سلطة و مجتش و حاسبت عليها ؟؟
318,الارز والمكرونة بارده وبايته
319,ممتاز 😍 🥰 😋
320,The
321,الاوردر موصلش اصلا و اتاخر اكتر من ساعتين لحد م كلمت المطعم و لغيته من عندهم
322,ل
323,One extra sauce was missing. And it’s not the first time. I don’t enjoy paying for something and not having it delivered.
324,Missing item
325,العلب مكنتش مليانة للاخر و كان فى عدس اصفر فى الكشرى و الطعم سئ جدا
326,علبة الكشري الي 33 جنية صغيرة كانها الي ب 20 جنية
327,Koshary components seemed to he not fresh
328,ليه الاوردر يجي بجد ساقع ؟؟ ده جنب البيت و الصلصة ساقعة اكنه جايبها من الثلاجة؟؟ بجد حرام عليكم انكم تنكدوا علي الواحد كده
329,ممااز
330,الاكل كان سئ و الاوردر مدلوق ف الاكياس و بجد اسواء مره اكلت فيها من عندكم
331,اللورد ناقص شطه
332,Fresh and good quality. Tawagen is very healthy as well
333,الكشرى والازر بلبن جايين مقلوبين جوه العلب
334,"No cover or spoon, no sauce"
335,بارد
336,الديليفري سئ جدا وخدمة العملاء اسوء
337,late delivery not hot
338,الاورد جالي بالمنظر ده...؟...................
339,Mossing order
340,كله 100%
341,الطلب موصلش اصلاً
342,طاجن اللحمه اتغير بطاجن فراخ و الصلصه كان عددها أقل من علب الكشرى
343,اللحمه بايظه
344,العلبه كلها مكرونه حلجه يعني تقرف لما تجيب علبه ب ٤٠ جنيه و برضو بيشغلوا دماغهم
345,ده اسمه نصب ر سرقه انا طلبت 2 علبه ب 20 جنيه + 1 علبه ب 30 جنيه جالي علبتين ب 20 في علبه بلاستك و علبه الي كان المفروض تبقى ب 30 في علبه كارتون لكن نفس الكميه بالضبط بالظبط بالظبط يعني انت بتدفعني 10 جنيه زياده عشان تجيبلي الكشري في علبه كرتون بدل ب...
346,ناقص معلقه
347,الصلصة جت كيس واحد مع علبتين
348,ساعتين علشان علبة كشري!!! حاجة تسد النفس.. والتطبيق المتخلف ده مفهوش اي وسيلة خدمة عملاء
349,الاكل مكنش حلو اطلاقااا
350,I ordered extra lentils and I received it not in the little container but falling in the plastic bag and this is not acceptable and also they forgot the dokka sauce in the order
351,حاجه تزعل استنى اكثر من ساعه ويطلع الاوردر ناقص في الاخر
352,الاوردر جه من غير وجبة الاطفال و ناقص واحد صالصة و الطيار رجع جابهم كان باقي الاكل برد و ناقص ٣ V كولا انا لسه فاكرهم بعد ما خلصت اكل
353,لعبة الاطفال مش موجوده
354,ناقص صلصة في كل على الكشري
355,disgusting food quality and order came wrong
356,Missing order and terrible customer service from both sides
357,الفراخ في الطاجن محتاجة تكتر
358,"The pasta with meat was absolutely disgusting, but he pasta wasn’t cooked and hard and there is no menaced meat just red sauce and SO much onions"
359,delivery is very very bad....................
360,مكنش الطف حاجة ف الميعاد وكان ف خطأ ف السعر بزيادة
361,Your system deleted 1 macaroni from the receipt the receipt counting is wrong
362,delivery is bad
363,حاجات ناقصه
364,It takes them two and a half hours to deliver my order
365,مش بيطلعوا الاوردر بسرعة
366,late dilevry and very bad taste
367,Totally impolite and order didnt arrive for more than 2 hours
368,الكريم كراميل طعمه كان غريب شويه
369,the order misses crispy toast and included in invoice
370,الاوردر موصلش اصلا ممكن حد يكلمني من الابليكشن ضروري
371,Missing item on the order….
372,I ordered 3 boxes and got with them only one small sauce
373,كان مضايق لانة كان بيفك الفلوس
374,مفيش معلق خالص في الاوردر
375,الاوردر جه متأخر ساعة كامله
376,طاجن المكرونة بالفراخ جه من غير فراخ والاوردر اتأخر جدا
377,الرز بلبن مكانش طازة والعيش المحمص كان شارب زيت ووحش
378,المندوب وقح جداً ورفض يطلع لي الاوردر وعمل مشكلة كبيرة قدام البيت واتخانق مع كل الناس
379,مندوب سيئ جدا
380,الاوردر مكانش معاه صلصة
381,الاوردر ناقص التقليه والمكرونه مفتوحه ومدلوقه في الكيس ومنتهي الاستهتار بصراحه
382,جبت علبه صلصله زيادة كبيرة و جالى واحدة بس مع الكشرى منغير الزيادة الطاجن فى بصل كتير كدا بخلطه غريبه مكنش بيبقى فى كميه البصل دى
383,The order was not delivered
384,I didnt receive the order and money was deducted from my visa. Please send the order or refund my money
385,Missing items No garlic in the order
386,الاكل بايت ووحش جدا
387,الاوردرات جميلة وكل حاجة تمام
388,ما فيش صلصة مع الاوردر
389,Helw
390,بجد جوده وتوصيل زفت جدا ليه اطلب الاكل اجي الاقيه كلو واقع ف شنطه بسبب دليفري اوي مفيش نظام خالص
391,very good
392,Nn
393,👍
394,الكميات فى العلب قليله
395,order was not full. i ordered extra toast and salsa and they forgot them
396,طلبت نوع كولا معين جالي غيره
397,الاكل كان سئ بصراحه
398,To late order 2 hours !!!
399,سلوك الطيار سى والادور جه مدلوق ومبهدل جدا
400,delivery attitude
401,كله حلو بس طلبت رز بلبن نوتيلا جاتلي باللوتس!
402,Missing plate
403,The order arrived spilled in the bag
404,الاكل كان حلو بس جه ناقص صلصه
405,الاوردر لم يصل كامل
406,جايبنلى الاكل منغير معالق ليه بجد هاكل ب ايه ????
407,سيئ وجاف
408,طلبت طاجن لحمة مفرومة جالى طاجن فراخ
409,الاكل جاي بدون صلصة كل حاجه موجودة الا الصلصة المفروض اكل ازاي دلوقتي
410,الكل كله مدلوق بره العلب والكيس مقفول عليه
411,الاكل ممتاز و المندوب محترم.
412,the late is from the driver
413,Tooo late delivery & not good support
414,الأوردر ناقص و الدعم قال انه حيرجع يكمل الأوردر و الدليفري لا يرد على الموبايل
415,اتاخر و وقف في مكانين لمدة طويله جدا و لحد دلوقتي مافيش حاجه وصلت
416,الاكل جه من غير صلصه
417,الطاجن كان اكله مش اد كده والفراخ كان طعمها مش حلو
418,Very bad experience never will order from this shop also willnot use this app Very bad at all
419,الاوردر غير كامل
420,الاوردر موصلش والفلوس اتسحبت فيزا
421,ناقص أكياس البصل لكل العلب
422,taste is so bad not as usual
423,ديما يجي ناقص التوست والسلطه وبندفع ثمنهم ومش بيجو
424,الصلصة ناقصة برجاء التعويض وتم رمي الوجبة بالزبالة
425,الكشري جه مفيهوش تقلية ولا جاب كيس تقلية معاه
426,فشيخ
427,"I want to make formal complain on this order as it has been cancelled but it’s status is delivered, fees has been deducted and nothing delivered!"
428,Food delivered Cold
429,I received a receipt of value 145 while you charged me from my credit card 179 Egyptian pounds
430,لقيت زلطه في الكشري كانت هتكسر اسناني
431,فيه علبة ٤٠ جنيه ناقصة
432,غير جيد
433,كان في شعر في الاكل
434,الكشري جايلي معجن برجاء تعير الاوردر
435,طاجن مكرونة اللحم جاى نى مش مستوى
436,بقى سيء جدا
437,الصلصة والبصل قليلين جدا علي الحجم زودوا شوية
438,حلو بس مش اشد حاجة . ابو طارق اشد بالنسبة لي بس تجربتي في ابو طارق كانت في المطعم مش ديليفري. سيد حنفي جرّبته ديليفري.
439,يرجى مراعاه التأخير
440,الارز باللبن سيء جدااا
441,الاكل لذيذ، بس حجم البصل والعدس والحمص قليلين جدا
442,الانتظار أكتر من ساعتين مع خدمة عملاء سيئة من قبل المنيوز
443,مش سريع
444,جامد كيك bs el akl geh met2akhr shweya bs 3ady Kan gamed
445,نص ساعه تاخير في الطلب
446,تاخر شدييييييد ف التوصيل،، ساعة بعد معاد التوصيل المحدد عالتطبيق الاتصال اكتر من ٥ مرات لتحديد المكان للطيار.. بالرغم من وضوح العنوان ف الحساب، و بالرغم من التوصيل لنفس المكان ف مرات سابقه
447,الاوردر موصلش اصلا علشان اقيمه
448,very bad application
449,طلبت من ساعة تقريبا والاوردر ناقص للاسف عادة بكون افضل والصلصة جدا قليلة تلت علب على كيس صلصة واحد
450,الصلصة قليلة جدا
451,I didn’t receive the extra chili and daqa and i paid for them…
452,late delivery
453,وحش جدا الكشري مكرونه بس مافيش اي مكونات الكشري
454,The box opened and the food got spilled in the bag
455,تم استلام اوردر ب ٦٠ جنيه لعميل اخر بدلا من اوردري الذي تكلفته ١٤٢.٥ وتم التواصل مع خدمه العملاء لاستبدال الاوردر وفي انتظار الاوردر الجديد
456,انا مش اول مره اطلب من سيد حنفي احنا بنتعامل معاه من فتره كبيره و المره دي الاورد كان وحش كده جالي مقلوب و في حجات ناقصه و كان طعمو مره ياريت الاوردر المره الجايه يبقي احسن👍
457,الاوردر كله وصل مقلوب على بعضه
458,شعر في علبه الكشري ومش اول مره
459,الاكل مدلوق في الكيس
460,الدقة الاكسترا اللى دفعتها زيادة مجتش مفيش صلصة مع الاوردر الاوردر اتأخر جدا
461,بقي غالي قوي
462,الكشري وصل بارد والطعم سئ
463,الاكل كان حلو الحقيقة بس الاوردر جالي بعد ساعتين الا ربع وكل شوية اتصل بالمطعم يقولي الراجل جاي في الطريق واكلم الراجل يقولي ٥ دقايق بس. كان في بعض المشاكل البسيطة في التغليف بس مش مشكلة.
464,احسن كشري في مصر
465,طالبة ٢ رز بلبن مجوش مع الاوردر
466,تاخير الاوردر
467,تحفة و الأكل مشوفتش انضف ولا اطعم منه
468,I received the order after 2 hours !
469,الاوردر موصلش لحد دلوقتى
470,المكرونة مش مستوية
471,Very
472,انا مش فاهم لما تطلب ٢ طبق كشرى معاه ٢ عدس و ٢ تقلية، ازاى دى معادلة صعبة؟ نفس الاوردر يطلب اكتر من مرة و كذا مرة يجيب غلط لدرجة مرة طبق كشرى اللى هو طبق رئيسى مش الاضافات يجي واحد ناقص. انا مش طالب قبل و لا اثناء وقت الفطار علشان محدش يخترع أعذار.
473,no tomato sauce
474,حجمها صغير جدا
475,خدمة سيئة وطعم الله يسامحهم
476,Very small portions
477,اسوا طعم كشري في حياتي كلها وانا ٣١ سنه
478,طالبه علبتين جاتني واحده
479,كان احلي من كده قبل كده الكشري المره دي مسلوق
480,الاوردر ناقص رز بلبن كبير ، من فضلك انا محتاجه
481,incomplete order
482,فى واحد سلطه ناقص و محاسبه عليه
483,الحمص كان بايظ و الطبق كان مخروم من تحت فكل الدقة وقعت برا الطبق
484,excellent
485,غير أن المندوب غير لائق
486,الاوردر اتاخر اكثر من ساعتين و جاي مقلوب في الكيس و سوء معامله غير طبيعيه
487,اسوء التجارب استني اكتر من ساعه ومبحبش ومش اول مره ومواعيد مقرفه ومفيش احترام للعميل ولا للطلب
488,البصل المقلي الطازة احلى بكتير، ياريت ترجعوه
489,Missing an item
490,The order came without the maxi-pineapple drink.
491,حاجه اخر حلاوة ... كشري جميل و نضيف. حاجه اخر حلاوة ... كشري جميل و نضيف.
492,الاوردر ناقص
493,الاكل وصل مدلوق و الصلصة مدلوقة
494,وقت طويل جدا
495,بعد ساعتين تأخير الطلب وصل غلط وردهم هنعمل طلب جديد وننتظر الطلب حسب توافر المندوب!! و المفروض اقبل واستني او اقبل بالطلب الغلط ، آخر مرة هطلب منكم انتم فاشلين
496,The actual prices of the items of my order were different from those enlisted in el menus app
497,اسوء معاملة
498,قللو الصلصة للاسف
499,الاكل جه مدلوق في الكيس، اربد طلب اخر او ارجاع فلوسي
500,الطيار مش عايز يطلع يسلم الاوردر في الدور المطلوب لأن معاه اوردر تاني
501,طلب مقبول لكن بوجود بصل أكثر يكون أحلى
502,الاوردر جه ناقص
503,كنت طالب شطه زيت ماجتش وكمان كيس الصلصه كان مفتوح ومغرق الدنيا
504,Very bad quality everything is messed up inside the plastic bag!!!
505,التغليف للاطباق الرز بلبن سيء جداااا و اتدلق عليا علشان مش ملفوف
506,Order was more than one hour late
507,The best ordering experience I've had. beats every premium restaurant.
508,العدس قليل جدا
509,كان فيه واحد سلطه كبير مجاش
510,my daughter got very sick
511,تاخير مش طبيعي استني علبة كشري ساعتين ليه
512,Didn’t receive the creme caramel
513,كل الاختيارات صح جدا
514,صلصه كانت حمضانه
515,اكل مستواه نزل الطعم مش زي الاول
516,2 and a half hours to deliver a very small order. Food was fine.
517,الاوردر موصلش لحد دلوقتي كلمت المطعم قالي ان العنوان غلط وانه كلمكم عشان تتواصلو بيا ومحدش كلمني
518,خدمه وسخه ساعتيين علي ما جه من غير دقه او معالق
519,طيار طريقته وحشه جدااااا وأسلوبه مش حلو ومش راضى يطلع اوردر عشان بيت مفهوش اسانسير اختاروا ناس إلى تشتغل معكم
520,العيش المحمص لم يصل
521,Quality was so bad
522,اكل بارد توصيل متاخر وخطأ ف رقم الشقه انا كاتبه شقه ٢ الدور الارضي والدرايفر كان طالع فوق
523,متاخر ساعة والاكل طعمة سئ جدا جدا والصلصة عبارة عن مايه
524,the order has been spilled while delivery
525,الدقه حمضانه فى كيس حمضان و طبعا فى طبق كامل اترمى فى الزباله
526,"Cold Food, order delivered after 2 hours while the estimted time was 35 minutes only."
527,تاخر التوصيل
528,الطلب وصل من غير الدقة
529,الاوردر جه بارد جدا + ناقص 2 عيش توست
530,زاي الخاره ومعفن بيتاخر علي الطلبمعفففففيييبيبببن
531,Awful This might be the worst koshary I’ve had The tomato sauce was a disaster Crème Carmel that I could even swallow
532,"man arrived 15 mins late and when he gave me the food, I said ""thank you"". He didn't even look at me and left without saying a word. That's just rude. The food is really good though there's not any onions in the koshary. That was sad."
533,دلوقتي انا طلبت اوردر وجه ناقصه تواصلت مع منيوز قالولي هيوصلك الناقص حالا ومفيش حاجه من ساعتها
534,طلبت اربعة كشري جالي من غير تقلية نهائي
535,الكشري جيه من غير تقليه
536,الطلب جاي ناقص 3 علب صلصة كبيرة و مدفوع تمنها اونلاين( مسبقا )
537,اتي غير المطلوب بثمن المطلوب
538,Little tomato souse
539,"وجود اوريو فالاوردر بالتشوكلت""منتج مقاطع"""
540,عندي بس مشكله انو الدليفري كان بيطلب مني ٢٤٥و الحساب اللي مبعوت ليا كان ٢٢٥
541,I didnt receive the toast and payment was done including the toast
542,الوجبة جت بدون لعبة
543,فى علبة جت مخرومة من تحت و بهدلت الاوردر و بهدلتنا
544,الاوردر _جاي من غير و لا دقة و لا شطة و لا معالق _في طبق من اطباق الكشري الي ب ١٧ كان في شعراية
545,غير طازج
546,الاوردر جي من غير صلصة و من غير شطة و علبتين كشري جي معاهم علبة دقة صغيرة ... حاجة في منتهي القرف
547,شكرا جدا
548,I didn’t receive my order
549,طلبت حاجات مميزة في الاوردر جاني زي ما المحل بيبعته لاي عنيل
550,food wasn't good
551,Didn't receive it and food too cold
552,الاكل مش طازج ومعجن وبارد وسي جدا
553,ما شاء الله جميل
554,الكشرى كان حمضان
555,الاوردر اتأخر جدا والفرع جمبي
556,"food needed salt, is abit pricy for the portion/quality"
557,My order is not complete
558,Very late
559,order not deliverd
560,العلبة كانت مخرومة
561,Delivery delay
562,الاكل جه ناقص علبتين
563,لم اقدر التواصل مع احد
564,موصلش اصلا
565,موصلش الدقه والشطه وكنت طالبه صلصه اضافيه موصلتش
566,أسوء تجربة كشري وأسوء كشري فى مصر جايلى علبة كشري عبارة عن مكرونه فقط ومفيش ولا عدس ولا رز ولا تقلية ولما كلمت خدمة العملاء أسلوب قليل الذوق ورفضوا مساعدتى
567,الأكل وصل مقلوب وبارد جداً.. وأنا فضلت متابع الطيار عل خريطة، لقيته استلم الاوردر بتاعى ولف بيه مدينة نصر حرفيا من شرقها لغربها وبعدين من شمالها عند الاوتوستراد لأقصى الجنوب، وصل قرب محور الشهيد.. وانا اشتكيت بس الرد اللى جالى انى لازم استنى لحد لما
568,علب الرز بلبن جت مدلوقة ومبهدلة الكيس
569,I received the order without the salad
570,جالي تسمم والتهاب بالمعدة والامعاء اول واخر مرة اطلب منهم حسبي الله ونعم الوكيل حرفياً كنت بموت وربنا نجاني
571,جاب صلصة رغم اني قلت مش عايز صلصة
572,الطواجن المكرونة مش مستوية و سىء جدا
573,ممتاز ممتاز جدا
574,"Restaurant handed the order to the delivery guy after an 1.5 hours, they kept him waiting all this time for no reason. Thanks to the delivery guy who tolerated them"
575,اتاخر جدا جداا
576,Ohh
577,تأخير اكثر من ساعتين في تسليم الاوردر
578,اللحمة حامضة و الاطباق مدلوقة
579,الاكل ( شوية كشري) قعد ساعه ونص عشان يوصل والطيار الرقم اللي حاطه مش رقمه اصلا والدعم الفني حافظين شويه اسكريبتات وتحس انك بتكلم بوت ومستحيل توصل لمعلومه منهم
580,طلبنا الوسط أبو ٣٥ مفيش عدس مفيش بصل و الطعم عادي جدا تجربة بايخة و مش حتتكرر انا عطيته ⭐️⭐️ عشان كان فيه رز و شطة
581,"Didn’t send any fried onions, very low amount of lentil and hummus overall experience not so good"
582,اتاخر ساعتين
583,علبه الكشري جزي كبير منها فاضي
584,Late delivery with very bad taste n cold food
585,احلي رز بلبن في العالم
586,معامله سيئه
587,المكسرات مش طازة و طرية
588,الاكل غير ساخن
589,الرز باللبن ما جاش
590,عشره من عشره ونجمه
591,كل مرة كدة الاوردر جه ناقص برضه
592,very late and not good quality
593,The bigger box was not proper that there was leakage from it
594,كميه الفراخ قليله جدا
595,عشره من عشره و نجمه
596,الاوردر اتأخر اكتر من ساعة وكمان جه غلط
597,وقت الانتظار طويل
598,Didn’t receive the salad and creme caramel
599,ما فيش معالق مع الاوردر
600,نص العلبة السوبر ستار مكنتش موجودة اصلا
601,وحش خالص
602,missing food
603,Good ting
604,الفراخ والمكرونة لم يكونوا مستويين بالقدر الكافى
605,10/10 و نجمه
606,الاوردر اتاخر قوي
607,الأودر اتأخر ساعة ونص ووصل بارد جدا وفي علبة ناقصة ومتاكل منها
608,Very small portion compared with the price of the small one and the oven milk pudding didn’t come
609,الاكل بايظ
610,الاوردر مجاش و مش عارفه اوصل لخدمة عملا مرسول ،، حد يكلمني ي جماعه عايزه فلوسي 😡😡😡😡😡
611,طلبته منغير حمص وجالي بحمص برضوا 😡
612,الاوردر جيه ناقص التقلية الكبيرة
613,..
614,If they replaced Oreo with borio it will be much better and the driver 💯/💯
615,هو طعمه حلو جدا زي كل مره بس كنت حاسه ان علبه الكشري شكلها مختلف عن كل مره
616,الاكل وصل بارد جدا جدا ومتاخر جدا جدا
617,I have orderd at 3:30 and order arrived at 5:30
618,الكشري بارد جدا جدا جدا جدا جدا
619,لا تعليق
620,الاورد ناقص
621,حلو جدا
622,جه من غير صلصه
623,خدمه الدعم ووقت التوصيل سئ جدا
624,اكل جاي من غير ولا صلصه ولا دقه ولا شطه ولا اي حاجه حاجه تقرف بصراحه
625,it's taken more than two hours
626,المره دى الكشرى وحش جدا فى حاجه حمضانه و بايظه غالبا الصلصه
627,الاوردر غلط
628,تخفهه
629,I paid for two cans and I got only one
630,Driver was very rude and didn’t even respond back when I asked him if I got his money right.
631,عدم وجود السلطة
632,الاوردر حراق جداا والفراخ بايظه اصلا كانها حمضانه تجربه زفت انا عايزة استرد فلوسي ف لسرع وقت
633,اسوء كشرى اكلته ف حياتى و اخر مره ان شاء الله.
634,تاخير التوصيل ووصول الأكل بارد
635,انا مستلمتش الاوردر اصلا
636,قعد اكتر من ساعه علي علبتين كشري
637,الاوردر لسه مجاش
638,يجب وضع الصلصه تكون مناسبه لحجم العلبه
639,The order was awful and the delivery is very late and awful. Very bad experience.
640,الكشري كله رز ومكرونة مفيش عدس يعتبر
641,الاكل مقلوب جوا العلب
642,توصيل زفت
643,فشل
644,Super disappointed waited for the order soooo much
645,M
646,التوصيل كام في الميعاد المكتوب بالظبط
647,حلو
648,Keep up the great progress💗💗
649,متأخر جداً
650,missing spoons for puddings
651,Horrible taste and packaging with very late delivery
652,الاوردر جالي غلط و رجعتو
653,الدليفري كلمني كذا مرة وفضل يعاكس وحاجة منتهى قلة الأدب ولما اكلم المطعم عشان اشتكي يقفلو السكة في وشي وتعاملهم قذر لو كان ينفع مديش rate مكنتش اديت والله
654,وقت توصيل سي جدا بيرن بعد مستلم الاوردر بساعة
655,كنت طالب صلصه ذياده حسبوني عليها ومجتش مع الاكل
656,Vommitted the koshary after a few hours of eating it! + the rice with milk nutella was badly packed and was tilted to one side but it’s taste was fine
657,my food hasnt arrived yet
658,I didn't get the order and amount deducted from me . and the delivery man refused to deliver my order
659,👍🏻
660,مطعم محترم جدا
661,عندي مشكلة مع اي دلفيري عندك مش بيوصل لنقطة اللي انا حطها
662,I received 2 extra rice pudding
663,المكرونه ناشفه
664,توصيل في مده كبيره جدا
665,ناقص ملح جدا مينفعش يتاكل
666,Haven’t received the order
667,توصيل سياء
668,الكشري عباره عن رز وشويه مكرونه
669,الاكل حلو بس الاوردر دايما بيجي ناقص الدقة الزيادة
670,انا مجاش ليا الدلفيري اصلا يا فندم
671,v good as usual
672,لم يتم تنفيذ طلبي بدقه وتم اضافة مكرونه علما باني اوصيت بعدم اضافتها
673,الاكل جليلي بارد وكنت طالبة ٤ اطباق الاوردر جالي ناقص كشري و رز بلبن و كلمت الدليفري تواصل مع الفرع و الفرع مكنش متعاون ابدا و بعد جدال اكتر من ساعة قالوللدليفري انت ليه متاكدتش من الاوردر بصراحة تجربة سيئة جدا
674,👍👍
675,الطلب لسه ماوصل الدرفزي راح مكان تاني
676,مكرونة مستوية او محروقة
677,المكرونه لم تكن ناضجه ولم يكن هناك غير قطعتين من الدجاج ولم تكن تجربه جيدة في المجمل.
678,المكرونه كانت اكتر من الرز
679,الخدمه زباله
680,يوجد ٤ علب سلطة ناقصين
681,He shouted at me
682,pasta with meat wasnt cooked well and no meat its all onion . koshary ha no tast at all dakka was water with chilly . i dont thi k i will try it again
683,With out tomato sauce we need Cs to call me
684,"Driver picked up the food from the restaurant and stayed for almost 30 mins with the food and I could see on the tracker that he picked it up and stayed in “craft zone” for a while with the food, and when he arrived all he said was “ I am sorry “ he ..."
685,الكشري كان فيه ملح زايد بشكل واضح
686,الدليفري حجب الفاتورة و اخد زيادة في السعر ورفض يطلع يوصل الاوردر ونزلنا نستلم منه الاوردر الاوردر من غير فاتورة
687,رائع الاكل طازج
688,الاكل كطعم حلو اوى ...خفيف على المعده ..التغليف ولا اروع ..تجربه ممتازه ولا اروع
689,It was only pasta
690,الكشري جاي ناقص من غير علبه صالصه
691,امبارح الأوردر مجاش و مفيش حتى حد اتصل عشان يعتذر !! عدم احترام للعميل
692,الاوردر جي غلط
693,تسمم
694,G
695,اكل استغفر •اللّـہ̣̥ والطواجن كانها بايته اقسم بالله وبارده كمان وتحديدا الفراخ
696,Driver very good
697,االلعلبه التالته جاتني ومكرونه من غير أي حاجه
698,الكشري لايوجد عليه صلصه و مفيش صلصة جات مع الاودر
699,معندهمش ستاندرد يا اكل حلو اوى يا معجن !!
700,ناقص علبه سلطه كبيره
701,الاكل موصلش لحد دلوقتى
702,كان طالب ٩٤ و الحساب ٩٠ و مش مديني الفاتورة ده غير الأكل كان صغير قوي
703,حاجه زفت الاكل مجاش اصلا
704,تأخير
705,don't deliver spicy sauces
706,They forgot spoons
707,وصلي العلبة الوسط و انا طالب الكبيرة و اوردير متاخر واحجه وحش جدا بجد
708,سئ طلبت اتنين كشرى ووصل واحد فقط
709,الطعم بقى سئ جداً مش زى الأول. مفيش الاهتمام زى الأول
710,الاوردر ناقص ،
711,حاجه تقرف اوردر جالي غلط لا يمكن اطلب المطعم ده تاني
712,الكشرى جاى من غير صلصة طمام
713,It took 60 minutes to deliver food within Rehab… Work better!
714,الاكل ممتاز ووصل بسرعو
715,الطعم سئ
716,الكشري المفروض بيجي معاه دقة و شطة و مجلناش ولا حاجة إلا الصلصة بس.
717,العلب مكسوره
718,سيء جدا طعم و جودة
719,تم طلب ٤ ارز بلبن و تم توصيل ثلاثة فقط
720,Missing Tomato salsa
721,الاوردر لم يصل ومفي؛ اي اعتذار
722,السلطة الخضراء وصلت حمضانه
723,الاكل جيد بس التوصيل وقت طويل جدا
724,N
725,الاوردر جه تاريخ الصلاحيه باقي ليه يوم واحد
726,there were no difference between 30 and 40 sizes
727,العلب صغيره
728,الاوردر جاي ٧ علب كشري و علبة صلصة واحدة بس
729,مفيش تقلية و مفيش خدمة عملة محترمة
730,مستلمتش الاوردر بسبب تأخره ٣ ساعات ونصف
731,الصلصة قليلة بالنسبة لحجم الطبق
732,الاكل اتأخر جدااا بس الدليفري مان كان ذوق
733,التوصيل بطيء
734,The crispy toast wasn’t received and i paid for it
735,جميل بس الطواحن الفراخ مش لطيفه
736,أسوأ تجربة و مش هكررها تاني وحش جدا افضل حاجه التحرير
737,I received the wrong order very lateee
738,the order didn't arrive
739,كمية الفراخ قليلة جدا مقارنة بالسعر
740,Items missing
741,The restaurant deliver the food too too late
742,لما بتطلبه من عل منيوز بيجي في اكتر من ساعة و نص
743,الكشري جاء بدون صلصلة تجربة سيئة جدا
744,هو الطلب مجاش اصلا وكانت تجربه سيئه جدآ من المطعم ومش اول مره يحصل كده
745,كان في غلطة في الاوردر و طلبت التعديل و تم الرفض
746,late order
747,إعملوا طاجن الفراخ بالموتزاريلا
748,٢ أرز بلبن كبير
749,مفيش صلصة مع الاوردر
750,الاوردر وصل بعد ساعتين وطول الساعتين الطيار يا مش بيرد يا بيكنسل
751,الاكل جة ناقص
752,"some smashed packaging, late driver delivery"
753,الاكل كان حمضان بجد
754,تعامل زى الخره طيار كداب و قليل الذوق، طبق كشرى فى ساعتين زمن و هو بيسلم الاوردر بيقولى اضربنى احسن
755,ممتازه
756,كنت قايلة انه يحط
757,lentils and rice were very few and there was 45 mins delay!
758,خطير موضوع سكوتشمنت ده .. يعجبني اللي يهتم بالتفاصيل دي
759,اسوء كشرى فى مصر
760,food arrived 50 minutes late and it was cold.
761,السلطة كانت حمضانة
762,مش معقول الاقي شعر مرتبن في الاكل ورا عدم نضافة ومفيش اي اهتمام بالتغليف حتي ..فرع مقرف دا حتي في مكان لوحده ورا المول في مكان سئ
763,طبق من جوه جه ناقص وده كان طبق ب٤٠ جنيه مكنتش مصدقه والله المنظر وبعتين واحد دقه لطبقين ده هيخلين اعرف ان طلب من الابلكيشن هيجى اى كلام اما الطبق التانى مشاءالله ارز بس وحبه مكارونه
764,مفيش كشري اصلا عباره عن نوعين مكرونه فقط ! اسوأ تجربه فعلا
765,الطلب تاخر ساعتين ..وكل ما نتصل بالمطعم او الطيار لا احد يعطي سبب واضح
766,اوحش مرة اكل فيها من سيد حنفي مع العلم انا زبون دائم للمطعم
767,driver refused to come to my address
768,الطعم حلو و لكن الكمية قليلة
769,مجبوش صلصة مع الكشري
770,اكتر مطعم محترم في مواعيده اتعاملت معاه علي الابلكيشن
771,الاوردر اخد وقت طويل جدا و أكثر بكتير من الوقت المتوقع
772,تاخير زيادة عن اللزوم
773,مشكلة فى طلب المياة
774,زفت
775,ممتازة
776,توصيل بعد ساعة و نصف
777,البصل مش كويس مجلد وناشف
778,الاورد لما يصل و خدمة سي جداااا
779,جميل . و شكرا عل الخدمه الرائعه
780,ممتاز والاكل جاى سخن
781,الأكل كان مفيهوش ملح خالص
782,الاوردر وصل نقص حاجه بس جيد
783,العلب تلتها فاضي هو في ايه!!!
784,اللورد لم يصل حتي الان
785,ذي الزفت
786,صلصة الطماطم زفرة طعمها زي السمك، بجد طعمه غريب وزفر
787,العلبه فاضية ناقصه كتير اوي بس الدليلفري محترم وسريع
788,Always late nothing special to delay orders
789,يعني ايه انا باكل و القي زلط في نص الاكل
790,مجبتوش صلصه للكشري معرفش ازاي 😡😡😡😡
791,ناقص الدقه والشطه أساس الكشرى
792,الطلب ناقص !!
793,متاخر شويه بس الاكل سخن
794,بصراحه كل حاجه جميل جدآ
795,تسلم إيدك بجد
796,ممتاز 🤩😋
797,التوصيل سئ ومتأخر جدًا و منيو سيد حنفي محتاج بعض التعديلات لإن الأسعار غالية نوعًا ما
798,it took almost 2 hours for the order to arrive.
799,خدمة الدعم سيئه جدا اولا بيحدد معاد الاوردر هيوصل فيه و مفيش دقه بيقول اي كلام علشان يسكت العميل و خلاص
800,بالنسبه للعلب كلها عباره عن مكرونه وقليل من الارز ومفيش تقليه ولا حمص من الافضل يكون محل مكرونه فقط
801,الاوردر موصلش بعد ساعتين ونص لغيته .. قمة قلة الذوق من المطعم والابليكيشن .. مفيش ابجديات خدمة عملا
802,Perfect
803,الاكل جاي ناشف جداا و مش فريش مع اني موضحة اني عاوزة الاوردر فريش و سخن
804,ممتازة جدا اااااااا
805,بب
806,a large piece of plastic found in food.
807,يعني مش يكفي انه الطبق بقى غالي كمان زيرو كواليتي وطبعا كميته مع سعره غير مناسبين بالمرة والبصل اللي على الوش قليل اوي ليه كده بجد فين الضمير
808,Add more chili sauce and lentil for big star
809,رائع بالتوفيق
810,التوصيل اخذ أكثر بكثير اوي
811,Didnt recieve it
812,Arrived literally cold
813,طلبت الاورد ساعة ونص مجاش وفي الاخر انا اللي نزلت اخدت الاوردر من المندوب قدام المطعم وصورته وواخدين ثمن الدليفري نصب
814,"Not the best Koshary, but it was okay. Could be nice to be able to buy some more onions on the side. Lotus rice budding is pretty good."
815,اسوء تجربه من السيد حنفي
816,Order had 2 missing items
817,…
818,الاكل متلخبط ومافيش ملاعق مع الاوردر
819,سئ جداااااااا الاوردر وصل ٤٥ دقيقة متاخر عن معاد وصولة و كمان ده منظرها ملحوظة: العلبة دي تمنها ٤٥ جنية
820,سئ سئ سىء سىء سئ سئ سىء سىء سئ سئ سىء سىء سئ سئ سىء سىء سئ سئ سىء سىء سئ سئ سىء سىء
821,اي كلام
822,الاوردر اتأخر جدا وجه بعد اكتر من ساعه ونص وتم تجاهل الملاحظات المكتوبه مع الاوردر
823,اتخر شويه الطلب
824,Beautiful food and it was fast
825,العلبة كانت واقعه فب الكيس.. قرف
826,كشري مفيهوش رز ورز بلبن طالب باللوتس جاي بالمكسرات
827,الطيار محترم وهو السبب اني استلم الاوردر لو مش هو مكنتش استلمته لانه خدمه العملاء بتاعت سيد حنفي وحشه جدا تاخير في الاوردر وكلمت خدمة العملاء ردهم وحش جدا
828,It was one hour late !!
829,علبة تقلية لم تصل علبة صلصة كبيرة لم تصل
830,سعر الدليڤرى زيادة مع ان المسافة قريبة
831,الاوردر جالي ناقص وقت فطار رمضان و اتحرجت امام الضيوف…الابليكشن ماعندهاش اي حلول!!! قسم الشكاوي سيء جدا و اخر مرة اتعامل مع المنيوز
832,Too too late
833,التوست الناشف طعمه وريحته بايروسول رميناه، فرع الشروق
834,Na
835,NA
836,missing items delayed support response inconvinient solution
837,No utensils at all
838,Packaging was very bad
839,طعمه حلو كالعاده والدليفيري جيه بسرعه والاكل كان سخن
840,مفيش مرة اطلب من سئ حنفي ده الا و بحتضر بعدها
841,It took longer than expected
842,الكشرى جه من غير صلصه
843,The application (elmenus) needs to be accurate about the delivery fees you wrote something and the receipt from the restaurant was something else
844,i ordered extra utensils and i asked for removing ta'leya but neither of them happened
845,الاكل جي من غير شطه و دقه
846,Not enough da22a
847,Ignore my request
848,ابداااه
849,شكرا لاهتمامكم
850,ل تاني مره اطلب صلصة زيادة و متجيش
851,I paid for an Extra hummus while receiving no hummus at all
852,طاجن المكرونة بارد ومعجن وسئ جدا وغير مناسب لسعره نهائى
853,الراجل الدليڤري بعد ماوصل مكانش راضي يطلع الأوردر عاوز حد ينزل ياخده منه
854,الاكل كان بارد وطعمه سئ كأنه متسخن وكمان الاوردر وصل من غير صلصه ومعتقدش هتعامل معاهم تانى
855,اسوأ مره جبته منه اكل
856,طلب مختلف حجم اصغر بنفس السعر
857,تحفففففه
858,💓💓💓
859,المكرونه كانت نايه
860,طعم الكشري وحش اوي بس المكرونه حلوه
861,كنت طالبه صلصه و عدس زياده و مجاش حاجه منهم ، و قولت ان صلصه وجبه الاطفال تبقى بره و محصلش
862,الكشري مفيش فيه عدس كله مكرونه!!!! و سئ جدااا ملوش اي طعم
863,زي الزفت
864,مالوش طعم
865,Didn’t receive it
866,تاخير ساعتين
867,Food is cold
868,جميل جدا
869,كميه الدجاج ناقصه جداً جداً
870,Small portions but Delicious food
871,وقت التوصيل متاخر جدا
872,I didn’t receive the order and you canceled it and didn’t return my payments
873,شكرا سيد حنفي المشري ممتاز
874,someone ate from my koshary box before i got it!! there’s clearly a missing portion taken by a spoon
875,مفيهوش رز
876,Tajin was very bad this time
877,العدس قليل جدا باكل مكرونة مش كشرى
878,The extra’s I ordered was missing
879,الدليفري ده قمه ف قله الزوق اول واخر مره اطلب من خلال الابلكيشن ده حاجه
880,الطاجن سعره زاد جدا جدا ومفيهوش فراخ يعتبر والمكرونه معجنه وحاجه اخر قرف بصراحه حتي الكشري برده زبالة منصحش حد يجربه
881,الأكل وصل ساعة متأخر و اكلم المحل يقولي الاوردر جاهز و المندوب مش موجود و المندوب كان موجود و صورلي انه قدام المحل و خدمة عملة الابلكيشن الزفت ده مبيردوش خالص و بعد ساعتين جيه الاوردر و غلط خدمة زفت زفت زفت زفت و اخر مرة اتعامل معاكم
882,كل مرة بطلب الاوردر اضافة بصل و بيجي من غير بصل اصلا مش فاهم هيجي امتي مره صح !!
883,الكشري وصل ومفيش صلصلة ولا لوحدها ولا في العلبه حتى!!
884,The Food quality was really nice and the driver was good presentable as well
885,اسوء خدمه الاوردر جه ناقص مانصحش اي حد يطلب منه
886,الاكل كان واقع
887,Cold
888,الكشري مش احسن حاجة و التأخير مش طبيعي ابدا !!
889,Missing sauce
890,مكرونة معجنة ومش مستوية
891,الاوردر جيه ناقص و الدليفري اخد الفلوس كامله و لما كلمته قالي لو عندي بونس هرجعلك و لو لا انا مليش دعوه و محدش كلمني و لا الفلوس رجعت نصب باختصار
892,5 star
893,الاكل حلو جدا و الدليفرى محترم بس المطعم اتاخر جدا على ما الاوردر خرج منه
894,الاوردر جاي ناقص
895,he wanted me to go down pick up the order
896,المشكله كانت من المطعم مش الدليفرى
897,بيتأخر جدًا
898,Portions are too little
899,سئ جدا
900,بصل و عدس و حمص قليليين جدا كنت باكل رز بالمكرونه بالصلصه
901,Gg
902,الشطه باااااايظه
903,Late
904,باعت الاوردور من غير صلصله
905,علبة من الكريم كراميل مدلوقة
906,الاوردر جي ناقص العيش !!!!!!!!!
907,Food was too cold.
908,طلبت 5 علب ستار بلس و علبه ستار جالي 3 علب ستار بلس و 2 ستار
909,Packing was marvelous
910,الكشرى فيه شعر
911,Thnx
912,مجابش رز بلبن
913,جات سلطه بدل كريسبي توست
914,الاوردر ناقص و الاكل بارد
915,Amazing I liked the idea of adding the macros as well
916,Very salty
917,الاوردر كان ناقص
918,كل مرة الاوردر يجى ناقص حاجة و لو كلمتهم تانى يوم يوقلك مالكش حاجة عندنا يعنى بعمل اوردرات كتير وجاى انصب عليك فى واحده سلطة يا معفنين
919,الاوردر مش سخن
920,الاوردر ناقص الصلصة
921,بس الصلصه ع العلبه الكبيره قليله جدااااا
922,الاوردر جيه ناقص الصلصة
923,I need the reciept of the order urgntly
924,The food was really cold And the tast wasn’t good like the last time
925,Green Salad is not delivered
926,مش عارف ليه المرة دي الكشري كان فيه طعم غريب .. زي ما يكون كارف علي صابون او كان بارد و اتسخن .. انا حسدتكم ولا ايه 😁
927,الاكل كان بارد
928,I don’t know if they were mistaken or not but the their sizes were portions compared to the value and other restaurants
929,الاوردر كلوا غلط وحسبي الله ونعم الوكيل
930,الكشري جه بارد جداً
931,الاوردر وصل بعد ساعتين
932,Done
933,الفرع قريب من بيتي و لا يريد توصيل الاوردر لي
934,الاكل بايت وبارد
935,30 min late than estimated delivery time
936,نسيوا الدقة وماكانش ليه طعم طبعا
937,الفترة دي والدتي مريضة و بقالي اكثر من شهر يوميا باكل من فرع مكرم عبيد .. وكل مره الاكل بيكون نضيف و جميل ومفيهوش غلطة .. بجد لن انساكم ابدا .. شكرا لكم و شكرا للمينيوز .. ناس محترمين و شاطرين .. من اول اللي بياخد الاوردر لحد اللي بيوصل الاوردر .. وف...
938,Took so long
939,الاوردرات جيه من غير معالق طالب اوردر اكتر من 300 جنيه ومش جى معا معالق
940,الاوردر في غلط و المكرونه فيها قطعه فراخ واحده بس
941,مش سخن ما
942,اوردر ناقص و الكشرى كله مكرونة للأسف !!!
943,im so happy
944,كمية قليلية جدا على علبة سوبر ستار، الطعم حلو....
945,The food was cold
946,الشهر ده والدتي مريضة وتقريبا يوميا باكل من عند سيد حنفي فرع مكرم عبيد .. ربنا يبارك فيهم دايما ناس محترمة و اكلهم نضيف .. انضف كشري في مصر و انضف رز بلبن في مصر .. شكرا لكم و شكرا للمينيوز و شكرا لمندوب التوصيل راجل محترم و اخلاقه عالية .. ربنا يسعد...
947,Worst experience.
948,فراخ قليلة
949,مكنش فى شطه زيت
950,C
951,اتأخر حوالى ساعة الا ربع الطعم جميل ولكن رجاء استخدام عبوات صحية وتجنب استخدام البلاستيك مع الاكل الساخن لخطورته فى الإصابة بالاورام السرطانية لاقدر الله
952,الاوردر جاي من غير صلصله
953,افضل محل كشري الصراحه الاكل نحفه. .وجميل فرع السواح
954,الريفيو الخامس ولا السادس لفرع مكرم عبيد وكل مرة خمسة من خمسة 🏆 بجد مكان محترم و الاكل جميل 👌🏻 ومكنتش بحب الرز بلبن بسببهم بقيت بحبه بجد رهيبيييب 🏆 ويوم الجمعة بالذات الاكل بيكون ممتاز ❤️ شكرا لكم وشكرا للمينيوز وشكرا لطيار التوصيل ❤️
955,Rice pudding totally destroyed
956,الطواجن من أسوأ ما يكون .. ماتتاكلش المكرونة بايتة ومتسخنة و مجلدة
957,never recieved it.
958,الطاجن جيه مش مستوى كويس. و ريحة زفاره
959,الطلب جيه ناقص
960,في واحد توست مجاش 😂😂 نصبو عليا ف ٦ جنيه 😅😅
961,Very good
962,So cold
963,مقرفين جداااا والأكل وصلي في دود حسبي الله ونعم الوكيل
964,زي كل مرة خمسة من خمسة .. فرع مكرم عبيد .. احسن كشري في مصر .. و الرز بلبن بتاعهم النهاردة اول مرة اجربه .. رهييييب .. اكتر حاجة عجباني فيهم النظافة .. بجد الاكل بتاعهم طازة و نظيف .. شكرا لكم شكرا للمينيوز
965,الشطه كانت بايظه😡😡😡
966,ناقص
967,الاوردر وصل غلط وناقص
968,Ya
969,حاجه بسيطه لاكن حقكوا اني انبهكم انها حصلت الكيس اللي كان في الملعقه كان مفتوح و مفهوش النعناع اكيد هي مأثرتش معايه في حاجه بس لازم اقول
970,في طبق سلطه ناقص
971,كل حاجه كويسه .. كان بس محتاج زياده ف الملاعق و انه يوصل سخن عن كده شويه
972,توصل 27 جنيه ليه انشاء الله عايز سبب مقنع لحاجة زي دي؟!!!!!!
973,احسن محل كشري في مصر سيد حنفي فرع مكرم عبيد .. الكشري المرة دي كان تحفة فنية
974,👏 ☺️ رائع
975,ي
976,نعم
977,الطعم مش زي زمان
978,اول مرة يجي طاجن الفراخ بايظ و الكشري طعم وحش جدا للاسف المرة دي الاكل كان سئ
979,طلبت ٤ علب كشري قاعده ٣ ساعات مستنية و المطعم جنبي ٥ دقائق ! و دافعه مقدما كريديت كمان و في الاخر النصابين يقولك وصلنا الطلب و استلمتوه اسوأ مطعم و اسوأ ابليكيشن حاجه قرففف
980,هو الرز بلبن مجاش اصلا
981,الطلب مجاش اللى طلبته، جه حجم اصغر و دفعت فلوس اكتر
982,Ok
983,all I in all
984,الورد اتأخر جدا وعلبتين كشري جايين من غير تقليه خالص
985,❤️❤️
986,قلق زوق
987,The order havn’t come
988,💞
989,Late on dead line 1 hour
990,الأوردر مجاش اصلا
991,الفرع بيتاخر جدااا و بيعمل الاوردر فى ساعتين حرفيا عشان علبه كشرى و طبق رز بلبن،
992,Delayed then cancelled order اوردر يتأخر ساعتين و بعدها يتلغى تجربة سيئة الحقيقة
993,طيار في قمة الاحترام والذوق
994,طالبه سلطه ومجتليش😡😡😡
995,ً
996,الدليفيري جاي بعد ساعة الا ربع وانا مكلمة عشان رايح مكان بعدي والاكل جاي من غير معالق
997,I ordered 3 large rice pudding but i received small
998,Verrrrrrrry good actually 😋😋
999,Slow delivery
1000,اججججججججمد كشرى بجد غير ان افضل app اتعامل عليه menus روعة
1001,في مشكلة كبيرة حصلت
1002,خدمة سيئة جدا جدا و لن يتم التعامل معكم مجددا
1003,you have a delivery issue bothwith the time frame and the delivery guy
1004,الاكل ناقص
1005,حلو جدا و وصل سخن و الشخص الا بيوصل محترم جدا
1006,بياخد وقت طويل فالتحضبر ومفيش اي اهتمام من الابلكيشن برد المفروض التوصيل في 35 دقيقه جالي بعد اكتر من ساعة و نص
1007,المفروض مكتوب التوصيل في ٣٥ دقيقة مش ساعة ونص مش هطلب منكم تاني
1008,المطعم بيتاخر جدا في تحضير الاكل ولا في اي مساعدة من الابلكيشن ولا اهتمام
1009,مبلغ التوصيل
1010,الاوردر وصل بعد ساعة من الطلب
1011,الاورد لسه موضلش لغايت دلوقتي
1012,كان حلو
1013,الاوردر وصل في ساعتين و نص ، مش هطلب من عندهم تاني :)
1014,اسوا تعامل وأسوأ مطعم مافيش نظام ولا في اي حاجه أن أطلب اوردر من ٩:٣٠ولحد ١١ الاوردر مجاليش يبقي معندهكمش نظام ولا زفت بجد اخر تعامل ولغت الاوردر بجد نظام سء جدا جدا
1015,والله نجمة واحدة كتيرة لانه بجد بأه سيئ جدا ...الكشري بارد والكمية بجد قليلة مع اني طالبة العلبة اللي ب23..وطلبت زيادة مكرونة وواحد صلصلة زيادة مجاش حاجة منهم ومحسوبين في الطلب فعلا أسوأ مرة طلبت فيها وآخر مرة هطلب من هنا
1016,الاوردر كان ناقص اكياس معالق و مناديل الاوردر قعد اكتر من وقت و اطباق السلطه كانت مطبقه و بتسرب مايه و مش مغلفه كويس
1017,اسوء كشري .. وجع بطن و حموضة .. فعلا لايمكن اطلب منه تاني
1018,احله كشري اكلته
1019,الطلب ناقص
1020,متميز دئما
1021,الطعم
1022,لا ١٠٠/١٠٠🤩
1023,Overpriced compared to the portions
1024,البيبسي لم يحضر مع الاكل !
1025,السلطة مجتش مع الاوردر و مخصوم حسابها
1026,طالبة ٣ كشري بس جيه معاهم صلصة واحدة بس
1027,لو سمحت الطيار اخد الفلوس ومشي ومجبش الباقي لانه مكنش معاه باقي ومشي
1028,❤️
1029,الاوردر جه ناقص و متحاسب عليه في الريسيت.
1030,Thnxx el menus and thnx to captain khaled
1031,نسيو المعلقة 🙄🙄🙄
1032,العلبة كانت مخرومة من تحت والسوائل كلها اتصفت
1033,الاكل اتأخر اوي على بتاع الدليفري و مش طازة و سئ جدا
1034,اولا الكشري مفهوش جبة ولا بصل العلبة كلها عبارة عن شوية ارز ومكرونة !غين الكشري! بجد حاجة سيئة جدا
1035,اسلوبو زي الزفت عشان انا وصفتلو الطريق صح وراح طريق غير طريق . وطريقتو فالكلام زي الزفت شكرا
1036,الكمية قليلة في كل العلب مع العلم العلبة كبيرة ب 20 ج
1037,روعه
1038,البنت الا وصلت الطلب فى قمه الاخلاق والاحترام
1039,مندوب التوصيل عاكسني و حاجه تقرف
1040,الااكل جيه ناقص
1041,حلو اوووى
1042,الطواجن مش حلوه خلص
1043,الأرز باللبن كان مدلوق فى الكيس اللى جى فيه ووحش جدا بجد
1044,شكرآ
1045,كان الصلصة الزيادة مجتش واتحسبت
1046,الاوردر اتاخر بسبب نقص الخضار عنده والمنيوز كلموني واعتذروا عن دة.. غير كدة الاكل كان جميل
1047,the order isn't here yet
1048,مجاش اصلا
1049,فى حاجات ناقصه
1050,من المرات القليلة اللى اكل فيها كشرى وماحسش بحموضة بعدها شكلى هارجع اكل كشرى تانى :)
1051,👌
1052,الاورد وصفل في اكتر من ساعتين
1053,Took more than an hour to prepare 2 koshary plates and the restaurant is less than 10 mins away
1054,الطلب ناقص الشطة والدقة والمعالق ؟؟؟!!!!!
1055,Trash and not clean food
1056,"The driver bag was ripped and the lid of the koshary was open, half of it wasnt in the bag"
1057,نسيتو المعلقة 😢
1058,driver took more money
1059,زفت وتجربه سئ
1060,مندوب التوصيل زوق جدا جدا
1061,واحد كان بيبسى
1062,طلبت صلصله زياده لم تأتي
1063,اتاخر في التوصيل
1064,الكميه اقل من السعر مش هو دا حنفي اللي اعرفه
1065,العدس و البصل قليلين اوى
1066,تاخير التوصيل وسوء تغليف
1067,الاوردر جيه ناقص الصلصه الإضافية ...................
1068,الكميه قليله اوي
1069,تم التاخير في توصيل الاوردر مع اني ساكنه بجانب المطعم
1070,الكشري طعمه وحش جدا جدا جدا ومش مستوي.
1071,السلطة مش حلوة و مكنش فيها مياة سلطة كفاية
1072,But need more focus on delivery time
1073,الاوردر جاى متأخر
1074,يب
1075,My notes haven’t been done
1076,حلو الكشري
1077,للاسف وجدنا فى بعض الأطباق زلط ..................
1078,حاجة محترمة وفخمة جدا جدا
1079,Delivery took tooo long although the restaurant is too close to home (delivery guy was respectful 👍🏼) And food was so good
1080,Hair in koshary
1081,المكرونه معجنه والفراخ طعمها وحش جدا جدا جدا
1082,الاوردر وصل ناقص 2 تقليه كبير ومحسوبين في الريسيت
1083,الكشري جه رز فقط
1084,Taste not as expected
1085,👍👍👍👍
1086,Z
1087,مش احسن حاجه
1088,تجربتي سيئة جدا في طاجن المكرونة بالفراخ... الفراخ كانت نية جدا جدا ده غير إن طبق كان كميته قليلة جدا
1089,الدليفري بياخد وقت كتير شويه - حوالي ساعه للمهندسين - بس هو احسن كشري بالنسبالي
1090,الاوردر جاى ناقص ،كان فيه سلطة وحاسيت عليها موصلتش
1091,جالنا من غير معالق
1092,ممتاز ممتاز ممتاز ممتاز ممتاز ممتاز ممتاز
1093,الكشري كان دلع اوي
1094,طلبت ٥ علب وصل ٣!!!! و أتأخر ساعتين
1095,يعنى علبه سوبر جامبو ب ٢٧ جنية يتبعت معاها كيس واحد شطة و كيس واحد دقة؟؟؟؟
1096,ممتاز الصراحه
1097,After 2 hours waiting I didn't received my order
1098,الرز جه مقلوب في الكيس !!!
1099,من اسوء محلات الكشري
1100,طلبت مكرونه اكتر من الرز فوجئت ان الكشرى كله جاى رز
1101,Very awful experience don’t recommend it
1102,Very late order and lazy delivery Don’t recommend it at all very bad experience
1103,الكريم كراميل مجاش
1104,الطاجن سئ فشخ
1105,did not receive the order
1106,للاسف طعم الاكل امبارح وحش جدا والارز بالبن جاى كله مدلوق ومبهدل الشنطه الطاجن كان استغفر الله العظيم والاكل كله اترمى للاسف
1107,كمية الكشري قليله
1108,Very bad
1109,اسؤة مرة
1110,A lot of pasta and rice Was cold Little lentil
1111,جابولي زيت شطة في علبة الصلصة و مجابوش دقة
1112,التوصيل اخد ساعتين
1113,الكشري كان معجن... وهذه هي المرة الثانية علي التوالي لحدوث مشكلة في الطلب
1114,ببسب لغه الخصم كده مينفعش الكلام ده اكيد انت عارف
1115,متاخر جدا والاكل جه بارد
1116,العلبه صغيره جدااااااااااا والاوردر ناقص التوست
1117,وقت التحضير طويل اوفر
1118,خدمه زي الزفت
1119,برجاء احكام الطلب جيدا قبل التوصيل
1120,اول مره الكشرى يبقى وحش جدااا
1121,وجبة الاطفال ماجاش معاها لعبة اطفال ولد
1122,كويس
1123,خدمة طيار سيئة جدا وقلة ذوق زياده قوي
1124,اصلي 👍👍
1125,الطلب جاي ناقص تالت طواجن دفعت تمنهم
1126,شكرا جدا استاذ إسلام 😍
1127,The driver came really fast and was really polite
1128,حسيت أن العلبة متاكل منها
1129,الاوردر ناقص وبارد
1130,الطلب مكنش احسن حاجة وكان فيه اخطاء
1131,❤️❤️❤️
1132,1 out of 3 orders is wrong
1133,العلبه لازق فيها مكرونه من تحت
1134,baaad
1135,الاوردر موصلش اصلا
1136,there was no lentils!!!!
1137,اقسم بالله مطعم رهيبييب .. جودة ممتازة .. نظافة ممتازة .. الاكل جي سخن .. التعبئة ممتازة .. مندوب التوصيل محترم و اخلاق .. تجربة تحفة تحفة .. و لسة عند رأيي احسن كشري في مصر
1138,كان الاكل بارد و حش جدا جدا
1139,الطاجن كان ناشف
1140,الطاجن غير مستوى
1141,الفراخ سيئه جدا وبها بواقي دماء واشياء سوداء وتم رميها والله القطط لم ترضى باكلها سبحان الله لاكن الكشري كان كما طلبت والتوست والسلطة لم ياتو من الاساس
1142,Missing item from the order
1143,very slow delivery
1144,The orer was late for 45 minutes and i sent the support team with no reply
1145,السلطه بايظه
1146,المكرونة غير مكتملة الطهى مع وجود زلطة صغيرة واترمى
1147,تحفه كالعاده
1148,تاخير كتير جدا
1149,تقييم زفت
1150,الاوردر موصلش لسا!
1151,العلبة كانت مفتوحة ومقلوبة جوه الكيس حاجة يعني زي الزفت
1152,The order was wrong
1153,الطلب لسه مجاش
1154,كله مكرونة وحش اوي
1155,Laaaaaateeee deleviry
1156,الاوردر جيه ناقص وقعدت ساعه عشان يرجعلي الفلوس اللي دفعتها
1157,the nacarona not good or fresh.i am not satisfied With this food bad Taste hard and ko good the meat taste bad and the I don't think it was fresh you must check this now More delivery 🚚 from this food that way I will not eat food old .. shukran l
1158,ممتاز ومتاخرش حقيقي جيه علي طول
1159,الأوردر ناقص علبة كبيرة ستار بلس
1160,حلوه
1161,“
1162,J
1163,السلطة حامضة ،
1164,الاكل مرمل بيقرش
1165,مش سهل فى الطلبات زى ابلكيشن طلبات معقد شويه ياريت تسهلو طلب الاوردات وشكرا
1166,Very very bad
1167,المكرونة محروقة في الطواجن والاوردر وصل متاخر
1168,الملح كان زياده جدا في الكشري
1169,متاخر جدا فى التوصيل
1170,انا طلبت صوص و دقة زيادة و موصلنيش
1171,اسواء كشري
1172,Too spicy
1173,التوصيل بيتاخر جدا
1174,الطاجن مش مستوي
1175,ناقص ملح عاذب جدا
1176,الجوده مختلفه خالص المكرونه معجنه وطعم الفراخ زفر وغير كدا الديليفري قعد كتير جدا مش هوا دا سيد حنفي الي متعودين عليه
1177,المكرونة كتيير في الكشري والصلصة الكبيرة صغيرة جدا وعلبه البصل قديمة وبايته ...مختلف تماما عن تجربتنا داخل المطعم... السبب غير معلوم
1178,يقرف
1179,تم توصيل ٢ علبة فقط وليس ٤ كما هو مطلوب وتم دفعه
1180,لم يكتمل السواء
1181,مستلمتس الارد
1182,التوصيل بياخد وقت طويل عن طريق دليفري المنيوز
1183,fabulous
1184,الصلصة خفيفة جدا والكمية صغيرة
1185,طلبت العلب بدون حمص وتقلية وللاسف لم يتم الاخذ بالملاحظة واطفالي ما اكلوش الكشري فلوس اترمت عالفاضي
1186,جالي بعد ٣ ساعات من طلب الاوردر
1187,الاكل بيووصل سخن دي اهم حاجة عندي
1188,الطيار ممتاز جدااا
1189,الطلب وصل بعد ساعتين من طلبه وبدون صلصله .
1190,half of pasta was RAW. and small piece of chicken? I'm not sure if this can be called pasta with chicken 😂😂😂
1191,الحمد لله 💙 كان طعمه حلو بس الدقه عايزه تتظبط واللحمه
1192,b2a w7sh awi
1193,بصراحه ساعه ونص
1194,الاردر جي مفهوش بصل و حمص و صلصة نقصه
1195,الكمية + التأخير
1196,انا طلبت ان يجي واحد بدون حمص الإثنين بحمص و بدون تقليه و انا ماقولتش اني مش عايزه تقلية
1197,slow delivery
1198,سي جدا
1199,V
1200,المكرونه ناقصه صلصه وناقصه ملح
1201,it has very little tomato sauce and dokka .. its not as expected at all
1202,سيد حنفي غني عن التعريف و سمعته موصلة في كل مكان
1203,Delivery took a long time.
1204,الطواجن حرفيا للمكرونة مهرية و الطاجن بقاله كذا يوم معمول مش فى نفس اليوم و الأرز بلبن معمول من كتير برده
1205,الاكل حلو بس بتتأخروا اوي في التوصيل
1206,Not good
1207,ولا في دقه ولا شطه ولا معالق
1208,جميل جداً والله
1209,هو مفيش اوردر وصل جايبلي اقيم الهوا
1210,الاوردر جاي من غير ولا كيس دقة ولا كيس شطة !!
1211,ok
1212,توصيل 25 جنيه ليه يعنى انا ساكن قدام الاستاد احا نيك ده انا اروح و ارجع 5 مرات م البيت للمحل مش هدفع 25
1213,الاكل وحش جداااا ، و قعد حرفيا ساعتين عشان وصلي ، اخر تعامل معاهم
1214,veryyyyyyyy late
1215,الكشرى حامض
1216,الطلب وصلي بعد ساعتين و ربع و الدعم مش مفيد بالمره و جايب الاكل في شنطه شفافه مش تبع المطعم
1217,very kind
1218,محتاجة حد يتواصل معايا ضروري
1219,"The food is very, very bad"
1220,بيتأخر جدا
1221,الاكل جه ناقص الحلو
1222,الكيس وصل فيه مكرونة واقعة من الطاجن وصلصة اللحمة مبهدلة اكياس الدقة وعلب الكشرى
1223,😍😍😍😌
1224,ناقص طاجن كنت طالب 7 وصل 6 وحاسبت على اله
1225,انا كنت طالبه علبتين في علبه منهم لقيت اكتر من نصها واقع ف الشنطه
1226,مفيش امانة خالص الطيار اعطاني الباقي ناقص
1227,الاوردر اصلا مجاش فين الاوردر اصلا
1228,الارز قليل جداااااا
1229,لم يتم توضيح محتويات الأصناف على التطبيق والاضافات الملحقة بها مما اضطرني لدفع مبلغ اضافي بقيمة 85 جم بدون داعي حيث اني اكتشف ان كل ما طلبته ملحق بالأطباق الرئيسية بكمية كافية.
1230,تحفة
1231,طاجن فراخ كانت الحم مش مستوي كانت مجمد
1232,"The food was great, i received the order with half of one the two dishes was spilled all over the bag."
1233,الطبق صِغر جدا و سعره زاد+التوصيل كمان زاد أكتر من الضعف و الجودة رديئة جدا .
1234,الاوردر اخد اكتر من ساعه ونص عشان يجيلي والعيب من المطعم مش الدليفري بالعكس الدليفري جالي في عشر دقايق بالظبط بس بجد تاخير كتير جدا عليا من المطعم واحرجني مع ناس كانت عندي
1235,سيء جدا
1236,الاوردر كان ناقص السلطة
1237,لقيت زلطه كبيره فى الكشرى
1238,رائع
1239,الكشري جاي ساقع والطعم مش كويس
1240,اكتر من ساعه عشان الاوردر يجيلي و المحل بيني و بينه ٥ دقائق اصلا
1241,ممتاز جدا شكرا سيد حنفي انظف كشري في مصر
1242,The receipt that came with the order was for 82 EGP while you deducted 117 EGP from my credit card!
1243,Na2es salta
1244,ليه التوصيل للجامعة الامريكية ٣٥ جنيه !!!!!!!
1245,10/10
1246,جميييل
1247,my order was missing
1248,ممتاز بس محتاج يكون سخن اكتر
1249,V good
1250,كل اللى كل من الكشرى جاله تعنية والله
1251,طواجن المكرونه فيه نفس المشكلة لي المرة الثالثة
1252,وصل بعد ساعتين و نص
1253,فيه نمل
1254,العلبة ب 18 صغيرة عن المتوقع و مكنش في فرق تقريباً بينها و بين ب15 ب ك مجمل طعم حلو المشكلة فالحجم بس
1255,ساعة ونصف
1256,ممتاز وخدمة توصيل رائعة ووصل في الميعاد وقبله كمان
1257,Driver gad good manners
1258,Delivery was hella expensive
1259,الطيار اكتر من ممتاز
1260,الطبق كان كافي جدا بس المكرونة كانت كتيرة شوية
1261,الاوردر ناقص ١ صلطة
1262,الطماطم حامضة
1263,بصراحه جميل جدا
1264,الأوردر أتأخر ساعتين
1265,في مشكله في السلطه جت مبهدله جداااا
1266,حلو جدًا بس التوصيل بياخذ وقت
1267,"koshary was not that good, food was on the way for 40 minutes, apparently the driver had other orders so food came cold"
1268,شكرا علي هذا البرنامج
1269,الكشرى من غير ارز والرز بلبن سخن الدقه خفيفه
1270,تطبيق جميل وتنسيق بين التطبيق والمطعم على أعلى مستوى
1271,باعتين علبة صلصة واحدة واحنا طالبين علبتين كشري
1272,Food is good though
1273,ساعتين الاوردر بيوصل
1274,تاني مرة خلال يومين ييجي ناقص امبارح ناقص علبتين كشري و النهاردة ناقص صلصة
1275,خدمة سيئة للغاية طالب اوردر بقالي ساعة و ربع لسه مخرجش من المطعم
1276,Tohfa
1277,The food was disgusting and not fresh and the packet sauces were filled with waterrr with no sauce at all. We got food poisoning and I'll never order again
1278,طبق رز بلبن لم يتم توصيله
1279,كان في منتهى قلت الزوق
1280,الطيار مشاء الله ممتاز جدااا و محترم جدااا انا بديلو ٥ نجوم
1281,محترم جداا
1282,الطعم ليس احسن شى و البصل قديم
1283,قال ان الطلب فيه حاجات مدفوعه و حاجات لا و هوا عايز الفلوس لما قلناله لا الطلب مدفوع اون لاين عمل نفسه بيكلم المطعم و غادر
1284,المذاق غير جيد ، و حصص المكونات غير متناسبة
1285,Slow
1286,the driver arrived right on time and the food was delicious
1287,ممتاز ورائع
1288,اسوء تجربة طلبت الاوردر جاي بعد المعادي المحدد بساعة ليه
1289,قليل الادب وسافل وأسلوبه زبالة وزعقلي في نص الشارع وكان هيضربني وأقسم بالله م هسيبه
1290,the delivery took too long to arrive so the food came cold also the driver attitude wasn't so good
1291,وصل بعد ساعتين ونصف
1292,الاوردر جالي ناقص وبكلم المطعم يقولي مليش دعوه اشتكي البرنامج وكلمتهم تاني قالولي حد هيتواصل معاكي برضو محدش عبرني يعني لو اب حد جاله الاوردر ناقص يستعوض ربنا هيحدفوك لبعض
1293,التوصيل طول شوية.
1294,بتاخدوا فلوس اكتر من الريسيت اللي بييجي مع المطعم و ده مع كل المطاعم تقريباً !!
1295,جميل ماشاء الله ♥️
1296,مش ملتزمين بالوقت بجانب الاوردر بيكون ناقص وحاجه اخر استهبال
1297,يوجد علبه مقلوبه و مبهدله
1298,اوحش اوردار عملتو في حياتي الدليفري بيكلمني بطريقة زيفت و تاخير ساعة و الحاجات برده
1299,اوردر ناقص و متأخر جدا
1300,المفروض ان الأرز بلين و السلطة يكونوا في شنطة لوحدهم مثل كل مرة.. لكن عذه المرة كله محطوط مع بعضه في شنطة واحدة و علية الرز بلبن مقلوبة على وشها
1301,حلو جدا بس التوصيل بيتأخر جدا
1302,الاكل كان كويس ولكن الطلب وصل متاخر جدا بعدها بساعتين
1303,جميل جداااااا و محترم جداااا
1304,مش التوب
1305,took 2 hours to arrive
1306,the promo was mot activated i paid the actuall price
1307,الاوردر لم يصل حتي الان
1308,متعودة اطلب منه المرة دى طعم الصلصة مش حلو وكمية العدس والبصل قليلة جدا جدا عن المعتاد تكاد تكون مش موجودة الطعم سئ والجودة سيئة والاوردر جه متأخر ٤٥ دقيقة عن المتوقع
1309,كمية المكرونه بالنسبه لبقية المكونات في الكشري كتير جدا يعتبر باكل طبق مكرونه مش كشري والطعم اقل بكتير من مستواه زمان
1310,اسواء تجربه من المنيو ومطعم سيد حنفي
1311,جاي من غير معالق وشوك
1312,ممتاز، ملاحظتي الوحيدة ان الرز والشعرية واخدين حيز كبير من العلبة، يا ريت التقلية والبصل يزيدوا علشان يكون فيه تكافؤ
1313,لقيت حشره جوه الرز بلبن
1314,الاوردر اتاخر جدااااا يعني ساعتين عشان اوردر كشرى لي يعني الطاجن عبارة عن فلفل اسود يس السلطه عبارة عن خيار وحاجه زفت
1315,الكل حلو بس الكشري بارد
1316,الطلب ناقص علبه تقليه و علبه حمص و لايوجد أكياس دقه و لعبتين حاطط كيس واحد شطه صغير
1317,الاوردر تمام
1318,الكشري وصل م عير صلصة
1319,الطعم سئ ومفيش عدس تقريبا
1320,توصيل بعد ٣ ساعات من الطلب
1321,الرز بلبن من غير معلقه
1322,حاجة زفت
1323,الرز بلبن مجاش اسوء خدمة عملاء
1324,he said hell go get me the rest of my money then never came back!!
1325,الاوردر مجاااش
1326,الاكل جاى بارد اوى ولعب الاطفال وحشة جددااااااا
1327,ناقص علبه ٢٩
1328,بجد اول مره الواحد ينبسط من اكله كشري كده الجوده ممتازه
1329,للاسف اخر اوردر ناقص توست كرسبي وكلمت خدمة العملاء فضلت ع الويت اكتر من ٨ دقايق فقفلت غير كدة الكشري ممتاز
1330,خدمه اونلاين سيئه جدا جدا والطلب اتأخر ساعتين
1331,"The order took 2 hrs to be delivered , the food was cold and the packing was in mess also when i check the order one of the boxes was open i returned the order back before the driver leave . Very bad experience"
1332,سئ للغاية
1333,معجن وطعمو وحش رومتو
1334,الاردر جي من غير الصلصه وكان طعمه وحش اوي من غير صلصه
1335,كل حاجة لازم تبقى زيادة عشان يبقى مقبول لكن الطبق لوحده عبارة عن مكرونة بس تقريبا
1336,الكشرى معجن و الصلصة تكاد تكون معدومة اترمى كله
1337,طلبت لحمه جالي فراخ واما كلمتهم ولا حد تابع معابا😡😡😡😡
1338,لا يوجد معلقه ولا شطه
1339,الاوردر بارد جدا
1340,الاوردر المفروض كان فيه خصم ومنزلش عليه حاجه
1341,بس العدس كان قليل جداااا الكشري كله رز ومكرونه للاسف
1342,الاوردر جى بدون صلصه وكنت طالب تقليه بره جايبلى تثقليه جوه
1343,ممتاز احسن محل بجيب منه بصرحه
1344,I didn't receive all the order
1345,الكشري جاي متاكل منو او ناقص ربع العلبة
1346,اسوء دليفري
1347,حلو بس كل مره بيجيلي حجم علبه مختلف رغم انه نفس الاوردر والطلب
1348,order is missing some stuff
1349,تأخر كثيرا
1350,7lw
1351,متأخر جداً و خد فلوس زيادة و معملش ال ٤٠ جنية خصم و مش راضين يرجعوهم
1352,"It took more than 2.5 hours to deliver the order Support team gave false info every time I contacted them, they kept sayin 15 minutes to deliver/ 30 minutes and your order will be there…etc. Also, I asked the support manager to contact me on my phon..."
1353,الاكل فيه ضلط !!
1354,علبة مخدومة كويس والعلبة التانية فاضية واكياس الدقة قليلة والشطة اكتر
1355,Tooooo late
1356,he delayed too much
1357,بجد الطعم في حته تانيه خالص حلو اووووي في الكشري في الأرز بلبن بالقرع حكايه
1358,التاخير نص ساعه
1359,شكرا على جودة الاكل وأمانة الكمية لكل نوع من الاكل
1360,اوردر متأخر لاكتر من ساعه والاكل جيه بارد وبرنامج وخدمه عملاء ملهمش لازمه
1361,الطعام طازج
1362,اول تجربة مع سيد حنفي .. مش هبالغ لو قولت انه احسن و انضف كشري كلته في حياتي .. نضيف جدااا .. و الكميات ممتازة .. وبرغم انه الدليفري تاه في الطريق ولكن الاكل كان سخن ورائع .. وشكر خاص لسائق الدليفري رجل طيب و محترم و جميل وتعب معانا
1363,مكانش سخن اوي
1364,بيقعد ساعه عقبال ما يجي و بيكون الاكل برد
1365,هو في اوردار في الدنيا بيوصل العميل في ساعه ونص ده كشري يا جماعه
1366,الاوردر اتأخر وجه ناقص والدليفري قال هيجيب الباقي ومجاش ومحد عبررنا ولا المنيوز اتواصلوا معايا ولا ردوا عالشكوى
1367,الاكل وصل بعد ساعة ونص و لم يتم تنفيذ اي شئ من الملاحظات الموضحه فى الطلب و الطعم استغفر الله العظيم ميتكلش تمامآ و بارد
1368,Very very slow delivery.. I have waited for more than two hours
1369,سئ جدا اخر تعامل معاه بجد ولا دقه ولا شطه وتأخير وبارد بجد سئ جدآ
1370,الاوردر ناقص علبة صلصه
1371,شكرا لك
1372,الاكل اتأخر جدا جدا جدا وكل ده لسة موصلش
1373,في كشري ستار بلس مجاش كلمت السواق من ساعتين بس مجبش بردو الاوردر
1374,"missed item from my order, also the taste was bad"
1375,F
1376,طلبت مكرونه باللحمه المفرومه وكانت سيئه جدا وغير مستويه
1377,انا لحد دلوقتي مستلمتش الاوردر ولا حتي الطيار كلمني وفضلت مستني ومفيش اي حاجه حصلت
1378,تم نسيان البيبسي التي كانت في العرض
1379,طلبت اتنين رز بلبن و حاسبت عليهم الدليفري و لقيتهم مش موجودين في الاوردر
1380,اقنعني ازاي كيس دقه واحد على العلبه ااكبيره دي، المفرود علأقل كيسين دقه على العلب الكبيره
1381,The koshari box was broken
1382,Very late delivery .. worst delivery service ever
1383,تم الطلب من وقت الظهر على ان يصل قبل الافطار واكن وصل بعد الافطار بنصف ساعة
1384,اسلوب مش حلو خالص لما اكون طالبه اوردر الساعه ٥ ونصف ويجيلي بعد الفطار الساعه ٧ ونصف دا يرضي مين دا
1385,للاسف في علبه ريحتها بشعه جدا للاسف
1386,مش احسن حاجة .. المرة اللي فاتت كان احسن بكتير .. و السلطة مجتش .. مكرونة كتير جدا و مفش تقلية .. عكس اللي كنت طلباه
1387,الكشري مفيش معاه ولا دقه و لا شطه
1388,حلو اوي
1389,وصل مع الاوردر عدد ٢ ارز بلبن زيادة هل هما هدية مع الاوردر ام غلطه ولو غلطه ارجوا معرفه طريقه دفع تمنهم
1390,طاجن سئ جدآ مش لحمه أصلآ
1391,اللعبه مش موجوده مع الkids meal كانوا يبعتوا كشري صغير مش اتحاسب علي الkids mealومش فيه لعبه
1392,بيتعصب عليا و يقولى انا مش هعرف اجبلك لحد عندك اللى هو ازاى معرفش و كمان جى يقولى انا معايا اوردرات جو الرحاب اطلعلى خد منى الاوردر
1393,الاكل كان جميل وطعمه تحفه
1394,كل حاجه تحفه والطيار محترم جدا شكر ليه 👌
1395,الاكل وصل ع طول والطيار محترم جدا شكرا جدا
1396,عادي
1397,الاكل كان ناقص و الكيس اللي كان فيه السلطه كان بيوقع مايه
1398,طلبت اوردر سلطة وكالعادة العلب غير محكمة الغلق ووجدت مياه السلطة انسكب جزء منها في قاع الشنطة
1399,كان الطقم سئ جدا
1400,الorder وصل غلط ولما اتصلنا بهم محلوش حاجه وكانوا عايزين ندفع 18 توصيل تاني، التعامل مع العميل سئ جدا
1401,زباله الزباله المفروض الاردر يجي علي الفطار ٦ و ربع جالي ٥ و ١٠ اخر مره هاطلب من البرنامج الزباله ده و هافضحكو كلاب فلوس رمضان ايه و نيله ايه انتو كلاب والله العظيم الاردر ده لو مرجعش حالا هافضحكو علي السوشيال ميديا ب سبونسر كمان مش هاستخسر
1402,A
1403,الصلصه قليله جدا الكشرى مزار ابيض بعد اضافه الصلصه جوده سيءه
1404,الاكل جميل اووووي تسلم ايدكوا
1405,الاوردر وصل ناقص
1406,الأوردر وصل ناقص ومش معاه صلصة وطبعا محدش بياكل كشري بدون صلصة والسلطة إللي طلبتها مجتش ولما كلمت خدمة العملاء بعد التراويح قالولي كنت المفروض تكلمنا لما أستلمت الأوردر ودلوقتي مقدرش أعملك حاجة 😓
1407,تأخير في التوصيل
1408,love it
1409,وصل بدري ساعة عن الميعاد
1410,لم يتبع اى ملحوظات على طلب
1411,علبتين جت غير المطلوب ، وجت علبة البصل خطا جت عدس
1412,اسوء كشري كلتة في حياتي بقالة فترة بقا سئ و انهاردة اسوءهم
1413,اوسخ مطعم و اوسخ تعامل بتاع الدليفري بقاله اكتر من ساعة بيقولي داخل عليك و بتاع و بعدين قفل تليفونه نهائي و بكلم الفرع ولا عملوا اي حاجة و بجد تجربه وسخة و عالم زبالة
1414,الاكل انا طلبته على الفطار ،جالى الساعه ٥.١٥م قبل الفطار بساعه !!!!!!!!
1415,ممتاز جدا سرعة التوصيل و سلوك الطيار الطعام طازج و طعمه حلو جدا جدا ♥️😍😍
1416,الاوردر علي طول بيجي ناقص
1417,very bad experience
1418,احنا صايمين واللورد اتلغي قبل الفطار بعشر دقايق
1419,ناقص ٢توست
1420,مطعم حرامي اخد خصم الفلوس و مش عايز يبعت الاكل بعد ما كلمت الطيار و قالي ف الطريق جاي مبعتوش الاكل و مش عايزين يرجعوا الفلوس و ده ابلكيشن زفت
1421,مش وحش بس مش حلو بردو over ratedبصراحة
1422,الكابتن الطيار..محترم جدا..و حضر في الوقت المناسب و الاكل كان حلو و سخن
1423,حقيقي الاوردر كان من اسوأ ما يكون الكشري مكنش حلو خالص و الليمون كان بايظ و حتي التوست كان وحش جدا جدا جدا كان ناشف اوي و محروق و مفيهوش توابل بجد كنت دايما بقول السيد حنفي تحفة لكن المرادي انا مش راضية خالص علي اللي حصل دا
1424,الاوردر وصل متأخر بعد ميعاده بحوالي 45 دقيقة. هل هذا طبيعي ؟
1425,My order took very long time
1426,اول مره الكشرى يجى وحش كده
1427,slow delivery delicious food
1428,Slow Delivery
1429,الحمو والحموضة ناااااااار ، استمتاع دقيقة والم يوم
1430,Missing items from the order
1431,الارز باللبن الصغير كان بايظ اما الكبير كان كويس
1432,الاوردر جه غلظ
1433,مطعم غير محترم ف التعامل والمواعيد وتم رفع شكوه ضده لعدم احترامه للعميل
1434,المطعم سئ والاوردر اتاخر ٥ ساعات ولسه مجاش وابلكيشن غير محترم ف معامله العميل
1435,اوردر ناقص صلصة. ومتاخر ساعة الا ربع، و دائما مدلوق على العلب شطة
1436,الاكل جه بارد..وناقص التقلبة الاكسترا ..والطيار كاز زي الزفت..وكان عاوز نؤ اقوله يرجه مش عاوزة الطلب تجربة زفت
1437,الوقت اتاخر جدا والمشكلة من الابلكيشن مش من المطعم وبجد تجربة سيئه ومش اول مره اشتكي
1438,never got the order at all sorry I cancel it
1439,late delivery one of the sachets was spilled all over the bag
1440,الاوردر جاى مدلوق فى الشنطه بجد مش عارفه اقول ايه
1441,الاكل جميل لكن بيتاخر جداً
1442,The order was missing daa’a and the spicy sauce plus the order was late for more than half an hour
1443,Very late delivery (2 hrs) - taste not as expected - will not order again from this place
1444,الاوردر جه متاخر .... ٣ ساعات جه ناقص .. رز بلبن ... ومعلقه .. الاوردر بارد ... تجربه فاشله
1445,the order arrived after 2 hours
1446,الاكل جاى بارد وكل حاجة مدلوقة على بعض
1447,Raw rice
1448,Missing order
1449,الطيار محترم و تغليف الأكل كويس جدا و كان فيه خصم
1450,مستلمتش الاوردر
1451,جالي طبق زيادة عن الاوردر
1452,The sauce was not enough for the size of the box.
1453,Extremely delay in the process
1454,تم تاخير الاوردر ساعتين بسبب المطعم لعدم جاهزيه المكرونه
1455,اسؤ الورد في حياتي وانا رميته في الزباله من غير دقه ولا شطه ودليفري غير لائق
1456,The food was good but the delivery is almost always late.
1457,الصلصه مش موجوده
1458,صلصلة الكشري مش كافية
1459,طعمه وحش قوي
1460,الطعم سئ جداً
1461,الاكل جاي ناقص معالق و صلصة
1462,علبتين متبهدلين تقريبا وقعوا ولمهم وسلمني علي كدة
1463,🍳🍳
1464,انا مستلمتش اصلا فين الاوردر بقالى ساعتين طالبه
1465,الصلصه غير كافيه ولونها اورنج وليس احمر العدس والرز ليس كافي والكشري عباره عن مكرونه فقط
1466,جميل جدا تسلم الايادي
1467,الطلب اتاخر جداً ودى مش اول مره
1468,الصلصه جت الحجم الصغير وانا طالبه الكبير
1469,برجاء مراجعة احكام غلق علبة السلطة قبل خروج الاوردر حيث إنها ليست المرة الاولي التي اطلب اوردر وبه سلطة إلا واجد مياه السلطة منسكبة في الشنطة الخاصة بالاوردر
1470,الاكل في منتهي السوء والكشري معجن وباعت كيس صلصه واحد صغير علي علبتين كشري والبصل ناشف
1471,الطيار محترم والاوردر جه سخن وفي الميعاد مظبوط
1472,Late order and a bit cold
1473,There was 1 crispy toast instead of 2 as per my order
1474,Very very bad delivery experience always with menus
1475,"delicious food, and excellent driver attitude"
1476,سيئ جدا
1477,missing item
1478,الاكل كان بارد و مش فريش اختيار كان سى للاسف و الصلصه طعمها غريب مش حلو
1479,i didnt like the taste
1480,سئ والمنيوز الخدمه مبقتش زي زمان للاسف
1481,سئ جدا و العلي متاكل منها
1482,طعم الصلصة سيئ و الكشري كذلك
1483,اتاخر جداااااااا الاوردر جه بعد ساعتين ونص
1484,الاوردر ناقص و يأتي متأخر للاسف خدمه سيئه
1485,Missing item.
1486,الباشا واقف في شارع جمبي شيفه انا علي الخريطه و مبيتحركش بيضيع وقت و خلاص مع العلم الشوارع جمبي كلها فضيه جداا مفيهاش زحمه و الاوردر برد طبعا و متحركش غير لم اتصلت بيه و زعقتله
1487,"The driver was not in the wrong , it was elmenus fault"
1488,طلبت خمسه وجالي اربعه big star
1489,there's a toast bread lost
1490,The order total was 62 and the delivery guy told me the total is 66 and his attitude wasn’t good
1491,كل شى جميل بس ياريت التوصيل يبقى سريع
1492,Taste is bad
1493,طاجن اللحمة لم ياتي. انا دافع حسابه
1494,الاوردر تاني مره يوصل ناقص، جه من غير السلطه و دي اخر مره هطلب فيها تاني
1495,نسيوا الصلصه ، كلمت بتاع الدليفري قاللي هروح اجيبها من فرع حسن المأمون عشان قريب من البيت فقالولوا لأ الغلطه من الفرع التاني ارجع فرع مكرم وجيب المعلومات الصلصه من هناك ده لو كان راح اي محل كشري تاني كان اخدهم ببلاش ، خدمه زي الزفت
1496,الاوردر جالى بعدها ب٣ساعات و بارد و جالى بسعر اعلى من المكتوب
1497,We got sick after eating it
1498,الطلب غير دقيق
1499,الطلب لم يأتي
1500,هايل
1501,اتأخر اكتر من ٤٥ دقيقة ودة اول أوردر اعملة
1502,مفيهوش عدس كله مكرونة
1503,الاكل موصلش
1504,كمية الصوص غير كافية للوجية
1505,The food was not as tasty as usual
1506,الاكل تمام ووووصل قبل مالساعه تخلص
1507,الدليفرى قعد يلف بالاوردر حوالى ساعة لتوصيل طلبات اخرى وانا متابعه على الخريطة ووصل الاكل بارد بعد كل التأخير ده
1508,الاوردر وصل بعد ساعتين ونص
1509,متاخر بساعتين
1510,نسى التوست.
1511,الاكل وحش جدا و العيش ميتاكلش
1512,ناقص السلطه من الاوردر والوقت متأخر و بارد
1513,الكشري جاي من غير دقه او شطه او ملاعق
1514,يعني مش احسن حاجة
1515,الاكل كان سئ جدا جدا
1516,الكشري اغلبيتة مكرونة وطعمة مش اوي
1517,كنت طالب دقه مكان الشطة وجالي شطه برده
1518,طعم متوسط
1519,الاوردر ناقص علبة ستار
1520,to late
1521,الطيار مطلعش عند الشقة في الدور التاني قال إن باب العمارة مقفول و هو مفتوح وناس طالعة نازلة
1522,الاكل مكنش سخن إلى حدا ما ، بس مقبول
1523,الاوردر وصل متأخر 45 دقيقة عن موعده و حوالي ساعة ونص عن لو طلبته من المطعم مباشرة للاسف دا الواقع مع كل المطاعم الاداء بيسوء كل يوم
1524,الاوردر ناقض
1525,"Order was missing items multiple times. One order came missing a salad, another order was missing chilli. El Menus support are great and helped resolve the issue. Other than that, good hygiene and good taste."
1526,ممتاز جدا.. نظافه.. مصداقيه
1527,All the food is out of its packages and thrown in the plastic bags after a lateness of 2 hrs !!!! Very bad experience
1528,جاب لوالدتي نزلة معوية من الحمص
1529,الكشري زي ما هو تحفة من زمان المشكلة في الدليفري بيتأخر اووووووي آكتر من ساعة ونص مع إن المسافة بين البيت وبين الفرع متكملش 10 دقايق
1530,كل حاجه زي الزفت والله
1531,Y
1532,الاوردر جاى بارد وبايت وحالته حاله ومتاخر جداااا مش فاهمة ليه عدم الاهتمام المفروض بندفع فلوس علشان خدمة كويسة ليه كدة
1533,ناقص ارز باللبن فرن
1534,My order arrived in two hours!
1535,الاكل معجن وبارد والطلب وصل ناقص السلطه وبكل اسف الاكل رميته في الزباله لانه سئ جدا جدا
1536,الاكل كان حلو والطيار شخص محترم واسلوبه مهذب
1537,الاكل جه من غير ٢ سلطه وكلمت الطيار قالي انا مالي انا جبتهم من المحل كدا وبعدين قالي انا في بحاول مع المحل وخلاني كلمتهم وقالولي تمام وقالي هجبلك اللي ناقص ومجاش تاني
1538,last time delivery came after 2 hours
1539,الاكل مستوي زيادة و طعمة سئ و غير مغلف جيد
1540,حاجه زفت الاكل جاي من غير شوك ولا دقه ولا شطه كل مره ع كده
1541,جامد
1542,كان مش كويس خالص ومفيش ذوق ومش بيعرف يتكلم بادب ميجيش لينا تاني
1543,good food
1544,الاوردر جه ناقص السلطة وبارد جدا متلج
1545,"Order toke 2 hours!!!!!!!!!!!!!!!! No response, no contact"
1546,مكرونه كانت برده اوي
1547,Green salad was missing from order
1548,الطيار في الوجبه اللي قبل دي مش الوجبه دي الوجبه اللي قبلها بساعه جاب الاكل ماقص ومهتمش انه يرد علي وانا بكلمه ومشي وسابني وقالي هو كده ووصلي الاكل بارد الوجبه التانيه توصيل ساعه وربع علبه بفلوسي اصلا ومدفوعه لاني دفعاها من حقيقي مش هتعامل تاني
1549,السلطه لم تصل الاوردر جه ناقص
1550,cold and very late delivery
1551,الاكل شبه بايت
1552,سيئ جدا الاكل غير نظيف وكمية الصلصه غير كافية للكشرى وطاجن المكرونه غير كامل متشال منه حاجه سيئه جدا جدا وكمان التوست وحش جدا عيش معجن وناشف وفى عيش محروق لونه اسود والله حاجه استغفر الله وحشه جدا
1553,تاخيير رهييييب ف التوصيل تاخيير رهييب ف التوصييل
1554,تاخير ذيادة عن اللزوم حتي تم احضار الاورادر
1555,مجابش صلصة
1556,Gameeel
1557,مش مظبوط
1558,بعد انتظار ساعتين ونص الكشري بارد جدا ومقلوب كله علي بعضه دخلته المايكروييف علشان اعرف اكل اعفن ديليفري في مصر حسبي الله
1559,ابطء ديلفيري في مصر .. اسوء خدمه تجربه سيئه لا انصح به
1560,أسوأ خدمة توصيل... لو طلبت من المطعم نفسه كان هيبقى أسرع
1561,كمية الصلصات والدقة مش متناسبة مع الوجبة
1562,جااااااامد اوووووي
1563,الدقه والشطة قليلة علي العلب الكبيرة وبينسوا المعالق
1564,طعم الكشرى غريب جدا و ريحته كأنه بايت و تم تسخينه،،، سىء جدا جدا
1565,لو فيه عرض بيبعتلك رز بلبن وكريم كرامل بايظ 😂 اه والله بقاله كذا يوم وبايظ 😂😂 والكشري بقي كله مكرونة وبارد وميتاكلش 😂 كان بقالي كتير مبجبش من فرع مدينتي والنهاردة كده فعلاً أخر مرة في حياتي
1566,الدليفري جه متأخر والحاجة كانت مقلوبه ف الشنط وحاجة زفت
1567,الاوردر اتأخر اوى لما طلبته من هنا لكن لما بطلب من المطعم مش بيتاخر اوى
1568,الاكل اتأخر وجه بارد
1569,bywsl fe sa3tean msh 3aref leh !
1570,تحفة 😍
1571,تم دفع مبلغ اكتر من المستحق
1572,الطاجن جيه مفتوح وفيه مكرونه واقعه من دليفري😀
1573,مجاش اصلا وقدمت شكوي ومستنيه فلوسي ترجع تجربه اسوأ مايمكن
1574,الاوردر جالي بعد بريك الشغل و انا طلبت عكس كده
1575,الاكل اتأخر وطبعا كان بارد
1576,الشطة والدقة أقل من علب الكشري
1577,كان ناقص الدقة و الصلصة
1578,سيئ وليس طازج
1579,السلطة حلوة لكن الكشرى وصل بارد شوية و مش احسن حاجة
1580,حلو اوي ونضيف
1581,ساقع
1582,عدد مشتملات الطلب من دقة وشطة
1583,"my order was delivered after more than an hour and half and when i reached your support, they told me sorry you can’t cancel. Very unprofessional very unhelpful"
1584,الاكل وصل مدلوق في الشنطه حاجه اخر قرف
1585,المكرونة بالفراخ كانت سيئة للاسف....المكرونة ناشفة و الصلصة قليلة و الفراخ بتشد و طعمها سيء جدا كانها فاسدة...على فكرة انا جربتها قبل كده كانت جيدة
1586,كنت طلبه 6 ارز بلبن جالي 5 فقط
1587,لم يخصم ٣٠جم العرض
1588,10من 10
1589,الرز باللبن من غير معالق وجاي مقلوب حاجة تقرف
1590,الاوردر كان فى حاجات غلط
1591,worst koshary ever
1592,الاكل كان جزء منه واقع في الكيس
1593,الاوردر جيه من غير معالق ولا مناديل
1594,المكرونة كانت ناشف وناقصة صلصه
1595,موظف قمه الذوق
1596,تأخير اكتر من ساعة ونص
1597,مكنش احسن حاجه طعم الكشري
1598,حاجة متتوصفش اوردر مدلوق في الكيس وبدل ما يوصل في ساعة واصل في ساعتين
1599,الطلب قعد اكتر من ساعة وربع لحد اما وصل وكان بارد والطيار كان ظاهرلي فاللوكيشن بيبعد جدا عن البيت بالاوردر فأكيد كان معاه اوردرات كتير في اماكن بعيده جدا لحد اما وصلني كان بارد جدا وكلمت الدعم الفني وولا حاجة حصلت
1600,كان يوجد شعر بالرز باللبن
1601,very late delivery
1602,Nice res
1603,محترمين
1604,علبة الصلصة صغيرة جدا
1605,الرز بلبن مجاش مع الاوردر
1606,many thanks
1607,الاوردر ناقص و السلطة جت واقعة طلبت اتنين عيش مجوش و اتنين سلطة جت واحدة بس.
1608,العيش مجاش و وفي سلطة ناقصة دا عادي!؟
1609,تأخير الطلب وبالتواصل مع الدعم الفنى كانت اسوء تجربة واسوء خدمة عملاء ممكن التواصل معهم المطعم يؤكد جاهزية الطلب للاستلام من الطيار وموظف خدمة العملاء يؤكد أن التأخير من الفرع والطلب وصل تضارب وعدم احترافية من خدمة العملاء وفى تقديم الخدمة تجربة سئية
1610,الاوردر ماوصلش
1611,شخصيه محترمه جدا وممتاز جدا
1612,الاكل مدلوق في الشنطه
1613,الاوردر جه بارد جدا
1614,في اكل يجي من غير معالق وتغليف لها وملح وفلفل لاتوجد معالق للحلو ازاي يعني
1615,التوصيل متأخر دايما و سيء جدا
1616,الطيار محترم جدا
1617,الاوردر جيه معاه كيس شطة واحد و كيسين دقة... يعني أقل من الطبيعي؟!!!.. رغم ان ماكد ان عايز اكتر من طبيعي
1618,الدليلفري طلب 5 جنيه زيادة علشان شايف ان المكان بعيد و مرضيش يدينا الاوردر قبل ما ياخد الفلوس الزيادة
1619,طعم كشرى كان متغير مش حلو
1620,الصلصة معظمها مدلوقة و كيس المعلقة مفتوح منغير ملح
1621,الاوردر مجاش اصلاااا سوء معاملةو
1622,انا طالب علبه من غير تقليه ولا مكرونه ومفيش اى تغيير حصل ومبلغ ان ف واحد مريض
1623,اسوأ مكان لا الاوردر وصل و لا زفت و سوء خدمه عملاء التاخير غير مقبول ساعتين و انا ساكنه جمب الفرع
1624,اتاخر جدا
1625,Thanks 😊
1626,الطعام مش متودب
1627,اوسخ ابلكيشن ممكن تستخدمه واسوء خدمة دعم فني والادارة مبيرضوش يكلموا حد والاوردى قعد اكتر من ٣ ساعات ومحدش كلمني
1628,"the happy meal for children supposed to have toys on it , but it's missing"
1629,♥️
1630,التوصيل بيتأخر اوي
1631,هو طعمه ممتاز بس اتاخر اوى على ما وصل😅
1632,الطعام بارد جدا حدا
1633,the food was everywhere in the bag 😡
1634,الاكل اتاخر و جه بارد. و فرع مدينتى انضف و احسن بكتير
1635,مش كويس الطعم وحش جدا
1636,components are not cooked well
1637,الاكل كان ساقع جدا و مش فعلا التجربة المرة دي وحشه اوووي
1638,الاوردر بيتاخر كتير اوي
1639,الصلصة كانت مياه و طعمها غريب
1640,كنت طالبه سلطه كبير و مجتش و موجوده فى الحساب
1641,زى الزفت وخدمة زبالة
1642,المعالق ناقصة
1643,Driver was very decent
1644,سلوك الطيار سيء
1645,ميزة كشري سيد حنفي هو انه الاقل في احتمالية اصابتك بالحموضة بعد الاكل 😂
1646,جالي ٢ كيس عيش غقط
1647,الكشري كان عبارة عن مكرونة و حمص مفيش ارز او عدس خالص للاسف
1648,Was cold
1649,سى جدا فى التعامل والاورد ناقص
1650,ممتاذ
1651,توصيل زي الزفت ولا ادني اهتمام بجد حاجه تقرف
1652,وصلي في خلال 1ونص مع انوا طبق كشري
1653,الاكل جاى من غير معالق ولا مناديل
1654,So bad delivery time and so so bad koshary and they are so bad
1655,محترم وزوق جدا
1656,abou tarek and tahrir much better
1657,الاكل جيه كله بارد
1658,الاكل لتأخر جدا و جه متلج و مقلوب و ما يتاكاش
1659,الكشري كان بايت وطعمه وحش!! اداء سيئ غير متوقع من المحل ده!!
1660,الاكل سئ جدااا وساقع جدا ووصل متاخر عن معاده ساعه الا ربع
1661,عدم إتباع إضافات خاصه لوادر
1662,I DIDNT EVEN GET THE FUCKIN ORDER WHAT THE HELL!!!??????
1663,L
1664,الكشري كان بايت ومش سخن آكتر من مره تتكرر
1665,أتأخر
1666,طلبنا خمس علب و جه معاهم معلقة واحدة و الاولاد اتضايقوا جدا
1667,بيتاخر و الكميه مش كافيه ل شخص
1668,كان طعمه وخش اورى
1669,I didn’t receive the order
1670,اسوء واخر مره الاوردر وصل بعد ساعتين ومفيش اي توصل ولا support والمره القبلها وصل بعد ساعة ونص
1671,ط
1672,الاوردر وصل ناقص 2 رز باللبن ومدفوع كامل
1673,تجربة سيئة جدا و تاخير علي التوصيل لمدة ساعة ونص او اكتر والاكل كان بارد جدا وعلبة الرز بلبن كانت مفتوحة ومبهدلة الكيس والعلب اللي حوليها
1674,الاوردر مجاش كامل
1675,💫
1676,وصل بعد ساعة و نص
1677,اسوأ تجربه مع سيد حنفي
1678,الاكل كان وقع كله ف الكيس
1679,veey very very bad service i waitee for 2 hrs and it didnt came
1680,افضل مطعم على التطبيق
1681,الاكل بارد جدا و السلطة بهدلت الدنيا
1682,بيأخذ وقت كثير للتوصيل و بتأخر جدا وبلعلم هو فى نفس المنطقة السكن
1683,الاكل بيجي بارد جدا
1684,الاوردر قعد اكتر من ساعتين
1685,الأوردة ناقص ارز بلبن كبير !!
1686,الطاجن كان مش طازج بشكل كافي
1687,الكشرى معجن من تحن والصلصله قليله ع حجم العلبه الكبيره والدقه قليله جدا . الاكل اتاخر وجه بارد طاجن المكرونه مفيهوش لحم مفرومه تذكر اصلا
1688,Very bad Very bad taste Small portions in essential ingredients Cold Not felt like koshary at all
1689,Very bad quality cold food essential quantity very small
1690,Very cold and not the same quality as I buy it from the restaurant itself
1691,Good food
1692,التغليف سيئ والاكل طالع من العلبه ومتبعتر فالكيس
1693,تم استلام الطلب ناقص علبه سلطه وتم الحساب عليها
1694,ممتاز جدا
1695,بعد ماستنيت الاوردر ساعة جاي من غير شطة و دقة والاكل ساقع
1696,من غير مكرونة زيادة وجي من غير شطة ودقة !!
1697,الاوردر وصل ناقص واحد مهلبيه
1698,المستوى كان متدني جدا الاوردر دا طلبت رز زيادة جالي مكرونة زيادة جدا. السلطة كان العلبة نصها فاضي والكريم كراميل دلع والكراميل خفيف كأنه مياه. غير أنه وصل بعد ساعة وربع. اتمنى الاوردر الجي يبقى مظبوط
1699,رجاء الاهتمام بالطاجن
1700,very late
1701,نسيان المعالق والشوك
1702,المكرونه كانت نيه شويه مش زي كل مره خالص
1703,They miss something and they were so rude
1704,التوصيل فقط بطي جدا غير كده ممتاز
1705,wrong items
1706,الاوردر ما جاش
1707,البيبسي وصل سخن واول مافتحته نصه فار
1708,حلو قوي و قلت لهم يزودوا الرز و زودوه
1709,الاكل ساقه جدا و جاي متأخر حاجة سيئة للغاية
1710,الكمية قليلة على السعر
1711,الطعم كشري متبقيش زي الاول
1712,كان جميل اوى و مميز الكمية كافية و مناسبة للسعر الطيار كان محترم و زوق جزاكم الله خيرا كثيرا
1713,الطعم مش حلو ذي الفي الوايلي
1714,الاكل ساقع
1715,طلبت الاوردر بدون حمص جالي بدون بصل الاوردر كان بارد جدا كأنه بقاله ساعة في الشارع.وانا بيني وبين المطعم ٥ دقايق
1716,ايه الارف ده انزل استلام من الشارع ومضايق اوي
1717,علب الكريم كراميل مقلوبة و سائل الكراميل بل الكيس الخارجي و الكشرى برة الطبق كله واقع فى الكيس .. عدم تغليف طبق الكشرى الفويل بالاسترتش قرار خاطئ . بالإضافة إلي وقت التوصيل الطويل مما ادى الي برودة الاكل
1718,تم تجاهل ملاحظتى للاسف و تأخر الطلب قليلا
1719,الاكل كله كان مدلوق علي بعضه
1720,تأخير اوفر
1721,الكشري حلو اوي بس دقة قليلة جدا
1722,الاوردر وصل مبهدل جدا والعلب مقطوعه،وطعم المكرونه ناشف
1723,الدليفري اغلي من المكتوب في الابليكيشن
1724,او سخ مطعم ممكن تطلب منه
1725,Delecious
1726,the food was cold
1727,استغرق الاوردر وقت كبير وكنت قد انتهيت من عملى بالفعل منذ ساعة
1728,فرع التجمع التالت احسن فى الطعم والنظافة من الفرع ده والمفروض ان عامل الدليفرى يكون معاه على الاقل باقى الحساب الاعلى من الفاتورة لكن ده كان معاه فقط 5 جنيه
1729,المكرونه بالخضار جميله والمكرونه بالفراج اجمل
1730,الاوردر بقاله اكتر من ساعة و نص و مجاش
1731,الاكل كان بارد تماما وتأخير في ميعاد التوصيل المكتوب 25 دقيقة ودي مش أول مرة
1732,Was and missing items
1733,الاكل وصل ناقص
1734,it came after one and half hour
1735,canceled my order after waiting for one hour el menus didn't even care to notify me that it was canceled 😤 😒
1736,الاكل كويس بس التغليف الاوردر سئ الارز باللبن مقلوب و مياه السلطه مضلوقه
1737,الاوردر بالكامل غلط
1738,دايما بيتاخر
1739,عبقري
1740,موصلش أصلا
1741,الأكل بييجي سخن وحلو حدا بس الوقت طويل عقبال ما الأوردر يوصل ممكن لو الوقت الاسرع فيما بعد ان شاء الله لان الشغل بمواعيد وشكرا جداا
1742,الاكل وصل متأخر جداً جداً جداً جداً
1743,the price wasnt as in the application
1744,وصلت العلب مقلوبه
1745,ناقص المعالق
1746,الطلب اتأخر جداً عن معاده والرز بلبن كان جاي مبهدل كأنه اتقلب اكتر من مرة
1747,جميل جدا ولكن التوصيل تأخر جدًا
1748,الاكل حلو بس الطيار جي من غير فوتش ولا جاكيت انو المنيوز
1749,ا
1750,الاوردر جه متأخر و الاكل مقلوب فالشنطة
1751,الاكل بارد و السلطة واقعه في الشنطه
1752,بصرحه انضف اكل واحسن خدمة
1753,الاكل ممتاز و الديلفري محترم جدااااااااااااا
1754,الدليفري بيتأخر جدا
1755,ليه الرز بلبن و الحلويات مش في التوصيل ؟؟
1756,التاخير ممل جدا والاكل ببجي بارد
1757,الاوردر جالي بعد اكتر من ساعتين من وقت ما طلبته وطبعا كان ساقع شيئ سيئ جدا وعدم اهتمام
1758,يعني ايه الابلكيشن عطلان ... وليه مفيش فيزا ...ده حيقلل من الطلبات كده لعدم توفير الخدمات المساعده...وكمان الحلويات مش موجوده في برنامج المنيوز يعني تعقيد خالص وعدم تسهيل للطلب لو مش معانا سيوله في البيت
1759,perfect
1760,I didn't receive the order
1761,كشرى من غير معالق يتاكل ازاى 😭
1762,ممتااااااااز جدا
1763,D
1764,سئ للغاية والطاجن مؤرف جدا والمكرونة لونها ابيض والاوردر وصل بعد ساعتين تجربة سيئة جدا
1765,الاودر اتاخر جدا عن المعاد بتاعوا
1766,Missed item and cold food because so late
1767,الشطه دائما حمضانه
1768,not hot
1769,خدمة توصيل ممتازة ارجو فتح الزوم أوسع من هذا
1770,Felt sick afterwards
1771,الاكل جه بارد جدآ
1772,الاكل وصل بعد المعاد المحدد باكثر من ساعة ونص
1773,Lied about the price
1774,الاوردر اتأخر جدا جدا جدا
1775,4 طلبات معاهم بس اضافات لطلبين اللي هم 2 شطه و2 دقه وناقص كمان كوڤر المكرونه.
1776,مؤدب ومحترم و ذوق جدا
1777,مكنش فيه تقلية
1778,بردو التوصيل مكتوب ١١ و يجي يحاسبني علي ١٤ من غير ما نتبلغ المشكله دي مبتحصلش غير في المنيوز بتحاولوا تقللوا من الخصم يا نزود التوصيل يا نغلي عن اسعار المطعم العاديه يا نزود الفاتوره وقت الحساب لو كده بلاش تبعتوا اكواد لان ده مش طبيعي مش عروض و خلاص
1779,مطعم سيئ كذا مره اكون مضطر اطلبه و اندم. لا انصح به اطلاقا
1780,Best koshari in Egypt
1781,"the plate was spilled in the bag, the order was incomplete"
1782,الاوردر اخد ساعتين كتير اوي علي كشري و المطعم جمب البيت
1783,الطعم وحش جدا
1784,اوردر ناقص
1785,دعم فني سيء
1786,تحفه تسلم ايديكم
1787,very expensive vs value
1788,بارد والصلصه مش حلوة
1789,kept saying there's no such building in the street as if im trying to scam him and when i called before him arriving saying that his location is fixed to check he said what is the problem im coming.
1790,we got food poisoning
1791,اول معامله وسيئه جدا جيلى علبه كشرى متاكل منها مش فاهم ازاى بالاضافه الى ان السائق قليل الذوق اديته مفتاح الاسنسير وطلبت منه يغلق الابواب لما ينزل سبهم مفتوحين على اخرهم ومش عاوز يرد على التلفون
1792,كله حلو
1793,خدمة ممتازة
1794,bad experience every time
1795,التوصيل بطئ جدا جدا
1796,الفرع اللي جه من الاورد ب الشكل ده فرع ولي العهد معرفش ده الدليفري وللا المحل الاورد جاي بارد المشكله الكبيره الطاجن اللي جاي مقلوب في الارض و متلم من الارض عليه تراب انا افتكرتها فلفل . حسبي الله ونعم الوكيل فيكم يعني يجي اكل ب الشكل ده لو كنت كلته ...
1797,th order didn't come
1798,لازم يجي الطلب ناقص المشتملات الخارجيه مع ان كاتب في الملاحظات
1799,حلو بس كمان زودو على الابلكيشن الحلويات الرز بلبن وكريم كراميل
1800,طعمه ممتاز
1801,تقريبا جالى بعد ساعتيين من طلب الاوردر
1802,Bad service & bad delivery man
1803,قعد ٣ ساعات والأكل مجاش حاجة في منتهى قلة الأدب مطعم زبااالة
1804,اوردر كشري بيقعد ساعتين علشان يوصلي اومال لو كنت طالب فراخ مشوية كلن جالي ف قد ايه؟
1805,بيتاخر جدا
1806,هو فين اصلا الطلب انا موصليش حاجه
1807,الاسعار ذياده والكميه اقل
1808,لما يكون فيه خصم مش لازم نقلل كمية الأكل ماهو مش انا اللى حاطط الخصم لنفسي.
1809,الوقت متاخر 10 دقيقه
1810,الأوردر وصل ناقص بدون صلصلة
1811,وقت التوصبل مبالغ فيه اوي
1812,Very late delivery. And this is not the first time.
1813,محتاج حد يتصل بيا ضروري عشان مشكلة الاوردر
1814,الاكل اختار و جي بارد
1815,طبق كشري معجن رز و مكرونة معجنين
1816,طلبت حاجات زيادة زي الصوص والخبز مابعتوا زيادة بعتوا يلي بنبعتوا مع الطلب عادةً وحاسبوني فيهوم
1817,في منتهي الاحترام والذوق وحسن المظهر
1818,تمام ممتاز
1819,اللورد موصلش اصلا
1820,مشكلة التأخر في التوصيل
1821,زودت علي الاوردر ومجاش
1822,very expensive delivery fees and order came late .. Although I can go to the restaurant on foot It's 15 minutes away from me
1823,كان بارد جدا
1824,الطلب ناقص علبه شطة والسعر محسوب في الريسيت
1825,مجاش معالق
1826,الطيار محترم جداااا ولاكل جميل الصراحه
1827,بسبب عدم التغليف الجيد وقت البرد وعدم سرعة التوصيل وصل الأكل مثلج غير ساخن تماما - طبق السلطة فقير جدا لا يوجد به اى إضافات وليس له طعم (طماطم+خيار) فقط
1828,I didn’t recieve the order
1829,اخر مره نطلب الأكل كان جاي مش حلو شكله كدا خاب
1830,مكنش بكفاءة كل مرة. ناقص ملاعق. و جه بارد
1831,زى الزفت وسلوك الطيار اخر قله ادب ومفيش اى احترام ولا تقدير
1832,ليه مفيش اضافات رز بلبن للدليفري...؟ سيء جدا
1833,مشبعتش
1834,The delivery guy stole money from me and he turned off his phone. Someone from el menu must call me now because I need to make a complaint This is highly unprofessional and this is a crime to take peoples money and not give me what I paid for
1835,ابقو خلو بتوع التوصيل يطلعو على رجليهم عادي ده اكل عيشهم انا بنت ومش كل شوية اطلع لواحد عشان اطلعو الاسامسير
1836,مفيش عيش مع اني محاسبة عليه
1837,مش زي كل مرة
1838,الاكل كان وحش جدا
1839,need to add more salsa to the order
1840,بصل و حمص قليل قوي
1841,لو سمحت كنت طالب سلطه ومجتش مع الاوردر
1842,اسو مطعم واسو ابلكيشن واسو توصيل
1843,الاوردر ناقص و ياريت حد يتوةصل معايا عشان حاولت اتوتصل كتير بدون رد
1844,الطاجن غير مستوي وسي جدا والبصل ني حرفيا سي
1845,تأخير والاكل بارد
1846,الكشري حلو عجبني ، ياخد 8.5 من 10 بس التوصيل بتاخد ساعة حتى لو كنت قريب من المحل
1847,The delivery took a wrong payment
1848,الطعم لذيذ والكمية كافية والطلب جة في ميعادة شكرا
1849,الرز نسبته كتير اوي والصلصة والدقة قليلة على الكمية
1850,"Late delivery, went to the wrong address even though we spoke multiple times. Never again."
1851,didn't arrive
1852,الاكل وصل بارد
1853,جه ناقص و غلط
1854,الطلب وصل ليا بدون ملعقه
1855,الاوردر ناقص علبة صلصة
1856,great
1857,veeeeryyyyy baaaaad serrrviiiice
1858,الاكل ممتاز ..بس انا كنت طالبه علي اساس انه يجي بعد الاوردر بساعة جتلي بعد ما طلبته ب ١٠ دقايق و مكانش فيه tracking علي الاوردر
1859,Excellent
1860,الاكل تمام بس التاخير ليه ده كشري
1861,الاكل وصل بارد وطعمو زي الزفت شكلو بقالو كتير اوي
1862,الاوردر وصل مقلوب و ماستلمتوش
1863,يافندم مجاليش نص الاوردر ودفعت التمن
1864,bad
1865,تأخر جدا جدا جداا
1866,الاكل جميل جدا و تحفه بجد
1867,اوك
1868,البيبسي مجاتش
1869,تحفة 🥰🥰
1870,el akll matkel meno
1871,محاسبنى على البيبسى و مش جايبها
1872,الاكل حلو و نضيف جداً و التغليف بتاع العلب حلو بس التعليق اللى عندى إن العدس و البصل قليلين جداً عالطبق و الشطة مش حراقة
1873,The order didn’t came
1874,الأكل وصل سخن وجميل جدا
1875,المفروض يتم دفع ٣٧.٥ج وطيار قال ٤٢.٥ج خد ٥ج زيادة
1876,طاجن الفراخ بالظبط قطعتين فراخ تعتبر تاكل مكرونه ببصل كشرى حلو
1877,تجربة سيئه جدا
1878,سى للغايه
1879,خدمة ممتازه والتوصيل تمام
1880,قعدت مستنى العلبيتين ساعتين ونص ... وده كتييييير اوى ع كشرى
1881,I
1882,اتأخر اوى
1883,تغيير لعب الأطفال ياريت يبقى فى عرايس للبنات
1884,ليس كالمعتاد بالإضافة أن كمية اللحم قليله
1885,الأوردر بقيمة والفاتورة مع الدليفري بقيمة أخرى أعلي
1886,جود
1887,بيوصل دائماً بسرعة و سخن
1888,الطيار قليل الادب
1889,Pepsi missing
1890,ممتاز الكشري
1891,في تغيري في السعر بعد لما الاوردر يوصل وطبعا ده يسما عدم الثقه فيكم
1892,اقسم بالله حمضان
1893,التوصيل بيتأخر جداً
1894,الصلصه كانت حمضانه
1895,10
1896,كان وحش اوى الرز معجن تحس انه بواقى اكل
1897,Bad attitude
1898,وقت التوصيل كتير جدا علشان الاوردر يوصل الاكل بارد خالص خالص
1899,تغيير هدايا الأطفال
1900,دايما الاوردر بيتاخر
1901,Order is late for 1 hour
1902,كيس شطه واحد بس لي + الفراخ كان شكلها غريب واترمت
1903,السرعه كويسه
1904,الكشري كان فيه طعم غريب، جربته قبل كدا ومكنش كدا ف ممكن الفرع دا فيه مشكلة
1905,الطيار محترم جدا وانسان زوق 💜
1906,الاوردر موصلنيش اصلا
1907,الكشرى حلو بس ياريت يزود الشطه الدقه والصلصة الي جايه مع الكشرى ويبهر التوست شويه كمان
1908,مفيش لحمة في الطاجن
1909,كل اللي اكل جاله اسهال شديد 😡😡
1910,الكشري كان مليان ظلط
1911,التأخير
1912,تاخر استلام الاوردر
1913,الاوردر مجاش اصلا واتلغى وطالبت باسترداد المبلغ المدفوع للفيزا
1914,في تاخير في الاوردر جامد
1915,There is a receipt in my box !! It appeared to while eating That’s really look disgusting
1916,طلبت وجبه اطفال جت من اللعبه و متأخر جدا
1917,استلمنا ٤ صلصة فقط مع حوالي ٩ علب كشري !!
1918,ياريت تخلوا الدليفرى يحافظ على الاكل
1919,لم يتم اضافة صلصة مطلوبة في الاوردر
1920,MAHADESH YETLOBO MEN AL ELMENUS. ana dafa3at bel credit card w etsa7ab meny el feloos w order gali mokhtlf tamaman we feloos a2alll men el etsahabet w bb3at ashan had yklmny w mahadesh byklamnyy ana mesh mesada2a el nasb walahyek 3azeem!!! Sherka na...
1921,الاورد 6 علب ب 16 و ال وصل لى 5 علب ب 16 و واحده ب 11 بجانب نقص عدد اكياس الخل و الشطه و المعالق برجاء الرد على الشكوى
1922,gmellll
1923,very late delivery came 1 hour and 20 minutes late!
1924,ممتااااااز جدا
1925,انتظرت الاوردر ساعتين من فرع مدينتي
1926,الاكل وصل متأخر و كان بارد
1927,انا طالب الاوردر من الساعه ٧ واصلى الساعه ٩ ومش اول مره تحصل التاخير ده .. والمطعم بيقول بسبب الابلكيشن والابلكيشن بيقول السبب المطعم .. تجربة سيئة جدا واخر مره هطلب منكم
1928,الاكل مش حلو ومش مستوي
1929,غالي اويييي!!!!!!!!
1930,الاوردر لم يصل اساسا
1931,لم ياخذوا بالملاحظة المكتوبه ( بدون رز) و فوجئت عند الاكل بانه يحتوي علي ارز
1932,اوقات بتيجي الطلبات ناقصه صلصه وشطه ودقه
1933,جميل جدا ... شكرا ليكم
1934,طلبت علبتين فويل كبير ..جالي علب فويل صغيرة
1935,فرع عين شمس مش احسن حاجة الطاجن مش حلو زي كل مرة
1936,الوقت كتير فى توصيل الطلب اكتر من ساعه ونصف
1937,لم بتم عمل الخصم علي الاوردر
1938,الفاتوره علي التطبيق بسعر و الفاتوره الي جات مع الاوردر بسعر تاني كوبون الخصم الي استخدمته خصم من التطبيق لكن فعليا الفاتوره جات كامله بدون خصومات
1939,وقت طويل اوي
1940,الاوردرناقص
1941,طعم سيء ووصل بارد، تاني تجربة ليا سيئة مع المطعم لما اطلب اونلاين مرة هنا ومرة من موقعهم، بيكون حلو بس لما اطلب من داخل الفرع
1942,"Came with missing pepsi, but i was given a voucher by elmenus"
1943,الأوردر لم يصل و تم رفض الاستلام بعد ساعة و ٤٠ دقيقه
1944,الطلب مجاش لحد دلوقتي
1945,تم طلب مكرونة بيضاء و جات بصلصة
1946,اتاخر اكتر من ساعه و ناقص الشطه
1947,Good quality
1948,الطعم سي جداااا
1949,تسلم الايادي بامانه
1950,بقي غالي شويه
1951,اوردر يوصل بعد ساعتين ونصف
1952,الطلب مجاش
1953,الطيار اسلوبه زباله
1954,تم تفعيل كوبون الخصم على البرنامج ولم يتم التفعيل على الريسيت الخاص بالمطعم
1955,سعر التوصيل عالى جدآ
1956,Very slow delivery took more than one hour
1957,الاكل بارد جداً
1958,الاوردر وصل متاخر جدا وجاب الكشري من غير صلصة.
1959,بصراحة هايل
1960,الأكل اتأخر جداً ساعتين وجه بارد والكشري في العلب متبهدل خالص
1961,بعتو علب زياده و حسبنا عليها لان خدمه العملا معدتلش الاوردر زي مطلبت منها و كل مطلب لازم يحصل خطا ف الاوردر
1962,خطير
1963,وصل متاخر اوي
1964,المطعم ممتاز جداً باكل من عندكم بقالي سنتين ونص ، احسن فرع باكل فية فرع سفن ستارز مول ، طبقي المفضل (بيج ستار مع سلطة خضراء) لكن في ملحوظة دائما عندما اطلب يأتي الاوردر وينقصه أكياس المعلاق ودي مشكلة بتتكرر كتير أرجو الإنتباه.
1965,ناس محترمة
1966,جيد جدا
1967,الدقة والشطة قليله جدا والسعر اغلي من الكمية
1968,اتمنى لو وقت التوصيل يكون ٣٠ دقيقه فقط
1969,حلو خالص
1970,he requested extra money for crossing the other street of the location.
1971,العلبتين مبعوتين نفس الحجم نفس كل حاجه يا اما الاتنين بيج ستار يا اما الاتنين ستار بلس معرفش الفرق 🤷
1972,الكشري كله مكرونه والتوصيل غالي
1973,perfectly 🥰
1974,كلو تمام بس الاوردار جه ناقص
1975,وقت كبير جدا
1976,الاكل اتأخر جدا
1977,gamd
1978,Something is missing from the order.
1979,اتأخر كتير
1980,بطئ شديد في التوصيل
1981,الاورد بقاله ساعتين حرفيا ، ٣ علب كشري استناهم ساعتين ليييه ؟؟؟!!!!
1982,كل حاجه كانت حلوه
1983,الاوردر اتاخر والاكل بيبيع ورد
1984,الاوردر جيه من غير البيبسي
1985,الأكل مميز وحلو لكن تأخر كثيراً
1986,تسريع الاوردر
1987,الاوردار جاي ناقص
1988,الوردر لسه موصلش اصلا
1989,شكرا المنيوز بجد علي الخصومات
1990,اكتر من ساعه ونص عشان الاوردر يوصل مسافه قريبه وفالاخر كنسلته مفيش اي احترام للمواعيد
1991,bb
1992,نفس الاطباق لما بنطلب من المطعم مباشرة بتبقى بأسعار اقل من الابلكيشن
1993,Delivered too late and cold
1994,كان جااامد والله رهيب
1995,لا يوجد توصيل ارز باللبن على المنيوز مع اني سألت المطعم ورد انه يوجد
1996,حلو جدااا
1997,الاوردر بارد وطعمه عادي مش نفس الطعم الي اتعوده من السيد حنفي
1998,مش حلو وبارد والعيش مش حلو
1999,"The delivery man was so helpful, kind and polite I really enjoyed my order thank you"
2000,nice
2001,اوردر قذر جدا طعم وتغليف فرع مدينتي محترم مش مقرف كده
2002,تسلم ايديكم الاكل جميل جدا
2003,بصراحه الاكل كان طعمه تحفه و نضيف جدا
2004,المطعم معلش ليا الخصم اللي ظهر لي وأنا بعمل الاوردر، والتوصيل 18 مش 15، يعني دفعت 9 جنيه زيادة
2005,الدقة قليلة جداً ع العلبة المفروض كل ما حجم العلبة يزيد الدقة والشطة تزيد كيس الشطة والدقة ثابت لكل العلب !!
2006,delivery time is tooooo much
2007,الكشرى طعمه مش زى كل مره والصلصه جايه فى كيس وكانت قبل كده مع العلبه دى بتيجى فى علبه ووجبه الأطفال صغيره جدآ والصلصه قليله واللعبه اى كلام اول مره تزعلونى😭😭
2008,الابلكشين تمام بس التوصيل غالى قوى
2009,الله ينور بصراحه حاجه جميله
2010,سئ جداً .. حقيقى الطعم مش حلو نهائى و مقارنة بالسعر ميستاهلش
2011,١ سلطه لم يصل ووصول عدد ملاعق قليل
2012,He took more money than he should take
2013,Delicious food
2014,الطلب وصل بدون لتر بيبسي
2015,طعمه زي الزفت
2016,الأكل وصل بدون معالق واتواصلت مع المطعم بقالي ساعة مبعتوش حاجه
2017,اكثر من رائع كالعاده
2018,The order didn’t arrive yet
2019,كنت عامل كود خصم والدليفرى جه قاللى مففيش كود والاوردر جه من غير اكياس الدقة و الشطة
2020,الاوردر اتأخر اوي
2021,Delivery to slow
2022,كان ناقص شطه و الدقه مجووووشش و كمان الاكل كان سئ و الدليفري وقت طويل
2023,اللكل ناقص
2024,الاكل جي مقلوب والشكل غير لائق
2025,Will not order again
2026,معمل وليش الخصم في الوردر
2027,I ordered and paid for two toast bags and received only one!!
2028,اتأخر حوالى ساعتين والمطعم بعيد عن بيتى 10 دقايق مشى انا مشوفتش اوحش من كده حقيقى تجربة سيئة ومش هطلب منه تانى
2029,الاورد كان سئ و اتاخر جداا و الاكل بارد
2030,الاكل كان حلو وسخن النهارده
2031,الطاجن سيئ جداااا
2032,حاسبت علي أسعار أغلي من الابليكشن
2033,الاوردر وصل بدون صلصه 4علب والأرز كور معجنه اسوأ مره طلبت فيها بصراحه
2034,طلبت يكون فى علبتين من غير مكرونه و تم قبول الطلب و مع ذلك الطلب وصل فيه مكرونه
2035,"I ordered food to be WITHOUT rice, but i got it WITH rice. It is about ingredients"
2036,تغليف السلطه سيئ
2037,علبه الكشري مفتوحه ومدلوقه في الكيس
2038,رايى انه مجاش اصلا ودى حاجه هبل أن بتكتب انه وصل ومجاش
2039,انا طالب سلطة مع الاوردر و متحاسب عليها و مش موجودة
2040,ساعة و ربع
2041,اولا الاورد جاى ناقص علبه ستار بلس ثانيا فى علبه صلصله كانت واقعه ومبهدله الاوردر والدعم الفنى عندى مش شغال ومش عارف اتواصل معاكوا تجربه سيئه ودى تانى مره مش اول مره
2042,wow
2043,الاوردر جيه ناقص السلطه ودفعت ثمنها
2044,Delay in preparing food
2045,الأوردر لم يصل
2046,في كشري ناقص مجاش مع الاوردر
2047,البصل كش بره و قليل
2048,الاوردر ناقص واتحسب سعره في الريسيت
2049,متأخر جدا
2050,الطاجن كان سئ جدا جدا
2051,ياريت الوقت يبقي اسرع
2052,الطلب وصل ناقص و الدعم الفني مش مساعد خالص و جالنا بقية الطلب بعد حرفيا 5 ساعات حاجه سيئه جدا
2053,توصيل متاخر
2054,Taste very bad
2055,خد وقت كبير عقبال ما وصل
2056,خطأ فى السعر
2057,♥️♥️
2058,Medium portion is considered small
2059,الدقة قليلة جدا
2060,الاوردر وصل من غير معالق
2061,الاكل جاي بارد اوي
2062,كتبت المكرونة اكتر من الرز الطبق جايلي مفهوش مكرونة خالص وكله ارز
2063,فرع سئ جدااا بدايه زي الزفت اوردر ساعتين عشان يوصل ولما وصل جاي من غير صلصه خالص شغل مطاعم مبتدءه مش قادرين تفتحو و مش مشتحملين الضغط متفتحوش وانا مستني بقالي نص ساعه الصلصه ولسه مجتش و لما نشوف
2064,I ordered 1 liter of Pepsi where is ma pepsi dude
2065,الاوردر وصل بدون الصلصه
2066,جه بايظ ورريحته مش كويسه كأنه حمضان
2067,بصراحه انتم عمركم ما فشلتم انكم تبسطوني شكرا جدااااا 😍
2068,الأوردر موصلش اصلا
2069,الدليفري بيتاخر
2070,الطلب مش كامل معالق معاه
2071,العدس والصلصة الاضافة حجم كبير.. موصلوش بعد انتظار ساعة، وحساب على الحاجة.. الاوردر يجي ناقص
2072,الدليفري محترم
2073,No
2074,كله ممتاز والكشري رائع لكن الباستا طعمها مش متميز
2075,خره خره خره رباله زباله زباله عفانه
2076,الاوردر جالي ناقص لتر بيبسي و الفلوس اتردتلي من الدليفري ناقصه و حاجه تقرف بصرآحه
2077,سلوك الطيار ومظهره في غاية الروعة والاحترام
2078,Cold and so cold
2079,Koshary is so tasty packing of all extra items is very neat.
2080,الطلب ناقص صلصه و شطه و دقه و معلقه لو سمحت عايز تواصل حالا
2081,الاوردر اتلغي
2082,They took the order amount 2 times
2083,الاكا للأسف سئ جدا و الصلصة مش حلوة ابدا فرع التجمع الخامس أفضل كتير دا غير ان الريسيت مكتوب عليه قيمة التوصيل صفر و نا مسحوب مني بالفيزا 18 ج توصيل و 3 ج ضريبة
2084,وقت التوصيل
2085,Vn
2086,Bbb
2087,الطيار قليل الادب، بيتكلم بطريقة مش كويسة
2088,عدم التنسيق مابين الدعم الفني والفرع حيث تم احتساب الاوردر بالمبلغ الكلي وعدم احتساب الخصم المطبق والانتظار حتى تم حل المشكله بعد فترة طويله والانتظار مع الطيار حتى تم استجابه الفرع لطلب الخصم للاسف
2089,v.good
2090,الاكل كان جاي طاز ة و سخن و فوق الممتاز بس بالنسبه لي كطعم كشري ابو طارق احلى بكتير الصراحة.
2091,The restaurant didnt apply the discount so i paid a different amount than mentioned in the app
2092,مفيش شطه جت مع الاوردر
2093,القيمه السعر مقارنة بيطعم مش اد كده
2094,thank u
2095,حلو بس اتاخر اووي
2096,طيار محترم جداً وممتاز
2097,d
2098,الاوردر جالي ناقص سلطه و طبعا مش هرجع الراجل عشان سلطه ياريت يكون في اهتمام اكتر من كده و الاكل يوصل بسرعه برضو
2099,نضيف جدا
2100,كل ما سبق
2101,استلمت اوردر غلط و اتحاسبت على المبلغ الصح بضعف القيمة
2102,الاوردر ماجاش
2103,I haven't received my order till now!!
2104,انا تسممت من السيد حنفي ومش اول مره اكل منو دي حاجة تزعل
2105,الاكل كويس جدا
2106,الاكل جاى بارد جدا و الطعم شىء سىء كل مره
2107,يعنى ايه اعمل اوردر وتبقى الصلصه حمضانه؟؟؟؟؟ بجد حاجه فى منتهى القرف ومش هطلب منكم تانى👎🏼👎🏼
2108,معجن وزي الزفت
2109,الطاجن مفهوش فراخ غير وحدتين وسلطه كانت سيئه للغايه
2110,الطعم كان احلى زمان
2111,سيئ للغاية
2112,الاكل متاخر ساعه عن المعاد
2113,بقالي مع الدليفري ٩ جنيه انا سامحته فيهم بس عيب يعمل كده + اني طلبت بيبسي كنز جابلي بيبسي نص لتر تقريبا
2114,توصيل سيء جدا
2115,الاكل لسة مجاش!
2116,بيتأخر جدا بشكل مش طبيعي و ساعات بيجي بايت او مش طازه
2117,h
2118,بيطول اوي فالوقتتتت
2119,الاوردر مكنش في معلاق
2120,الاوردر ناقص وبلغنا بالنقص ولحد دلوقتي ما وصلش
2121,الكشري غير مخدوم بالاضافات هو ارز و مكرونه تقريبا فقط
2122,Best food
2123,حلو جداا
2124,مابقاش زى الاول
2125,ممتاااااااااااااااااااز جدااااااااااااااااااااا
2126,ياريت كل مره يكون طازج ❤
2127,فى توست طلبته ومجاش
2128,لم يتم احتساب الخصم والاوردر كان ناقص
2129,َممتاز
2130,"plate came with human hair in it, order took 1:45 hours to arrive, it came cold and the drivers attitude was terrible. called me phone to tell me send him his location"
2131,الاوردر ناقص. ....................................................................................
2132,ناقص طبق العيش
2133,الكشرى مش حلو و مش طازج و شكرا
2134,اسلوب منتهي قله الادب من مندوب التوصيل ومعامله منتهي قله الذوق
2135,اتأخر جدااااااااا
2136,Order received more than 2:30 hours!!!! Unbelievable
2137,الاكل بارد جدا جدا و دي اول مرة يحصل كدة ولو اتكررت تاني مش خطلب من هنا ولا من كشري سيد حنفي تاني
2138,وجبه الاطفال مكنش فيها لعب
2139,عالمي
2140,الكشري عبارة عن مكروووونة فقط 😅
2141,The containers were opened and spilled into the packet
2142,طبق التقليه بايته مجلده جدا
2143,I got one pack of salsa instead of 2
2144,koshary packaging was terrible
2145,مستواكم بينزل خصوصا ف الكشري
2146,الطلب اتأخر عن الوقت المحدد بكتير اوي
2147,علب المكرونة مفتوحه من تحت
2148,الاوردر موصلش اصلا والراجل بيتكلم ب اسلوب وحش
2149,احنا كلنا عيينا
2150,الاكل كويس لاكن تجربه الابلكيشن سيئه الوقت طويل جدا غير أن ال٥٠ج كدب
2151,كان سئ جدا ولم يتم اتباع الملحوظات
2152,الطيار قليل ذوق جدا عشان ادتله تيبس قليل خبط تاني وادهملي وقال لبنتي خديهم مش عايزهم
2153,اتاخر
2154,الطلب كان مظبوط اوي
2155,it cost me more than was written in the App.
2156,الكشرى جيه بدون صلصه
2157,ممتااااااااااااااااااااااااااااااااز جداااااااااااااااااااااااااااااااااااااااااااااااااااااا
2158,الاكل اخر مره مش حلو خالص
2159,حضر الطلب متأخر جداً و بعد إستلامه إكتشفنا عدم وجود أحد الأصناف، و إتصلنا بخدمة العملاء الخاصة بالمطعم متأخر لظروف حدثت، كانوا وقحين ،و قالوا أننا إتأخرنا في إبلاغهم، و ملهومش دعوة، و علينا الشكوى لموقع المنيوز. تجربة سيئة و محرجة!!!
2160,الكشري مفيهوش مكرونه غير قليل اوي وبايته
2161,في حاجات ناقصة بالطلب ٢ مهلبية صلصة الطماطم المعالق
2162,did not arrive
2163,مستلمتش الاوردر اصلاً
2164,الطعم مش حلو خالص و الاوردر ساعتين او ساعه و نص لحد ما وصل رغم قرب المسافه معتقدش هطلب منه تاني
2165,tasty about food bad experience because late delivery
2166,Extremely cold and late delivery
2167,التغليف متبهدل و الوصول متأخر والعلبة مهرية ومبعتش معالق.
2168,سعر التوصيل مختلف عن الي كان مكتوب في البرنامج
2169,تأخير زيادة عن اللزوم جدا جدا مع أن الفرع مش بعيد كدة!
2170,الطيار يلبس اليونيفورم لو سمحتم
2171,الاكل كويس بس التوصيل تأخر
2172,الاكل كان بارد اوي اوي بسبب تأخير الاوردر واترما زي ما هو 😏
2173,المشكله قائمه
2174,٨
2175,طعام ممتاز
2176,بطلب دايما وبيبقى جميل اول مره اطلبه ويبقى معجن وبشع كده😕
2177,not good
2178,Worst order ever
2179,بس التغليف محتاج اهتمام اكتر
2180,Great quality and reasonable delivery time
2181,all is perfect
2182,الطلب كان ناقص رز بالبن
2183,الأكل اتأخر جدا
2184,الدليفيري بتاعهم بياكل الاوردر قبل العميل علشان يقيم الجوده
2185,الدليفيري بتاعهم بياكل الاكل قبل ما يوصله
2186,لا توجد ملاعق
2187,خدمة الدعم
2188,جيه متاخر جدا و عشان كده الاوردر بارد
2189,بيتاخر في الوقت جدا
2190,اتاخر اوي بس لكن الاوردر كله كان جميل
2191,delayed delivery
2192,high delivery cost
2193,Salsa is daqqa are not enough for the portion
2194,الاوردر موصلش
2195,مجتش البيبيسي
2196,الكشري كان جواه رمله أو طوبه صغيرة
2197,The crispy toast did not come with the order
2198,مقبول
2199,تمام 👌
2200,b
2201,محدش يشتري منهم حاجة عشان حرامية بجد ومبيعملوش حاجة كويسة طلبت منهم مكرونة بالفراخ من شوية بعتولي علبة كلها مكرونة بس ومفيش فيها ريحة الفراخ وكمان المكرونة شبه مستوية وحاجة زي الخرا مطعم مش كويس وحتي الديلفري قليل الذوق
2202,الكشري جالى من غير الصلصة
2203,لو كيس الشطة يبقي اكبر من كده هيبقي كويس جدا
2204,الاكل جه متاخر و كنت طالب دقه زيده مجتش اصلا
2205,was so cold..
2206,عامل ٣٠ جنيه توصيل والمسافة بينا ٤٠٠ متر
2207,مش احسن من النتحرير
2208,سئ جدا للاسف
2209,اتأخر جدااااا
2210,قرف
2211,no
2212,ساعه ونص علشان الاوردر يوصلنى... على الرغم من ان المسافة بين بيتى والمطعم لا تتعدى ربع ساعه مشى
2213,وقت التوصيل طويل اوي والكشري كان فيه مكرونه كتير ورز قليل جدا كمان الاسعار زات بس ليه العلب تصغر
2214,حلو بس وقت التوصيل
2215,اول مره اجيب منكو كشري و يبقي مش حلو و معجن كده
2216,حبيبى من أيام الوايلى
2217,😋
2218,الطعام اكتر من رائع
2219,مجبليش معالق
2220,الاوردر وصل بعد ساعة و نص و وادفع ١٨ ج عشان الحتة الي انتو شاطرين فيها مش نفعاني
2221,الاوردر جيه ناقص
2222,انهارده الاكل ممتاز والتغليف والتوصيل
2223,بحبه عشان اسم سيد حنفى عزيز عليا . ولكن كشرى حلو
2224,الكميه بالنسبه للسعر قليله
2225,الطلب ناقص سلطه
2226,حلوه اوى
2227,soo good
2228,سئ جدا.... لن اكرر الطلب
2229,Good taste
2230,طلب كان ناقص الشطه
2231,Orde ris worng
2232,رسوم التوصيل من التطبيق ازاي يكون ١٨ ج والمحل قريب من بيتى ولو عملت اوردر بالفون هيكون ب٥ ح او ٧ بالكتير
2233,كان حلو بس مقللين اللحمة شوية
2234,الشطة بتيجي بايظة و ديه مش اول مره
2235,احلى واجمل حاجه بالدنيا انتم تستاهلو خمسه نجوم وياليت لو في سيد حنفي في الامارات
2236,اسوء اختيار بالنسبه لابلكيشن زي المنيو كل حاجه غلط
2237,الاكل بارد جدا والاوردار جاي متاخر يعني مش فاهم اكل حاجه برده
2238,الطلب ناقص وجاي من غير معلاق وبدون شطه ودقة
2239,hot and delicious
2240,100/100
2241,الكمية أصبحت اقل
2242,no taste whatsoever
2243,الاوردر اخد ساعة وخمسين دقيقة
2244,الكشري بجد بروفشنال 😍
2245,"The order was more than late, and it was the restaurant fault."
2246,وقت كبير جدا بالرغم من قصر المسافه
2247,فيه كشري ممكن يتاكل من غير صلصة ، تجربة من اسوء ما يكون
2248,سيد حنفى كان زمان دلوقتى مفيش طعم بالمره والاسعار اووووفر ولا تستحق اى مبلغ وليه تعمل خصم وعرض وتضحك على العملاء فى الكميه اللى موجود على حساب العرض وليه اطلب اوردر من ولى العهد وانا فى شارع عشره يعنى اقل من 5دقائق ويجيلى بعد ساعه ونص والتوصيل 18.24 ...
2249,كل الأكل رائع بس طاجن المكرونه عايز سوى زياده
2250,الطعم اقل من عادى
2251,2 hours late
2252,الاوردر مظبوط و سخن و المندوب محترم و جة في ميعادة
2253,الاكل بقي بيتأخر ويجي مدلوق 💔💔💔💔💔💔💔💔💔💔💔💔💔💔💔💔💔💔💔💔💔💔💔💔💔💔💔💔💔💔💔💔💔💔💔💔💔💔💔💔💔
2254,الاكل جاي متعجن و الصلصة مدلوقة
2255,بطء التوصيل
2256,كل لما اطلب الاقي الاكل من غير معالق
2257,حاجة اخر زفت الاوردر ناقص ورحعلي بعدها بساعة
2258,الاوردر ماجاش معاه غير معلقتين بس للاوردر كله وكان ناقص معالق وشوك للطواجن
2259,الكميه قليله جدا على السعر اللي بيدفع
2260,حصلى تعب فى المعده اسهال جامد
2261,الاوردر ناقص و الفلوس مدفوعه
2262,الكشرى كان معجن إلى حد ما ومكانش احلى حاجة
2263,اسلوب وحش وذود فلوس علي الاوردر
2264,i didn't receive the happy meal toy
2265,اتاخر اوووي
2266,السلطة مجتش
2267,Good Koshari and really good taste. The quality is good and the portions are nice. The packaging is AMAZING! I love this place and I will definitely eat again!
2268,وصل متأخر و ناقص
2269,big like
2270,كل مرة كيس الشطة يكون منفوخ و بايظ و مش اول مره ديه ٥ مرة مينفعش ابدا الكلام ده
2271,Special thanks for the delivery man 🙏🏻🙏🏻
2272,ناقص تقليه كبير
2273,مشكلته التأخير بس
2274,المكرونة مجلده
2275,العدس تقريبا مش موجود وقليل فى الوجبات معظمها مكرونة وأرز وشعرية. والطلب اخد وقت طويل مع ان ده اكل المفروض تعبئة فقط. استغرق ساعة تقريبا عشان يوصل مع العلم المسافة عن الفرع ٥ دقائق فقط
2276,مجاش مع الاوردر كريم كراميل و كان موجود فى الحساب و الدليڤرى قليل الذوق جدا جدا
2277,طلبت عيش ومجاش وحاسبت عليه
2278,الاوردر ناقص ٣ ارز بلبن
2279,تم اخذ قيمة اعلى من قيمة الاوردر المتفق عليها
2280,مطعم زبالة. اطلب اوردر من ابليكشين المنيوز و بعد ساعتين انتظار تلغوه من عندكم. حاجة آخر قرف
2281,الاكل غير ساخن ومليان مكرونه ومفيش رز ..
2282,الاكل جي مدلوق
2283,من اسوء الاوردارات اهمال و تأخير و اوردر بارد و سئ
2284,تم دفع حساب اكتر من المقرر دفعه بالابلكيشن
2285,10 حمصات والطبق كله رز ومكرونه
2286,تسلموا
2287,الرز نى والطعم سئ
2288,Good driver But Missing the crispy toast
2289,الاوردر ناقص ولم يرد الفلوس ولم يرسل المطعم ادوات الطعام من معالق وشوك خدمة سيئة جدا هذه المرة لم اعتاد على هذا من هذا المطعم
2290,عمري ما شوفت اوردر كشري و طواجن يوصل في ساعة و نص و انا علي بعد شارع من المطعم لكن بالنسبة للطعم و النظافة ممتاز
2291,جاحد
2292,the order was all dirty with tomato sauce from the outside even the outer bag and the rice pudding was upside down
2293,الاكل ممتاز، لكن الطيار غريب جدا في طريقة تعامله و كلامه
2294,Very bad!!! I cancel my order because they delay the delivery many times and I waited more than 1 hour and half! And is not the first time! Never more!
2295,He took extra 10 from me and the discount was not applied in the restaurant
2296,i didnt recive my dessert
2297,حبيبى من أيام العربيه فى الوايلى
2298,الاوردر واصل بعد ساعتين وغير كده الاوردر واصله الاطباقه متبهدله
2299,متميز جدا
2300,هو الاكل جامد
2301,كشري ممتاز الصراحة ♥️
2302,مش حلو
2303,الدليفري اتأخر
2304,قولت
2305,صغير جدا
2306,لم يتم اضافة كود الخصم
2307,مفيش صلصة للبيج ستار ومجاش العيش التوست وانا طالب 2 😡😡😡😡😡😡
2308,Got seven up instead of pepsi
2309,كيس شطة واحد بس مع الاوردر
2310,اوردر كله غلط
2311,"expired stuff, rejected and send back to to sayed hanafy"
2312,الطلب بعد ساعة ونص يوصل والعلبه ب٢٠ ناقصة عيب كده والله
2313,very expensive comparing to quantity
2314,the food was very very very baad
2315,Loo
2316,تمام جدا
2317,el kees mkansh feeh gheer taba2 al koshary w bas aala keda mafeesh salsa shata da2a wala hata ma3la2a akol beeha
2318,"Spent the next day in the bathroom , never ordering from it again"
2319,التوصيل سئ
2320,اتأخر شوية بس وصل سخن بصراحة و الطيار جدع
2321,الكشري مش حلو و الرز بلبن أسوأ مما يكون و وحش جدا جدا جدا
2322,food was not hot at all by any meaning
2323,جميل جدا. شكرا لكم
2324,كان في حاجة ناقصة وكلموني وقالولي هتنبعتلك 20 جنيه تعويض ومفيش حاجة وصلت
2325,H
2326,I didn’t receive it !!!
2327,كل مرة اطلبه من غير بصل ويجي ببصل وبرمي العلبة
2328,العدس شبه مش موجود ولازم تطلب معاه اضافة عدس ب ٧ جنيه زيادة وده مش عدل لان العدس مكون اساسي ف الكشري
2329,الرز باللبن مجاش و انت محسبني على
2330,جامد جدا
2331,الاوردر جالى مخالف للي طلبته وللي مكتوب في الفاتوره وجالي بعد ساعه ونص والحساب غير مظبوط
2332,الاكل طعمه حلو وفريش تسلم ايديهم .
2333,"Simple order takes more than an hour just to arrive. Only after speaking to the support is when they delivery guy comes. It happened more than once that I have to wait all that time and I end up speaking to the customer support, only then they do smt"
2334,المفروض مفيش حاجه وصلت
2335,The package I recieved was turned upside down
2336,الاكل واقع في الشنطه و حاجه اخر سوء
2337,خدمة سيئه
2338,مطعم سيء جدا الطلب وصب متأخر جدا ووصل غلط حاجات غير اللي انا طلبها
2339,I like it
2340,تاريخ إنتاج بعييد
2341,الاورد كان ناقص
2342,اسوء خدمة عملاء اتعاملت معاها و منصحش انه يكون موجود على ابليكيشين محترم زي ده و موظف خدمة العملاء اللي بيقبض مرتب و مبيشوفش شغله بما يرضي الله لازم يراجع نفسه
2343,"Delivery was a bit late, but the food was great :)"
2344,تماام
2345,الأكل جميل جداااا
2346,تم توصيل الطلب في ساعتين ونصف
2347,🤘🏾
2348,less quantity than expected
2349,الاوردر اتاخر جدا .. وكمان جاى من غير المعلقه 😡
2350,T
2351,الاوارد فيها غلط ودى مش اول مره
2352,الدليڤري ماكانش معاه باقي للفلوس
2353,يستغرق وقت طويل جدا رغم ان المسافة قريبة
2354,طعمه وحش اوي
2355,the order came wrong and i paid more than the receipt.
2356,موصلش اصلا بقاله ساعتين راى ايه انا مكنتش بطلب منكوا و غيرت المطعم غلطانه انى رجعتلكوا
2357,I didnt recieve the food till now
2358,االصلصة كلها فتافيت طماطم
2359,تت
2360,😍
2361,المكرونه باللحمه رديئة واللحمه المفرومه مخلوطه بتوابل كثيره جدا لتقليل نسبة اللحم!
2362,المكرونه محروقه والاكل وي الزفت
2363,وصل بدون ملاعق
2364,الاوردر ما وصلش و المحل وضح انى استلمت الاوردر و ده ما حصلش
2365,He is very unprofessional
2366,Soo Good
2367,الاوردر اتأخر جداااا
2368,الاوردر اتاخر جدا بس الاكل كان كويس
2369,التويست مش حلو محتاج يظبت عن كدا و يارت تخلوا باكيت للشطة الزيت و أحسن حاجة بعد الطعم و الجودة التعبئة و التغليف مع حتة اللبان الهدية يارت تكون نعناع قوي و تريتنت 👌👍👍👍👍👍👍👍👍👍👍👍👍👌👏👏👏👏👏👏👏👏👏👏👏👏👏👏
2370,الطلب اتأخر ساعه ونص عن ميعاده
2371,الطلب اتاخر والدعم الفنى مش بيرد
2372,متاخر
2373,excellent koshary. great taste and quick service
2374,كل حاجه مظبوطة والاكل حلو جدا
2375,أنا مستلمتش الاورد
2376,وحش جدا
2377,زي الزفت زي الزفت
2378,خره اوي خره اوي خره اوي
2379,الأكل سئ وبارد وفقد الطعم والوقت التوصيل متأخر جدا
2380,طبعا انا كنت تواصلت معاكوا ساعة طلب للاوردر ان الاوردر يكون من غير رز . بس طبعا انتوا بلغتوني انكوا بلغتوا المطعم ، بس طبعا واضح ان يا أما انتوا كدابين يا أما المطعم مش مستعنيكوا. الاوردر عادي جه برز قد كده ووطبعا رميته لان عندي حساسيه من الجلوتين
2381,الاوردر جه غلط مهلبية بدل الرز بلبن و طعمها بايظ اترمت و مجبش ال 7up
2382,🤕
2383,كل مرة الاورد ناقص امبارح نفس الكلام مجبش سلطة مع الاكل وكان كميه مش هستلم شنطة مقفوله وافتشها فالشارع يعني واتكلمت امبارح مفيش حد تابع حتي والمشكله اتكررت معايا
2384,مظبوط
2385,الاوردر وصل ناقص ولم يتم استراد القيمة
2386,سيئ جدا جدا مكرونه معجنة بصل بلاستيك صلصة مرة
2387,it was too late
2388,تأخر جدا جدا جدا
2389,ممتازين
2390,Not tasty at all
2391,Add additional items not ordered
2392,ggv
2393,Very bad experience
2394,حلو اوووي
2395,ناس محترمة جدا بس وقت التوصيل أقل شوية
2396,الملحوظة الوحيدة ... ترتيب الطعام داخل الشنط
2397,حرفيا الطعم يقرف
2398,My rice pudding was missing
2399,thanx
2400,وقت التوصيل حاجه صعبه جدا
2401,Delicious food with high quality
2402,الطلب اتأخر جدا و قعد اكتر من ساعة و نص مع ان الابلكيشن كان ظاهر فيه ان الطيار استلم الاوردر بعد ربع ساعة من طلبه المطعم اتأخر جدا في تسليم الاوردر للطيار
2403,مجابوش الرز بلبن ولما اتصلنا قالو هيبعتو ومبعتوش حاجة
2404,انا طلبت مهابيه فرن واللي وصل مهلبيه عاده الديليفري مش عارف المكان وفضل يتصل بيا ويلف حوالين نفسه
2405,التوصيل بيتأخر جدااااااا مع انه ب ١٨ جنيه والكشري سريع اكتر من ساعه وربع تأخير مش فاهمه ليه
2406,الاوردر جيه متأخر ساعه كامله والاكل كان برد جداا والواحد اخر مره يطلب من المنيو
2407,مستوي ضعيف جدا والارز بلبن معفن
2408,الطلب وصل مفكوك في الكيس و الطلب مبهدل خالص
2409,الاكل كان اكتر من سئ انا علطول بطلب من فرع سيتي ستارز عمره ماكان وحش كده ابدا بجد كنت قرفانه اكله
2410,الطلب ناقص رغم سداد الثمن الاوردر جه ناقص لازم يتراجع كويس للاسف
2411,The order came without the tomato sauce!
2412,Didn’t receive my pepsi
2413,M8iiiiiiii
2414,it was great but the delivery took an hour
2415,tooooooooo bad
2416,"very good timing , professional packing and very good food quality ❤️❤️❤️❤️"
2417,انتفاخ بس
2418,rude delivery person
2419,في علبه مقلوبه في الكيس
2420,العلبتين إلا طلبتهم جولي مقبولين في الشنطه وكمان السلطه مجتليش،اوحش مره اطلب فيها أكل
2421,اخذ الكثير من الوقت
2422,التأخير في تسليم الاوردر
2423,Great food
2424,order was missing the toy in the kids meal
2425,رائع ومذاقه جيد
2426,THE FOOD NEVER ARRIVED!!!!
2427,They forgot to provide with extra salsa
2428,الدقات قليلة جدااااا
2429,اربع ساعات علشان يوصلنى الطلب
2430,good quality and fast service
2431,الدليفرى سئ جدا
2432,الكشري ناقص صلصة
2433,اكل زبالة والبيبسي جي سخن وجاي بعد سعتين
2434,"order came without spoons somehow , like they forgot that make koshary that people will need something to eat it with"
2435,تأخير اكتر من ساعتين في مرتين مختلفين وخدمة العملاء سيئة.
2436,مش لما يوصل الاول
2437,Worst pepsi ever
2438,تعبت و حصل قىء جامد بعد تناوله- لا انصح به! تعبت اوى-
2439,مش فاهم انا طلبت كريم كراميل و رز بلبن اعداد مجاش معاهم معالق المفروض يتاكلو ازاي معلش حاجة في منتهي الغباء
2440,ممتاز لكن مسؤول التوصيل مش كويس، عايز ياخود ١٥ جنيه تبس بالعافيه
2441,لا يوجد معالق
2442,الاسعار غير ملطقة بالريسد
2443,التوصيل كان متاخر للاسف دي كانت أسوأ حاجة
2444,الاسلوب كان زى الزفت من الطيار من طلبات ومن الدعم كل حاجه ف اليوم ده كانت غير مهذبه
2445,استنيت الاوردر فوق ال ٢ و نص
2446,تأخير ساعتين و نص و الأكل مبهدل الشنطة بسبب كيس الشطة ال مبهدل الشنطة
2447,order not delivered yet
2448,الاوردر جاي غلط مش ده اللي طلبته و جاي متأخر ، تحربه سيئه جدا
2449,Very cold food
2450,جميل جدا جدا جدا👍👍👍
2451,الأكل رأع و التوصيل سريع.
2452,التقليه كانت وحشه جدا جدا جدا و الكشري بااارد جدا
2453,Forgot 3 Pepsi
2454,الاكل حلو جدآ بس التوصيل بطيئ حبتين
2455,طعمه مش حلو
2456,يعني ايه الاوردر يتاخر ساعتين
2457,الدليفري رن على الجيران وسببلي احراج معاهم عشان الوقت متأخر والاكل وصل بارد ومش حلو ابدا
2458,الطلب اتأخر جدااااااا الدليفري اتعامل بطريقه سيئه والطلب قليل مقابل السعر والدليفري غالي رغم انه مش بعيد عني
2459,ممطلق
2460,"It was ok , not as good as before"
2461,order is late every time from Hanafy and it's Koshary the fastest meal
2462,لذيذ جدا
2463,very good..انصح به
2464,التوصيل قعد كتيرررر
2465,Was good but he forgot to bring spoons with it
2466,انا كنت طالبة ٢ عيش جالى واحد بس
2467,كان في بعض العلب مفتوحه و اتدلقت في الشنطه
2468,Tmam
2469,ناقص ملح و شطة مجنش
2470,بطني اتناكت
2471,وقت التوصيل جالي بعد ساعتين و السبب الدعم الفني منيوز سلم الاوردر من واحد لواحد لواحد و الاوردر تااه في النص و الاكل جالي بارد و الطعم زفت
2472,كل حاجة وحشة من اول الطلب الغلط لحد التاخير ومحدش كلمني من خدمة العملاء مع ان قالولي حد هيكلمك وكل حاجة وحشة
2473,Also Not adding the promo code
2474,لا يوجد صلصه لكل علبة كشري
2475,Happy
2476,السعر زياده
2477,وصل متأخر عن المعاد المحدد
2478,طبعا سيد حنفي اكلو معروف بس بحب اشكر الطيار وعلي سرعه توصيلو قبل المعاد كمان♥️
2479,مفيش ولا دقة ولا شطة والطلب متبهدل اصلا العلبة كانت مفتوحة و اول مرة تحصل يعني
2480,الاكل مجاش والدلفري معامله سيءه جدا
2481,I always have Koshary Sayed Hanafy’s pasta but this time it was undercooked and not tasty as usual
2482,اسوء اوردر اعمله في حياتي 3 ساعات ونص عشان استلم اوردر وكمان ناقص … اخر تعامل مع المطعم وابليكشن المنيوز ان شاء الله
2483,اا
2484,الدليفيري جاب الاكل من غير الكريم كرميل و خد الحساب كامل و عشان مش انا الي فتحت له استغل الموقف و طلب الفلوس كلها ع اساس الكريم كرميل موجود و هو مش موجود
2485,الاكل جه بارد جدا والتغليف كان متبهدل
2486,اولا انا طالبة رزبلبن بقرع ماجاش ثانيا الحساب عى المنيوز ٤٢ والريسيت جايلي ب ٢٩ وفيه كمان الرز بلبن !!! انا دفعت ٤٢
2487,thanks
2488,شنط يا
2489,ساعتين الا ربع كتير اوي علي توصيل كشري انا مقدر لو في ضغط عندكو بس كتير اوي و خصوصا أنه مش مطعم زي بيتزا و كدة تاخد وقت تتعمل فية لا دة في الطبيعي الواحد بيخش مثلا المحل ياخد الاكل و يطلع مش بيكمل عشر دقائق علي بعض بس ولا تزعل نفسك الطعم حلو 😂❤️😘
2490,Late order didn’t receive it
2491,مساء الخير الرز بلبن كله سيء جدا ووصل كل العلب مدلوقة ومبهدلة وملزقة وعلبه منهم كلها واقعة في الكيس
2492,التاخيير فى التوصيل
2493,الاوردر راح عناوين غلط وعمال يلف بيه انا رافض الطلب
2494,الاوردر اتأخر لكن جودته كويسه
2495,المفروض حسابنا ٧٨ج والطيار خد مننا ٩٠ج
2496,كان الاوردر ناقص
2497,الاوردر ناقص علبتين و لغايه دلوقتي مجوش
2498,The toy in the kids meal is missing
2499,العلبة واقعة ف الكيس
2500,order was 96 egp on app and bill came 106 egp
2501,تأخير الوقت للتوصيل
2502,الكشرى طعمه كان بارد وكميه ناقصه الطاجن طعمه غير مقبول و سئ خالص وكمان شكله بايت وتم اعاده تسخنه
2503,ذي الفل
2504,تم ارسال الاوردر ناقص والاتصال بالمطعم
2505,السعر غير صحيح مع عدم تطبيق الخصم
2506,كشري حلو ... و الطيار زي الفل
2507,not as it used to be
2508,المندوب أخبرني بعد الوصول ان عنواني خارج التغطيه علي الرغم من طلبي من المنيو بشكل شبه يومي ولم يخبرني أحد بهذا الكلام فابرجاء التاكيد
2509,الطلب لم يكن ساخن وتم نسيان العيش
2510,"delicious koshari,clean and fast delivery❤️❤️"
2511,لم استلم الطلب حتي الآن
2512,متأخر
2513,فاشل
2514,كل حاجه كويسه كل سنة وانتم طيبين😍
2515,المكرونه ف الطاجن غير مسلوقه اطلاقا والطعم مش كويس
2516,الرز بلبن كله اتقلب ف الشنطه واترمى
2517,"Delivered late, and the food was all over the package outside the foil"
2518,very delicious
2519,no offer applies
2520,They delivered my order in 90 minutes!!
2521,الأكل سيئ و فاسد مفيش ضمير
2522,not complete order
2523,الطلب ناقص المعلاق
2524,الطبق كله مكرونة
2525,تأخير ساعه عن الميعاد المحدد
2526,I ordered at 6:08pm the order arrived at my door 9:pm (No comment)
2527,الاوردر جيه ناقص الرز بلبن و مكتوب فى ورقة الحساب
2528,only 2 boxes of tomato sauce for 5 koshary order
2529,الاكل كان جي بارد و ناقص لعبة في وجبة الأطفال
2530,arrived an hour later
2531,الاوردر جيه متاخر جدا وبتاع الدليفري اسلوبه مش لطيف
2532,مكنش طازج و حمض في نفس اليوم
2533,didn't even came
2534,الاكل جاى بدون معالق
2535,اتأخر جدا و بلغت اني مش هستلم الطلب و مش انا الوحيد اللي اشتكيت من كده
2536,بطئ في التوصيل
2537,الاكل كان وحش ومحتاج تعويض
2538,delivery expensive
2539,تأخير التوصيل
2540,دايما حلو
2541,توصيل متأخر
2542,الكمية ناقصة العلبة مخرومه ميه الدقه والصلصة نزلت من تحت العلبة
2543,انضف واطعم كشري كلته
2544,برجاء استرجاع قيمة الطلب لاننى لم استلمه... لردائته.
2545,التطبيق ممتاز
2546,الاوردر جاي ناقص طبق كشرى
2547,Amazing food and fast delivery
2548,الكشرى كان جاى مقلوب كله
2549,7 up cans wasn’t clean
2550,expensive fee
2551,خدمه زباله
2552,taste not as expected
2553,I did not recieve my order
2554,الكمية غير كافيه
2555,خدمه العملاء سيئه فى وقت الرد والتعامل مع المشكله و تأخير مبالغ فيه جدا
2556,الاكل سيء جدا غير التأخير الرهيب ، كان زمان كويس لكن دلوقتي زفت
2557,نسي التوست
2558,زبالة الزبالة بجد
2559,١ علبة اصغر من المطلوب
2560,order kan na2es
2561,بقالى ساعه ونص طالب ولسه ماجاش...................
2562,الكشري حلو ، الطاجن معجن ، التوصيل سريع مش بيتاخر
2563,الطاجن معجن وسئ جدا الارز فالكشري كان معجن وشكله بايت
2564,الاطباق كلها متاكل منها
2565,salsa came poured
2566,Salsa was opened and spilled all over the other items in the bag
2567,الاوردر وصل ناقص بعتولنا الاكل من غير اي صلصة
2568,الدليفرى مرداش رفض ياخد ٢ جنيه عمله ورقيه وقالى عايز اتنين جنيه معدن علشان الفلوس دى مش بتتصرف
2569,الطيار ذوق ومحترم
2570,"The order received too late, and the food was not fresh prepared"
2571,not delivered till now
2572,التوست كان كله مكسر!
2573,الرز بلبن وصل واقع شويه في الكيس
2574,didn't get my toast...
2575,الطلب جالي مقلوب في الشنطة وفيه شعر ودي اول مره تحصل ياريت يكون في رد حاسم لعدم تقرار مثل هاذه المواقف التي تعرض حياة المواطنين للخطر و انتقال العدوه
2576,ليه سعر التوصيل زاد لاكتر من الضعف ؟!
2577,حاجه سيئة جدا وتاخير في توصيل الاوردرات استنيت الاوردر اكتر من ساعة ونص وفي الاخر اتلغي
2578,الطلب جه ناقص
2579,كشري مملح
2580,انا وكل من اكل منه نعاني معاناه شديده من مغص قوي ولقد تكرر هذا الامر اكتر من مره مع ناس مختلفه برجاء مراجعة السبب ومحاولة نقع البقول كالعدس والحمص قبل الاستخدام في الطهي الطعم والجوده حتفرق كتير
2581,سلطه كانت وحشه اوي وكمان قديمة
2582,سيئ للغاية ولم يتبع اى ملحوظه تم كتابتها على طلب واسوء انواع كشري
2583,الطيار اخد ٧٠ جنيه والاوردر ب٥٦ جنيه
2584,الاكل كان جيد وسخن لما وصلنا والتغليف كان كويس ووقت التوصيل كان معقول
2585,The order is missing and I paid for the missing items already and you just informed me that there is no delivery to get me the missing paid items
2586,طاجن الخضروات كان حلو جدا
2587,سلوك الطيار كان متعصب جداً في التعامل
2588,5 hours been waiting and didn't even receive the order :) Worst app ever !!
2589,ليه اقعد ساعه و نص عشان طالب كشري من مطعم بعدي ب 100 متر بس عشان بحب المنيوز فطلبت منه بس معتقدش اني استخدمه مره تانيه
2590,كان فيه شعرة في الكشري 🙁
2591,الدليفرى غالى اوى
2592,Order never came and i gave up after 1 and a half hours
2593,مفيش صلصة - الاكل مدلوق - سئ سئ سئ
2594,أنا طلبت الاكل من غير بصل و جالى ببصل
2595,y
2596,في غاية الروعه
2597,المهلبيه جايه تاريخها منتهي مش طازه
2598,معقول و طازج و لكن بارد بعض الشئ و الصلصة خفيفة. تأخير في التوصيل نصف ساعة زائدة. التغليف ممتاز.
2599,last order delivered after 1hour while restaurant is far from my home just 10 min.
2600,لم يتم توصيل كيس عيش توست وتم دفع حسابه
2601,9
2602,I DID NOT RECIEVE MY ORDER AND I ALREADY PAID FOR IT!! EL MENUS FAULT NOT SAYED HANAFY.
2603,بس هو الي جيه رز بلبن مش مهلبيه
2604,الاودرو اتاخر ساعتين والخطا كان خطأ المطعم وليس رجل التوصيل
2605,جميل جدا والاكل سخن
2606,ليه الفرع مش بيوصل لمحليه السابعه التجمع الثالث
2607,i paid extra money 73 pounds not 63
2608,التوصيل غالي جداً جداً جداً جداً
2609,زى الفل
2610,It never arrived!
2611,الاكل لسه موصلش
2612,Order not delivered
2613,وصول الاوردر فيه حاجات متكسره و بعد طلب اعاده الطلب تم ترجيع الفلوس
2614,الطواجن مش مستوية كويس
2615,تحس ان الناس اللى بتقرأ ملاحظاتنا ما بتفهمش
2616,ساعتين ونصف
2617,الاوردر ناقص علبه
2618,they always deliver late. atleast 2 hours to deliver koshary
2619,الاكل أتأخر عن الموعد المحدد ومش عارفه اوصل لرقم استفسر منه عن اي حاجه
2620,كل مره يجي ناقص حاجة تقرف
2621,طعم الأكل مبقاش حلو زي الاول والكميه قليله
2622,بعد الاكل قاعدة اجيب كل اللى باطنى بليل الاكل كان فيه حاجه بايظه طول الليل اسهال وقيء وبطنى بتوجعنى
2623,محروق
2624,والطيار اتكلم بأسلوب غير جيد واضطرني لترك الاوردر مع أمن المنطقة ... تجربة سيئة ولن تتكرر
2625,خدمة الدعم كويسة اوي و طلبت منه ييجي بسرعة و فعلا جه بسرعة جدا
2626,جميل جدا ماشاءالله
2627,الاوردر جايلي بعد اكتر من تلت ساعات و بارد وطعمه وحش
2628,اتاخر بالنسبه لحد جنبنا غير كده كله تمام تسلم ايديكم
2629,للمره الثانيه. اعمل اوردر ويجي ناقص
2630,الكشري كان معجن اكني باكل عجينه مع حمص و تقليه الرز بلبن كان طعمه خفيف مش حلو
2631,الاوردر موصلش أصلا مستلمتش حاجه
2632,So bad
2633,تحفة وتغلف وتوصيل والطعم
2634,Very very late delivery around 2 hrs to bring the order
2635,قلت ان الشطه تكون زيت وجت شطه عاديه
2636,الاكل وصل من غير شوكه
2637,زباله
2638,"As usual koshary is great, and for the first time in years, order arrived on time, thanks alot"
2639,التوصيل بعد أكثر من ساعة و نصف بالرغم من أن المسافة بينى و بين الفرع لا تتعدى 10 دقايق
2640,الوقت المحدد كان ساعه ووصل بعد ساعتين
2641,كان فى خصم ومتحطش و اتأخر ساعتين والمكرونه كانت مستويه بزياده
2642,الطاجن كان وحش جداااا ومحروق
2643,الطاجن حلو بس قطع الفراخ كبيره مفروض تتقطع اصغر من كدا
2644,رز بلبن و المهلبيه طعمها حلو جدا بس التوصيل ساعات بيتاخر قوي
2645,متاخر جدا
2646,الحاجة حلوة بس التوصيل متأخر و كمان خدمة العملاء يومهم ب سنة عقبال ما يفهموا طلب الزبون
2647,جيدا جدا
2648,so poor services. I don't recommend it. the lady hung up on me on phone while I need to know something on the menu
2649,الاكل حلو لكنه اتاخر جداً والتغليف سيء جدا خصوصًا الصلصة العلبة لازم تتكسر عشان استخدمها
2650,There is no salt in the food and was cold
2651,وقت التوصيل طويل جدا
2652,طيار قليل الأدب والذوق
2653,الصلصه قليله
2654,الطاجن تمام بس كان في مكرونه مش استوت وعضم في اللحمه
2655,good food and fast
2656,البصل و العدس قليلين
2657,Ya gama3a el app b2a w7sh awe w kazb kol shwaia tb3to code w link 5asm w agy atlob mfish ay 5asm a el nasb da
2658,طيارين الديلفري بياخدو فلوس فوق الاوردر و مش بيدونا ريسيت
2659,التوصيل غالي جدااا
2660,تأخير الاوردر
2661,زفت بجد اخر اوردر دا اسلوبه وحش حقيقي اللي قبل كده كان اسلوبهم محترم
2662,انا دفعت اكتر من حسابي معرفش لييه
2663,so bad
2664,تمام حلو
2665,التغليف والعبوات محترمه ولكن الكشري نفسه عليه واحدتين تلاته بصل وعدستين وحمصايه ودي العلبه ام ٢٥ ج بيهزرو يعني
2666,الدليفري غالي اوي والمسافه مش بعيده
2667,Very very bad experience The delivery had taken a long time and he called me over 3 or 4 times And it wasn't the first time to had a bad delivery experience with El menus You have guys to improve the app and the delivery system
2668,Delivery took 1.5 hours and again the delivery fees have been adjusted after I placed my order. Delivery fees adjustments happen with all the menus orders to my place.
2669,علي الرغم من تعديل الاوردر بعد طلبه بأقل من 5 دقائق ، تم التعديل ولكن بالخطأ من قبل المنيوز ، وبعد ذلك قام المنيوز بالتعديل مرة اخري بالاوردر الصح ، وقام الفرع بتجاهل كل هذه التعديلات وقام بتوصيل بناء علي رغبته الشخصية
2670,لولا ذوق خدمة عملاء المنيوز بس ( امجد) ، ماكنتش استلمت الاوردر
2671,ماجاش شطه مع الاكل تقريبا نسيوا 🤷🏻‍♀️
2672,every thing is good
2673,تم تغيير سعر الدليفيري بعد الطلب وعمل شكوى للمنيوز وتم الاتفاق معهم على استلام الطل ب بسعره الاصلي لأفاجئ بعامل التوصيل يعطيني الدليفيري بعد التغيير ادارة زبالة ومطعم زبالة
2674,واحد جاء بدون بصل و بدون باكدچ و تأخير في زمن الاوردر
2675,لتاني مرة اطلب منهم و الاوردر ميوصلش و دي اهر مرة اتعامل معاهم
2676,👇
2677,Poor food quality
2678,the price was different when they delivered the order
2679,خدمة وحشة جدا جدا الاكل بارد وصل بعد ساعتين ح
2680,المشكلة بس الاوردر بياخدوقت طويل لحد ما يوصل
2681,اكلت من عنده حوالي 3مرات... اكثر من ممتاز... والنظافة لم ارة مثلها والله... يستحق عش نجوم Shaher
2682,الاورد جاي ناقص سلطه وتوست وشطه زيت
2683,ااا
2684,طاجن مكرونة بالفراخ مفهوش غير حتة فراخ صغيرة
2685,الاورد بيجي من غير معالق ودية تأنى مرة تحصل طلبت الخميس الي فات ونفس المشكلة بردة قولت ممكن تكون غلطة انما لما يتكرر تانى في أقل من أسبوع يبقي كدة في مشكلة مش مجرد خطأ
2686,المكرونه مش فريش
2687,انتو بس قللتو قطع الفراخ اللي كنتو بتحطوها الاول معرفش ليه ..بس الاكل طعمه كويس
2688,Too lateee delivery
2689,يوجد زيادة ٢ج فى ايصال المطعم عن ايصال المنيوز
2690,اسلوبهم وكلامهم زفت
2691,كلو تمام بس الصلصة الزيادة صغيرة جدا
2692,الطعم رائع جدا وخدمه التوصيل سريعه جدا
2693,سئ جدا وبارد
2694,الكشرى جاى والله من غير صلصة
2695,بطيئه
2696,والله العظيم حرام عليكم ارز باللبن بايظ
2697,"all the order without onion and I request just one of them, and the order came without 'shatta'"
2698,تجربة زي الزفت
2699,حصل تسمم بعد الاكل
2700,بتاع الدلافري سرق الباقي
2701,مكانش في عدس خالص انا كنت باكل مكرونه بالارز....
2702,كاتب فالاوردر رز قليل.. يجيلى الكشرى كله رز؟؟؟؟؟؟؟؟؟!!!!!!!!!!
2703,الاوردر ناقص ٢ كريم كرميل
2704,الدليفري غالي جدا ومبالغ فيه
2705,مجاش دقة و شطة
2706,extra salsa was missing
2707,محترم و سريع و شكله لائق
2708,order never been received
2709,التوصيل متأخر جدا جدا
2710,طلبت اوردر ومجاش اصلا
2711,الديلفري بياخد وقت طويل اوي علي حجم و نوع الاوردر دا مشري ف النهايه
2712,الطلب ناقص حاجات انا مزودها
2713,الاكل اتاخر فوق الساعتين
2714,مكرونة كتير ، رز قليل جدا
2715,الشطة والدقة محتاجة تبقى زيادة شوية لكن فى المجمل تجربة ممتازة
2716,طالبة طاجن لحمه.. قاعد اكتر من ساعتين.. بجد حاجة في منتهى الاستهتار.. كأني طالبه كباب و كفته
2717,😀😀
2718,"Didn’t get it, restaurant canceled on me, after telling me that the delivery guy arrived and apparently called me three times (WHICH IS A LIE) so nope horrible prided"
2719,الطعم بقى وحش مش زى زمان
2720,غير راضي تماما عن اللي حصل الواحد كان صائم والاوردر جي علي المغرب بالظبط لا وكمان طلع غلط ، دى تجربة سيئة فعلان
2721,Tmm
2722,خدمة لاباس بها وطعم الاكل مقبول
2723,الطلب وصل بدون سلاطه الكولا كانت ساخنه
2724,Order came a bit late than expected about 15 min The order contained oven rice pudding and i found regular rice pudding not oven type .
2725,الأوردر أتأخر بعد ساعة ونص والطاجن بارد ومقدد والمشرب معجن كاني باكل من محل تحت بير السلم والأكل مطبوخ من اسبوع.
2726,الكشري بارد
2727,The best!!!
2728,مش كشري ده رز على مكرونة على شعرية 🙂
2729,الاوردر وصل بعد ساعتين ونص ومحدش عرف يفيدنى
2730,طعم سئ وكشري عباره عن مكرونه بانواعها والممرنه ال بالفراخ او اللحم مفيهاش ريحه لحم او فراخ
2731,"I have payed 50 pounds instead of 42,5 Because the driver didn’t have any exchange"
2732,The food taste very bad and very bad packaged
2733,الدليغري محترم جدااا
2734,وقت التوصيل متأخر جداً
2735,Didn’t receive the order at all
2736,اسوأ طاجن كلتة بحياتى والله
2737,الاكل كان مدلوق كلة و فى علبة كانت مفتوحة و الاكل كان برا العلبة
2738,Very very late delivery
2739,الاكل جي بارد
2740,The packaging was really poor ... rice pudding was spilled ... pepsi was warm ... and the koshary package was broken at the bottom
2741,ممتار
2742,The order is not complete there is an item missing
2743,هوا انتو كل حاجه عندكو خلصانه كل مااطلب غير متوفر الطواجن امال فاتحين ليه
2744,كل حاجه تمام
2745,worst koshary i have ever had. if i can put less than 1 i would've. very poor taste and unclean. had diarrhea
2746,الاكل جه في شعر
2747,سي والمكرونه مش مسويه
2748,الاوردر اخذ حوالى ساعتين واتصالات ومتابعة ويقولوا الطيار طلع لكن للاسف لا وفى الاخر بعد اكثر من ساعتين الاوردر جه
2749,غالي علي الفاضي
2750,far3 ws5 w t25er w 7aga sa3ba w kol 7aga 5araaaa walahy
2751,طاجن الفراخ عبارة عن قطعة فراخ صغيرة وكله فلفل
2752,شكرا للإتقان
2753,الاكل جه بسرعه لكن بدون صلصله نهائي اساسا مع الاكل المطعم نسي يحط تقريبا
2754,وجبة الأطفال متميزة جدا .
2755,اتاخر جدااا
2756,not good not bad
2757,كان ناقص صلصة
2758,اخر مؤه هطلب كشري
2759,طلبت من خدمة العملاء التواصل معايا لتغير في الطلب بس ماكان في اي رد
2760,ت
2761,i still haven’t received my food
2762,n
2763,سعر مبالغ فيه جدا ولولا الخصم مكنتش اطلب نهائ
2764,وخش و جودة شعبى اوى يعنى مش الانواع النظيفة اللى تاكلها و انت مش خايف
2765,طلبت اوردر واتأخر من ساعتين وكلمت الكول سنتر وتواصلت معاهم ف الشات ووضحولي ان الاوردر قدامه خمس دقائق ويوصل وبعدها بساعتين الكول سنتر قال ان الاوردر لسه مخرجش مع العلم ان تم الافادة بأن الاوردر خرج من الشات لمينيوز
2766,سيئ جدا و الدليڤري يبقعد اكتر من الوقت المتحدد بكتير و الاكل بيكون بارد
2767,طلبنا الاوردر من ساعتين و كل شويه نكلمهم يقولو 5 دقايق و يوصل و هو اصلا مخرجش من الفرع كل ده و قدامه نص ساعة كمان و بجد مش اول مره يحصل حاجه زي دي تقبلوا ليه الاوردر و الكول سنتر ليه يكدبوا و يقولو خرج و هو اصلا مطلعش !!!!
2768,very little 3ads..very little onion
2769,العلب كانت مدلوقه ف الشنطه
2770,جميل وسريع
2771,اتصل يسأل على العنوان وهو موضح بالتفاصيل وفى location ورغم كده بشرحله اتكلم بطريقه قذره وده تانى اوردر وتاني مشكله مع الدليفرى ما شاء الله، بتعينو سوابق بس تقريبا
2772,السلطه حمضانه واترمت شكرااا
2773,مبقاش حلو زى الاول والطاجن المكرونه معجنه
2774,طعم الصلصه حقيقى مقرف جدا وغريب ودا اول مره والرز بلبن وشه جامد ودا برده اول مره يكون كدا بجد الطعم كله مش كويس خالص
2775,اتاخر عن الموعد المحدد
2776,راىع
2777,الاوردر غلط وناقص
2778,استهتار بالوقت و بالعميل.... الطيار اتاخر و لا فكروا يحلوا المشكلة لازم اشتكي .
2779,الشنطه الزيت مبتجليش خالص
2780,الاكل تحفة و لكن الاكل جايلي بعد ساعتين !!!!
2781,2 hours waiting
2782,الكميه اصغر من المعتاد
2783,الصلصة خفيفة اوي الكشري عموما ملوش طعم ممكن اجيبو من اي محل عادي ده مش مستوى سيد حنفي المعروف
2784,ممتاز و الرز باللبن تحفه
2785,الأرز بلبن بايظ، وكان السفن أب اتبعت بدالهازجاجة لتر مفتوحة وناقصة!!!!!!
2786,كان سى جدا
2787,الدليفيرى بطئ بس
2788,الرز باللبن مجاش و حاسبنا عليه
2789,بقالى اسبوع بتعالج من حالة تسمم حسبى الله ونعم الوكيل
2790,الخصم لا يتم تطبيقه
2791,مساء الخير انا كان حسابي عالابلكيشن هنا ٧٦ والمطعم حاسبني علي ٨٨ مش عارف لي معملش الخصم ر٠اء التواصل
2792,المشكله الازليه في موضوع الفكه وباقي الفلوس! الرجاء توفير الفكه مع الطيار.. شكرا.
2793,جيلي ساقع اوى ومتاخر
2794,جميل جدا ،،،،،،،،،،،،،،،
2795,الكشري جه من غير صلصة
2796,الطلب وصل متاخر جدا وخدمه الدعم كانت متاخره في الرد
2797,وجعانى بطنى طعمه وحش جدا وبايت
2798,طلبت بمبلغ جالي مبلغ اغلى واتفاجا بالديلفري بيقولي غلينا سعر التوصيل
2799,الطلب وصل ساعة متأخر عن الميعاد
2800,الأكل سخن وطعمه روعه
2801,السلطه طلبت كبير وجات صغيره
2802,بطئ اوي
2803,Don't deliver the order and stole my money
2804,at first my bill was 32 then u sent a message that it's became 37 .. then when the delivery man arrived my bill was 42 !
2805,lowest rate
2806,الطاجن المكرونه مش مستويه كويس
2807,Double the usual delivery fees and I got my food an hour late. (Two hours of waiting in total) Absolutely unacceptable.
2808,الدليفري جه اغلي ٤ جنيه
2809,الاكل كان بارد بعض الشئ
2810,كميه قليله مقابل السعر
2811,أتأخر جدأ والاكل مكنش سخن
2812,I paid more than 35 I paid 40 le
2813,الاكل كله تمام بس الكمية الي ف الطاجن قليلة
2814,الزر باللبن مجاش في الاوردر
2815,الدليفري سعره أغلى من سعر طبق الكشري وده مكنش متحدد من الأول على الأبلكيشن ، ده عرفته بعد ما طلبت ، ان سعر التوصيل اغلى الضعف .. لأ وانا الي روحت بالعربية استلم الأوردر من الي بيوصل لإنه معرفش يوصلي مع إن البيانات واللوكيشن كله متسجل عندكم ..
2816,very bad
2817,Delivered cold & doesn’t tatse good
2818,كان معايا كود خصم وحصل مني كل الفلوس من غير الخصم
2819,الاكل اتاخر كتير و طعم الاكل وحش و بارد و بمغص البطن و فضلت تاني يوم ع نفس الاكل حصل معي وجع في بطني و اسهال
2820,الاكل وصل بارد جدا ومتاخر ساعتين
2821,اختلاف سعر التوصيل عن المكتوب ف الابلكيشن
2822,زفت الاكل جاي مدلوق
2823,تاخير اكتر من ساعه ونص علي الاوردر صغير
2824,سئ و مغص بعد الاكل
2825,الاكل كان سئ جدا و بايت
2826,الاوردر وصلني متأخر ساعه عن ميعاد الوصول الطبيعي
2827,اوردر جي بعد ساعه و نص و المندوب وقع الاكل علي الارض و اسلوبه وحش
2828,تاخير كتييييير
2829,And I didn’t get the full order
2830,الطلب كان ناقص صلصة مع الكشري
2831,الاكل اتاخر اوي و مجاش و قعاد اتكلم معهم مفيش اي حاجة جات و مفيش اي حد بيكلمني خلاص
2832,متاخر و الاكل بارد
2833,One of the kosharys was half empty cuz some of it fell in the bag itself instead of the plate and the rest was literally hanging from the foil plate.
2834,سعر التوصيل مبالغ فيه
2835,Delivery expensive
2836,They delivered the food without the sauces and the extra salsa wasn’t large as I ordered 👎🏻
2837,المكرونة مش مستوية كويس
2838,طعمه حلو
2839,التغليف سيئ جدا للارز بالبن
2840,Didnt receive it
2841,الاكل موصلش اصلا وخدمة العملا زي الزفت موصلش اصلا
2842,it was perfect.
2843,الاكل كان منتهى السوء
2844,اختيار سئ جدا
2845,الاكل مجاش عيب اوي
2846,تجربة فاشلة و ابلكيشن فاشل خدمة عملاء سيئة جدا جدا جدا
2847,اوردر فطار ومجاش وخدمة العملاء من اسوأ ما يكون
2848,food is delicious
2849,وحش جدا اخر مرو اطلب
2850,My order wasn't delivered !!!
2851,الطلب وصل من غير صلصلة خالص
2852,found plastic inside the koshary
2853,التغليف سئ جدا الاسترتش ردئ للغاية والكراميل كان مقلوب برا الكوب
2854,كنت عايز ازود ع الاوردر وخدمة العملا في الابلكيشن زي الزفت
2855,الاوردر اتلغى
2856,لاقيت حتة من حيطه مكسوره في الطبق اه والله زي ما بقول كده حيطه موجوده وسط الاكل
2857,الجودة سيئة للغاية ووصل الاوردر بدون دقة وبدون شطة وكنا قدام أمر واقع ورمينا الكشرى فى رمضان وقت الافطار واضطرينا نفكر اى شئ ولا انصح بالتعامل معاكم
2858,جيد جدا 👍
2859,مكنش طازه المرادي والاوردر بيتأخر بس مش اوي يريت تظبطو مواعيد التوصيل
2860,الطلب جي بارد ومتبهدل والعلبه مطبقه ع الاخر
2861,the delivery guy was very rude
2862,الاوردر جاي ناقص يا ريت حضارتكم تهتمو اكتر من كده وبلاش اهمال
2863,الاوردر وصل غلط غير اللي طلبته والأكل وصل بارد وكمان كان فيه زيادة في فلوس التوصيل ومتبلغتش بيها وأنا بعمل الاوردر
2864,التغليف سيئ جدا الاطباق كلها مقلوبه على جنبها واللبن طلع من العلبه
2865,١٠٠/١٠٠
2866,الشطه لونه لا يمت للشطه في شئ وردي فاتح ، صبغه تصبغ باقي الكشري بلونها ، بارده تماما
2867,المكرونة تحفة بس صلصلة الكشرى كانت للاسف باردة بس شكرا بجد الاكل جميل
2868,الاوردر جاى مش مظبوط
2869,الطبق الكبير اللي ب ٢٥ ميقضهوش علبة صلصة واحدة ..اقترح عليهم يضيفوا صلصة معاه دائما علبتين
2870,ما حصلتش على الخصم الاوردر ده
2871,Wrong pricing
2872,سئ للغاية والطلب جالى وحش جدا ولم يتم الإنتباه الملحوظات
2873,اتأخر جداً
2874,طعم زى الزفت. كل المكونات سيئة و خصوصا الصلصة اللى كانت بتميز سيد حنفى بقت مؤخرا زى حاجة صناعية مش طماطم طبيعية و دهون عايمة على وشها. خسارة بجد إنه يوصل للمستوى المقرف ده.
2875,طالب علبتين جايين بدون دقة وبعلبة صلصة واحدة فقط للعلبتين
2876,Great packaging
2877,"Too much macaroni, barely any rice"
2878,جميل جدا، الدليفرى محترم، التغليف رائع والعلب ماسكة نفسها. الصلصة على جنب لكل علبة. الطعم جميل ونضيف. شكرا
2879,The taste was not good 😐
2880,محترم جدا
2881,Not bad
2882,Many Thanks 😊
2883,i had diarrhoea because of it
2884,Every order i received awrong order
2885,كمان خدمه التوصيل غاليه
2886,All are bad !!!!
2887,للاسف الكشرى كله مكرونة بس
2888,ممتاز ، أحلى طبق كشري في مصر كلها ، فعلا يستحق التجربة لمن لم يجربه حتى الآن
2889,الاكل حلو جدا بس الاوردر اتأخر
2890,تأخير لاكتر من ساعه .. و الاكل غير طازج
2891,خدمة عملاء زي الزفت والاوردرات بتوصل زي الزفت
2892,المنيوز مشغلين عربجية ف الديلڤري متأخر عليا ساعتين وجاي بأوردر بارد وناقص ومتبهدل وبيقولي وانا مالي
2893,خدمة عملاء خرا من الساعة ١٢ ونص بيلففوني على الاوردر وهما والمنيوز كل واحد يقول مش ذنبي مش مشكلتي
2894,الأوردر بعد ساعة ونص كلمني دليڤري المنيوز بيقولي اصل المطعم مافيهوش توست وانا كل دا ملطوع مستني خدمة العملا بتاعتي ترد، وقلتله تمام هاته بقاله اكتر من نص ساعة لسة ماوصلش يعني عاملة الاوردر بقالي ساعتين وماجاش وكلمت خدمة العملاء ف الابليكيشن قالولي رب...
2895,الاكل طعمة حلو لكن الكمية غير كافية مقارنة بالسعر
2896,للاسف تغير قيمه التوصيل
2897,Delivery is late although I'm near the branch and it came cold and not as expected
2898,سيئ جدا وخدمة التوصيل اسوء الاكل بيوصل بارد وطعه وحش
2899,واضح أن المصالح متضاربة بيت المنيوز و سيد حنفي. الكشري وحش جدا مفيش عدس وتم تجاهل بعض الملاحظات. واضح أن سيد حنفي بيطفش العملاء بتوع المنيوز. هحاول مطلبوش تاني من المنيوز.
2900,Changing delivery fees after ordering and refusing to bring the salsa outside after waiting for 25 mins
2901,طلب بقالو ساعتين ولحد دلوقتي ميوصلش كده كتير
2902,الكشري تحفه
2903,تماماوي
2904,الكشري معجن و الصلصة فيها طعم غريب جدا و وصل بارد اول مرة يجي كده لا تكرر بصراحة
2905,اكل جميل
2906,El akl wehsh awi tagn geh bared we mo2rf
2907,الكشري كان مستوي زيادة ومعجن لكن الأرز بلبن كان ممتاز
2908,"The worst, it gave me food poison"
2909,سئ للغايه
2910,Best Koshary taste as usual
2911,done
2912,ممتاز زي كل مرة
2913,but the delivery was extremely slow over 2 hours for it to arrive.
2914,اتاخر اكتر من ساعه
2915,I payed the whole amount without the discount
2916,Very late delivery and the receipt came in a different amount than mentioned
2917,اوردر ناقص حاجات طلبتها من الدعم الفني. وقيمة توصيل داخل الابليكشن مختلفة عن الفاتورة.
2918,الاوردر كان وحش جدا مفيش عدس اصلا كأنه طبق رز بمكرونة. العلبة كأنها ناقصة ومتبهدل الاكل جزاها. وخدمة العملاء اسوء شيء عشان اغير لوكيشن الاوردر اتلطعت ساعة على الاونلاين. والسلطة كلها كرمب وقديمة ومبهدلة والكريم كراميل كان مالوش طعم. كانها عربية كشري
2919,ddd
2920,very expensive delivery
2921,في مشكلة في التطبيق رسوم التوصيل 11.5 وبتيجي 21 مع ان المكان لا يتعدي 2كم
2922,Had a receipt for 40 pounds which is more than the value stated by the app
2923,اتأخر اكتر من ساعتين
2924,الأكل وصل بعد ساعتين
2925,تمام وسرعة التوصيل
2926,تم عمل الاوردر من ساعتين ولم يصل حتى الان
2927,الاوردر حتي الان موصلش
2928,They forgot to put spoons
2929,مندوب التوصيل للأسف اسلوبه سئ والاوردر ناقص
2930,حاجات ناقصة في الاوردر كل مرة
2931,الاكل جه بارد .. وجه متأخر .. ومزودين فلوس فوق سعر الابليكيشن
2932,الاوردر أتأخر كتير
2933,مكنش كويس
2934,Very bad experience they didnt replace the wrong order though they promised to do
2935,good food awesome
2936,زي الفل
2937,الاوردر اتاخر نص ساعه
2938,الاكل بارد وطعمه قرب يحمض سىء جدااا اخر مرة اطلبه
2939,الدليفري محترم و شخصية كويسه جدا
2940,food did not arrive
2941,طعمه كان وحش اوى
2942,"Came 3 hours late, I ordered at 9:20 and it came at 12:20 It was cold and didn't feel fresh. El Roz bel laban would expire on the same day (it was old). The food was really bad. Horrible experience."
2943,الاوردار جي من التجمع الخامس مع ان الاول اقرب بكتر لينا عشان طلبناه ع بورتو كايرو مول فبشتكي من الابلكيشين نفسه
2944,great fresh taste and satisfying portions
2945,جاي اوردر غلط
2946,Baaaaaaad
2947,اباوردر مجاش
2948,الاكل اتاخر مع انه قريب مننا
2949,مكونات مش طازة خصوصا الصلصة
2950,الكشري كله كان مكرونه مكنش الرز و العدس كانوا قليلين جدًا فمكنش حلو خالص
2951,missed ta2lya
2952,الطعام بارد جدا و الكشري بدون بصل محمر
2953,توصيل سئ والاكل متبهدل بداخل الشنطة
2954,كنت كاتب ملحوظة ان العدس يبقا قليل ف طلب معين!!
2955,الاكل جاي من غير معالق ولا شطة مشتملات الكشري مش موجودة ومحتاجها حاليا ف اسرع وقت أو إلغاء الاوردر
2956,اخد وقت كتير جداااااااا
2957,ياريت بس تعملوا الشوك و المعالق لأنها ضعيفة قوي و بتكسر مع الاكل.
2958,the driver was very rude
2959,ياريت لو في بروموكود اقوي من كده
2960,And missing iteam
2961,the order came without toste
2962,لسة طالبة اوردر جابلي من غير معالق و من غير شطة و من غير دقة و صلصة فقط ازاي!؟!
2963,الاكل كان زايد مملح
2964,Bad service
2965,osamafarid097@gmail.com الدليفري قال الحساب ٦٦.٥ والحساب الفعلي ع الابليكشن ٥٧ تقريبا
2966,Vhbv
2967,طالبه واحد طاجن لحمه وواحد فراخ..جايب الاتنين لحمه
2968,late
2969,مافيش مره مبيتاخرش
2970,Came cold And very late had to wait approximately 2 hours and the restaurant is not so far And there was no support to contact
2971,A little warm
2972,طاجن معكرونه وحش اوي محدش يطلبه
2973,ج
2974,الدقة مقلوبة جوا الكيس و الصلصة مجتش
2975,أين ذهبت أصناف الحلو
2976,الصلصه داايماا بتبقي قليله جداااااااااااااااااا
2977,سيء جدًا، الباستا مكلكعة ، والصوصات والدقة قليلة جدا! وبعت لي الاوردر ناقص ورفض يرجعلي بقية الاوردر!
2978,الطعم مش حلو، وكمية الصلصة والدقة قليلة جدا جدا، وكنت طالبة كريسبي توست ما وصلش!
2979,الاوردر وصل ناقص ناقصلي 2 رز بلبن صغير
2980,الاوردر اخد وقت اطول من اللازم لما بطلب من الفرع بيوصل اسرع او حتي من اي ابلكيشن تاني بيوصل اسرع غير كدا مفيش نوت ف الابلكيشن اضيف حاجه زي عاوز رز زياده مثلا
2981,مطعم مستهتر .. ساعتين للتوصيل و الطلب ناقص
2982,Hot and good
2983,اسؤا مرة أكلت فيها من سيد حنفي، الكشري معجن والصلصة كانت سيئة جداً.
2984,الاكل وقع من الطيار وجه بطريقه مش كويسه وفي كشري ناقص وطاجن مجوش اصلا حقيقي المره دي الوحش من اللي قبلها بكتير
2985,كويس جداا
2986,انا طالب ٤ كشرى و جاى معاهم ٢ صلصه فقط ؟
2987,"I didn't get the offered discount ,and paid the full amount without discount,in the ongoing service I hope correct this wrong case."
2988,اكياس الشطة كانت بايظة و معدتي تعبت و للأسف مخدتش بالي غير لما فتحت الكيس التاني ازود شطة لقيتها حمضانة
2989,الاكل فى دبانة
2990,منتهي الاستهتار اوردر طلباع من ٤ ونص وموصلش واكلم الديلفري الي رقمه محطوط يقولي مفيش اوردر معايا بعد تأخير ساعه الا ربع
2991,الدليفري شخص محترم جدا وشكزا جدا جدا لزوقه العالي ❤️❤️❤️❤️❤️
2992,Too late
2993,الطبق مكنش مليان
2994,الاوردر جى ناقص علبة بصل و بارد
2995,وجبة الاطفال سيئه جدا واللعبه غير مناسبه مع تغليفها لا تستحق ان تحسب لعب لطفل
2996,تغليف جميل والأكل حلو ودليفري محترم جدا. شكرا
2997,الطلب ناقص اللعبه اللى في وجبه الطفل و علبه الصلصه
2998,وحش جدا مكرونة شبه مش مستوية وصلصة مفيش ولا لحمة ودهون اوفر
2999,Terrible taste Very bad no lentils Bad tomato sauce
3000,الاوردر الاخير أتأخر جدااا
3001,طلبت علبة ستار وصلت صغيرة و طلبت ارز باللبن انتاج اليوم وصل انتاج امس للاسف
3002,اونلاين اوردر ... كلفنى ساعة ونص واربع مكالمات تليفون وكلام مع ناس غريبة عشان توصف للدليفرى مكان التوصيل اللى هوه خلف مول بوينت ٩٠ اللى الدنيا كلها عارفاه ... طبعا الاوردر وصل بارد ومالوش طعم واترمى حرفيا. لا انصح بهذا المطعم وانا شخصيا عمرى ما ح اتع...
3003,B
3004,عدم وجود صلصة
3005,الشطة نار جد مش هزار
3006,Did not like it
3007,لاول مره ييجي الكشري بالطريقه السيئه دي كميه بلاستيك مع الكشري غير عاديه للاسف كانت وجبه سيئه وتم رميها شكرا سيد حنغي علي الاكله ااسيئه
3008,Very low quality
3009,السلطه مقلوبه كلها في الكيس
3010,انتظرت المطعم اكتر من ساعه وربع وفى الاخر الاوردر اتلغى
3011,الكشرى معجن
3012,كله تمام بس الاوردر اتاخر
3013,لقيت شعر داخل الطبق
