,comment
0,الاوردر اتاخر جدا ومحدش ساعدني
1,الاكل سئ جدا العيش جي بايت ومفرول والبرحر نفسه بارد كأنه اتعمل واتركن والاوردر جالي بعد ساعه ونص
2,Small portion of fries and very cold
3,الكولا كان ناقص واحدة
4,الاوردر استغرق ساعة تقريبا لتحضيره و لم يحدد انوع البرجر على الطلب مما تسبب لاختلاط الساندوتشات
5,درجة حرارة الطعام باردة ..
6,Bun type was changed to lower quality. Unexpected from Willy's.
7,الساندويتشات تحفة بجد إدمان
8,overcoocked sandwiches
9,Overall it was a great experience but I ordered double mushroom Swiss but they bring a single one!
10,بارد جداً و طعمه سيء وهو بارد 🤮
11,البطاطس باردة جدا و بايتة مفرولة
12,the delivery wasn't on time and I had to complain ad the order was delivered late
13,انا طلباه ع اساس يكون سخن وقت المغرب ع الإفطار ووقت التوصيل كان جالي 5 وتلت جالي خمسه بالظبط
14,عندي مشكله في تمن الاوردر
15,food came supper soggy couldn't eat the bottom bread
16,great i have received the order right away
17,the fries were the worst
18,the food was cold and didin't taste that good like every time
19,الاوردر اتاخر جدا
20,الطعم سئ جدا والاكل كان بارد ورائحة سيئة
21,تشيزي فرايز صغيرة جدًا جدًا جدًا
22,البطاطس جات من غير اى صوص جبنى و انا المفروض طالباها بجبنة و دفعت تمن البطاطس الوديجز اللى بالجبنة و جاتلى سادة فى الاخر ،،، م انا لو عايزاها سادة هاطلبها سادة!!
23,افضل طعم وجودة، عاش استمرو. اول مرة اجربهم ومش هتبقي اخر مرة بكل تأكيد إن شاء الله.
24,من اوحش التجارب اللي الواحد ممكن يجربها اكل غلط ٣ سعات علشان الاكل يوصل و في الاخر الاكل ناقص و مفيش اي حد تكلمو يحل بجد همسح الابليكاشن من التجربه دي
25,احسن دليفري في مصر
26,الاكل بارد
27,All excellent. 👍
28,very cold
29,the food was cold
30,"not even to be rated, worst meal I've had very cold and of course the bread absorbed all the sauces which made it not a sandwich already not mentioning the very late delivery hope u don't have a meal like it"
31,the order was missing fries
32,اجمالي الفاتورة كان 125 ولكن فوجئت بالوصل الاجمالي 139
33,عيش البرجر محروق شوية من تحت الonion rings و البطاطس جايين بارديين البطاطس ناشفة جدااااااااا
34,الاوردر اتأخر جدا و وصل بارد
35,المشكلة فقط هي ان الطيار بيطلب مني انزل استلم الطلب بنفسي
36,خد وقت كبير عقبال وصل
37,وصل بارد جدا ميتاكلش
38,سيئ بدرجة عالية ومتوقعتش كده اول واخر مرة اجرب اطلب
39,البرجر جاي محروق الأطراف وناشف على غير العادة مع الاسف
40,Received the order 50 min late and it was cold
41,Arrived cold
42,البطاطس بس كانت محتاجة تكون احسن
43,تحفه
44,missing the willys cola
45,الاكل كان مخدوم و طعمه حلو
46,حقيقي الأكل سئ جدا البطاطس جت ناقصه طلبتها تاني وحت لقيت البطاطس بقشرها و مسلوقه مش متحمره عمري ما شفت بطاطس ويدجز مسلوقه حد بيقدمها والتأخير علشان الاوردر الناقص خلي الساندوتش بارد كده و طعمه وحش
47,"The food was adorable, but the nacho was too oily"
48,الاوردار جي غلط
49,السندوتش المره دي اصغر من كل مره والبرجر محروق
50,Order missing 2 packets of fries and the bun is too burned
51,زفت الاوردر ناقص
52,الأوردر جه بسرعة بس ماكنش أحسن شئ مش عارف هل ده فرع المعادي مستواه مش قد كده! طلبت قبل كده من المهندسين كان رائع
53,بصراحة عالمي كمية محترمة وجودة ممتازة استمتعت جدا بالتجربة وهكررها ان شاءالله
54,العيش كان محروق
55,ممتاز لكن الجبنة كانت سايحة زيادة عن المطلوب
56,البطاطس سيئة جدا جدا جدا جدا جدا جدا جدا جدا جدا جدا جدا
57,Very bad
58,wrong item
59,Great
60,Good
61,طرش
62,the food is good but was very cold and the fries were soggy
63,طلبت اوردر ولم يصل وتم سحب المبلغ من الفيزا اسوء تجربة على الاطلاق لن تتكرر وتم التواصل مع خدمة عملاء المنيو دون جدوي
64,👍
65,التاخير في التوصيل
66,"The food was good, but delivery delayed"
67,زفت
68,Was good
69,الكميات حلوة جدا و سعره مناسب و طعمه تحفة. يا رب يفضل بالجودة ده علطول
70,تحفة تحفة
71,الاكل كله بارد جدا الشندوتشات و الفرايز
72,Nice job
73,The order was not fresh and was so cold
74,تاخير التوصيل
75,الكوالتي بتاعة البرجر وحشة اووووووي واكنو لمامة اللحم وبيجي بارد ومحروق
76,The cola is missing
77,الناتشو جه مفهوش بيكون ولا هلبينو كان كبنه قطع برجر و صوص خفيف وبصل مش مكرمل
78,تحفه اللهم بارك
79,ممتاز جدا
80,fries tasted like they made it 3 days ago
81,الطعم سي جدا
82,.
83,جامد جداا
84,الاكل بارد جدا
85,البطاطس كانت قليلة جدا و طالبة premium cola مجتش
86,so good
87,😍
88,المنيوز لا يصلحوا المطعم يشوف app بقدر يثق فيه أفضل دة لو عايزين تفضلوا تخدموا الناس
89,الجلافز مش موجود والفرايز واقعه جوا الكيس
90,order is very cold and i didnt like the driver attitude
91,Without fries
92,"cold, cold, and cold. good flavor but always barely warm burgers. won't be buying again from here"
93,سيء بمعني الكلمه وبارد وباكت البطاطس ربعه فاضي سيء سيء سيء
94,الطلب وصل بارد
95,"The spicy beef on the sandwich tasted horrible, but the beef patty itself was fine and everything else too"
96,"Fries were not fresh , actually bad experience with Willy’s restaurant"
97,Didn’t even come this is unacceptable
98,احلى برجر فى الدنيا Delivery man really great guy
99,Excellent!!!
100,طالبه من غير صوص جبنا
101,الاوردر جه متأخر ساعه عن الميعاد اللي مكتوب
102,Ice cold unseasoned fries and cold burger
103,"Order came very cold , so that I had to put it in microwave , very bad experince"
104,الاكل جاى بارد جدا
105,طلبت برجر ريل تيستي دبل واللحمة كانت محروقة
106,لا يوجد بطاطس ولا بيبسي
107,مجاش معاه كيس
108,I had paid another amount of money than what i have ordered
109,Raw chicken not well cooked
110,I didn’t find the fries
111,حاسس أنه ناقص ملح لكن بشكل عام كويس
112,اتاخر جد عشان يجي
113,Ok
114,the delivery man had no change and he told me he would transfer me the change via vodafone cash and till now i got nothing from him
115,fries were not good and not fresh
116,الساندويش محروق العيش و البرجر و البطاطس الشيلي عليها ربع الاضافات اورد وحش جدا
117,يتأخر جدا والاكل بيجي بارد
118,Not good at all
119,الاكل كان في حاجة بايظة كلته ورجعت
120,جميل
121,اول مره يجيلي اوردر العيش فيه بايت كده
122,البرجر جاي محروق 👎🏻
123,gamedd
124,ويليز ممتاز جدا
125,لقمه العيش كانت مختلفه والساندويتش مكنش في بيكن وكان حجمه صغير عن المعتاد
126,Tuhfa
127,Arrived in less than 30 mins
128,ممتاز
129,All good but fries quite little
130,طالب cola جالي مية بدالها
131,The sandwich was smaller
132,في احلى من كدا
133,nice sandwich bread need to be improved
134,قطعة الفراخ كانت محروقة من برة ومش مستوية من جوة كويس .. بتشد
135,"Good food,very late delivery tho"
136,البرجر في قطع عظم
137,Size
138,حلقات البصل كان فيها شعر
139,"Blue cheese tastes off, but overall delicious food."
140,the burger was burnt
141,chese fries are too small
142,البطاطس جت بارده جدا
143,توصيل الطلب بعد ساعتين... تواصلوا بعد ٥ من قبول الطلب بتأكيد ان هيتبدل نوع البطاطس عشان مش موجود .. ورغم الموافقة وانتظار ساعتين تأخير الاوردر جيه اصلا من غير البطاطس لا الأساسي ولا البديل اللي عرضوه
144,The rider was rude!!!!
145,"drowning in wet sauce, horrible branch."
146,the order include Fries but didn't exist in the order
147,I paid more than the price on App My order was 229 LE and i paid 269 LE
148,"Driver delivered me a wrong order within my order , I gave him back most of the unwanted items and refunded him for minor losses , he kept demanding more money and he's still texting me about it"
149,المشروب جه مدلوق نصه ومرضتش استلمه
150,5 Stars as usual
151,tbh its the best burger i have ever had 🔥
152,the strips supposed to came with blue cheese sauce
153,Missing items
154,المشروم طعمه سئ جدا
155,البرجر جيه محروق والطعم وحش جدا. تجربة سيئة
156,الفراخ نية انا اسنتيت اكتر من ساعتين عالاوردر وطلعت نية في الاخر
157,the best burger 🍔 I love it
158,الاكل كان وحش و جي بارد اوي
159,Arrived with only 2 of 4 soft drinks
160,1 Star for Delivery ..
161,"good flash offer , packaging and taste were great"
162,الاوردر فوق العظيم بجد وده العادي من. ويليز،. والطيار اللي وصل الاوردر قمة فالادب والذوق وبشوش
163,بقيت بتستخدمو لحمة سيئة جدا واكنها لمامة اللحمة البائدة وكلها عضم وحاجات غريبة ليه كدا كنتو من احسن الناس الللي بتعمل برجر
164,Escalated
165,B
166,Burger very delicious but unfortunately very very bad fries oily and cold
167,حلو اووي
168,فيه واحس willy cola كان ناقص
169,❤️
170,"This was the most not good sandwich i ate from willy, i used to say best burger, i got disappointed"
171,"The burger itself was okay, but the fries had burnt black bits and tasted like they were fried in old or dirty oil. Really disappointing."
172,"the mushroom burger didn't taste good , the classic one is tasty tho (I don't remember what each was named tho)"
173,تحفه بجد جيه جوسي كده ومتغرق كان تحفه
174,Not seasoned well .not as expected was first time
175,الاكل وحش جدا و ديه مش اول مره تحصل معايا و البرجر محروق و البطاطس مجلده و العيش مش طازه
176,It come super cold
177,the sandwich is very good but the offer actually needs fries and a drink.
178,الطلب اخد اكثر من ساعة فوق الوقت المحدد للوصول
179,الاكل حلو وجيه بسرعة ✨
180,Got food poisoning from the food Also fries was inedible
181,Nacho sandwich wehesh awy
182,The bun was burned on the edges and the portion of the dessert is not worth the price.
183,البرجر فى سندوتش سموك هاوس باربكيو كان محرووووق جدا
184,بعتوا بعض السندوتشات بايته
185,Very bad driver attitude
186,Fries was so dry and the portion was very small
187,Perect thanks
188,شكرا ويليز الأكل تحفه
189,Tasted good but the soda exploded and burger was a bit messed up
190,zefat we 2atran ala demaghko order bared we oder magash we nasabin
191,ساندوتشات محروقه وزي الزفت
192,missing items
193,cold
194,ده تاني مره ورا بعض الساندوتش يجي متبهدل والعيش متقطع والسانتودتش تمسكه في ايدك يكون العيش مهري ومتقطع يومين ورا بعض نفس المشكله… نفس الكلام للبطاطس محروقه
195,order arrived very late
196,missing item always missing items the sauce is missing but I don't have any problems with the driver
197,Cola was missed from the order
198,التوصيل اتأخر عن الوقت الي متحدد ب ٢٠ دقيقه
199,Really delicious! Well wrapped. Fries could be slightly improved still it was crunchy and good but could be better. Best burger you can get with this price.
200,الاكل بارد والبطاطس مليانه زيت اووي وبارده
201,order took 2 hours to be delivered
202,الاوردر بيتاخر اوي
203,اتأخر نص ساعه عن معاده
204,البرجر محروق
205,order was fresh and delicious
206,الكولا مجتش مع الاوردر
207,أسوء توصيل
208,"The Fries were cold, and the postion if fries were very little."
209,Taste not good
210,worst order ever
211,took long to deliver.. but delicious
212,Slow delivery (20mins late)
213,طعم لحمه البرجر مش حلو خالص مختلف عن العادي
214,M
215,"The food was cold, something tasted burned, the chicken was so so dry and hard to bite and chew. I ordered the blue cheese sandwich. and it barely had any blue cheese sauce. Very disappointed in the food."
216,إلى فى العرض غير إلى فى المطعم عرض اقل من السئ
217,بارد
218,ممتار
219,Very oily not as usual
220,Nice experience
221,I did request for one cola and one creamy soda and got 2 creamy soda And this is not the 1st order to do so The last one was the same So last 2 orders with the same issue
222,fries not good portion has decreased a lot
223,الساندوتش وصلني بارد جدا
224,الاكل مالح بطريقة غير مقبوله و الفراخ متسوية زيادة اوي وفي زيت قديم ......ساندوتشين ب ٥٠٠ جنيه المفروض الكواليتي تكون احسن من كدا
225,Cold fries Small portion
226,بس حرام عليكم كل شويه بتغلو اهدو شويه في حاجه بجد
227,الملح قليل اوي و حاسس ان الساندوتش ملوش طعم
228,Goof
229,The burger was served cold
230,جميل جدا
231,Fries portion was so small compared to the package
232,"Delicious and very good portion, good price. Beef patties are tasty and fries are fresh good and crisp."
233,Missed an item.
234,The driver arrived late because he had to go somewhere else first!! he told the support that he had an issue with the bike and then he told me that there was heavy traffic in el korba so he had to go through gesr el sues!!! the food was very cold!!!!
235,burned and cold late delivery
236,الاوردر اتاخر نص ساعة عن وقته الموضح
237,very bad service & quality of burger 🤮🤢 unfresh & unhealthy burger 🤮
238,كان هناك تاخير في التوصيل حيث استغرق اكثر من ساعة وربع الساعة وجاء باردا
239,Really filling but the patty is not as juicy or as flagrant as the one in the maadi branch. I hope that changed
240,الاكل وصل بارد
241,ناقص صوص الماسترد بالعسل
242,baf
243,تاخر فى التوصيل على الرغم من المطعم يبعد ١٠ دقايق فقط و الاكل وصل بارد جدااااا
244,بجد اول مرة يجي سىء كده، الاكل بارد جدا، الصوص معدوم، كواليتي البرجر كمان. لا حقيقي مش حلو خالص النهارده بجد حرام
245,يعني اخدتوا فلوسكوا كاملة وانا الاوردر ماجاليش! عيب يعني والله الواحد بيتعامل مع حرامية فعلًا!!
246,زي الزفت
247,terrible packaging and delivery the food was a mess.
248,طلبت هالبينو ومجاش
249,The order delivered very late & so late Taste bad
250,جامد الا البطاطس
251,over 2 hours to be delivered. They didnt assign a driver for the first hour so i had to reorder and speak to multiple peiple just to get the order after 2 hours.
252,"fries were so salty, crazy ass salty"
253,"both sandwiches were on spot, whether the original cheese burger or the buffalo nacho chicken"
254,حجم البرجر صغر عن كل مرة و الصوصات أقل
255,the chiken in the sandwich in very small
256,Patty tastes bad and a little burned
257,ستدوتش تشيز برجر جاي بدون صوص جبنة!!! و الطماطم بايته و الخس مش نضيف
258,Packing not good
259,They missed bringing 2 Sodas
260,البرجر كان حلو اوي و الناتشو شوكلاته مارشيميلو خطيره جدا
261,The only time I get the Nacho burger and it tastes that bad!
262,The burger is not well cooked and there is a strong fatty taste which is lined up all parts of the mouth
263,البرجر جميل و فريش و كل حاجة جواه فريش سواء صوصات او مشروم و حتى العيش نفسه تجربة جميلة جدا مشكلتى الوحيدة بس ان سعر التوصيل غالى شوية ٦٥ جنية رغم انه جنب بيتى بالظبط
264,Good was very cold and not fresh… disappointing experience
265,The food was cold and the patty and fries weren't fresh
266,Arrived Cold
267,الطلب تأخر في حدود ساعتين و مش اول مرة تحصل
268,"the sandwich was messed up, and the soda drink was shaken so hard it literally exploded upon opening, and this isn't the first time"
269,they didn't send the mustard sauce
270,Too late
271,The fries packs was almost empty
272,It needed a little bit more sauce. Other than that it was pretty tasty!
273,Driver didn’t bother to open the open front gate and had me go down to find it already open. What a service.
274,غرق البرجر زي التيتانيك
275,I wanted the drink cream soda and got the blue passion
276,"the burger tasted so bad and so dry and tastless, no sauces and no taste. poor quality meat. poor quality bread. i requested addition to the sandwich and paid for them and they were just not there. i am so disappointed and regret paying moneto u"
277,Order didn’t arrive
278,C4
279,الاكل حلو التوصيل بطىء وصل في ساعه وتلت
280,chili cheese fries was a bit not fresh
281,No ranch sauce in the order
282,Didn't bring the cola that was supposed to come with the order
283,Amazing burger 🍔👏👏👏
284,أول مرة اطلب منكم و الاكل فوق الممتاز وزن الساندوتش ال ٢٠٠ جرام ٣٥٥ جرام و العيش فريش و اللحمة كويسة و المشروم فريش و الاوردر جه بسرعة و الباكنج ممتاز بجد شابوه
285,الاكل جاي بارد اوي لو مكنتش دفعت تمنه مكنتش استلمته
286,"My ranch cup never came i ordered it extra ,and the portion of cheese on the fries is so little just stuck on the bottom nothing on the actual fries !!!!!"
287,الاوردر اتأخر اكتر من ساعتين و الاكل جه بارد وحش جدا اخر تعامل
288,الاوردر اتأخر جدا
289,تشكن محروقة واكل ملوش طعم
290,سيىء جدا السندوتش عبارة عن شوربة زيت
291,اللحمه كلها شغت
292,Too cold and some of the beef bacon was not chocked fully and took too much time to be delivered
293,الاكل كان بارد و الاوردر مكنش حلو
294,البرجر روعه والعيش ممتااااااااز
295,Very bad experience and really worst nacho and beef burger sandwich
296,الاكل طعمة سيئ والكمية أقل من اللي موجوده في المنيو
297,البرجر محروق. اوحش تجربه برجر فى حياتى. وحش اوى اوى اوى
298,حلو
299,delivery time is 2 hours!!!
300,الاكل جاي الصوص ال جواه كله واقع بره والاكل جاي دافي مش سخن.. الجودة سيئة مقابل السعر ... العيب من Willys نفسه مش من بتاع الدليفري
301,أجمد برجر فى مصر
302,الاوردر بارد جدا و مجلد
303,السندوتش جاي ناقص نص مكوناته شريحة لحمة وعليها جبنة وبس .. اسوا تجربة من ويليز ومفيش شكاوى في المنيوز
304,Very bad handling of orders by the branch. A terrible experience
305,Kn
306,مختلف عن المطعم تقريبا عشان فيه خصم
307,order arrived very late and food was cold. Fries was horrible
308,"Hello. This burger is basically meat, sauce, onions and the bread! Other than I specifically wrote to NOT FORGET THE LETTUCE NOR TOMATOES, they are also included in the marketed picture and in the description (at least the lettuce). This is not the f..."
309,Ranchy chicken is the worst thing you can ever taste
310,didn't get the order
311,الطعم سيئ واللحم محروق اول مرة بطلب وبيجي سيئ هيك
312,"Offers are insane food is great, new favorite"
313,Cold due to late delivery
314,حلو جامد ، بس تحس انك بتاكل لحمة مفرومة مش برجر
315,Cold food
316,البصل طعمه مش حلوكتير اوى وليه طعم.اوفر كده وحلقات البصل الطبقة اللى عليه معجنه ومفكوكه ولحم البرجر نفسه مقطع مش قطعه لا فكه من بعضها كأنها لحمه مفرومه مش برجر
317,El soda gaya sokhna awy bs
318,الاكل بايت و بارد
319,Worst delivery ever
320,not juicy as before
321,الاكل لم يأتي
322,🔥
323,الأكل لما وصل كان بارد والسواق لقيته بيقو انه فضلنى انا ع اوردر تانى كان معاه وجالى انا الاول مع ان الاوردر التانى كان جايله الريكويست بتاعه قبليا (غالبا بيقول كدة عشان اديله اكرامية بس ده اسلوب وحش جدا لطلبها) ولما سألته هو ازاى بياخد اكتر من طلب م...
324,Bread not fresh. Patty too thin for the bread
325,onions was smells very bad
326,العيش مكنش احسن حاجة يعتبر مفرول
327,العيش يلي معمول فيه البرجر قديم وناشف
328,order came late
329,الاوردر مان وحش جدا انا بطلب علطول الساندوتش ده المره دى طعمه وحش جدا البرجر نفسه طعمه غريب و العيش بايت و بيفرول بجد بشع و الساندوتش بارد و زى ما يكون بقاله ساعه
330,البرجر محرووق!!
331,delicious burger sandwiche 😋
332,the sandwich and fries were cold and soggy
333,بس البطاطس محتاجين يشتغلو عليها
334,"Not significant , good price , sandwich quality is average"
335,The fries and the sandwich weren’t hot
336,الاوردر اتأخر اوي
337,Thanks for responding and dealing with the problem
338,الاكل كان بارد وسيء والبطاطس باردة و وحشة جدا ومجلدة غير انه قعد كتير اوي على ما وصل
339,Disgusting the worst burger I ever ate it was rotten inside
340,تأخير التوصيل و الاكل كان بارد
341,Always as expected. Very good quality according to the prices. One of the best burgers you could taste in this level.
342,everything was more than perfect q11
343,food was good but the driver's behavior was bad the order coasted 300.45 so I gave him 301 to give him all his rights then he treats me bad for doing that get this driver out of elmenuse
344,Fries is very bad
345,الاوردر جي ناقص كنت طالب sauce و دافع فلوسه انا كل مرة استخدام الابلكيشن الاكل يجي ناقص
346,نص البرجر كان محروق للاسف
347,في كولا منسية مجاتش مع الاوردر
348,low quality sandwitch
349,،order was late very late no fires and only 2 sandwitches out of 3 worst experince in my life never gonna use menus again
350,الاكل بارد جداااا البطاطس كأنها بقالها يومين مجلده جدااا و البرجر محروق و طعم الحرق باين بجد سئ جدااااا
351,"The captain stopped at many stops, and the order was so cold. totally bad experience and sure will not repeat it."
352,الأكل متأخر 20 دقيقة و جه بارد و البطاطس كانت بايتة
353,سندوتش رائع
354,friskis are burnt !!!
355,للاسف الخبز ناشف وطعم اللحمه مش احسن حاجه ومش مستويه اوي
356,"Very late delivery , food was so cold"
357,The food was good but it was cold
358,the driver was very nice and decent he is a wonderful man the food was delicious 😋 ❤️
359,فيه حاجه ناقصه ف الاوردر
360,مجاش اصلا
361,الساندوتش هايل لكن البطاطس صغيرة جدا وغير متناسبة مع الوجبة
362,الاكل جه من غير كولا رغم اني دافع تمنها و سألت الديلفري عنها قالي الاوردر كده بس
363,"definitely one of the best experiences with willy's kitchen, 10/10 thank U"
364,"order was without the drink, other than this everything is okay"
365,ابني جاله تسمم من الاكل و انا علي طول بطلب من ويليز بس خلاص مش حطلب تاني ، ركزوا في النظافه
366,البطاطس سيئه جدا
367,the second drink didn't arrive
368,الاكل وصل متاخر ساعة ونص
369,The bun was stale and the burger was overdone. Almost burnt and stretchy
370,السندوتش المفروض فيه جبنة لقيتها مش موجودة وكمان طلبت صوص جبنة طلع من غير صوص الجبنة
371,الاكل بايت و سئ جدا حرام هليكم
372,Cheese was awful 😞
373,Lots of black pepper in the sandwich. Not very much tasty. The wedges didn’t have any spices on it.
374,Burger is perfect but the fries was cold and very small portion
375,T
376,غير ساخن
377,كل مرة الاكل بيكون حلو بس المرة ديه لا البرجر فيه حتت كتير محروقة والبطاطس كانت مجلدة
378,The food was cold and the soda popedin my face
379,"app said estimated arrival at 1:49. the driver arrived at 2:15. also, the customer service on the app was far from useful."
380,"Delicious burger, good portions"
381,عكس التوقعات
382,Late delivery and the food was very cold !!!!!!!
383,الحجم والحشو قليل بالنسبه لحجم والسعر
384,طعم السندوتش ممتع وطازج
385,الاكل تحفة. بس مندوب التوصيل كان سيء. الطلب بآخر اليوم (مش اول طلب و مفيش معاه حاجة)، و مكنش معاه جنيه. لا فكة و لا حتى ورقة خمسين او مية. و لو فعلا كان صادق، أقل حاجة ممكن يعملها ان قبل ما يخرج يسلم الطلب، ياخد من الفرع فكة مناسبة للطلب.
386,The honey mustard sauce was missing
387,الكابتن بيتكلم بأسلوب زي الزفت
388,البطاطس وحشه جدا وبارده وده مش الطبيعي بتاع ويلز والديليفري متأخر علطول في المنيو
389,It was really bad and I wouldn’t recommend it to anyone As ususal french fries were not fresh Sandwich was not that good Overall a bad experience
390,amazing as usual with very reasonable pricing
391,الأكل بارد وغير طازج
392,البطاطس بارده جدا والاكل طلبت فيه اضافه بيكون ومجاش في بيكون مع اني دافع تمنو
393,طلبي كان سندوتش ١٤٠ جرام والتاني ٢٠٠ جرام.. ولكن اللي وصلني سندوتشين ١٤٠ جرام!!
394,we love the food . But always came cold
395,It’s perfect !
396,قطعه الصدر ناقصه تسويه والبطاطس باااارده
397,حادق و مملح جدا جدا
398,Order delivered an hour late cold and tasteless
399,البطاطس سيئه تاشفه جدا اكنها بيته
400,الأكل وصل محروق
401,More than amziiiiiing 😍😍😍
402,Both Nachos were good but the strips and fries were a nightmare
403,Chicken piece is soo thin and dryyy and refried i can hardly bite and chew it!! So disappointed
404,طلبت ناتشو و جاى مزيت و طعم العجينة سئ
405,لحد دلوقتي مجاش باقي الاوردار
406,b8g union alot of souse
407,"issued complaint through chat on delivery being as he went to drop another order far from my place after picking up from the restaurant. and the ordered i received is cold & messy all the fries and appetizers were thrown out, and drinks splashed due..."
408,Chicken was received instead of burger
409,i order nacho bbq sandwich but they forget to add bbg sauce to the sandwich so it was tasteless
410,كان من غير صووص خالص
411,"The order took so long to deliver, the restaurant is 10 mins away."
412,ميشبعش
413,الفرايز سيئة بشعة الأوردر متأخر
414,الطلب وصل بدون البطاطس 🙄
415,Late
416,What the hell is this?!!!
417,احلي مره كلت فيها الساندوتش حجمه كبير مش زي كل مره وبجد كل حاجه مستويه ومعمول باتقان بعكس كل مره بيبقي البوهارات زياده والعيش مبيبقاش ملفوف حلو والكميه بتبقي صغيرررره جدا شكرا للطباخ المشرف علي الساندوتش النهارده
418,This time is the worst chips ever !!!!!!!!!!!!!!!!!!!!!!!!!!!!!
419,لمن يصل الطلب كامل
420,Burger was bad and not well done
421,the robo answer time is wrong and has no actual solution just there to waste time. food arrieved 1.5 hr late dipping pacaked broken and flipped in transparent bag the driver can see through it.
422,sandwich was freezing
423,very tasteless for a burger called tastey or whatever
424,all good
425,الخس مش احسن حاجة لانه متقطع مش صحيح وصوص قليل ورغم الاوردر جاي بسرعة بس السندوتش بارد
426,cold fries
427,العيش مش طازج
428,"Super tough and old chicken, salty, uneatable, and disgusting.."
429,الطعام جيه بارد كالعادة وأظن انها مشكلة تأخير في استلام الاوردر مش مطعم
430,Missing fries and late
431,food was cold
432,"good food, good quality and different one , good experience"
433,جالي تسمم
434,Cola always comes without soda due to the delivery circumstances
435,He was amazing and very polite and kind😊
436,كل حاجة جميلة جدا ماعدا العيش بايت
437,انا طلبت دبل الي هو280 جرام حاجة زي كذا جاني 140 جرام!
438,الاوردر جيه ناقص السبايسي الانا دفعت فلوسو بس انته بتعمله كده دايما كل مرة اطلب ورتين ورا بعد اوردر يجي تمام والتاني يجي في مشكلة حوار غريب بصراحة و الفكرة ان المطعم كلمني
439,طالب اتنين رانش صوص جالي واحد بس وانا محاسب علي اتنين ب ٣٦ جنيه
440,food was good but the delivery was too late
441,جالي تسمم منه بعدها بكام ساعة بطني فضلت واجعاني جامد و صحيت من النوم دخلت الحمام 4 مرات و رجعت كل اللي كلته و لسه بدخل الحمام لحد دلوقتي. سئ جداً، مش محافظين علي نظافة اكلهم، لحد دلوقتي ريحته في مناخيري و خايف ارجع تاني بسببه، تخزينهم زي الزفت . بجد ...
442,Fries were not good enough
443,Didn’t receive the order
444,الاكل جه مجلد و بارد
445,"Chili Chili was amazing. Smokehouse BBQ is progressively getting worse—trash ""beacon"". The Burgers were mislabeled on the wrap and this is problematic with a chili and non-chili sandwich."
446,كل مرة اطلب بطاطس فريسكس ينسو صوص ثاوزند ايلاند عديتها مرة و اتنين بس مش كل مرة
447,good and really tasty
448,الفراخ كانت ناشفة جدا مبتتمضغش
449,Basterma was sooo bad
450,Food was SO LATEE!! But driver was amazing
451,the order was cold
452,الاوردر راح علي عنوان غير الي كان المفروض يروح عليه و روحت اخدته من هناك
453,The order arrived very late and the burger was very cold and no fries
454,الديليفري اتاخر اوي والاكل جاي بارد والعيش بايت ميتاكلش
455,missing item sauce(honey mustard)with chicken strips
456,الاكل عملي إسهال فعلا
457,barely any chicken in the sandwich and my mom got food poisoning
458,الاكل وصل بارد..الديلفرى تاه ف الطريق واتاخر حوالى نص ساعة عن معاده
459,got a very bad stomach ache after i ate the nacho
460,bad fries
461,نوع الخبز المستخدم تغير عما سبق للاسف
462,الاكل كان ساقع الساندوتش كان يعتبر ساندوتش موتزاريلا مش فراخ
463,تشيزي فرايز كانت حلوة لكن حبة صغيرين جدًا جدًا جدًا
464,Order is wrong
465,I order every night but yesterday fries was cold
466,ناقص
467,Fries was from 3 days ago i think
468,Didn’t receive fries with the order!!!!
469,خرههه مجاش الاوردر اصلا بجد حاجة تقرف قاعده كل ده مستنيه عشان في الاخر الراجل يكلم باسلوب وحش و ميجبش الاكل
470,Horrible elmenus service. Poor technical infrastructure and ridiculous failure at solving problems.
471,Absolutely wonderfully
472,الدليفري اسلوبه زفت ومعاملته وحشه جدا وقلة زوق واحترام مش طبيعيه
473,الاكل وصل بعد ساعتين و سأقع
474,الطلب اتأخر جدا فوصل باااارد سخنته بقى مش بنفس جمال ما أكلته قبل كده للأسف
475,اول مرة اوردر بارد مش فريش
476,i got the wrong burger
477,البطاطس كانت بارده والأوردر اتأخر بس طعم الساندوتش كان حلو اوي
478,رائع
479,Fries not nice
480,Came cold
481,Everything was perfect
482,"This is the second time I’ve had an awful experience here. The food was shockingly cold, the sandwiches were a complete mess,falling apart and soaked through and everything tasted bland. It’s like no effort was put into preparing it. To make things w..."
483,The sandwich was good but the fries wasn’t good
484,C
485,Fries was little in quantity
486,I didn’t like the burger taste
487,بارد جدا وملهوش طعم
488,طلبت بدون صوصة و السندويشات جات مع الصوصة 🤮🤮🤢🤢😡😡😡
489,دايماً اطلب سندوتش ناتشو هيكوري بدون جبنه موتزاريلا ويجي بالجبنه مش فاهمه في ايه حاجة سيئه بصراحة
490,"The buffalo chicken nacho wasn’t fresh. It’s like, it have been previously cooked and they refried it the chicken had a weird taste in it and was smelly. The nacho wasn’t fried well and too soft. The hickory one lacked filling. It’s mainly onions an..."
491,الاكل بارد و العيش مفرول و البطاطس بايتة
492,كانت البطاطس محروقة و الساندويش نصه برا
493,So yum!
494,Driver was so good attitude and apperance
495,"The sandwich usually comes in perfect condition, however this time it barely had any chicken in the sandwich & the bread was so deeply fried that you couldn’t even taste anything. And the order came 1.5hrs later ( courier said the restaurant took lon..."
496,البرجر ممتاز لكن البطاطس قليلة جدا جدا
497,fries was soggy
498,طيار محترم جدا ووصل الاكل بسرعه
499,رائع دائما ما شاء الله
500,I got food poisoning from it. Worst experience ever
501,awesome 👍
502,fries were a little burnt otherwise the food was good
503,no gloves or wipes were provided !
504,وصل متأخر جدااااا والأكل كأنه خارج من تلاجة
505,Perfecto 👌🏻
506,N
507,الساندويش كان رفيع جدا جدا وفاضي عن كل مره و كمان محروق هو و الفرايز فعلا سئ سئ جدااااا
508,I got 2 sandwiches wrong
509,very good quality
510,مفيش فرايز و بيبسي
511,You should put more sauce inside the sandwich
512,late delivery and cold food
513,الاودرد كله غلط و اتاخر اكتر من نص ساعه عن معاده و مجبوش الاوردر الصح ف الاخر جه خد الاوردر الغلط بس ...ابلكيشن زباله و اوحش خدمه عملاء اتعاملت معاها ف حياتي.فشل
514,Driver needs to be fired
515,Order was cancelled due to driver delay
516,The worst ever
517,Late Delivery Order quality onion rings is disguised
518,Soda was so warm and the sandwich had very little quantity of the real tasty sauce
519,The chicken was very very dry
520,Took almost 2 hours to arrive because the food took 1h and 30 minutes to be cooked
521,البطاطس طلبتها وحشه جدا أما البرجر عالمي لا يعلي عليه
522,"The chess Jar is very bad, the call center is not responding"
523,The nacho cheese tasted like watered-down motor oil. It’s the worst thing I’ve eaten! The food was cold the fries inedible. I will never be ordering anything again.
524,the order was 1 hour late and received cold
525,تصحيح خطأ باسوأ خدمة
526,سندويتش الفراخ شارب زيت جامد جدا جدا وسوس الرانش سىء وطعمه مزنخ
527,البطاطس قليل جدا
528,البطاطس كانت محروقة
529,البطاطس مزيتة جدا كان المفروض الاوردر ييجي ٢ كولا جت واحدة بس الاوردر وصل بعد ساعتين اسوأ تجربة ليا
530,I found a weird object in the shrooms sandwich. Looks like a twig
531,الاكل كان محروق وطعمه مر وكان ساقع
532,الاكل بارد و توصيل اخد وقت كبير
533,بونو
534,Too much ranch that the sandwich was extremely soggy
535,bacon was raw not cooked
536,The chicken is burned and fries taste awful
537,the wedges were burned and unseasoned
538,محل زي الزفت الاوردر 3ساعات ونص مجاش والدليفري مش بيردوحاجة في منهي الاهمال
539,البطاطس وحشه للاسف
540,الأكل سئ جدا بجد اتمنى محدش يجيب منكم تانى
541,"I didn't receive the order, and they told me that there is no driver available to deliver it after I have been waiting for it more than 1 hour"
542,"Order is very cold, never order it again"
543,👍🏻👍🏻
544,I DIDN'T GET MY ORDER
545,Not bad
546,الحلو صغير اوي وغالي جدا ياما تكبرو حجم الساندوتش او يرخص
547,الطيار محترم وجاب الاكل سخن وبسرعة من احسن الطيارين اللى وصلوا اوردر ليا شكرا المنيو
548,The burger layer was well well cooked like it taste burnt not barbequed
549,The chicken inside was too dry hard to eat Too much hot sauce Potatoes not seasoned Ranch sauce too hot
550,Bad taste bad burger no taste sauce
551,"Burnt Hot Dog, unseasoned wedges 👎🏽"
552,Quality of bread isnt good at all
553,الاكل حلو بس كان بارد
554,الاكل جالي من غير الصوص واتاخر جدا
555,فرايز سئ للاسف كل طلب اطلبه لازم تكون فيه مشكله في البطاطس
556,البرجر كان أطرافه محروقة و ممرر و البطاطس بايته و ناشفه
557,في عظم في اللحمة
558,الاكل جاي مثلج في عز الصيف الساندوتش فاضي
559,"The mushrooms were too little, also, it was spicy and we didn't order spicy"
560,Food was cold. Bread wasn’t fresh
561,Perfect
562,في ٢ بطاطس جم زيادة مع الاوردر
563,Fries wasn’t good at all
564,2 hours late Very cold food
565,The sandwich was a miss
566,Curly fires are the worst ever
567,انا عايزه حد يكلمني فورا ازاي الاوردر يجي ناقص
568,Taste
569,Veryyyy gooddddd
570,"Suggestion, the Natcho to be toasted instead of deep fried"
571,The food was cold
572,مفيش كاتشب مع الاوردر والساندوتش مفيهوش اي صوصات كانت قليلة جدا وناشف حتي الخضار قليل
573,جيلي cream soda بدل cola السندويش الحمة في تقريبا اتسخنت اكتر من مره لا بجد انا مش مبسوط من الاكل
574,الاوردر اتاخر علي ما وصل جدا والاكل كان بارد البطاطس رمتها حتي معرفتش اكلها من كتر ماهي بارده وناشفه
575,الاكل جالي حمضان و ريحته بايظه
576,"Soda drink needed to come cold. Food was good, wedges fries was okay"
577,The burger was old and cold and the fries were so salty and stale
578,"too cold, not enough fries and bad onion rings unlike the previous order which was perfect"
579,كل مره ساعتين
580,The food was warm but could be hot
581,تمام بس مش ساخن
582,the fries bayta
583,غير ف نوع الكوكا من نفسه
584,It’s always good. Very messy with a generous amount of sauce in the sandwiches. I would prefer a fuller sandwich with even veggies to fill the bun up
585,اللحمة كانت محروقة شوية و الصوص التايستي كان مملح
586,Never came after 1.5 hours
587,fries was too cold
588,my order was double but recieved it single
589,Missing fries
590,Bad
591,ممتاز..اول مره اجرب المطعم و انشاءالله مش اخر مره
592,"inedible, made me sick"
593,Fries is old
594,There was no cheese no bbq tastes really bad
595,الريل تيستي مالوش علاقه ببتاع ماك خالص والطعم مش حلو
596,The burger was a bit burnt.
597,Very late order.. food came cold and stale and the drink hot… driver picked up the order and then went on to drive around (probably delivering other orders) untill he suddenly changed the order status to “on the way” when he was almost at the deliver...
598,الحاجه الساقعة جيه اسخن من الاوردر 😆
599,I ordered nacho buffalo chicken and i got the wrong order it’s beef!!
600,أكدت بعد عمل الاوردر ان يكون طازج وساخن وتم الرد بانه تم التنبيه على المطعم لكن الواضح ان المطعم مستهتر جدا البطاطس بارده جدا والسندوتش بارد بالاضافه لا يوجد به جبنه والإضافات واضحه بالصور
601,الطيار محترم جدا جدا جدا لأبعد الحدود وراقي في تعامله وهو السبب أني اكتب الريفيو ده في الأساس وكمان الآكل سخن وطعمه حلو ووصل في معاده
602,"very poor sauce,salty burger not juicy"
603,Delievery delay
604,الاكل وصل بارد بسبب تاخير التوسيل لاكتر من ساعة شئ سيء عدم الاشراف علي مندوبين التوصيل
605,The fries was cold and tasts not good
606,the fries was missing
607,Fries was very cold and tough not fresh
608,الاوردر جيه غلط .. طالبا سندوتش ٢٨٠ جرام و سندوتشين ٢٠٠ جرام . جالي التلاته ٢٠٠ جرام .. مش فاهما ازاي بعد كل التاخير دا و الديليفري السئ دا كمان يجي الاوردر غلط .. انا بجد هعمل فيكو شكوى
609,"Fair price, good quality and polite delivery person."
610,Burned burger
611,good
612,بارد جدا والعيش مش طازة
613,طلبت بطاطس محمرة وماجاتني الا بطاطس عاديه !
614,The delivery man was very respectful
615,the sandwich was tasty but the strips were so bad
616,worest taste ever
617,cold and tasteless
618,Order was cold
619,الاكل جي مجلد للاسف
620,غالي
621,Portion of onion rings was small
622,"Willy cream soda is the worst soda I have ever had , wouldn’t recommend it to anyone , french fries were bad and cold as always منصحش حد يشتري الصودا من عندهم سيئة جدا و البطاطس كل مرة بتيجي باردة و ناشفة و مش طازجة"
623,طعمه حلو جدا لكن صغير مقابل السعر
624,I was poisoned!!
625,Very small amount of sauce in the sandwich
626,"ignored the instructions, asked for a big willy double without american cheese & tomatoes, and it came with both. Please take these requests seriously as some people may have allergies."
627,السندويتش الجديد محروق !!!
628,"Driver was decent, but the order came so so late, food was cold, the cola wasn't diet (that was really terrible for a diabetic customer)"
629,البطاطس سيئة جدا بايتة و ناشفة اوي
630,Late on prep operation
631,There is nooo way that is 200 gm piece of burger i ate the same sandwich from the restaurant and also ordered another sandwiches from here alll ar much bigger
632,The fries very bad taste and included black rubbish from the oil
633,prices goe's over acceptable .
634,Fries was very bad and oily but sandwiches tastes good
635,التغليف كان غير جيد بالتالي وصل بارد جدا الساندوتش و البطاطس كمان كانت واقعة برة و باردة اوي
636,البطاطس ناشفة بس غير كدا كل حاجة تانية تمام ❤️❤️
637,2 and half hours to get my order and got it cold .. tasteless .. great service !!
638,كان البرجر محروق والصوصات قليله على غير العاده ..
639,"Took around 2 hours to be delivered and estimated time was 45 minutes,so disappointing"
640,اللحمه وحشه اوي الصوصات قليله جدا الصراحه تجربه تقرف
641,Took too long to be delivered
642,Bread was not fresh as well as fries
643,Fries were super dry.
644,Fries is very very hard and reheated
645,البطاطس بس كانت باردة شويه ودلعه
646,الاكل كل مره يجي بارد أرجو الإهتمام بهذه النقطه المهمه لو الاكل سخن هيفرق كتير اوي ف التجربه واستمتاعي بيها لانكم من الأماكن المفضله عندي بس ينقص حل هذه المشكله
647,البرجر محروق والعيش بايت وسئ
648,البطاطس مقددة
649,The sandwiches were burnt and bitter
650,The bread was stale and the meat was a little burnt
651,"food was ok, but the soda was missing."
652,order came missing fries
653,Order has missing items and was very bad
654,كان المفروض يكون معاه premium cola مجتش
655,The food was cold and all the sandwich ingredients were not fresh it was like it have been made 2 days ago
656,found a piece of paper in a sandwich and the other one's bread bun was outdated
657,Bacon was not cooked well
658,"The fries are very overdone and almost burnt, and the entire box and burger wrapping is very oily and disgusting."
659,دايما الفرايز بتوصل بارده و مجلده
660,معقول
661,الاوردر مجاش و مكتوب تم التوصيل
662,الفرايزسيئةً جدا و بايته و الهابورجر محروق
663,very juscy
664,الساندوتش محتاج يبقى wrapped افضل وما يكونش بيفرول اوي بس عموما طعمه حلو.
665,the fries 🍟 wasn't good at all and the sandwich came cold
666,Very cold for the second time
667,البطاطس كانت قديمة جدا و باردة و أسوأ بطاطس اكلتها
668,I got diarrhea !!! The taste was awful !
669,الاكل وصل بارد جدا ملوش طعمه و الفاتوره جت اعلى من المطلوب ردولى الفلوس الفرق بعدها بس اوردى كان حصل لغبطه ووصل بعد ساعتين وربع
670,البرجر شبه محروق
671,الاكل اتاخر نص ساعة و كان ناقص باكت بطاطس
672,الاوردر جاي متأخر ساعة الأربع عن معاده طبعا الاكل جاي بارد و يقرف
673,الساندوتش وصل بارد والبرجر محروق
674,Yالبرجر محروق
675,Last time ordering on elmenus
676,الاوردر ناقص ساندوتش
677,fries were cold
678,fries were like 8 or 10 fries in the package it’s not a child meal!!!! the burger was over cooked and very dry and bacon is chewed a lot.
679,too late delivery
680,Food was great but I received 1 incorrect item
681,اكل مش سغن خالص
682,لم يتم استلام الاوردر
683,Delivery’s always late :)
684,Barely had any sauce in the sandwich!
685,Too much onions in the sandwich it covered the other tasts
686,جميل جدا بس وصل بارد
687,الاكل كان بارد وبجد تجربة فاشلة جدا
688,اتااااااخر بشكل فظيع اكتر من ساعتين لما الواحد زهق ... بس خدمه العملاء محترمه جدا خصوصا يوسف
689,البرجر جي مجلد وبارد جدآ للأسف والبطاطس نفس الكلام وده مفروض مش طبيعي من محل بحجم ويليز يعني
690,"Not hot , not juicy"
691,"Fries ,, the worst I have ever had"
692,اكل بارد
693,Order was missing the chips.
694,Bread was not fresh
695,The nacho chicken sandwich is insanely good!!!
696,الطيار تايه ويتكلم بقله ادب وبيهدد انه يمشي
697,food was cold and soggy and took 1:30+ hours
698,Food was cold and burger was not juicy and was not delicious
699,Perfect 💗
700,البيكون كان سيء جدا جدا
701,طعم الاكل مش حلو المستوى نزل اوى
702,Very old breed like wood
703,"The jalapeño pieces in the chilli cheese fries taste horrible, I had to throw it away.. this has never happened before قطع الهلابينو الموجودة في الchilli cheese fries كان طعمها سيئ للغاية، اضطريت ارميها كلها.. اول مرة حاجة زي كدا تحصل"
704,البطاطس بس كانت باردة وكأنها بايتة
705,البيكون والبصل ناشف جدا
706,الاكل اتأخر جدا جدا قعد اكتر من ساعة و نص و في الاخر جاي بارد جدا جدا و طعمه يقرف
707,Sandwiches was very bad
708,"oversauced, cold and dry mess. everything was falling apart. horrible"
709,Delivery time was outrageous
710,Missing one cola and fries was so cold. when i contacted the delivery guy he said contact the branch and then the branch told me to contact elmenus
711,طلبت عدم وضع اي صوص بتاااتا لأن عندي حساسية من بعض مكوناته. البرجر جالي متغرق صوص حرفيا، طبعا ما اكلتوش. حسبي الله! يا ريت كنت اقدر اديكم تقييم تحت الصفر!
712,للاسف كانت هذه المرة غير جيده من ويليز على غير المعتاد نهائيا، كانت البطاطس باردة سيئة، والبرجر ليس وفق طلبى المعتاد سواء زيادة وكان ليس ساخن كما اعتدت منكم ،أما عن سلوك الطيار فكان غير متعاون بالصورة المرجوه .
713,مذاق السندوتش والصوص رائع
714,الطعم رائع .. مع بعض الملاحظات على نوعية الخبز فهي قاسية .. لا اعلم ان كانت غير طازجه ام نوع الدقيق يجعلها قاسية
715,Old and stale fries and bread.. horrible experience horrible food
716,الاوردر اتأخر من ٤:٤٠ إلى ٥ وربع
717,late
718,الاكل وصل بعد ساعتين ووصل بارد
719,Order missing my Cola
720,البرجر كان مليان بصل اكتر من المعتاد بشكل مستفز.. مش سلايس ع بعضها.. لا قطع كتير جدا عاملة طبقة بسُمك قطعة البرجر
721,أعلى تقييم علشان التزمتوا بالمطلوب، اللي هو: بدون اي تشيز ولا اي صوص بتاتا! وكمان البرجر كان تسويته وسط ودي احسن حاجة. شكرا
722,رائع ويليز،كل التفاصيل تدل على الجوده والذوق الرفيع وكفاءة الإدارة
723,spectacular experience keep it up 😍😍
724,الاكل جي بارد جدا و البطاطس بردت و مبقتش تتاكل
725,كان اسوأ ساندويتش همبرجر اكلته في حياتي
726,٢ باكيت من البطاطس بايته وطعمها وحش جدا
727,The food was not well cooked
728,الاكل كان بارد
729,"Fries is too cold ,,,, Need to be at least warm"
730,"The food was so cold although it took more than the time expected with about 1 hour, also the cheese sauce tastes like paper it doesn’t have any cheese taste in it."
731,Quality of chicken is bad not Fresh and well done very disappointed
732,السندوتش رائع وكبير جدا شكرا لكم
733,كان في خصم مطبقش علي الاوردر
734,No handkerchiefs and gloves with order
735,مكنش فى صوص مع البطاطس والمفروض انه موجود ف الاوردر
736,الاكل سيئ اوي
737,انا اسف وانتم مطعم جميل ومحترم بس طعم الاكل وحش الصراحة
738,good but not as it used to be and also costs more than it's value
739,المرادي ٥ من ٥ علشان التزمتوا بكل اللي انا طلبته: عدم وضع اي صوص ولا اي امريكين تشيز بتاتا. شكرا
740,"Food was ice cold and super dry, I understand it might've been the delivery's fault since the food arrived really late."
741,the food was extremely cold and the double offer arrived ith no fries
742,My strips was missing the honey mustard sauce
743,ساندوتش الفراخ كان سئ جدا وناشف اوي
744,I wouldn’t recommend this wrap at allllllllll Too many slices and sauce The burger didn’t even exist Horrible one
745,The worst food eveerr
746,I didn’t take my order
747,وحش جداا
748,Tasteless and cold
749,👎
750,fries was very bad and old not fresh
751,🌹
752,Very cold
753,"Food was very cold, i provided El menus support with an alternative address yet the guy went to the wrong location as no one communicated to him the new address"
754,order not delivered
755,Very bad experience
756,The order got canceled after i waited for 2 hours
757,Order not delivered
758,طلبت ان الصوص يكون قليل جدا جدا حدا، ورغم كدة البرجر متغرق صوص بشكل مستفز!
759,the driver took the order and moved to the opposite direction of my location and gave me the order after 30 minutes than expected
760,came 2 hours late and the order was wrong جه متأخر ساعتين و الطلب حتى بعد ما وصل طلع غلط
761,45 min late delivery… so disappointed
762,"Fries are cold, meat taste really bad that it doesn't feel like meat.. and overall it feels like a burger made with neglect."
763,حلوه اوى
764,الأكل طعمه وحش جداااا المرة دية وجه بارد، واسلوب السواق كان غير لائق خالص أكنى بتعامل مع واحد جاى من الشارع
765,"Cold food, late delivery, too much sauce."
766,المفروض الأكل يجي الساعه ٨:٣٢ وانا طالبه الأكل الساعه ٧:٥٢ والأكل اتأخر ساعه وكمان الأكل كان بارد اوي
767,العيش جالي فيه حجات سوده غريبه وشكله بقالو 5 ايام
768,I’m
769,"An hour and a half waiting, food came cold, missing sauce packet"
770,السعر فالفاتورة مختلف عن الابليكيشن اعتقد بينسو يعدلو السعر ياريت يبقي في اهتمام وحل لمشاكل الناس اللي علقت
771,طريقه كلامه سيئة جدا وبيزعق الفاتوره فيها سعر مختلف عن الابلكيشن ف اديته الفلوس اللي في الفاتوره فضل يزعقلي وانا مكنتش فاهمه لان اول مره تحصل ان يجيلي مبلغ غير الابلكيشن اعتراضي علي طريقته في التوضيح وانه زعقلي اكنها خناقه في الشارع
772,تاخير الطلب للمرة التانية على التوالي و الاكل بارد جدا. لو اتكرر مرة كمان هتكون اخر مرة اطلب منكم.
773,"Nacho was soggy, buffalo chicken wasn’t sufficient, and too many cheese!"
774,"the food was a bit stale not fresh and not hot, however taste was good overall"
775,الطيار ذوق جدا، ربنا يرزقه الصحه ويغنيه من فضله
776,Taste and quality is very bad
777,"Sandwich was too dry , the burger wasn’t juicy at all and deliverey came too late"
778,الطلب ناقص رغم ان السايد بتاعه وصل والسندوتش مكتوب في الفاتورة لكن موصلش وكمية لا مبالاة لما اكلم المطعم يقولي اتواصلي مع التطبيق نفسه وهو غلطتهم اصلا ويبقى اكلنا واصل وسندوتش اخويا مش واصل لانكم مش مهتمين وفاكرين اننا هنطنش عادي يعني واقل حاجة اني ه...
779,البطاطس كانت بايته و مجلده
780,I ordered a double patties 140 total 280 I got sandwiches 200g
781,العيش مش طازة وبايت.. والطعم سيئ جدا
782,order was cold
783,perfect
784,معاملة سيئة
785,Order was late and driver took many long routes hence order delivered cold
786,late and cold food
787,very bad quality
788,Bad experience
789,و
790,There was no order.
791,I didn’t get my order
792,ناقص كولا
793,الاكل سئ جدا جدا
794,wasn't hot
795,The fries were tasteless. The sandwich was perfect.
796,خدمة توصيل زفت
797,double the eta time for arrival what a joke of a restaurant
798,The driver asked for extra money
799,Food was spicy and I didn’t order spicy
800,وحش جدا
801,الاكل مجاش اصلا
802,Everything was good except the fries and the packaging
803,I said with no jalapeno and there is jalapeno
804,المندوب طلب مني فلوس التوصيل مرتين والا مش هيجبلي الاوردر وطريقته كانت زباله واسلوبه كان وحش وقالي هرجع بالاوردر يا اما تحاسبيني مرتين على خدمة توصيل لان انا بالنسبالة out zone وهو بين المكان اللي واقف فيه وبيني ٣ دقايق وبجد الطريقة كانت زباله
805,very bad experience
806,الاوردر جالي ناقص واحد فرايز
807,I didn't get the order and I have waited 3 hours and no one answering!!
808,Did not receive my order i need a refund
809,بعد الفطار بساعه عملت الاوردر ومع ذلك البطاطس عباره عن تلج بايته عندهم مع ان قبل الفطار بساعه لما اتكلمت قالوا فرع الدقى مش هيستقبل اوردر قبل الفطار يعنى المفروض لما اكلب فبل الفطار الاكل يكون سخن
810,Too bad taste
811,I didn't receive the order nor the money
812,Not a fresh one
813,الاكل اتاخر جدا مسدجات الدعم ما كنتش راضبه تفتح اصلا
814,Cola arrived with a different taste than what I ordered.
815,I order the order around 4:40 pm and and i choose to be delivered Now and the estimated delivery time it was by 6:06 pm but it’s delivered by 7:10pm. This not acceptable very bad service. There’s always delay in the delivery time whether it’s Ramada...
816,The order was incomplete
817,order closed on the system before actual delivery. this is not the first time this happens.
818,"1 hour late delivery, cold food, missing sauce, food out of its packaging (strips and fries"
819,البرجر مليان فلفل اسود ومحروق شوية
820,I didn’t receive the chicken strips and you took the money of chicken strips
821,اللحمة كان ليها ريحة مش ظريفة ومستوية زيادة عن اللازم والاكل وجعلى بطنى يومين
822,أكلو جميل وأسعارو كويسة مقارنة بباقي مطاعم البرجر.
823,يقرف
824,Bad fries
825,Food was super late and cold
826,بدون تركي وبارد والفراخ ناشفة
827,اول مره الأوردر ده ييجي سئ كده! اللحمه البيكون الشريحه عباره عن حته بلاستيك مش بتتاكل و الصوص قليل جداً. للاسف كان وحش جداً مع ان كل مره بيجي حلو جدا و بييجي سخن لكن بارد و مجلد للأسف
828,الفراخ مجلدة ومش بتتقطع وريحتها زفرة
829,مبقاش حلو زي الاول للاسف، الكوالتي قلت جدااا عندهم و اللحمة كانت محروقة و كانوا حاطين عليها صوص كتير عشان يداروا طعم الحرق، اللحمة نفسها ناشفة جدااااا و حتى الصوص مش محوق فيها ودي حاجه غريبه اوي عمري ما جربتها في برجر قبل كده، اخر مرة اطلب من هنا
830,more portions
831,Excellent order
832,اسوء مر طلبت فيها جالي نزله معويه
833,"i asked for no jalapeno, burned my stomach"
834,i got food poisoned and my stomach hurts after eating!!
835,I received everything not properly packaged and spilt. The cheese dip had weird dark things in it and the salsa was only dry minced meat.
836,…………………الاوردر غلط و مفيش تصليح للمشكلة
837,The order came wrong and the support can’t reach the restaurant and they can’t help nor refund the burger’s full price حسبي الله
838,الاوردر مجاش أصلا
839,جه قبل الفطار بساعة ف كان برد على وقت الفطار
840,كل مرة يبعتوا الفرايز نص الباكيت بس ولما عملت شكوى مدير الفرع قال لي احنا بنحط نص الباكيت بس!
841,وصل بارد للمرة التانية علي التوالي
842,The food was too greasy and it was so salty! HORRIBLE experience 🤢
843,بصراحة تجربة وحشة جدا و السنادوتش مجاش كل المكونات يعني كان ناقص التركي
844,كلمت خدمة العملاء قالولى السواق خرج كلمت السواق بعدها ب ٢٥ دقيقة قالى ليه خارج حالا الاوردر كان مكتوبلى على ابلكيشن المينيوز انه خرج ليا من ٥:٣٠ الاوردر وصلى ٦:٤٠ دقيقة بعد معاد الفطار ب ٤٠ دقيقة أنا زبون دايم من زمان قوى من تقريبا ٢٠١٨ او قبل ك...
845,The bread was dry and the sauce was a bit salty
846,By far the best burgers in egypt!!!
847,the order was missing 2 medium fries. the delivery man said to contact the restaurant and that it was out of his hand. the restaurant still has not replied.
848,المشروب جه مفتوح والازازة مفتوحه
849,I ordered fries and it didn’t came!!!!!
850,قمة قلة الذوق من تجاهل الشات وعدم الرد وبالتواصل مع المندوب الاول قمة قلة الادب وبيزعق ورفض توصيل الاوردر ولغاه بعد ما قالي هروح اجيبهولك بعد الفطار ازاي تشغلوا ناس بالطريقة دي وازاي نآمن نستلم اوردرات من ناس عامله كده رقمه 0114 8522493 واخيرا فطر...
851,Fries portion was soooooooooooo little
852,Tastes awful
853,very bad
854,اكل كان بارد و حش قوى
855,Didn’t get cream soda
856,The fries were bad it was cold and dry the packaging was not clean overall bad experience
857,The food was good but it was missing fries sauce
858,الاوردر وصلي بتاع حد تاني :(
859,المره دي التجربه كانت سيئه جدا الاكل معجبش نص الناس الكول سنتر مبيردوش الاوردر اتاخر جدا اخد 3 ساعات تقريبا او اكتر الدليفري اتاخر جدا وخد ساعه في الطريق وراح يوصل اوردر ابعد مني الاول وبعدين وصل عندي واكلمه اكتر من مره مبيردش والاكل وصل بارد جدا ومش...
860,اكل سيئ جدااااا، الطعم سيء جداً و الصور تعرض سندوتشات بطريقة مختلفة عن الحقيقة تجربة سيئة غير التاخير و عدم الطهي + برودة الاوردر 👎👎👎👎👎
861,الاوردر متأخر جدا مفيش معالق ولا اي حاجة مع الاوردر والاكل كله بارد جدا
862,The driver eat my food!!
863,البطاطس كانت قليلة جدًا جدًا جدًا والجبنة عليها قليلة جدًا جدًا جدًا وهي أصلًا غالية جدًا جدًا جدًا
864,أسوء خدمة الاوردر ساعتين ونص ولسه موصلش اصلا
865,الاوردر مدفوع وموصلش اصلا
866,Good experience
867,so good fr
868,الحجم العادي بيبقي مخدوم وطعمه احلي من الميجا
869,missing the fries sauce & late
870,البطاطس بايتة وناشفة و البرجر حادق
871,"This place should shutdown, totally disaster 🤮🤮 burgers are with plastic sticks & rubber stuff it’s not true beef at all what a shame we had put the whole order in rubbish won’t recommend this place ever"
872,100
873,كابتن المنيو اتاخر جدا عن الوقت المحدد
874,My only comments are the delivery was very late as it came after 1 hour & 30 mins and I only ordered appetizers it should not take all of this but overall the food was great but the jalapeno fire bites’ portion was less than normal
875,لم يصلنى الاوردر
876,It was really one if the worst experiences .. I ordered willy’s at 5 pm and I delivered my food at 6:30 pm !!! When i called the delivery man he clarified that he was in the branch waiting the order for 45 mins i told him that i beed to call anyone i...
877,المطعم أخذ وقت اطول من المقترح في تسليم الطلب للطيار
878,Order made but branch didnt give it to delivery very bad review i dont recomend ever ordering from elmenues 2 hours now i didnt eat
879,خدمه زي القرف و قله ذوق عامله اوردر من ساعتين و مجاش و محدش كلمني من الدعم الفني و الاكل في المطعم و مش هيطلعوه منصحش حد يطلب من elmenues خالص اوحش خدمه و خصمو الفلوس
880,Cold and late
881,الاكل بارد جدا جدا
882,"i get wrong order, how is this!!!@"
883,I didn’t t recieve my cola
884,"The sandwich description states that it contains jalapeños, but it was served without them."
885,Test of food is not good
886,Too much bbq sauce
887,the bread was awfully soggy and the food was dead cold
888,الاكل بارد نسبيا
889,Food was cold
890,Feh sandwich na2s
891,Order is so cold like the cola
892,البرجر حلو جداً بس البطاطس باردة 😭
893,Cold brown little potato chips as fries. Sandwich was under sauced. No napkins or gloves. Definitely something was wrong on that shift/day.
894,soooo lateee and cold
895,مفيش فرايز
896,Such a dry sandwich with no taste and no sauces Sooo dry and worst sandwich i have ever eaten
897,"Delivery was quite a bit late, hence why the food arrived cold. I hope they can find a way to remedy that. otherwise, it would've been great. I've ordered before, and they are great."
898,Order came cold
899,"the food was cold and tasteless , very late"
900,البرجر لحمة 3 مرات تيجيلي محروقة ناشفة
901,"Food arrived cold, the fries were frozen solid"
902,Smaller
903,"the burger was overcooked,.literally burnt. delivery was very much delayed"
904,Was cold too
905,Don't order through el Menus app as they deliver orders late by 1 hour from the estimated time
906,The food was cold and the driver took too much time about 30 mins more than the time and he was appear in the map that he didnt came directly from the resturant
907,الساندوتش جه متفتفت
908,لازم يحطه خانه للي عايزه من غير هالوبيلو
909,الاكل كان ملح جدا
910,كمية قليلة جدا بتاع بطاطس توقيت توصيل بيتاخر بيوصل بارد
911,I need to talk with customer service manager of willy’s or el menus ASAP
912,it's very bad
913,Order is too bad .. delayed order more that 1 hour delay Packaging is damaged.. too cold food Worst experience
914,في اتنين مشروب من الاوردر الطيار بيقول انهم اتكسروا منه
915,مطعم حراميه دفعت online وموصلوش الorder وكلمتهم قالولي رجع الفرع تاني ومش هينفع يطلع زباله
916,هو جيه بارد شوية مع ان مطعم جمبي بس كان حلو تسلم ايديكو
917,انا طلبت صوص طعمه و حش اوييي بس الساندوتش حلو
918,البطاطس سيئه جدا للاسف
919,Fries bayta w mtaleggggaaaaa Sandwich below average
920,"The French fries potatoes aren't fresh, as if it was reheated more than once"
921,"المطعم جميل جدا, الاستاذ ويلي جالي ب نفسو البيت"
922,burger was over cooked and nacho wasn't able to get in hand it was messy .
923,البطاطس مكانتش فريش خالص البرجر كان حلو بس الصوصات قليله
924,الناتشو عالمي بس لو تلاقوا حاجة يتلف فيها من غير ما يلزق في الورقة
925,Some of the food was cold and the fries was very bad
926,مشاكل فى الدفع
927,Order was very late Food was very cold Made a complaint to reorder my food Ahmed helped me alot But this is not acceptable the food should be delivered in the time that is estimated by the application plus the food must be hot
928,الاكل مبهدل وبارد جدا
929,مش اول مره اطلب بس اول مره القي البرجر واصل كده العيش بايت والبكر مجلد والبرجر نفسه محروق حاجه في منتهي السوء مع برند المفروض ثقه تجربه ممكن تخليني افكر كثير قبل ما اطلب ثاني
930,الاوردر وصل ناقص صوص الجبنة
931,"This is the second time I order the sandwich and fries offer, and the fries came HORRIBLE every time."
932,The burger came a bit burnt
933,order was very coldddd
934,Sandwich came 150 g No ranch sauce
935,"the Chicken Nacho was full of the chilli beef and cery little chicken, not tasty at all."
936,العيش بايت وحش جدااا الصوص جوه الساندوتش وحش اوي و غريب البطاطس بايته و ناشفة مقدده وعليها طعم وحش بودر كدا أنا ما طلبته تجربة سيئة جداااا
937,Food was extremely cold
938,Food came cold
939,العيش بايت وحش جدا البطاطس باردة جدا و عليها طعم غريب
940,The order came without fries and very late as well ??!!!!! Totally not accepted
941,Cold Food
942,too much black pepper on burgers
943,"Worst service ever. Aside from the food being late for over 2 hours, the Willy's representative was absolute trash. 0/10."
944,"The fried potatoes were stale, not fresh, shredded in bits and pieces, couldn’t eat it .. The sandwich was cold not prepared as usual.. :("
945,cold and late and worst experience
946,الاوردر وصل متأخر اكتر من ساعتين و الاكل بارد جدا
947,Worst experience ever
948,الاكل سيء جدا البطاطس ناشفة و البرجر محروق
949,الاوردر واصل ناقص ٢ باكت بطاطس واتصلت بالمطعم قال اتواصل مع mneus
950,items are missing and the support is horrible from elmenus app
951,كل حاجة كانت تمام والاكل سخن والطعم مظبوط جدا بس للأسف ف البرجر كان ف عضم وكان ممكن يكسر سنان
952,البرجر محروق تماما وعيش بايت تم تجاهل الشكوي من المنيوز والمطعم لاسف كان ممتاز
953,The Nacho wrap is a great invention!! Smokehouse BBQ burger was also delicious!! Wild West can be better if chicken is thicker and juicier.
954,"Amazing. Food was a little bit cold & fries were too crispy, but everything else was great."
955,الطيار لذيذ جدا و اسلوبو حلو اوى
956,الاكل سيء ورميته لأني لقيت شعر جوه البرجر
957,Driver was very polite and decent.
958,Too cold and too late
959,Didn’t receive my order
960,اللحمه نضيفه و الساندوتش مليان بس اللحمه مملحه شويه
961,البرجر حلو بس مفلفل شويه
962,No covers
963,Super late delivery the order received after more than 2 hours without any valid reason
964,"The worst delivery time ever. The order arrived after 1.5 hour ,,,,!!! Is that normal ,, the food is too cold"
965,very poor ingredients ..needs alot of development in the quality and taste
966,الساندويتش محروق
967,Cold
968,البطاطس كانت مجلده جدا
969,الكولا طعمها كان سيء جدا للاسف
970,المشروب الغازي سئ جدا
971,Average and overrated
972,لحمه البرجر محروقه وطعمها مش لطيف ودي مش اول مره
973,The blue cheese sauce is zero
974,"All the Food was cold, I ordered soda I got Cream soda instead"
975,dislike.................................
976,This was the worst order i have ever recited.. food tasted so bad as well as the soda.. the soda tastes like runined jelly cola that has been in the sun for quite a while. Definitely very pissed from that order. You guys are a fairly expensive resta...
977,Not as expected …cold and fries awful
978,The jalapeño was expired and smelled bad almost made me vomit
979,The packaging is very bad the bags are cut and cola spilled
980,I ordered a honey sauce and for the second time they didnt get it and i paid for it
981,no fries in offer
982,ن
983,burger totally tasteless
984,حاجه سيئه مقرفه جدا والبرجر محروق وشايط والفرايز قليل والساندوتش مليان بصل وحجم كبير على الفاضي
985,الفرايز قليله اوي
986,Delivery is late
987,الساندوتش كان مليان بصل ني تماما ومتقطع كبير جدا وحاجة مقززة
988,لقيت شعر طويل في الأكل
989,food was so cold
990,في العادي أكله حلو لكن اخر مرة كان سيء. برجر المشروم كان المفروض يبقى مليان مشروم، كمان مليان بصل و تقريبا نسيو يحطوا مشروم و طعمه سيء. المفروض ده ميحصلش في مطعم كبير.
991,بس برجر اللحمة اعتقد انه ١٤٠ غرام مش ٢٠٠ غرام
992,البرجر مش مستوى خالص.. حاجة تقرف اول مرة الاورر يجي كدة متعملوش احجام طالما مش هتقدروا تسوة الاكل
993,الاكل اتأخر و بارد
994,Overall was a bad experience
995,it was good but cold
996,العروض من خلال منيو افضل بكتير
997,الاكل حلو جدا بس بارد
998,price was way over the told on application while checkout
999,Burger was burned very bad quality
1000,"Great food, love the burgers, fresh ingredients and tasty sauces!"
1001,عيش بايت
1002,مش قوى
1003,Sandwich was burnt
1004,الطيار محترم و ممتاز و مهذب و جميل و ياريت تجيبو ناس زيه كتير هما دول الناس الي تستاهل كل خير
1005,البطاطس كانت قليلة اوي و وحشة اوي و العيش مكانش طازة
1006,طلبت فاتورة الكترونية للشركة ورفضوا
1007,Cold order
1008,not as expected and burger is not coocked enough and even sandwitch toppings almost spoiled out !!!
1009,الغرض اي كلام الساندوتش مالوش طعم و فاضي تحس انه يجوع أكتر ما يشبع.
1010,missing fries
1011,"The order was wrong and they should have contacted me about it, but I didn’t receive a thing yet. Might be last time I order"
1012,Delivery took so long ( 2 hours )
1013,"I belive willy is the best burger restaurant, but it happened two times, that the chef increased the amount of black pepper in the food, not so good"
1014,"The cheese fries were tooooo COLD, and LITTLE"
1015,Raw strips 😷
1016,المفروض الاوردر عليه promo code ب ١٥٦ بدل ١٩٦ و انا دفعت ١٩٦ لان مكتوب كده فى الفاتوره مع اللى وصل الطلب
1017,They gave me the wrong size to the burger they gave me the 140 gm and I ordered the 200 gm one it’s so disrespectful and it’s an awful experience!!
1018,البرجر كان محروق و الفرايز كانت قليلة و سقعة بس الفراخ تحفه جدا
1019,"we ordered Willy's nacho burger and we received a buffalo nacho instead. and the hickory nacho had TOO much onions, it barely had any other filling. the friskes was cold and barely edible."
1020,Araf
1021,"potato not fresh at all , burger not fresh , have alot of salt ,mashroom quality bad , bad experience over all"
1022,الاكل جاى بارد جدا والبطاطس مجلده
1023,This is not what i ordered!!!
1024,البرجر محروق!!! هما ويليز بيشتغلوا بمزاجهم. كل يوم بحال. ما عندهمش ستاندرد ثابت. اي مطعم محترم لو حرق البرجر هيتخلص منه فورا ويعمل غيره، مش يبعته للزبون محروق!
1025,متأخرين جدا
1026,ك
1027,The worst Burger ever
1028,👍🏼
1029,كنتم من افضل الفاست فود اللي بطلبه بس للاسف بقيتو من سئ لأسوء المره اللي فاتت الاستربس جاليةفي شعره طويله و كان حاجه مقززه و صورتها و بعتها علي ابلكيشن المنيو و المره دي الاونيون رينج مالح بشكل مرعب
1030,Awful!!! What happened to ur quality guys
1031,جامد جداً بجد مش اول مره اجربه الاكل سخن وطعمه حلو اووي والكميه مناسبه للسعر
1032,I got my order missing an item!
1033,Amazing
1034,الاكل زفر جدا كأن لحمة بايظة
1035,the courier was late and the food was cold
1036,The food came very cold
1037,البرجر كان محروق
1038,"Delicious food, thank you for the very good taste and service as well."
1039,وكمان الاكل بارد
1040,order take too much time over 2 hrs to be delivered and the reason we cannot connect to the call center but once delivery get it its just 10 minutes
1041,حجم الي جالي ال 150 جرام وانا طالب 200 جرام
1042,Khater besraha
1043,العصير لم يأتي ؟؟؟
1044,الأكل كله قديم مش فريش و سئ عكس كل مره نهائي
1045,الاوردر موصلش اصلا
1046,no premium cola with order and it's not acceptable
1047,الاكل كان بارد جداً + الطعم سئ
1048,بدون فاتورة ضريبيبة
1049,طول عمري بطلب نفس الاوردر ويلز ناتشو باربكيو وبيبقا جاي سخن وكرسبي المرة دي من نفسهم جاي ف موتزاريلا كتير وبصل كتير ووصل وهو طري اوي الموتزاريلا طرتوا اوي وطعمها مش حلو مع العلم اني مطلبتش كدة اصلاً ف بجد اول مره يوصلي بالطريقة دي بدأت احس ان مش هعرف...
1050,بارد جدا
1051,The sandwich wasnt good at all. It was cold and the it wasn’t fresh
1052,No cola
1053,Order was cold and burger was not fresh
1054,order took long to be done
1055,الأكل طعمه مفيهوش ملح، والبطاطس قليلة جدا وبرضو مفيش طعم
1056,missing item
1057,كنت طالبه صوص و محاش و بعدين هو ليه ظهرلي سعر علي الابليكشن و بعدين حالي ب سعر تاني؟؟؟؟؟؟؟
1058,I got a receipt with 245 egp while the app gives me 293 ! Why
1059,Gg
1060,the fries were not good
1061,Touhfa
1062,Very late delivery and the food was too cold !
1063,اللحمة كانت مدهننة بطريقة بشعة
1064,the restaurant takes a long time to prepare the order ( over an hour)
1065,The jalapeños on the sandwich was very dry and the fries were cold and didn’t taste good and it took alot of time to be delivered
1066,"Tasteless, poor quality ingredients Cheap burger with good portion , avoid if u seek quality"
1067,Food was cold and late
1068,Order was good but portions are small specially the fries
1069,الاكل بار و البطاطس بارده جدا و العيش مش احسن حاجه
1070,The food had hair in it
1071,Took too long
1072,Fol
1073,"Very late delivery and the food was very cold, i bet that the food was out for at least 2 hours"
1074,الاكل بارد جدااا
1075,Very ggod
1076,There is no chicken it’s only breading!!! And it’s even burnt Not fresh at all
1077,المفروض قيمة الاوردر بعد الخصم ٣٠٤ انا المطعم حصل مني ٣٤٥ كامله جاتلي الفاتورة كده
1078,الدجاج مش مستوي اوووي
1079,They abruptly decided my home is not within the delivery region despite them delivering to me before.
1080,في حجات ناقصه في الاوردر
1081,"very bad experience , used to be an all time customer now i am done, cold food delivery gets to you in 90 minutes or more while your 10 minutes away, very unprofessional"
1082,food was delivered cold
1083,الاوردر اتاخر ساعة عن ميعاد التسليم و اتقال ان المطعم اتاخر و الاكل جه ساقع!!!!
1084,الأكل بارد
1085,البطاطس مجلدة
1086,I ordered the sandwich without onions and came with onions Also I ordered jalapeno and it was not added The order came so late and was so cold
1087,the food was cold and the breed was burnt
1088,The sandwich was good and hot but the fries is so cold and tastes really bad
1089,Driver was very polite
1090,"very late delivery from the restaurant itself, NOT the driver or the delivery man. very bad restaurant 👎👎👎👎👎👎"
1091,Smokehouse bbq (it’s not a meat) Ranchie crunch(tasteless) It’s really bad experience
1092,مان بارد شويه بس
1093,"Fries were very cold, oily and soggy"
1094,Order very cold
1095,"The food was bad and very cold an the fries wasn’t fresh, I’m not going to order it again"
1096,Order recived in time but the burger was completely burnt not edible.
1097,"delivery came very late,and food was very cold 🥶"
1098,The order didn't arrive
1099,البطاطس سيئة جدا و مجلدة …
1100,الاكل كان بارد للأسف
1101,Order came cold and didn't taste good at all. Disappointed
1102,Food was cold.
1103,"Taste not as expected, I don’t like it"
1104,cold food
1105,الغرائز جت عادية مش فريسكيز
1106,order came cold
1107,والأكل مش بيوصل سخن
1108,First of all the food was coooold and wasn't the the driver fault ... the onion rings was bad in taste and texture.. bad fries .. the quality of the burger sandwich is medium.. the batty color was strange and dark
1109,البطاطس قليلة جدا جدا جدا جدا جدا
1110,العيش ناشف والأكل بارد
1111,تطلب الاكل من ال hotline يكون تمام تطلب عرض من المنيوز جودة الاكل تكون سيئة و تتعب بعدها كمان
1112,الساندوتش وحش جدا العيش محروق لونه غامق جدا ومأثر علي طعمه والبرجر ناشف والصوص سئ جدا اسوء ساندوتش طلبته
1113,He was very very rude! I literally wrote my address in details on the application and explained to him exactly how to reach on the phone yet he called me complaining and telling me “enty bt3mely feya keda leh” what the hell is this? And he was like “...
1114,i order the offer with fries and it came without it!!!!!!
1115,order missing items
1116,تجربة سيئة، الاكل وصل بارد ومالوش طعم و البطاطس باردة ومجلدة.
1117,الستربس فيها دم من الداخل وغير ناضجة
1118,"There was supposed to be two drinks, I have received one and told the driver to report to the restaurant and nobody contacted me."
1119,"Driver didn't have change so he went down to get some, Awesome guy ! :)"
1120,الجودة قليلة
1121,الاكل كان بارد جدا
1122,"Didn't give us gloves, and th fries packet was half empty..."
1123,التأخير كان اكتر من ٤٥ دقيقة عن الوقت المتحدد
1124,الاكل كان بارد جدا و البطاطس مجلدة اكنها بايتة مش اول مرة اكل من willy’s بس دي اسوء مرة
1125,I ordered the burger 200 gm and it came 150 gm I payed extra for this and I didn’t get the right order
1126,the order came missing an item and no reply from the restaurant
1127,Vomiting
1128,I got the order without the sauce or the cola and the sandwich was extremely bad it didn’t include buffalo sauce and it was extremely cold also the fries tasted very bad and it was cold. I didn’t eat the food and I called the restaurant to change it
1129,السندوتش كان المشروم فيه قليل والعيش كان بايت اتمني المرة الجاية التجربة تكون افضل شكرا
1130,الاوردر كان ناقص
1131,2 hours for order
1132,Nacho burger was good. Fries were so bad
1133,arrived very late and very cold
1134,Sandwich was cold
1135,This wasn’t my order
1136,Z
1137,Fries were very bad
1138,D
1139,الاكل جاي بارد جداً
1140,الاكل وصل بارد جدا .. واتاخر اكتر من المتوقع
1141,late delivery & very cold food
1142,الاكل مكنش شخن و البطاطس مش حلوة خالص
1143,The sandwich was very sloppy 🤢
1144,Very poor customer service! And order takes 2 hours. Never again will I order from them
1145,Delivery took 2 hours
1146,٣ ساعات على ٢ ساندوتيش حاجه زفت الصراحه اومال لو حبيت اطلب نص فرخه اطلبها قبلها بيوم
1147,طلبت اوردر الساعة 12 قالي هيقعد ساعة ونص بعدها زودها خلاها انه هيوصل 1:45 ومجاش خالص باجي اتصل بخدمة العملاء لقيت انهم بيخلصوا الساعة 1:30 لي محدش كلمني قالي ان محدش جي خالص انا مش فاهم حركة مش كويسة خالص من المطعم انه يعمل كدا تجربة سيئة جدا اول و ا...
1148,الاوردر بارد
1149,The fried chicken was very old and dry....fries were ok
1150,I hope you’re doing good Thanks for the delicious meal tonight
1151,I got wrong sandwich!!!!
1152,مكنش سخن ياريت يكون سخن المره الجايه
1153,"This is simply my opinion. I only think the restaurant focused too much on how the food looks rather than how it tastes. The food definitely was a sight for sore eyes, it looked amazing, but the taste wasn't all that. Would still order again."
1154,مندوب التوصيل كان قليل الذوق و قليل الادب جدا و قعد يبجح عشان الاسانسير مش شغال
1155,I didn’t eat it it’s horrible sandwich it’s not food
1156,Cola wasn't delivered!!!
1157,محطوش اي صوص كان المفروض يجي مع الاكل و الاكل جاي بارد
1158,مطعم وحش جداً
1159,Sandwich wasn’t hot enough
1160,"Chicken sandwich was over cooked, chicken was burnt"
1161,العيش كان بايت ومفرول الاكل ماكنش سخن والبطاطس واضح عليها انها بايتة واتسخنت تاني وطعمها ماكنش حلو
1162,الاكل كان بارد جدا وطعمه وحش و مش سخن
1163,food was not hot
1164,L fries barda gdn gdn
1165,"For the first time there is a difference in food quality from Willy’s, I order regularly from there but this time all sandwiches are dry overcooked to the degree of burnt, with no taste, not juicy as it used to be."
1166,شعر في السندوتش عيش محروق اكل بارد
1167,لم يتم احضار الصوص المطلوب
1168,"Late delivery by 30 minutes above the EDT, Freskies fries are cold Missing thousand island sauce"
1169,Delivery time and it came cold almost
1170,ممتازه
1171,بارد جداا و الكميه بسيطه جدا
1172,العرض جيد سعرا و لكن البرجر و الصوص متوسط الجودة و ليس الأفضل.
1173,Worst app ever… why would delivering a burger would take 1:30 hrs to arrive. In addition cold food and wrong items.
1174,waited for 2 hrs to recieve my order
1175,"Very bad packaging, the salad box was broken and the cola bottle was leaking, it was a huge mess"
1176,البروجر ناشف شويه و المشروم طعمه غريب
1177,ما شاء الله ولا غلطة 🔥😍
1178,العيش بايت و سئ جداً و الاكل كله ساقع حتى البطاطس و وقت كبير عشان يوصل
1179,Collllllldddd
1180,ولا صوص جالي مع المقبلات الي طلبتها مع العلم انها مكتوبة و الاكل جاي بارد جدا
1181,الاكل بارد جدا و كان البرجر والفراخ ناشفيين مكنش فريش خالص كأنه بايت اسوء اوردر طلبته منهم
1182,الاكل كويس بس وصل بارد بسبب ان الدليفري اتأخر تقريبا ساعه
1183,العيش كان ناشف جدااا واول مره يبقى كدا!!
1184,But the order got delayed and was not delivered at the correct time
1185,Missing the drink
1186,بجد شكراً تحفة و خدمة جميلة اول مرة اجرب المنييوز بجد ناس محترمة و الديلفري طيب
1187,اب
1188,I didn't get my order. Where is my order
1189,Very bad order and was missing an item which I already paid for will never order again that bad quality of food !
1190,الاكل بارد وسي ولم يتم حل المشكلة
1191,Onion ring had the breading away from the onion and didnt taste nice :/
1192,الاكل وصل بارد جدا جدا
1193,الساندوتش مكنش طازة تماماً و طعمه سيئ و الخضروات اللي فيه بايظة للاسف دي اول مرة يجيلي اوردر منكم كدة و انا بطلب منكم على طول اكلكم مظبوط
1194,All sauces were spilled and food was cold.
1195,It was too cold
1196,سيء جدا جدا
1197,انا مش جايب منكم تاني
1198,fries is too small
1199,"The bacon was overcooked , onion was not fresh"
1200,I ordered chicken they got me beef and fries was cold
1201,I received order late 3 hours it was soooo cold
1202,Very slow delivery from elmenus
1203,الاكل جه بارد وغير طازج
1204,the fries could be counted and they are under 15. So it is very overpriced
1205,Kan tmam bs al meat feha fats kteer
1206,fries was literally cold and very small portion. The sandwich was delicious
1207,اكل سيئ جدا و حتي بارد تجربه سيئه و الاكل ميتاكلش
1208,عروض حلوه
1209,the order was a missing a drink!!!
1210,I received the order cold as usual
1211,the food was very cold when I received it and the delivery took 2 hours!
1212,ماجيش مشروب طلب برجر بدون بصل مشكلة برجر في بصل
1213,"After an hour from ordering, order was cancelled for no delivery men available, my question is why would they accept the order if noone to deliver and cancel after a whole hour while I would have ordered from any other restaurant?"
1214,"The bread was burnt, and the jalapeno was very dry."
1215,الاكل اناخر جدا وجه بارد
1216,العروض فعلا مجزيه
1217,"very very late delivery all the time and without excuses, no communication with their drivers. Plus, after being one hour late the driver was extra rude. really not recommended to order as they might have perfect food, but u have to wait ages to get"
1218,"Special instructions ignored, packaging, order temperature"
1219,Very cold & fries portion was couple of fries !
1220,small portion jalapenos cheddar poppers
1221,the food was burnt
1222,I order willy zero soda and I received a bottle of water
1223,The nachos was missed The burger is burnt & not juicy Cold fries
1224,food was very cold
1225,The order came without the fries
1226,الاوردر اتأخر جدااا
1227,"Dry burger, cold fries"
1228,"I thought it would taste good turns out it has taste but not good and not bad also its neturel to me to be honest, and the fries weren't really good they were tasteless I thought I would give the place a try to see if the food was nice."
1229,-
1230,the food was too cold
1231,حلو وطازة البطاطس ملحها زياده بس غير كده جميل
1232,الأكل اتأخر جدا و البطاطس بشعة باردة ومحروقة ومتتاكلش
1233,Cold. Onion rings soggy. Almost no cheese. Hard bread.
1234,The chicken was not fresh
1235,البطاطس وحشة جداً ولحمة البرجر مفيش فيها اي نوع من انواع البهرات ومحسنش فيه بالبيكون الهوا البرجر متسمي باسمه تجربة وحشة جدا مش هكررها تاني
1236,طلبت ساندوتش Smoky house وصل Mushroom
1237,The restaurant was very late. Willy's always has a problem on weekends.
1238,Very very bad and poor taste really awful and expensive
1239,"they ignore special requests, and the aftertaste is not good"
1240,زفففت اول مره اجرب ومش زي ما توقعت البرجرايه محروقه!
1241,الكواليتي بقت وحشة جدا البرجر اكنه ورق كارتون ملوش طعم وناشف وبيقف ف الزور
1242,"The delivery of the order was slightly delayed, resulting in the food being delivered at a less than optimal temperature. Additionally, the quantity of potatoes provided was insufficient."
1243,"That’s the worst time I’ve got an order from willy’s. The bread is old , the meat is cold and burnt with no taste all the contents are old and cold Really gross"
1244,الاوردر جه ناقص فرايز.. الساندوتش٢٠٠ج حجمه مناسب وكطعم اللحمه واضح بيشبع شخص كبير بياكل متوسط ولكن عندي ملحوظه هو fatty اوي مزيت بزياده مش عارف ليه
1245,الاوردر جه ناقص الكولا
1246,انا طلبت بدون هالبينو وجه الطلب بهالبينو وطعمه يقرف
1247,الأوردر وصل بعد ساعتين بارد
1248,تاني مره العيش بايت وطعمه سيى
1249,it was better before i found a thread in the sandwich
1250,Fries is cold and burnt
1251,potatos not delivered
1252,the food was very late
1253,أنا مستلمتش الاوردر والمندوب مرضاش يجلى لحد الشركه
1254,Order was spilled and missing a sauce and fries And didnt taste good
1255,الاكل بااارد جداا و سئ حدا جدا انا دافعه ١٠٠٠ جنيه في ابشع اوردر جالي!!!
1256,5ara
1257,Very rude driver
1258,البيكون كان بيشد ومش مستوي والكولا جايه مصديه من عند الغطا
1259,نسيو الكولا ونكدو عليا مش مسمحاااااكم نكدتو ع اليوم الفري
1260,الاكل جاي بارد جدااااا و مفيش اي اهتمام بالسندوتشات و المقليات باين انها مرميه عندهم من الصبح و جايا مجلده في السندوتش
1261,كل مره ينسوا الكولا
1262,"best food , slow delivery"
1263,البطاطس كانت قليلة وباردة
1264,Literally 10 fries per pack
1265,الاورد جه ناقص البطاطس ومش عارف اكلم حد أوصله من المطعم
1266,Raw chicken and weird plastic taste
1267,اللحمة كأنها نية وفيها زفارة و الصوص اللي مع البطاطس مجاش ودي تاني مرة أطلب والصوص ميجيش
1268,"Chicken almost not there all breading , very tough and sandwich was cold"
1269,أنا طلبت ساندوتش واحد وبطاطس جالي ٢ كومبو؟ ياريت تتاكدوا إذا الطلب صحيح
1270,اكثر من 90 دقيقه انتظار عشان يجي الطلب
1271,العيش كان بايت غير كل مره كان بيبقي حلو لكن البرجر و الصوص ممتاز
1272,الاكل وحششششششششششششششش جداااااا العيش يايت و مفرول و البرجر متلج
1273,العيب الوحيد انه بارد بس
1274,Toooo Salty!
1275,The sandwich was very bad and the chicken so thin and dry and sometimes it’s only breading
1276,the fries were soggy and didn't taste good at all the bun was burnt in one of the sandwiches the brooklyn shrooms burger was really good tho but the rest were disappointing
1277,"burger is great , order was delayed fries was cold"
1278,بصراحه جه كله ممتاز عالشعره 👍👍
1279,العيش بايت و مش حلو بالإضافة أن الاكل كله جاى بارد جدا و البيبسي سخن والباظت البطاطس فيه ٩ وحدات بطاطس حرفيا نص الباكت فاضي الصراحة مش متعود على الأداء ولا الكوالتى دة من ويلز
1280,اسوء حاجه ممكن اطلبها الساندوتش بارد وطعمه سئ وبطاطس قليلة جداً وباردة اخر مره هتعامل مع المكان
1281,كان كويس جدا كله زيت + تأخير الاوردر جدا
1282,طعم سيء والمشروب مجاش مع الاوردر والبطاطس بايتة ومش سخنة.. بجد آخر مرة اطلب منه
1283,اكل نضيف وكويس
1284,"Nacho sandwich not tasty and smaller than before, I am not satisfied this time"
1285,Wrong no fries
1286,البطاطس كانت سيئة جدا، غامقة كأنها محروقة وبايتة
1287,order got very delayed despite several follow up
1288,Huggies
1289,الاوردر ناقص الكولا
1290,الطيار خد الاوردر و لف بيه و جه متأخر و سلوكه في حاجة غلط
1291,عيش بايت ... اكل بارد ... طالب الاوردر الساعه ١١ وربع و جي الساعه ١٢:٥٠ ... و المطعم مش بعيد عن مكان بيتي عشان الاكل يبرد كدا ... حرام والله ٣٢٠ جنيه في اكل بارد و كمان عيش بايت و كمان اوردر متأخر كل دا ... اخر مره اطلب منهم ربنا يصلحلهم الحال .
1292,كان طعم البرجر وحش جدا للأسف
1293,Gh
1294,Driver was so polite
1295,ساندوتش التشيكن ما كان فيه غير تشيكن واحده بالساندوتش و ما كان عليها خس او اضافات مثل الصوره و مظهر الساندويتش سئ للغايه
1296,Food was cold and awful
1297,"The Smokehouse sandwich was so good, the burger was delicious and juicy, the cheese, beef bacon slice, onion rings, and bread were delicious, only the onion rings were not fresh, but the mix was awesome."
1298,تأخير كبير جدا من مندوب التوصيل فضل الاوردر معاه نص ساعه والاكل وصل بارد والحاجه الساقعه وصلت سخنه
1299,2 sanwatch same size..thanks
1300,السندويش تحفة تحفة حلو اوي شكرا
1301,it was burnt
1302,Thanks for Very fast delivery and delicious food
1303,Cold potato’s
1304,طعم سئ و محروق
1305,The bacon was very cheap and chewy and full of fat The meat was so dry and poor I asked for the sandwich without tomato and lettuce yet received with all the above
1306,I ordered a runch souce and didn’t receive it!
1307,الكوالتي كويسة بس الطعم مش مبهر او في حاجة ناقصة ..جربته مرتين متبسطتش اوي
1308,"Soggy chicken strips, very small pieces and missing blue cheese dip!! Fries tasted HORRIBLE and the amount was ridiculous"
1309,الأكل جه بارد جدااااا و الشنطة مفتوحه و طالبه ٢ ساندوتش مجاش معاهم كيس كاتشب واحد حتى و ازازة الكولا جيت افتحها لقيت مكان الغطا صدا و حاجه تقرف يعني
1310,Really amazing
1311,الصودا جت نوع مختلف و الغطاء بتاعها متوسخ من جوه القزازه نفسها وكأنها مصديه من ناحيه الغطاء من جوه
1312,Only 1 fries is comming
1313,I didn’t eat anything yesterday but this order and I am dying of stomach pain.
1314,👍🏾👍🏾
1315,الاوردر وصل من غير بطاطس
1316,Bravo
1317,باكل منه كثير مافيش مرة اتضايقت منه فيها
1318,Fries كانت وحشه جدا وبايته و ال jalapeñoكان dry جدا ووحش اوي دي مش اول مره اكله بس فعلا كان وحش وبايت تجربه سيئه بنسباالي ف الاوردر ده
1319,"Frizz Tast was very bad , overall sandwiches was not tasty as per the price, support team was so unhelpful through the application, Auto reply was unhelpful at all, when finally i reached the support team they were unhelpful and they didn’t help me a..."
1320,Horrible sandwich with no sauce or cheese. Avoid this resturant
1321,it was very bad
1322,سئ
1323,الاكل بارد جدا جداً كانو معمول مبارح
1324,The chicken was extremely dry. I couldn’t finish the sandwich
1325,Little expensive
1326,العيش بايت ومفرول وسيئ جدا
1327,i used to order from them but last time food was disgusting
1328,Less than normal ( fries)
1329,so tasteless
1330,Low quality tasteless meat. I did not like it at all!
1331,الاكل كان وحش والفراخ اكنها معمولة اول امبارح ومش طازة والعيش كان بايت كانت اول مرة اجرب willy’s واخر مرة!
1332,The food not fresh The quality too bad First & last order not recommended at all 🤢
1333,The burger batty and the bun was burned
1334,الاكل كان جي بارد ، البرجر بارد و العيش شرب الصوص و بقي بايش الاونيون رينجز اللي في الساندوتش كانت طرية مش كرسبي و البطاطس مكانتش طازه اكنها معمولة من فتره طويله و الكولا جايه سخنه دا غير اصلا أن الاكل اتأخر عشان يوصل تجربة سيئه جدا ، الاكل سيء بجد
1335,didn't receive the order
1336,The portions need to get bigger
1337,the 🍟 fries wasn't enough and wasn't hot
1338,السندويتش حلو و بيشبع اوي
1339,الاوردر تحفه بس زودوا البطاطس شويه عشان كانوا قليلين اوي
1340,..
1341,لقيت شعره ف الهلابينو المقلي، رغم حبي للمطعم و طلبي المستمر منهم بس اتفقلت.
1342,تحفه والله بحبه اوي
1343,The portion of the chicken strips was small but it’s delicious
1344,ايه ده بجد العيش مش طازه والبرجر ملوش طعم وايه الصوص غير الجبنه والمشروم اللي عليه دي لحمه مفرومه ولا ايه كانت وحشه جدااااااااااااااااا اوحش ساندويتش برجر كلته في حياتي
1345,البطاطس و الساندويتش كانوا باردين و مش فريش بالذات البطاطس و العيش
1346,الاكل بارد و العيش محروق من فوق
1347,Terrible experience They brought me wrong sandwich I have order peprezi and what i received was burger sandwich plain with cheese sauce only this is my last time ordering from this place
1348,I didn’t get the order it came after 2 hours and very poor customer service from your app
1349,الاكل اتاخر جدا الطيار كلمته قالى ١٠ دقائق و هو كان قريب من البيت طلع على التجمع و عرفت من التتبع بتاع الطلب و معايا سكرين شوت الطيار كان بيقول انا مش عارف اوصل و بوصفله و بردو بيقولى مش عارف اوصل و طلب منى ابعتله لوكيشن و بعت و الامل جيه بارد
1350,Very good
1351,the order came late 45 mins my order came missing 4 items
1352,الاكل وصل بعد ساعتين بارد و خدمه عملاء المنيوز قمه الاستفزاز و المطعم مبقاش يرد
1353,The fries aren't fresh but the burgers are great
1354,cold!!!
1355,الاورد جاي بدون gloves وكمية الجبنة قليلة مقارنة بالطلبات السابقة
1356,the bread was soooooo bad it was hard as if it was made 3 or 4 days ago
1357,"Every single fry was burned with some even having a black hue and green color, probably mold"
1358,الخس بايظ بس كويس
1359,الأكل كان طعمه سيئ كأنه من محل في الشارع
1360,البطاطس ما جتش بجد خدمة سئة جدا
1361,مساءً الخير الساندوتش مجاش معاه بطاطس
1362,العيش مكانش طازج
1363,العيش لم يكن طازجًا ولكن كل شيء آخر كان جيدًا.
1364,الاكل ظفر جدآ والعيش مش طازه
1365,They changed the drink without getting back to me
1366,البصل مقلي في زيت محروق حسبنا الله ونعم الوكيل في الضمائر
1367,Burger GREAT. French Fries HORRIBLE.
1368,1 hour late
1369,Very bad !!!
1370,estimated delivery time was around 20 minutes it took 40 minutes or more
1371,العيش كان قديم والفرايز كان قديم كمان
1372,"That fried burrito was Exquisite. they kindly fulfilled my non-jalapeno request & it was gr8 4 my faint heart. there's still a little zing in the chili, but the caramelized-to-perfection onions balanced that very subtle heat. the s'mores were gr8 2👌"
1373,I ordered wedges and received regular fries.
1374,حجم الساندويتش فى العرض أصغر من حجمه العادى بدون عرض
1375,الاوردر اخد وقت طويل جدا في المطعم علي ما خرج للمندوب
1376,Great choice
1377,الاوردر وصل بعد اكتر من ساعتين و عامل الديليفري اخد وقت طويل جدا حتى بعد ماتواصلت معاه .
1378,driver submitted that he delivered order however he was 10 min away
1379,بشع بجد اخر مره اطلب
1380,Fries was missing
1381,The food was burnt: Bread was very hard and burnt Onions weren’t caramelized they were burnt and tasted like burnt seaweed. Fries barely had cheese on them.
1382,الاكل بارد جدا والبطاطس متتكلش وريحة وطعم وحشين جدا والاوردر وصل بعد سعتين وغالى جدا على المستوى بتاعه بجد تجربة سيئة جدا مش هعملها تانى ومنصحش حد بيه
1383,بارد مش سخن
1384,It was the most disgusting order that i have ordered from willy’s the bread wasn’t near fresh the meat tasted bad and it had the worst smell I could’ve ever smell in any order plus that the order was very cold and so expensive. I am very confused fro...
1385,"The onion rings & fried mashroom r so salty in addition to the spices on it made it even saltier, chicken strips are too dry & the spices used either full of msg or u use more msg in both cases it makes it bitter after taste as u know msg effect, las..."
1386,الاكل قمررررر ربنا يباركلكم و تكملو بنفس الجوده
1387,Fries needs spices
1388,"the worst part was the late delivery, and his call to verify the apartment number afterwards. otherwise, the food is really good and the portion is OK."
1389,بطاطس مكنتش فريس و ساقعة
1390,"didn’t have any change and had to make me walk and search for a supermarket, and the food got cold!"
1391,الاكل كان سيء و كلو زيت و البطاطس نية
1392,missing item from the restaurant
1393,"absolutely horrible, soggy and wet mess with a very overcooked burger."
1394,بارد جدا العيش بايت
1395,"The taste is definitely great and the bread is excellent, but the mushroom pieces are very little, the amount of sauce is little too, and the thickness of the burger is very thin 😔 Also, the delivery man doesn't want to go to the fifth floor😕"
1396,Unacceptable delivery times and dishonest and useless support.
1397,Late Delivery 2.5 hours to deliver
1398,السندوتش بايش والبطاطس مدلوقة ف كيس و وصلي بعد اكتر من ساعة
1399,"Order arrived an hour after the estimated time , support refused to cancel the order and didn't get to eat in my lunch break because of the inconvinence"
1400,Missing items from the order
1401,the
1402,Strips not good
1403,Delivery times aren’t accurate at all please work on that but food is amazing
1404,too expensive!
1405,"the food arrived very late, the taste is very bad, the fries are cold and uneatable the chicken is tasteless and the burger is the worst ever"
1406,"Fries was so small i could’ve eaten the bag, but dilic 👌🏻"
1407,Missing
1408,استلمت الاوردر بعد ساعتين من الطلب !! اتاخر ساعة كاملة عن المعاد المحدد اللي هو (٦٠ دقيقة). الاكل بارد جدا والبطاطس باردة ومجلدة .. تجربة اسوء من السيء
1409,من اكتر الطيارين ادم الي شفتهم في حياتي
1410,Order missing
1411,البطاطس وحلقات البصل تمام.. انما سندوتش الفراخ جاي محروق ومخشب ومايتكلش.
1412,الاكل اتأخر حوالي ساعة و نص فوق مدة الانتظار لحد ما وصل بسبب طيار الديلفري و كلمني حد من خدمة عملاء الابلكيشن عشان يعتذرلي عن التأخير و لما الطيار وصل الفرع لقى جودة الاكل مينفعش توصلي و زاد فوق المدة الي استنيتها نص ساعة و الاكل لما وصل كان واضح ان...
1413,the fries 🍟 wasn't good
1414,"The burgers i ordered were without veggies that was my mistake for misreading, how ever the quality of the beef is impressive, yet the salt was a bit overdosed. However the other sandwich that did have regular ingredients such as lettuce tomatoes di..."
1415,"Tasted like shit, everything was cold and order came after 2 hours, even the cola wasnt cold"
1416,Took longer than it should take
1417,It was the BEST fast food restaurant experience. The portions were generous and the cream soda OMG!
1418,the food didn't come
1419,food was 40 minutes late and the order was cold
1420,highly recommend
1421,Everything is great
1422,الفراخ نية و الاوردر متأخر جدا
1423,Howa bas El cola gat maksoura bas tmam
1424,الطلب اتأخر جدا جدا
1425,الاكل وصل بعد ساعتين و وحش جدا و بارد و الصودا سخنه
1426,و الاكل كان بارد جدا
1427,غريييب نمبر وان
1428,تجربه سيئه اسوأ برجر كلته في حياتي بجد
1429,Delivery is very slow 1:30 mins
1430,Burger was drowning from the outside in sauce. Chicken fingers were stale and visibly old.
1431,الاورد ناقص و اتسحب فلوس اكتر من الي مطلوب
1432,Very very late delivery
1433,the burger was raw
1434,الاكل بارد جدا وهيكون اخر تعامل بجد
1435,مكان قذر، دي تاني مرة اطلب منه دليفيري و بعد ما يتأخر ساعتين يكنسل الاوردر و يقول الاوردر مش هيكون كواليتي حلوة ف هنكنسله معلش
1436,No saice and no fries
1437,العرض لازم يكون من الفرع حاجة مزعجة جدا، وقت طويل في تحضير الاكل
1438,الاكل زي الزفت والاوردر جاي ناقص
1439,جامد جدا
1440,Delivery man is very good but the order took more than 1 hour to arrive verrryyy latee
1441,It was so delicious and perfect and I really enjoyed the meal 😋🤍
1442,H
1443,"the order came after 2 hours!!!! and it's very colddddddd !!!! and the taste is really bad if I knew I wouldn't receive the order, the worst experience ever"
1444,حلقات البصل كانت مزيتة جدا جدا
1445,Order wasnt delivered to me!!! Very bad service and after 2 hours no one delivered my order!!!
1446,Cheese fries came with only a tea spoon quantity of cheese
1447,جيد
1448,got food poisoning...
1449,Pepperazzi sandwich came Brooklyn shroom
1450,To7fa
1451,"Hello , I order the Hickory bbq nachos sandwich but I received a different sandwich"
1452,The
1453,The sauce of the fries is not there and this is not the first time
1454,bread is not fresh..burger quality is not the same as before..poor quality
1455,chicken was so dry and cold! freezed fried chicken taste!! friskes fries portion is too small
1456,It was so good and hot and
1457,I received the friskies fries without any sauce with it
1458,الاكل جه متلج و عرقان مع أنه اتواصلت اربع مرات و البطاطس طبعا كانت تحت السئ بمراحل
1459,fries was horrible. delivery was late. driver was respectful
1460,missing item!
1461,Burger sandwich was not hot and Willy’s cola was not cold
1462,الأكل جاي متأخر ساعة و بعد دا كله الأكل جاي بارد و المشروب جاي سخن أنتوا معاملتكم تقرف لأن دي مش أول مرة تحصل
1463,Wrong sandwich!!!!
1464,الأوردر جه بعد ساعتين والبرجر جه محروق. آخر مرة هطلب من ويليز رغم اني كنت بحبه.
1465,"chicken breast was very very tiny and the bun was very big i was basically eating bread only, quality used to be better but this time was so bad than ever. not ordering again."
1466,الأوردر جه ناقص
1467,gloves need to be provided and more fries
1468,جامد يا جماعه والله
1469,The chicken isnt cooked
1470,كاتشب هاينز مقاطعة
1471,الاوردر وصل ف ساعتين و كان بارد و حاجه في منتهي القرف. اخر مره اتعامل فيها معاكم
1472,shit
1473,food not warm enough
1474,The food was very cold the grease was white
1475,الاكل بارد جدا جدا ورميته
1476,The worst sandwich i have every tasted and was very cold
1477,لكن بارد والطيار وصل متاخر جدار
1478,Fine
1479,الاكل بارد ، صوص قليل جدا
1480,Best Burger in Town.
1481,تاني مرة أطلب و برضو الأكل بيتأخر عن الوقت المكتوب...غير كدا ماعنديش أي تعليقات
1482,Missing item
1483,الساندوتش جة بارد و مكنش لة طعم الساندوتش ميشبعش الطيار أسلوبة فى الكلام زى العربجية الطيار كل شوية يكلمنى يسأل على العنوان
1484,طلبت العرض قبل كدا من أبلكيشن تاني حسيت الكميات كانت أكبر
1485,Cold and it’s taste very bad 🤢
1486,البيكن مكنش مستوى كويس كان شبه ني بس الساندوتش كان كويس وحلو
1487,حلو اوي بس الفرايز قليله جدا
1488,not pure meat lo t of sauces without taste
1489,الطعم قمررررررر بجد ربنا يباركلكم و يوسع رزقكم
1490,تجربه سيئه والعيش سيئ والبيرقر وكل حاجه
1491,كمية الفريسكاس قليلة محتاجة تزيد شوية
1492,Delivery was way 2 late
1493,food almost cold.
1494,food took so long to get here that it came cooled down...
1495,كانت اللحمة محروقة اوى و حتى العيش
1496,شكرا
1497,البرجر مش ماسك نفسه خالص عامل زى اللحمه المفرومه المعصجه. الساندويتش و الصوص ريحته طبيخ ! طعم سيىء و ريحته لا تمت للبرجر بصله
1498,الاوردر حرفيا وصل لي بعد ساعه و 30 دقيقه و في الاخر بارد جدا
1499,The order is missing both the fries and the extra honey mustard sauce which i paid for !!!
1500,العيش مر
1501,البيكون كان من اسوأ ما يكون داخل السندوتش وجودة الاكل للاسف ضعيفة وغير مقبولة ..بغض النظر ان الاوردر جه متاخر كمان نص ساعة
1502,I recieved a wrong order
1503,The fries portion was so so small!!
1504,Soggy bun :(
1505,The order didn’t come in full
1506,Slow delivery
1507,Quality was not as usual
1508,The food came 30 minutes late
1509,The order was missing the fries.
1510,جودة الأكل ممتازة والكريم صودا لطيفة جدا الطيار شديد الاحترام ربنا يبارك فيه اخلاق مفتقدينها
1511,The driver was very respectful and lovely but came using a bicycle which made him late
1512,The fries portion was so less than usual
1513,"it was good. fries and onion rings were very tasty. burger is fine. not great but definitely better than buffalo, Hardee's and mcdonalds. their cream soda is also good"
1514,I didn’t receive the cola
1515,"overall, I like it"
1516,يجنن
1517,But the delivery was slow
1518,very very very very very very very very bad
1519,Not good
1520,missing order
1521,I received different drink
1522,But cold
1523,THIS WAS A 10/10 experience!
1524,"i got the classic cheese burger, which was AMAZING, and i got the onion rings . They were SOOO oily, and the onion in the middle was kinda raw. i didn't like it."
1525,"Everything is really good, but the fries packet is too small, I got 2 fries packet and the quantity is equivalent to just 1 serving."
1526,i got only one sandwich while i ordered two
1527,Burgers is burn
1528,thx
1529,Burger was amazing
1530,I didn't receive the drinks
1531,came cold
1532,there was so much sauce the burger was wet and it completely fell apart
1533,Fries was really bad
1534,i paid around 50 EGP to get premium service but i got bad one
1535,It's not as good in taste as before
1536,order delayed more than expected
1537,Order came after 3 hours
1538,مفيش بيف بايكون
1539,missed meal
1540,Food came in 2 hours exactly but that's not the issue Everything is warm like it's microwaved. The fries are stale like it's fried a day before. The buns are so stale and got burnt on the outside. The fried onion is only batter no onion. Absolutely d...
1541,they are bad bec they have ketchup hiunz that support Israeli
1542,يقرف و عيش بايت
1543,أوحش أكل طلبته في ٢٠٢٤ .. quality and taste was very bad
1544,Very bad quality and came after 3 hours of ordering
1545,"It was the buffalo chicken sandwich, it tastes good but the portion was not as I expected."
1546,سئ في كل حاجه
1547,طعمه يجنن
1548,Fabulous
1549,اسوء طلب من مسؤول توصيل كذاب وغير امين بقاله ساعتين مفهمني ان الاكل معاه وهو لسه مستلمهوش وفي الاخر الاوردر اتكنسل
1550,العيش محروق و الاكل بارد
1551,"I didn’t get the original cheese burger, I got two mushroom instead!"
1552,الاكل مكنش سخن اوي بس الطعم حلو
1553,always late delivery
1554,الاكل تحس ف دهن
1555,"Way less mushroom, meat was so cold"
1556,لاكل تحفها اول مره اجرب مطعم ومش هتكون اخر مره
1557,الفراخ مش مستويه والاكل كله بارد حتي الكريم سودا و الكولا مش ساقعين مفيش حلجه في الاوردر كانت حلوه
1558,driver didn’t show up
1559,Was much better quality is going down
1560,Ordered a bacon boss burger and got the mushrooms one??? And the Burger was soooo dry
1561,الاوردر زي الزفت والاكل بارد وناقص الحاجة الساقعة بتاعتو !!! ايه القرف دا
1562,هو مالوش علاقه باللحمه و البصل و العيش بايتين و حقيقي اسوء طعم تذوقتوا
1563,food was hot and good but the sauce thousand island had smth in it like a hair
1564,حلوه اوي 9/10
1565,اللحمه طعمها كان وحش جدا
1566,كل تفاصيل الاوردر ممتازه
1567,It cames so cold .. what’s wrong with your quality guyss !!
1568,Buger was burnt
1569,طلبت برجر مشروم بدون اي صوص، لأني حرفيا باعشق المشروم وعملت الاردر مخصوص علشانه. جالي البرجر بدون اي مشروم بتاتا وغرقان صوص!!! كلمت خدمة عملاء المطعم قعدوني نص ساعة ع الخط وكانت معاملتهم زي الزفت وفي الاخر ما عملوش اي حاجة!!! هقاطع المطعم دا للأبد
1570,Poisoned food disgusting very poor quality last time to order from them
1571,"The order should take 60min as it said , the delivery called me after i orderd the 2 hours later so it was a really bad delivery"
1572,الساندوتش طلع جواه ريش دجاج
1573,الساندوتش وصل جواه ريش مش فاهم فين المطعم من حاجة زي دي
1574,ال packaging مزيت جداً وكمان مفيش بطاطس مع الطلب وكمان تاخير فى التوصيل وللاسف الطلب جي بارد جداً
1575,I didn’t receive the order ?
1576,too late
1577,order was never delivered
1578,"One of my favorite burgers in town , was surprised that there was no fries with the offer though"
1579,سئ جدا بصراحه
1580,Very very late
1581,جتلي نزله معويه بسبب الساندوتش كان فيه حاجه
1582,اسوء توصيل في الدنيا، لو مستني الامل، حاول تشوف حاجة تاكلها لحد ما اااكل يوصلك بعد ٣ ساعات
1583,Never arrived
1584,bacon boss sandwich had a very tiny piece of bacon
1585,Took 2 hours since i ordered
1586,تأخير الطلب بشكل كبير كل مرة
1587,الاوردر ماوصلش ولما كلمتهم بعد ساعتين قالو لي ١٠ دقايق ويوصل وبعدها بنص ساعة تقريبا كلمتهم تأتي قالو لي انهم حاولوا يتواصلوا معايا وانا مارضيتش ف لغوا الاوردر
1588,Nice portion
1589,الاكل كان بارد و البطاطس بارده
1590,The order took almost two hours to get prepared and then arrived missing three packs of fries!!!
1591,I ordered a blue ribbon but I received a classic burger. The rest of the order was fine but what bothers me is that I had to pay for something I didn't order.
1592,البرجر سيئ جدا بجد ميتاكلش والبطاطس عرقانة ودي مش جبنة دي بشاميل وعليه لون
1593,"The chicken sandwich came with jalapeños despite the notice , delivery time 1.45 hours"
1594,الاوردر اتأخر ساعة عن المعاد المتوقع
1595,الأكل وصل بارد و جدا سيء الطعم
1596,I didn’t receive the order and I paid for it
1597,مزيت قوي و طعم مش زي المتوقع ، الcola بتعتهم رائعه
1598,came 1.45 minutes after estimated arrival time. Completely unprofessional on Menus part.
1599,الاوردر مجاش اساساً
1600,forgot a can of coke
1601,Burger is burned and overcooked
1602,"The order took two hours and food was cold and the beverage hot, the order took a whole hour being delivered alone after it was ready at the restaurant, i called delivery person a couple of times he was still waiting for another order from another re..."
1603,fries portion was too small and rest of food wasn’t hot at all plus the burger quality was not as expected at all considering my previous order (do not recommend)
1604,i ordered2 cream soda and one cola and i received 3cola and also there the honey mustard sauceis missing
1605,الاوردو ناقص الكولا والفرايز وال dessert مش عارفة جبتوه ليه الصراحة🙂
1606,late delivery and taste not as expected
1607,الساندوتش كان بارد
1608,"The food wasn't hot , the sandwich was too heavy & willy's kitchen's cola was too bad.. the fries was nice"
1609,i said No Cheese slice. it not only arrived 2 hours late but it had cheese slice. bottle was leaking in bag it isn't sealed well.
1610,el btates kanet wa7sha awii
1611,Thanks
1612,Badddddd
1613,The food was amazing but it took a loooong time to get
1614,الاكل كان وحش جدا
1615,تجربة زي الزفت الاكل اتاخر بشكل بشع انا كان هيغمى عليا حرفيًا من كتر الجوع هو ده طبيعي؟؟؟؟؟ اقعد استنى اكل ساعتينن!!!؟ ليييهه خير ان شاء الله؟؟ عمري م هكرر التجربه دي تاني أبدًا طبعا الاكل وصل بارد بشكل بشع
1616,Too much delivery fees
1617,The order was by far the worst experience and to this I cannot reach anyone from el menus to communicate to
1618,اللحمة ١٠٠% فاسدة، كل اللى اكل مغص واسهال وتعب، منهم لله يعني
1619,الاوردر مكنش حلو زب كل مرة العيش كان محروق
1620,something smelled rotten in the sandwich 🤢🤢🤢
1621,♥️♥️
1622,الصراحة الطيار ذوق و شيك جدا
1623,Food was cold and the burger not fresh at all seems like it cooked before
1624,took too much time
1625,الأكل سئ جدا تجريه مش هكررها تاني ومش هنصح حد يجيبه الاكل جه بارد وبايت ومش فريش
1626,الفراخ كانت وحشه جدا بارده و طعمها زفر ، و البطاطس كانت ساقعه جدا
1627,nachos burger مولع جدا
1628,Missing order after being very late!!!
1629,الساندوتش الناتشو حراق ومحدش قالي
1630,اخر مره ليا مع الابليكشن دا
1631,طعم البرجر غير جيد
1632,very good
1633,perfect of all times ❤️
1634,Soda is mot good
1635,الأكل جه بارد جدا
1636,didn't get the drink
1637,"i almost got food poisoned at that, even though it's not my first ordering from them but this time was the worst"
1638,الاكل جي بارد جدا ميتكلش
1639,Please try to lower the salt amount in the burger recipe
1640,الديليفاري اتاخر جدا، تقريبا ساعتين وطبعا الساندويتش جاي متفعص وشكله يقرف ومفيش طعم عشان بارد.
1641,was cold but tasted good
1642,the order came 2 hours late im never ordering from you
1643,gh
1644,الساندوتش جه مجلد و طعمه سيء جدا
1645,Fries should be more
1646,"I gave a bad review below but honestly Elmenus handled and coordinated with the restaurant all was fixed and they delivered the missing items promptly, hot and fresh!"
1647,I ordered two combos and they didn’t deliver the fries and are not responding
1648,"اتأخر جدا جدا ، واتصلت به وبقولو ""انا شايفك علي الخريطة كنت عند الفرع بعدين وصلت مكان تاني عند كورنيش المعادي وبعدين جيت عندي ، قالي لا اكيد الخريطة غلط""، مع العلم ان الفرع في شارع النصر المعادي و انا في نيركو الشطر الخامس المعادي، يعني بين الفرع و ا..."
1649,الساندوتش حلو البطاطس بارده وسيئه
1650,I didn't receive the order
1651,٣ زجاجات البيبسي مفتوحة علي الأكل ، فيه مشكلة في التغليف و تأخير في الرد
1652,received the order incomplete
1653,Worst customer service and terrible problem handling
1654,the fries were crispy and the food came hot
1655,Late delivery
1656,الطعم كان سئ جدااا و الفراح كانت زفرة
1657,الاوردر اخد ساعة ونص وجيه ساقع والبطاطس بايتة وكان طعمها غريب جداً
1658,I got a totally wrong order and sent it back with the driver
1659,برجر محروق
1660,WHERE IS THE FRIES?
1661,I did not receive the order!
1662,I ordered hell fries and I got cheese regular fries
1663,جه من غير البطاطس
1664,التوصيل متأخر جدا السندوتشات طعمها متشابه بسبب قلة (فرش) السندوتش السعر مبالغ فيه مقابل القيمة
1665,خرا
1666,"Very bad, meat taste is awful."
1667,I got cheesy fries instead of chilli cheese fries
1668,الأكل كان بارد جدا والسندوتش بايش والاونيون رينج ملحها زايد جدا
1669,Cola needs to be cold though
1670,البطاطس بارده ومش حلوه ، الساندوتش جميل
1671,the order is cold
1672,"Fries are terrible, burger is meh"
1673,الأكل جه من غير الكولا
1674,Very Little amount of fries
1675,السندويتش كان بارد ومش فريش تماما والبطاطس بارده وبايتة
1676,الwedges من امبارح تقريبا
1677,🍟????!!!!!!
1678,Delviered 40 mins late you are the worest
1679,"Order is terrible, cold and very poor quality."
1680,I neeed a manager to call me as soon as possible otherwise it would be a huge problem on social media
1681,order did not even come but it was Elmenus fault
1682,دي تانى مره اطلب ويجي الاكل باااااارد جداً
1683,The order was late almost 30 mins being prepared and I received it now very cold
1684,الاكل جة ناقص
1685,الفرع اكله سئ جدا الفراغ وحشة مش مستوية و مملحة و مزيتة و لما اشتكيت ع الصفحة قالولى حد هيكلمك و محدش كلمنى و مش اول مرة اشتكى بس الصراحة جربت فرع الحصري كان حلو اوى المشكلة فى فرع المعادى
1686,"The potatoes were very oily, although the order was hot the cheese was bad."
1687,I didn’t receive the fries
1688,"the nacho sandwich was very bad, very small pieces of chicken , too much melted cheese with no taste, a little bit of sauces"
1689,الاكل ملوش طعم و بينزل زيت بس
1690,الكمية قلت المرة دى الاستربس صغرت اوى وصوص البافلو كان قليل ناتشوز ماكنش مليان زى كل مرة بطلبه
1691,"The blue cheese sauce is horrible, chicken was chewy and cold Worst sandwich 👎🏻"
1692,ً
1693,Just Perfect !
1694,late delivery and the chicken in my burger was raw but everything else was fine
1695,"Bread was very dry and hard, food was cold…"
1696,الكميه قليله علي سعر المنتج
1697,Food was very cold and fries were very oily
1698,Taste of meat not good
1699,Too much black pepper in the burger
1700,ok
1701,"The order took too much to arrive, the taste was lame, like eating row meat"
1702,I didn’t get my fries with the order
1703,Jjj
1704,meal wasn't hot
1705,مش هطلب تاني …. طلبت من غير هاليبينو وجيه الاوردر مع هاليبينو واترمى زي ماهو للاسف.
1706,I need my rest of order your chat is not working
1707,التوصيل للاسف اتأخر كتييير
1708,They didn’t put additional mushrooms in my burger :’c
1709,السفن اب عدد 2 مجاش مدفوع
1710,Sandwich wasn’t fesh
1711,I didn’t receive pepperazzi sandwich i got another one and the food was bad and cold. I ordered at 5:30 and the order got cancelled at 6:30 then I ordered again at 6:30 and received a very bad order at 8!!!!
1712,never arrived
1713,الاكل وصل بارد جدا جدا جدا
1714,Cold sandwich
1715,Chicken wasn’t good The cheese tasted poor The fries are cold
1716,The order took about one and half hours to be delivered and the order was tasted like trash because it was so cold
1717,The order is really late and the customer service at the restaurant who answered the phone was not helpful at all… i don’t think i will oder from them again
1718,الاستربس اطياب حرفيا والبطاطس بالجبنه صوص الجبنه بشع جداااا والصودا كريم طعمها دوا
1719,i got food poisoning never ordering again
1720,"Reheated fries from yesterday , worst quality control i had ever seen even the bare minimum of slicing the onion and tomato they cant do right almost as thick as the burger itself save ur money alot of better options around"
1721,A
1722,حاجة زي الزفت و قمة القرف
1723,الاكل بارد جدا لانه اتاخر جدا لللاسف كان سئ
1724,Very expensive compared to sandwich quality
1725,I ordered it without cheese and it came full of cheese
1726,البطاطس كانت ساقعة جدا و السندويتش الاورجنال كان طعمه وحش و سايب من بعضه . مش متعود منكم على كدة
1727,الاكل جاي بارد جدا
1728,The sandwich was the worst which was very surprising since I am a regular customer for willy’s kitchen and the order arrived cold. The order at first was assigned to a different driver and it took forever for him to go pick it up and i called him an...
1729,Fries is missing
1730,Onion is burned .. bun not fresh .. worst experience ever
1731,"had a huge piece of fat in the middle of the smokehouse BBQ burger, got grossed out"
1732,"order was cold, and the soda cream bottle was empty, the driver was very late and stopped many times, very bad experience"
1733,"I ordered yesterday 4 sandwiches. 2 crispy fried chicken, one Brooklyn Shrooms and one Original Cheese Burger. The buns on all of the were terrible. Dry and not fresh."
1734,Okay
1735,Food was so so cold Delivery time takes more than an hour I need a compensation for that i paid 330 for cold food
1736,"food was great, but the coke arrived at room temperature, unfrozen, which wasn't enjoyable at all. As for delivery, the order arrived so late and I had to explain how to reach the location to the delivery guy over and over again."
1737,في الصورة مرسوم اللي عليه الفطر لكن اللي وصلتي البصل بدل الفطر وكان طعمه سيء واللحمه ناشفه جدا
1738,الناتشو تيشكن سيء حرفيا كأني باكل ملح !! أنا مش مصدقه اني دفعت فيه فلوس
1739,The order come very very late
1740,Pepsi expired
1741,Delivery late/ order came missing a bottle that was broken not refunded
1742,Delivery took alot of time and the delivery man was going on different place on the map
1743,The compo is delivered without fries
1744,مش فاهمة الهايب اللي عليه على ايه بجد طعمه اكل عيانين او العيانين نفسهم
1745,Mm
1746,missing drinks and very cold sandwiches
1747,الاوردر وصل بعد ساعتين او اكتر
1748,They take a lot of time to prepare the food and are always late but the food is good.
1749,الاكل في شويه منو جه ناي . delivery نفسو اتأخر
1750,الاوردر بارد مجلد و سندوتش الفراخ سئ جدا
1751,اولا طلبت الساندوتش من غير هالبينو جه بهالبينو و البرجر سئ و كوالتي ضعيفة جدا ديه تاني مرة اجربه مرة اول مفتح معجبنيش و مؤاخرا لشكر الناس فيه رغم اني شايفة ان البرحر نفسه شبه البرجر المجمد جدا مش لحمة نهائي و مفيش امريكان شيز ولا حاحة و الصوص صوص برج
1752,Cold fries sandwich was alright They didn’t add the ranch sauce that I paid for lol
1753,حرفيا الاورود وحش جدا ازاي اوردر يخرج من مطعم محترم موجود فالبرجر شعره ازاي يعني
1754,Delivery of orders after placing the order In an hour and a half The delivery service did not respond to us
1755,I ordered 10 crem soda but I received 10 cola
1756,Beef is great quality and taste. chicken sandwich needs improvement.
1757,Very late delivery
1758,I wrote in instructions to remove some ingredients and they weren’t removed.
1759,Food was Cold and they forgot my beverage
1760,الطلب اتأخر وكان بارد، وكمان كنت طالبة ٣ ميرندا و ١ سفن جالي ٤ ويليز درينك
1761,الاوردر فيه كولا ناقص
1762,الاوردر بارد جدا
1763,Hheg
1764,Awful quality! And the food is so unhygienic to the point I was just opening the sandwich and I found a long hair in it!
1765,الاوردر كان ناقص ال chips
1766,The food was not edible!!!! The sandwiches were burned and tasted like crap
1767,الطلب وصل ناقص سندوتش وقالوا هيبعتوا الحاجات الناقصة ومفيش حاجة وصلت
1768,ما وصل الطلب
1769,my order was 30 min late!! over the hour it takes to prepare the order i had to wait an hour and a half for food
1770,Food was cold which ruined my apatite honestly
1771,There was a missing fries packet and one drink was not what i’ve ordered
1772,The cola came spilled!!
1773,تم طلب عدم وضع هالبينوا و للاسف لم يتم و تم إلفاء السندويتش بالقمامة الله يسامحكم
1774,طلبت الناتشو كانت في الوصف بدون اي مكون سبايسي و جاتلي سبايسي بالاضافة للويدجز طلبتها بالجبنة جت بدون جبنة بالاضافة الي ان الباكت كان فاضي و غالبا الويدجز بايتة مش طازة
1775,Cheese on fries was too little
1776,"The ranchie crunch and the crispy fried sandwiches came without the smoked turkey, the fries are very cold and not fresh. The sandwiches tasted fine"
1777,The order was not delivered at all
1778,it wasn't delivered!!
1779,Food took 2 hours or more to arrive and it was super cold I’m really disappointed
1780,"Elmenus always make the captain drive more than 1 order at a time at different places leading to my food getting so late and cold! Tried to contact elmenus, couldn’t. Last time to deal with it."
1781,Got food poisoning after eating. Food was cold and reheated and definitely not hygiene checked. الاكل سبب تسمم.
1782,الاوردر اتأخر الساندوتش بارد والبطاطس بارد ة
1783,ناقص الصوص والاضافات الزيادة الى عالساندوتش
1784,Shams Al Din Al Zahabi Branch very good and the employee called Ibrahim is very very nice and polite and helpful
1785,الاكل كان بارد اللحمه كانت ناشفه من الاطراف بشده البطاطس كان فيها مخلفات الزيت التجربه كانت اقل من المتوقع بكثير العيش بايت
1786,Fries also was very bad
1787,very bad taste not delicious at all 😞
1788,"Wet packaging, almost no sauce on the sandwich and cold sandwich"
1789,the delivery man took 500 LE and didn't return the rest of the money
1790,My
1791,انتظار اكتر من ساعتين
1792,the food had the nachos missing
1793,الاوردر جيه بارد، والسندوتشات مش عليها الأسماء والمشروبات سخنة
1794,طلبته منغير بلو تشيز و برضه الساندوتش كان عليه بلو تشيز
1795,Nacho sandwich is okay but frisks fries are horrible
1796,food was cold when it arrived
1797,waiting time was too long
1798,Food wasn’t hot
1799,Order isn’t delivered
1800,الاوردر وصلني متأخر جدا وناقص
1801,على غير العادة مع الاسف كان بارد جدا البطاطس مجلدة و اللحمة اللي في الساندوتش من كتر ما هي باردة بقت شبه البلاستيك والأطعمة كلها أضعف من المعتاد والصوص قليل يكاد يكون موجود بالحظ تربة سيئة جدا اني اختم بيها اخر فطار رمضان.
1802,its smaller than always and the bread is like its been left for days. Disappointed in willy's cuz the business was going to be so good but they ruined it
1803,ربع ساعة ترجيع
1804,Dhxnx
1805,المشروب سيء جدا
1806,was supposed to be a buffalo wrap but there was nothing in the sandwich but chicken (without buffalo sauce) and mozzarella so I was really disappointed to say the least
1807,1:45 hrs for order to arrive Wrong drinks Cold food Order was 11pm not iftar
1808,بصراحه الاوردر. مش حلو خالص العيش مش حلو والسندوتش ناشف مع اني كنت طالبه صوص زباله
1809,200 gm offer should be bacon boss i recieved sandwich without bacon.l only mashroom
1810,الاوردر جالي متأخر ساعة و كلمت المطعم ٤ مرات و محدش عمل حاجه ولا كانوا عارفين يوصلوا لرقم الدليفري أصلا، و بعدين لما جابوا رقمه اداهونى أنا و قاللي كلمه خدمة زفت و تجربة سيئة جدا ، متتكررش، انصح المنيوز ميتعاملوش معاه رجاء لأن حتى المدير معملش حاجه
1811,طالب أن الاكل بدون بصل جالي في سندوتش بصل
1812,البرجر متغرق مايونيز فمش حاسة بطعم اي حاجة
1813,The taste is not as good as it is advertised And it is overpriced
1814,اسهال
1815,The chicken was not cooked at all very disgusting I wont order again from you
1816,"Very disappointing experience, order was cancelled by restaurant after waiting 1 hour and 30 mins."
1817,"The chicken was undercooked! This is totally unacceptable, and I threw the sandwich because it was extremely disgusting!"
1818,the baddest burger ever
1819,"very nice food very nice people 😊....,............"
1820,The sandwich was ice cold
1821,ساندوتش البرجر جيد جدا البطاطس سيئة للغاية ومستواها رديء
1822,الاوردر ناقص بطاطس
1823,wrong sauce or something missing always
1824,order never confirmed
1825,"The fries and the cola were really good, however, the bacon boss sandwich was off; the bacon was too chewy, and the sauce wasn’t flavorful enough to balance the mushrooms."
1826,I only received 2 extra wedges fries but not the one included in the double offer
1827,Onion rings in sandwich were horrible
1828,We didn’t receive the order!!! You and the restaurant kept transferring me to each other This is the last time to use Menus and willy’s
1829,Did t get the order
1830,I didn’t receive the order
1831,fries are missed and its not the first time every time I order from Willys something should be missed
1832,The order was so bad
1833,تانى مرة الاوردر يكون بارد مع انه وصل بسرعة الطعم كويس بس مش سخن
1834,ماجابوش الببسي
1835,جالي سندوتش تشيز لافا مكان الل طالبه تشيلي تشيلي
1836,لما أفطر هقول رايي 😂
1837,الاكل وحش اوي واللحمه وحشه اوي
1838,Sandwich was crushed and sauce was leaking
1839,Where is my order? I didn’t receive it yet
1840,Wrong sandwitches
1841,Sandwich came wrong Drink came wrong
1842,order came wrong
1843,اول مرة ويليز ييجى اللكل بارد و الصوص قليل و الطعم مش كويس
1844,Sauces on the sandwich were too much this time. 😅
1845,كدابين
1846,It came exactly on the iftar time
1847,الاكل كان كويس بس بارد جدا
1848,البطاطس بارده و نص الباكت فاضي و الساندويشتات مش سخنه
1849,he was really polite
1850,Bread wasn't fresh and burger wasn't juicy. Delivery was perfect
1851,Order missing i need someone talk to me
1852,المشروب جه غلط كنت طالبه كريم صودا وجالى كولا ودى حاجة ضايقتني السندوتش حلو جوسي جميل إجمالي الطلب على الابلكيشن غير لما وصل
1853,انا مستلمتش الاوردر اصلا ؟؟!!!!!! اسوأ مره طلبت فيها
1854,الاكل كان بارد و أتأخر فوق الساعة ونص
1855,The meal was very cold And i ordered 2 cream soda and i got only one!!!
1856,"A bad commercial restaurant. I hope they close it or change it to an accessories store that will be better for them, because their food causes nausea."
1857,I DIDNT GET THE ORDER
1858,الاوردر اتأخر اوى والأكل كان بارد جدا ولما كلمت المطعم قالولى الاوردر خرج وبعدها ب اكتر من نص ساعة كلمنى الطيار بيتأكد من العنوان
1859,اتأخر ساعة كاملة، وخدمة العملاء قمة البرود في التعامل ومرضيوش يوصلوني بالفرع، والhalipono poppers حادئة جدا ومزيتة، والبطاطس مزيتة جدا
1860,تاخير
1861,i didn't even receive the order
1862,"Not fresh food , also I ordered widges potato it comes a frensh fries inspite"
1863,البطاطس باردة جداً ومن غير بهارات
1864,I ordered cream soda that didn't arrive with the order
1865,الطعام وصل بارد
1866,Willys cola and Miranda missing
1867,It was just so bad and it was really clod
1868,"Overall we will give it good, yet the delivery time was wrong they should write 60 to 75 minutes not 60 minutes, the cheese with family nachos half of it was spelled in the bag so no use for it & the chili sauce I’m pretty sure this is not meat at al..."
1869,driver did not follow instructions
1870,Cold and the burger was very dry
1871,الاكل جة شطة اوي و انا اصلا طلبة عادي و مش شطة
1872,الاكل بارد جدا و اتاخر ٤٠ دقيقه عن المعاد المكتوب و عاوز حد من الاداره يكلمني
1873,الطلب ناقص
1874,Not fresh
1875,السعر اللي مكتوب غير اللي اتخضم مني
1876,The fries was cold and the Pepsi too small
1877,missing sauce cup
1878,اولا /الطيار تم النزول له للاستلام من الدور 17 وأثناء النزول قام بالاتصال الاستعجال وقال إنه منتظر منذ أكثر من ربع ساعة ومعاه اوردرات ناس تانيه بالرغم من أن الانتظار الفعلى لم يتعدى 5دقائق وكانت المكالمه بأسلوب غير مهنى وقام بطلب 360ج بدلا من 356ج
1879,They canceled my order and never refunded me
1880,Order didn't arrive
1881,I did not get the right order
1882,الطلب اتاخر و في الاخر جاي بمنظر قذر كانه اكل كلاب يقرف غير معامله خدمه العملاء القذره مطعم كويس بس حقيقي الفرع ده زباله عمري ما هطلب منه بسبب الفرع ده قذاره بجد
1883,The delivery wasnt fast
1884,Order arrived very late but it was good
1885,5
1886,Small portions but good food
1887,it had arrived without fries
1888,Bad food
1889,Sandwich was very very bad and the meat taste I don’t know how to describe it but it was the worst burger i ve ever had
1890,Small
1891,Onion needs to be chopped
1892,The driver was excellent and fast however the restaurant was very late at preparing the order
1893,بعد اكتر من ساعتين وصللي اكل مش حلو و بارد
1894,👍🏾
1895,I ordered mirinda orange and i got cream’s soda!!
1896,اسواء هامبرجر كلته ده مش لحمه ده ساندوتش برغل وفول صويا
1897,Smoke house BBQ didn’t have the usual amount of BBQ sauce and the bacon was undercooked
1898,quality food not good bread is old
1899,الاوردر وصلي بعديها بسعتين و نص
1900,Almost an hour late after promised time
1901,الاوردر جايلى ناقص فين الفرايرز
1902,البطاطس كانت سيئة جداً متتاكلش
1903,The food has no taste and very cold plus the portions don’t feed a 5 years old child extremely horrible food worst experience in fast food ever
1904,the frying oil isn't fresh at all. My fries were dry.
1905,Very very very bad wait time
1906,Hello the man who delivered order from ur restorant writing me and offering money for sex . What this shit service?
1907,Order was not complete
1908,The driver wad delivering another order before mine
1909,بطاطس مزيته وبرجر ناشف سيء جدا
1910,تاني يوم جتلي نزلة معوية
1911,It was the perfect burger sandwich anyone could ask for
1912,90 min delivery cold food
1913,الاوردر موصلش لحد دلوقتى؟ تقييم ايه بس؟!
1914,طلبت 3وجبات بالبطاطس والصودا جالنا 2بطاطس بس مش 3
1915,الفراخ كانت نيه تماماً
1916,"cold food, late delivery"
1917,Second time wrong order from this place
1918,Got spilled food and a torn sandwich
1919,تحرك الطيار في اتجاه اخر و الاوردر اتأخر عليا اكتر من نصف ساعه و الاكل جه بارد
1920,Order came after an hour and a half disgusting quality fries were almost black very disgusting do not order from there
1921,The burger was really bad and overpriced. The quality has really dropped. Will not be ordering from here again.
1922,worst experience ever
1923,"After getting the wrong order the first time, I got a missing item the second time. Food is not fresh!!!"
1924,I GOT THE WHOLE ORDER WRONG
1925,The food was terrible and was overcooked. Very bad experience and will probably not order from Willy’s again
1926,fries changed from chili fries to frescus without change in price order delayed 1 hour
1927,الطلب جه غلط وناقص وانا رجعتو
1928,"He didn't deliver the drink, and when I asked him, he said he would check his box and then turn his mobile off !"
1929,sandwich burger without burger
1930,الاكل بارد و طعمه كان غريب
1931,I ordered a sandwich 200 gm and paid for it and it came 150 gm
1932,"Very bad condition, cold"
1933,انا جالي الاوردر بعد ساعتين و كان الاكل برا الكيس و بارد متلج طبعا و الخدمه بجد مقرفه
1934,الاكل وصل بارد جدا
1935,Too salty
1936,الاكل وصل زي الزفت و بارد و كان في استك فلوس داخل السندوتش .. بجد حرام
1937,الاكل جه متاخر و بارد و البطاطس مجلده تجربه متتكررش
1938,الاكل جيه بارد مش سخن والازازة مفتوحة و مشروب منها محتاجة اوردر تاني مستلمتوش
1939,I ordered premium cola and I received cream soda
1940,worest experience no way it's my old favourite willy's very disappointed
1941,"The food was really cold, it was delivered after 2 hours"
1942,يقرف الاكل بارد و مجلد و الكريم صودا مسكره قوى طعمها زفت الصراحه
1943,Amazing perfection
1944,Drink is wrong and not cold
1945,"cold food is very disappointing, last 5 orders were so cold, fries were not edible"
1946,Price for quality الاكل مش حلو اللحمة نشفه و سعرو بالنسبه الجوده إللي بيقدمها سيئ
1947,Got normal fries instead of curly
1948,جيه متأخر ٣ ساعات و ال quality زي الزفت
1949,Poooooooooor Awfullllllllllll
1950,"I'm writing to express deep disappointment with my recent order #aq480a6. The miscommunication between your restaurant and the app resulted in a delayed and ultimately canceled order, reflecting poorly on both entities. I urge you to address these i..."
1951,الاوردر بارد قوووي والاكل باين انه بايت واخد وقت طويل مش متناسب مع الكوالتي
1952,الاكل طعمه سئ جدا والبطاطس بادره والاكل جه بارد ومش فريش
1953,الأكل وصل بارد جدا، كنت طالب معاة كريم صودا جالي صودا عادي، و السندوتش اللي المفروض انه 200 جرام مكملش ال 150 جرام بتاع مطاعم تانية بدون ذكر اسماء.
1954,الاوردر وصل بااااااااااااااارد
1955,الاوردر بارد جدااااااا
1956,2 hours and still didn't receive the order
1957,I need someone to call me now
1958,"The food arrived super cold, and the burger had no Maillard reaction (crust) at all, it was almost boiled. And the food was super cold as well, which didn't help. The sodas were pretty good, to be honest, and the appetizers were cold and tasteless."
1959,Better than before
1960,El sauce bta3 el burger mknsh ahla haga
1961,the fries was of horrible taste..we couldn't eat ..
1962,Didn’t get the order still
1963,من اسبوع طلبت اوردر باسمي الدبل دبل الاوردر وصل بارد و ناقص البطاطس و المشروب كان ويلز كريم صودا الاتنين جالي كولا و الرسيت زيادة عشرين جنيه كلمتكم قولتولي تواصلي مع المنيوز بعت اكتر من مره ولا كاني بعت هو ده التعامل المحترم مع البرند المحترم
1964,"my order was with curly fries, and the restaurant called and said there are no curly fries, so i said send regular fries but adjust the price since regular fries is cheaper, he said ok but the restaurant didn't change it!!"
1965,"the delivery man was so respected and so helpful, thanks for him"
1966,No sauces section can’t order sauces
1967,الأكل مجاش
1968,I love
1969,the good was too Cold and came very late
1970,الفراخ المقلية عبارة عن قشرة بس، مفيش فراخ والبرجر كان ناشف
1971,الاكل ساقع جدا و وصل ف اكتر من ساعه
1972,Under cooked.
1973,The Sandwiches wasn’t Fresh and first time to receive the Sandwiches and felt that there are no clear ingredients just a taste
1974,It could have been hotter
1975,العيش و البرجر كانو محروقين
1976,Didn’t arrive
1977,Bad quality
1978,really the ban of the sandwish are very cold and as usually i dont know why this time
1979,fries were really bad
1980,Wrong order was delivered first then by the time the original order was delivered it was cold
1981,"Very salty,"
1982,I received wrong order
1983,"Fries was toooo little and frisks doesn’t taste good at all and sandwiches were a bet burned, I honestly can’t understand why is it that hard to actually prepare and deliver a good meal, delivery was super late i was starving at that point i had to e..."
1984,"Tasteless, will never order again"
1985,The order took so long that the food came so cold
1986,the fries are cold and old
1987,Food was cold..burger meat had something crunchy !
1988,فين البطاطس
1989,الاكل جه بارد جدا كان طالع من التلاجة
1990,الاردر ناقص الفرايز و الدليفري اخد الفلوس و رفض تماما يرجع الفلوس تاني اما اكتشفت ان الاوردر ناقص و قعد يزعق و اتكلم باسلوب غير لائق
1991,الاكل كان ساقع و البطاطس بايته حتي مش متسخنه
1992,الاكل حلو جدا و واصل سخن بس متأخر ٤٠ دقيقة و كمية الفايز قليلة جدااا
1993,الاوردر سيء جدا البطاطس معجنة و باردة جدا و البرجر محروق حرفيا رميته من منظره اخر مرة فعلا مش هجيب تاني اي حاجة!
1994,"Every time I order there has to be something missing from the order. I ordered a combo and I did not get my fries. Last time, I order chili cheese fries and I got normal fries. Super disappointing."
1995,i order curly fries and i paid extra money and i got regular fries!
1996,The restaurant was very late although the captain was there for a long time waiting
1997,The delivery must be faster
1998,Where is the fries
1999,لو شفتم أنا بعت من امتى تعرفو انكم فاشلين و كمان محصلين حوالي 20جنيع زياده في الرسيت الحقيقة لو ما حدش حل المشكله حاتوجه لحماية المستهلك التقييم 0 صفر اصلاً واجبه بأرده و ناقصه نصها و غلط في المشروي بس مضطره احط واحد علشان الماسدچ يمشي
2000,للأسف لو قرات الريڤوز ما كنتش طلبت منكم و ده اول و آخر اوردر منكم في انتظار حد يتواصل معايا لتصحيح الخطاء ضروري
2001,تجربه فاشله الاوردر غلط و ناقص طالبه اوردر دبل الدبل وصل دون بطاطس طالبه المشروب كريم صودا جالي كولا الاوردر بارد اتصلت بالفرع حول الموضوع عليكم الاوردر مدفوع مقدماً نسمي ده ايه
2002,ناقص الاوردر بطاطس ازاي كده والكريم صوره جتلي كولا ليه الغلط ارجو تصحيحه
2003,الاكل وصل متأخر ساعة وجه بارد
2004,"as agreed with call center supervisor, order is for free and amount will be refunded, pls handle and confirm"
2005,"great food and drinks, but very slow delivery"
2006,Curly fries had only four pieces
2007,الاكل بارد جدا و البطاطس متلجه
2008,the cheese sauce was spilled all over the bag.
2009,Nnnnn
2010,i ordered premium cola and got cream soda
2011,الاوردر جه ساندوتش غلط غير الي مختاره ووصل متأخر
2012,الاكل بشع والأورد وصل بعد ساعتين وجى بارد حرام يدفع فى جنيه والبرجر فى عضم كتير ولا دا ايه معرفش لدرجه انه كسر حته من ضرسي بجد اول واخر مره مش أطلبه تانى
2013,Low quality sandwiches. Not filled with cheese as it was before. Not using the same bread as before. Bread was of a lower quality.
2014,The chicken was Raw!!!
2015,the food was cold and not fresh the taste was extremely different than before
2016,Order arrived after 2 hours however el rehab city very close to el banafseg... very bad experience in delivery
2017,It was almost 1.5 hours late
2018,تأخير غير مبرر
2019,One drink supposed to be cream soda and it arrived coca And the delivery was too lte
2020,الاكل جه بارد
2021,كانوا كاتبين انهم بيبعتو الصودا حاجه تبعهم اتفاجئت انها بيبسي عادي
2022,"order missed something, we ordered it combo, as per the 200gm sandwich offer, yet i didn't get any fries"
2023,طعم تحفه
2024,مش بس الاوردر اللي كان بدل الاوردر الاولاني (اللي جيه متأخر ساعة وطبعا بارد وميتاكلش) برضو جيه متأخر،جيه ساندوتش غير اللي طلبته اصلا. تجربة اديها 0/10، عمري ما هطلب من المكان ده تاني ولا هرشحه لمخلوق
2025,المفروض في فرايز مجتش مع الاوردر
2026,The sandwich was great but the new premium cola needs to be enhanced 👏
2027,"order was over an hour late, and it on purposes by the driver to told me ""i have nothing to offer you, call the support"", then proceeded to receive other orders and delivering them while passing by my house and not delivering my own!"
2028,Recieved cream soda which i didn’t order instead of Cola
2029,"I ordered cheese curly fries, but I received curly fries without cheese"
2030,order was not prepared
2031,i received my order 1 hour late!!
2032,Tooo saltyyy But the beverage is great
2033,Order was perfect but delivery took 1 and half hour
2034,Missed the combo fries
2035,didn't come
2036,"Good food, horrible delivery time. It took more than 2 and half hours and the restaurant kept blaming the courier even though he was waiting for 40+ minutes"
2037,Its my second time to order from Willys kitchen and it will be the last time to order from there. First i recieved my order after 1.5 hours although i live next to the branch by one street. Second the color of the fries was brown and tastes like some...
2038,very poor portions compared to prices
2039,The order was late and the food was cold. The cheese fries were stacked and cold.
2040,"It was delivered cold, the taste is not as usual food was also very dry"
2041,الساندوتش ساقع و الديليفرى قليل الزوق، يعنى انا ماسك كيسين الاكل بى ايد و بفتحله الاسانسير بى ايدى التانية عشان اعمله الشفرة و انزله بدل ما ينزل على السلم، و هو واقف جوة الاسانسير ماسك الموبيل و مش باصصلى اصلا و انا محتاس مش عارف ادوس على الزرار
2042,اسواء خدمه توصيليها انتظار مده كبيره جدا الاكل بارد اخر مره اطلب منكم حاجه
2043,"fries was extremely salty, chicken sandwich so spicy although it wasn't written on it, burger sandwich came with onion although I requested without"
2044,"30 mins late, the food was cold."
2045,كل حاجة ممتازة بس يعني لما تلاقي الساعة بعد ١٢ اتصل مترنش الجرس اكيد في حد هيبقا نايم يعني 🤦 بس غير كدة كله تمام
2046,الاوردر اتأخر جدآ و جه بارد .. رغم أن الأكل حلو
2047,الطعم مش ظابط آخر مرتين و كالعاده يتجاهل ملاحظات المشروب للأسف.
2048,Raw chicken!!!!!!!
2049,"buns and burger was old, cold and not tasty"
2050,Order is too cold and I’m so disappointed
2051,اتاخر جدا
2052,The food didn’t came and I waited for 2 hours
2053,Got the food very cold even the fries and the bread wasn’t fresh
2054,for the fifth time when i order the double offer and pay extra for the bacon 200g i just receive 2 140g shrooms. thieves
2055,"The past 2 orders were trash, I asked for extra sauce and they had much less than normal, I asked for mirenda and they sent Pepsi"
2056,I ordered cream soda and it was replaced with pepsi without even asking me
2057,تجاهل الملاحظات و الإضافات و تغيير المشروب بالمزاج
2058,"Have been waiting for 2 hours and a half, and that happend for the second time"
2059,there was no buffalo sauce
2060,مع كل احترامي ل كل ال مجهود ال بيتقدم بس انا عندي مشكلتين حوار انا ما ينفعش نكنسل الطلب و التاخير. لما طلب هيوصلني ساعة 10 و يوصل 11و نص بليل و انا طلباه من 9. انا متفهمة ان في ضغط بس بردو انا بشتغل و عندي مواعيد باص لازم الحقها. عشان هتاخر اروح ف لو...
2061,food came very cold
2062,اوردر مجاش اصلا
2063,سوء معاملة و قله ذوق
2064,جامد فشخ، اعلى كواليتي برجر دوقتها في حياتي.
2065,The food is cold!!!!
2066,"All the sandwiches are very bad , it’s not my first time to order but the sandwiches is not hot and tastes very bad"
2067,The labelling was mixed up
2068,wrong drinks as usual and non testy fries
2069,المطعم اتاخر في تحضير الطلب
2070,"order came 65 mins late... cold, no taste... yuk..."
2071,the order is wrong
2072,those sandwiches I didn't like their taste
2073,"Missing item ( ordered a sauce , didn’t receive it )"
2074,مصورين سبيروسباتس وبيطلعوا مع الاوردر بيبسي وماكد عليهم مش عاوز بيبسي
2075,The order took too long time and although that it was cold as ice
2076,The food quality is getting worse and this is my second time
2077,"My comments were completely ignored, the cheese that i paid extra 20 LE for came spilt in the bag. I asked for at least 3 packets of ketchup the gave me one that was already as y packed with the tissue."
2078,so food was very cold!
2079,Worst delivery experience ever. I made an order and it took them 30 mins just to confirm it and withdraw the cash and then the driver was 1hour late after 30 mins of waiting time for food to be out for delivery. The order took around 3 hours and as e...
2080,الاكل جه بعد ساعة ونص تقريبا وللاسف جه أغلبية بارد .. بس طعم الأكل جامد جدا الحقيقة. 😌🖤
2081,Got beef instead of chicken
2082,كمية البطاطس ناقصة جدا عن العلبة الخاصة بها الأكل وصل متأخر الأكل بارد
2083,♥️perfect
2084,came late and cold
2085,very very late delivery cold sandwich
2086,it was terrible and i got infected and i was sick having stomach ache and vomiting 1st time i order from Willy's kitchen and that happens to me im not eating again from you.
2087,السندوتش جاي محروق وفيه اخضر من تحت وبجد منظره مقرف وملوش طعم ووحش اوي اوي بجد
2088,I had one driver and then after calling him 2 times he told me the order is 15 minutes he disappeared and then another driver was assigned and he was good and honest but it resulted that I waited more than 1 hour and a half to receive my order
2089,الأسعار مبالغ فيها
2090,Delivered 1 hour late and food was cold
2091,❤️❤️
2092,amazing
2093,الملح في ساندويتشات البرجر زايد اوي
2094,I didn’t have the fries with it
2095,برجر عادي و اضافه الباكون ملهاش لازمه
2096,The sandwich was great but the fried were cold and tasteless. We waited for almost two hours to get out order
2097,"The food was good but it was cold, and the fries were really cold and dry"
2098,need urgent support
2099,Late delivery from the restaurant
2100,Amazing.
2101,quality food was cold
2102,جايب بيبسي بدل المشروب الي عندكم soda cream
2103,الدليفرى اتأخر والاكل وصل بارد جدا وده طبعا بسببكم مش بسبب المطعم ماهو اصلا انا الغلطان انى مازلت بتعامل معاكم ده انتوا ابلكيشن زبالة ده طلبات برقبتكم والله جتكم القرف كنت طلبت من المطعم نفسه احسن 👎
2104,حلو جدا جدا
2105,So late and the order came cold
2106,الاكل سئ جداا وجودتها وحشه والاكل مش فريش ووصل ناقص تجربه سيئه جداا
2107,A little bit spicy
2108,they ignored my request which is not to add anything spicy. and the food was spicy
2109,"Late delivery, the food quality can be improved, where some parts of the burger or the bread was burned."
2110,"the order took so much time to arrive, after checking the map the driver was way off his route, and the food came extremely cold thanks to him....u should really check who you hire...this is a waste of time and money"
2111,Delivery was late and the food arrived cold
2112,"Order took long time to be delivered, the courier had to deliver another order before..food came cold and ddnt enjoy it"
2113,Terrible experience the order didn’t deliver yet Late 2 hours
2114,"Food was cold, unseasoned fries"
2115,"it has been 3 hours, customer service is not helpful, they keep saying someone will contact you and no one calls, I didnt get the order. dont order from willy's its a huge disaster."
2116,تحدد وقت وصول الاوردر 5.40 دقيقة وصل الاوردر الساعة 6.17
2117,I still didn’t get the order even though it is delivered here on the app
2118,للاسف تجربة سيئة جدا الاكل اتأخر جدا وجه بارد في الاخر وميتكلش
2119,Delivery was late around 30 mins and the food was freezed
2120,The driver was very rude when he delivered the food
2121,"Food was great. Had a problem with the courier though, it took him 30 minutes because he was making other deliveries on the way. Food arrived too cold :("
2122,"missing items, so late, fries not fresh"
2123,الاكل اتأخر ٥٠ دقيقه الاكل جه بارد و البطاطس مجلده. و بعتوا بيبسى بدل كريم سودا و انا اصلا دافعه زياده عشانها عشان المقاطعه
2124,الكريمي صودا محتاجة تتظبط اكتر غير كده كله زي الفل ❤️
2125,They delivered the wrong drink
2126,مهزله والاوردر بارد وناقص والمنيوز اضعف من انهم يحمو العملا بتوعهمًتايهين وفر اعصابك ومتتعاملش معاهم
2127,It looks like it might have been a good burger. But unfortunately the order was late an hour from the estimated delivery duration and I could see from the map tracking the driver was going around Cairo delivering multiple other orders before me. When...
2128,Burger is very average. Great drink though that creamy soda.
2129,there was hair in my food
2130,nice👍
2131,على طول البطاطس عندكم بارده و متتاكلش ياريت تهتموا بالبطاطس زي السندوتشات
2132,De
2133,late but the taste was damn good
2134,ساعتين الا ربع عشان ساندوتشين باردين؟ يعني السرعة خدمة ولا طعم
2135,ساندوتش ال٢٠٠ جرام فاضي مفهوش غير اللحمة بس ممكن حد يكلمني من الفرع
2136,الأكل بارد جدااااااااا 😤وانا مطلبتش بيبسي عشان مقاطعه وجابوه. مع الأكل برضو
2137,Food was a bit warm not hot as usual
2138,طعمه زفت
2139,cold and late
2140,انا طلبت اكتر من مره جميل لاكن اول مره يجي الاوردر يقرف الكلب بارد وطعمو زباله ومش الي انا طالبو ورميتو ف الزباله
2141,البطاطس سيئة و بايتة
2142,لا السندوتشات جايه بارده ومتاخره
2143,سلام علبكم انا كنت طالب اوردر 2 ساندوتش سموك هاوس باربكيو دوبل دبل 150 جرام واتنين كريم سودا اضافه ومجتش الكريم سودا
2144,am 10 minutes far from the restaurant and it took 40 minutes to get my food gladly food is tasty but poor experience
2145,Super
2146,البطاطس باردة بس
2147,كان بارد
2148,The delivery was very late
2149,Good sandwichs small potato
2150,i waited for almost two hours only for the food to arrive cold and the fries were old
2151,الاوردر أتأخر جدا، كمية البطاطس قليله بالنسبه للسعر
2152,Excellent 😍
2153,Bad delivery time
2154,Order wasn't delivered as usual/used to missing fries.
2155,البطاطس ساقعة و بايتة و الأكل جاي مش سخن و مجاش الويليز كريم صودا !! مع ان مدفوع ثمنها
2156,الاكل بارد جدا بطاطس محروقة و باردة و غير طازجة
2157,الدليفري واقف قدام المطعم وبنقولو لي انه ماجاش ومتاخرين في الاوردر
2158,delivery took long time
2159,اكل متلج، بطاطس بشعه
2160,الاوردر بيوصل في ساعتين و نص ،حاجة سيئة جدا
2161,Long preparation time
2162,food was very cold and the bread was soggy. but the taste wasn't that bad
2163,الاورد متأخر و بارد و ناقص
2164,"With a 120 L.E price point, this sandwich is a total let down, costing far too much for what you receive in return. Its appearance was drab, and was unceremoniously wrapped and served in a dirty tin foil 🥴,I didn't eat it & I won't try Willy's again"
2165,Spicy and cold burgers..not as expected
2166,البطاطس مكنتش سخنة
2167,الاكل بارد اوى...و جاى متاخر
2168,"The order was 1 hour and a half late the the estimated arrival time, the estimated arrival time was 1:15 and I received the order 2:20."
2169,ناقص ٢ صودا كريم و الكابتن قال هيجبهم ،،
2170,ابليكيشين ارقامه مرفوعة من الخدمة دائما مفيش اى وسيلة تواصل معاهم
2171,الديلفري شخص محترم جدا
2172,Fire
2173,بيستهبلو مجبوش الاوردر و الاوردر بياخد اكتر من ساعتين مطعم وحش اوي
2174,cold and missing a fries packet
2175,The offer was supposed to come with fries and i did not receive any.
2176,"One of the best burgers in Egypt, if it is not the best . Great super test. Thanks aot"
2177,"The food was not even delivered. Absolutely terrible experience from Elmenus, as usual."
2178,Water instead of Pepsi diet Food was not hot at all
2179,The fries was missing
2180,the sandwich was v tasty and the cream soda was surprisingly good
2181,It tooks 2 hours to prepare the order
2182,Willy's food is always come hot and with high quality. this is the 1st time that letteraly all the food was cold and the taste was really bad
2183,The sandwich was cold the bacon was all fat and no bacon it wasn’t crispy or even baked
2184,الوجبة جدا سيئة واجو الاثنين 140 جرام مو 200 كما طلبت مصب مو طبيعي وان شاءالله اخر تعامل ووصيتكم ان الاكل يكون حار كان بارد ومايؤكل
2185,Food was cold but delicious
2186,Order took 2 hours and was super cold and tastes like it was from yesterday
2187,I received the food with onions after stating I didn’twant onions
2188,البطاطس ساقعة
2189,I have received the order but didn’t receive my drinks ??
2190,اسلوب الدليفري جداً سيي وتطاول علشان نص جنيه
2191,I love it
2192,بسبب الاكل وحش اوي و الدليفري اسلوبو بشع
2193,Order was too cold
2194,كان في مشكله في الاوردر وتم التواصل مع الفرع كان محترم جدا وغير الاوردر
2195,food is cold 😡
2196,زي الزفت واللحمه محروقه ومفيش اي خضار في السندوتش والجبنه يعتبر مفيش أصلا وحاجه تقرف ومش نفس اللي طلبته أصلا وبنتصل عليهم محدش بيرد وحاجه نيله
2197,فرع المعادى بقى سئ جدا مع انى طلبت نفس السندوتش من فرع الحصرى و كان حلو اوى انما فرع المعادى مستواه بقى وحش اوى اوى و الفراخ طعمها سئ
2198,Fries are bad
2199,The order was missing the fries !!!
2200,اول مرة اشوف ساندوتش برجر مفهوش ولا مكون طعمة مظبوط حتي العيش مالوش طعم و اللحمة متتبلة تتبيلة حواوشي و صوص الباربيكيو طغمة صوص كباب حلة صوص الجبنة طعمة بشاميل !!!🤷🏾‍♀️ للدرجة دي صعب ان أي مطعم مصري يطلع ساندوتش برجر يتاكل !!
2201,بصراحة كانت اول تجربة والاوردر اتأخر ساعة لم كلمتهم الناس طلعو زوق جدا والاوردر جالي free بس تقيمي للأكل كانت تحفة جدا الكريم صودا جميل اوى بجد تجربة كانت حلوة جدا بغض النظر ان الاكل اتأخر بس الناس اتعاملت معايا بشياكة
2202,"Terrible taste, fries and sandwich are soaking with oil"
2203,"I had my order missing my drink that should have been replaced with the one that got broken and after an hour and half from receiving my already late and cold order, I called the cs three times to check it as I didn’t receive it! By 12:15 am the deli..."
2204,fries so cold
2205,Nacho twisted puff marsh. Is missing
2206,الدليفري بياخد ساعتين
2207,أصبح سيئ و متغرق صوصات و سيئ الهضم
2208,Waiting for the food 2 hours
2209,The order is very poor and the food is rubbish!
2210,طلبت اوردر دبل جاتلي قطعة واحده ومش عارف اعمل شكوى عليهم ومش جايبين الفاتورة معاها
2211,This is not fresh food. I am shocked that Willy’s would send such food!
2212,Nothing is fresh Too overpriced for the quality & quantity
2213,البطاطس لم تصل
2214,سيء و مزيت و طعم في منتهى القرف
2215,بطلب منكوا كتير جدا، بس الاوردر بجد المرادي كان سئ جدا جدا و هيخليني افكر كتير قبل ما اطلب منكوا بعد كده
2216,and el menus did nothing about it. horrible quality and service
2217,I order 200 kg you got me a wrong piece of burger The food is not hot and it is not well done the service is really bad i got my order very late
2218,Loved it
2219,كان في زجاجة كريم صودا ناقصة من الأوردر
2220,Took 2 and a half hours to deliver
2221,Very slow delivery
2222,العيش مش حلو
2223,I wrote a comment on my order and it didn't happen
2224,العيش بايت طعمه وحش جدا غير ان اتحط على الجريل تقريبا علشان يحسن من طعمه فا اتنيل اكتر لأن الجريل مش متنظفه عدل فابقا طعمها عيش بايت على طعم الجريل المحروق و سندوتش الفراخ طعم لحمتها وحش جدا كأنها فراخ مسلوقه ومش عارف ليه شديدة كأنها نيه
2225,استلمت الاوردر غلط وتواصلت مع المطعم وبالرغم انهم اعترفوا انها غلطتهم قالولي تواصلي مع المنيوز احنا مفيش حد عندنا يجيبلك الاوردر الصح
2226,الاوردر اتأخر ٤٠ دقيقه تقريبا عن المعاد المحدد للوصول و الأكل كان بارد جدا والبطاطس كمية قليله جدا للاسف تجربه سيئه
2227,للأسف البرجر جاي كله محروق والطعم سئ جدا وكمان الصوصات قليلة للأسف بقالي كتير بجيب من ويليز كيتشن ودايما بيبقى اختياري في اي لمة دلوقتي للأسف دا مش هيحصل تاني اتمنى تحسنوا الأداء
2228,They took so long to make the order after they asked me to cancel it because there is no cream soda
2229,I ordered Pepsi not 7Up!!!
2230,the food was not hot
2231,The food was delivered 3 hours late and was missing 2 sandwiches out of 4
2232,اول مرة اجيب من ويليز الاكل بارد ووحش كده استهبال حقيقى ساندويتش الفراخ غااألى جدا وعبارة عن بريدنج مقلى مفيش فراخ وصوصات قليلة والاكل عموما بارد وملوش طعم حتى البطاطس وحشة جدا
2233,Too much chocolate in the marsmallow nachos
2234,The order overall was not hot
2235,الطيار اتاخر ولف كتير بعد ما استلم الطلب قبل ما يجيلي + السندوتش كان فيه شعراية
2236,To7faaa
2237,nacho Sandwich is average Cheese Fries freezing Cold and the Burger is burnt
2238,Fires & sandwiches is very very cold
2239,Special request was ignored. And taste mesh zai kol mara.. somehow cold
2240,الاوردر بارد اووي
2241,الاورد وصل بعد ساعتين و طالبت انه يبقى بدون خيار و لقيته مليان خيار كانه قاصد
2242,the food was good but i waited hour and half for my order without the delivery
2243,There was a water bottle missing from the order
2244,الطبقة الخارجية للدجاج كانت محروقة و وكانت مغطية علي طعم السندوتش ومبينه طعم الزيت
2245,It was by far the worst order I did in my life. I order at 5:30 PM and my food arrived around 9:30 PM yes after 4 hours I even called the delivery guy and he said that he was waiting infront of the place for almost 2 hours. ElMenu’s team was useless ...
2246,Found human hair in my sandwich
2247,البرجر مش فرش هو و البطاطس 👎🏻👎🏻
2248,Gr8 sandwich
2249,We ordered 3 combos with 3 soft drinks order delivered has only 2 drinks Fries are (Ccccolddd)) And i Called to complaint line is cancelled 3 times Very very bad experience
2250,Very very bad
2251,فين الصودا
2252,Very polite courier
2253,Order was missing 3 fries and a cream soda.
2254,"terrible customer service. its been 3 hrs with the food and the application said it’s delivered, so i didnt even receive my food."
2255,I ordered 2 cream soda and I received only one and the order quality came in worst quality I had ever seen
2256,"worst experience ever!, do NOT recommend. +2 hours waiting for it, and still haven't got the damn sandwich. and they have the audacity to treat the delivery guys like shit!."
2257,Order was not delivered fully
2258,الاوردر قعد ساعتين و نص منهم ساعة مثلا الدليفري واقف عندهم مستني كمان السعر غالي بالنسبة للأماكن التانية الفرايز كانت معجنة الافضل الصوص يبقي برة
2259,Food was good but took 2 hours to arrive
2260,Fries is so so so so bad and very cold Nachos was very cold and packing not accepted I don’t order cream soda if you want to change the drink you should inform me first Also order took 1:45 to arrive .. very bad experience
2261,"The curly Fries were like plastic and threw away most of them, but burger was very good"
2262,الطيار قمه في الذوق الادب ربنا يكرمه
2263,👎🏼
2264,Order came late by 45 min and it came cold and tasteless
2265,Order came late by 45min and it came cold and tasteless
2266,Wrong order and the fries was so bad
2267,طلب ناقص ورفضوا يرجعوا تمنه ومش متعاونين
2268,The driver was extremely late
2269,"اكتر من ساعة و ١٠ دقايق للتوصيل ، السندوتش كان مفعوص في بعضه ، البطاطس قليلة و واقعة في الكيس + سبق الابلاغ اني "" مقاطع "" و مش عايز مشروب غازي امريكي الصنع و اني عايز مياه .. يجيلي مياه Aquafina."
2270,Took a whole hour and 15 minutes of preparing a sandwich but tastes good
2271,"not fresh even tho i tolf him to make it fresh, dissapointed"
2272,The order took 1.5 hour ( second time ordering and the same problem from the restaurant not delivery ) and the fries were cold Other than that the burgers and cream soda were good
2273,"Order came in 45 mins Perfect food, tasty and warm Creme soda is great and different"
2274,the sandwich bread was burned . reported that to tge restaurant with no reply.
2275,"Worst experience ever , the order was late for 3 hours"
2276,There were no fries !!
2277,hh
2278,The cream soda bottle was spilled
2279,Taste not as expected Tasteless
2280,Took me 2 hours to order and receive the order. Worst support no support at all.
2281,90 minutes to prepare a burger ?
2282,The order took 2 hours to deliver
2283,was not delivered aslan
2284,لقد وجدنا حشرة في زجاجة المشروب ceam soda
2285,I waited 2 hours
2286,Asked for willy’s cream soda They bring pepsi without notice or didnt even call to choose another drink
2287,"Worst call center ever , refused to take the order and told me to call them later"
2288,طلبت عدم اضافة صوص ولم ينفذ دائما مهملين مع ان اكلهم طيب جدا
2289,مش دا الساندوتش اللي انا طالباه و لا دا الدرنك اللي انا طالباه !! و. حد يكلمني عشان يبدلي الاوردر
2290,Missing redbull
2291,اسوأ تجربة فى الدنيا
2292,There's 3 cream soda missing
2293,Food was amazing but the delivery came too late
2294,The deliver is tooo late and the food came too cold also
2295,I order the fries with the combo curly and i received regular fries and the food was not hot
2296,"You can make a bigger size fries , the fries portions is too little compared to other restaurants"
2297,البرجر و الكريم صودا مجتش اصلا !!!
2298,الاوردر اتأخر كتييير والمطعم مش بيرد على الاتصال تحربة سيئة
2299,جالي نزلة معوية
2300,Good food
2301,I didn’t receive my cheese wedges
2302,I ordered curly fries got wedges instead and it doesn’t taste good
2303,Helw awe
2304,الأكل متأخر ساعتين و جاي بارد و يقرف و ناقص البطاطس و حاجه وسخه و كلمت المطعم كذا مره و مفيش اي رد منهم ولا استجابه و قالولي هيكلموني و ماحدش كلمني مانصحش اي حد يطلب من المطعم دا لانهم مش محترمين
2305,I didn’t receive the order!!
2306,"Food was good but the delivery was horrible, took 2 hours"
2307,Wasn’t hot and food took a very long time to arrive
2308,الطلب موصلش
2309,مجاليش الاوردر اصلا وكتبلي delivered.لا تعليق
2310,مستلمتش الاوردر واستنيته اكتر من ساعتين ، تجربه سيئه تاني مره وبفكر ماستخدمش البرنامج تاني
2311,They are the worst! I’m never buying from Willys again!!! You guys were super late but okay. I ordered total 7 cream soda what I got was only 3 and one mini Pepsi. I messaged them on messenger they replied someone will call. No one called. I tried ca...
2312,الطلب وصل بعد ٣ ساعات و متسخن و سئ جدا خدمة العملاء في منتهى الاستهتار و الكذب ٤ مرات اكلمهم يقولولي الاوردر خرج و بعد ٣ ساعات الديليفري كلمني قالي انا لسة مستلمه من المطعم
2313,I ordered Willy's cream soda and what I got is regular Pepsi which I'm boycotting
2314,طلبت من ساندويتش منهم من غير خضار .. وجالى بدون الالتفات لطلبي نهائيا
2315,Delivery took more than 2 hours and called the restaurant more than 6 times each time they told me 10 mins and he’ll be here until 1:40 am Worst experience everrrrrrrr Never again
2316,العيش كان مجلد جدا واللحمة زي الكاوتش مش عارفة ليه تدهور الجودة ده حصل
2317,الاوردر اتأخر كتير وكان مش سخن تمام
2318,worst order wrong and was late than the arrival time by an hour and a half. the chocolate nacho wasn't rapped properly and all over the fries
2319,Order never been accepted.
2320,ناقص واحد بيسي
2321,خدمة ممتازة و جودة الاكل ممتازة و توصيل جيد جداً
2322,الاوردر مجاش اصلا
2323,The order took 2 hours and wasnt eeven started preparing the order and it was paid by card and i have to wait 7 to 14 working days for a refund. No one even cared to call me to apologize Vet bad experience from willys and from el menues and defin...
2324,It was very oily
2325,No fries
2326,Every thing is just amazing
2327,ًم
2328,Keep up the high quality food!!
2329,الوردر موجاش
2330,الاكل وصل بعد ساعتين
2331,"my order came missing sandwich and call center even didn't try to refer to restaurant and want to confirm it's delivery responsibility, while backs came seeled."
2332,خدمة بقيت سيئة جدا
2333,the fries on the pack is not even half of the pack !!
2334,I ordered burger sandwich with mashrooms and it came without mashrooms!!! It tasted awful without it
2335,البطاتس نص الباكت كان فاضي و سعرها غالي
2336,الاكل محروق
2337,The order delivered after1.5 hour !
2338,كان حار جدا
2339,Very good value for money Gourmet ingredients with properly maintained quality And the good thing they have their own signature
2340,The buffalo sauce didnt taste like the usual buffalo sauce. However all in all it was good
2341,The price in the app not similar to the receipt.
2342,Very greasy
2343,انت دايما روعه بصراحه، لكن اميارح كان السندوتس الشيلي شيلي فيه حاجه ناشفه جدا جواه، غالبا حلقات البصل نشفت منكم وعكننتم عليا الله يسامحكم
2344,burned bun tasteless meat
2345,"Food is extremely salty and a chore to eat, i dont recommend"
2346,chicken was not well cooked and tasted so bad and the cheese lava also tasted bad
2347,I ordered a shrooms and a bbq sandwiches. I received shrooms and normal cheese burger.
2348,"Very very late delivery The food quality, and taste was good"
2349,amazing!!
2350,البطاطس متاكل منها و الاكل كان مفتوح و بارد
2351,"I received the meals missing a soft drink bottle and when I complained to elmenus, no refund or drink received"
2352,fries cold
2353,the order came not right
2354,There was an item missing from my order and they added extra chilli on fries that I didn’t request.
2355,The drink didnt arrive
2356,الاكل وصل بعد ساعتين وفي مشاكل في الاسعار الموجوده علي الابلكيشن غير اللي عندهم وبعد ده كله كان طعمه سيئ جدا لدرجة اني معرفتش اكل اصلا والبطاطس كانت بارده اسوأ تجربه ومش هجربه تاني ابدا
2357,جيه متاخر جدا بعد اكتر كن ساعة و نص، و كنت قرفات و انا باكل، في ريحة غريبة
2358,U
2359,This is the worst experience and service ever and i will not use this app again
2360,The order is goood but the time for preparing it is not good at all they are late I hope not be in this satiation again or I will not gonna revive the order
2361,الاوردر كان ناقص البطاطس فعرض الكومبو يعني جاي ساندويتش و مشروب فقط!
2362,دائما كويس بس الاوردر اول مره يقلش منه
2363,didnt receive pepsi
2364,كالعادة لاجديد أفضل مطعم وجودة ثابتة مع ان دي رابع مرة اطلب عمره ما وصل الاوردر الا كان احسن من اللي قبله شكرا ويليز ومزيدا من التقدم
2365,The burger was amazing
2366,too much black peppers
2367,I got the wrong order and i paid more for my order
2368,ma order came without French frizz
2369,لو سمحت عاوز حد يتواصل باقي الأوراق موصلش
2370,الطعم ممتاز جدًا ووصل سخن ومش اخر تجربه .. ارجو الاستمرار على الجوده والطعم
2371,"my expectations where high for the sandwich ( brooklyn shrooms) not recommended at all, it was blend you can’t taste anything. The buns were fresh. the chili fries were goood and the onion rings too."
2372,عرض بيج 200 جرام وصلنى من غير البيبسى
2373,Didn’t order Pepsi
2374,حلو اوييييييى❤️
2375,كذا مره بطلب عدم وضع صوص الهالبينو وبيجي محطوط برضو
2376,Sandwich was soggy bcz of the extra sauce
2377,Not as usual
2378,El ferakh kanet megaleda w nashfa awiii w bayta w ana 3alatool batlob men el mahal w akl kan beyb2a kowais bas el maradi kan saye22
2379,Amazing quality and food as always thanks
2380,اقل من مستوي زمان
2381,tastes very bad there was a weird brown powder in the sandwich never ordering again🤮🤮🤮🤮
2382,No ketchup or cutlery was sent with order
2383,More than perfect
2384,اول حاجة انة البيبسى جاية سخنة مع الاودر ثانيا الرسيت اللى جاى مع الاوردور مش مكتوب فى مصاريف التوصيل و لما بسال الطيار قالى على الابليكشن انا ماليش دعوة بالمطعم؟؟
2385,مفيش حاجة مميزة
2386,تم رسال بيبسي بدل السفن و ازازة زجاج صغيرة مش كان كبيرة زي مانتوا حاطين صورة المفروض انها واقعية للكومبو نتاشو ميل !!!!
2387,التوصيل من المنيوز دايماً متأخر ساعة وساعتين ، نفسي يوصل عالوقت زي ما بتكتبوا
2388,Wings were rock solid
2389,طعم سيء جدا جدا وكمية ملح فالبرجر خلته يترمي فالزباله
2390,Quality was way worse than usual.
2391,I said without BBQ sauce and they forgot to remove it
2392,سواق قليل الادب داخل بيزعق بكل بجاحه وقله ذوق عشان برن عليه
2393,The sandwich was very saggy and was dripping all over the place
2394,لقيت حديد في السندويش. و بحاول اكلمهم مش بيردو .
2395,I received my order warm (close to cold) l was tracking the driver and he appeared stopping at many places before heading to my place
2396,الاكل مش جي سخن و جي بعد ساعه و نص!!!!
2397,packages are damage
2398,مندوب التوصيل لما وصل كلمني عشان افتحله باب العمارة وقلتله ببساطة جدا يحط الاوردر في الاسانسير وانا هشد الاسانسير واخد الحاجة لاني دافعة كريديت ومع ذلك تطلع علي السلم للدور الخامس!! كانت حاجة مريبة جدا والساندوتش يقرف والصوص بشع ومش عارفة ليه ساندو...
2399,Excellent service and very nice food Nice keep up
2400,Excellent Very superior
2401,الاوردر وصل بدون بطاطس
2402,Missing pepsi
2403,The packaging is 👌🏻
2404,ordered a drink but didn't recieve and they sent me another drink without even asking if its okay or not
2405,order is not delivered at all
2406,من انضف مطاعم البرجر لو محتار تطلب ايه
2407,أسوء حاجة أكلتها في حياتي مش بس أسوء برجر. البرجر طعمه كفته وكفته مش معمولة كويس كمان. الصوص كان مملح زيادة وتوابل البرجر قوية فالميكس كان صعب يتاكل. لسبب ما العيش كانت ريحته زفرة غير إنه كان متغرق من الصوص ماقدرتش أكله خالص. البطاطس كانت طرية جدا و...
2408,Great food again
2409,bread was old and the buger is very small and it's 200 g how it's very small what is going on
2410,They cancelled after they’ve been “preparing” my order for 40 minutes
2411,ساندوتش الدجاج جالي واحد غير الي طلباه تماما
2412,كل مرة يكون أطيب من اللي قبلها
2413,Everything was too salty
2414,The food was too good
2415,It was the worst taste ever
2416,The burger was absolutely horrendous and the fries were cold
2417,i asked for medium cooking i received it burned 🥹
2418,ساعتين عشان يجي اوردر وخدمة عملاء زي الزفت زيكوا
2419,the nacho bread was stuck in the paper wrap and it was a mess
2420,the burger was burnt tasted so bad
2421,"The worst experience ever, even your support"
2422,didn't like the quality of the burger
2423,البرجر بس خبز ولحمه فين الجبنه والخس والطماطم
2424,order is missing a pepsi and the driver told me a higher price than it is!
2425,The sanwich was 150mg not 200mg and the pepsi can’t be open
2426,Burger was too salty
2427,"Unprofessional , 2 hours to receive my order"
2428,2 hours to receive my order
2429,صراحة انصدمت بجودة الاكل اللحم فريش صوص المشروم عالمي ناقصه جبنة سويسرية ويصبح نمبر 1 الناتشو خلطة عالمية ولو اني كنت أفضل يكون متحمص على الجريل أفضل من القلي بس ماكنش مزيت ابدا ودي حاجة تحسب لهم حطلب تاني وتالت وعاشر شكرا لكن
2430,…
2431,فى بيبسى ناقص
2432,Low portion
2433,الخبز كان قديم
2434,المطعم قبل الاوردر من الابلكيشن و بعدها قفل و مسلمش الاوردر للطيار ،و مهتمش انه حتي يكنسل الاوردر او ميقبلهوش تجربة سيئة للغاية خصوصا ان علي م تواصلت مع الدعم للمنيوز كانت كل المطاعم قفلت .
2435,The food wasn’t good
2436,اكثر من رائع الاوردر وصل خلال اقل من ٢٠ دقيقة تقريبًا في حين ان الوقت المتوقع كان ٤٠ دقيقة السندوتش كبيرة جدًا ومتخدمة ومقدرتش اكملها لكن شوية مشطشطة وكان يفضل يكون في اختيار في الصوص مشطشط او عادي وبرضو الزيت كتير شوية لكن بشكل عام الاكل لذيذ ونضيف...
2437,The fries are burned
2438,علب الصوص سايحه مدايقه جدا من الاوردر دا الناتشوز مكسره ومش زي كل مره
2439,Missed item Pepsi 🧟‍♂️
2440,Order was canceled
2441,البطاطس كلها بايظة و لونها اسود !!!!! السندوتشات باردة ووحشة جيدا تجربة زفت
2442,All fries were burnt
2443,البيكون كان ني حرفيا ومستحيل يتاكل عباره عن لحمه نيه very disappointed
2444,Nacho was so heavy. the bacon was so bad. the food portion is good.
2445,Didn't get the Friskies Sauce. I also received a Coke instead of the Sprite I ordered. Why do they always have to ruin your order somehow?!!!
2446,Food quality is always good. We did try the wild west chicken sandwich for the first time and it wasn't for us. seemed to have a strong vinegar taste which I put that down to the sauce. Everything else was all good apart from a missing Pepsi.
2447,ناقص ٢ بيبسي، المفروض يجي ٥، وصل ٣ فقط كالعادة😔
2448,للاسف دفعت قبل ما ابص علي الاوردر و لما فتحته لقيته اوردر صغير و دفعت تمن اوردر كبير!!
2449,لاقيت حشره في الأكل
2450,العيش مش فريش حاسيه بايت
2451,كويس بس مزيت اوي والبصل مش لايق
2452,very low quality onion rings very bad burger low quality
2453,"very good, delicious,and big sandwich 😋😋 . the offer is really great 👍👍"
2454,مندوب التوصيل تأخر جدا عشان كان لسه بيودي اوردر و هيروح يستلم الاوردر بتاعي بعدها و يجيبهولي .. و عند تقديم الشكوي متقليش غير علي وصول و مفيش اي حاجة حصلت
2455,جامد
2456,البرجر كان حادق جدا
2457,روعة
2458,Shit…….
2459,the potato is missing!!
2460,طعم سندويتش الفراخ غير جيد. الفراخ مزيته و الجبنه كتير قوي مغطيه علي طعم الفراخ
2461,it was good
2462,الطيار اتأخر اوووي حاولت اتواصل معاه مرتين ولكن لم يرد
2463,الاوردر غلط و متأخر
2464,الساندوتش كان متفعص شويه
2465,الأكل وحش جدا لدرجة انو متاكلش معانا الفراخ زي الصخر والله من دون مبالغة محدش قدر ياكلها من قسوتها سيء سيء لأبعد الحدود للأسف اول مره وآخر مره
2466,الاكل جه بارد جدا والفراخ بايته ومش طازة معجبنيش الاوردر المرة دي خالص للاسف
2467,"only one thing went wrong, i ordered 7up but i got pepsi"
2468,worst service EVER.. do not order they accepted the order then they refused to deliver it
2469,v good
2470,Willy's Kitchen knows how to make a delicious burger sandwich 🍔❤️
2471,"bread quality was too poor and tasted so bad, the sauces was not enough..... overall not what i expect usually from willis"
2472,perfect 🥰
2473,جيد جدٱ
2474,الاكل تحفه جداا من احلى المطاعم كوالتى الاكل جميل جدا سواء فى الفرع او ديليفرى والخدمه فى الفروع تحفه تجربتى كانت فرع الدقى ومصر الجديده
2475,noice
2476,الاكل المره دي سيء جدا غير كل مره حاجه لا تليق بمستوى المطعم
2477,رائع و سخن و كواليتي عيش و برجر عالية .. would recommend
2478,Worst chicken and bread very dry chicken I am only tasting breading with only oil in the taste. Not ordering again already other premium brands with the same price. Not recommended
2479,"I really enjoyed the meal; I ordered the 2 deal offer, added 60 pounds for the 200gm. The burger was really good quality, fresh, and hot. The delivery was fast about 30 mins. The nutella banana wrap was very delicious. Maybe the nachos was not ve..."
2480,اخر تعامل مع منيوز
2481,VERY underrated✨❤️
2482,بطني وجعتني بعد الاكل
2483,Driver’s attitude was very good
2484,delivery was so late
2485,اخد وقت طويل جدددا عشان يوصل
2486,الفراخ مزيته اوي و لونها بني غامق
2487,Baaadddd
2488,Good job
2489,سئ للغاية
2490,So good
2491,"Bread is not fresh, The sandwiches become smaller"
2492,Oily
2493,Good food but a bit overpriced
2494,كل الاوردر غلط
2495,No jalapeños !
2496,Rejected my order without explanation this is unprofessional behaviour if you can’t handle delivery method then shut off your business
2497,Received Pepsi instead of 7 Up twice.
2498,Cheese sauce was split over
2499,The driver asked me to come to him to get my order
2500,الفراخ مش مستوية
2501,"The food was delicious, the delivery was extremely fast and they still called and apologized for the delay. Great experience highly recommend"
2502,All sandwiches were very spicy while the order was not spicy
2503,اسوء مرة اجيب من ويلى الطعم صعب جدا والبطاطس تقريبا اترمت
2504,i wanted curly cheese fries and the delievry get to mee curly without cheese
2505,The driver was so friendly.
2506,The food had too much salt
2507,Was cold but it was a cold day
2508,انا طلبت smokehouse bbq sandwich الساندوتش جاى فاضى مفيش fried onions و مفيش خس و حتة بيف بيكون صغيرة و بيتقالى لما اشتكيت اتقالى استنى ابدل الساندويتش، أول مرة اسمع حل زى كده الصراحة
2509,اوردر غلط و خدمة عملاء زي الزفت و حرامية سارقيني في فلوس كمان و معاملة نيلة
2510,Worst service ever .. order should have been delivered at 2 .. wasn’t delivered till fajr while calling the restaurant was useless as the rude customer service said I don’t know anything about menu orders!
2511,منتهي قلة الادب! جاي من غير رصيد وواقف يتمرقع تحت وطالع يعلي صوته كمان!!!!!
2512,"Order Pepsi diet got normal one , service sucks"
2513,Food was really nice
2514,Very low quality
2515,Soo bad
2516,Very few portion of fries
2517,بصراحه الاكل حلو بس جاي كله سايب في بعضه معرفتش امسك الساندوتش و كل شوبه حاجه تقع
2518,سندوتشات طعمها وحش والاكل جي بارد مع ان المطعم قريب من مكان التوصيل
2519,Food poisoning
2520,كتب الاوردر وصل على الابليكيشن و هو موصلش
2521,العيش بايت مش طازة .. لحمة البرجر مفتفتة و دهووووون ... و فراخ بتشد ...سئ جدا very disappointing!!!
2522,الاكل طعمه كان سئ جدا
2523,الاكل جه بارد و الاستربس جات اسبايسي وانا كنت طالباها عاديه
2524,الساندويتشات اكتر من رائعة جودة وكمية وطعم الاكل وصلنى سخن ورائع
2525,Poor Quality not as usual
2526,👏👏👏
2527,The fries were so dry and cold
2528,Very oily fries and i got pepsi not seven up
2529,Only fries not good one
2530,Veryyyyyyy bad taste again The meat was so greasy 🤢🤢🤢🤢
2531,The curly fries were burned and not even many
2532,كله تمام ،، بس الفلوس نزلت علي المندوب ،، من فضلكم شلوها من عليه
2533,Very late delivery and the order was cold
2534,The fries was burned and so bad
2535,Curly fries were under moderate
2536,"All the sauce was all over , please check it"
2537,"The order was wrong , asked for cheesy fries and got ordinary fries"
2538,Curly fries were over cocked
2539,Willy’s chips gang was missing from the order
2540,The burger wasn’t grilled
2541,Goood
2542,حلو جداً
2543,"Quality has been degraded a lot, unfortunately that would be my last order"
2544,I was ordering cheese curly fries and i got curly fries only with no cheese
2545,Chicken is not cooked well I wont recommend to anyone
2546,كله حلو
2547,Food quality
2548,Terrible food
2549,late delivery but the sandwich was great even though it was a little cold
2550,So bad
2551,تحححححفففففه
2552,تمام
2553,البطاطس بايتة و مش طازة و وحشة اوي
2554,البرجر كان فيه بقايا عظم و يسكنه رملة
2555,"The restaurant delivered wrong part of the order though it was clearly stated,,, not surprising as this always happens with elmenus orders"
2556,اوردرز الناتشوز كلها حلوه دايما بجبها و دايما فريش و طعمها حلو ، بس البرجر اللي جبته النهاردة ده كان سيء جدا، لقيت حشرة صغيرة ف فويل البرجر و البيف مش مستوي كويس ولا فريش، الصوص كان حد حط معاها مياه قبل ما يحطه على البرجر .... بجد اول مره يجي الاوردر...
2557,Burnt
2558,Fries wasn’t seasoned
2559,"The meat quality is below average, most probably it is not 100% meat. Over priced Mushroom sauce was nice. Not buying from this place again"
2560,الاكل جة متاخر و ناقص و لم يتم رد المبلغ او المتابعة من قبل الدعم الفنى كما تم التوضيح لنا
2561,the fries was very bad
2562,Worst attitude from any call center when contacting WILLYS even though they prepared my order wrong TWICE! الفرع ده حضر الوردر غلط، و لما بلغت المنيوز، بعتولي الاصناف اللي ناقصة غلط برده!!! حاولت اكلمهم لكن سلوك و ردود الهوت لاين قمة في الاستفزاز ...
2563,الاكل حلو جداً و الدليفيري كان محترم جداً جداً
2564,Very nice burgers out there
2565,Cold as usual
2566,I wasn’t good as I expected
2567,The food was very delicious and delivered exactly on the estimated time.
2568,سلوك الطيار زي الزفت
2569,كان سئ جدا والبطاطس بشعه
2570,"The bread wasn’t fresh, the batty wasn’t well done"
2571,Arrived late and very cold
2572,....................................................
2573,The best ever
2574,"Food was cold and one of the sandwiches were smooshed due to delivery I would say, because the sauce was completely out of the sandwich which made the bread very soggy"
2575,Food arrived cold and driver’s attitude was not good!
2576,مش حلو هاااالص
2577,Sandwitch was very not tasty and not juicy at all and onion rings and bacon were cooked too much till it was hard to eat
2578,Food was not fresh
2579,The drinks were missing in the order
2580,I got a totaly wrong order
2581,"Late delivery, so food wasn’t hot"
2582,لذيذ اوي
2583,Quality ممتازة
2584,"The food took 2 hours to arrive - the restaurant received the order on their system 40 mins after I made my order. I was over charged by 26 EGP and to top it off, the driver was lost in the street parallel to my street for a good 20 minutes even thou..."
2585,لذيذ
2586,Nacho pizza burger اكتر حاجة tasty كلتها وال cheese والصوصات حلوة جدا بجد رائع
2587,Onion is not cooked well Bacon not good
2588,مطعم ابن وسخة و خدمة عملة بنت وسخة
2589,The order was late
2590,Amazing taste!
2591,"Good burger, bad sides"
2592,Nacho bbq is great. Really well done for the quality & the taste Ranch chicken was soooo oily & not tasty Really dissapointed. Expected better quality than what i received
2593,there is missin pepsi
2594,Ns
2595,it was cold and so salty
2596,Walahy the worst time I’ve eaten from Willys
2597,1 sandwitch was just slightly warm. almost cold
2598,I just get my order and the order was not complete to my things in the cheese burger it's not good food too the burger was bad had alot of sauce and alot if onions which I said don't put it on the burger of cheese burger and it's was so bad ..and col...
2599,Bad taste
2600,Small portions
2601,الطلب بارد جداً
2602,لزر
2603,worst service experience everrrrr
2604,Very small portion vs. cost
2605,was ok nothing special about it just like any regular fast food place but my friend liked it very much
2606,The original burger sandwich the taste was not that good
2607,Th
2608,"The food was good, the delivery guy was not the best."
2609,Worst experience am disappointed the food was very bad the fries are burnt and greasy the sandwich wasn’t fresh the chicken was terrible
2610,The restaurant took too much time preparing the food and at the end it was bad
2611,"Exceptional quality! Everything about the food, temperature, and portion sizes was flawless. The packaging was very nice as well. Thank you!"
2612,Only fried need to be more
2613,I asked for burger with cheesy only it came with everything and i asked for cheese dip and no meat and it came with meat
2614,Quality never changed since its first day
2615,Overrated fashhh5
2616,It was veryyyyyyy late order delivery
2617,الاوردر جيه ناقص pepsi
2618,Very bad experience.
2619,"The latest reviews are correct. Your order will arrive missing something! First time eating there, crappy service. Would not order again even if their food was free."
2620,The food was really cold and the burgers tasted like it was burnt and dry
2621,Good driver
2622,They don’t read your comments if you have special request on your order (removing anything from your sandwich)
2623,The order has been delayed more than 25 mins from estimated time
2624,great portions and taste
2625,"full of grease, unfortunately you have to call them in order to get your order without grease"
2626,كان بارد و طعمه سيء جدا وضايقني بصراحة مع إني كلا منه مرة من أسبوع كان سخن و زي الفل
2627,I received a small waffle fries and I paid for the biggest size
2628,تحفه سخن و الطعم ♥️👏👏
2629,It was really good and hot
2630,"One Pepsi was missing It is not the first time from el menus And fries was wrong , one missing frescos fries"
2631,You forget the potato’s and it’s not the first time and it’s really make me annoyed it’s the third time I will not order again from elmenus
2632,"Very oily burger and fries, will not order again from Willy’s"
2633,"Not good, very oily burger and fries. Will not order again"
2634,العيش كان بايت
2635,Highly recommended!
2636,Too expensive
2637,العيش جاي غلط
2638,They didn’t deliver the order nor refund the money
2639,Food was horrible threw most of it
2640,worst sandwich i got from this place cold toppings are dry later dilevery
2641,Amazing!
2642,There was problem with the location otherwise everything was good
2643,الطيار سئ جدا
2644,Missing items and wrong drink
2645,"The food was amazing bit it was late and a bit cold, and the nachos was spilled and the paperbox was very wet and i threw it"
2646,Whole order was good but they burned the chicken sandwich
2647,Missing items haven’t been addressed
2648,"Delivery man took 40 LE and never return it back and obviously this bad experience not the first time as I see one of the customers wrote the same , I would not use this app again they took money and return it as promocode to obligate the customer to..."
2649,Good but little bit coold
2650,the order arrived late and was cold. too expensive and not worth it.
2651,الاوردر كومبو وفيه بيبسي ومكتوبة في الاوردر ومع ذلك الراجل جه من غيرها وكان عايز يخصم ٥ جنيه تمنها قولتله دي ب١٣ الموقف مش مفهوم ومش عايزة اتهم مين المسئول بس ده عيب وماينفعش وطلبت اصلا في الملاحظات ان السندوتش يجي صوص البربكيو برا جالي برده جوا ا...
2652,2 hours to deliver cold food.
2653,"The taste is fantastic but I mentioned that i wanted the sandwiches with no cheese, yet they came with cheese. I had to scrape it because my husband is allergic."
2654,no beef bacon was added
2655,Wrong order and the delivery man took 40 LE and called him to return it back and doesn’t respond
2656,المطعم تمام و الاكل تحفه والخدمه داخل المطعم مريحه جدا وتمني التطوير وتكبير الفرع و فتح فرع في سيتي ستارز
2657,الاكل وصل متأخر وبارد
2658,الساندوتش مالوش طعم خالص ولسه عندي في الثلاجه
2659,"2 hours for an order to arrive !! I refused to receive it , returned it and called the restaurant to issue a complaint. Totally unprofessional."
2660,Very Cold food Soggy sandwiches Contacted the restaurant via whtsapp to make a complaint and they have ignored me
2661,انا جالي تسمم و نزلت المستشفى الفجر ..
2662,Lovely experience 🥰
2663,بسششع بشششع تقريبا وقع منهم السكر او العسل بالغلط حاسه اني باكل فراخ بالدونات
2664,The patty and the bun were burned out !!!
2665,طلبت اضافه لحم بيكون و دفعت ثمنه و لم يضاف للأسف
2666,العيش كان متغير و مش فريش و مجبش بيسي دايت زي ما طلبت
2667,There was hair in the sandwich
2668,Driver very late and he blames restaurant
2669,الوجبه غير كامله - بدون مشروب
2670,"Cold food no sauce, oily fries Very bad experience"
2671,i found paper cartoon in sandwitch & i have pictures for the paper ?!!! furthermore The food was very cold
2672,Missing a lot of items
2673,Delivery is so expensive and the beef in the “Willy’s Nacho Burger” was so dry
2674,bread quality very bad soltiy beef everything is really bad
2675,Very very spicy! I couldn’t eat it chicken sandwich
2676,البطاطس كانت وحشة محروقة و رحتها زفارة و نية و كان فيها حجات لونها اسود
2677,Portions were small
2678,I specifically requested anything but Pepsi.. How can I write it for you to understand it??
2679,الاكل مليان ملح ومزازة غريبه واترمي ف الشارع
2680,اوردر خطا مرتين
2681,V get t
2682,Concerning buffalo nacho chicken sandwich
2683,الساندوتشات مكنتش مقفوله اصلا مفيش covers مع الاوردر ١ سلطه لكل الساندوتشات
2684,The order costs 177 I gave him 200 and he took all the money
2685,He didn’t give my money back
2686,Said that order was delivered and 20 min passed and didn’t receive it
2687,الاوردر جيه و بتاع الدلفيري اخد ال ٢٠٠ جنيه و مرجعش تاني كلمته مره بعد نص ساعه اقلي انت مين انا عند ذايد ٤ بفك و من سعرها مردش تاني
2688,"I ordered Diet Pepsi and received apple Miranda , and the wedges were almost raw"
2689,جيد جداً
2690,اسواء اوردر
2691,the sandwiches taste bad as if something is rotten!!
2692,I ordered pepsi diet and Miranda And even more there was a missing drink
2693,nice attitude and well-behaved
2694,The original sandwich has no tomatoes or lettuce
2695,Food was cold and not fresh Bad experience
2696,No fries came with the order !!!!!!!!
2697,"Every time and every day, don’t take it the wrong way but “I’m addicted to Willy’s”."
2698,Order came wrong
2699,Food quality was very bad
2700,They are just fantastic! They’re also the death to all diets.
2701,The order came after 2 hours and all things wring and i changed the order
2702,"The original cheese burger came with only onion and sauce!!! Where’re the tomato, lettuce or even pickles?! I had an uncompleted uncomfortable experience.."
2703,bad experience not used for that with willy's the original came qith no additives no tomato no lettuce the Pepsi is so hot 🙄🙄
2704,الساندوتش فاضي حدا جدا علي غير العادة والطلب ناقص 2 بيبسي وتم التواصل مع الدعم فني ومحدش كلمني بعدها للاعتذار حتي....-_-
2705,"Cloud like bun, crispy onions and a juicy patty sitting on a crispy piece of lettuce that traps the juice from soaking the bun. Can’t begin to describe how happy I am. Jalapeño fries are also pretty groovy."
2706,Tastes like shit
2707,good . .
2708,اول مرة يبقي الاكل طعمه وحش و اللحم طعمه غريب و الصوص كمان
2709,اول مره ف حياتي الاقي نمل ف شنطة الاكل
2710,"The bacon, onion rings and burger patties were all overcooked and dry"
2711,I ordered the burgers in brioche buns
2712,No Pepsi!!!
2713,الاوردر جايلي من غير بيبسي والعرض فيه بيبسي
2714,اوردر خد ساعه ونص عشان يوصل وناقص كمان
2715,السوبر ناتوش كان مزيت جدا جدا جدا شارب زيت لاقصى درجة وسيبناه مكالناهوش وبجد خسارة الفلوس اللى اترمت فيه
2716,"Food spilled out of the buns, Burnt fries, avoid."
2717,got a wrong sandwich
2718,الأكل بارد وبجد طعمه سيء جدا
2719,"the delivery guy said my net finished, he came really late and the restaurant was 5 min away he came in 30 min or more"
2720,Chili chili was very bad 🥲
2721,Overcooked as always
2722,الاكل سئ للغايه والطعم سئ والبصل محروق مخلي طعم السندوتش مر جدا، ارجو التواصل معي انا صورت الساندوتش
2723,The quality of the food is not that great
2724,The bacon boss sandwich was so bad there is something wrong with the taste
2725,اول مره اجرب فرع مدينتي و اخر مره سيئ جدا حدا جدا جدا
2726,no food deliverd
2727,the fries portion was tiny for extra 10 l.e !!!
2728,Marshmallow nachos was empty from chocolate
2729,"The food is good, but slow delivery"
2730,العيش كان بايت و الأكل جه بارد لكن في العموم حلو
2731,كان في قطعة حديد في سندوتش
2732,"I ordered two orginal sandwich It should have pickles, llettuce, tomatoes, cheese and sauce It came with sauce, cheese and onions and nothing else"
2733,Wrong order
2734,the delivery was more than great however the food's taste was just ok but not as usual.
2735,الفراخ كانت مزيته اوي انا حتي مقدرتش اشم الساندوتش و بينقط زيت زي مايكون طلع من الزيت علي التغليف
2736,Brooklyn Shrooms sandwiches taste was not as good as usual
2737,الاكل بقي سئ جدا يوفروا في الخامات و العماله مش مدربه صح . يا خسارة كان اكله حلو
2738,Wrong drink
2739,All super nice
2740,I said no mayonnaise wallahy
2741,missing items // bad packaging // cold +small portion fries
2742,حاجه بجد عظمه جوسي جداا وفعلا 600 جرام ساندويتش ملوش حل بيج ويلي 😍😍😍 هو بس اتاخر شويه في التوصيل
2743,"Drink missed , wrong order"
2744,العيش وحش جدااااا
2745,It was very spicy though I didn't order spicy.
2746,"the friskies fries were oily, over fried and not fresh, i threw it away. the burger tasted like belobeef. never ordering from them again."
2747,I asked for lettuce onions & tomatoes and they didn't arrive
2748,No delivery
2749,bread wasn't expected like that
2750,الأسعار فيها اختلاف بين الطلب فى الابليكشن و الفاتورة
2751,الفرايز وحشة جدا
2752,I received the order very late
2753,فى فرق كبير فى حجم شريحة اللحمة مع أن الاتنين 300 جرام .. و الاضافات ال موجودة فى البرجر كميتها لازم تبقى من كده
2754,Gen
2755,Order didn't have any ketchup or sauce as mentioned within the order
2756,Vvv
2757,Special requests not done
2758,Very bad taste and quality the worst burger ever and high price for 2 small sandwiches I didn’t eat both of them due to ver bad sauces and not fresh mushrooms
2759,Everything was bad Order delivered very late ! After its expected time by 25 minutes. The food was cold . And the taste was disgusting literally. Don’t recommend it at all
2760,late delivery and cold food so the taste was miserable 😖
2761,"This was my first time to try Willy's and definitely the last. I had the bacon boss burger, it tasted okay nothing special, after few bites a metal particle from the burger got stuck into my teeth 😬"
2762,cheese lava Amazing
2763,"it was very bad i had a very bad diarrhea after it and i vomited more than once, very low quality and i’ll stop ordering from there"
2764,"I ordered smokehouse BBQ so it was supposed to have bbq but the bbq was so little that i could barely taste it also the burger was dry and burnt, i love willy’s and it’s not my first time to try it but surely the worst"
2765,التسويه سيئه وبارد
2766,Na
2767,الاوردر وصل مش كامل و محدش اتواصل معايا
2768,the most bad experience ever really wished to be dreaming
2769,beef bacon and fried onion didn't taste fresh at all
2770,مطعم زفت بيلغي الاوردرات بمزاجه ……………………………………..
2771,It was not good as expected
2772,and forgot the Pepsi
2773,Hh
2774,bread is not fresh at all and poor quality
2775,الوقت طويل مما ادى الى برودة الساندوتش
2776,the meat and bacon full of fibers
2777,40 min late
2778,Food was perfect but the order was extremely delayed
2779,the order costs 95 L.E ...i gave the driver 100 L.E and he said he donnt have 5 L.E as exchange so he took the order
2780,The chilli fires barely had ground beef and it tasted so bad this time used to be much better but the sandwich itself was delicious!!!!
2781,Items missing
2782,سيء
2783,الطلب ناقص واحدة بيبسي
2784,Awful
2785,"Hello , I received my order on time but the driver was aggressive plus he doesn’t has change so I told him, go and change the money and come back to me , so he told me ok and he disappeared . So how much we are dealing with a good company and w good..."
2786,The food was not good and it was delivered 2 hours later
2787,الطعام كان به مشكله وجع في البطن بسببه
2788,مش حلو خالص
2789,الأكل وصل بارد وطلبت العيش بريوش للسندويتشين وصل واحد بس... ده مش بيحصل ابدا لما بطلب من المطعم مباشرة
2790,Thank you for fast delivery
2791,"The courier took about 40 minutes to deliver the order, while the distance don't take 10 minutes. The order was cold. The fries was not fresh. The overall experience was unsatisfying."
2792,You better get professional & respectful couriers!
2793,التوصيل مرتفع السعر
2794,Cold they get me wrong drink
2795,el akl we7esh
2796,Driver very helpful and polite ❤️
2797,the meat was dry and the nacho burger was fried too much .. not as expected
2798,تجربة سيئة الفراخ متحمرة زيادة و العيش مفرول والطعم مش حلو زمان كانوا حلوين لكن حاليا لا..
2799,I ordered Ranchie Crunch Chicken with frisky(?) fries and thousand island sauce. The sauce was medicore not even thousand island sauce. Sandwich wasn't even close to subpar. I got food poisoning to add to that. I should've stayed curious honestly.
2800,missing item friea
2801,وصل بواحد بيبسي بس ومن غير الصوص المعتاد
2802,food is good but I add.more extra on Willy's nacho ( marshrom and lettuce ) not add on sandwich and I request to replace Fried onions to caramelized onions but not also happened
2803,They told me that the order reached them from elmenus so late..
2804,الاوردر جيه ناقص كانز The order came minus 1 Pepsi can
2805,اكل مسمم حسبي الله ونعم الوكيل
2806,مجاش بطاطس مع الاوردر و طلبت فانتا تفاح جالي بيبسي و حقيقي مش فاهم ازاي
2807,كنت طالب ساندويتش بروكلين شرومز و ساندويتش بلو تشيز جالي الاتنين بلو تشيز وحاولت اتواصل معاكم الدعم كان واقع وبيجيلي رسالة something error try later وطبعا حاولت ابعت لكم أو اتواصل معاكم بس للاسف ملكوش hotline ولا حاجه سريعة نعرف نتواصل بيها معاكم
2808,Nice
2809,best driver ever
2810,The food came cold and very late it might be the delivery problem
2811,I want to make a complaint…. I found a piece of plastic bag inside the burger!!!!!! Which is disgusting!
2812,Pepsi was not sealed Order took more than one hour and delivery time was not updating
2813,الفراخ محروقة و السندوتشات سيئة وملهاش علاقة بالصور. البطاطس تمام
2814,كمية الأكل كثيرة بالنسبة للسعر بس فعلاً الأكل قذر. من أسوأ التجارب اللي مريت بيها، لم أستطع إكمال الأكل و مكنتش عارف أنا بأكل ايه و جالي احساس اني هيجيلي تسمم بسبب قذارة الأكل. تجربة لن تتكرر!
2815,"It was so delicious and so hot and it was amazing I hope Willy’s delicious all time,and it was so fast to come,thx for reading."
2816,للاسف الطيار أسلوبه بايخ و وقت التسليم كبير اوى .. لكن الاكل كالعادة طعمه حلو
2817,الاوردر من غير البيبسى
2818,الاكل حلو لاكن للاسف سلوك الطيار مش حلو
2819,البرجر كان جوسي و حلو أما البطاطس بنت احبه اديها ٢/١٠
2820,it was the worst really
2821,find out who was making the sandwiches on that shift and give them a raise. the food was fantastic.
2822,Not warm not tasty
2823,Taste was so bad honestly
2824,"one of the worst burgers. fries came with a box thats half and even less full, meat has too much seasoning and became spicy and just tasteless burger only spicy meat from over seasoning it. Different burgers but same sauces and taste. Wouldnt recomme..."
2825,الاكل كان فيه نمل مش نملة واحدة نملتين او ٣
2826,الديليفري اتأخر شوية الاكل بارد ، السوس مدلوق ، الاكل مش احسن حاجة
2827,كان بارد شوية بس المجمل حلو
2828,احسن برجر في مصر يستاهل التجربه
2829,tastes like home made burger
2830,"The fries pack almost the half portion, and the brooklyn’shrooms sandwich has a very little amount of mushrooms"
2831,وحش جدا جدا جدا الأكل و أسلوب السواق إتأخر جدا
2832,البرجر محروق وحاطينه فى السندويتش
2833,تم تصغير حجم السندويتشات بطريقه صعبه
2834,No vegetables with sandwiches and little amount of fries
2835,العيش كله كان بايت و قذر و البصل المقلي كان بايت و مجلد اسوء مرة اكلت منه فيها
2836,سئي جدا
2837,The delivery was slow
2838,الاكل مش زي اللي في المطعم ، حجم اصغر و عيش مختلف
2839,اسؤ اكل ممكن تأكله في حياتك تجربه ان تتكرر ابدا
2840,مش حلو زي الاول
2841,البرجر و البطاطس طعمهم وحش بجد
2842,الاوردر جه غلط اكتر من مرة
2843,طعم البرجر تحفة 👌🏻 بس باكيت البطاطس لازم تعملوا منه سايز اكبر شوية
2844,بجد كان وحش جدا و لحمة كانت محروقة
2845,The onions is v.bad and the taste not as usual at all
2846,Littile bit late
2847,"order is not delivered, check created complain and chat."
2848,Not Good At All
2849,fried jalapeño in the fire cracker were so hard and it was very difficult to chew it .. I took it out of the sandwich so the sandwich can be eatable .. the blue cheese in blue ribbon tasted like ranch . caramelized onions 👎. unpleasant experience
2850,"The fries portion was so little , the bun was not the brown but the regular one , not as expected !"
2851,Poor quality
2852,Chicken is raw
2853,the food was ice cold and badly stacked
2854,من اوحش الفروع و للاسف عشان جمب البيت الاوردر بييجي منه - العيش بايت و من التغليف بيبقي معجن و الاكل بارد و طعمه وحش و الصوص اللي في الساندوتش يعتبر مش موجود اصلا
2855,Missing item as usual
2856,drinks were too warm
2857,got cancelled on arrival time 😔
2858,طلبت عرضين وصل بعد ساعة عرض واحد وبعد كمان نص ساعة وصل العرض التاني والطعم وحش جدا اخر مره اطلب من المطعم دا
2859,مجليش غير واحد بيبيسي و العرض في اتنين و الاكل استغفر الله العظيم ميتكلش
2860,I called the support and asked them to change the pepsi with water and he said consider it done And eventually nothing changed the order came with pepsi!!
2861,اول مرة اكله و يكون بالوحاشة دي
2862,جيه في نص ساعة و الناتشو و البرجر كانوا احلي من بعض بجد تحفة
2863,Delicious food
2864,"All perfect except the fries portion, it was so small."
2865,"The food was not hot, late delivery but still not bad and not perfect"
2866,ال ٢ ساندوتش جى البرجر بس من غير الطماطم و البصل و الخس يعنى عيش و لحمة بس
2867,"Food tastes great, but thousand islands sauce was pouring, and fries were out of their box"
2868,"It was a good experience overall. the bread was fresh, the patty was well cooked and the fries were soggy from the trip but they tasted fine. Some of the burger toppings were missing i.e: lettuce and tomato. I paid for brioche buns but got classic b..."
2869,"Ahla quality w ahla burger baklo bgd, I love itt💯💯💯"
2870,Worst order ever!! كنت بحب willys جدا جدا الهامبرجر محروق وسئ جدا وحاولت اكلمهم مافيش رد.
2871,Messing items
2872,i asked for diet pepsi they gave me a 7up bottle and a normal pepsi bottle plus the food was so cold a potatoes were so bad
2873,Food Quality + Taste + Fast Delivery + low price = Masterpiece ❤️
2874,Order came missing two pepsi cans
2875,the bread is not fresh
2876,ad deniaa
2877,الاكل وصل قبل ميعاده و كان فريش و سخن و طعمه حلو جدا
2878,البيبسي كان سخن جدا و متشربش وهو المفروض جزء من الوجبة و يتقدم بشكل مناسب زي الاكل
2879,مطعم مقرف................................
2880,باكيت البطاطس فيه ١٤ صباع بطاطس و مدلوق في الشنطه والسندوتشات سيئه جدا و بارده
2881,Food
2882,Food was very salty !!
2883,لقيت شعره و الطيار ما معاه فكه
2884,i liked the driver appearance very. his attitude was polite. i liked also the app ordering experience was very easy. i didn't like the value i paid cause after placing order amount i should pay changed from 132 to 136 which shouldn't be changed
2885,الاوردر وصل غلط
2886,Expensive but really good
2887,Fries was too small
2888,الطعم والجودة قلت كتير عن الاول
2889,"Quality is very high, I appreciated . But why I received one fries packet with 2 sandwiches and Pepsi is too hot . Anyway that’s good taste. Thank you so much"
2890,missed cup of cheese
2891,بقي وحش جدا جدا مش زي الأول. المشروم برجر يدوبك فيه مشروم و الصوص حراقة مش فاهم ليه و البرجر ناشف و محروق. ويلليز كيتشن خلاص كده راحت عليه.
2892,not delicious as usually i ordered it
2893,الاكل كان سئ جدا للاسف
2894,Therr was no sauce on the sandwich at all
2895,Quality if food was so bad
2896,"we7esh gedddaaannnnnnn el quality aswa2 mn el awel b kteer geddan.. burger ma7roo2.. ta3mo we7esh.. mafeesh cheese aslan, 7ateen sauce kda badal el cheese ta3maha saye2.. from the best burger in town to one of the worst!!"
2897,اسوء برجر جبتو ف حياتي
2898,sandwich missing ingredients
2899,the food was good just expected better
2900,"El Menu was responsible for the delivery and it came a full 45 mins late. As such, the food seemed like it had been reheated in the microwave and so not fresh. They gave me a 30le comp voucher, but that hardly makes up for the poor experience."
2901,حجم البطاطس قليل جدا و العيش مفرول و البرجر طعمه مفرول جدا بجد اخر مره هطلب منهم
2902,خليني أتكلم عن الworst experience ever!!! تجربة بشعة في Willy's Kitchen فرع الدقي حاجة في منتهى تضييع الفلوس لو عايز تضيع فلوسك وتبوظ يومك روح #willys_kitchen مشوفتش مطعم أول مرة أجربه يكون بالبشاعة دي في كل حاجة كدا الأكل متأخر البرجر ساقع ومكلفوش ن...
2903,اتأخر في التوصيل عن المعاد المحدد ساعه يعني الاكل قعد 3 ساعات
2904,البرجر سئ و مفتت و العيش ناشف و و جزء منه مبلول تجربة سيئه مش هتتكرر
2905,chicken was not properly cooked.
2906,The order was wrong and there was some missed items like the fries and the pepsi that I paid for
2907,الاوردر جيه غلط اصلاً
2908,"bad service, bad staff, very poorly curated"
2909,الاكل كان سيئ جداااا وكان في منهم ساندوتش بايظ وللاسف مكنش ينفع يرجع لاننا كنا مسافرين اسوء مطعم برجر كلت منه للاسف تجربه مش هاتتكرر تاني 😓
2910,almost 1 hour late
2911,البطاطس كانت بارده جدا و واضح انها بايته
2912,Good attiude
2913,المره دي كان كويس بس الفاير كراكر تشيكن كان في عيش تاني مش البريوش اللي كل مره بيجي و الصوص خفيف جدا ملوش قوام ميه
2914,the nacho and chili fries had practically no cheese and that is the most disappointing thing in a meal ever
2915,نيسي الهوني الصوص بتاع الستربس و ساندوش المشروم كان سي جدا و الباقي شغال و الستربس كانت ناشفه جدا و وحشه
2916,البطاطس مجيتش
2917,جالي تسمم اخر اوردر
2918,The order is missing a lot of stuff Smoke house barbecue 220 gm Chili cheese fries 7 up Mirnda apple Chicken strips
2919,اول مره اجرب من عندهم واخر مره البرجر عادي جدا مفيش فيه جديد الباكيدج ناقص .. والسلطه بايته ومن غير بصل والتوصيل قعد كتير .. والبيبس مش ساقع واترمي مقارنه بمطاعم البرجر الاخري .. ده ياخد صفر
2920,around fifteen french fries fingers for 10 pounds!
2921,Amazinggg as usualll
2922,لو فيه اقل من نجمه، يبقى يستحقها لان حتى نجمه واحده كثيره عليه. البرجر مش مستوى وحسيت بطعم لحمه نيئه فى فمى، ٩٠-٩٥% من الفرايز (البطاطس) فى حجم عقله الصباع وعدد ٤-٥ بالكثير بحجم عقلتين صباع، مقدده وناشفه، الطبيعى المطعم بيرمى البطاطس دى لانها بتكون م...
2923,"Although the order was delayed 15 minutes and the App notifications are not reflected on the real time, I give 4 stars as I’m first time to use the application."
2924,It came cold
2925,Ok nice
2926,They forgot two fries I paid extra for them and they forgot the Pepsi
2927,it good tasty but the few toppings
2928,البرجر كان شبه محروق شوية والتانى مافيهوش صوص خالص🥺🥺
2929,الكومبو مش كامل و البيبسي مجاش بس باقي الاوردر تمام
2930,It was the worst experience ever Very very very small meals not as shown on pictures It will be my first and last time
2931,was way too salty took about 2 hours to arrive
2932,طلبت عيش بريوش و جالي عادي و مش اول مره تحصل
2933,الاوردر جه بارد و البطاطس جت غلط اخر مره هطلب منكو و من المطعم
2934,"My order took around two hours to arrive, when it got here I was surprised to find the fries missing and I already paid for them. The burgers I got were lukewarm although the reataurant is less than ten minutes away from my place. The burgers were as..."
2935,تحفه وكواليتي ممتازة
2936,Fries didnt come
2937,the order was missing the fries
2938,كل حاجه كانت جميلة
2939,The worst ever very bad
2940,الطلب اتأخر
2941,the bread was completely soggy and pepsi not cold
2942,طلبت ساندويتش ٢٢٠ جرام جه ١٥٠ و حاولت اكتر من مره اكلم خدمة العملاء شكاوي محدش بيرد
2943,سائق ممتار
2944,يا ريت البيبسى تيجى كان مش بلاستك
2945,Chicken inside the sandwich is old and not fresh
2946,طلبت عيش بريوش في اربع ساندوتشات، والاربعة طلعوا عيش عادي.. والاكل بارد جدا والبيبسي سخن جداً....👎🏼👎🏼👎🏼👎🏼👎🏼👎🏼👎🏼
2947,I asked and paid for brioche bread and didn’t get it!! the food is very cold !!!
2948,Delivered without soft drinks !!!!!
2949,took 2 hours to receive the order
2950,توصيل متأخر اكتر من ساعتين ، لحمة ناشفة و مشروبات ساخنة وملهوش طعم ومنضحش اي حد يجرب صراحة
2951,المشروبات سخنه
2952,نقص الاوردر وتأخير
2953,Food was cold And bread was not fresh Meat was not well done cooked It was a bad experience
2954,There was a missing item : pepsi
2955,"low quality, not the usual. driver called more than 3 times"
2956,very salty
2957,"i got bread, chicken, and a sause only in my burger. the cheese fries is not hot so the cheese and fries became one piece"
2958,الطعم شغال بس مش واو
2959,"i requested brioche ban without onion but the sandwich was cold normal ban full of orion, really crazy !!!"
2960,El order mgaash aslun
2961,kossom de burger
2962,الاوردر اتأخر جدا و جه بارد جدا و مش سخن. التجربة في المجمل سيئة
2963,Driver didn’t have change which led to giving more money and taste wasn’t as expected and the food wasn’t enough . I don’t think that’s a 150gm sandwiches
2964,االاوردر ناقص ٢ بيبسي
2965,Best burgers in town.
2966,جالي من غير بطاطس
2967,البطاطس تقرف و هاتترمي كلها و اخر مرة هجيب منهم
2968,تأخير مبالغ فيه وطيار فعلا سىء
2969,the worst service i could ever have late and tasteless food and not hot or even close to the sandwich was damaged and cheese was messy over the sandwich
2970,the quality of the food was too bad
2971,The order was delivered so late after one and a half hour and the order wasn’t correct some items were missing so we have to wait another 2 hours to get the rest of our order It was really a bad experience and the call center wasn’t helpful he didn...
2972,"The chicken is raw, the size of the fries is very small Very bad experience"
2973,That was the best ordering experience i have ever faced!! That was just AMAZING ❤️
2974,not well done
2975,Drivers attitude is very nice and friendly
2976,it was great taste and service
2977,small portions
2978,Food is good. Delivery wasn’t remotely professional.
2979,غالى جدااا و طلع عادى جدااااا انا فاكر بلسعر ده هيكون الاكل حلو سندوتشين و بطاطس 360 جنيه و كان عادى جدااا عامل زى اكل البيت
2980,Driver was good .. but order this time not as expected (restaurant issue)
2981,انا مطلبتش ميراندا برتقال والطبيعي الاوردر معاه بيبسي
2982,اسوء حاجة اكلتها السنة ده
2983,There was mold in the sandwich!!
2984,العيش كان مفرول البرجر كان ناشف جدا ال fire Cracker كان بارد كمية البطاطس قليلة جدا على السعر
2985,بطاطس ناقصة
2986,I ordered peppsi with the order and I received 7up instead
2987,الاكل كان سيئ جدا وكان فى notes مكتوبه ومش اتنفذ منها اى حاجه
2988,اللحمه طعمها مش حلو..
2989,No gloves No hand sanitizer No toppings in the sandwich
2990,كان مالح بزياده
2991,البطاطس كانت شكلها بايتة البرجر كان مزيت جدا الساندوتش جه في عيش بريوش و انا مش طالبه كده اصلا
2992,اللحمة كانت مش مستويه كويس ومش متساوية تخينة في مناطق ورفيعة في مناطق
2993,اول مره اجيب من عند ويليز بعد انا قلولي زميلي انه حلو جدا بس غالي زياده عن اللي بيقدمه قلت نبقي نجربه مع العلم أن اول فرع فتح جنب بيتي لزق اولا: اتحضر اسرع من الوقت اللي كان مبلغ. اثنان: سخن و معمول زي ما بحبه و الصح منغير أما اطلب MEDIUM RARE و جه ب...
2994,السندوتش طعمه متوسط
2995,it was not hot and not come with drinks that i want and felt like its not tasty
2996,Sandwich was just a little bit smaller than I expected
2997,البرجر اسود وحروق وطعمه وحش جدا رميته استخسرت اديه للقطه حتي
2998,Really good place with delicious food and i really recommend it
2999,الجبنه وقعت بره البطاطس
3000,I was food poisoned
3001,"The sandwiches were a little kind of pressed that is not good with sandwiches full of layers ,that was the only bad thing about the order"
3002,Fe haga gt mo5lfa 3n ely tlbtha
3003,not hot
3004,البطاطس مجتش والبيبسي سخن جدا
3005,االاكل سبايسي اكثر من لازم
3006,لقيتو بعمل حاجتو علدرج
3007,fries soooooooooo bad
3008,Love
3009,Late Delivery
3010,The chili chili burger wasn’t the best
3011,The garnish of the burger was missing (no tomato-lettuce)
3012,No fries were delivered and got fanta and sprit!
