,comment
0,ساندوتش طعمه كان أقل من العادي واصلا مش مظبوط والدينر بوكس كان بشع الفراخ طعمها وحش جدا وفيها ريحه زفاره وفيها طعم دقيق باين جداا فيها كأنها لسه مستويتش
1,درجة حرارة الطعام كانت بارده جدا والعيش لم يكن طازة وهذة كانت تجربة سيئة جدا واريد تقديم شكوي من فضلكم
2,"tasted so bad, wasn't fresh, wasn't warm at least, fries wasn't fried it was boiled mashed potatoes"
3,كان سئ المره دي
4,الاوردر بشع جدا والتيشكن كلها زيت ومش فريش خالص
5,ممتاز
6,I asked for the piece white meat and i got it dark meat and i leave a comment to take care of the wrap because the last time the portions was nothing but it come also with two tiny small pieces
7,الاكل وصل برد جدا
8,الاكل للاسف جودته سيئه والقطع صغيره جدا وكلها زيت
9,الفراخ مو جوة فيها دم
10,مفروض الو جبة قطعتين استربس جاتلي ربع قطعة صغيرة مهرية كأنها بواقى
11,bs el pieces soghyra
12,الدبوس صغير و مديني ٢ كاتشب في وجبتين كاملين و معاملة وحشة جدا و مديني البيبسي في تلج كتير و انا قلتله منغير تلج
13,اول مرة اكل من كنتاكي يكون وحش بالشكل دة الفراخ زفرة وشاربة زيت والاكل كان بارد جدا حقيقي اخر مرة أطلب من كنتاكي
14,الاكل مكنش احسن حاجه كان فيه دم
15,اللورد مش سخن
16,ان
17,المطعم خد مني 20 جنيه فوق الحساب كاش وانا كنت دافع الاوردر كله ڤيزا وساعتها قالولي ممكن يكون فيه مشكلة في الابلكيشن!
18,العيش ناشف بتاع الزنجر و بيتقطع ، الزنجر مافيهو طعم و السندويتش مافيهو صوصات كفايه ناشف كدا
19,Chicken wasn’t fresh at all .. fries wasn’t well done
20,..
21,Very good
22,Chicken was tasting like it’s been out for weeks. Disgusting and waste of money. If you’re going to feed people at least make it fresh because people work hard for their money.
23,افراخ طعمها قديم ومغيرة وغريبة التويستر بس هو اللي حلو
24,القطع كلها صغيره جدا جدا و الاستريس مش باين من كتر ما هو صغير
25,"I had to throw all the fries away because they were uneatable and cold and moist Both chicken strips order were very small, can barley call it a strip"
26,الاكل مزيت جدا ده مش أداء كنتاكي اللي نعرفه بس الستريبس كويسه جدا
27,The food was undercooked ( rice and kantook sandwich) … it was horrible to the extent I wouldn’t want for it to be exchanged as I wouldn’t eat it.
28,"It was a great experience, thank u"
29,اكل سئ جدا والفراخ ريحته زفره ولا تطاق حسبي الله ونعمه الوكيل الفراخ فيها ريحتً زرنخهً كمان من القلي سئ سئ سئ حتي الخبز مش طازه شغل كله مافيهوش ضمير والله
30,فراخ مزيته وطعمها ابن وسخه
31,weird
32,"Cold , not spicy"
33,الحجم صغير
34,food quality sucks
35,جالي كولا بدل ميرندا دون اتصال ..القطعه الاوريجينال دبوس اد المصاصا بالظبط وناشف جدااااا والجلد مش بيطلع من اللحم لازق فيه ..واللحم من تحت الجلده ناشف جدا .. طبعا مش طازه خالص ومتسخن مليون مره وحاجه صعبه جدا وطبعا رميناها وقطعه الاستربس كلها قشره
36,الاستربس ناشف ومالح زياده
37,I ordered 2 drinks only one was delivered and I paid extra 50 pounds to the driver.
38,الخبزة مش تازة و الفراخ مش مقرمشة ومش تازة البطاطا جيدة والكول سلو جيدة
39,لو في أقل من نجمه كنت حطيت من كل النواحي
40,الاكل بارد و القطع صغيرة اووي و غير العادة و الاستربس كنت باردة و طعمها وحش
41,آخر ٣ مرات من فروع مختلفه و كلهم فراخ مش نضيفه . أقسم بالله اقذر فراخ اكلتها في حياتي و دي طبعا كانت آخر مره اطلب منهم
42,عرض ممتاز
43,The food was so so so bad
44,لا
45,♥️
46,اللتويستر مكنش ملفوف كويس و الستربس صغيره جدا
47,غير جيد
48,It was very late and very cold
49,الفرخ اللي جايه مع التويستر مش حلوه مزيته
50,Good
51,"I wrote in the notes that I need white meat. However, the order was not"
52,Very bad
53,C
54,الاكل مجاش اصلا
55,"kfc shall consider removing the coleslaw ITEM from egypt !! this is not the taste we taste in GCC countries , the material americana use in egypt is rubbish they treat egyptians like animals as they will eat anything !!!!"
56,تجربة اقل ما يقال عنها انها تحت الصفر ، كتبت في التعليق ان يا ريت الاوردر يوصل سخن و طازجة جالي قطع فراخ سيئة جدا قديمة مقلية قبل كدة و ناشفه و رز طعمه بشع و الاكل وجع بطني جدا منصحش حد يشتري من العك دة شكرا بس لعامل الدليڤري المحترم اما المطعم قرف ...
57,سيئ جدا وفراخ مالحة جدا
58,Worst ever!
59,إدارة سيئة
60,الطعام كان سئ وكلنا تعبنا
61,طلبت وجية كنتوك المفترض فيها رز كبير .. جه حجم صغير
62,طلبت كولو سلو وجه بطاطس
63,تحفه اوي و المكان نضيف و الأكل نضيف وسخن يعني بجد من افضل المطاعم بالنسبالي
64,Very unprofessional
65,مقرررف جدا
66,الفراخ كلها فبهااا دم من جوه اترمت دي مش اول مره اطلب من كنتاكي بس دي اول مره الاكل يجي وحش كده .. اخر مره هطلب بجد
67,"Taste was good but they didn’t add labels on spicy meal vs original meal. Also, I ordered to get breast pieces for spicy and thighs for original but they came wrong"
68,جميل
69,الاوردر وحش جدا الساندوتش سئ و العيش بايت البطاطس مجلدة
70,Twister didn’t taste good at all
71,الفراخ نية مش مستوية و قطعة صغيرة جدا
72,الاكل كله مش طازه والفراخ ناشفه جدا وبايته هي والبطاطس وطلبت سفن وجالي بيبسي
73,مزيت
74,Spicy and I requested original
75,Asked for dark meat and it came white meat
76,كميات قليلة جداً متشبعش طفل ومع ذلك أسعار نار
77,Ffhhhhh
78,الاكل مكنش سخن اوي
79,خطأً
80,Best KFC Branch
81,الاكل كان يقرف
82,جودة الدجاج تحتاج الى تحسين وعدم وجود قرمشة
83,The chicken strips were tiny and didn’t come with sauce and food came cold
84,الاوردر غلط
85,كان سئ جدا قطع الفراخ داخل الساندوش صغيرة اوووي كنت باكل عيش بس و الخس كان محطوط بالرأس بتاعته و الصوصات قليلة جدا .. تجربة سيئة
86,الفراخ وحشة قوي ملهاش طعم ونشفه جدا منصحش حد يقربها فلوس اترمت في الارض
87,الاوردر تأخر نصف ساعة وكان بارد وكنت طالبة البيبسي دايت جالى بيبسي عادى
88,زفت
89,الطلب اصلا موصليش
90,الفراخ حرفيا مالهاش طعم ولا تتبيله ولا قرمشة وسودا من الداخل وزفرة
91,الاوردار مجاش و موصيلش
92,طعام وحش اوي والأوردو مجاش سخن وكنت كاتب التويستر من غير طماطم جه بطماطم
93,فرع سيتي سنتر فرع وحش و سئ ، عمال غير نظاف و مفيش مدير واقف ، اكل ملوش طعم ، تجربه تقرف
94,Actually Its very very bad food 🤢
95,coleslaw was missing but overall u can not just love KFC
96,I got 9 pieces only instead of my 12 pieces order
97,الاكل كان زي زفت والفراخ فيها زفاره ومش فريش وكمان العنوان اتلغبط تجربه و حشه جدا مش هتكرر
98,لم يتم توصيل البطاطس
99,جميل جدا ولذيذ
100,The food wasnt good and cold
101,الفينو بايت والساندويتش نصفه فاضي والبطاطس باردة
102,بشع
103,بعض القطع بها دماء والبطاطس مش مستويه كويس
104,there was no sauce in the rizo and the chicken wasn't good at all
105,عندي شكوي من امس ومحدش رد عليه
106,الاكل مش طازه
107,Liars and terrible service everyone is beating around the bush and super late
108,1
109,Impolite
110,coleslaw was ….
111,this time was very bad 😞
112,كان وحش جداا بجد بارد و بايت والفراخ طعمها وحش
113,اسوء اكل في العالم بجد
114,ر
115,الاكل كان زفر جدا بجد صوص الريزو مش موجود اصلا وطعمه محروق
116,زفت وخدمه زفت الاوردر مجاش اساسا
117,It was very cold as if it was done from the early morning
118,The oreder didn’t have the bread
119,كان الاوردر ناقص فيه البطاطس وكنت طالبه رز مجاش والطعم كان فيه جزء بايظ
120,I order dark meat while I received all in white meat except of one piece
121,كانت كميه الفراخ قليله داخل الساندوتش ومكنش طعمه احسن حاجة
122,اكل بايز و خدمة عملاء زباله
123,it wasn’t fresh and the packaging was damaged
124,الأكل كان بارد
125,الاكل سئ جدا الفراخ مش مستوية كويس ومدممة وملهاش طعم وفيها ريحة زفارة جامدة خسارة الفلوس فيه بصراحة
126,"the chicken were blue,cold and not crunchy ,fries was like a paste and actually was a bad experience ."
127,البطاطس قليلة جدا
128,"I requested to not have any wings in the order, but it came with 1 wing"
129,Sandwich was plain
130,the chicken was old and hard. couldnt eat more than 3 bites
131,معاملة مقرفة
132,الريزو مكانش عليه اى صوص خالص
133,Pakaging was opened
134,المطعم ما رديش يجيبلي الاكل لحد البيت خلانى اطلعله بره في شارع بافاريا يا اما هيلغى الاورد بعد تم السحب بالفيزا دى تانى مرة يعملوا الموقف ده طب ما يقبلوش الاوردر من الاول أنا مش هاتعامل معاهم مرة تانية
135,الفراخ سوده من الزيت وشكلها يقرف واترمت في الزباله انتو بتأكلو بني ادم مش بهايم
136,الاكل كان وحش ومملح وناقص وحطيت ملحوظات ماتعملتش. كان الاكل سئ جدا.
137,المطعم غير ملتزم بالاضافات
138,Perfekt 👌
139,فراخ ملاينة داهن منفوخة نافخة حسبى الله و نعم الوكيل
140,.
141,"elmenus gave the order wrong to the restaurant and things escalated because of the rude branch manager, v. bad experience"
142,Mighty zinger was good the mighty fillet not good
143,Their was no fries
144,Piece of chicken and zinger sandwich were not fresh.
145,الأكل كان بايت ومش نظيف ودخلت المستشفي بسببه
146,البطاطس شاربة زييت كتير اوي اوي وطرية بشكل لا يطاق
147,من اسوء المرات ألي أكلنا فيها KFC شركة غير مدركة أن العميل بيفهم و ان في منافسة و ان في عملاء عندها ولاء ليهم و هم في النهاية الخاسر الوحيد فراج قديمة علي الانتظار لدرجه ان جلد الفراخ غامق و مجلد. مش ممكن بصراحة
148,الاوردر اتكنسل
149,السندوتشات كان فيها خطأ كنت طالباها بدون طماطم و هم حاطين الاوبشن ده في الاختيارات لو مش هينفذو بيحطوه ليه وواحد منهم كان عادي مش حار و انا طالبه الاتنين حار
150,It was not complete order
151,المطعم مهمل الطعم والله وجع بطن
152,The chicken piece wasn’t cooked well
153,J
154,Ma3lsh fakah
155,الفراخ في التويستر كانت نيه ورميت اكتر من نص الساندوتش
156,الاكل طعمه مقرف
157,Th chicken had blood in it
158,الدينر طعمه بشع! رميته تفو علي قلت الضمير! تستاهلو مقاطعة
159,Bad testing
160,كان وحش و سيء اوي الاكل
161,"Order one and a half hour late, missing items and i was promised 5 minutes to get my missing items and after 45 mins i got only one of the missing items. I filed a complaint and the guy told me i will get contacted from the branch to solve the proble..."
162,ولا كان سبايسي ولا كأن فيه ملح في التتبيلة اصلاً .. قللوا كمية التوابل المعتاده في الخلطة بشكل ملحوظ و ده في السبايسي و العادي .. الفراخ طعمها كانها متغطية بدقيق فقط
163,الرز سئ جدا جدا مكنش عليه سبايبسي صوص ابدا
164,not received the order and cash was deducted
165,Very slow delivery
166,Food was cold and tasted bad
167,الاكل بارد والفراخ صغيرة اوى
168,حقيقى سئ جدا اولا الفرايد غامق جدا و مفيش كرست على الفراخ تقريبا والطعم سئ و البطاطس باردة ومجلدة حتى الحاجة الساقعة سخنة
169,التوصيل ٤٠ ج غاااااالي جدااااا
170,my food is not delivered
171,الدبوس حلو بس البربر ناشف
172,"I ordered at 12:30 I got the order wrong, and it is now 3:30 and my problem is not fixed form KFC or the application"
173,chicken was old cold and stale
174,لم يصلني الاوردر من اصله بالرغم من تليفوناتي المتعدده
175,They put 4 drumsticks out if the 8 pieces and there were no chicken breast in the other 4 pieces and after negotiating on the phone with kfc they told me to give them 2 drumsticks to exchange with 2 chicken breasts
176,وحش
177,Badd
178,كتبنا ريزو من غير باربيكيو و جالنا بالباربكيو
179,برود الاكل
180,الفرع قي العنوان بتاعك أوت اوف زون
181,I received my drink opened and half of it was drank
182,بارد و معجن و وحش اوووي
183,ازاي الرز معجن بالطريقه ويطلع بالمنظر ده هو للدرجادي وفين التتبيله في الفراخ واي الفراخ البشعه والريحه البشعه دي والمفراخ ناشفه اتقلت الف مره واي الارف والطعم دا للمرحله دي وصلتو والسندوتش زنجر و كنتوك مفيش صوصات ولا طعم وفراخ فيها حتت جلد مفيش كدا ...
184,"Very poor quality, sandwich was tasteless and salty with almost no sauces."
185,اسوء اوردر طلبتة في حياتي و تقريب آ جمعو فضلات المطعم عندهم و بعتهالي . إيه القرف ده
186,Excellent
187,الاكل طعمة وحش جدا جدا جدا وبارد ومعاد تسخينه اسوا تجربة من كنتاكى بجد
188,Taste was very bad and food was not fresh. This is the usual from Maadi Branch unfortunately.
189,حسبي الله ونعم الوكيل بجد الفراخ بايتة ومتحمرة الف مرة مجلدة ومحروقة و ليه علاقة بكنتاكي مافيش حاجة تقول دا كنتاكي غير العلب
190,فرع مزار معمله زفت ومش هدخل تاني اي فرع ول اولادي وهنصح اهلي واصحابي بعدم الدخول
191,Food was cold
192,الفراخ كانت زقره جدا
193,very bad tast chicken was burnt and salty . bread wasn't fresh
194,سيء جدا جدا
195,ستريبس الدجاج كان غير مستوي جيدا
196,All the order were perfect
197,اكل كلاب الله يكرم النعمه الدجاج ريحته من قبل ماافتح البوكس وكله لونه ازرق شي مقزز
198,الاكل من فرع شيل اوت النخيل اللي بيخدم المقطم ( الاسمرات تحديدا) سئ جدا
199,I ordered the food spicy but I received it original 🤷🏻‍♀️
200,العيش كان سيء جدا جدا وباين جدا انه بايت ومتسخن
201,2 ketchups for 4 pieces of chicken and fries.
202,الاكل من فرع المقطم سئ جدا غير فروع تانية ليكو خالص مثل فرع مصطفى النحاس وفرع مكرم عبيد في منتهى الجمال، يا ريت الفروع اللي تبعتلي الاكل تبقى فروع غير المقطم ومستعد اتحمل سعر التوصيل لطول المسافة
203,Drink came wrong No cutlery were included
204,Quality very bad
205,rizo was missing the sauce
206,رز مكنش مستوي كويس و كروسلو كان سي جدا
207,فرع زبالة، خدمة عملاء زبالة و الاكل استغفر الله العظيم. بجاحة في الكلام و قلة ادب حتى بعد الغلط. محدش يطلب من الفرع ده.
208,طلبت ف وجبه وحده بس سندوتش الكنتوك يبقي من غير صوص و ف الوجبه التانيه عادي ب صوص الاتنين جم من غير صوص
209,Mighty sandwiche was very bad chicken was hard as rabber not happy at all
210,الاكل نى و البطاطس معجنه و الطلب وصل خاطى
211,Gooood
212,I order 2 twister original they send to me 2 spice
213,The order wasn't fresh and so bad !!!
214,"The order didn’t come complete Order missed the free zinger sandwich and I called the restaurant, report them about my problem and they told me will send it and nothing sent ."
215,Portions were odd
216,You miss chess souse
217,The food not fresh .. very bad experience Will not order from KFC ever again
218,Food was too salty
219,order rejected KFC was busy
220,الاكل كان بارد جدا و البطاطس و الكول سولو شبه بايضه و الفراخ مش اسبايسي و فيها زفاره
221,"I ordered spicy dark meet , I got it nor.al not spicy and with a white meet and it is a wing ! very small quantity of Rizo sauce !"
222,Z
223,الاكل كان وحش جداً و الفراخ مش فرش و الساندوتش ساقع مفيش حاجه كانت حلوه نهائي
224,زفت الفزاخ بايته ووحشه
225,All the family order package for 16 pieces were legs and wings !!!
226,الاكل متاخر وبار
227,الأكل كان مليان زيت
228,"I ordered and paid for a drink they called and said it’s not available and they said what’s available and i said ok i’ll take it but the food came without a drink! Also, the coleslaw was awful I didn’t eat it i threw it away!"
229,حجم السندوتش صغير جدا والفراخ عاديه وطلبتها سبايسي
230,Chicken piece was raw
231,To late and kfc cancelled my order and didn’t call me to say that and someone from the call center call me and say the order will take 60 min !!
232,القطع صغيره و غير متبله جيدا و سلطه الكولسلو جافه و ملهاش طعم
233,الساندويتشات كانت سبايسي موت ماتتكالش و الرز ني مش مستوي و الفراخ ناشفة جدا و بجد تجربة سيئة جدا !!!!
234,الفراخ كانت وحشة اوووووي
235,Food not up to standard
236,Food poisoned me my husband and my daughter!!!! 3 days at the hospital since we ate! Screw you KFCC!!!
237,There was an insect in the fries..
238,جالي اوردر تاني متحاسب عليه بعنوان تاني وبعدين جالي الاوردر بتاعي وللاسف احنا كلنا الاوردر الاولاني لانه افتكرناه بتاعنا وبعدين انا الي اكتشفت الخطا وكلمت الدليفري والدليفري خلي الفرع بيكلمني ودي لغبطه كبيره عشان في فرق ف السعر
239,كان حار مع ان المفروض يكون عادي
240,الساندوتش التاني مكنش مستوي
241,El ferakh naya w t2rf
242,BOYCOTT IT! It is supporting Israel🤮🤮🤮 imagine your child be..headed do not eat their food is disgusting 🤢
243,Amazing food is hot and delicious and I’m not a boy and I’m for real
244,طلبت ولم يتم توصيله
245,Worst ever
246,"Excellent food, hot food and crispy fries as I asked. The delivery man is professional and fast. A very good experience."
247,تحفه اخر مره طلبته
248,Forgot
249,Z Fries & chicken were very bad frying.
250,chicken is very bad taste and full of oil
251,الطعم زى الخرا
252,حلو
253,The driver took the money as soon as I gave him and he ran out without giving me the cash back السواق اخذ الفلوس بسرعة اول ما عطيته وجري راح بدون ما يعطيني الباقي معاملة مو حلوه الصراحة
254,الطلب كان ناقص 2 كول سلو اتبدلوا ب 2 بطاطس و أنا مش عايزاهم
255,food was very cold and not fresh at all
256,الفراخ كانت زفرة
257,وحش جدا جدا
258,I didn’t receive my order
259,فين الفراغ إلى فى السندوتش
260,أسوء تجربة علي الإطلاق … عدم احترام للعميل
261,الطلب جا بارد و تأخر في التوصيل
262,","
263,اكعب أكل اتذوقو في حياتي
264,ال 3 وجبات لايحتون علي صدر واحد ودا شيئ غلط لان الاذواق تختلف
265,كان ممتاز في الحقيقة
266,بارد والخبز بايت
267,خدمة عملاء زفت وجايبين اوردر غلط وكلمت ٣ مرات علشان يبعتولي الكول سلو يقلولي حاضر ومبعتوش حاجة منتهى قلة الاحترام
268,"there was no sauce at all , taste like old sandwich nthg new no bbq sauce, no pepper mayo sauces and chili mayo already confirmed with them over the phone to make sure to add extra sauces nthg added"
269,نمن
270,My food didn’t come they canceled it after ordering it and I waited for it they called and canceled
271,The quality was so bad
272,زبالة الزباله فعلا زبالة بجد بكل الوصف.............
273,كان الاكل سئ جدااااااااوالبطاطس مزيتة وارز ريزو ردئ جدا
274,Wrong items were delivered.
275,الفراخ كانت سيئة جدا
276,الأوردر صغير جدا ايه العبط ده
277,تبا لكم جميعا انتم وجميع من يدعم الكيان الصهيوني ايها اللعينون
278,انا لقيت نموسه ف الاكل
279,مفيش فراخ وتاني مفيش نور وتاني مفيش رقم للتواصل وبعد ساعتين ردو طيب قبلت الطلب عل اي اساس احسن تغفلوو وتريحو نفسكم
280,الاكل جيه تمام بس انا كنت طالبه بطاطس و جالي كولوسلو بعت الابليكيشن ده عن الخطأ اللي حصل قالوا هيكلمونا و ماكلموناش
281,الاكل كان بايت
282,الفراخ وحشه اوي بجد الاكل عندكو بقي يقرف
283,"Cold fries, No sauces"
284,Good but small
285,الفراخ بايته وناشفه و بيحمروها تاني ف الزيت الف مره ومتتاكلش
286,Late delivery The worst customer service and support from elmenus and Kfc hotline
287,الاكل كان مليان زيت
288,I didn’t get the order at all and after contacting the hotline 5 times they didn’t do anything. Worst experience ever. Won’t be using menues or kfc ever again and I will post in Facebook groups about food about this horrendous experience
289,الاكل ماجاش
290,Order was cold and the mighty zinger was a zinger
291,it was very late and very cold
292,الفراخ مش نظيفة تماما و ريحة زفارة غير طبيعية
293,مقاااااااطعة ❤️🖤🖤🖤🖤🖤🖤🖤🖤🖤 ❤️❤️🖤🖤🖤🖤🖤🖤🖤🖤 ❤️❤️❤️🤍🤍🤍🤍🤍🤍🤍 ❤️❤️❤️❤️🤍🤍🤍🤍🤍🤍 ❤️❤️❤️🤍🤍🤍🤍🤍🤍🤍 ❤️❤️💚💚💚💚💚💚💚💚 ❤️💚💚💚💚💚💚💚💚💚
294,Very very bad taste !!!
295,حسب الله ونعم الوكيل الاكل سيئ جدا جدا بجد
296,حجم قطع الفراخ اللي جاءت صغيرة جدا حسيت اني طلبت اوردار اطفال ولا يوجد مناديل مع وكاتشب غير كافي الاورد غير معد بعناية اسواء اورد اطلبة من كنتاكي فرع المعادي
297,Chicken is rotten and stinken will never order again 🤮🤮🤮
298,The order wzout fries
299,"first of all the delivery was late it took 2 hours and secondly the order was so cold that I had to heat it myself and all of this was for 292 , it's a waste of money. am not gonna order that again"
300,الفراخ كان طعمها سيء. كأنها متجهزة من يوم قبله وفيها حاجات حمرا
301,Please refund. The food is full of salad and I specifically asked for no salad as I have allergies
302,it was great experience
303,طالب ناقص
304,"Chicken half cooked (raw). Brought to shop and KFC hotline's attention. Spoke to the Manager. He wanted to replace the one piece. Surely KFC has no idea of cross contamination. They will kill someone. Got pictures, which my kid had a bite off."
305,مطعم مش محترم.. رفضوا الاوردر بدون ابداء اي سبب
306,I ordered coleslaw and i got fries It’s not fresh Worst order from kfc
307,chicken pieces are disgusting with bad smell and dark color with some blood.
308,موش سخن ولا فريش
309,الاكل بارد جدا و صوص الارز قلقيل جدا جداا
310,الفراخ كانوا ٤ قطع ،،قطعتين ممتازين و ٢ كانوا متعاد تسخينهم وطعم سىء
311,Very small
312,The strips was bad and the riso also the chicken was horrible
313,الاوردر كان ناقص و بارد سئ جدا
314,الفراخ كلها دهون الساندوتش
315,1 piece of chicken short.
316,"terrible terrible, cold food tast like shit"
317,قطعة الدجاج اصغر من العادة
318,وجبة سوبر دينير وصلت ٣ قطع بدل ٤ قطع
319,مجاش
320,Too many phone calls from KFC - like 10 phonecalls
321,لم استلم الاوردر لانه مفتوح وواقع جوه الشنطه
322,worst food ever
323,الاوردر كان ممتاااااز حرفيا
324,Driver was aggressive and demanding a tip. He refused to leave until a tip was given until I closed the door on him for his rude demeanour
325,Cold tastless very very bas experience
326,وحش اوي 😡
327,طلبت تعديل بالاورد و لم يتم التغيير !
328,Good not delivered till now
329,The was bad
330,الفراخ كلها دم ومش مستوية والبطاطس باردة والحجم قليل بالنسبة للسعر.... تجربة سيئة جدا جدا بنصح أن محدش يجربه
331,❤️🖤🖤🖤🖤🖤🖤🖤🖤🖤 ❤️❤️🖤🖤🖤🖤🖤🖤🖤🖤 ❤️❤️❤️🤍🤍🤍🤍🤍🤍🤍 ❤️❤️❤️❤️🤍🤍🤍🤍🤍🤍 ❤️❤️❤️🤍🤍🤍🤍🤍🤍🤍 ❤️❤️💚💚💚💚💚💚💚💚 ❤️💚💚💚💚💚💚💚💚💚 free Palestine 🇵🇸🇵🇸🇵🇸🇵🇸
332,Where’s my order
333,اكل أستغفر الله العظيم سئ جدآ جدآ يقرف بصراحه وريحتو زفره والفراخ فيها دم مطعم زباله والله
334,مش وحش زي ما كنت متوقع، التيست عادي مش واو بس مش وحش.
335,وكمان جاب الطلب غلط وغيرته وطلع بشع والفراخ نية واترمت كلها
336,the food was cold and not cooked
337,Ordered a white meat piece and what I got a cold drumstick
338,الطلب غلط بدل العاي بحار . والقطع صغيره جدا على السعر
339,وقت التسليم ساعة و نص طلبت صدور اكتر و الحمد الله مبقتش و لا صدر واحد مفيش صدور نظام تطفيش و للأسف كان لى تجربة من سنة فى نفس للفرع حالة تسمم
340,The order was not good and not well done i think i saw a blood in the box
341,الاوردر اتأخر حوالي ساعتين.. والاكل بارد جدا
342,🇵🇸🇵🇸🇵🇸🇵🇸🇵🇸🇵🇸🇵🇸🇵🇸🇵🇸🇵🇸🇵🇸🇵🇸🇵🇸🇵🇸🇵🇸
343,الاكل ما وصليش اصلاً و بعد انتظار اكتر من ساعتين كلمت الفرع و قالي انه الاوردر اتلغى و انه المينيوز المفروض يتواصلوا معاكي بطالب ب انه حد يتواصل معايا ع الاستهتار ده
344,"Honestly all with awesome, the restaurant called to follow up on special requests and they were extremely helpful and great, thank you"
345,"the order was not delivered to my home, I had to go and pick it from the restaurant."
346,الفراخ لا يوجد بها خلطه كنتاكي
347,Cold and bad taste
348,ال
349,i didn’t receive my order
350,Geh
351,الدليفري سيرفيس مش احلى حاجه
352,Too salty
353,الاكل بارد ومجلد
354,the order have not arrived yet
355,N
356,الاكل بارد التويستر ملفوف كدا وكل حاجه واقعه فالورقه الملفوف فيها كل حاجه جواه بارده الكميه قليله جدا البطاطس بارده جدا العييش بتاع التويستر نفسو مقطع فدا مش بابت يوم ولا يومين لا اكتر البطاطس بارده ومتاكل منها لو بتقرفونا فا مش طالبه من كنتاكي تاني
357,The order was cooled
358,👌🏻
359,طلبت دبوسين جاء ورك وصدر والصدر سئ جدا وقديم
360,Smelly chicken
361,الفراخ كانت صغيرة جدا جدا
362,"I ordered & paid for a 16 pcs meal and only 12 pcs meal came. I requested certain amount of spicy & original pcs in the comments, but was not followed. The salad box was damaged and the packaging was not good. The delivery of missing pcs was very lat..."
363,الفراخ بايته، لونها اسود، طعمها بشع، ريحتها ابشع. .
364,الاوردر كان سىء جدا جدا جدا ،،،الفراخ كلها سودا من جوه و فراخ قطعه كبيره لكن اللحم فيها قليل الباقى مجرد طبقه الكرسبى ديه ومكنتش فريش خالص و كان باين انها متعاد تسخينها او متخزنه بقالها فتره ،،بجد سىء جدا جدا
365,one of the chicken strips pieces tasted horribly
366,Sandwich is too small and unheated
367,الطعام سيئ جدا و الفراخ كانت بايته
368,الرز حمضان
369,welz tet begDS 7AGA vvdg ssdd rwdfsd gfd sdf sdsdddd thank you
370,بارد الاكل جدا
371,Amazing!!🩵
372,العيش مش طازج و القطعه كانت زفره جداً حقيقي الاوردر كان سيء
373,pro israel
374,الفراخ زفرة جداً والتتبيلة ضعيفة جداً … انصح ببازوكا افضل منه
375,الطعم وحش و زفر و مش مستويه كويس
376,Tasty
377,ادعم فلسطين و قاطع 🇵🇸🇵🇸🇵🇸🇵🇸🇵🇸🇵🇸🇵🇸🇵🇸🇵🇸🇵🇸🇵🇸🇵🇸🇵🇸🇵🇸🇵🇸🇵🇸🇵🇸🇵🇸🇵🇸🇵🇸🇵🇸🇵🇸🇵🇸🇵🇸🇵🇸🇵🇸
378,missed order missed tools
379,S
380,Very bad black chicken inside it tasted awful and service was bad rude took more than an hour’s
381,Chicken is not fresh i got poisoned
382,terrible fishy taste
383,🇵🇸🇵🇸🇵🇸🇵🇸🇵🇸🇵🇸🇵🇸🇵🇸🇵🇸🇵🇸🇵🇸🇵🇸🇵🇸🇵🇸🇵🇸🇵🇸🇵🇸🇵🇸🇵🇸🇵🇸🇵🇸🇵🇸🇵🇸🇵🇸🇵🇸🇵🇸🇵🇸🇵🇸🇵🇸🇵🇸🇵🇸🇵🇸🇵🇸🇵🇸🇵🇸🇵🇸🇵🇸🇵🇸🇵🇸🇵🇸🇵🇸🇵🇸🇵🇸🇵🇸🇵🇸🇵🇸🇵🇸🇵🇸🇵🇸🇵🇸🇵🇸🇵🇸🇵🇸🇵🇸
384,Nice
385,didn’t even receive my order
386,FREE PALASTINE TILL IT’S BACKWARDS MOTHERF*UCKERS🇵🇸
387,مقاطعه والحمدلله استغنينا 🇵🇸🇵🇸🇵🇸🇵🇸🇵🇸
388,I added a note to receive all in dark meat. And received most of it white meat. It was late and we had to eat it. Bad experience.
389,للأسف مايوصل للمنطقه الي انا فيها
390,very bad
391,لم يصل
392,٤٠٠٠ طفل قُتلوا في اقل من شهر ، كل طفل كان عنده حلم ، كل ام كانت نفسها تفرح ب اولادها ، اقل واجب هو المقاطعة 🇵🇸
393,Stand for justice. Stand for Palestine 🇵🇸🇵🇸🇵🇸🔻🔻
394,As low quality high priced as restaurant could be
395,The food was disgusting and it was cold the fries too so far this is the worst food I have ever had in my life KFC has to change
396,اتمني كل اللي شغالين في فروعه يستقيلو ادعم اهواتك
397,اتمني العاملين في الشركه ،يستقيلوا..كنتاكي .انتوا شركه أمريكيه صهيونيه و هتمشوا بالذوق من مصر قبل ما نمشيكم احنا بطريقتنا..للاسف ابني الصغير طلبكم من شويه ،وانا بهدلته انه عمل كده.يا صهاينه يا فجره
398,مستوي اي كلام.ابني الصغير طلبكم من ورايا وهو ما يعرفش انكم من ضمن الشركات اللي لازم تتقاطع وتمشي من مصر…كلكم صهاينه كلاب.يا ريت تمشوا قبل ما نمشيكم ان شاءالله
399,horrible horrible horrible horrible horrible horrible
400,فك يو 🖕🏻🖕🏻🖕🏻
401,I hate israelis kfc company and I support free Palestine ،،🇵🇸
402,اكل مقرف وغالي ع الفاضي وفلوسهم بتروح لليهود 🇵🇸🇵🇸🇵🇸🇵🇸🇵🇸🇵🇸🇵🇸🇵🇸🇵🇸🇵🇸🇵🇸🇵🇸🇵🇸🇵🇸🇵🇸🇵🇸
403,if i buy from you that means I'm buying for the weapons used on Palestinian people no way
404,🇵🇸 تحيا فلسطين تحيا فلسطين تحيا فلسطين تحيا فلسطين 🇵🇸
405,It’s not fried chicken and ketchup anymore it’s killed children and blood Free Palestine 🇵🇸🇵🇸🇵🇸🇵🇸🇵🇸🇵🇸🇵🇸🇵🇸🇵🇸🇵🇸
406,quality
407,مافي جبنه في الساندوتش ولا خضار ولااي حاجه
408,So fast delivery.
409,حجم القطع صغير جداً
410,So bad worst thing i ever tasted
411,very fresh and good
412,الرز كان ني بشكل غريب!!
413,الاكل لسسسسة موصلش لحد دلوقتي هو فى ايه بالظبط
414,الفراخ بدمها ومش طازة وشاربة زيت ومسودة
415,الاكل بارد
416,الاورد فى الابليكشن ب ٢٠٠ و فى الرسيد ٢٦٦
417,كان سريع وإلي وصل ممتاز الله يعطيه العافيه
418,مطعم سيء جدا جدا جدا جدا جدا جدا جدا جدا جدا جدا جدا جدا جدا
419,الساندوتش جيه الصوص اللي فيه غريب مش مايونيز طعمه كان سئ و التشيكن ستربس كانت زفرة و مش متحمرة كويس
420,بجد أوردر زفت الساندوتش متاكل منه و حالته وحشه اوب بالاضافه ان دليفري خد ١٠٠ و المفروض كان يرجع ٥
421,Cost at bill was more than what was shown here on elmenus by 218EGP
422,I didn’t recieve the dinner meal
423,قطع الفراخ في الساندوتش رفيعة جدا وناشفة وبالتالي الكمية صغيرة.. عكس فروع تانية بطلب منها نفس الساندوتش بتكون قطعتين كويسين جدا والفراخ طرية
424,طلبت كرسلو و جالي بطاطس
425,بارد جدا
426,I would love to know which branch and make it my go to
427,الفراخ مش فيها ولا ملح ولا تتبيلة
428,They are not serving our location!!
429,الدجاج جاي ساقع جدا ومجلد اسواء تجربه
430,السفن حار
431,The delivery guy took the money from the maid again Although it was paid by card
432,It’s been 3 hrs and food didn’t even arrive i need to contact the application support group but it’s not working somebody call me
433,ordered a dinner meal and received the order without the chicken! worst service
434,الاكل اتأخر ساعتين !!!
435,2 Chicken pieces were very skinny and taste below expectation that’s not might zinger sandwich taste at all
436,Sandwich was almost empty chicken piece was so small
437,Didn’t get the right sandwich and also didn’t have the best quality
438,The quality of the order is very bad
439,I asked the food to be fresh and it was not and did not taste good
440,shrimp meal without drink
441,the rice was undercooked
442,الريزو جمبري كان سئ جدا و الجمبري كان قليل جدا و بايت مش فريش
443,الاكل أتأخر و جي بارد قعد ساعه ونص و الكول سلو فيها حشره يعني دي مش اول مره 👎🏻👎🏻👎🏻👎🏻
444,الاكل كان بارد والفرايد تشيكن غامقة جدا من برا وجوة و الطماطم كانت حمضانة في المايتي زنجر الريسيت جت برقم اكبر من اللي من الابليكشن اسوء تجربة ومستحيل تتكرر
445,i got poisoned from this order!!!
446,الاوردر غلط حد يكلمني
447,سيء جدا جدا والتغليف سيء والاوردر وصل وداخل في بعضه ومبلول كده من ايه مش عارفه 😡😡😡😡
448,I ordered mixed box and got all spicy
449,اسوا حاجه جاتلى الوجبه دى قذره
450,أكل بارد و ناشف
451,Sandwich was very cold
452,البطاطس كانت بايته وقليلة والساندوتش مفيش صوص السبايسي
453,i choose 6 spicy pieces not 3
454,الارز كان نى جدا وناشف
455,الاوردر مجاش ذي ما انا طالب
456,Too expensive comparing to the fact that they only bother sending me 4 wings and 4 legs out of my 16 pieces bucket!! it's so disappointing!
457,"worst sandwich in the world, it was could and not fresh, i felt tortured after i had my first bite"
458,وحش جدا الارز الفراخ اللي عليه بايته وطعمها مؤرف بجد
459,المستوى الخاص بجودة المنتج أصبحت رديئة والأمر تكرر ..الفراخ مليئة بالزيت عكس منتجات أخرى مثل هارت أتاك.. الكولسلو غير طازجة بالمرة .. قطعة الهبز غير طازجة.
460,اتمنى تاخدوا بالملاحظات وتهتموا بيها
461,في منتهي القذارة
462,Not well cooked
463,Sandwiches is very very small and bad 🤮
464,بنتي بطنها وجعتها من الاكل 😢
465,السندويتش بايت العيش وحش و الفراخ ناشفه اخر مره اطلب من كنتاكي
466,الفراخ مجلدة و زفرة جداااا بجد بشعة
467,The food was not hot
468,Worst customer service ever
469,الاكل وجعلي بطني جامد
470,"Soggy fries, Oily Chicken, slimey sandwiches and an unreasonable price mark: The chella meal's only purpose is to t-chellak by paying 480 egp (450+delivery fees) for this. Also,ordered 7up diet 1 liter and said so in the notes,got a Pepsi instead"
471,أسوأ مطعم في العالم ملح كتير جدا ف الاكل والفراخ مش آدمية خالص ولا تصلح لاستخدام علي الأرجح دي فراخ فاسدة ولازم يتسجنوا والله
472,After paying fully for the order with a credit card I found the bill requesting that I pay more money directly to the courrier and this is not acceptable - the food also tasted terrible
473,الاكل سىء جدا وبارد رغم الفرع جنبى.. العيش مفتفت والمحتوى قليل جدا كانى باكل عيش فاضى وياريته عيش عدل.. اخر مره اطلب من الفرع ده فرع(محى الدين ابو العز)
474,taste wasnt good at all
475,السندوتش فاضي سيء جدا جدا
476,الأكل مجاش اصلا
477,"The fries were undercooked and I wrote a comment that I want white meat, called the restaurant to double check...they bout 2 pieces of red meat"
478,الاكل كان بايت شويه والكلو سلو كان علي وشك انه يبوظ
479,Call me plz !
480,جميل جدآ
481,"Worst restaurant ever, always the chicken is not fresh and has blood"
482,الجزء العادى معجن وشكله سئ جدا يقرف وشبه اترمي في الزبالة.. الجزء الاسبايسي اول ما تشيل الكفر الخارجي لون اللحم فيه اسود كتير تقريبا بايظ .. بالاضافة الي كل ال 12 قطعة وراك واجنحة ومفيش ولا قطعة صدر.. ديه أسوأ مرة طلبت فيها وسابت عندي شعور سئ جدا عن...
483,The switched spicy order with original ones ..
484,he didnt came to me he asked me to take my order as he like
485,الوجبة سيئة جدا
486,The food was really cold and not fresh at all. 2nd bad experience in 2 days
487,اسوا فراخ كلتها ف حياتي
488,Ha
489,The tomia is expired and they send it to clients
490,It wasn’t delivered
491,"missing cheeder cheese sauce , and the sandwitch wasnt crispy"
492,soggy
493,الاوردر جاي بعد ساعة ونص وطبعا بارد ومجلد وهم أصلا جنبي اخر الشارع يعني ده معناه انه كان مركون .. سئ جدا جدا جدا
494,Food was not very fresh.
495,لم تصل كانز البيبسي
496,الاكل بايت و طعم الأكل سيء جدا اخر مرة اطلب
497,لو سمحت انا عايزه حد من الفرع أكلمه الكول سلو مجاش مع الاوردر
498,من أوسخ الاوردرات اللى جاتلى مستواكو بقى أخرة من الخرى
499,Didn’t receive the order
500,الاكل رائع بشده و الطيار محترم جدا
501,the branch needs to write the full address in details ... WRITTEN!
502,El driver kan ragel zo' w mo7taram gedan w el akl wesl bsor3a gedan bgad bas el akl nafso kan bayet w we7sh bgad leh keda ana ba7b kfc So disappointed
503,البيبسى جه مخروم و الكيس كان متغرق و الكولسلو و البطاطس اتغرقوا بيبسى
504,الساندوتش ناشف وطعمه يقرف..
505,بقي قرف بجد و قطع صغيره جدا خساره فيها الفلوس
506,الاكل كان بارد و الفراخ زفرة و مش مستوية و الكول سلو بايز .. النجمة دي للبطاطس بس
507,worst order from kfc ever. food was cold. chicken inside the sandwich was very bad. even the fries was terrible.
508,الأكل وجعلي بطني وخدت أدوية سيئ جدا
509,الاوردر جه بايظ والفراخ ريحتها كانت سيئة ولونها غريب واترمت
510,ساندوتش المايتي فيليه مكنش جواه جبنه ولا صوص والكلوسلو كانت بايتة جدا والريزو الفراخ كانت سبايسي زيادة عن اللزوم وناشفة جدا اكنها متسخنة بجد حسبي الله في كل فرد شغال في مطبخ كنتاكي ونفسنا تغيروا وتجيبلنا فرع سفير
511,so disgusted at their service came with just rice and said that this was my order ? where tf us my chicken?!
512,It was not crispy and the chicken tasted weird!
513,حصلي تسمم من الأكل و لسه تعبانة جدا و حسبنا الله ونعم الوكيل
514,"Good food, Good timing, The spicy food was very good and I was very very Very Very satisfied"
515,"lacking an item, the bun bread."
516,الفراخ كانت مملحة جداً!!!
517,Perfect
518,مش حلو
519,B
520,I received a call that order has been canceled and later on delivered to my house
521,اقذر فرع kfc في العالم عيش مقرف و فراخ زفرة و حاجه خرا بصراحة
522,Very poor quality! Empty plain sandwich
523,الفراخ كانت قديمة و زفرة
524,اسوا اكل
525,هايل
526,بس في مشكله الاكل كله جاي ماليان زيت
527,مفيش مكان بيخلى من المشاكل لكن الفرع ده من انضف و احسن الفروع فالتعامل
528,Pieces amazing Rizo so stale & chicken few tastless
529,تم
530,I asked for mix of original and spicy while i got all the pieces spicy
531,potions are very few compared to paid money.. worst fast food
532,"I ordered at 11 am arrived 2 pm, the food is horrendously bad, the chicken is blue from the inside, the sandwich tastes wrong, the packaging is covered in cooking oil. overall very bad taste very bad experience. unexpected from KFC."
533,اول ما نزل كان احلي كتير و مخدوم دلوقتي مابقاش يتاكل و العيش متقطع و كان مافهوش فراخ والعيش مش حراق و مافيش اي صوصات في السامدوتش شويه خس دبلانين وخلاص
534,مستلمتش الاكل
535,Was too salty
536,Missing item
537,Order not delivered and cancelled and elmenus didn't even provide any help with the order process!
538,تجربة سيئة جدا
539,Cold and disappointing
540,forgot to add items asked for and got me pepsi instead of 7up
541,ولا اكني طلبه ببلاش والاكل متسخن ومش طازه حاجه اخر ارف
542,البطاطس كلها زيت و مش مستوية
543,انا جالي نزله اسهال وترجيع من الاكل فعلا من امبارح لحد انهارده جايب علاج ومحاليل وكاشف بحدود الف جنيه غير التعب والترجيع اللي منعني من الشغل انهارده تجربه مش هتكرر منكم تاني
544,The kantook was too small
545,the food is not fresh am very disappointed the chicken was bad😕
546,كان فيه قطع فراخ حالتها سيئة جدا لونها متغير وواضح انها قديمة بايتة وغير صالحة للاكل ورميناها كن سؤ حالتها عيب اوي كده الحقيقة... دي مش فلوس قليلة ومن مكام مفروض انه كبير و مشهور
547,No rice
548,Never delivered
549,"Not delivered, took the money and then the restaurant canceled the order and until now no refunds"
550,"We didn’t receive any spoons to eat the salad with, the chicken was extremely dry! No tissues! I ordered extra cup spicy mayonnaise and i didn’t receive it! How come i paid almost 610 EGP for this quality!! I need to make an official complaint"
551,بجد حاجة مقرفة جدآ اوردر بيجي ناقص و مش سبايسي و السعر بقا غالي جدا حاجة تحت التقييم ..
552,wrong drinks
553,Ok
554,I didn’t recieve my order
555,تتبيلة الفراخ بتقع من القطع و طعم الفراخ بايت من امبارح اوي من الصبح،، العيش ناشف،، الريزو نيئ و الصوص قليل جداً
556,"Me and my freind ordered two types of twisters,a red hot twister, and a regeualer twister, the red hot one was bigger than the other one"
557,الاكل طازه بس حجم السندويتش صغير
558,الاكل جي بارد و العيش وحش اوي
559,👍🏻
560,للأسف الفراخ زىً ما تكون كانت مركونه ومجلده ومش فريش والرز زى ما يكون بايت ووحش جدا والله الاكل كل ما اطلب اون لاين من كنتاكى يجيلى أسوأ اكل ف الدنيا ايه القرف ده انا مش فاهمه
561,الاكل كان لسه مش جاهز لسه ني
562,سيء جدا اترمى في الزبالة للاسف never again
563,Horrible
564,Cold food
565,I didn’t receive any fries or coleslaw
566,Its not delieverd yet
567,جودة الأكل من سيء لاسوء بما لا يتناسب مع الإسم و السعر
568,I didn’t receive the order
569,الاكل كان سئ جدا و مش فريش
570,The order didn’t have the coleslaw I ordered
571,Not fresh
572,طلبت وجبة ١٦ قطعه من كنتاكي مدينتي كانت اسوا تجربه علي الاطلاق. كل الدجاج مطبوخ علي الاقل قبل ثلاث ايام ذا احسنت الظن فقط قطعه واحده من ال ١٦ كانت مطبوخه اليوم غالبا . اذا كان هذا بعلم المدير فهذه مصيبه و اذا كان بدون علمه بالمصيبه اكبر والله اعلم فل...
573,بصراحة احلى مرة اكلت فيها كنتاكي بحياتي اتمنى يفضل كدا عطوول ومش بس كنتاكي فرايد تشكن بشكل عام
574,"the delivery was good and fast, food was average, but i had a stomach ache for 2 days after this meal, i guess KFC is always associated with this but I had to learn by the hard way"
575,Very bad exp
576,"unfortunately the chicken was not good , hard, I order the sandwich with tomato & lettuce, only lettuce in both sandwiches, no cheese in the zinger, both sandwiches & fries were cold. wrong receipt, delivery was so bad as guy calls several times"
577,كنت كاتب ملحوظه اني عايز الاوردر لحم احمر و مجاش ذي ما انا عايز
578,Loved all the support from the delivery guy
579,Sandwich tohfa el fries kant msh fresh
580,Bad order
581,الفراخ ليست مقرمشه كالاصليه وهناك فروع اخرى مصر فرع فيصل مثلا يعملها افضل لا اعرف السبب رغم ان الطعن والقوام المفترض يكون واحد تحس ان كل مطعم لوحده مع تقارب النكهه .. البطاطس سيئه بالمره .. طلبت كولسلو كبير جالي كبير جدا كأنهم عاوزين يتخلصوا منه وريح...
582,"The driver was an hour late although the restaurant prepared my food early and they sent me a notification that it’s out, and they’re fifteen minutes away, Obviously the driver went somewhere else before delivering my food that it became very cold"
583,seven up مجاش
584,It wasn’t cooked well
585,زفت انتو مطعم زفت وخدمه زفت وانا كاتبالكوا بالعربي وبالانجليزى عايزه الفراخ صدر وايت مييت وبرضه جبتوا وراك انتو هتاكلوا الناس على مزاجكم
586,Fyi am not received food aslan and plz must contact me 01095952300 must compliant
587,Arrived cold
588,فراخ متسخنه و طعمها سيءءء👎🏻👎🏻👎🏻👎🏻👎🏻
589,الفراخ بايته ومزيته
590,the sandwich is very small against the amount
591,good
592,missing item
593,لم استلم الأوردر اصلا مطلوب من الساعه ١٢
594,الاوردر جي ناقص سندوتش والاكل بارد وجي متأخر نص ساعه زياده وانا بطالب بأسترجاع ٤١٥ جنية قد تم دفعهم والطيار مكنش عاوز يوصل الطلب وعاوزني استلمه في الشارع علشان يوصل اوردرات تانيه
595,كميه الارز والفراخ في الريكورد قليله جدأ جدأ
596,I cancelled the order due to late delivery I waited for almost 2 hours and finally I had to call and cancel it
597,انتو حرامية يعني إيه بعد م اطلب حد يتصل بيا يقولي إحنا مبنوصلش ل عنوانك و بعدين البرامج يكلمني يقولي هرجعلك فلوسك و هتستنى من أسبوع لاسبوعين عشان يوصلو حسابك و لما عملت شكوى اتقالي هنتصل بيك بعد ساعة و عدى ٧ ساعات و محدش بعتلي رسالة حتى
598,الاكل وصل بسرعه جدا و كان طازه و طعمه يجنن
599,Wrong sauce.
600,الاكل مقرف وبايت ومعفن ورمينا باقى الاكل خسارة فيهم الفلوس اسوء فرع من فروع كنتاكى
601,the order haven't even come.
602,good and fast
603,potatoes and chicken not well done
604,يعني بعد كتبت عايزة اية وكلمتوني وكلمت اتنين افهمهم عايزة اية وهى مش مش مسألة فيزيائيه اساسا..بردو جايبين الاوردر غلط وفراخ ريحتها زفرة انا طلبتكو بس عشان ابني يتأكد انكو زفت والله
605,كنتاكي مش ثابت دايما ... الفراخ كانت مش احسن حاجة العيش كله بايت وناشف ..الريزو لا يطاق
606,الرز كان ني حرفيا بيقرش والزنجر ملوش طعم والطماطم والخس بايت ده غير إن الأكل بارد
607,I didn't even receive this order!!!
608,"I recently had another disappointing experience with KFC, and I must say that I am becoming increasingly frustrated with their service. Not only did they once again give me the wrong order, but the portion size was incredibly small. To make matters w..."
609,مجاش زى ما طلبت بالظبط
610,حلو بس بارد مش سخن
611,انا طلبت اوردر اليوم وللاسف جالي بطاطس قليلة جد جدا ومن غير باكيت والاوردر جة بارد جدا بالرغم من اني بطلب نفس الاوردر كذا مرة لكن للاسف جالي المرادي سئ جدا وحتي قطع الفراخ اقل واحدة وكلها صغير وللاسف انا مش هكرر الطلب تاني ابدا وشكرا
612,very very small size and too cold
613,It was so good and hot and it was a lot of spices in the chicken
614,الاكل وصل مقرف بايت و ساقع و الكول سلو مدلوق حاجه قرف .. و كلمت الفرع قالولى لو عايزه تطلبى فريش بعد كده اطلبى من التليفون بلاش ابليكيشن .. يعنى بيبعتوا البايت للمنيوز
615,الفراخ كان فيها دم و كان طعمه شبه طيزاك
616,Very bad quality
617,كانتوك بوكس السندوتش صغير اووي و القطع الفراخ الي جواها صغير بردو و مش بيشبع
618,"Uncooked chicken with thick breading on top, we change the order as it comes wrong totally it’s a bad experience if we could say “as usual”"
619,"Helpful,quickly, friendly,polite and fast"
620,الفراخ وحشه اوي ومجلده و ريحتها وحشه و مش مستويا كويس
621,"I did not receive my order, and apparently it is delivered ? راح فين ؟"
622,الاكل زفت
623,Very small portions
624,بطاطس محروقة و متحجرة و مرة. كمية الريزو قليلة جدا.
625,عندما اطلب طلب خاص فى الاوردر زى حجم قطع الفراخ ونوع الفراخ والعيش بيتم الاهتمام من طرفكم ودى حاجه كويسه جدا وشكرا لكم
626,bad bad bad bad bad bad bad bad bad bad bad bad bad bad bad bad bad bad
627,Order el chilla box mix and received all original not a one spicy peace. Ordered Pepsi diet with the offer and received the regular.very disappointed delivery experience..chicken pieces are extra smaller than usual!
628,الفرايز سيئه جدا جايه فى كيس كارتون مباشره بدون باكيت والكيس كان غرقان زيت من ها وكانت طريه ومعجنه وسيئه للغايه اسوا فرع كلت منه
629,"very very poor quality (chicken really sucks ), chicken coming with blood inside , very small pieces, the whole order came red meat in the family box 8 pieces , I didn’t order red meat."
630,بفتح الكيس لقيت فين نمل Don’t order from KFC Quality is disgusting and the food is oily lastttt time
631,ميستاهلش اي حاجة حتي ولا نجمة واحدة الفراخ مش نضيفة وجايب قطع صغيره جدا وجناح الفرخة معتبره قطعة..اول وآخر مرة اطلب منهم بإذن الله
632,الاكل بارد جدا ولا ياكل نهائي
633,الخبز بايت و ناشف وما يتاكل ابداً و بعض قطع الدجاج مليانة زيت
634,الخبز بايت وما يتأكل ابداً وبعض قطع الدجاج مليانة زيت
635,زفر.
636,"there was literally 15 fries, and the food was cold and it tasted too bad, gross"
637,طلبت اوردر انهارده واتخصم ت الفلوس من الفيزا وكلمنى الفرع انه مش بيوصل لمكانى المفروض الاوردر بيتلغى والفلوس تنزل فى حسابى لكن للاسف اتسحبت الفلوس وكنتاكى عامل ان الاوردر تم ااستلامه ده ازاى دى سرقه يرات حد يكلمنى
638,Absolutely disgusted by the behavior of management and the food was so dry. They put four wing pieces in an 8piece bucket. They might as well have spit in our faces. Wings hardly have any mean on them and they put FOUR in our bucket. Management threa...
639,"I didnt receive the order After 3 hours and half, elmenus tried to reach out to KFC but they didnt even reply"
640,تاخر جدا طلب مش مظبوط (طلبت صدور م جات وراك) بارد جدا جدا الفراخ من عند العظم كانت مش مستوية كويس
641,سييئ جدا جدا جدا بجد و مش مرة دة كل لما اطلب يجي وحش اوووي و طعم الفراخ بشع و باارد و شكل الاكل غريب بجد
642,طلب خاطئ
643,تاخر جدا
644,Elmenus and kfc حرامية I didn’t receive the order and already it is paid in advance
645,لو فى تقييم بالسالب كنت اختارته سئ جدا وبارد وطعم الفراخ مش حلو
646,Food was disorganized and the tortilla wrap sandwiches weren’t wrapped properly
647,Food was very cold and it’s not fresh
648,الاوردر مجاش اصلا مطعم زباله
649,الفراخ بايته ومش طازه خالص متتاكلش بجد سيئه
650,الفراخ مش مستوية
651,Very late delivery and food was cold and got different drink not what I ordered
652,"Worst worst meal i have ever ordered since I downloaded the App. الفراخ زفرة والتتبيلة ملهاااااش طعم تقرف.. رميتها والله معرفتش اكملها، السندوتشات ملهاش طعم حرفيا والعيش قديم بيتهري،، بس دي كلتها من الجوع وبلعت ببيبسي I hate KFC,, أنا بكره كنتاكي ..."
653,"ordered from them, they said 90 min and i will have my order, which is too much, then it took them 3 hours and after 5 phonecalls to get me my order, and it came very cold"
654,i’ve ordered pizza from papa johns but the order was rejected so at 6:30 PM i ordered KFC and surprisingly the order arrived within 15 mins or something and it was very fresh and hot so THANKS ! and i hope to know which branch
655,اسوأ مرة kfc اسوا اكل اكلته في حياتي
656,The order came very cold and oily and not fresh at alp while the branch is only 5 mins away.
657,الاكل وحش اووي و مش سخن و كلو سلو كان بايت و الرز وحش اوي و كان معجن
658,Veryy badddd
659,طعم لذيذ وممتاز
660,اسوء فرع في الدنيا
661,الأكل بيوصل بارد و الطعم مش حلو خالص و ده من اوحش الفروع الموجودة
662,الأكل سيء جدا ورميت فلوس في الارض الفراخ ناقصه قطعه وصغيرة جدا والعيش والبطاطس بايتين حاجه متتاكلش تجربه سيئه جدآ
663,الاكل جه بارد و الفرع قدام باب الجامعة اساسا
664,الاقيش عند حضراتكو بزاز مشوية وتكون جوسي من برا ومن جوا
665,البطاطس سخنة خاااالص البطاطس سخنة خاااالص
666,طلبته سبايسي جيه عادي وبارد
667,سئ للغاية
668,اقذر الفروع هي فرع المنيل والناس الي بتشتغل عند الفرع ناس بلطجية مبنصح حد ياكل من عندهم
669,"The smell of the upper floor was terrible , there was no tissue paper in the toilet and waiters were passive aggressive and not helpful in Ekhnaton branch."
670,كمية الرز ريزو قلت عن الأول
671,it was so disgusting i couldn’t eat it and i threw it away w i had a stomach ache 🤢🤢🤢 cant imagine u could sell to these poor people😢😢😢😢 it was so oily and not crunchy and the fries was so disgusting 🥸🥸🥸🥸
672,Delivered cold and tiny portion compared to the bun it was in
673,الاكل بارد جدا
674,الاكل وصل بارد ، وكذلك الخبز مش طازه وبطاطا مش حلوة باردة
675,"chicken was raw fries were soggy, street falafel carts make higher quality fried"
676,:(
677,Late delivery
678,"The food was good but I was supposed to 210 LE according to the prices mentioned and when the delivery guy arrived, the receipt was for 265 LE."
679,The sandwiches were cold
680,Mmm
681,it took 2hrs for the food since i ordered
682,سئ جدا و الفراخ فيها دم و ريحه وحشه
683,"Food was good, still i ordered dark meet without wings and i got and my comments were ignored !!!!!!!!!!!!"
684,The worst experience asked for white meat which didn't send me and was cold with the worst taste ever like eating rotten fish
685,ت
686,الفراخ كانت باردة و ريحتها زفر جدا و طعمها وحش اوى و القطعة كمان صغيرة جدا Worst chicken ever !!!
687,Worst chicken I ever had in my life it was all black inside and smelled like sh*t Didn’t even give it to me my dog
688,فرع مصر والسودان من أسؤ الفروع لKFC ، الطلب كان ناقص خبز و قطع الدجاج المقلى معظمها قطع كلها عضم! ،، فقط قطعة صدر واحدة من 8 قطع.. وبها دماء او نخاع لونة أسود وشارب زيت ببشاعة ،، أسؤ مطعم لن اتعامل معه مرة اخرى
689,البطاطس كانت باردة لكن كمجمل الاكل حلو اوي
690,Was a bit cold
691,"i just ordered from them home delivery with a total of 700 egp and the food is really crap, the chicken is horrible as if i am eating boiled chicken, the crust comes out of the chicken, the crust is too oily and very salty and finally my stomach hurt..."
692,I had received dinner meal not a dinner plus with extra fees for rizo
693,Low quality
694,the service was weird ppl from kfc kept calling me and asking my address
695,Rizo was awful
696,كنت طالبة بدون احنحة وبرضو جالي جناح
697,الاكل اتأخر ساعتين الا ثلث و جه متلج و سئ جدا
698,Sandwich was horrible as if it was prepared yesterday.
699,The coleslaw didn’t come with a spoon
700,الفراخ بجد زفرة جدا لأول مرة اكلها زفرة كدة
701,طلبته white meat جه كله وراك وجناح واحد.. زي ما يكون عند
702,The price that I’ve already paid via debit card was changed and they wanted to pay extra money when the food was delivered Also I asked that all pieces should be white meat and they all came red meat Very bad experience
703,Found a hair inside the sandwich and the taste was really bad and disgusting
704,The order didn’t arrive
705,فرع الحجاز من أسوأ الفروع في كل حاجة مانصحش أي حد ابدًا يطلب منه
706,The fries was so cold and no taste but the chicken was really good
707,I ordered dinner plus not dinner meal
708,the bb
709,ال Dinner Plus وصل من غير ريزو ودى مش اول مرة الاوردر يوصل ناقص
710,اسوء تجربه ممكنه لاي شخص عاوز ياكل
711,Cold
712,اول مره يجي فشيخ كده
713,I ordered a shrimp box and a twister original but I didn’t get my twister
714,فرع غير محترم و غير منتظم و عمري ما هطلب تاني منه
715,How the order is contain of only 3 bread and we order 12 pice of chicken ?!
716,طلبت الاوردر علي التطبيق سعرة كان 390 وجتلي الفاتورة ب 460 بفرق 70 جنية كلمتهم اكتر من مرة بس للاسف يقولي هنصلح الغلط ومتصلحش وصعب علية الدلفري واقف في البرد نص ساعه فاضطر ابني خد الاوردر ودفع المبلغ ..بس كدة عيب علي ادارة كنتاكي سابوتي منتظرة نص ساع...
717,احمدو ربنا على النعمه و المش عاجبو حاجه يقول بس بطريقه حلو عادى ما انا جالى فى مره الفراخ مش حلوه بس علشان هما عليهم ضغط و البقول مجليش شوكه معلش يعنى يعنى انته معندكش شوك فى البيت
718,الساندويتشات بارده والعيش مش طازه
719,Order not delivered
720,The worst meal! The chicken has a smell and the fries was horrible
721,Order didn’t arrive worst application and last time to order from elmenus
722,the order took an hour and a half to be delivered and i got a pepsi instead of a 7 up
723,الاوردر جاني غلط و كان شوية خالص و بارد جداً
724,الاكل نئ و زفر و لم آكله
725,وحش جدا وتم عمل شكاوي اكتر من مرة لم يرد احد
726,Very cold and tastless
727,الاكل اتاخر جدا الوقت ساعة و تلت الاكل بارد جدااااااا
728,Chicken needs to be more spicy and crispy
729,"It took them 2 and a half hours to deliver 2 sandwiches from a branch that is 13 mins away, and it was stone cold"
730,Taste was bad Special request didn’t apply as comment in order Food wasn’t fresh
731,K
732,Not coming
733,"I was in drive thru , the guy noticed um on phone and not focused he added 100 pounds to my total, a real thief, when i asked for the receipt he sent his manager to give me the rest of the money like a courd. Not gonna irder again from Americana p..."
734,الاكل بايت و مش طازة اسوء فرع
735,جه يمصه كل نصه وكلامي عالدىوس ياعلق ياللي بتقرا الكومنت صفي النية
736,Order was cancelled from KFC because they don’t deliver to sherouk city 2
737,طلبت الاكل عادي جه سبايسي
738,I didn’t even receive it the customer service is terrible and very unprofessional. The worst restaurant. 0/10
739,مكنش سخن اوى و خد وقت كبير للوصول
740,وحش جداااااااااااااااا بطاطس باردة وفراخ مش حراقه ووووحشه سي للغايه وحرام ال٤٥٠ ج
741,"Last time to order from this branch.. used to be good, now its so bad we had to throw the food away. Chicken tasted like its been frozen for years and its color was dark."
742,The worst kfc ever with the worst meal literally my dog wont eat that food they brought me yesterday Incredibly bad food cold it was a very bad experience just tasting that food yesterday made me feel sick today
743,الطيار محترم جدا ربنا يباركله والاكل وصل علي طول وسخن شكرا جدا ❤️❤️
744,It’s dosent good🤢
745,طلب وجبه سوبر دينر ، ٤ قطع و جاءت القطع فاسده و رائحتها كريهه جدا ، اكل فاسد و كنتاكى للأسف اصبح من سئ للاسوأ ،
746,the chicken is raw and pink and smells very bad
747,Wasn’t fresh at all
748,زي الزفت
749,"Rizo tasted different not as usual, fries weren’t good"
750,Wasnt cooked right basics raw
751,I Ordered 3 chicken barbecue rizoo . I received 1 chicken rizo and 2 shrimp rizo
752,Zebi
753,I didn’t receive the order till now Very bad service
754,وصل بارد
755,Bb
756,فراخ قليلة جدا
757,helw awyy
758,Order never came
759,"everything was great, such a great restaurant!!"
760,The chicken was not freshly fried it was soggy and felt like it was old and reheated
761,L dnia bayza
762,بحب اويً كنتاكي مطعمي المفضل دائمآ وهيفضل دائمآ مطعمي الاقرب الا قلبي مفيش احلى من دجاج كنتاكي
763,الاكل وصل بايت و معاد تسخينه كان سئ للغايه
764,الاكل مش سخن وطازج الريزو والبطاطس تقريبا نصف العبوة فقط !! هذه المرة سىء جدا
765,The WORST KFC order I received The rice was inedible had to throw it away The sandwich barely had chicken in it .. mostly lettuce and sauce
766,اسوء مطعم العيش بايت و الساندويتش بارد و الجبنة مش سايحة و طلبت كومبو جابولي ساندويتش بس
767,تحفه كله تحفه بجد 😧
768,اسوء مرة كلت فيها من كنتاكي الروبيان ني والرز ني والعيش الرول مقطع والصوص جالي غير اللي طلباه والأكل دايماً يجي بارد
769,الارز نيء
770,Fries didn’t come
771,الغلط في مبلغ الفاتورة حيث كانت زيادة في الفاتورة 95جنيه وتم التعامل مع الامر
772,Order still not arrived yet !!!!!
773,Very cold
774,الاكل بارد والبطاطس بارده جدا الفراخ مش احسن حاجه 😢
775,"The order was so bad, food was so late and it was so cold. The sandwich was made in very poor way not even wrapped properly"
776,"The order didn’t arrive at all, and the driver isn’t responding."
777,Charger sandwich was spicy
778,Tlm
779,الكولسلو واقع كله فى الكيس لم اطلب الفراخ سبايسى!! انا لا اكل سبايسى ارجو اخذ الطلب و ارجاع النقود !!!!
780,The sandwich was so cold and the fries is not tasty
781,البيبسي مش دايت ايه
782,Food was under cooked
783,شربان زيت
784,It was very cold and very small and wird
785,وصل متأخر جدًا جدًا جدًا والاوردر بدأ يجهز بعد 40 دقيقة تقريبًا
786,I ordered mix and it came all spicy
787,"Chicken was not fresh and so dry, Also the sandwich was cold Really disappointing."
788,The chicken needs to be well done
789,تحفه تحفه تحفه
790,فرع شارع العريش يوم الخميس ١٧-١١-٢٠٢٢ الساعه ١١ الصبح الفراخ القطع كانت مزيته الفراخ الي جوه السندوتشات مزينه برضه و شندوتش الفراخ كريسبي و سندوتش الفراخ مش كريسبي السندوتشات صوص السبايسي عليها كان مش باين الرز فيه مشكله رهيبه في الفرع ده لما تطلب ا...
791,الفراخ فيها كتب دم ى طعمها استغفر الله العظيم مقرف !
792,Horrible service.. 2 hours late and order missing items
793,انا الساندوتش جالي اورجينال من اسبايسي
794,The food is too cool
795,Sudan branch so disgusting
796,poisoning
797,البطاطس كانت بايته ووحشة وجداً
798,السلطة وصلت مكبوبة و الاكل مش طازة
799,اسوأ اكلة اسوأ مطعم اسوأ ابليكيشن اسوأ / أطول فترة توصيل اسوأ خدمة عملاء للابليكيشن منصحش حد ابداً بيه او ب ابليكيشن المنيوز
800,Everytime i order water with the food i get a pepsi
801,where french frise
802,D
803,الفراخ كانت بايظة و رحتها وحشة جدا
804,🫡🫡🫡🫡🫡🫡🫡🫡🫡🫡🫡🫡🫡🫡🫡🫡🫡🫡🫡🫡🫡🫡🫡🫡🫡🫡🫡🫡🫡🫡🫡🫡🫡🫡🫡🫡🫡🫡🫡🫡🫡🫡🫡🫡🫡🫡🫡🫡🫡🫡🫡🫡🫡🫡🫡🫡🫡🫡🫡🫡🫡🫡🫡🫡🫡
805,Fries is not fresh
806,الاكل كان وحش جداً و بايت
807,🫡
808,It was cold fries And to oily and burning fries It wasn’t a perfect the burger it was too cold and it wasn’t taste as well
809,مجتش زي ما طلبت
810,Soggy fries Cold sandwich
811,الاكل مكنش طازة
812,Not well
813,الخدمة زي الزفت والاوردر لسه مجاش بقالو ساعتين بعد الوقت اللي محطوط خدمة وحشة بجد
814,الاكل كان حلو بس تسمم بعديها علي طول كالعاده 😃
815,They forgot bbq
816,No spoons no tissues no ketchup
817,hdhhd
818,My food was wrong and they didn’t give me fries
819,البطاطس كانت سيئه جدا
820,ssssssdfffggggbbbgisfudfjzjfzfhzhfzhgjjfsfhzfhzfnzbgzgnx
821,"Very very very bad , not fresh food , tasted very bad"
822,It was obvious that the food was heated multiple times
823,The worst
824,I didn’t receive my order!!!!
825,items missed from order ( pepsi can and colslow salad)
826,الاكل مؤرف
827,Taste was very bad
828,"2 hours delivery time ,"
829,الدجاج لم يكن جيد على الاطلاق و شارب زيت كتييير
830,I asked for spice and it wasn’t spicy
831,الريزو ريحته حمضان والفراخ بايتة وملهاش طعم غير طعم الفراخ البايتة. السبايسي متغرق شطة مغطية على طعم كل حاجة وتقريبا مفيش حاجة عدلة غير الكول سلو. التوصيل سريع بس ماحترموش طلباتي خالص (بيبسي بدال سفن و حطوا في الطلب باكتات كاتشب رغم اني قولت مش عايزه...
832,يعني المفروض ننوع باعت الوجبه كلها وراك سوء اختيار مع ان الطعم تحفه
833,Order came super late! and very cold
834,I did not recieve it
835,Chicken pieces were all dark meat and oiled and there was blood in it ( in the super dinner box )
836,منتها قلة الذوق والأستفزاز اول اوردر جه ناقص لارج كول سلو كلمت خدمة العملاء اكثر من مره وبعد ساعه تواصل معايا مدير الفرع بمنتهى البرود وبعد ساعه اخري وصل الكول سلو في علبة مكسورة وتغليف مقرف رفضت استلامه وحاولت التواصل مع مدير الفرع فرفض الرد وبعده...
837,الاوردر جه ناقص و غلط و محدش كلمني و حاجة مش كويسة خالص
838,الاكل سئ وبارد جدا الاكل بايت تقريبا اسؤا مرة ندمان علي الطلب من المطعم ده
839,الاكل كان بارد اوي اوي
840,G
841,it's just awful tastes more than very bad 👎
842,"It was very cold, not fresh at all, and small beey hard pieces!"
843,البطاطس مش مستويه
844,Dinner box was really bad that i threw up
845,الاورد موصلش و انتو لغتو مع نفسكم
846,Cold/bad test
847,"The chicken was very bad, and it had a very bad smell and taste."
848,The strips didn’t arrive I complained to them they said it wasn’t in the order from the app and to contact the app i did but customer service didn’t help too
849,Not well cocked
850,"We received the order cold , we ordered large fries we got 15 pieces in a very bad situation, Pepsi was hot. BAD EXPERIENCE"
851,الاكل كله مش طازة، والطعم للاسف مش احسن حاجة
852,الاكل بجد كان وح جدا المرى دى ولا فريش و لا سخن و الفراخ بجد كانت وحشة جدا اتمنى المرة اللى جاية تبقى احسن
853,الكيس كان مدلوك فيه الاكل وشكله مزيت والبطاطس بارده
854,Thank u
855,الاكل بارد و جيه متاخر جدا جدا و طعمه وحش جدا
856,Gf
857,"It was very delicious, i hope it will be like this next time . Thank you for this amazing food"
858,The order was missing and the rice was rotten
859,الارز كان مش مستوي والفراخ زفره والاكل بارد جدا
860,ازبل فرع لكنتاكي وحرامية ونصابين وانا مش هسكت علي حقي وهشتكيهم في حماية المستهلك فرع امريكانا بلازا وابني تعب جدا منهم وهبهدلهم باذن الله طلبت اكل امبارح ب٣٥٠ جنية وجاي بايظ وزبالة والبطاطس طلباها عائلي جايه ربع العلبة ومتحمرة مرتين باذن الله مش هسيب...
861,Never ever going to recommend sush a disastrous disappointing
862,So bad order
863,اوسخ مطعم في العالم كلة لو عايز يجيلك فراخ سودة و ريحتها بايظة اطلب من عندهم غير كدة بلاش
864,Order was cold
865,"Sandwich was cold, Rice was without sauce Terrible order"
866,الاكل كان مش حلو خالص كان بواقي الاكل
867,Thanks for the good meal
868,الفرايز وحشة جدا والاكل جه من غير البيبسي
869,The most disgusting fried chicken I had ever tasted
870,Wasn't delivered
871,cold with no taste
872,"Terrible food, burnt..!! After having to wait up to 70 mins or more to receive the order and pay more than 260 pounds..!!! Never ordering again…"
873,جااامد
874,أختيار فاشل
875,Tastes horrible
876,Incomplete order ( I was missing fries in the combo)
877,The food was cold and saggy
878,Didn’t arrive
879,Sandwiches different than the ordered with very poor qulity
880,Missing something & Called the delivery guy and the manger with no repose till now
881,أسواء اكل بجد الفراخ ريحتها زفره و فيها زيت بطريقه بشعه و الكولسلو سئ جدا و البطاطس بايته و وحشه انصح بجد محدش يجيب منه
882,الرز كان معجن اوي وقطعه الزنجر ناشفه
883,I
884,Best experience ever . Thank you Nourhan :) amazing customer service ! 👍🙏☺️
885,مطعم زفت وناس زفت واكل ناقص اوسخ مطعم وابلكيشن محدش فادنى فى باقي الطلب بتاعى
886,Unprofessional behavior
887,The twister original didn’t arrive. They got two spicy twisters
888,البطاط المقلي كانه كان حق اليوم الي قبله ناشف مره
889,مالح جدا الساندويتش
890,It was cold and dry
891,the food did not arrvie😡
892,Didn’t arrive !
893,حاجته جميله جدا. حاجته جميله جدا. حاجته جميله جدا.
894,تقييمي ل منيو كنتاكي المنصورة 3 نجوم بس
895,وقت التوصيل متأخر جداً من المطعم
896,The food was not fresh It’s so dry Tasteless It feels they sent the left over food
897,سعر الاوردر كان اكتر ب١١١ جنيه
898,السندوتش الزنجر جالى بايت و الفراخ ناشفة جدا و العيش باين و البطاطس جت مجلدة و باردة و الكولسلو كان حمضان اسوء مرة بجد اطلب فيها مع ان الاوردر جية بسرعة بس واضح ان السبب عشان كان الاوردر بايت
899,"i never received the order, was delivered to north coast :/"
900,Shitty
901,(تويستر) الطماطم كانت بايظة والعيش قديم وحاجة ف منتهى الاهمال
902,الاوردر اخد ساعة و نص و جه متسخن و مجلد
903,يعني محطوط كام واحدة بطاطس و ناشفة و الفراخ صغيرة جدا جدا جدا نص الحجم بتاعتكوا
904,I payed for extra cheese and the sandwich didn’t came with cheese the taste was very bad and late delivery
905,كنتاكي بقي سئ جدا جدا بجد و غالي علي الفاضي
906,The sandwich was so bad even though I usually get it perfect everytime.
907,One missing Pepsi
908,الاكل بارد وسيء جدا ولا واحده سبايسي
909,في جزء من الفراخ غير ناضج بمافيه الكفاية
910,وقت التوصيل اكثر من اللازم
911,الفرايز محروق طبعاً
912,الاكل سى
913,Good .
914,مش مقرمش والدجاج اسود مو طازج والطعم شي من الشارع جاي مو من مطعم له اسمه
915,فى مشكله فى الطعم مش مستوى كويس
916,زبااااااااااله زباااااله زبااااله فرع زباله
917,فاشل
918,Took too long to accept and prepare my order
919,سيء سيء سيء سيء
920,الاكل دااااائما يجي بارد وناشف
921,The fries is burned
922,الدجاج لم يكن مقرمش ابدا
923,No tissues
924,القطعة الاوريجنال كانت تقرف بس بقيت الاكل حلو جدا
925,الرز حمضان و الفراخ مش فريش الاكل بجد كان وحش و تعب مل الي اكلوه
926,الطلب اونلاين
927,fresh food
928,The sandwich and chicken weren’t fresh at alllll only reason I ate it was cause I was hungry!!
929,الفراخ كانت بايته ومش مقرمشة
930,Food didn’t even fucking come
931,"The price of the offer was different from the restaurant’s receipt, please review this case."
932,"Worst customer service ever, waited for my whole order to be delivered for over 4 hours. The main item was missing and they told le to order again then i waited another 2 hours to get 3 pieces of chicken and they made me pay agaim and then the delive..."
933,للاسف الطلبية غير مطابقة دبل دون صغير جدا حاولت نتواصل معاهم للاسف مقدرتش ، والبطاطا قليلة جدا وستريبس اصغر من اصابع ايدي وهدي حتكون اخر مرة اطلب KFC
934,اوحش و اسوء بطاطس انا عمله شكوي في مسئول الصحه الغذائيه و الفراخ القطعه واحشه اوردر غير مقبول تماما
935,مش طازج و سئ و ريحة سيئه اسوء طلب منذ سنوات
936,سلطه الكول سلو مقلوبه مع البيبسي ومبهدل الاوردر
937,The chicken was cold and very oily. There was no ketchup and no napkins and the rizo rice was burnt.
938,ELLLLL ORDER MAGAAAAASH EL RAGEL KALO
939,ده تانى اوردر من هذا الفرع الاكل حلو على غير عادة كنتاكى فى فروع اخرى
940,taste like shit
941,اسوء تجربه
942,I didnot get my order tell now u r the worest app ever
943,هو الاوردر موصلش اساسا
944,das ist sehr gut kfc
945,الاكل بارد ومتقطع مع انى منبهه
946,Waiting for 3 hours didn’t come yet fuck kfc fuck elmenus
947,The food was good but they forgot one fries
948,ماوصلش الاوردر
949,never received the order ! Menus you are very bad and worst customer service ever
950,came to late
951,الأكل كان سئ جدا
952,الاكل بارد جداا و بايت
953,The chicken we were stall and under observed. The rice was little bit changing and rizo has one 3 cubes of chicken and drops of sauce. It was awful
954,The chicken wasn’t fresh it was solid or hard
955,التوصيل أتأخر
956,أكل زبالة لو ارميه للكلاب مش حتاكله
957,ابطئ دليفري في مصر مكان غير نظيف دائما ادارة متخلفة ومهملة عمالة غير محترفة
958,i did not even receive my order till now. What ratings do you want me to give you for !!!!! for not deilveriny my order for 4 days!!! if there was negative rating i would totally recommend it to you
959,I asked for dark meat but I received a wrong order and it came very late
960,جميل وحلو جدا
961,"The delivery was quick, food is good but I ordered the double down sandwich, which in the picture it shows cheese and meat together just like any sandwich. My double down came with two chicken panee, not even stacked together like a sandwich, and doe..."
962,Simply disappointed
963,دايماً بيعملوا انه مفيش معاهم فكه عشان ياخدوا الباقي تصرف مزعج
964,مجاليش فريز و انا طالبة الاوردر كومبو لارج
965,الاكل كان مقرف بايت و ناشف مقررف
966,اسوء حاجه بجد كل مره اوحش من الي قبلها
967,سيئ جداااا جدااااا الاكل كله عبار عن زيت ، الفراخ كلها زيت و مش كرسبي خالص و البطاطس معجونة بالزيت و الفراخ زفرة و مافيش كاتشب ولا مناديل مع الاكل ، اخر اهمال بجد و بجد اخر مره هاكل منه
968,So fast but really dry
969,كبروا السندوتشات شوية بقت زى العينات
970,تمام
971,Missing extra 2 pcs strips
972,"The bucket should have been all spicy, instead it was 50/50, the pieces were all small And we didn't get a receipt with the order"
973,"Missing drink and coleslaw, made a complaint and haven't received them! What a joke"
974,رائع
975,The chicken was good
976,"Original pieces was old, and cooked in oil many times"
977,The packaging not sealed ! Was open !! I ordered 7up diet can and I received Pepsi can !
978,الطعام غير ساخن
979,سيئ جدا
980,الاكل كان بارد جداااااا والحاجة الساقعة والكولسلو سخنين
981,ى
982,الطيار ممتاز والأكل سيء
983,بجد اوسخ اوردر في الحياة بجد ايه القرف ده انا مش طالب تاني منكو
984,فراخ غير طازجة و غير نظيفة و الطلب خطأ طلبت صدور وصل وراك
985,الفراخ نشفه جدا والبطاطس مش طازجة وطريه جدا ومزيته و انا طالب صوص شيلى مايو وهما بعتولى سويت شيلى والاوردار جى من غير معلقة للكولسلو
986,bad experience
987,كنت طلباه كلو سبايسي جالي ميكس و طالبه بيبسي دايت جات عاديه
988,"Order temperature, was a little cold"
989,الاوردر جيه ناقص الوجبة الرئيسية
990,البروست بيجي مختلف في التتبيله شي مقرمش وشي عادي .. وطلبي كان كله عادي جاني واحد حراق وطالب ببسي دايت وسفن دايت ووصلني عادي الرجاء اتباع الطلب المفترض انتو اكثر ناس محترفين الثقه بينكم وبين العميل هيا الي ترجع العميل يطلب تاني
991,Not hot enough
992,الطعام بارد
993,الاكل جاي بارد و البطاطس كانت مش حلوه خالص كانت متتكلش اصلا اقسم بالله ما هاكل تاني منو
994,My order didn’t deliver!!!!!!
995,الاوردر غير المطلوب وبارد والكول سلو مبتبعتتش معا الاوردر المطعم متصل بيا يقولي بعتناها معا الاكل وقله ادب
996,الارز بارد وكنت طالبه واحد سبايسى بصوص وواحد عادى من غير صوص الاتنين جم من غير صوص وعادى تجربة سيئة فعلا
997,الاكل وصل متاخر جدا وساقع
998,اسلوب الدليفري والاكل مكنش حلو خالص
999,So bad
1000,الصوص علي الريزو مش موجود والسادوتش مطلبتوش سبابسي وجالي سبايسي بناكل علي مزاجهم
1001,I am still waiting the dest of my food!!
1002,"Very cold order, not fresh at all and late for more than 45 mins"
1003,ا
1004,"I ordered mighty tower sandwiche, but I didn't get this sandwiche. I called the restaurant several times and talked with several representatives. however; nothing happened. I paid extra money for a sandwiche that was not delivered"
1005,Kkk
1006,I ordered supreme sandwich not spicy and I got one spicy!!!!
1007,جيد جدا جيد جدا جيد جدا جيد جدا جيد جدا جيد جدا
1008,طلبت كول سلو زيادة واتحاسبت عليها ومجتش
1009,Coleslaw was bad and rotten
1010,order was very late and cold
1011,3 pieces were undercooked I ordered dark meat and 4 pieces were white meat
1012,سيء جدا لم يصلني الطلب
1013,The rice and the coleslaw were very very bad.. I threw them in the basket 😖
1014,سرعة التوصيل بس الرز كان معجن مش حلو...واالكول سلو كانت صغيرة
1015,My order came wrong after menu call who had changed it from 4 snak boxes to one
1016,Cold food Sandwichs not as we ordered Wrong info on app about adding extar sides
1017,The food was very oily and was not good as expected Taste versus cost is not compatible at all
1018,الطعم كان سئ جدا اول مرة اكل من كنتاكي و الاكل يكون وحش كدة
1019,"it was cold, the chicken pieces were small"
1020,ما وصلش اصلا
1021,The strips are smalllll
1022,"3 wings ??? in an individual meal consists of 4 pieces ! ! ! obviously it's neither fresh nor satisfying quality included, guess what also ! it had been delivered from a hardes delivery !!!!!!!???"
1023,الحقيقه الاكل زي الزفت قطع الفراخ العادي مليانه زيت بكمية رهيبه،،الاكل جاي بارد
1024,منصحش حد ابداً انه يجرب القرف ده
1025,Good quality but Small sandwich
1026,الاكل متاخر 3 سعات و الاكل كان سي جدا و جلنا تسمم علي حسب قول المستشفي بصراحه حاجه زفت
1027,اقترح مع كل اوردر حباية انتينال
1028,I have waited the whole night for the food and it didn’t came. We’ve waited for more than 4 hours
1029,كنتاكى بقا حاجه سيئة
1030,الاكل كان بارد
1031,سئ
1032,الاوردر مكنش فرش كان متسخن اكتر من مرا
1033,Bad food
1034,i hate it
1035,Terrible
1036,"All came 20 pieces of dark meat chicken and kept calling call center and no one answered , how can this even happen a 20 pieces bucket full of dark meat instead of mixed"
1037,The food came fallen in the bag And i ordered the chicken original but it came out spicy
1038,البطاطس وصل بارد جداااا وطعمه بايت
1039,اتاخر جداا .. الاكل بارد وحش جدا بجد بجد ع التأخير ده قولت الاكل هيبقي حلو وسخن حقيقي ندمت جداا أن طلبت
1040,الساندويتش كان كويس والبطاطس عادية والكولسلو وحش والرز كان وحش جدا
1041,بجد حاجة بقت تقرف الزينجر بوكس الساندوتش فيه حتة فراخ مقددة مش واخدة ربع الساندوتش و القطعة اللى معاها صغيرة و حاجة قرف بجد آخر مرة حطلب منكم
1042,تمام المنيوز رائع
1043,2 hours for delivery and the food is very bad 👎
1044,"The worst restaurant in Egypt , the order came late and the taste was very bad"
1045,الاوردر موصلش اصلا
1046,very late very bad taste ..the worst restaurant in Egypt
1047,order arrived after 2 hours and the taste is very bad ...the worst restaurant in Egypt
1048,"Till now, its been 3 hours and i still didnt receive my order The customer service and delivery are lying and keep telling me its on the way and so"
1049,مطعم و اداره زي الزفت يعني مكتوب الاوردر هنا حاجه واللي جيه حاجه تانيه و عشان مكسل يجيب اللي ناقص قلك كلام يدل علي عدم احترافيه لا المدير ار اياً كان اللي كنت بتعامل معاه
1050,The bread was not fresh
1051,المشكله الوحيده إن الساندوتش كان مش مليان كله
1052,اول واخر مرة خدمة تقرف و محدش بيساعد في حاجة
1053,Was late
1054,الاكل اقل من سيء- للاسف كنتاكي مصر اصبح من سيء الى اسوء !
1055,I did not receive the order at all... They didn't come!
1056,Promo codes doesn't apply in this restaurant
1057,الدبابيس والاجنحه كتير في القطع وطعم الاسبايسي مش حلو كان طعمها عادي مش سبايسي ارجو الاهتمام
1058,الاوردر لم يصل تجربه ابليكيشن المنيو سيئه
1059,Order was cancelled after 2 hours of waiting
1060,الساندوتش متقطع نصين من جوة و الحاجة واقعه منه مفيهوش الصوص و لا حتى باين انه اتحط عليه و وقع كاني ماقولتش حلجة ع الصوص اصلا اسوا مرة جالي فيها تويستر حقيقي
1061,اوسخ قرار خدتو فحياتي اني طلبت من المطعم ده
1062,تاخير
1063,Wores ever bun was old and chicken wasn’t hot fries was so cold
1064,"chicken was not fresh and there was one rice missing,and all the food tasted so bad"
1065,It.didn’t come
1066,غالي اوي اوي
1067,My worst food experience to this date
1068,very worst meal I ever tasted in KFC. not cooked well.
1069,الفراخ متحمره من بدري ومتسخنه ومليانه زيت وحاجة اخر قرف
1070,Late
1071,التوصيل متأخر
1072,T
1073,the cold drink was in the same bag as the food causing it to get cold
1074,I asked for dark meat only
1075,The pieces so dark very salty not good at all
1076,الاكل كان سئ جدا و طعمه مقرف اووي و الفراخ كأنها بايظة بجد اسوء مرة و للاسف مش هطلب منه تاني
1077,الاكل جه بارد جداا ومليان زيت والتوصيل اتأخر والخدمه بتاعتهم وحشه
1078,Order was not delivered!!
1079,Very dry and salty sandwich nearly without any sauce
1080,Ordred large strips and came medium the sandwhich came smaller than usual
1081,خره
1082,"All of the chicken pieces from the day before the order, it was’t fresh made"
1083,"Status is delivered and i didn’t receive the order, they cancelled the order without notification, i knew from hotline when i called to ask about my order"
1084,I didn’t deliver the ordeerr !!!
1085,Very bad taste as the food was cold
1086,فرع مول فيوتشر سىء جدا من حيث الطعم والنظافه
1087,soooo baaad kfc is a joke
1088,Cold meal again
1089,سيئ
1090,الدلفري اخد ساعه كامله عشان يوصل وكمان مش عارف عنواني وقعد يسألني انت فين والشارع الفلاني والعماره الفلانيه وكدا
1091,الفراخ ناقصة سوى ..
1092,order didnt came till now !!!!!!
1093,الاوردر كله جيه غلط و فضلت مستنيه ٣ ساعات متواصله من مكالمات و محاولات و اكلم اكثر من ٣ اشخاص من المنيوز عشان يساعدوني و مفيش فايده و برود تام عشان يصلحوا غلتطهم و يجيلي بعدها ب ٣ ساعات ياخد الاوردر الغلط و يجيبيلي الصح و كمان يجي مبهدل الاكل و اكنه...
1094,5 stars
1095,الفراخ مش طازه و اللحم ناشف
1096,Very minimal amount of barbecue sauce was added to the Rico.
1097,"The food wasn’t fresh and not tasty at all I asked the main meal to be spicy , only one piece out of four was spicy. The chicken were not marinated at all"
1098,Food was quaity was not very good chicken pieces were not fresh
1099,مزيته و تقرف
1100,الفراخ من جوه نيه و بدمها 👎
1101,The chicken is old and smelly
1102,the food was precooked and stored then heated and sent to me. the order arrived in 15 min!!!! both ppl who ate threw up after one hour. i will share this with whom ever i know because it is unacceptable
1103,الاوردر اصلا موصلش ولما كلمت المطعم قلي مفيش اوردر باسم حضرتك ولا اتبلغنا باوردر من ابلكيشن المنيوز باسمك اصلا ..وانا همسح الابلكيشن وكل عيلتي كمان
1104,بصراحة ولا ليه علاقة بكنتاكي
1105,Very bad experience
1106,the first twister sandwich was very small that's it
1107,الفراخ ريحتها وحشه جدا
1108,The sandwiches were ice cold and arrived EXTREMELY late but to be honest the sandwiches themselves were really good and the taste was phenomenal.
1109,احسن مرة بجد طلبت فيها كنتاكى
1110,worst restaurant ever and worst customer service ever
1111,The order came very cold and dry
1112,الطعم وحش اوي والعيش مش طازة والكلو سلو قليل جدا جداااا
1113,Wrong order
1114,expensive but minimal quantity
1115,bad packaging
1116,اكتر من ساعة للتوصيل . سندوتش الزنجر مفيش طعم و العيش ناشف و الفراخ بارده
1117,الفراخ كانت سوداء
1118,قرف
1119,It was cold
1120,الاوردر ناقص و مش كرسبي
1121,Need refund for the lateness
1122,لذيذ جدا ولكن ناقص مع الوجبات ثومية فقط
1123,بارد
1124,الاوردر اتأخر جدا وفى الاخر مجاش ومحدش حتى اتصل بية يعتذر او اى حاجة وكانت اول تعامل مع الابلكشن ومضايقة جدااا
1125,كان الفراخ قديم وناشف اوي وطعمو وحش
1126,الطعم سئ جدا
1127,The order didn’t come !!!!
1128,الاكل اصلا موصلش
1129,الدليفري بيتأخر والاكل بارد ومنصحش حد بيه اطلاقاً
1130,I didn't receive the food. I was promised a call back for refund. Noone called me.
1131,الاكل كان بارد اتمنى مره تانيه يكون ساخن
1132,ياجماعه فعليا في حاجه غلط الاكل طعمه حلو بس بعد الاكل مغص فظيع ودخول حمام الاكل فيه حاجه غلط من اسوأ التجارب فعلا
1133,الاكل بارد و طمعها مش حلو
1134,الاكل وحش جدا
1135,جيد
1136,الاكل كان بارد جداً و التغليف كان مفتوح و عيش الساندوتش كان مقطع
1137,الاوردر كان ناقص بطاطس
1138,Was one of my worst experiences with KFC
1139,I ordered a plain sandwich and it wasn't
1140,Was very bad☹️
1141,"Late, cold, not spicy and the chicken was too fatty"
1142,4/5. My notes were disregarded though.
1143,جالي تسمم منه بجد اسوء مكان
1144,لو في حاجه اقل من الزيرو فا دا هيبقي مستوي خدمه فرع ارابيلا فعلا الاوردر جايلي غلط و حتي الرز ابسط حاجه مليان توم و مقرف بجد اخر تعامل مع كنتاكي
1145,Note ignored
1146,"it was decent but I have 2 issues 1. this branch in shorouk is not consistent sometimes the order is hot sometimes it arrives cold because if terrible system and incompetent management, also why is KFC making the rice without onions for same price?!"
1147,زا
1148,الاكل جاى ناقص
1149,الفراخ طازجة جدا وسخنه وطعمها حلو
1150,the order wasn't fresh at all
1151,قطعتين من الفراخ لونهم غامق و مش طازه تماما
1152,سيئة جدا 👎 سيئة جدا بازوكا احسن بكتيرر منكم
1153,الصوص
1154,الاكل بارد جدا - وطلب غير المطلوب
1155,البطاطس ناشفه و وحشه جدا حرفيا ناشفه ناشفه مش طبيعي
1156,اسوأ مرة
1157,حجم القطع بقت صغيرة
1158,الاكل سيي جدا
1159,NEEDS TO BE MORE HOT ON DELIVERY I LIVE 1 MIN AWAY FROM THE BRANCH !!! لما الاوردر یوصل مش سخن واحنا دقیقه من الفرع ده معناه الادراه ای كلام ولازم تتغیر
1160,😍😍
1161,Great
1162,very dry chicken
1163,Everything tasted good except the fries we’re soggy and flavorless. And the rice didn’t have enough chicken or sauce
1164,الدليفيري اتأخر جدااااااااا
1165,طعم وحش جدا
1166,يعنى ٤ قطع تبعتها ٢ جناح ايه شغل الحرميه ده
1167,The order was very cold Ana I thought it I want another order freee😭😭
1168,Poor quality
1169,the sandwich came without the mozzarella sticks
1170,الاكل مش فريش ومش حلو
1171,Antinal
1172,الأوفر كان ٢ قطعة دجاج و قطعة استربس اللى وصلنى كان ٣ قطعة استربس فى العلبتين
1173,بطاطس نايه والاكل بارد
1174,بارد وقديم
1175,Delicious Food
1176,الفراخ من جوه مدممه وتقريب متكهربى مش مدبوحه بشكل طبيعي كلها دم من الداخل والتسويه زيادة عن الطبيعى الفراخ متحمصه زيادة من بره ودم كتير من جوة
1177,small portions than expected
1178,👍👍👍
1179,"the chicken were not well done , found blood inside the chicken"
1180,small portions cold meal
1181,cold meal
1182,Did not receive order
1183,كان سيء جداً ومجروق
1184,Too oily
1185,اوجش مره اكلنا فيها كنتاكي بجد البطاطس مجلده وطعم الفراخ غريب بجد سيئ جداااااااا
1186,الفراخ كانت سيئه جدا جدا جدا👎👎👎
1187,Too much wings
1188,"I ordered mighty zenger, one of the chicken pieces was almost raw, fries were soggy and so oily. I ordered coleslaw which they forgot to bring with the order, when they did later i found the cabbage to be very old and it even had a brown color I swea..."
1189,Missing items
1190,المعادى شارع النصر هو اسواء فروع كنتاكى على الأطلاق من سنين ومش عايزين يهتمو بيه
1191,طلبت من الخدمه ان القطع تكون من غير احنحة او كلها تبقي دارك ميت وبرضو بعتولي اجنحة
1192,Very bad taste and portion
1193,الطلب بعتوه على مرتين و مزيت و حاجه صعبه اسوء مطعم في الدنيا بصراحه لا انصح به ابدا
1194,food is shit
1195,كنتاكي رجع تاني
1196,Sandwich was burned Chicken strips were not spicy
1197,الساندوتشات كانت بايظة
1198,انا قبل ما الاوردر يجيلى اتصل بيا واحد من فرع السيدة زينب عشان الاوردر و قالى هحولهولك على الزيتون عشان انا ساكنة هناك كان صوته عالى و طريقته وحشة و بعد ما الاوردر جالى ناقص اللارج فرايز مع انها مكتوبة فى الفاتورة و انا حسبت عليها حسبى الله و نعم الو...
1199,انا طلبت زنجر بوكس و طلبت معاه بطاطس لارج ب ٢٤ جنيه و الاوردر جه من غير البطاطس و لما بصيت على الفاتورة حسبين البطاطس و مكتوبة فى الفاتورة يعنى انا دفعت حق الفرايز و مجتليش و التاريخ مكتوب غلط على الفاتورة و بالنسبة الزنجر بوكس فالرز كان قليل جدا جدا...
1200,كنت عايزه الغيه ومفيش عالابلكيشن اوبشن ان الغي اصلا ولما كلمتهم طلبت ان الغي قالو مينفعش مع ان بعد ما طلبت عالطول
1201,"This is the second time I order having the same complain , food quality is not good and always cold - I also received the wrong sauce not what I ordered"
1202,خدمه زي الزفت وبجد من اسوء المطاعم ع مينوز طلبت اوردر الساعه 7بكلمهم 9ونص يقولي اتلغي ازاي يعني
1203,الفراخ بتنزل زيت والرز ولا اسوء الاكل مش نظيف
1204,Fries and coleslaw were spilled upside down and fries oil covered all over the 2 Pepsi cans. And half the coleslaw waisted in the paper bag :(
1205,الاوردر اتكنسل لوحده ازاي دة بقا..........................؟
1206,صوص الجبنه خفيف جدا
1207,كان سيء
1208,الاكل وصل بارد جداً والوجبه كانت كلها اجنحه
1209,وقت التحضير و كل شيء متأخر و سيء حتى البطاطس محروقة
1210,i order orginal they bring spicy order
1211,Food was cold not fresh as i asked .. the drink was kinda hot Worst experience ever! Will never order from them again
1212,الأوردر زي الزفت طعم وتغليف وجاي غلط بصراحة يقرف
1213,It was very slow but good
1214,Very very bad taste
1215,I ordered 12 spicy pieces and got 6 spicy and 6 original
1216,The chicken was a bit raw
1217,chicken is small coleslow has no carrots apple pie got no sugar on it and has less filling inside
1218,The order sent missing 4 pieces of chicken
1219,الاكل سئ جدا و ده اخر تعامل 👍🏻
1220,👍🏼
1221,I received a diet pepsi instead of the diet 7up
1222,No pepsi and coleslaw
1223,جالي واحد من الارز كله واقع في الpaper bag
1224,الاكل بارد و حادق جدا و زي الزفت
1225,الاكل كان بارد وبه زيت كثير
1226,The food was great however it took more than an hour to have it delivered and kfc is just a few minutes away.
1227,mighty zinger was not fresh
1228,chicken piece is too small
1229,موصلش لحد باب البيت بضبط
1230,"you're the worst honestly, MOST of my order was wings and drumsticks, total waste of money, there was no ketchup or even spoons!!"
1231,the bread was very small not like before !!!
1232,The taste was very bad
1233,الصوص لتاني مرة اطلبه و ميجيش
1234,وحش وكلو دبوس واجنحه والقطع صغيره سي سي سي
1235,Food is cold
1236,الاكل كان سىء جدا
1237,رر
1238,Very veryy latee
1239,كنتاكي اسوا
1240,fries size was wrong
1241,Cool sandwiches
1242,Took 2 hrs and half!!!!!!!!!!!!
1243,زفت الزفت ايه القرف دة
1244,It was horrible experience :(
1245,I ordered original recipe but KFC sent me Spicy 🥵 and my stomach is burning now :(
1246,غالي اوي ليه 3 قطع ب120 جنيه
1247,الفراخ كانت ريحته زفره ووحشه جدااااااا وبطننا وجعتنا
1248,فراخ سوده و الاكل حمضان و حاجه استغفر لله يعني ..
1249,Gamed
1250,الاوردر اتأخر ساعتين و كنت طالباه عادي وصل كله سبايسي و اترمي
1251,i got 5 wings in 8 pieces one box got three wings
1252,ريحة الفراخ تقرففففففففف و بتنزل مية كانها مش مستوية و جابت لنا اسهال مع اننا مكلمناش اكلها..
1253,I ordered it spicy not original and the taste was so bad and I found a blood clots in the chicken and the fries was so bad
1254,اكل بارد .. جوده سيئه .. بيبسي سخن.. بطاطس بارده
1255,اخد ساعتين وقت التوصيل
1256,The sandwich was damp and not fresh at all it came cold same goes for the fries . I was very disappointed
1257,Tohfa bgd w geh bsor3a awii wl akl kan shoghl w hlww
1258,it was so late I told them not to bother bringing it
1259,3 ساعات وشوية والدعم بيهرب مني والطلب في الاخر جه غلط
1260,Don’t eat there food is disgusting see the photos
1261,Food was so late and so cold
1262,Food was cold on arrival
1263,Order not received.. disgusting service & poor management
1264,the food was cold and very bad
1265,KFC is really ugly .. I got sick after eating it!!
1266,الأكل سئ جدا ... وسعره اوفر .ووقت التوصل كتير جدآ...اخر تعامل مع كنتاكي
1267,كان الفراج مش فرش وملحة جدا وبارد
1268,الاكل كان ساقع جدا و زفر
1269,عايزة اوردر حار بزياده ده مكانش حار
1270,I asked for extra sauce and was delivered two rizos with no sauce what so ever 😔😔
1271,الاكل بارد جدا رغم انى ساكن جنب الفرع والاكل سئ ومش طازج ودة باين جدا فى الطعم بالاضافة ان قطعة الفراخ جزء طعمة عادى وجزء اخر مملح جدا
1272,كان حلو اوي
1273,"I didn’t receive the Pepsi, the fries and the sandwich were cold and tasted awful"
1274,الاوردر اتأخر اكتر من ساعة ونص وبعد كل ده جاى بارد فرفصت استلامه وبعد شكاوى لاكتر من ساعة كمان ووعود انه حيبعتوا اوردر غيره فات ساعة وبردوه مفيش حاجة وصلت
1275,الاكل كان كويس بس للاسف نسيو العيش bun مع اني طالب عيش زياده لكن نسيو الاساسي والزياده اللي طلبتو .. عملت شكوى على الهوتلاين عشان صعب اكل فراخ بدون عيش خالص وقاللي حالا هنبعتلك العيش واسفين، بس للاسف فرع الرحاب اللي نسي العيش غلط تاني واتاخر اوي !!
1276,Taste is awful
1277,The food was cold and not tasty
1278,Their Salad is becoming very bad recently
1279,اسوا تجربة بجد
1280,سيئ جدا الاكل سيئ جدا جدا
1281,very bad chicken
1282,خدمة سيئة تاخير في كل شيء
1283,The fries was so cold the chicken in the sandwich was warm or semi cold
1284,وجبة عادية خالص أو اقل من العادي ، ليست بالجودة المتوقعة ، طلبت مشروب دايت واللي جالي مش دايت ، سعر عالي جدا مقابل قيمة قليلة جدا ، كنت أعتقد أن كنتاكي بمستوى افضل بمراحل كثيرة ، ولكنها خيبت ظني ، لا اعتقد اني سأكرر التجربة ، شكرا
1285,not good enough
1286,اسؤ تجربة فب حياتي و مش هتتكرر
1287,الاوردر اتأخر جدا و جه بارد الريزو بايظ وريحته بشعة و الفراخ مش كريسبي خالص و بايته !
1288,للاسف خدمة سيئة طلبت الاوردر اون لاين الساعة 4 وبعد ساعتين لم يتم توصيل الاوردر في الميعاد الساعة 6 وبعد ذلك اتصلت 19019 وارسلت شكوة للتأخير وللاسف الشديد مرة نصف ساعة بدون رد او توصيل الاوردر فذهبت للفرع الذي يبعد عني 500 متر وقابلة مدير الفرع و...
1289,الاكل كان وحش علي الاخر والريزو اللي طلبته كانت كميه قليله جدا عن الطبيعي وحاطط كميه قليلة جدا من الصوص والفراخ تحسها كانت بايته مش فريش ولا كرانشي خالص دا غير وقت التوصيل الطويل وكانت تجربه سيئه جدا مستحيل اطلب بعدها تاني دا
1290,سوري بس كان مقرف اوي و وصل متأخر جدا بعد ساعتين تقريبا من الطلب! و الحاجه جات مفعصه و بارده طبعا يعني و قبل كده طلبت اوردر جات حاجه ناقصه و عملت شكوى و محدش تابع معايا
1291,موصلش اصلا
1292,اتاخر جدااااا لحد ما جيه
1293,اخر قرف واوردرات مقرفه تأخير وكنسله بجد بقا حاجه تقرف
1294,The coulesloue did not taste as expected & the fries and bread weren't fresh the total order was very cold
1295,i paid for a diet pepsi and i did not receive it
1296,Order did not arrive till now !!! Worst service
1297,"I never received the order, you sure have a problem to be fixed!!"
1298,الرز والكول سلو مستواهم مش جيد ارجو تحسينهم
1299,الاوردر موصليش اصلا
1300,اسوء مطعم ممكن تطلب منه بعيدا عن ان الفراخ قديمه و مش طازه الاوردر جه بعد ساعتين و نص وكمان الفراخ شايطه ريحتها تقرف كولوسلو بايظ
1301,اسوء وارضاء خدمه
1302,الاكل موصلش اصلا
1303,الاوردر متأخر….ساقع جدا…البطاطس طرية و كأنها طلعة من الميه….السندوتش مفكوك من بعضه…..أسوأ اوردر
1304,Late delivery and it was so bad
1305,Everything was almost bland and the sauce in the Rizo was merely a teaspoon 😒
1306,Came too late and the food was cold
1307,Missing fries and bun
1308,اسوأ مطعم واسوأ تجربه والاكل مابيوصلش ولو وصل بيكون بارد وزفر والقطط ماترضاش تاكله ما انصحش اي حد بيه وفر فلوسك وكل من مكان محترم اكل نضيف
1309,some expired chicken pieces
1310,الاوردر وصل بعد ساعتين و٣٣ دقيقة وخدمة العملاء تأكد انه خرج والمندوب يقول انه لسه حيطلع من الفرع
1311,مجاش اصلا
1312,الاكل مكنش احسن حاجة، كان بارد و فيه زفاره و بايت
1313,el akl geh 3la tol w sokhn
1314,i didnt recieve my order
1315,الطلب اخد اكتر من ساعه ونص علشان يوصلي
1316,"One of the boxes came torn and open… Nothing was missing, but it was weird to have it like that even for cleanliness sake. Thanks"
1317,الفراخ كانت زبالة
1318,الاوردر موصليش وانا طالبه من الساعة ١ونص
1319,الاكل وصل بارد، قديم و ناشف. كلمت المطعم لتغيير الاوردر و على اساس انو يبعتو بدالو، لكن ما حصلش. الطعم و الجودة سيءة جدا و طعمو مش كنتاكي و لا شوي
1320,والله أعفن مطعم وأوحش أكل حسبي الله ونعم الوكيل فيكم ومشغلين ناس مبتفهمش ولا بيحل مشاكل ولا يستحق وظيفته حسبي الله ونعم الوكيل فيكم عالم معفنة كتكم القرف،قعدتو تأخرو في حل المشكلة لحد مالفرع قفل مش عارف أقول ايه وحسبي الله ونعم الوكيل فيكم إن شاء الل...
1321,البطاطس معجنة وكلها زيت والأكل بارد وقديم والخبز ناشف ،بصراحة أوحش أكل شوفته في حياتي والإدارة غير مسئولين
1322,الاكل جاي بارد
1323,Horrible one of the worst services ever
1324,The original pieces were not fresh and not tasty at all😟
1325,كله ممتاز
1326,الاكل دايم يوصل باااارد
1327,Rezo was awful and very low quality. coleslaw taste and texture was very bad. fried cgicken did not taste like KFC at all. it was a bad experience.
1328,الريزو بايت و معجن و الاستربس قطع نصف سانتى جاقه مجلده البطاطس بارده و مجلده و الاصابع رفيعة جدا درجة تانية.. اكل مقزز جدا و ثقتى فى منيوز اتهزت قدمت شكوى و لم اجد الا الكلام الدبلومسى بلا فائدة عملية..
1329,Very very bad quality
1330,wonderful
1331,Order arrived late and was cold
1332,للاسف من سيء الي اسوء الفراخ مذيته لاء انصح به
1333,Bad service
1334,الاوردر مجاش اصلا
1335,Very bad order... spoiled food...the desert not received!!
1336,الاوردر موصلش اصلا !!!!
1337,الخاس دبلان وطعم وحش
1338,the fuckin order wasn't fuckin delivered you stole my money from my card and didn't deliver shit
1339,😋
1340,التوصيل تقريبا اخد ثلاث سعات
1341,الوجبة غالية وكمية الأكل قليلة جدا، تجربة مش هتتكرر تاني بإذن الله
1342,اكل حلو
1343,اقسم بالله اسوء اوردر دليفرى طلبته فحياتى الاوردر كله بايت الفراخ والبطاطس والعيش وياعتلى ه دبابيس و٣ اجنحه فى اوردر ١٢ قطعه المفترى ....حسبى الله ونعم الوكيل مش مسامح اللى عمل كدا ولا مسامح فى الفلوس
1344,After confirming the order they called and waiting for an hour they called to tell me they have no delivery and had to cancel my order!!! How ridiculous such bad service and from KFC none of the less
1345,الاوردر وصل متاخر والساندوتش كان متبهدل ومش سخن
1346,cold sandwich and not Tasty
1347,لسة ماجاش
1348,الاكل سيء جدا وبارد والكوليسلو وحشه اوي والبطاطس وحشه
1349,مجاش اصلاً
1350,Food is not fresh
1351,الطلب وصل بارد ومتأخر
1352,TOHFAAA AWEE BGDDD
1353,Food was not fresh
1354,إهمال ما بعده إهمال....بءس المطعم
1355,very good and the delivery man was very helpful
1356,حتى بعد اتصالكم غير مهتمين ... كسفتوني قدام ضيوفي
1357,انا كنت طلب الاوردر حار
1358,not fresh rizo not fresh chicken
1359,الطعام بارد و غير طازج
1360,the food was really nice it was hot but the coleslaw was not that great and they forgot the drink to be fair the delivery man was really nice
1361,"I asked for specific pieces , but all came wrong"
1362,mahmoudahfiz@gmail.com
1363,البطاطس جايه نيه وحشه جدا والفراخ مش متبله ولا مقرمشه خالص حتى فطيرة التفاح جايه حاجه مقليه وخلاص فين القرفه وفين شكلها اصلا
1364,اسوء خدمه
1365,الطلب وصل ناقص و كنت طالبة بدل لم يحصل😡😡😡
1366,so bad experience
1367,Missing sandwich
1368,I ordered a regular twister they brought me a spicy one
1369,اوسخ وازبل مطعم في الكون كله يازباله اطلب فطار من الساعه 2 مايجيش وافضل صايمه ربنا ينتقم منكوا ان شاءالله
1370,"Fries horrible , old and tastes bad . One chicken is old , dry . Very bad . Other one was good"
1371,The taste was very bad and the food was very cold
1372,"Fries were literally like plastic, Tasteless chicken and very oily."
1373,جدًا سيء وتم وضعه بالزباله بسبب انه غير طازج وبارد ومليان زيت 👎🏻👎🏻👎🏻 اتمنى التعويض
1374,اسوء اكل أكلته في حياتي فراخ مسودة والله و بتشد والبطاطس مجلدة الفلوس اترمت في الأرض
1375,It was almost two hours late and cold
1376,منصحش حد يطلب في رمضان .. بيجبوه عالفطار بالظبط بس بيجي بارد وسيء جدا و ميتاكلش .. الفراخ ساقعة .. والبطاطس متتاكلش .. حتى الكل سلو مش ساقعة و طعمها سيء
1377,Bad Cold
1378,"They always get confused with the branch and address, but The food comes hot and typically spicy 🌶"
1379,البطاطس سيئة جدا باردة ومعجنة و البوكس غير مليان الكول سلو خارجة من الفريزر حرفيا مثلجة الريزو معجن وسىء وبارد وقطع الفراخ قليله جدا عن المعتاد البيبسى ساخن والفراخ باردة..اوردر سوء تماما والسعر غالى
1380,As I selects
1381,Order arrived with missing items and didn’t consider the special note or requirement
1382,He’s a great driver
1383,tasteless
1384,Spicy was quite good but regular was not fresh
1385,سيئ للغاية
1386,"i was surprised by their attitude, after waiting for 45 min. they told me that i am out of zone i offered to pay extra fees but they didn't respond and cancelled my order, even after talking to their manager, worst restaurant and customer service"
1387,الاوردر جه بعد ساعتين والمطعم علي بعد ربع ساعه
1388,موصلش طلب
1389,جالى خلال ساعتين ونصف ل ٣ ساعات وكان السبب من عند المنيوز
1390,جاللي الأوردر ناقص وخدمة العملاء سيئة جدا
1391,انا طلبه الاوردر من الساعه 9 ولحد دلوقتي مجاش وانا لو مش عايزه ومش هستلمو دي قله ذوق وعدم احترام للمواعيد كل مره اطلب من الابلكشين ده الاكل يتأخر بالشكل ده ويجي سئ جدًا
1392,الاوردر وصل بعد ساعتين الا ربع و بارد للأسف تجربه سيئه جدا جدا
1393,Chicken was tasteless and it wasn’t even chicken just some crunches! Never repeating this
1394,الاوردر اتاخر جدا و القطع مجتش زى مطلباها و صغيرة جدا جدا اكنه بواقى بجد كانت حاجة سيئة جدا جدا
1395,أسوأ اكل طلبته في حياتي
1396,مافيش مناديل.. دي مش نصاحة دي عفانة 😁😁و أكياس الكاتشب جوه علبة بيستيك حاجة سيئة
1397,كان بارد
1398,سئ جدا
1399,الاكل كان وحش جدا جدا تقريبا بايظ والدليفري اتأخر ساعتين مع ان في فرع جمب البيت .. نصيحه محدش ياكل من كنتاكي تاني عشان بقي ميتاكلش
1400,I ordered 2 mighty zinger sandwiches but received one and called the customer service and they told me they will send it but nothing happened
1401,ايه القرف ده زفاره وطعم زفففت فلوس علي الارض والاوردر اترمي
1402,البطاطس كلمة قذرة دي قليلة عليها.. كلها ناشفة ماتتاكلش .. مالحفة...كلنها طالعه من الباسكيت مشً من زيت.. معظمها محروق.. و مصوراها عشان ميبقاش الكللم من غير دليل الفراخ مقرفة و الساندويش مفيهوش جبنة زي ما هو مكتوب
1403,الاكل كله مقلوب جوا الشنطة وقطع فراخ صغيرة وشاربة زيت وصوص التوم طعمه حمضان وحاجة تقرف
1404,اوردر وحش جدا جدا جدا والاكل جه خطأ
1405,الاكل كان ني و سئ جدا و سببلنا نزلة معوية
1406,"Thought they will put just wings, but they added like 13 good pieces out of the 16 which is okay haha"
1407,Order received vey very late and is very cold will never order again from such desgusting restaurant
1408,البطاطس بارده ونازلة
1409,it seems that someone edited my location on the app from the support team and bc of it my address got mixed up so i waited for an hour and a half for my order then it got cancelled. i’m very disappointed as i always order on my address and i don’t un...
1410,It was the worest thing i've ever had
1411,جميل جدا
1412,order arrived fast was warm but the drumsticks weren't fully cooked. not the first time though
1413,"The order was really bad. The chicken was bland, old, dry. My order was mixed. I did not get any spicy prices. I am extremely disappointed. That was one of the saddest meals I have ever had. Does not deserve the money I paid."
1414,الفراخ مش نضيفه ورجعت الاوردر مرتين
1415,fries came completely burnt.
1416,التشكن كلها زيت و بارده جداا مش سخنه
1417,"Sandwich literally came the bread alone the chicken alone and the lettuce alone, bread wasn’t fresh at alllll it was like eating plastic! W bardo the fries , it was a generous amount but it lacked flavor"
1418,ولا جاب لحم ابيض ولا حط صوص الريزو بره كالعاده فرع زي الزفت
1419,اسوئ مطعم اتعاملت معاه بجد حاجه وحشه جدا خساره فيه نجمه اصلا بجد يتقفل احسن ده فرع تحت السلم يا جماعه
1420,الأورد متأخر والأكل بارد جدا والأرز معجن وطعمه مش لطيف
1421,اسؤ مره الدجاج بجد حاجه مقرفه جدا جدا مليان دم وريحتو وحشه جدا
1422,The food was very bad and cannot be eaten.
1423,تم وضع الببسي مع الاكل السخن الببسي اصبح سخن والاكل برد
1424,سيئ جدا الاكل بارد و واضح انه مش فريش
1425,the food was soo salty and dry it tasted like i was eating left over food from the day before. super dry and so salty it was the worst meal i ever had
1426,I specifically requested something in the comments and was disregarded
1427,so late
1428,اسوء ساندوتش بجد مقرف
1429,العلبه مفتوحة من تحت والاكل بيقع منها الاكل كان طعمه حلو بس بارد جدا جدا والستريبس مكنتش متحمرة كويس من برة مستوية اه من جوة بس بيضا من برة الطيار ممتاز ومحترم جدا
1430,Bad
1431,Order was late. No one has a clue where the delivery guy is. I had to wait 3 hours for my food to arrive.
1432,الاكل مقرف
1433,was very late but the food was amazing
1434,H
1435,اسوء فرع و مفيش تيست كنتاكي اصلا ، و الرز في البوكس من غير قطع الفراخ ، و قالولي هو من غير قطع !!!!! بصراحه حرام الفلوس الي هتدفع
1436,The meal was cold !! Taste was good overall
1437,"the food wasn't fresh anymore, and i ordered one one original mighty zinger box, and one spicy... i received both spicy boxes."
1438,الدجاج غير طازج تماما بصراحة وينجز وبازوكا وهارت أتاك أفضل من كنتاكي بمراحل مع الأسف كنتاكي أصبح مجرد إسم فقط لكن يفتقر إلى الجوده
1439,the food is so fresh and jusy and so so yamy
1440,"The rice was burnt, I ordered the sandwich regular and it was spicy and also the chicken was a little bit stale"
1441,الرز حمضان ومتسخن رميته و الفراخ بردو بايته ومتسخنه
1442,ساندويتش المايتي سئ جداً من الفرع ده و الفراخ نيه مش مستويه و طعمه استغفر الله
1443,"The worst food I have ever tasted, I regret ordering it and I will never do it again"
1444,overpriced
1445,الوجبة سيئة جدا للاسف و ساندوتش تويستر قطعة الدجاج ناشفة جدا و باقي الاكل مش مستوي كويس
1446,just ordered today and it was the worst. the twister sandwich is literally without chicken and not well wrapped.
1447,اسؤء مطعم الفراخ مش مستويه اهتموا بفراخ شويه من ناحيه تسويه الفراخ
1448,اسوأ مره اكلت فيها من كنتاكي الاكل بارد وبايت والبطاطس بايته ومحجره اهمااااااال فظيييييييييع
1449,كنت طالب وجبة ٣ قطع فراخ ، جاية قطعتين منهم جناح والتانية عظم في عظم حرفياً !!
1450,The worst service ever and very rude in handling the claims. After and hour of our order we call them and they say that the order to out for deliver then after another 40 minutes when we call them they simply say “asl we don’t deliver to ur area” an...
1451,الاكل اللي بيوصل بيكون بايت و الاوردر مش بيوصل مظبوط
1452,"The food taste too bad ,too oily the most bad experience for me with kfc!"
1453,"The worst chicken i have ever eat , it was very small and tasts very bad"
1454,صفر ولو في أقل من الصفر اكل بشع أوردر مش فريش كل الاوردر عباره عن قطع صغيرة جدا جدا وكأني مش دافعه فلوس
1455,Very small pieces! Smells bad and tastes worse!
1456,"Got food poisoning , regardless of the absolote worst taste of non fresh smelly chicken"
1457,"The last couple of times , the chicken was super salty and flavorless , also i could barely find the sauce , sandwiches were so dry"
1458,Very small peaces most of them are wings
1459,Very happy
1460,Food is cold and not nice
1461,Tnx
1462,"Very veryyy bad The delivery is bad “ late & attitude “ Costumer service, very bad Taste very very bad EVERYTHING IS BAD"
1463,الاورد جه ناقص البطاطس الاكسترا ومدير المطعم قالي هنخليها للاوردر الجاي
1464,Did not arrive !!!!
1465,Not fresh cold and wrong item
1466,I contacted someone to change my spicy sandwitch to be original and the one i took was spicy
1467,"Tha taste was very bad, there is blood in the chicken and the food was cold"
1468,Very bad taste
1469,Was not hot at all and arrived after two hours
1470,الالتزام بالوقت زفت
1471,تحفه جدا
1472,The food was ok but the garlic dip was bad.
1473,Al ket3 so8era awy bl nesba le se3ro maysthlsh
1474,"Different ingredients, I asked for all of them as spicy but one of pieces is regular and the cola came regular and I asked for diet one, otherwise all are great - thx"
1475,الطلب كان ناقص و اتصلت اكتر من مره على خدمه العملاء و اتاخرو كتيير و الاكل كان بارد و الساندوتش كان ناقص عليه صوصات
1476,الاوردر اتأخر جدا
1477,حاجات فى الاوردر غلط
1478,Was not fresh enough
1479,تأخير
1480,الاكل بارد شوية
1481,الطلب وصل مختلف
1482,الاوردر وحش جدا و بارد و طعمة بقى وحش avoid.. bad management and customer service
1483,The order was very late and not fresh at all
1484,food was cold and not well sealed
1485,The ORIGINAL filet sandwich was spicy & my child couldn’t eat because of this mistake!!!
1486,الفراخ كانت محروقه و السندوتش الفراخ كانت نيه
1487,Bad delivery
1488,الاكل جه بارد بعد ساعه و نص
1489,Order didn’t arrive
1490,the rice was very strange and full of water then the chicken so hard on my teeth ... sorry the order not well
1491,Food was absolutely terrible.
1492,حاجه زباااااااااااله بججد جداااا دا لو اكل كلاب مش هيكون بالظفاره دي
1493,Came a little bit cold
1494,سى جدا بارد ومش فريش
1495,طلبت الاوردر الساعة ١٢:٣٠ مساءً و معاد الوصول كان ١:٣٠ لحد ٣:٣٠ مستنية الاوردر يوصل و كل ما اتواصل مع حد من المنيوز يقولي ربع ساعة و يكون وصل و الاوردر موصلش خالص ولا حد كلمني ولا حد اعتذر و مش هستخدم المنيوز تاني
1496,ليس طري
1497,الاورد ماوصلش والفلوس مارجعتيش ابليكيشن حراميه
1498,They got me the box without the chicken piece
1499,food was cold. packaging was terrible. taste was awful
1500,كنتاكى من أسوء محلات الفرايدشيكن .اولا غالي اوووووى.ثانيا مش بيطورو من نفسهم خالص. الاكل حرفيا كل مره بيبقي أسؤ من اللي قبلها.معامله زفت.مع أن المفروض انو كان من اول المحلات اللي كانت الناس بتحب تأكل عندهم فراخ وكان متخصص . الغريبه بقي انو بقي عارف ا...
1501,Rizo spicy sauce was bad
1502,الاكل حمضان و سئ للغاية... و اترمي في الزبالة بسبب طعمه .. شكرا لعدم احترام كنتاكي
1503,تويستر بارد الخبز يتفتت وقديم ومتعفن كمان
1504,الاكل بايظ فى انتظار الديلفرى ياخده و يرجعلى فلوسى حالا
1505,بعد نص ساعه من الطلب كلمني حد من الفرع يقولي مش بنوصل للمكان 😡😡😡
1506,Do ling
1507,The food was so bad!!!!! I give it a ZERO out of 10 and i don’t recommend anyone should buy anything from KFC! الاكل سئ جداً جوده و كل حاجه و اخر مره اجيب حاجه من المكان ده...👎
1508,"there were two breasts ( one over fried ) and a wing ,"
1509,Cold fries as always
1510,الوقت خد ساعة ونص مش هطلب تاني …
1511,lol i paid 300 le for 3 sandwiches! and the funny part was how shit they tasted even though I'm paying top price. KFC is a joke ZEEROO VALUE OF MONEY!
1512,الوقت كان طويل جذاً الطيار عطلنا بسبب انه بش عارف يوصل وايضاً انه لا يعرف ان الاوردر مدفوع فيزا ،
1513,الاكل بايت وسئ جدا ، مفيش وايبس او مناديل
1514,Very bad fries
1515,the chicken in the mighty zinger was not cooked well there was some raw parts in the chicken
1516,بس التوصيل بطي جدا
1517,بجد قرف اسوء مرة كلتها في حياتي. ........
1518,Late and the food was too bad
1519,The taste was so bad
1520,الاوردر كان محول علي عنوان اخر
1521,الاوردر اتاخر جداً وجي بارد وطعمه وحش جداً
1522,ممتازه
1523,وحش جدا
1524,كان يارد بسبب السقعة وانا مقدر ان الجو كان صعب.
1525,ordered white meat but didn't get it
1526,The rice was spoiled and have bad smell
1527,الاورد جاي بارد و والبطاطس موصلتش ولما كلمتهم بدلو السندوتش بواحد بايت و متسخن و معلوش الاضفات بتعتو جواه فراخ بس و العيش مفرول اقسم بالله اوردر قذر رميته
1528,اسوء اوردر طلبه في حياتي
1529,Very bad quality !!!!!
1530,"Worst experience ever, the food is late, soggy oily fries, the sandwich doesn’t taste good, and the Pepsi wasn’t even refrigerated."
1531,ناشف وفي جزء ماستوى بمايتي زينجر حاطين بس حبه كتشب على ٤ ساندوتشات اسوء فرع جربته
1532,بيوصل بارد
1533,More than one hour Food was cold
1534,Stomach pain for two days dont know what they put in that sandwish
1535,السندوتش كان مش جواه اي بطاطس خالص
1536,الاوردر متأخر و واصل نصه غلط وباعتين حاجات سبايسي واحنا مش طالبينها ونص الاوردر تاني الفراخ ناشفه والعيش بايت حتي المشروبات كنا طالبين حاجات مختلفه كل اللي وصل بيبسي واذا كان عاجبنا ودافعين اد كده في اوردر كبير حتي السندويتشات كلها ملفوفه من غير ماي...
1537,الطعم تمام
1538,"one of the worst experiences of food delivery i have ever experienced, late delivery, bad quality, cold food, the rice was expired and gone bad. madinaty branch should be renovated and all the staff should be changed. There was also a used tissue ins..."
1539,The food was delivered cold. No taste I couldn't finish it
1540,الخبز لم يأت مع الاوردر والاوردر مش فريش
1541,the food was cold
1542,el drink geh gher el tlbto.
1543,very late delivery
1544,سئ للغايه وبايت ومليان زيت
1545,The fried chicken was good but fries were not good and tasted like it wasn’t fresh! Also the order arrived after 2 hours!!
1546,الاكل اتاخر جدا و كله بارد
1547,Food was too cold and Rizo didn’t taste as good as before
1548,الاكل وصل متأخر وبارد جدا وطعمة غريب جدا وكلمت الشكاوى من ساعة وقالولي هنتواصل معاك ومفيش اى حاجة حصلت
1549,nothing
1550,الاكل وصل بارد جدًا
1551,The french fries didn’t arrive
1552,2 hrs to be deliverd .. bad quality .. very bad resturant
1553,everything
1554,"The Zinger burger was really lacking in flavor, the supreme fillet was stunning. The fries were bathed in oil, and tasted horrible."
1555,الطلب ناقص المياه المعدنيه والتوصيل بطيء جدا والاكل بارد
1556,too late
1557,No original spices at all. Anybody could make better fried chicken. I think the managers don't even know what original KFC used to taste like.
1558,حلو بس بارد
1559,من اسوء فروع كنتاكي على الاطلاق كانت تجربه سيئة للغاية لا انصح بالتعامل مع هذا الفرع الاكل بايت والفراخ مجمده ويضع كل القطع اوراك فقط لرخص ثمنها
1560,It was too late and very cold meal
1561,ساعة و نص كنت خلاص بموت من جوع ، بسبب التوصيل المتاخر انا قابلت المندوب بشكل وحش ليييه يحصل كدة ، دة طبعا علشان الاكل جي متاخر بقي بارد ليييه بقي التاخير دةةة
1562,food was cold
1563,"the fries was so bad ,also the amount ."
1564,The order delivered late and the food was cold
1565,Just perfect
1566,Super greasy and bad taste.
1567,I ordered classic big filler. I received jalapeño big filler
1568,worst experience...
1569,الفراخ ناشفه جدااا
1570,The bread and chicken were dry
1571,شكرااااا جزيلًا
1572,Old bland
1573,Very very cold and bad
1574,اوحش فرع كلت منه
1575,"Ordered might zinger box, rice was missing and the chicken piece was tasteless."
1576,M
1577,للمرة التالتة الاكل يجيلي بارد ، المشروب غير اللي طلبته ، ده غير التأخير طبعا و قلة ذوق مندوب التوصيل في الكلام ..
1578,الاكل so colddddd
1579,قطعة الزنجر جزئين جزء من غير طعم وسيئة وجزء فيه طعم
1580,very very bad quality too much spicy and very cold
1581,للأسف أسوأ خدمة ، الأكل كله بارد والكميات ضعيفة ، و الحاجة الساقعة دايما تيجي غير المطلوب
1582,الكولوسلو وقع في الكيس غير أن الاكل كان بارد جدا
1583,الاكل بارد و الاوردر مجا؛ مع البطاطس وجي مفتوح
1584,الوجبه كانت كلها صدور رغم عدم طلبى لده
1585,الاوردر وصل بارد
1586,ناقص ٢ ارز
1587,My food came spicy
1588,طلب خاطئ وناقص
1589,الظعم كان سيء جدا لدرجة اني رميت نصف الطعام الدجاج كان زفر والاكل بارد والبيبسي طالبو دايت وطلع مو دايت والفرايز باردة وناشفة مش هاستخدم التطبيق تاني
1590,اول مرة يجلي نظافة
1591,fries quantity was few
1592,Order arrived after two hours & i called over 4 times.
1593,صوص التويستر تشارجر مش موجود
1594,الفراخ كانت مجلدة و مش حلوة
1595,الاكل جه بارد و متاخر
1596,اكل سئ للغايه فرع ميجا مول قطاميه والتقيله بقى انهم حطولى ورق تواليت بدل المناديل فى الطلب شئ قذر ومقزز منهم
1597,It was very unexpected to be the worst meal ever had from KFC
1598,very very late the food was cold when arrived had 4 wings out of 8 pieces
1599,يجب عدم وضع جناح بدلا من القطعه ده شي غير مقبول بالمره
1600,Delivery was 1 hour late
1601,The food was cold and the chicken wrap had like one piece of chicken in it. I got the bucket and I didn’t get any coleslaw and it was not crispy. And I paid almost 300 egp and they wouldn’t let me use any promo code
1602,Food was not hot
1603,"the delivery was late, the food was cold the fries tasted terrible worst order ever"
1604,Very bad customer support
1605,كنت طلبت أن يكون غير حار والأكل جيه حار وكمان الارز معجن كانت تجربة سيئة للغاية
1606,so cold
1607,I asked for dark meat only and got light
1608,الاكل بارد جداً
1609,شكرا
1610,الاوردر كان ناقص و قالو هيبعتو الحاجه الي ناقصه و مبعتوش
1611,الاكل وحش جدا وناقص
1612,موصلش
1613,I clearly put a note for white meat as I don’t eat red meat . And I got two pieces red meat !!!
1614,I asked for all wings and I got only 1 wing😡
1615,ممتاز جداً 👍🏻
1616,Mohtrm
1617,food was cold and dry. AGAIN! KFC maadi SUCKS!
1618,اسوء خدمة واسوء توصيل وبطيء والاكل بيجي ساقع و الاحترام صفر ولا فيه تجاوب من المطعم ابدا !
1619,تجربه فاشله بجميع المقاييس الاكل بارد والرز معجن والاوردر وصل بعد ساعتين وربع تجربه فاشله فاشله وهقدم شكوى فيكم وف كنتاكي
1620,Came to wrong address
1621,الفراخ كانت مقددة و مقشفة
1622,الاكل كان فيه سلك من المطبخ
1623,garbage!!!!!!!! wrong order and never came to exchange it!! stole 150 pounds from me. thanks kfc! Best. service. ever !!
1624,I.
1625,خيز التورتيلا في التويستر كان كله ناشف!!! ٦ ساندويتشات مافهمش ولا واحد الخبز طري ! الخبز واخد هوا وناشف وعاملينه برده🤢 والفراخ فيها زفاره . أسوء أوردر جالنا الحقيقه من كنتاكي
1626,The juiciest KFC I’ve had in a long time!😍
1627,بقالكم اكتر من شهرين فرع مدينتي بقت الفراخ فيه تقرف و بطلع منها حاجات عجيبة.. و امبارح طلعت حاجة مقرفة اكتر تدل على ان الفراخ مش بيتقطع منها الحاجات اللي ملهاش لزمة و كان منظر مقزز
1628,Wrong order but good
1629,The order didn't arrive Thanks for your service
1630,اسوأ فرع ممكن تفكر انك حتي تعدى من جنبه اى كروتة وطعم سيئ
1631,اكل بارد وسيئ وطعم الفراخ مش حلو كل فروع المعادى سيئة
1632,Extremely Very late delivery not as expected from the app that i had to cancel my order and go get it by my self from the branch
1633,عدد قطع الوجبة جاى ناقص قطعة
1634,was not crispy
1635,كان تمام
1636,Chicken was good but most of it was hard or bones
1637,الوجبه لا تستحق السعر والأكل جي بارد وسئ جدا
1638,Refused to give me receipt and the bag of food was open.
1639,The coleslaw didn’t come with the order
1640,Very very very late delivery
1641,اخر اوردر هطلبه من المنيو
1642,الاكل وصل بارد جدا و ناقص الصوص ..مالوش طعم .. سيئ جدا جدا
1643,Slow delivery
1644,fast delivery
1645,الاكل جه من غير خصم وكدة تبقوا بتفقدوا العملا بتوعكوا يانصابين
1646,جابلي نزلة معوية .. طعمو يقرف و شطة مش طبيعية
1647,Chicken quality was extremely poor
1648,cool
1649,😍😍😍
1650,الاكل كان جي بارد رالكول سلو بايظة والبيبسي سخن
1651,"Worst time ever Fries are not fresh ,so hard to eat Bloody chicken from inside"
1652,The food was so cold and the fries were old nothing even the bread was really bad the whole sandwich nothing good at all
1653,food was not fresh at all seemed like it was for the day before
1654,It was warm
1655,It was very cold
1656,food was cold and pepsi was not diet and the package was not looking good at all
1657,very small pieces
1658,Magash aslun
1659,الاكل كان باااارد و بايت و بيشد و وحش جدا. والله لو كنو عملته في البيت كان ارحم
1660,الاكل بايز وسيء جدا و جبلي تسمم فرع كنتاكي ده اسوء فرع
1661,Sandwich was very dry and didn’t have enough sauce and fries were very cold and tasted really bad
1662,Comments were not done
1663,very bad package and expensive yet small and cold
1664,الاكل ساقع مع ان بيني وبين المطعم ٥ دقايق و الفراخ مش مقرمشة و مفيهاش طعم تتبيلة و القطع صغيرة جدا جدا
1665,late delivery
1666,الاكل ساقع
1667,الاوردر وصل بعد ساعتين من الطلب!!
1668,food was good but delivery was tooo late
1669,El order mgalesh kamel w daf3a floos el order kamla
1670,Very slow deliveries Food is not hot
1671,Not fresh at all
1672,تجربة زفت زفت زفت الاوردر وصل بعد ساعتين و نص و اشتكيت لكنناكي و منيو ساعة و نص دون جدوي و بالاخر ذهبت بنفسي للمطعم لتبدديله 😡😡😡😡
1673,very bad taste
1674,أنا اتلطعت على الفاضي و مندوب الشكاوى إسلام نفضلي، شكرا اوي على سوء المعاملة. فعلا برنامج ملوش لازمة
1675,سيء جداً القيمه مقابل السعر !
1676,الا كل محروق وغامق جدااا والطعم مش جميل أرجووو التحسين المرة القادمة
1677,الاكل اجا بارد جدا
1678,Wrong order but they manage to send another one within 40 minutes. Food was nice but extremely cold
1679,الطلب كلة غلط
1680,الاكل وحش جدااا اخر مره اطلب من كنتاكي الفراخ المفروض تبقي سبايسي مجتش سبايسي و طلبتها استربس جت فراخ بالعظم
1681,الوجبة جات مختلفة عن المطلوب
1682,مش فريش
1683,الطلب بارد وسى جدأ
1684,الأكل وحش جدًا الفراخ مش مستوية
1685,الفراخ القطع مش حلوة خالص وباردة
1686,Very bad test
1687,الاكل جاي بارد ومفيش كاتشب ولا مناديل
1688,اتاخر جدا بقالو اكتر من 30 دقيقه ولسه مطلعش
1689,الاكل كله كان زي الزفت
1690,Late Delivery and cold food 😒
1691,They refused to deliver the order
1692,دجاج مليانه زيت
1693,السندوتش كان طعمه في ريحه سمك
1694,طلبت صدور و اجنحه جتلي وراك و دبابيس بارده
1695,الطلب كان ناقص وجه علي مرتين
1696,"The sandwich came without chicken, fries were vold and burnt"
1697,قلة ذوق
1698,Food was cold and soggy
1699,I ordered Miranda and the drink sent was Pepsi. and the Pepsi was kept over the dinner box and made it cold
1700,it was cold
1701,الاكل مكنش مقلي كويس قرف
1702,الأوردر ناقص
1703,اوسخ فرع لكنتاكي خدمه زباله وموظفيين زباله وسوء خدمه وعدم تنظيم استاف الدليفري ولا اي حاجه كويسه
1704,2 and half hours to deliver the food!
1705,الاكل سيء جدا وبارد وطعمه مش حلو
1706,Very late order
1707,Food was oily and prepared long ago
1708,Food cold
1709,لم يصل التشيلي صوص
1710,الاكل كان بارد والفراخ زي مايكون مقلية مرتين وبدل مايجيبوا سفن اب زي ما طلبت بعتولي بيبسي
1711,الاكل جي بارد جدا الساندويتش بارد و حتة الفرخة جاية بدمها وحش وحش وحش جدا و ندمت اوي اني طلبته
1712,وحش جداا وبارد جدا .. تجربة سيئة للغاية والوجبة كانت مطلوبة white meat و جت فيها dark meat .. البطاطس رديئة و الفراخ باردةةجدااا
1713,Didn’t get the order
1714,Not hot
1715,"The food was cold and not fresh at all. the worst meal I've ever ordered, I don't know it's the restaurant fault or the courier fault. But at the end of the day, I got the worst meal ever."
1716,المطعم منتهي الذوق لكن منيوز زفت
1717,Only thing okay was the driver’s overall attitude
1718,القطع كانت صغيرة جدا و الزيت كان كتير جدا واصل للحم جوة القطعة نفسها، بطني وجعتني لمدة يومين بعد الاوردر
1719,بصراحه اول مره اطلب من فرع حدائق الاهرام بس الاوردر على غير العادة كلع مفيهوش غلطه نضيف وسخن والعيش طازه وكل حاجه كانت حلوه معادا الكول سلو
1720,سيئ جدا جدا والاكل غير طازج والطعم سيئ جدا وغير نظيف اول مره الطلب يكون سيئ لهذه الدرجه بمعني الكلمه لانه كان غير صالح للأكل بسبب أن الوجبه كانت سيئه بشتملاتها من حيث الفراخ فاسده والبطاطس محروقه و القطع كانت مكسوره ومش هطلب تاني من دجاج كنتاكي
1721,Not fresh chicken. Burned
1722,I ordered original and received spicy
1723,الأكل كان ناقص الأرز ولتر بيبسي
1724,"Food can’t be eaten , chicken was deep fried long before it was delivered so food taste was terrible beside the fact that it was “zefra “ Very bad experience"
1725,food never delivered!!!!!
1726,Veru salty
1727,مكنش ف كاتش و البطاطس مجتش وايوء خدمة حقيقي
1728,"bad rotten, called them but they did nothing"
1729,الدجاج والبطاطس ما كانوش طازة وليسوا بالجودة المعتادة
1730,الراجل بتاع الدليفري كان بيتكلم ب قله ذوق جدا و بيزعق و بيقولي الاوردر مفيهوش ولا إسم ولا عنوان إللي هو مش عارفه إزاي بصرآحه اومال هو جيه إزاي و في الاخر قفل باب الاسانسير في وشي و بجد الاكل كان وحش و ساقع جدا
1731,سئ جدا وحش اوي
1732,القطع مكنتش فيها صدر
1733,order was late and very cold. not fresh. even though the restaurant is 2 minutes drive from my house.👎 اوردر متأخر و بارد . مع أن المطعم يبعد دقيقتين من البيت .
1734,وقت التوصيل كتير جدا
1735,الخبز كان سئ جدا وبارد والخضار دبلان ووحش جدا والفراخ باردة الوجبة كلها بارد، عملت ملاحظة أن القطعة اللي في الوجبة تجيلي صدر جات ورك سبايسي جية عادي بيبسي دايت جالي عادي برضوا، اكلوني علي مزاجهم بفلوسي والاكل كان استغفر الله العظيم يارب مقرف
1736,Very cold which took away all the pleasure
1737,مش طازة أبدا وفيهم زيت قوي ومش حاطين صدورة وبعدين جابولنا بعد ٢٠ دقيقة من الأكل وشكرا
1738,so cold food
1739,very fast delivery.very good chicken taste.only the fries was cold and not very good
1740,Very bad taste for fries
1741,اقزر اكل اكلته في حياتي
1742,very good
1743,اولا الخبز غير طازج و الاكل بارد جدا... و طالبة ٣ قطع ...جه قطعة و ٣ جناحات ... و سيء جدا الطعم و ناشف. و الساندوتش التركي مفتاح و طالبات فيليه جه زنجر... بصراحة أسوأ مرة اكلت فيها اكل ... مع ان ده كنتاكي حلو و مجرباه في فروع تانية
1744,البيبسى جالى عادى و أنا طلبته دايت
1745,worst chicken ever
1746,وقت التوصيل وعدم الابلاغ او الاتصال واتفاجا بوجود مندوب التوصيل امام المنزل
1747,زفت من الآخر.
1748,I didn’t receive it
1749,Cold meal
1750,الاكل كلو بايت
1751,شكرا لكم... البطاطس قليلة و بلا كتشب ليه 💔☹
1752,this is the worst order I got from KFC as I ordered the order since 5:30pm and received it at 7:30pm very bad service and was not accpet to receive it and after all this delay received the order not hot and very cold!!!! this is not acceptable anymor
1753,الخدمه سيئه جدا جدا اخر مره طلبت كان برضو الاوردر وحش و بارد و حاجه فعلا تضايق عشان الواحد دافع مبلغ عشان ياكل اكل كويس وقلت انو دي اخر مره اطلب من التطبيق دا وبرضو رجعت و طلبت وكان اسوء من المره اللي فاتت التقييم طبعا سيء زي الخدمه
1754,missing item.incomplete order came.missing Rizo BBq
1755,الاكل بايت مش فريش سيئ جدا جدا جدا
1756,the bucket came with only 5 main pieces and 10 wings !!
1757,delicious food
1758,ن
1759,po
1760,الأكل كان بارد و قطع الفراخ مش طازة
1761,الاكل جابلي تسمم محدش يجرب الفرع دا
1762,"Honestly disappointed in KFC, it used to be my favorite fast food as a child now I honestly hate it not going to order again, food was extremely oily delivery was also extremely late and sandwich bun was burnt"
1763,للأسف الاوردر كان سيء جدا وبارد وكأنه في ثلاجة والتأخير وصلني بعد ساعتين من طلبه اول مرة تحصل معاكم بالشكل دا للأسف زعلت جدا حرام وما يرضى ربنا ورجاء تغيير الرقم المسجل عندكم لي الارضي 0223633352 ل رقم 01223627697 مع الاحتفاظ بنفس البيانات
1764,طلبت اورد من الساعة ٢:٠٧ و الاوردر اتاخر جدا وجيه الساعة ٤ ، ويوجد خطأ فى الابليكيشن عشان جالى ان الاوردر وصل الساعة ٣وهو موصلش اصلا ووصل بعدها بساعة ورفضت استلامه ، بجد تجربه سيئة جدا مع كنتاكى ، ومنتظر ال Refund
1765,The food took long time to deliver and was cold with bad packaging
1766,Never ordering again came 2 hours late and cold
1767,the food came 20 min late and it was cold. the driver tried to blame it on the traffic and then on the company ...it's never their fault.
1768,The sandwich was cold.
1769,Didn't even receive it
1770,I didn’t receive my order after 3 hours and they didn’t even try to solve my problem
1771,منظر الاكل و جودته بشعة الساندويتش جيه كأنه متاكل قبل كدا متقطع و منظره صعب
1772,All of the experience can be rated as a big zero
1773,I added a voucher wasn’t accepted 👎🏼
1774,كنت طالبه الاكل سبايسي وصل مش سبايسي و بارد و مفيش رز زي ما أنا طالبه و يا ريت متجبوش من فرع كنتاكي ده سيء جدا
1775,منتهي قلة الذوق طالبه بدون اجنحه و مبعوت باجنحه و مدير المطعم عملت شكوي اتكلم بمنتهي الاستهتار انتي مش كاتبه اصلا و انا كاتبه و يقولي ابقي اتصلي المره الجايه بالمطعم لكن الاوردر جالك خلاص مش مسامحه
1776,they called me to inform me that the order had to be cancelled as the branch is out of work
1777,poor attitude
1778,I didn’t get my food yet
1779,سيء جدا للغاية
1780,Item missing
1781,the order arrived after two hours
1782,"Oily, cold, and not fresh"
1783,The chicken is bad and hard while eating
1784,This is the second time this happens the order took 2 hours and when I tried to cancel they left me on hold and it didn’t come in the end and i just waited all this time for nothing
1785,اتأخر جدا
1786,وقت توصيل الطلب ٨٥ دقيقة، غير مقبول تماماً على فراخ مقلية وساندوتش. الدعم الفني كان غير محترف ولم يتوصل لحل مشكلتي. تغلبف الطلب غير مقبول كل الاصناف كانت على بعضها والكيس مكبوس والكعام كان بارد.
1787,الريزو كان سيء جدا عكس كل مره
1788,tasty and fast
1789,كأني مش طالبه الاكل من كنتاكي كمية الزيت الي ف دجاج رهيييبه كأنهم صابين الزيت عليه والتغليفه بتاع الدجاج غريبه جدآ مش طعمة كنتاكي وانا طلبت مكس ... الخلاصه الأكل كله راح ف الزباله مع الاسف 200 جنيه
1790,ًخ
1791,Fresh and fast
1792,الاكل مش طازه ووحش جدا جدا غير وقت التوصيل بجد تجربه وحشه الاكل اترمي ف الزباله
1793,it's so bad and we found a hair on the coleslaw
1794,الاكل كان بارد ولا يصلح للاكل مباشرة
1795,not delicious at all ..
1796,ممتاز جدا جدا
1797,الاوردر جه ناقص البطاطس
1798,الاكل ناقص و طالبه اسبيسي جالي عادي و حاجه ارف بجد
1799,Missing items. Wrong items. El Menus didn’t call to sort it out.
1800,طلبت الساندويش عادي و جالي حراق !!
1801,الوجبه كانت ناقصه
1802,الاكل لا يشرف احد نهائيا وكله دبابيس
1803,i was very bad
1804,الاوردر كل مره فكنتاكي بيتأخر و كلمتهم تليفون بيقولولي الاوردر مبقالوش كتير مطلوب و انا كنت طالباه قبل ساعتين و دي مش مشكلتي
1805,I have been sick the whole night after I ate the order and went to the hospital in the morning
1806,مجاليش الفرايز البديل للكول سلو
1807,Not right order
1808,it was spicy
1809,Cvvhnn
1810,"I ordered all pieces spicy but they brought some pieces not spicy,plus the chicken was very OILY"
1811,"Everything was very bad it was the last time , i will not order from kfc any thing Also the customer service was very rude she talked to me in a very bad way"
1812,تأخير في توصيل الاوردر
1813,سئ جداااا
1814,very bad food
1815,My fries came cold the coleslaw was warm and I ordered a Sprite and got Pepsi
1816,الطلب وصل بعدها بساعتين !!! الريزو حبة منه كانوا مدلوقين اعتذروا ... ماشي، بس ساعتين؟!؟!؟! ما حدش يعتمد أن توصيلهم سريع لو سمحتوا أسوأ طلب كنتاكي على الإطلاق.
1817,all of the above 🥰
1818,التويستر ناشف الصوص ناقص اوي و وصل ناقص
1819,الاكل سيء جدا جدا جدا
1820,Yummmmmmmmmmy
1821,The rice was rotten
1822,الاوردر بارد
1823,حلوه
1824,الطلب مجاش اصلا
1825,Everything was tossed around in the box Coleslaw had hard particles Food was cold Chicken breast was dry Chicken leg was bloody once meat removed
1826,"I ordered the whole meal spicy and it came original, the chicken was not fresh and had a bad smell"
1827,order was 2 hours late
1828,الاوردر جاي ناقص 4 قطع وعلبه كول سلو وجاي متأخر وحاجة زي الزفت
1829,الاكل سئ
1830,No delivery
1831,Yesterday when charger wrapper sandwich came I taste it and why why you put hot red sauce so when I 👅 taste it I actually I given it to my brother so please next time please don’t put for me hot red sauce ok
1832,Worst food ever
1833,The worst ever. The chicken is so bad and so oily
1834,الفراخ وحشه جدا
1835,اكتر من ساعتين وموصلش
1836,تاخير اكتثر من ساعة الاربع
1837,zyft :)
1838,Order mafrod yege men 5:06 pm till now magashhh !!!!! W ana mastlmtsh el order
1839,اسوء فرع على الاطلاق
1840,potato was so cold and the sandwitch wasnt tasty
1841,شكرا ..انتوا افضل ابليكيشن طلب اكل دليفري اونلاين
1842,تاخير التوصيل
1843,Also cold
1844,okay
1845,Old Not. Fresh chicken
1846,great sandwich
1847,the chicken tasted so bad
1848,الساندوتشات جميله بس البطاطس وحشه جداااا وبارده
1849,الاكل اتاخر جداً و اسلوب الطيار قليل الذوق
1850,الفراخ كانت مش مستويه
1851,اعفن محل طلبت من عندو
1852,"rice was really salty (can't bear to eat it tbh) it had too much seasoning( more than the usual) fries wasn't that good either, but the rest of the food was really good"
1853,الاوردر لم يصل
1854,الاكل جيه بارد و الفراخ كانت فيها دم و حاجه مقرفه خالص
1855,The food was not fresh
1856,order was with no wings and got 3 wings instead
1857,Fries was cold but the rest was good
1858,they forgot one of my chicken pieces. instead of 4 pieces I received only 3 :(
1859,"order recieved after one and half hours , fries was cold, pieces were cold"
1860,I waited more than one and a half hours and then when it finally came it was a wrong order! And the food tasted horrible and not fresh by all means. Very disappointing
1861,** عيش التويستر غير طازج ... والدجاج سيئ وغير طازج ** الكول سلو سيئ للغاية ** قطعة الدجاج غير طازجة وبارده جدا . على الرغم من ان الفرع يبعد ٢ كيلو متر عن موقعي الشيئ الجيد الوحيد هو ( كان البيبسي ) يؤسفني ان اقول المستوى في انحدار بيّن ..
1862,الاكل وصل متأخر 50 دقيقة وطبعا كان بارد و مستلمتهوش
1863,Food wasn’t hot and fresh as i expected
1864,slow delivery
1865,الاكل ممتاز وسخن جدا ووقت التوصيل جيد،،،بس كنت طالب بيبسي دايت جه عادي
1866,Super hot 🔥 on time!! Perfect! Thank you elmenus
1867,سيء جدا واسوء تجربة على الإطلاق الفراخ ريحتها بايظة وطعمها صعب ما تتاكلش والله اترمت .. اخر تجربة
1868,الاكل مش حلو.
1869,"Fries are cold, pepsi is warm"
1870,I ordered rizo without sauce
1871,received regular wrap not charger
1872,"Best branch among other branches, Freshamd tasted great! , Well done , and no stomach pain:))"
1873,مفيش وصف يتقال غير ان اكلكو معفن ياريت تقفلوا بجد
1874,he came after 2 hours
1875,the order was too late and and the food was cold the taste was not as expected at all.
1876,cold and tastless
1877,الاكل سئ .. مالح جدا وعندى تلبك معوى من وقت ما أكلته
1878,الاكل جاي بارد و الريزو مفهوش صوص خالص حاجة تقرف.
1879,اكل ساقع ووصل متاخر وملوش طعم مطعم زبالة
1880,the worst place offering fried chicken it was so bad and not fresh more over I have a stomach problems for a whole day
1881,أسوأ مطعم في مصر بدون مبالغة وأسوأ خدمة عملاء الاوردرات بتيجي غلط وباردة، طعمها سئ وريحتها زفرة وخدمة العملاء مبيعملوش حاجه ومهما تكلمهم يقولولك هتخلي مدير الفرع يكلم حضرتك ومش بيحصل وقابلين علي نفسهم فلوس حرام من الضحك عالناس والغش وفرع امريكانا بلا...
1882,جامد. جدت
1883,الاكل مقارنه بالسعر غالي جدا دا غير ان الاكل طعمه سيئ ومن جوه في دم ومش مستوي ومعجن والفينو تحس انه متاكل قبل كده دا غير الكانز ابو 15جنيه مش فهماهة ودا كوم والبنت بتاعة الكاشير كوم تاني حاجة كده استغفر الله العظيم ومفيش باقي بيرجع ومعامله زفت تقول ب...
1884,اوحش فرع فالدنيا و معامله وحشه و الاوردر بييجى بعد ساعتين و بارد وطعمه صعب
1885,hdbdbbdbdbcbbxbdbbxbxbxbbdbndndndjdkkdkrkrkrkrkrkri
1886,"Dunno why the reviews here are horrible. For the past 4 times that i ordered kfc, the order was perfect and the chicken is very fresh and crunchy (i order mighty zinger). After every order a guy from there calls me to check that everything is okay. L..."
1887,سيئ جدا و الكميه قليلة جدا ، الاكل بارد، التوصيل اتأخر حرام فيه الفلوس بجد
1888,اسوا مطعم كلت منه فى حياتى ، الفينو معجن والفراخ تكسر السنان والساندوتش عمال يقع منه الحشو عشان حاطين جبنة اد عقلة الصباع واسوا معاملة من البنت الكاشير يارب تعلنوا افلاسكم
1889,جبت من فرع المعراج مرتين و في المرتين تعبت جامد .
1890,انا روحت طلبت أوردر وقفت كتير والاكل مش حلو وانتظرت عشان اطلب الاورد وكان في خناقه مع الموظفين في بعض حاجه اول مره اشوف كده في كنتاكي
1891,I went there for the first time in Egypt a few days ago. I ordered a 4 piece meal and it came with fries bread and coleslaw. I was shocked by the horrible drop in quality between Kfc in other countries and in Egypt. The chicken tasted disgusting (fro...
1892,تسمم وغسيل معده او مطهر معوى لمدة اسبوع عالاقل
1893,Terrible service and terrible employees! Never ordering again
1894,"Worst experience, the call centre told me that the food is out for delivery. 30 mins later the deliver called asking about the address as he is just leaving the restaurant. I was at work and lost my break without eating. I recommend Kansas Chicken, w..."
1895,"Very disappointed. The bag not sealed someone cut the label before i receive my order.. The sandwiches very cold. I received two sandwiches, one sandwich was not organized well and not in its paper. Twin plaza branch"
1896,خدمة سيئة للغايه من مدير الفرع .. ملابس متسخه للكاشير.. خدمه صفر نجوم عن جداره
1897,امبارح طلبت وجبه 15 قطعه على الفطار الفراخ كانت زفره ومش مغسوله وكلها دم كلمت الرقم المختصر ومدير الفرع مشكورا بعتلي اوردر جديد وخد القديم وانا هنا بشكر كل الي اهتم من اول الكول سنتر لحد مدير فرع الحدايق
1898,فرع السراج مول لازم يتقفل وتيجي لجنة من حماية المستهلك تشوف المهزلة تسمم واسهال وقرف جدا المدير شكله سوابق وبلطجي
1899,طلبنا مايتي زنجر و١٢ قطعة فراخ عادي وسبايسي والاكل كان رديئ جدا وريحته نتنة وطبعا رمينا الاكل في الزبالة وحالنا دور تسمم واسهال لا انصح بالمطعم نهائي ولا ينتمي لكنتاكي مطعم زبالة
1900,طلبنا مايتي زنجر.. الساندويتشات وصلت سخنة و طازة و طعمها جميل جدا و الدليفري متأخرش تقريبا ٤٠ دقيقة. الريزو بس هو اللي مكنش حلو مستواه كان كويس جدا على عكس المتوقع
1901,worst delivery service ever. its been three hours since I ordered and I'm still waiting. They didnt even bother to tell the branch about my order the first to times I called to check up. Last time ever I will order KFC
1902,أوحش فرع في القاهرة فراخ بيتة و مزيتة زي الزفت
1903,مقرف، وخدمه مقرفه و مدير الفرع كداب و كول سنتر مالوش لازمه
1904,.............. أنتم الافضل على الإطلاق ...................
1905,.........................................................................
1906,They delivered the wrong order twice !! Ans now they don’t want to refund me my money .. I will never order from this place ever again
1907,Far3 zbalaaa awskh w a3fn far3 kfc kalt feh f 7yaty fra5 m3fna w mesh fresh w lonaha aswed
1908,Your abyssmal level is finding impossible ways to go even lower. Your disgusting food has nothing to do with real KFC. It's as if the employees take the herbs and spices home and sell us fake KFC for too much money. I will never waste my money on...
1909,................................................................................................................................................................
1910,"Not amazing, but nice quality and the staff were friendly."
1911,وجبة ال10 قطع حاطيين فيها 6 عكوز و الفراخ كلها دهن +The cashier was unpleasant
1912,jjjjjjjjjkkkkknbjjbbjbnnnnjjjjjjjjjkkkkknbjjbbjbnnnnbbbbjjhbbbbjjh
1913,"very low quality of chicken, chicken is not fresh, unprofessional staff."
1914,ذهبت اليوم إلى هذا الفرع وللاسف أسوء تجربة شفتها وللاسف أيضا اشتريت وجبه عائلية بمبلغ كبير والفراخ بايته ومتسخنة حاجة كده وجع بطن صراحة اترمى فى الزبالة..أنصح الجميع بعدم تكرار تجربتى..
1915,الاوردر وصل ناقص عن المطلوب مع ملاحظة مراجعة الطلب أكثر من مرة ....مفيش حد مسئول يحل مشاكل الفروع!
1916,"The food was very tasty, the staff was nice and the place was clean"
1917,سئ و يوجع البطن مش فاهم الجودة ازاي بالشكل ده
1918,هو معقول لسه في حد بياكل fried chicken من KFC ؟ اسوء fried chicken في مصر كلها فراج بابظة وتقلب البطن
1919,"I ordered food and it never showed up, it’s been 2 hours now."
1920,bbnjuhff1twtssgshats6rwvwg2bwywgwahabacavqvgqyquqqgqgwyaywhay
1921,حاجه تجيب وجع البطن ولا طعم و حجم غالي على الفاضي خساره النجمه فيه
1922,قمة الاهمال و القرف من جميع فروعهم و الفراخ كلها دم
1923,خسارة فيكم نجمة، انتوا غير محترمين و مطعم قذر، اطلب أوردر من كنتاكي و المفروض اللي يوصلوه فرع التجمع أمريكانا بلازا و استني ساعتين ميجيش و لما اتكلم يقولوا انت لغيت الاوردر و انا و اسرتي مستنيينهم و محصلش اي لغي و مفيش اي اعتذار ولا محاولة لحل المشك...
1924,The best مع ان اترفضلي اوردر بعدها بنص ساعة بصراحة كانت حركة سخيفة
1925,بدايه من خدمه العملاء طريقه الكلام بشعه للفراخ طعمها وحش و مقرف و الارز معجن و بجد ميستهلش الفلوس
1926,It has a lot of taste when they it’s spicy it’s spicy when it is not it is perfect for the person who doesn’t like it spicy It’s ok for me
1927,نصيحة لوجه الله قبل ما تاكل اوعي تنخدع من شكل الاكل ياريت تاخد 1 حباية مطهر معدة 1 زجاجة انتينال مضاد للتقلصات اعمل حسابك انك مش هتخرج من الحمام غير بعد 4 ، 5 ساعات شكرا.
1928,Worst KFC in the world don't order anything for your good they won't arrive save your money and time
1929,The worst ever.... it was soo bad and tasteless
1930,فى الفترة الاخيرة كلت فى فرع داندى، ش انقرة شيراتون،التحرير ، صن سيتى، الفرع الوخيد الكويس شيراتون الباقى فراخ اشبه بالفاسدة ، كنتاكى كان شغال عشان ماكانش فيه غيره دلوقتى محلا الفرايد تشيكن بقيت كتيرة جدا والفزاخ انضف انشاءالله يقفل فى مصر بسبب الا...
1931,الاكل سئ جداا البطاطس ناشفة و مجلدة و الفراخ بايتة و مليانة زيت و ريحتها وحشة اوي ، تجربة سيئة للغاية
1932,فرع زباله عمره ماجاب الطلب صح وعلى طول بارد ومدير الفرع مش مهتم وحاجه مقرفه والله ناس بتسوء سمعت المكان فرع الوحده ده من اسواء الفروع
1933,_______________________---------____-____
1934,...............................---------11-________
1935,مطعم زبالة الزبالة ومعاملة اخر قلة أدب مشترى منهم سندوتشات وربنا كلها جاية بايظة ومشممين السندوتش فراخ
1936,اوسخ مطعم ناس قذرة وجايبين الحاجة ناقصة وكل ماعمل شكوى مبيردوش ولاد الوسخه + اوسخ معاملة وناس كدابة كأنهم فى مطعم فول وطعمية مش فى برند
1937,انا مستخسر فيه النجمه دي ، مطعم سئ و اكل سئ جدا المفروض بدل المناديل اللي بيوزعوها مع الوجبات يوزعوا اقراص انتينال
1938,..............مطعم زبالة وخدمة عمله زباله
1939,Azbal akl fe masr.............................................
1940,من انضف فروع كنتاكي في القاهرة وخدمة ممتازة
1941,جيد جدا ولكن فرع نادي الشمس مش احسن فرع
1942,اسوء حاجة ممكن تاكلها .. حرام فيه الفلوس والله
1943,لو اقدر اعمل النجوم صفر كنت عملتها من غير تفكير أصلا. اكل بشع ميتكلش و بارد و متاخر و كمان غلطة في الاوردر. بندفع فلوس عشان نتعذب مش ناكل والله.
1944,"Poor quality, low hygiene and always later in delivery"
1945,طعم جميل بنحبه، لاكن عدم انتظام في الجودة من حيث حجم القطع و جودة الفراخ و درجة توصيل الطلب بارد
1946,الاوردر أتأخر ساعة وتلت ووصل غلط وأربع ساعات بعمل شكاوي في الفرع ولا حياة لمن تنادي الخدمة اكتر من سيئة
1947,جييت تيك اواي من فرع النحاس الفراخ مزيتة جدا والبطاطس طعمها كأنها مدخنة والعيش بايت.. من أسوأ مرات فعلاً!
1948,late order and wrong data saved over my account
1949,الارز نى والفراخ جناح ومش هو دا الطعم اللى عارفاه قديم مش طازج
1950,The delivery time was amazing and the order was perfect
1951,الفراخ بتيجي بارده و البطاطس مدلوقه و المنظر مش لطيف + المعامله هناك مش حلوه خالص كان في بنت عامله نظافه عامله رايحه جايه تبص علينا بمنتهي قلة الذوق و جت تنظف الارضيه تحت التربيزه و احنا قاعدين الخدمه سيئه للغاية .
1952,فرع امريكانا بلازا زايد -من انضف و اقوي الفروع يوم الخميس 26-12-2019 الساعه 12 الظهر جربت سندوتش صيامي --تويستر شريمب و ده عباره عن جمبري مقلي سبايسي طعمه تحفه و تتبيلته جميله جدا و سبايسي شويه و محطوط في عيش التورتيلا و معاه خس و مايونيز بس عشان يبق...
1953,Rice was terrible!!!
1954,It doesn’t matter where I eat at KFC I always get stomach ache and I am going to tell it more in detail. I get diarrhea afterwards. It’s just disgusting
1955,"After an hour an a half after the their reply was that the order was prepared and will be out for delivery, they think that they are a restaurant!! It is Only KFC .. you are not Crave or Fridays!"
1956,worst service and food. kfc branches around the world serves better quality food than this
1957,أسوأ تجربة ليا فى اي محل أكل فاست فود طلبنا الاكل و لما إتأخر ساعة إتصلنا نسأل فلقيناهم بيقولو اوردر تاني خالص غير اللي احنا طالبينو فبدل ما نصحح الاوردر و نستنا ساعة كمان، لغينا الوردر، و قلنا ننزل نروح ناكل هناك بما ان المطعم قريب مننا هناك كانت ال...
1958,الأكل الديما يجيب لي إسهال بس يستاهل الطعم
1959,سيئجدا و طعم معفن و staff زباله و حاجه قرف و الفراخ مدينى عينات صغيره تتاكل ف قطمه واحده يعنى خرا خالص
1960,فرع شارع العريش الهرم يوم الاربعاء 25-9-2019 الساعه 6:15 مسائا اتصلت بقسم الشكاوي الاول علشان اقولهم علي المشاكل الي كنت بقابلها في الاوردرات الي فاتت الي هي --العيش مش فريش --الفراخ مزيته و مش فريش و مفيهاش اي تتبيل من جوه --البطاطس بتيجي مزيته --ال...
1961,طلبنا الوجبة ال ١٥ قطعة فراخ صراحة كان بقالي ٣ سنين مابكلش فراخ منها بس مكانتش سيئة زي ما كنت متوقعة و في نفس الوقت مكنتش حلوة اوي يعني ماشي حالها
1962,جميل جدا ورائع جدا انصح ب تناول ال راب بوكس
1963,اكل ناقص و بايت خساره النجمة والله حرام عليهم
1964,اسواء خدمه عملاء واسواء توصيل و اسواء جوده اكل
1965,"Lowesy delivery time and the order was wrong and rude cs over the phone and no one called from the restaurant to apologize or even confirm the correct order,, purely worst service ever"
1966,there is no kids meal in the elmenus app and I want to order it in my order
1967,لا يوجد وجبة الأطفال اااااااااااااااااااا
1968,كل سنة اوحش من اللى قابليها..اكل سيئ و خدمة اسوء و اسوء
1969,not good at all and food is tasteless and pricey
1970,2 hours and I haven’t received my order ! Worst delivery service
1971,الاكل بارد مفيش طعم و مش هايديك حقق و الفروع كلها كدا و طبعا السعر بقي غالي اوي
1972,Very Very. very bad service digusting.
1973,اقذر واعفن فراخ ممكن تاكلها في حياتك بجد بقي مطعم خره ليه كنتاكي مصر غير كل اللي موجود في العالم
1974,سئ جدااااااااا و الأكل وحش و بيجيبو الحاجه ناقصه والله وبياخدو فلوسها و محدش بيعبرنا بعدها نهائيا اسوء اكل و خدمة عملاء في مصر . محدش يطلب منهم بجد
1975,اسوء فرع اكلت منو الفراخ كانت زفره المشكله انو كان فطار
1976,السلام عليكم ورحمة الله وبركاته ان اكله ذو طعم رائع
1977,Never again never again never again very very bad
1978,Very bad i have been waiting for an hour and a half and without saying sorry very bad delivery service
1979,Worest experience ever and they never learn from their mistakes
1980,the best restaurant to eat in the best food
1981,أسوء خدمة عملاء في مصر أنصح كل الناس ماتتعاملش معاهم والأكل شئ جدا وبيوصل بارد والفراخ بيكون فيها دم انا حطيت نجمة ولكن هما حقهم صفر
1982,الحمد لله انتقل من مرحلة السيء لمرحلة ميتكلش وده انجاز في حد ذاته اكل وحش تتبيله مفيش و فراخ كتاكيت ملهاش طعم خالصصصص
1983,Very bad food with highly prices not....................
1984,الفرع ده هايل اظن العاملين صم وبكم وده عظيم ودايما الديلفري سريع والاكل نضيف ومقرمش
1985,الأكل مش حلالللللللللللللللللللللللللللللللللللللللللللللللللللللللللللللللللللل
1986,..................................................................
1987,فرع أمريكانا بلازا زايد جربته خلال 2018 اكثر من مره --مستواه ثابت جدا و الجوده عاليه و الفراخ طعمها حلو مازالت تتبيلتها ضعيفه من جوه بس احسن من اي فرع تاني و كمان مش مزيته خالص --للناس الي نفسها في طعم كنتاكي محترم ،جربه الفرع ده
1988,على غير المتوقع تماما فرع الكربة لما طلبت منه الاسبوع ده كان الاكل فيه وهمييي انا معرفش هي هتكون مرة و يبقى سيء زي باقي الفروع ولا هيستمر على كده بس فعلا يوم ما جربته يستاهل ٥ نجوم
1989,فرع سيتي سنتر كان معروف انه احسن فرع في مدينة نصر و المناطق المجاورة مرة واحدة بقا الاكل و الstaff و النظافة من سيء لأسوأ لبشع مفيش ترابيزة بكراسيها تعرف تقعد عليها عشان حتى الكرسي مزيت و عليه بواقي اكل الاكل مفرقش حاجة عن بقية فروعه السيئة الناس الل...
1990,very bad people....................................................
1991,"Horrible quality, oily fatty small pieces, tastes really bad."
1992,"The food in all branches are bad, bad quality and quantity"
1993,worst food ever In the town... if you wanna highway for stomach problems.. visit KFC
1994,الجوده سيئة جداً والفراخ بايظة حاجة مقرفة جداً متتاكلش ومليان زيت !
1995,يِقرِف بكل ما تحتويه الكلمة من معاني جبت سوبر دينر بوكس الفراخ غرقانة زيت و السبايسي مش سبايسي ولا في ريحة التوابل ده غير الريزو تقريبا الbbq sauce بايظ طعمه كان غريب غير انه كان بارد اوي. تجربة تقرف و مكان يقرف.
1996,the order came late and wrong while we were too hungry.. when I complained I got no response from careless branch manager and careless call center
1997,مهما الناس تشتم فيه ....كنتاكي في القلب حتى و الاكل مزيت . بس الصراحة بيختلف من فرع للتاني . فرع كورنيش المعادي احلى فرع جربته وبعده فرع اللبيني... و فرع فيصل المساحة و المعادي ش٩ اسوأ فرعين
1998,Its crapppppppppppppppppppppppppppppppppp
1999,مفيش اي مستوي نظافه ولما تاكل عندو لازم بطنك توجعك
2000,"I always wondered something: If somebody hate his job, then why don't he quit and goes somewhere else?! Those people are the worst of the worst, they are extremely rude, they make the customer feel weird and like if they are doing charity while you'r..."
2001,Wow tttttttttttthey make shit chickenn n b h.
2002,The baddest ever food I eat I was dying and was very sick after eating dinner spice on 17-9-2018 جالى تسمم
2003,One of my favorites. I love their Rizo
2004,Perfect taste of chicken
2005,تمام.................
2006,بجد اتحسنوا كتير اخر فتره لما بقولهم الاكل فى حاجه مش عاجبانى بيغيروه على طول. فرع السد العالى فى الدقى موظفين صُم و بُكم بجد شىء عجبنى يستاهلوا إشاده عليه.
2007,When i said that something is messing they delivered it instantly.... Thank you kfc
2008,جرب اطلب عرض من عروضهم و هتلاقي اسوء حاجة عندهم بيأكلهوالك تقريبا بيعملوا عروض رخيصة عشان يتخلصوا من الاكل البايت او الخضار اللي منتهي صلاحية من عندهم تجربتي كانت عرض زينجر سوبريم اللي عليه زينجر مجان للاسف الرسيت اترمى من غير ما اخد بالي من الفرع ا...
2009,"North Coast, Diplo.2 branch along with Hardees and Pizza Hut is full of flies dead on the floor and on tables and some chairs. When we talked to KFC manager about it saying the department of Health could shut you down, he replied “It’s everywhere in ..."
2010,اللي وصلني غير الطلب
2011,KFC tayaran you guys are just as bad as Tiba mall
2012,مطعم بشع حرفيا الاكل فيه معمول بزيت قديم و طعمه وحش جدا
2013,I ordered kfc today at 9: 10 pm it is not 11 :34 and the delivery guy is calling to ask for the address and where it is... and take this were in marina which a resort and were very close to them (marina 5).. they lost a very big client today. I wil...
2014,Very tasty and hot exceptional experience tayaran branch
2015,الفراخ تحفه بس مشكلته الجلد إللي فيها
2016,حصلتلي فيه مشاكل كتير وخدمه مش كويسه والسعر غالي جدا على الوجبات اللي بيبقى اغلبها اجنحه ورجول
2017,If there is less than one star I would definitely select it. Today I ordered from October 1 branch. First i received the wrong order and after calling twice I received the order 45 min after the first delivery. The chicken was awful with a very bad t...
2018,"If there is less than one star i would have definitely selected it. I ordered today from October 1 branch, order came wrong then I called twice and after another 45 min from the first delivery the order came. The chicken tastes awful and have a bad s..."
2019,Very bad experience تجربة سخيفة وضعف في الإدارة رهيب ومنتهي الإهمال طلبت اوردر الساعة واحدة ليلا ولغاية الساعة تلاتة الا ربع محدش وصل وكل ما نكلم الهوت لاين للمتابعة او او الشكوي يردوا رد سخيف وهو( محدش كلم حضرتك من نمرة غريبة!!) كلمني بعدها حد وقال...
2020,"I didn't complain about any food in my life ,so i ordered a rice meal with two pieces than i delivered a snak meal than i call and complain thay was so understandable than after one hour i had a phone call they was asking to send the correct order"
2021,جت عليه فتره كانت مش حلو بس رجع لمستواه تاني وبقي احسن من الاول
2022,Worset fries always soggy and oily
2023,الاكل زباله و الكميات صغير جداااا و غالي علي اي كلام ومقرف جدا جدا..
2024,من أسوء المطاعم فى الطعام واسوء خدمة عملاء
2025,Hotline is down and bad service
2026,Few weeks ago ordered a meal and I got a mosquito on my fries. Tried talking to the employees about it and they gave me a bad look as if it was my fault.
2027,Tiny sized sandwiches best served for kids not adults with most experience prices
2028,فرع منشية البكري مصر الجديدة من انضف الفروع واحسنها ف كل حاجة واللي يتديني امل ان كنتاكي لسة بخير
2029,"Don't even think about eating here , worst food you can ever have in the world. I rather starve to death then eat at this place."
2030,من اكتر السندوتشات الي بحب اكلها في كنتاكي ❤❤❤ بجد حلوه جدا
2031,من السندوتشات الحلوه في كنتاكي ❤❤❤
2032,حلو اوي السندوتشات في كنتاكي احلي من الوجبات❤
2033,مقرف.. دة اقل ما يقال
2034,I'm love with big filler meal crispy chicken with cheese and French toast with sauce and spicy jalapeños ???? it's really good combination full of tasty and delicious ingredients. Each time I ordered this sandwich I love it more. Fries is ordinary as...
2035,انا لغاية دلوقتى مش فاهم ليه الناس بتشتم فى كنتاكى و واخد تقييمات وحشة من ٩٠٪ من الناس.. أولا طبيبعى جدا ان فيه فروع هتبقى حلوه و فروع لا. مفيش حاجة ممتازة ١٠٠٪ حتى لو فرع طول عمره حلو، هتلقيه فى مرة اى كلام. ده طبيعى. ثانيا، كنتاكى فعلا اه مش زى زما...
2036,"Comparing with Kfc in other countries it’s very bad , no hygiene at all, chicken looks old prepared and not fresh"
2037,بجد الوجبه دي حلوه جدا سعرها حلو جدا ❤ حبيييييت
2038,الساندويش ده ادمان بالنسبه ليا ❤❤ حببيييت
2039,شارع السودان مفروض يتحرق و يتقفل بجد مفيش حاجه صح عندهم
2040,انا لو هعمل الريزو في البيت ها يطلع احلي من كده بجد الله يعز النعمه
2041,لما تجيلي البطاطس بالمنظر ده يبقي ده قرف رميلي شويه بطاطس في العلبه و مش حلوه عامله زي الاستيك يبقا ده عك بجد لازم الفرع ده يتحرق
2042,من ساعتين طلبت سناك بوكس و قولت للي بياخد الطلب اني اخر مره طلبت الاكل كان بارد و قالي حاضر جالي الاكل زي الزفت حاجه استغفر الله العظيم كنتاكي شارع السودان لازم يتقفل بجد دي مش اول مره شغل كله عك
2043,بقى وحش أوي. الفراخ ملهاش طعم والخلطة ناشفة.
2044,كنتاكي شارع العريش من انضف الفروع الموجوده ❤
2045,انا من عشاق الريزو بجد تحفه ❤ حبيت
2046,اول مره اجرب الساندويش ده و طلبت منهم ان الاكل يجي سخن وجه سخن جدا الساندويش ملوش حل بجد كنتاكي فرع شارع العريش ❤ حبيت
2047,اسوء مطعم ممكن تاكل منو تشيكن
2048,Worst restaurant ever !! The chicken is so bad and the fries is tasteless !! Not recommended at all.
2049,اسعار عاليه وفراخ مزيته وبطاطس سيئه جدا جدا
2050,"Worst food ever, never going to order it again my entire life"
2051,"Chicken has a disgusting substance or thing underneath the outer crispy layer , I really don’t understand what is this and I won’t eat there again"
2052,"Bad service at the counter in mall of Egypt, they take wrong orders and even take extra money and claim they have no change."
2053,الفراخ سيئة جداً
2054,زبالة الزبالة فرع جامعة مصر اكتوبر
2055,فرع أول عباس .. المكان قعدته حلوة ولطيف طلبنا وجبة تويستر بس جاتلنا سبايسي مش عادي زي ما طلبنا الساندوتش كان حلو وبيشبع بس الطماطم الحاجة الوحيدة اللي حسيتها مش فريش الفرايز كانت حلوة ومقرمشة الحمام للأسف كان مش نضيف خالص .. وقبل مانمشي قلت ده لحد من...
2056,الرز بتاعه هايل .. و مميز جدا مهما حاولوا يقلدوه و الريزو كمان لطيف بس تناسب الرز و الفراخ للباربيكيو صوص مذ دايما ضابط علب الرز مضحكة و كذلك العيش الفراخ بقا وحشة جدا كتتبيلة و كطعم و تسوية و ككل حاجة
2057,Worst ever worldwide Aswa2 7aga fel mgara kolha
2058,"""Worst ever"" prize ????????????????????????"
2059,"Worst fried chicken , worst frensh fries"
2060,The quality depends on the branch
2061,"Good food, late delivery always"
2062,للاسف اسوء شئ فى مصر دلوقت ابعدوا عنه
2063,مش بحبه.. فعلا بتعجب ان فروعه بتكون مزدحمة.. ماله طعم بالمرة مندعم الطعم جلود الدجاج بتقرّف.. التسمية المظبوط ليه هو طبقة كرسبي لوحدها و الدجاج لوحده :)
2064,بقى من ابشع ما يكون محل فراخ مقلبة بيسخن الاكل في الميكرويف والفراخ مجلدة والرز ناشف
2065,"Still the best fried chicken, rizo and coleslaw I love it"
2066,من أسوأ الفروع داخل مصر طيبه مول مدينة نصر
2067,Tiba mall KFC you make me sick to my stomach!
2068,Tiba mall KFC I thought I give you guys another shot but you are hands down the greasiest stickiest skin weighs more then chicken I've ever had and Tiba mall KFC you are a disgrace to the KFC food chain!
2069,طبعآ كنتاكي الاول كانت من احسن المطاعم ف العالم بتعمل فراخ انما بعد ما (الكولونيل ساندرز) موسس شركة كنتاكي توفه وهي زي الزفت
2070,بعد ماكان احسن المطاعم بقا اسوء المطاعم وبقي طعمه زي الخره عن زمان
2071,طلبت دينر بوكس القطع صغيرة جدان
2072,الفراخ مش متنظفة كويس و مزيتة بس الخلطة طعمها حلو و الريزو حلو . اللي عايز ياكل فيه يغمض عينه و هو بياكل
2073,"Chicken zinger , twisted twister my ????????"
2074,الفراخ بارده والرز عادى جدا زى البيت
2075,الاكل بأحوال شويه مظبوط وشويه لا.. مش مميز يعني عادي
2076,ياريت لو ينفع اطلب من البرنامج يكون اسهل
2077,وجع بطن و فلوس بتدفع على الفاضى
2078,اسوأ مطعم شوفته و الفراخ مزيته بحس اني باكل زيت بالفراخ و مفيش مره اكلت منه و متعبتش استحاله اجربه تاني
2079,Kfc فرع عبده باشا . الفراخ الستربس ناشفة وصغيرة نسبيا كمان كنت طالبة big filler كان العيش مش طازة بيفرفت وكان الستربس ناشفة مع جبنة قليلة وصوص . الموضوع كان مش لطيف اوي الهاليبينو والخس كانوا لامين الموضوع شوية بس كنت حاسة اني مش مبسوطة ي ريت اهتمام ...
2080,Very bad service and very poor food
2081,Abbas al Akkad is fine I don't know what's up with the managers at Tiba mall your chicken really sucks guys
2082,طلبت زنجر فى كنتاكى فرع كورنيش اسيوط وكانت الفراخ عباره عن ورقة بفره بالظبط . الفراخ رفيعه جدا و تكاد تكون مش موجوده . فعلا انا بندم فى كل مره اروح فيها هناك
2083,ساعات بيبقي حلو وساعات لأ بس نفسي يرجع زي زمان بس صعب خلاص
2084,الحمام بتاعهم حلو.. لكن الاكل ؟ لا خالص
2085,Still best fried chicken bel nesbali bs lazm a2lhom ytwso bel order
2086,كان حلو زمان ودلوقتي بقى وحش جدا جدا
2087,بيختلف من فرع لفرع في فروع بتبقي حلوه اوي بحب اكل من فرع الميرغني
2088,"Actually I found that not all KFC branches have the same food quality since it different from one to another, but totally it’s good and delicious"
2089,Rice meals with strips احلي حاجه غير كده مش بيعجبني اي حاجه
2090,بقى وحش جدا و بيوجع البطن
2091,الجودة مش رائعة و الأسعار مبقتش رخيصة في الوجبات الكبيرة. من احلى الحاجات الريزو و الdinner box .
2092,كل مسافر السخنه لازم اكل من هناك عشان الفراخ بتبقى مقليه مظبوط و طعم الاكل مختلف عن هنا بس المره دى مكنش مظبوط اوى
2093,فرع الخليفة المأمون يعتبر من احسن الفروع في الخدمة وجودة الاكل . بس عموما كنتاكي غالي وبقى ليه بدايل ارخص
2094,"Late guilty pleasure meal, I regret nothing."
2095,Your better off with this Tiba mall
2096,Thanks for all persons in your restaurant
2097,I've had better frozen chicken from the supermarket
2098,B7boo awii awii awii awii
2099,كان يعتبر من احسن fastfood في مصر بس بقي غااالي جدا والquality في الارض والطعم بقي مش حلو والفراخ مزيتة جدا وفي مطاعم بتعمل فراخ كرسبي احسن منه وارخص
2100,طعمو سيء جدا و الفراخ واخدها بارده و مدينى جناح صغير و و الوجبه صغيره اصلن و مايتهلس ربع التمن دا
2101,انا مش عارف الناس ازاى مبتحبش كنتاكى و الله ! كنتاكى ده ممن يبقى احلى فراخ باكلها و الناس اللى بتقعد تقول مقرف و تسمم دول بيشتغلو نفسهم عشان كل المحلات بتقلى فى نفس الزيت بغض النظر عن انه بقى غالى اوى الفترة الاخير بس انا مدمن كنتاكى بصراحة :)
2102,over priced..elroz kan w7esh geddan we kmeyya olyela gedan...y3ny roz so3'ayar fy 3elba bta3t te7ina !!
2103,Not satisfied المستوى في النازل ......
2104,Last time I went there 'El Thawra' branch.. I got a dinner box.. the chicken was full of blood and it looked black.. and the pieces were super small and not even tasty
2105,شخصياً مبحبش الاكل في المطاعم بس لأني كنت راجعة من الشغل ومعدية في الليبني قلت اجرب فرع اللبيني و بما اني رايحة البيت فطلبت Snack Box فظيع فظيع فظيع بكل ما تحمل كلمة فظيع من معنى يعني العيش مستوى منخفض جدا البطاطس متفولة زيت الفراخ ملهاش طعم إطلاقا د...
2106,انا بقالي سنين كتيرة اوي باكل منه و رحت اغلب فروع القاهرة اغلب فروعه سيئة جدا و خصوصا فرع عباس العقاد بغض النظر ان دايما بيجيلي حاجة في معدتي بعد ما اكل من عندهم بس كنت مستمرة اكل على امل ان المرة الجاية اكلهم جودته تتحسن كان فعلا بتبان النضافة في ...
2107,I've stayed in bed for three days for the last dinner box I have got!
2108,تحسن ملحوظ في فرع الطيران
2109,مباكلش من KFC غير ريزو لأني مش بقتنع بأكله و جبته انهارده و الكميه قليله جدا غير كدا مش راضيين حتى يحطوا BBQ و بيعاملوا الناس بقلة احترام و الرز كان فيه شوربه او ميه باين و حاجه في قمه القرف هو KFC مش من الناس اللي مستواها تدنى لأنه مستواه ديما متدني...
2110,Never eat from it again ...
2111,المرات القليله اللي اكلت فيها كنتاكي و كانت عزومه أو طلبت مع زمايلي كنت يستغرب فعلا ان حد ممكن يعجبه الأكل ده و ينزل مخصوص ليه . عموما الحياه أذواق
2112,علي فكرة كان في برص صغير في المطعم وفارة والدة وخنفسة في المدخل وصراصير في البلعات ده في فرع كنتاكي ابو العز
2113,اسوء حاجة أكلتها ف حياتي !
2114,يوم الاحد 3-9-2017 الساعه 5:30 مسائا عملت اوردر من فرع الهرم 2 الى عند شارع العريش حسب ما مكتوب في الريسيت و لما كلمت الكول سنتر كلمت الشكاوى الاول عشان الاوردر يجى مظبوط و مش مزيت و الفراخ تتبيلتها حلوه زى اخر مره لكن للاسف الفراخ كانت اه مش مزيته خ...
2115,فقط اذا كان عندك استعداد تنتظر اكتر من ساعه و نص عشان يوصلك حتى لو الفرع قدام البيت بالاضافه لخدمه عملاء اسقع من الديب فريزر و فى الاخر يجيلك فرخه ما يعلم بيها الا ربنا
2116,دائما الفراخ مليانه زيت و الفراخ و التتبيله طعمهم مش زى زمان
2117,Depends 3ala el far3 fe fero3 7elwa awi bs el so5na aw city stars el food court el gedid w fe fero3 sy2a
2118,"KFC has to close the franchise in Egypt, awful quality compared to Europe's KFC"
2119,كنت قيمت كنتاكي قبل كدا وكان زفت جدا بس كنتاكي من الحاجات اللي بتلف تلف و لازم كل فترة تاكل منها مش عارف ليه المرة دي حببني فيه ، كنت ف فرع الطيران الساعه ١٢ ونص يوم مش ويك ايند انا مش هقول غير انكوا لازم تجربوا تطلبوا اكل والمحل فاضي ومعندوش زحمة ، ...
2120,احلى فرع معادي شارع النصر نضيف كويس نوعا ما عن الفروع الثانيه
2121,Crazy prices depends on not good food . Some branches have a good quality not all
2122,The dinner box was good The fries was very cold
2123,"Over priced, tastes like shit ."
2124,الاكل بارد جداا ، و طلبت سبايسي جالى عادى و البطاطس كأن بقالها ساعتين و حاجه سيئه جدا !
2125,فرع الطيران..مستوى متدني مختلف عن زمان كتير.. مبقاش ليه طعم و ال crust مزيتة اوي.. و العيش مفرول.. مقابل أسعار عالية نسبيا... فرع كايرو فستيفال جربته يوم 28/7 و كان أفضل بكتير من تجاربي في فروع مدينة نصر
2126,اكل اي الزفت وكمان overprice وخلاص يعني ادفع ٦٥ من غير ضرائب في dinner meal ولا بتشبع وغالية والاكل وحش جدا ???? كنتاكي في مصر سي جدا السعودية احسن منه بس مشكلته غالي شوية بس حلو انما مصر الاكل زفت اوي اوي اوي
2127,الكول سلو بس اللي مستواها ثابت و دائما حلوة و مظبوطة فيما عدا ذلك انت و حظك على حسب مزاج الفرع اه و العيش بردو مستواه ثابت و دايما ناشف ????
2128,"It's good, But too expensive for some chicken"
2129,"very nice as always, except the prices it is getting higher and higher"
2130,احلى حاجة عندهم سلطة الكول سلو .
2131,الدينر بوكس بقي غالي اوي و حجمه و ميستاهلش السعر ده ، البطاطس طرية كده و مش حلوه ، الكول سلو طعمها حلو اوي اكتر حاجة افضل اني اجبها من هناك
2132,El2kl sayee2 gdn w 3'ly 3alfady.
2133,الوجبات كله وحشه جدا . ساندويتش الزنجر سوبريم حلو و ريزو
2134,مفيش أسوأ من كدة اكل و خدمة و أسعار
2135,طعمه حلو اووووى بس مبقاش زى زمان فى فروع بتعملي تحفه زى المعادى والتحرير وشبرا وفروع بتعمله وحش اوى وشارب زيت وبايت بس بموت فيه
2136,كنتاكي مصر مش بنفس جودة كنتاكي برة خالص مفيش غير فرع التحرير الي كويس
2137,تحس ان فراخ بلاستيك او في حاجة مش لطيفة ف الموضوع ????
2138,The worst restaurant ever Every thing is bad
2139,اكل سئ و بارد و تحس ان بتاكل حاجه بلستك
2140,Ta3mo 7elw bas te2il w fy zeet ketir awy
2141,ردئ جداااا وبالذات التويست والفرايز بارده
2142,مع انه كان المفضل عندي بس مبقتتش اطلب منه بقالي قرب السنة لسببين .. اولا مينفعش اجيب وجبة 3 قطع و ادفع 50 و لا 60 جنيه .. ثانيا الفراخ بقت مليانة زيت و خلطة و مش حلوة اطلاقا .. مبقتش اقدر اكله الا و اتعب بعديه .. دلوقتي بقى فيه مطاعم كتير جدا بتحاول ...
2143,The worst fried chicken ever
2144,وجع بطن كلنا بنحنله ومدمنينه وبنطلب واحنا عارفين ان بطننا هتوجعنا
2145,اسوء فراخ مقلية فى مصر مش عارفة ازاى لسة فى حد بياكل هناك فى اماكن كتير زى تشيكن فيلا تضربه
2146,الريزو السبايسي والكيلا هما دول احسن حاجه
2147,بتاكل فراخ بالزيت سيئ جدا
2148,Lw fy zero rate kont 3mlto bgd far3 l shorouk msh 3arfa a dool 5adt l akl mn8er fries 5als w etslt 2aloli hnb3to w mb3thosh wala 7atta etslo e3tzro ????
2149,سعر الوجبة بقت مبالغ فيها بجد
2150,في الاول كان تحفة بس اخر مرة جبته لقيت ف الفراخ دم و مرة لقيت لحم الفراخ غامق اوي و البطاطس بتكون مش مستوية كويس و باردة بصراحة مبقتش بفكر اكل عنده
2151,Seriously idek how do people eat there. I am not even sure if this is chicken?
2152,فرع القطامية بجانب نادي الصيد وفرع اميريكانا بلازا التجمع ممتازين في حالة انك تروح تطلب بنفسك ، بإستثناء دا انا مش بدخل كنتاكي
2153,يوم السبت 20-5-2017 الساعه 2:45 الظهر طلبت كنتاكي و كان حلو فرع الهرم 2 الي هو جنب شارع العريش بس بصراحه كلمت الشكاوي الاول و قلتلهم انا مقاطعكم من فتره عشان الفراخ مش متبله من جوه و قالي اعمل اوردر دلوقتي و هتجيلك فيها تتبيله من جوه و زي الفل وعملت ...
2154,Showed significant improvement
2155,Not very tasty ...Too much oil.
2156,I always get sick ???? I will never try it again bad quality chicken
2157,حلو و جميل و عسل و خلصونا عاوزين ناكل
2158,It's very expensive and the golden Monday offer is useless now because the prices are irrational
2159,طلبت الاكل و جه مش طازة خالص بس الى مقدرتش أكله الساندوتش كانت الفراخ عامله ذى الكاوتش و اتقرفت و ماكلتش و آلى دايقنى اتكلمت اشتكى و قالولى هنكلم الفرع و هنرجع نشوف المشكلة و طبعا و لا حد عبرنى مع انى ماطلبتش ان يجيلى اكل غيره بس كان على الأقل يعتذرو...
2160,"I hate every time I regret ordering it, no taste and very unhealthy food"
2161,Good and tasty experience.
2162,I hate this resturent
2163,"KFC 3amatan "" wag3 batn be felos keter """
2164,Excellent Very this restaurant???? Amr Alaa????????
2165,i actually love it i don't know why all people hate it
2166,khara walahi ma aklo ll kalb
2167,تجربتى يوم السبت 17 -12- 2016 الساعه 2 الظهر و طلبت اوردر من فرع الهرم و جعه فى ميعاده و الاكل سخن و بما انى مقاطعه من زمان و احنا صايمين و هو عامل وجبات صيامى جمبرى قولت اجرب و طلبت وجبه شريمبو صيامى بيبدل الكلوسلو بسلاطه خضراء و بيشيل الصوص الى بتن...
2168,"awful restaurant ,I don't even think they serve real chicken"
2169,really really so bad ...
2170,The food is really bad
2171,"Whilst I am aware of the fact that not everyone has had a ""pleasant "" experience with KFC . For me personally every meal was top notch. I don't know if there's a difference with different branches , maybe that's the case (mines the Lebanon ..."
2172,although it's very unhealthy and oily but i really love the taste of their chicken specially in other countries
2173,"Super pricey, super bad, super small portion, and you'll get super sick (prepare antinal)"
2174,zbaaaaaaaaaaaaaaaaaala
2175,55555555555555555555555555555ara
2176,Omak we elle gabtha ma7al zay teazko
2177,ايه القرف دة اقسم بالله ..
2178,"I'm addicted and I can't stop. But you can still be saved, please don't eat there I'm not even sure it's chicken"
2179,Are people actually still eating from KFC ? Worst ever! Tasteless and simply aches.
2180,مش حلو و الدجاج ملوش طعم من جوا
2181,very bad deserves less than a star
2182,very bad quality and very bad service
2183,"Very bad quality, awful taste & never had such a dirty salad like this"
2184,IT DOESN'T EVEN DESERVE ONE STAR!!!! I ordered today from KFC carrefour branch and it Was completely the worst food I have ever ordered الاكل بارد و زفر و مزيت جدااا .. حاجة وجع بطن Never recommend it at all... :$
2185,"the worst restaurant ever, very bad food and very bad service and the worst delivery. less than one star."
2186,Worst customer service ever! We got our order after over an hour only to discover they delivered the wrong thing. After three hours we got another delivery with wrong food AGAIN. TOTALLY NOT WORTH IT!
2187,"من أبشع الفرانشايزس في مصر! واضح ان كنتاكي بالذات معندهوش قدرة على تخزين الفراخ بشكل سليم, لإنها دايما بتجيلي مزفرة ومزيّتة ومقرفة! مرة اتصاب بتسمم غذائي, ومرة تجيلي زغطة عنيفة تستمر 3 أيام متواصة (من غير ادني مبالغة والله) وحاجة آخر قرف يعني! الكوال..."
2188,I really hate it ...........
2189,"I ordered a meal at 4.03 and they told me it would be delivered in 30 minutes. In fact, it came after more than one hour. The food tuned out to be very bad and far less attractive and less delicious than I expected."
2190,1 STAR REAVIEW IS TOO Much FOR THIS SHIT YOU'D RATHER EAT SHIT
2191,Bad food bad service bad attitude
2192,The most amazing place for chicken wings
2193,Really soooo bad in everything
2194,kfc is my lovely food eveeeeeer
2195,greeeet service and amazing chicken breast ♥♥♥
2196,Simply disgusting
2197,The worst customer service experience ever .. Employees they don't know what to do People who work there are not professional at all .. Orders are missing .. Blind transfers to get ride of the call .. Never recommend it to anyone
2198,I can't believe people still eat in this restaurant!
2199,اسوء فراخ ممكن تاكلها مزيته و ملهاش طعم من جوه كالعاده الفراخ من جوه طعمها تمام زى المسلوق و غير اى تتبيل الى جانب انى سعرهم بقى مبالغ فيه جدا مقابل طعم فعلا سىء انصح الناس بتجربه المحلات الى بتعمل نفس نوع الفراخ دى لانى فيه منهم كتير بيعملها انضف و...
2200,really bad experience with bad taste ... kfc egypt is not longer awesome
2201,Love it.. Best fried chicken in Egypt
2202,Love KFC one of the best places to eat❤️
2203,minus infinity! this is garbage not food
2204,زيت محشي بالفراخ. ....
2205,Call center told me the order will arrive in 45 mn. Branch manager called after 1 hour and said the order will arrive in 10 mn. Eventually I received my order after 95 mn... El Sherouk branch... Every now and then I get late delivery or a bad oily no...
2206,So lovely restaurant i am in love with it
2207,worst branch and staff ever
2208,https://www.facebook.com/ramy.abdullah/posts/10156781767795043
2209,"Worest chicken ever, always not fresh, weird aftertaste, bad chicken taste"
2210,prices are not updated
2211,very good food amazing
2212,الاكل منقوع في زيت عربيات والفراخ بايظه وحادقه جدا والبطاطس متتكلش
2213,it is very nice but the quality is less than the past
2214,Sad to say that KFC used to be good but every thing changed :-(
2215,"The worst branch ever ""6 october Gamgom mall"""
2216,The worst of the worst branch ever
2217,very bad .............
2218,وحش اوي بجد و غالي علي الفاضي
2219,Simply disgusting .....
2220,i think the worst thing in it is the stuff and the delivery but i hope they turn to there past again it was good and .it is very bad in egypt but good in suadia and odont know why
2221,They have a delicious taste and a horrible pain!
2222,زيت ثم زيت ثم زيت وشوية زيت
2223,Worst quality ever!!
2224,"I used to be a fan of Kfc's small greasy chicken i always kept going back to it but fortunately that stopped when i found the cooked COCKROACH in my rice. That just did it for me, i've been put off KFC for Years. Gatkom el Araf!!! ana mesh 3arfa meen..."
2225,it doesnt ever deserve a star. Everything is poor quality its disgusting. Akl feran wel mos7af.
2226,You have to apdate the prices please.
2227,"Is there anybody looking to the comments,,,, we should report the quality & the hygine issues to the legal organization .... They must look into the comments seriously"
2228,This is my best food!!! but very bad quality and the delivery is very bad but the taste is very nice
2229,"I used to love KFC, but now I'm very disappointed!! The food is sometimes either under cooked or too oily! I don't think I've eaten KFC lately and not feel sick afterwards! Very bad!!"
2230,The delivery is very bad!!!
2231,Bad quality but very good tatste!
2232,Worst quality!!!!! Don't even try it!
2233,"One word, ADDICTIVE"
2234,Blah never eat from it again I found a fly in my food
2235,bgd talama e7na lesa benakol men el makan dah yest7e2 ely yegrna sorrry fe el kelma 3arbyet el kebda we el sogo2 andaf meno 5ero eno mesh nasab zayo ely beybe3 gena7 eno ket3a
2236,horrible.. absolutely regret it
2237,great depend on the Branches and if you are prepared to sit in the bathroom for some time :D
2238,my favourite kfc sandwitch
2239,elakl msh 7lw 5als w daymn zfr w mzyt w 7aga t2rf bgd ! ana btlt akol mno asln -_-
2240,I'm very disappointed from this awful level that kfc had reached!
2241,"the delivery came cold and not crunshy, never ordering from there again"
2242,I have a big problem with the fries...chicken is good but not like everytime i order..sometimes delicious and can't be better than that and others doesn't taste well and smelly...i can say thet the coleslow salad is more than PERFECTT!!
2243,the worst place to eat the chicken was so bad test and the stuff is cold to take responsibility
2244,worst quality ever.......
2245,"I've tried so many branches, from Cairo to Alex, and is quality is still worse."
2246,awful food and everything
2247,"the chicken are ok but really salty, the fries are dry and tasteless , other than that the other items are good , the 6oOc Hosary chain doesn't offer fountain pepsi only cans, lastly the place has good hygine but needs more maintenance in my opinion ..."
2248,انا بحبه جدا بس ساعات بيجيلي تحفة ملهوش حل سخن و لذيذ و تتبيلته مظبوطة و ساعات مش ممكن يكون اسوأ من كدا بارد و زفر و طعمه مش حلو و مثير للشك فطريقة اعداده .. مش عارفة سبب التفاوت المريع دا
2249,رائع جدااااااااااااااااااااااااا
2250,"Very bad chicken quality, diarrhea is a must."
2251,Always the delivery is very late. and the quality is very bad.
2252,"Bgd 3omry ma hakol meno tany , damarly batny w bawazly seyamy"
2253,7aga t2ref elawel kont bakol menno b3d keda ba2et ala2y damm t7t la7met elfera5 et2o rabena feenaasa
2254,"We all have this primal urge which makes us crave KFC for some reason. We know it will always lead to endless bathroom trips, but it's worth the pain."
2255,Worst quality ever.. I always end up regretting even the fries is horrible and oily
2256,"seriously .. The worst fried chicken restaurant in Egypt, chicken looks, tastes, and even smells disgusting, the fries r practically plastic, 7aga te2ref"
2257,بجد والله اوحش اكل في مصر
2258,was pretty good last time I ordered. and they came in.30 mins
2259,لو كان فيه أقل من كدا كان هيبقي كويس. العقاب الإلهي عندما يكون بيتاكل
2260,"Worst quality ever, zero hygiene !"
2261,"I don't understand the people who complain about the oiliness or quality of KFC Egypt. You knew exactly what you were getting when you ordered it. By now we all know it's greasy, gives us heartburn and is nothing like other KFCs abroad. But once in a..."
2262,اسؤء إدارة مطاعم فيكي يا مصر ، فرع كويس وفرع نيلة .
2263,never liked their food
2264,"I adore KFC , everything is so yummy"
2265,Bad food taste & quality and yet their prices are high.. Not recommeded at all
2266,Fucks up your digestive system
2267,فرع اكتوبر الحصري سيئ جدا والعمال اللي فيه تحس انهم هيضربوك ... بجد الاكل وحش اوي
2268,"I had a problem in the past with KFC 1-their food is not healthy and usually small pieces or rubbish taste 2-I called to order a dinner box and an adviser in the call center advised me that the order will be delivered in 45 minutes, I agreed with th..."
2269,Worst place to eat at !!! Workers there should get fired !!!
2270,"Im never ordering from this place again,I got food poisoning and it was awful!!"
2271,"The worst food in nearly all it's branches, it should close down in Egypt"
2272,Worst%20Quality%20Delivery
2273,I HAVE ABIG PROBLEM WITH KFC ISMAILIA THE DELIVERY ALWAYS LATE AND THE CHICKEN NOT FRISH
2274,WORST QUALITY EVER..
2275,"انا اتصلت بيكم فى يوم ,,, وكان اول يوم رمضان وبعدت ما عملت الاوردر انتو اتصلتو عليا ولغيتوه تانى ع العموم انا مش هدخل عندكو تانى ابدا :/"
2276,"The only reason I go to KFC is their Coleslaw salad, the tastiest in the block. Go get it and save your remaining bucks on better food."
2277,Oil? oil? :')
2278,HORRIBLE . I haven't eaten there for years and iam glad . One of my friend got food poisoned after eating in KFC . The chicken was once RAW on the inside . Non edible food . Just stay away from it .
2279,كل فرع جودة شكل، فرع الرحاب هو الافضل، الميرغني وستارز الأسوء... بشكل عام الجودة متوسطة لكني بحبه
2280,"Dear Sir, I have been treated really in a miserable way from Manial branch and customer servicecomplaint employees. I requested an order and added a comment that the food came last time with a VERY bad quality and requested a better quality this time..."
2281,The service is awful...I made an order via otlob and kfc delivered it wrong...I called to complain and was told the branch manager will call in 10 minutes and 45 minutes later no one called so I called again..the branch manager called back 10 min lat...
2282,اوقات بيطلع كويس وكتير بطلع دلوقتي الدجاج بتاعهم زفر جدا و البطاطس وحشه جدا احلى حاجه الكولسلو بموت فيها
2283,"Fried chicken with no quality at all, frozen buns and tasteless fries. I guess that sums up KFC.You can only enjoy the sandwiches and the coleslaw if you were lucky."
2284,"With so many bad reviews for KFC, it's probably due to inconsistency between different branches. The Lebanon square branch serves decent food. Crispy, hot and tastes good. I have to say it was pretty bad years ago, somehow every time I order it ke..."
2285,"Whenever I pass by KFC I think to myself '""Do I feel like spending half of the night and the following morning steaming and sweating in the Bathroom?"""" If yes then I go ahead and grab me a Mighty Zinger. If no then I still go ahead for some weird rea..."
2286,"I regret eating there one day ! The chicken, the buns and the fries were awful ! The only thing I slightly enjoyed was the coleslaw salad !"
2287,box master is bad..............................................
2288,"For starters, why don't you change the oil?The fries are uneatable, totally disgusting.The sandwich is DRY and the chicken is SAP.I'm never gonna eat at this place ever again!"
2289,sometimes the chicken tastes AWFUL ! one time i even couldnt eat it .. it was very bad . i think the oil u fry the chicken in or something like that . and the fries.. alot of times it's as hard as rock and not even warm enough to eat .. and the bun a...
2290,"6th of October Village, Palm Beach, Agamy, Alexandria, Egyptis the worst branch ever !!!!!!!!!! , the food is awful there , this branch is destroying the rebutation of KFC"
2291,"My favorite saver restaurant, when feel hungry and need to eat a fast delicious food KFC is my choice. i prefer dinner box dark meat with extra piece."
2292,"my alltime favorite restaurant ever, try the family meals, and the best coleslaw salad allover Egypt..also the dinner box"
2293,the worst thing I ever ate
