,comment
0,I love the nuggie they so good and the fries were so delicious and 5 stars
1,البطاطس مش طازه والزيت واضح الطعم
2,انا كنت طالب بيج ماك كومبو كبير الساندولش جه وسط
3,"Even 1 start is a lot for them, don’t eat from them and lose your humanity"
4,الاكل بيوصل بارد ومتأخر
5,جيد
6,the food was okay but it arrived very late and it was too cold to eat.
7,tastes off
8,i
9,order came after 2 hours .. cold and completely not edible
10,سيء جدا
11,I ordered mushroom big tasty it was very disappointing the burger is very thin and tastes bad and the other sandwich was big tasty beef was very cold and tasteless. it will be last time for sure.
12,"portions are very poor especially chicken MacMuffin, and it cames without egg as it's ordered !!"
13,Very cold
14,The food was very bad
15,الاكل بارد
16,Everything and this app sucks
17,طعمه مش اوي
18,Good
19,cold and very soggy
20,Great
21,They forgot my sundae
22,Late
23,Cold food Sandwich was not fresh at all!
24,Cold sandwich and fries 😡
25,للمرة المليون الاكل يتأخر اكتر من ساعة و ميجيش سخن و كدابين كلهم معلش اصل المندوب معلش اصل المطعم و خدمة وسخة و خدمة عملاء وسخة و كل مرة الحاجة تيجي مش سخنة و متأخرة بالساعة و السعتين مع اننا دفعين دلفري قد كدة.. ابلكيشن فاشل همسح الاكونت بتاعي
26,كان يارد اوييي
27,وحش جدا جدا و جاى ناقص حجات و بارد وكمان الاسلوب فى الفرح وحش جدا و
28,الفرع امتنع عن تسليم الاوردر
29,Oily fries
30,الامل وصل متلح
31,the driver was very very rude
32,S
33,all
34,مقاطعة❌️ ..................................................................
35,لم يتم وضع شرائح الجبنة داخل الساندويتشات
36,Coupon doesn’t work
37,These bastards are selling the meal for 450 pounds to make up for the boycott loses and the moronic people in this country are still buying and paying this ridiculous price for a junk meal
38,too much delivery fees as it very close to us
39,جه بارد جدا
40,🥰
41,السندوتشات زفره جدا
42,The sandwich was very spicy and i was ordering it regualr not spicy one please make sure next time
43,الاوردر بارد
44,❤️
45,الاكل سي جدا وحصلي نزله معويه بعديه و الصوص طعمو متغير و الاكل جاي بارد جدا تجربه سيئه و لا يوجد خدمه عملاء جيده
46,"The fries were very bad, old and oily"
47,خدمه توصيل زففففت
48,مجاش
49,The fries was cold
50,Mcdonald’s Maadi is very disappointing
51,الاوردر جه ناقص لتر كولا و كلمت خدمه العملا و قالو هتيجي بردو مجتش
52,Food taste was very weird and cold My stomach herted me the day after and i threw up all the food
53,they didnt put onions as requested but the order was fresh
54,Order is wrong I ordered 2 cheese burger and one macdo and I received 3 macdo’s
55,lasr order was really really bad the chicken was really old أخر اوردر كان وحش أوي .. الفراخ كانت قادمة و متسخنة
56,الاوردر سيئ جدا البطاطس بارده ومزيته والتغليف مش أحسن حاجه
57,i asked for grand chicken spicy why it s come premier !!!!!!!!
58,الاوردر جيه متاخر جدا و كله كان بارد
59,.
60,recived my order after 2 and half hours
61,u
62,الوجبة كانت حلوه بس الساندويتش مش بيشبع خالص
63,Quality was baaaad
64,🇵🇸🇵🇸🇵🇸🇵🇸🇵🇸🇵🇸🇵🇸🇵🇸🇵🇸🇵🇸🇵🇸🇵🇸🇵🇸🇵🇸🇵🇸🇵🇸🇵🇸🇵🇸🇵🇸🇵🇸🇵🇸🇵🇸🇵🇸🇵🇸🇵🇸🇵🇸🇵🇸🇵🇸🇵🇸🇵🇸🇵🇸🇵🇸🇵🇸🇵🇸🇵🇸🇵🇸🇵🇸🇵🇸🇵🇸🇵🇸
65,بينسوا دايما اضافه الكاتشب حتى بعد الطلب
66,حلوه اوووى
67,Burger was cold and tasted awful The fries were soggy and oily
68,👍🏽
69,"no delivery, Where's refund money"
70,"This restaurant needs to be renamed. Something like ""this sauce is not available, please choose another one"". This is just awful. they haven't been able to fix the issue with their own menu and the availability of sauce for over a year. shame!"
71,Food is very bad and cleanliness
72,Amazing
73,وحش
74,The food was cold
75,Delivery guy was impolite & ordered Coca can & got machine Coca
76,The delivery time took 3 hours and the order came cold
77,No
78,كان حار جدا جدا فوق الوصف
79,apple pie was missing
80,وحش جدااااااااا و كان بااااارد مع اني كاتبة في الكومنت يجي سخن و سريع و كمان الدليفري جاي متأخر و مش عاوز يطلع كأنه بيسممني الاكل كان تجربة 0/10
81,Very bad
82,الاكل كان سي جدا وبشع والبطاطس بارده وناشفه
83,too late and cold food (maadi)
84,الاكل جاي بارد و البرجر محروق و طبعا طعمه مرر و البطاطس جايه بارده و معجنه في بعض حاجه تقرف والله
85,B
86,Soggy and unsalted fries:( we have had better from McDonald’s.
87,I ordered 1 meal and 2 sandwitch. The third sandwitch taste was odd and the cola machine was weird and not as good as it used to be. The cola had strange taste
88,"I ordered large fries and half tha packet was empty, the fries were cold and the chicken pieces was full of oil"
89,Love itt
90,الاكل كان بارد
91,الاوردر اتأخر جدا اكتر من ساعتين و لغيته فالاخر
92,I dint receive the order
93,اكل سيئ للغاية و مفيش packing كويس و انا بعمل شكوي في الفرع عشان مش اول مرة الاهمال ده في الطلب!!!!
94,Cold
95,الاكل كويس بس مجاش معاه كاتشب
96,حجم الساندوتش صغر جدا ورفعتو سعره...كده غلط انا اتفاجئت بحجمه
97,للاسف اوردر زى الزفت و بسببه عندى الم و قىء من امبارح
98,الاكل بيجي فوق بعضه وبارد
99,Thanks
100,Vvv
101,مش محترم وقليل الادب ونا هتصرف معا كدا كدا دا يشتغل بتاع فول راجل مهزق جدا
102,"missing item, chicke Macdo"
103,good
104,جميل
105,Hhh
106,طلبت كولا زيرو وجالي فرايز ومره طلبت كولا زيرو وجالي كولا عاديه
107,it came to different location
108,The potatoes were too salty and dry
109,The apple pie was horrible
110,X
111,أنا أطالب بتعويض رفعتوا ضغطي روحوا ناموا وقفلوا محلكم الجعان
112,أسوء تجربة لي كانت اليوم الساندوتش قد كف اليد والصوص ما جاني في علية والفرايز مرة بسيط أكل جعان جداً بالنسبة لمطعم معروف عالمياً أكل جداً جاعن إنت كتاجر فاتح مطعم لي بتقدم أكل بالطريقة ذي ؟؟؟!! ليه؟ مجاعة؟ ليه السادوتش أصغر من كف يدي ليه؟ وبعد دا كلو...
113,Wrong sauce
114,الاكل كان سئ جدا جدا
115,البطاطس طريه و ساقعه
116,Ana talabt milk shake vanille wa gali chocolate 🙃
117,COLD FRIES
118,I asked to wrap the drink. But it arrived un wrapped
119,ممتاز
120,المشروب سخن ومعامله مش كويسه
121,اللى عمل الاوردر ايده كانت هتتقطع لو حط كاتشب؟ ازاى محل برجر مايبعتش كاتشب حاجه قرف
122,الاكل بارد والبطاطس تحميرها ضعيف وبدون طعم
123,الطعم مش حلو و بارد
124,fries were soggy. the food generally was not fresh.
125,Tasteless
126,الاكل ساقع جداً
127,👍
128,قطعه الفراخ متشبعش طفل عنده سنتين
129,still the food not good i swear if the food came not fresh and old I will post it on social media and make a problem with you
130,كله حلو
131,the mayonnaise was missing from the order
132,the food was taste like shit and the fries oily and old and the sandwich bread was like rock please make the food next time better
133,"The food was cold, the fries were no longer nice because they were cold, and the ice in the drink had completely melted and the cola was watery"
134,The menu is wrong! Missing positions during several months!!! Update your menu! Don’t be lazy! Very bad!
135,الاوردر مجاش اصلا وخدو فلوسو
136,كنت طالبه كولا ماشين و جاتلي ليتر و اتأخر جدا
137,الطلب موصلش أصلا
138,Bug in food
139,كان مكتوب الفاتوره 570 و الطيار خذ 580 وين مصداقيه السعر ف الموقع؟
140,البيبسي زيرو كان ناقص لحد نص
141,اللي وصل الاوردر حطلي الميلك شيك في السبت و كان مفتوح و اتدلق كله في السبت فا لو سمحت اللي هيجي يتأكد ان الحاجه مقفوله كويس و يحطها براحه
142,The best
143,المندوب وقع الحاجات بتاعتي في الرمله وكان واقف بيمسحها في هدومه مش فاهمه ايه ده بصراحه
144,a very good guy and fast delivery food and the sandwich was bigger than before and hot
145,لعنة الله عليكم يا كلاب الصهاينة ياللي لسه بتطلبوا من المكان المقرف ده يارب تصيبكم دعوة ومن عاونهم
146,r
147,chicken fillet كان نئ ووحش جدا
148,Incredible ! You even put caramel in the McFlurry🤩 as if you know I like it. Thank you!
149,it was very cold and the taste was awful 😖
150,الاوردر وصل عندي بمشروبات غير اللي طلبتها والبطاطس وحشة جدا
151,ice cream was expired all of it was if I could rate it a 0 star I would
152,ت
153,fries portion was small
154,g
155,الاسعار بقيت غالية اوي مقارنة بالطعم فين ماكدونالدز بتاع زمان ؟
156,I ordered chocolate and extra strawberry. But you put extra chocolate. You made a mistake
157,اسوء أوردر
158,The big tasty sauce didnt come
159,Order came cold and fries very bad and sandwich with sauce ( meanwhile i asked for it plain)
160,Order hasn’t arrived
161,تأخبر ساعتين على التوصيل جدا سيء
162,"It is a shitty restaurant. It must be from 1,but it's a definite zero."
163,The food was so cold and the drink was spilling
164,Items from the app are not available. Very bad
165,my drinks and 2 ice cream came melted down like water
166,The driver dropped my large cola machine and i still payed the price
167,Hvggv
168,🤍
169,the bun is burnt
170,gooddd
171,الاكل سئ وبطاطس نية والبيبسي مدلوق واوردر سئ
172,مجاش تشيكن ماجدو جي بداله تشيز برجر
173,الناجتس مجتش اصلاً
174,تحفه
175,"The order was so cold and the fries was terrible,"
176,الاكل كان بارد جيداً والسائق اتأخر
177,الاكل مكانش فريش
178,Food was cold !!!
179,الاكل كان فيه حشرات اهتموا بالأكل شويه انا بحب الاكل من عندكوا
180,انا استنيت الاوردر اكتر من ٣ ساعات ونص
181,كان فيه شعرايه فى الاكل والاكل طعمه سى جداا
182,"Everything was perfect , driver was so nice"
183,الاوردر وصل بعد ٣ ساعات وحاولت اكلم المطعم كذا مرة وانتظرت كتير على الهولد ومحدش بيرد الخدمة كانت سيئة جدا وده غريب على اسم زي ماكدونالدز
184,-
185,لقيت شعره فال Sunday والعلبه مغلقه حاجه سيئه جدا جدا جدا واخر تعامل ليا مع الشركه.
186,sausage meat tasted funny
187,"spoiled ice cream, and fries not fresh"
188,الاكل معمول بعك ومفيش صوص في السندويش
189,الاكل بارد جدا
190,Not fresh bread Cold food No tomatoes Quality was low for this order
191,بسبب عرة جدا؛ كلبت اوردر بيقولي هبعتلك حد ياخد ديبوزيت او زي مقدك قبل ما يعمل او يجبلي الأوردر. دا زي جدية حجز يعني ولا ايه! انا مش فاهم ايه الحركة العرة دي. زائد هو ايه اللي يضمن انك خدت مني فلوس دلوقتي يعني، هو براند تحت السلم ولا ايه!!!؟
192,ridiculously small muffin
193,👍🏻👍🏻👍🏻
194,البرجر محروق و العيش بايت و جاي من غير طماطم و لا بصل
195,paid for 3 hash browns and only got 2
196,كأنه بلاستيك
197,didn't recieve the order was charged on it anyway
198,"McDonald’s chain in Egypt has lost its mind jacking the prices of a burger to 400 pounds, not including fries or drink. Only fools would pay such a ridiculous amount of money for a burger sandwich (junk food)"
199,الاوردر جه ناقص
200,البطاطس مش طازة
201,food looked squashed. fries tasted like been in an ash tray. threw them out
202,الاكل برضو بيجى بارد
203,The whole order came very cold and the fries was so so saggy as if its been 2 days its fried also the chocolate sauce in the ice cream snd milk shakes tasted very bad the chicken caesar salad was okay only the chicken looked so bad and it was very s...
204,الاكل بارد والبطاطس مزيتة وباردة والايس كريم سايح
205,3 hours late vold food
206,"the macdo didn't taste good, but the other two sandwiches were great"
207,بجد اسوا مره طلبت من ماك
208,مشكله و مش اول مره تحصل الاوردر يكون مدفوع فيزا و الفلوس مسحوبه تمام و المندوب يلاقي بنت صغيره تفتح الباب يقولها عايز الحساب و ممكن طبعا اللي يفتح الباب يحاسب تاني مش اول مره و حركه مكرره
209,not fresh cold food!!
210,Nn
211,The food is not fresh
212,"The food wasn’t fresh at all it arrived cold, the Sprite was all watered down, and the fries were dry and tasteless. Honestly, nothing was right. If I wanted disappointment, I would’ve cooked myself."
213,حلو
214,بااررررد
215,the food was not fresh even the friess they were cold
216,The order came very late and I had to contact the support
217,everything melt before eating
218,Cold food
219,اللي عمل الاكل كان حاطت في ايده برفيوم تقريبا و كارف علي الاكل كله و طعمه كحل و حاجة تقرف
220,excellent 👌
221,jq
222,الاوردر وصل بعد ساعة وتلت
223,"Cold, late and awful taste"
224,The sandwich was cold
225,Nice
226,الاوردر مجاش اصلا امبارح!!!
227,I didn't receive any orders
228,الساندوتش جاي مليان كاتشب وانا بكرهه الكاتشب والفرع اللي وصلي امبارح هو الوحيد اللي بيحط كاتشاب مع اني باكل شبه كل يوم من عندكم ومحدش بيحط كاتشاب بالطريقه دي ومجلد ومدلوق ف العلبه كل محتوياتو والبطاطس ساقعه جدا ومجلده
229,There’s no big tasty sauce in order however I payed it
230,البطاطس بارد
231,taste too bad and not good at all in all the sandwich
232,No katchp
233,الاكل جه بارد جدا
234,MY FAVORITE Food
235,الاكل كله جاي بارد ومالهوش طعم ده غير انه فضل ساعه ونص لحد ما جيه اسوء اوردر بجد جالي !!
236,بعيدا عن المقاطعة عشان انا مقتنعة مية في المية انها ملهاش اي تأثير علي الكيان الصهيوني .. التعامل معاكوا فعلا يعتبر سفه و قلة أدب والله..
237,hh
238,Really good
239,نفسي تشيلوا صوص التارتار من المنيو عشان دي مثلا تالت او ٤ مرة الاقيه متاح و اطلبه تبعتولي انه غير متاح بعد ما اعمل الاوردر
240,Food was cold
241,الاكل بارد جداً و كانت ريحة الفراخ و طعمها وحشين
242,food was cold
243,Bb
244,the food came cold and tasted stale
245,Order took 60+ mins while the location is 10 mins away. New feature which is one of the nuggets is eaten. Typically cold and oily Macdonald’s fries
246,الاكل بارد ومجلد كانه بايت
247,البرجر عامل بالظبط زي ورقه السيجارة
248,أكل دائماً بيوصل بارد مثلج مثل كأنو معمول قبل يوم
249,the food came very late .
250,الميلك شيك طعمه سئ جدا مفيش شيكولاته خالص طعمه مياه
251,food was not very hot
252,No straw for the 3rd time
253,ه
254,الاكل بارد جدا والبطاطس وحشه ومجلده
255,great
256,"The branch appeared to be in zone, and indeed it was a few minutes away but they refused to deliver"
257,ic cream wa malted
258,I didn’t receive my order
259,Gamed
260,كان سيء جدا و البطاطس مزيته و غير مستويه و الاكل بارد و متاخر
261,the delivery was very fast he didn't ask us to get him in the elevator or anything and he was so nice
262,I need someone to call me
263,No wrapping even on the big tasty It took too much even though the delivery came on foot
264,Gamed fash5
265,الاوردر مجاش اصلا
266,Wonderful
267,It takes around 1 hour and 10 mins without notifying me
268,The fries was not hot
269,دايما الساندوتش يجي كل حاجه واقعه منه
270,الاوردر وصل متأخر وكان بارد جدا
271,الاكل بارد و بايت
272,طلع شعر من السندوتش .. و طلبت ٢ تشيز برجر مجاش و جيه بداله تشيكن ماكدو
273,Never got the order
274,Z Food as always cold & didn’t taste that good
275,الساندويش كان متبهدل من جوا جدا والصوص في كل حته ياريت ترجعوا الباكيدينج بجد اللي كان بيغطي الساندويش والبطاطس كانت كلها معجبه ولازقه في بعض لكن الطعم حلو اكيد 🤍
276,ماكدونالدز اتجنن. فاكرين نفسهم بيبيعوا كباب و كفتة. الواجبة بقت ب ٣٥٠ جنية و المغفلين لسة بيروحوا يشتروا
277,"For some reason all of got sick after we ate, and the taste wasn’t that good"
278,All
279,مقاطعة يا جماعة انتو نسيتو ؟؟!!!!! عشان مصر عشان بلدنا كلو من اي حته تانية غير المطعم المعفن ده عندكم بافلو و دوشكا و ويليز و احلى منه بمليون مره
280,"good food, 3 weeks in a row no big breakfast. take it off the menu then."
281,اسعاركم غاليه اوى
282,very bad
283,البيبسي جاي مدلدق ومش ساقع نهائي السندوتش حرفيا فاضي الدليفري بقوله حسابك كام يقولي معرفش شوفي عندك والدليفري رغاي وخلاني ألف ع الشركه كلها عشان اجبله فكه لانه معهوش 50 باقي فلوسي والمفروض دي مش مسؤليتي اني ادورله على فكه وانا ف شركه مش ف بيت مكانش ا...
284,The worst fries ever cold and tastes like boiled potatos And a very small amount of the tasty sauce
285,الايس كريم كان سايح
286,"overall the driver ruined my order PLUS the shop sent me half eaten sundays. finally, the vanilla milkshake didnt have vanilla ice cream in it at all and was basically unsweetened milk since it didnt have neither ice cream nor sugar!!!"
287,Order was closed cold
288,البطاس كانت عايز تكون مقرمشه شويه بس مفيش مشكله متعوضه شكرا❤️
289,Taste not good
290,Super late delivery considering the restaurant is 7 minutes away from me.. sundae came melted already
291,ارجو ان يكون وقت التوصيل
292,البطاطس كانت سيئة جدًا
293,زفت
294,Missing packet fries
295,الأكل بارد جدا
296,very late according to estimated time and also helping center has very slow response
297,انا طالب الاكل بيف و جايلي اتشيكن
298,البيج ماك زفر و ريحته و حش تشيكن الماكدو طلبت ازالة الخس و المايونيز و جه عادي بالخس و المايونيز بصراحة تقييم الاوردر صفر من عشره اول مره ماك يبقى بالسوء دا
299,الاوردر اتأخر جدا و الأكل طعمه وحش و محروق و دي مش اول مرة و مش هكرر التجربه تاني ابدا اخر مرة فعلا اطلب من الفرع دة
300,the vanilla milkshake barely had any icecream it was millk with sugar and not really sweet to... the sandwiches were old and i could smell that microwave smell.
301,دائما تأتي بدون عصير
302,"The food was amazing, but i got the delivery 3 hours late due to a “problem in the system” and there was no support i could call."
303,…
304,الاكل اليوم كان سيء
305,تواصل بطيق. من فرع لينا
306,The order taking so long to order
307,طعم وجودة الاكل وحشة
308,Undercooked food Wrong items Terrible customer service
309,Done
310,Order was late
311,جالي بارد بعد ٣. ساعات
312,الاكل بارد جدا و وصل متأخر
313,تمام
314,Awful quality
315,I received my order after 3:30 hours !!
316,food was too cold and was added in a random way
317,The cheeseburger was very bad as the meat was not cooked
318,cold order
319,The food wasn’t fresh
320,بقا اسعاركم غاليه اوى ومافيش عروض حلوه خالص وخدمه التوصيل والضريبه عاليه اكتر من ٤٠ جنيه ليه عشان بلاش ا فتره على الناس
321,"sandwiches taste no good, fries oily and not hot"
322,big mac small
323,الاكل بارد و مش طازه
324,Value offers on app
325,الاوردر ناقص صوص البيج تاستي ومدفوع تمنه
326,The driver was so polite and professional he went bk to get us the caramel sundae and even got an extra one as a gift form the branch manager which was so kind 🥰🥰
327,الدجاج ني
328,البرجر كانه متسخن ناشف من الطرف كله والاكل بارد
329,كواليتي وحجم الرجر بقى ضعيف لكن الوجبة كويسة
330,Soggy fries
331,طلبت الساندوتشات من غبر خس و الحاجه جت بارده والبطاطس مش معموله جديد
332,The food said it came when it didn’t so I had to call the restaurant and fix the problem my self
333,ده انتو مطعم زبالة
334,الاكل كان بارد ومجلد
335,طعم البرجر سىء
336,"The order was late 40 mins , came cold , the cola was dripping from the a broken cup and there was no drink in it Taste was owful , I throw it in the garbage"
337,the delivery guy is literally the worst.
338,اللي يدفع ٥٠٠ جنية في اكل ابن متناكة زي ده يبقى خول
339,The cola machine was bitter
340,Food arrived on time perfectly
341,الاوردر مجاش
342,Didnt get the order ended up canceling
343,سندوتش الفيله كان سي جدا وناشف
344,انا بجد لاول مرة ابقي فرحان في حد .. انا فرحان في كل الناس اللي طلبت و الاكل جالهم وحش او بارد او بايظ او مجاش اصلا .. المقاطعة يا ولاد الوس*** يا أنجاس
345,❤️❤️
346,الاكل وصل بارد وطعمه وحش والبطاطس تقرف
347,البطاطس متحمره في زيت متحمر فيه الف مره و طعمها سئ و اترمت كلها فلوس علي الارض!!!!
348,wasn't cooked well
349,طلبت اوردر والطلب م وصل اكتر من ٣ ساعات و فالاخير نمت بجوعي
350,I never received my order and was told by McDonald's I would get a refund!!! I sent support but you never responded to me!!
351,Meat tasted weird and fries portioned was way smaller than usual
352,missing item ( blue mcfizz )
353,The order was extremely cold and the fries was dead.
354,Did not receive my order
355,Thank goodness
356,الاكل موصلش اصلا بعد انتظار اكتر من ساعتين
357,-All sandwiches without paper wrapping so around 25% of each sandwich components were outside the sandwich - I ordered cup of mayo for 20 le and all i got was a small. Paprt packet!!
358,T
359,the order was not delivered
360,chicken wings not cooked properly
361,1 hour delay
362,جميل بس لو جيه سخن هيبقي ممتاز
363,البطاطس برده جدا ومش مستويه كويس وبطني وجعتني بعد الأكل اسوأ مره أكل فيها ماك
364,Big tasty wasn’t yummy
365,nothing dilevered to me
366,cold
367,i got food poisoning
368,غالي اوي علي الفاضي
369,الدليفيري عديم الذوق و الأخلاق و قمه فى قله الادب و حسبي الله و نعم الوكيل .
370,الدليفيري قليل الادب و عديم الاحترام و قليل الذوق بشكل مش طبيعي و حسبي الله و نعم الوكيل .
371,the fries was very bad
372,اسعار بنت متناكة بتاعت شراميط ..... يلعن دين ابوكم واحد واحد
373,تحفه بصراحه ابليكيشن هايل
374,الطيار حسب علي سعر زايد و لم كلمت ماكدونالدز قالي غلط مع انه ماغلطتش متعمد. و بعد كده رجعولي الباقي
375,I’ve been sick since I ate it
376,Fries was as the medium size exactly!
377,"The beef burger was awful , the burger was vey thin & almost burnt"
378,الأكل جي متعفن و كان فيه هموش في علب الأكل ، مع العلم انها مش اول مرة بدليل اني كاتبلهم الأكل يجي فريش ريحة تقرف . اتمني انكوا تشيلوا المطعم ده من هنا .
379,البطاطس نايه و الساندوتش ساقع
380,"very bad quality, food tasted horrible. fries were soggy. ordered a chicken mac and received a big mac instead"
381,Keep it up
382,Perfect
383,The chicken wings are really hot
384,1.5 hours
385,اسوء اوردر ممكن حد يطلبه بطاطس معجنه ومفيش طعم وجاى متأخر ساعتين عن الوقت والكولا مدلوقة
386,"asked for pickles, came bread with bun only, no taste"
387,الاكل بايظ ريحتة تقرف اخر مرة هطلب
388,I ordered it spicy it came normal and normal taste like 5h!t
389,And came so cold
390,I didn’t found hash brown
391,O
392,Food is cold
393,الاكل كان ناقص معرفش الدليفري اللي اكله ولا هو طالع من المطعم ناقص
394,I didn't receive the order ... it delivered to wrong destination the order is cancelled the payment not has been refunded till now
395,تم
396,كنت طالبه بيج تايستي وصلني تشيكن
397,مساء الخير دلوقتي أنا كنت بطلب أوردر من ماك و البرنامج كان معطل ف استنين و طلبت تاني و اتفاجأت انال ديليفري جاي زطو معاه اوردرين و طبعا البرنامج كان حاسب ديليفري علي كل أوردر لوحده و اضطريت استلم ال ٢ لعدم اذيه ال ديليفري هل طبيعي أن دا يحصل و ه
398,y
399,الموصل غير مهني صوت اغاني عالي وبيخبط على الباب كانه جاي يداهم مش يوصل وبتكلم بصوت مرتفع
400,Good experience
401,The order came an hour late and the fires was bad as hell!!!
402,البطاطس جدا سيئة
403,delivery was too late
404,I Cold
405,Temperature and taste
406,الطلب وصل بسرعه وتمام ، الطيار كان متضايق
407,cold food
408,Cold fries Not a spicy macdo
409,طلب غير صحيح و الاكل سيء
410,The food wasn't hot
411,Tmam
412,الاوردر جى غلط المشروب بايظ و محدش بيرد و حاجة قذرة اخر تعامل معاكم انا و كل اللى اعرفهم
413,The double cheese burger was too small and tasteless.
414,good and delicious food
415,Cold food Late delivery
416,طلبته من غير خس وجيه كله خس واترمى
417,they forget to bring big tasty sauce
418,"the order was very cold,the fries were not fresh, and sandwiche wasn't juicy. I'm very disappointed"
419,",الاكل حلاوته في سخونيته الاكل كان طعمه حلو وجميل."
420,الاكل كان بارد جدا
421,It was cold
422,سئ ولازم وقت زياده للطلب وتاخير فضييييع ويصل بارد زياده على التاخير اللي دبل وقت التوصيل .
423,cheese wrap was good. no packaging for cappucino and latte no foam ..tast
424,The drink was spilled and not having ice
425,للاسف عدم الاهتمام بالعميل لما بنطلب من المنيوز
426,موكويس
427,الاكل كان بارد جدا وطعمه مش حلو
428,Wait time was long
429,Fries portions were not good at all
430,الاكل كله كان بايت والبطاطس بشعة
431,✈️
432,fries was too cold and not fresh. the soda in the cola was weak
433,Price
434,order didn't come
435,قرف. لغوا الاوردر بعد ماسحبوا الفلوس و لما طلبتوا تانى جه يقرف.
436,sick 😫
437,الاكل بوصل بارد وانا بيتي قريب لي كده
438,it's not fresh
439,المندوب قمة في الادب و الاحترام ❤️❤️❤️
440,The packaging tore the minute I received the order!
441,سريع
442,the food was cold when i got it and didnt taste good
443,Bad
444,I found a hair in my cheese burger.
445,خر ف التوصيل
446,I orderd big mac and i got chicken mac it was very unpleasing
447,The food was so cold and not expected as we get used from mcdonalds and Elmenus
448,"Everything went wrong, bad attitude and bad customer service and food quality is very bad and food was delivered cold and uneatable!!! Very disappointed, bad value vs. Cost"
449,well done
450,الاكل سئ جداً و كلمنا المطعم لعمل refund
451,كان حلو اوي وبيرفكت وجوووشي اديله مليون من عشره 🤣😍
452,very late delivery
453,sandwiches are too cold
454,الاوردر وصل بعد ساعتين و ربع و للأسف ان البيج تاستي طعمه سيء جدا لأن الصوص بتاعته تكاد تكون مش موجودة أصلا غير انه ساقع و مجلد
455,Boycott will always be here no matter what
456,Worst
457,"Food was cold , fries was soggy and big mac tasted different"
458,"driver was so fast,honest and polite...l would like him to always deliver my order"
459,d
460,but is not fresh
461,ماكدونالدز للفقراء في أمريكا، عشان فرق العملة في مصر عامل فيها مطعم غالي، اسعاركم بنت مت**كة و اللي يدفع ٥٠٠ جنية في سندوتش كان بيجيبه ب ٦٠ جنية يبقى اكبر شر*وط في العالم، احسن خاجه المقاطعة
462,Very late delivery i ordered 7:20 delivered 8:15 also food came cold and not tasty at all
463,This was the best order I had ever got
464,Order not arrive till now It’s been 3 hrs and not yet worst customer support from el menus or mcdonalds
465,انا طالبه الاوردر من ٣:٤٥ الساعه ٦ و مجاش ده تهريج
466,Going Good
467,fast delivery and delicious food thank
468,Missing item
469,McFlurry wasn’t sent
470,الطعم كويس بس التأخير برد الاكل
471,he comed fast and I will give 10/10
472,Delivery took 2 hours!!!
473,الاكل بارد و البطاطس سيئه
474,The order has not yet been delivered. More than 2 hours are expected!!! Very bad! 👎
475,The cola tasted like water
476,Zionists. Zionists Zionists Zionists Zionists Zionists
477,تحفه يارب نستمر
478,"You did not put mayonnaise. Instead, there were two incomprehensible sour sauces🥺"
479,I did not received my order and I want a refund 😫 I will never use elmenus again ...I called mc donalds 5 times and no one sent me my order
480,Ok
481,المشروب اتغير من غير ما يقولولي
482,كلة حلو معادا التشكن كان ني خالص
483,The chicken was raw. The fries were undercooked and unsalted. Disgusting!!!!
484,اسوء طلب قالي سيء جدا جدا وبيبسي كله واقع والأكل بارد واكيد ولا حد هيهتم بالشكوه
485,الاوردر موصلش و الفلوس مرجعتش !
486,ماك شيكن عيش مش مستوي و فراخ زفرة و الشيز برجر بلاستيك و الاكل ساقع تلج
487,price increase and understandable why. but quality is going down.an hour after I ate and I fell sick. fries were not well fried. chicken was tasting so different....
488,سندوتش من ٢ فيه الفراخ بايظة
489,سلوك الطيار سيئ جدا
490,i didn't receive fries!!
491,الاوردر وصل ناقص الاكسترا صوص
492,Baaaaaaaaaaaaaaaaaaaaaaaaaaaaaaaaaaaaaaad food
493,جالي نزلة معوية انا ومراتي
494,Delivery was very late !!
495,terrible.
496,"Order came wrong and I didn’t take it then the branch called me and said they are going to send the correct order in 10 mins i said ok then after 45 mins i recieved the order and the burger was really not fresh , the fries was cold and oily"
497,i dont know whats wrong with strawberry milkshake. it looks rotten ididnt even try to take a sip.
498,لا يوجد
499,fries was bad
500,Order did not arrive
501,I did not receive the order and i need a refund!!!
502,Excellent
503,Driver told me wrong price
504,He was so rude
505,مفيش كاتشب مع الاوردر ومش متغلف!
506,Order didnt arrive
507,Shitty service and shitty food! They didn’t have the apple pie so they send the disgusting custard one and a free sunday chocolate which i didn’t want and was thrown in the garbage second The sandwich came in half’s only in the back bread and the top...
508,خدمه ممتازه والطيار ممتاز ومحترم جدا
509,Fast delivery
510,قرف
511,ماييستهلش ارتفاع ثمنه
512,وصلي بعد ١٢ ساعه من الطلب
513,الاكل تحفه ، لكن نطالب برجوع غلاف الساندوتش ، واضافة كاتشب لأن الكاتشب جاي علي القد أوي بس الطعم حلو كالعادة
514,The ordered is not delivered
515,Fries was cold
516,Food quality is awful
517,"cold and stale, horrible tbh"
518,"i ordered cheese sauce and i didn't received it, and the tast of sandwiches is too oily."
519,he came late...he doesn't know how to follow location..l send him location on WhatsApp but l struggled to get my order..it was all melted
520,Order was cold!
521,البطاطس سيئه جدا و الاوردر بارد و بايت
522,مفيش صوص في البرجر ومش متغلف !
523,بطاطس بارده وومكنتش طازه
524,اوسخ فرع باع الاوردر لحد تاني و بيقولي بعد ساعتين الاوردر حضرتك استلمتو عالم اوساخ والله فرع اوساخ
525,حلو اوي ❤️❤️❤️
526,نص الcup كان فاضي!
527,not well prepared sandwiches
528,الطيار برنس محترف
529,البطاطس مزيته جدا و وحشه جدا
530,عامل التوصيل نسي احضار اللبن بالشيخولاتة و قال انه سوف ياتي به و هذا لم يحدث
531,hello this restaurant offer a shity food
532,البرقر من غير صوص !!!!!
533,Came late & food was cold
534,food not warm
535,السندوتش كان بارد وطلبت اضافه pickls ماكانش في؟ ؟
536,beautiful
537,All food was cold .. as if the delivery man got it after an hour after he picked it up Sauce was wrong Chicken was not fresh and wasnt even crunchy Will go back to ordering from talabat cuz ur service sucks
538,اسلوبه وحش جداااااااااا والاكل غلط وبارد
539,they forgot item
540,الكابتشينو وحش جدا مفيش وش و يعتبر نسكافيه
541,Driver canceled the order from his own
542,"It is shameful how McDonald’s continue to exploit the good people of this country by raising the price 400%, yet it is more shameful that people continue to buy this overpriced junk food."
543,very bad quality bad fries not even fried some were raw taste was very bad so disappointing
544,So bad the portion in very small with high price
545,البطاطس بارده وطعمها قذر كالعاده اخر مره اطلب منه
546,الجراند شير بوكس كان ساندويتش التشكين بيح تيستي مش حلو خالص
547,The only issue was that the coca cola zero was watery and had no taste
548,الاكل ماوصلش
549,حلو جدا
550,اسوء اوردر و خدمه سييه جدا و الاكل بارد و مجلد
551,Worst big tasty i ever had.
552,Cold fries
553,من اجمل المطاعم بنسبه الي ومالي علاقه بأي مقاطعه
554,ط
555,I got food poisoning.
556,I took too much time and order was so cold
557,Too much time for delivery
558,لم يتم تغليفه ووصل البرجر متناثر!!!
559,الوينجز كان محروق و طعمه مش احسن حاجة
560,K
561,حجم صغير غير مشبع وسعر غالي جدا
562,Food was delivered cold
563,خدمه وتوصيل وتواصل غاية في السوء
564,I ordered from 9 o’clock and it came about 10:45 the food was cold
565,Bad delivery time
566,مأكده ف الملاحظات الاكل يجي طازة وسخن وبالذات البطاطس ومع ذلك جت معظمها بايظ وبارده ومقدده واترمت مفيش ضمير ابدا رغم ارتفاع الاسعار
567,"Boycott itttt, it’s supporting isreal🤮🤮🤮🤮🤮"
568,بارد جدا
569,الساندوتش الصغيرين بايتين وناشفين جدا
570,v
571,جودة الطعام سيئة جدا وليست مثل المعتاد زيت القلي قديم والطعم مش مزبوط خاالص
572,Y
573,البطاطس سيئه كل مره مع انني نبهت في الأوردر
574,الطعام غير طازج
575,الدجاج كان قاسي
576,بارد والبطاطس ليست فرش
577,انا بحب وجبات الفطار و البطاطس المقلية و المشروبات و الايس كريم اكله جميل و نظيف
578,اللي عايز يقاطع هو حر يقاطع مع نفسه و فيه واحد من كام ساعة بيقول مقاطعة بس جعان يعني كله هجص في هجص شوية قطيع ماشين ورا بعض حافظين مش فاهمين تتحرق عرة و يتحرق الفلسطن بأوسخ جاز
579,مقاطعة بس كنت جعان
580,f
581,Too cold. Not fresh
582,I’m
583,كان بارد وطعمه سئ والبطاطس بايته
584,from the river to the sea 🍉 wil be free
585,New mushroom burger is the worse on earth
586,Uu
587,كان حلو اوي و الطيار ممتاز جاب الاكل ساخن رائع
588,Like
589,Didn't receive the Big Mac and everything came cold and fries undercooked.
590,Mzjues
591,تلعب ببجي تلعب ببجي تلعب ببجي تلعب ببجي تلعب ببجي تلعب ببجي تلعب ببجي تلعب ببجي تلعب ببجي تلعب ببجي تلعب ببجي تلعب ببجي تلعب ببجي تلعب ببجي تلعب ببجي تلعب ببجي تلعب ببجي تلعب ببجي تلعب ببجي تلعب ببجي تلعب ببجي ...
592,رائع
593,Food wasn’t fresh
594,I orderd the fries with no salt and it came out too salty
595,مقاطعه
596,جالى كله بايظ و مش اللى طلبته فا بجد قرف
597,المشاريب بتجي بدون تلج وانا م بشربش بدون تلج
598,the chicken and the fries Soo bad
599,Pepsi quarter of it fell !
600,الاكل بارد جدا والساندوتش جالي سنجل وانا طلباه دبل
601,الاوردر ما وصل
602,هو ايه ده لسه في ناس بتطلب برغم من كل اللي بيحصل في غزه طب والمقاطعه
603,تاخير ساعتين ونص في التوصيل
604,The chocolate milkshake is poisoned
605,Instead of chicken macdo original I got chicken macdo spicy
606,السندوتش جي متبهدل
607,The bread was regular not McMuffin and chicken was not well cooked
608,حراميه
609,مقاطعة ......................................................
610,Very very decent and professional delivery young man.
611,Free Palestine this brand supports genocide
612,very late and cold not fresh
613,taste not optimal bec of the sauce in the cheeseburger de luxe
614,Different sandwich
615,🇵🇸🇵🇸🇵🇸🇵🇸🇵🇸🇵🇸🇵🇸🇵🇸 بردو مش هنجيب منكم
616,فلافل بدل من راب بيض بالجبنة
617,"McDonald's no is so bad, the meat on the burgers are like pancakes and the fries were not like McDonald's fries at all, the taste was too much like uses oil. never again"
618,It tasted really bad as it tasted as if it was cooked 3 days ago the fried .. naggers and the sandwich
619,Over charged me for large drink and brought the tiniest drink ever. McMuffin they always run out of ...muffins then replace with normal bread...but atleast they had the decency to call me and inform me of that.
620,Order took 1 hour
621,جماعة ايه الوقاحة دي الناس اللي عمالة تطلب ومعندهاش ادنى احساس! حط نفسك للحظة بتتباد بالكامل ومحل اكل منحط بيساعد اللي بيبدك يقوم اللي على بعد كام كيلو منك ومسلمين زيك يطفحوا منه كل شوية عادي! بجد دي طريقة البهائم مش البني ادمين ناهيك عن مسلمين
622,j
623,السندوتشات صغيره لا تساوي قيمتها تماما
624,اتأخر جداً، والبطاطس عجنت بسبب طول الوقت.
625,Portions in Egypt are not like anywhere else 🙄
626,الحاجه سقعه ماجتش
627,الطلب اخذ ساعتين ونص على ماوصلنا
628,BOYCOTT YGMA3AAA قاطعوا بجد حرااااام خلي عندكوا دم شوية في ناس بتموووت بسبب فلوسكوا دي!!!!
629,Late delivery
630,The order came two hours late.
631,Old burger
632,مقاطعة أصلا بيدعمو الكيان الصهيوني و بيدوهم اكل ببلاش عشان يبقا ليهم طاقة يموتو مدنيين أبرياء #free palstine
633,ربنا يكرم النعمة هو البرجر بقا خبز وفراخ بس !!! لا صلصة ولا خس مفيش طعم خالص دي مش اول مرة . فرع العباسية سيء
634,الاوردر اتاخر جدا جدا بتريقة مستفزة و مش سبب المطعم ده بسبب الابليكيشن
635,With normal bread not muffin
636,Am charged twice for the order
637,الاكل كان باااارد
638,من زمان لحمة زي الكاوتش من غير طعم مش عارف الناس بتحبك علي ايه قاطعوا يا جماعة غيرك مش مسلمين برا مصر و مقاطعين ف خلي عندك كرامة شوية و مبدأ
639,مقااااطعة بإذن الله تقفلوا قريب في العالم كله
640,سيء
641,Bas quality
642,BOYCOTT FREE PALESTINE FREE FREE PALESTINE HAVE SOME SHAME AND REMOVE THIS HELL OF A PLACE
643,got the wrong milkshake + it was melted
644,الاكل بارد والكولا مايه
645,بارد
646,The food came dry as the fries were not fresh or the chicken burger the chicken nuggets was not really edible
647,لازم تقفلوا بعد اسوأ تجربه عديت بيها معاكوا والحمد لله اننا مقاطعينكوا والله هي كانت مره من شهور بس نرجع تاني للمقاطعه
648,egg mcmuffin needs to be on an English muffin. a regular bun changes the taste.
649,الاوردو اتأخر جدا جالي بعد ساعتين و الاكل كان بارد وقطعه ألبانيه صغيره اوي
650,ماحاش مع السلطه الصوص بتاعها
651,الدجاج مكنش مستوي جيد ولونه من الداخل احمر ومش اسبايسي كالطلب
652,الدليفري اتاخر ساعتين اخر تهريج
653,fries was very salty
654,Sandwich size was dramatically reduced than before.
655,مقاطعة مقاطعة مقاطعة مقاطعة مقاطعة
656,No comment
657,الخبز رقيق و غير طازج مما يؤدى الى عدم تماسك السندوتش و تسخين الخبز يتسبب فى تكسيره و تفتته
658,الاوردر ماوصلش أصلا 👎🏻👎🏻👎🏻👎🏻
659,"I cancelled the order after 2 hours waiting , they wanted me to wait for 3 hours to get my order"
660,I got a wrong sandwich
661,Tmm
662,خرا
663,very cold and not good ......... .......
664,Down down occupation Up up with liberation
665,L
666,Thank you
667,مقاطعه خلى عندك دم و قاطعه يمكن تلاقى حاجه كويسه تقولها لربنا يوم تحاسب
668,سيئ جدا جدا يرجى مقاطعته إلى الأبد .. لايشرفني دخول اي فرع لماكدونالدز
669,I have dirreah seems not clean
670,milkshake melted
671,Was not hot anymore
672,My gf told me to give you guys one start I don’t think that you’ll care much in the grand scheme but by the way she wants chocolate she told me rn I don’t think that this will change the star ratings but I mean it would please her don’t you want that...
673,مقاطع ..........................................................
674,الرجل كان محترم جداا
675,genocide supporters genocide supporters genocide supporters genocide supporters genocide supporters genocide supporters
676,اسوء مطعم و نظافة صفر و حاجة تقرف و الأكل جي بارد
677,التغليف وحش و الفراخ في التشيكن ماك كان وردي بس الطعم مش حلو اوي
678,Bad quality.
679,"always late, horrible service and cold food"
680,kn
681,N
682,الاوردر جاي من غير كاتشب زي كل مره مهما قلتلهم و الساندوتش متهرول والعيش مقطع اسوء فرع في ماكدونالدز.
683,البطاطس كانت بشعه بشعه متسخنه بلاستك قرمشه فاضيه من جوه
684,بيجي بارد
685,ولا تستهلون نجمه حتى يا كفار يهود والله ادعموا إسرائيل اكتر واكتر وجعلكم ربي بالساحق والماحق والمرض متلاحق وماله علاج حسبي الله ونعم الوكيل فلسطين حره 🤍
686,it was so yummy
687,i have been charged twice
688,رائع جداً أحسن ناس
689,عشان انتم تدعمو اسرائيل 🇮🇱
690,رووعة
691,Did it taste like children's blood !!!! Boycott forever
692,اتمنى تكثرو الكاتشب والفرايز ✨❤️
693,You support israellllllllllllllllll Go to helllllllll
694,طلبت أن يكون السلطه فيها جبنه بارميزان ولو مفيش نلغي الاوردر بس اللي حصل أن وصلني وعليه اضافه جبنه أخري وطلعمها مكنش حلو وبجد تجربه سيئه
695,the food was cold the fries cold I'm over this experience
696,الساندوتش كان ليس في جوده ماك ولا المخلل
697,سلوك الطيار سيء جدا و مش محترم
698,It was delicious
699,العيش ليس طازج
700,The sandwiches were without any sauces
701,It was terrible
702,الايس كريم طلبت بالفروله اتنين و واخد كراميل وجالي ٢كرميل و واحد فروله
703,It was a bit cold
704,👏🏻👏🏻👏🏻👏🏻
705,wrong order and the food was cold and terrible
706,اللي بيشوف ال reviews عشان بيفكر يطلب: ماتجيبهوش طعمه دم (لو عندك دم).
707,لم يتم التوصيل بالميعاد
708,كل دولار بيروح لدعم الصهاينة من ماكدونالدز انت جزء منه
709,حلو اوي بس محتاج تسرعو الديلفيري
710,الاوردر موصلش و خدمة العملة قمة في الاستهتار و مفيش رد حاجة صعبة الصراحة ابليكيشن طلبات ب رقبتهم اخر مرة
711,Boycott if u buy u support terrorists and genocide
712,الأكل بارد رغم اتصالي بالمطعم و قولتلهم و البطاطس قليلة ربع الباكيت
713,burger was not juicy very thin and dry.cheese burger was fulllll of kerchup.
714,الاوردر اتأخر و مش طازة و البطاطس باردة و قليلة
715,البتاتس وحشة اوي و لي كيس المايونيز السغير غالي كدا اي الخرا دا ادفع اتناشر جنيه علي تفه
716,الاوردر موصلش اصلا
717,i didn't receive the order
718,Jehdhd
719,"Boycotting , supporting the terrorists!!!"
720,Meow
721,Disgusting
722,خدمة عملا سيئة جداااااااااا
723,غير ملتزمين بوقت التوصيل دايما الاورد يوصل متأخر كتير عن ميعاده
724,Taste not as expected
725,The food was delicious but they switched one of the sandwiches it supposed to be chicken they put beef instead
726,مقااااااطعة ❤️🖤🖤🖤🖤🖤🖤🖤🖤🖤 ❤️❤️🖤🖤🖤🖤🖤🖤🖤🖤 ❤️❤️❤️🤍🤍🤍🤍🤍🤍🤍 ❤️❤️❤️❤️🤍🤍🤍🤍🤍🤍 ❤️❤️❤️🤍🤍🤍🤍🤍🤍🤍 ❤️❤️💚💚💚💚💚💚💚💚 ❤️💚💚💚💚💚💚💚💚💚
727,الاوردر جيه غلط و الصح جيه بعد ساعة و نصف من وقت الطلب و الديلفيري جيه خد الاكل الغلط و حط معاة بطاطس سخنة و راح يديه لعميل تاني و الاكل كان بقاله ساعة عندي
728,when the food arrived it was so cold and saggy
729,زودتوها اوي يا كلاب.. السفه زاد عن الحد... دي مبقتش زيادة اسعار.. دي بقت سرقة علني ...العيب مش عليكوا.. العيب علينا احنا لو فكرنا نشتري تاني منكوا... ده كان اخر اوردر يا حقاراء
730,The toy wasn't delivered.
731,Supports the terrorist state of israel Supports the terrorist state of israel
732,nuggets was not included
733,"you have to be a different kind of asshole to order from here while we're boycotting and then complain about your order being late or missing an item!!! I hope the people still eating from here choke on it, that your order is always late, it's too gr..."
734,قتله الأطفال.. فلسطين حرة يا كلااااب🇵🇸
735,But the girl who called was aggressive in a way i couldn’t even continue the call with her she had a bad behaviour
736,الاكل قعد اكتر من ساعه و نص وجه باااااارد جدا
737,الدليفري اللي جه خد فلوس زياده ومرجعهاليش 200جنيه زياده
738,food was cold and late
739,Order never came لم يتم توريد الاوردر و هو غير مسجل بماكدونالدز
740,there was lettuce when I requested no lettuce
741,طلبت تغليف المشروب ولم يغلف والطعميه هاش براون كان طعمهم بايت
742,n
743,تت
744,هو الطعم مختلف زيت كتير اوقي و كمان جالي وجع بطن كتير اوقي
745,A message to you: Did it taste like children’s blood?
746,Big testy was super dry and the fries was tender not crunchy as mcdonald’s famous fries the whole experience was bad
747,it was actually fresh
748,bad
749,"Average taste, extremely overrated price"
750,مقاطعة ❌❌❌❌❌❌❌❌ اصلا بقي يقرف و حتي لو حلو مقاطعة بردو جتكم القرف
751,The burger wasn't that much tasty
752,مقاااااطعه استمرواا ف المقاطعه هى مش تريند وخلاص
753,اللحم محروق البطاطس مجلده
754,cold meal
755,It is amazing and especially the fries also the chicken sandwich
756,بطلت اطلب منكم عشان مقاطعه خلاص انتهى الموضوع و كواليتي الاكل قل اصلا
757,The cokecola was already opened before also I came without any soda .
758,سرعه توصيل
759,Was not fresh tastes like it was reheated
760,"They came late, food it was cold, French fries was as a potato purée with a lot of oil👎🏻👎🏻👎🏻👎🏻👎🏻"
761,late delivery and wrong order too
762,Iz
763,الاكل بارد جدا و البطاطس متسخنه
764,Driver didn't have exchange and took all the rest of the money
765,صهاينة ......................................
766,الاكل بيكون السندوتشات مدلوقه الخص والصوص والطماطم في العلبه والسعر غالي اوي و الاكل الي بالكيس بيكون الكيس مفتوح المغلف به الساندوتش
767,You guys are amazing keep it up
768,هو الناس مش هتبطل تتفاجع و يبقى همها على بطنها الاطفال بتموت من الحوع و انتوا لسة طفسين حسبنا الله و نعم الوكيل ربنا ياخدكوا
769,..
770,الطلب تم إلغائه بدون سابق إنذار ولم يتم التواصل معي
771,الطعام بارد جدا الاوردر تأخر اكثر من ساعه
772,Food delivered cold
773,Amazing 😍😍😍
774,C
775,يدعم الصهيونية .... فلسطين عربية حرة ... يسقط الاحتلال
776,الكوالتى مش حلوه خالص مبقتوش حلوين
777,مندوب التوصيل رائع ومحترم
778,طلبت بيج تستي جه بداله جراند تشيكن
779,مقاطعه‍هههههههههههههههههههههههههههههه‍ههههه
780,مقاطعة .................................
781,الأكل وحش ................................
782,"The food was cold, the fries were very oily, the nuggets were just like rubber, and it all tasted very bad. Even the Cola tasted like water. Why is it so hard to deliver hot and fresh food?"
783,poor communication between menus and McDonald's
784,مكان ضيق جداا والاكل وحش جداا جدااا والمعامله وحشه جداا
785,لم يصل حتي الآن و المدة تعدت الساعتين
786,الاكل موصلش !!
787,حسبنا الله ونعم الوكيل اتقوا الله فلوسكم رايحة في قتل ابرياء و ايديكم بقت متعاصة دم ياللي اشترت و انت عارف إنهم ص$اينة بيقتلو اخواتك
788,الاوردر ماوصلش اصلا
789,نسيتو تحطو شاليمو
790,"I ordered food through the app and was disappointed when it arrived an hour late from the promised delivery time. What made matters worse was the lack of customer support from the app, leaving me no choice but to contact the restaurant directly to ad..."
791,الاكل بارد واتاخر ساعتين
792,there was a hair in the sandwich 🥪
793,"The quality has degraded substantially, the bread was burnt and the burger pieces were paper thin"
794,order was 1 hour late
795,مستوى بقا سيء جداً جدا جدا لا طعم ولا كواليتي
796,Spicy chicken was extremely spicy
797,he take it maybe 2hours and half
798,وحش جداااااااااااااااااااااااااا #فلسطين حرة
799,Just bad Eat from any restaurant except this
800,didnt come
801,يارب تسمم معوي لكل واحد بدفع فلوسه لشركة بتدعم قتل اطفال فلسطين!
802,الاكل اتأخر جداا وساندوتش من التلاتة كان الخس والجبنة برة الساندوتش اصلا ولازقين فى العلبة نفسها.
803,"genocide supportes, they sent meals to them"
804,"worst restaurant to be honest, to badddd"
805,جالي حاجة ناقصة و مصريين انها مش ناقصة و جاتلي !!
806,The carriers always complain that they don’t have change but get angry when I don’t have 1 pound
807,The fries was vary cold and the sandwich
808,genocide supporters genocide supporters genocide supporters genocide supporters
809,Genocide supporters 🇵🇸………………………………………………………………………………..
810,Genocide supporters don't give them your money 🇵🇸
811,Delivery was very late almost 2 hours
812,Genocide supporters. Don’t give them your money. 🇵🇸🇵🇸🇵🇸🇵🇸🇵🇸🇵🇸🇵🇸🇵🇸🇵🇸🇵🇸🇵🇸
813,الاكل كان وحش جداااااا
814,طلب ناقص
815,🇵🇸🇵🇸🇵🇸🇵🇸🇵🇸🇵🇸🇵🇸🇵🇸🇵🇸🇵🇸
816,FREE PALESTINE 🇵🇸🇵🇸🇵🇸🇵🇸🇵🇸🇵🇸🇵🇸🇵🇸🇵🇸🇵🇸🇵🇸🇵🇸🇵🇸🇵🇸🇵🇸🇵🇸🇵🇸🇵🇸🇵🇸🇵🇸🇵🇸🇵🇸🇵🇸🇵🇸🇵🇸🇵🇸🇵🇸🇵🇸🇵🇸🇵🇸🇵🇸🇵🇸🇵🇸🇵🇸🇵🇸🇵🇸🇵🇸🇵🇸
817,"please remember that the genocide is still ongoing till this very moment, don't stop boycotting them till they stop sponsoring an ethnic cleansing. Free Palestine 🇵🇸"
818,لم يضع مخلل
819,مقاطعة مقاطعة مقاطعة مقاطعة مقاطعة مقاطعة
820,الاكل بارد جدا و مستوي نظافه الاكل غير ادميه
821,Free palestine 🇵🇸🇵🇸🇵🇸🇵🇸🇵🇸🇵🇸🇵🇸🇵🇸🇵🇸🇵🇸🇵🇸🇵🇸🇵🇸🇵🇸🇵🇸🇵🇸🇵🇸🇵🇸🇵🇸🇵🇸🇵🇸🇵🇸🇵🇸🇵🇸🇵🇸🇵🇸🇵🇸🇵🇸🇵🇸🇵🇸🇵🇸🇵🇸🇵🇸🇵🇸🇵🇸🇵🇸🇵🇸🇵🇸🇵🇸🇵🇸
822,Boycott McDonald's for giving free meals to Israel Army
823,الاكل كله بارد
824,They didn’t apply the promo discount for el menus and they had to revert back to el menus call center before returning the promo amount back to me
825,مقاطعه بيدعموا إسرائيل ..............
826,Free palestine 🇵🇸🇵🇸🇵🇸🇵🇸🇵🇸🇵🇸🇵🇸🇵🇸🇵🇸🇵🇸🇵🇸🇵🇸🇵🇸🇵🇸🇵🇸🇵🇸🇵🇸🇵🇸🇵🇸🇵🇸🇵🇸🇵🇸🇵🇸🇵🇸🇵🇸🇵🇸🇵🇸🇵🇸🇵🇸🇵🇸🇵🇸🇵🇸🇵🇸🇵🇸🇵🇸🇵🇸🇵🇸🇵🇸🇵🇸🇵🇸🇵🇸
827,البيض بدون ملح وما في توابل وبارد البيف سيئ جدا جدا وبارد العيش وحش جدا ومحروق
828,Arf
829,Chicken macdo has the oil taste which is very discussting
830,سم يهري بطونكم يا صهاينة، إنتم وكل اللي بياكل من عندكم.
831,الطلب جداً بارد
832,Cold meals
833,هنخليكم تدفعوا فلوس حتى نشتري من عندكم يا رمم !! عقبال ما تاكلوا من شجرة الزقوم انتم وكل شخص هيشتري من عندكم.
834,The driver was VERY RUDE and he TRIED to LIE and say my order was 420 junay. He TRIED to present a fake receipt that was not mine
835,the food was really dry and not fresh
836,الاردر موصلش حتي الان بعد ساعتين من الطلب! العميل مستاء جدا جدا و لا يرجع ان يطلب منكم مرة اخري
837,خدمة زبالة
838,4qu siuuuuuuuuuuuuuuuuuuuuuuuuuuuuuuuuuuuuuuuuuuuuuuuuuuuuuuuuuu
839,"Support killing children , stop eating at mcdonalds"
840,supporting unethical reviews Free Palastine
841,Killing children free Palestine 🇵🇸
842,الي لسه بياكل عنده معندوش دم والله و الي بيحصل في فلسطين قريب قوي ممكن يحصل عندك و اولادك هتتقتل بفلوسك عشان تتبسط و تعبي كرشك
843,الاكل غالي جدا مش قيمة مقابل سعر نهائي صوص بيج تيستي بيبقى ربع العلبة والبيبسي مبيتقفلش كريس بيبهدل العلبة من برة مقاطعة
844,الساندوتشات والبطاطس اسوأ ما يكون. المشروبات بس هي اللي معقوله
845,انا طلبت جراند شكين ووصلي بيج تايستي
846,الطعام بارد جدا جدا جدا
847,1234567890123456789012345678901234567890
848,...................................... Palestine
849,ماكنش في جبنا علي cheese burger 🍔
850,حسبي الله و نعم الوكيل في كل شبيه بني ادم لسه بياكل من دم اخواتنا و كل واحد كاتب تقييم اعلى من نجمة واحدة مش من حلاوة اكله!!! كله هيتحاسب
851,Great food!
852,العيش محروق الاكل بارد
853,بدون مناديل ولا كاتشب ولا مصاص والاكل كان بارد
854,اسوء مطعم في الحياة مقاطعه مقاطعه مقاطعه
855,مش مستوي الدجاج
856,3 hours
857,اسوء اكل ممكن إنسان يأكله
858,الفراخ زفره
859,Worst place ever They have children blooood in the food
860,It was ok
861,لا تأكل من جثث الفلسطينين واسترجل المطاعم كتير 😔👍
862,الاكل وصل بارد ومتلج
863,عالم زبالة، كنسلوا الاوردر من غير مايتصلوا حتي يلعن دين ابوهم.
864,"McDonald’s gives wrong address, driver gets aggressive on telephone and confrontational over 20le (despite tipping him 10le he demands extra for error made by restaurant. Mcdelivery drivers are the scum of the earth and should all be fired"
865,Meal was cold
866,الاكل جه عليه مايونيز وانا كاتب أنه بدون مايونيز لانه عندنا حساسية منه انا وابنى . للاسف مش اول مرة يحصل كده . حاجة محبطة جدا . رميت الاكل للاسف
867,مقاطعة مقاطعة مقاطعة مقاطعة مقاطعة مقاطعة مقاطعة 🇵🇸🇵🇸🇵🇸🇵🇸🇵🇸🇵🇸🇵🇸
868,thanks......
869,الطعم سي جدا ومختلف تمام عن الاول والسندوتش كله علي بعضه غير ماك الاصلي
870,🇵🇸🇵🇸🇵🇸🇵🇸🇵🇸🇵🇸🇵🇸🇵🇸🇵🇸🇵🇸🇵🇸🇵🇸🇵🇸🇵🇸
871,تاخير + طعم خرا
872,Food tasted like shitt
873,🇵🇸🇵🇸🇵🇸🇵🇸🇵🇸🇵🇸🇵🇸خخخخخخخ طب سمال يمين كسم إسرائيل
874,ياريت المطعم يقفل ويطلع برا مصر خلاص كفاية عليه كدة
875,Supporting genocide Shame on everyone still eating it
876,الاكل مش مستوي والتشيكن ني
877,🔻🔻 🇵🇸🇵🇸 I stand with Palestine 🇵🇸🇵🇸🔻🔻 I support the boycott campaign against the war criminals.
878,Worst branch and the worst food very overpriced with low quality
879,بقيم المطعم بنجمه لنصرة أخواتنا الفلسطينيين
880,قتلة الأطفال فلسطين حره لعنة الله على من يساعد اليهود
881,Because is is مختع
882,ازاي في ناس لسه ليها قلب ونفس تطلب منه!!! أضعف الايمان مقاطعة المجرمين الظالمين ومعاونيهم اللي مايفرقوش عنهم
883,it was horrible I vomited 2 times
884,الاوردر وصل متأخر عن معاده نص ساعة و الأكل كان وحش جدا اول مرة اكل من ماك الاكل يبقي بارد و طعمه عامل كده
885,we can't eat from the restaurant support israil it's very bad feeling
886,فلسطين حرة 🇵🇸🇵🇸🇵🇸🇵🇸🇵🇸🇵🇸🇵🇸🇵🇸🇵🇸🇵🇸🇵🇸🇵🇸🇵🇸🇵🇸🇵🇸🇵🇸🇵🇸🇵🇸🇵🇸🇵🇸🇵🇸🇵🇸🇵🇸🇵🇸🇵🇸🇵🇸🇵🇸🇵🇸🇵🇸🇵🇸🇵🇸🇵🇸🇵🇸🇵🇸🇵🇸🇵🇸🇵🇸🇵🇸🇵🇸🇵🇸🇵🇸🇵🇸🇵🇸🇵🇸🇵🇸🇵🇸🇵🇸🇵🇸🇵🇸🇵🇸
887,Very good
888,مقرف جداً يكفي انه فلوسه اخواتنا بتتقتل بيها 🤮
889,"I don’t speak Arabic but they were so helpful and came up alternate ways to help them deliver my food. I really like that. However, I’d recommend getting more English speakers to make the experience easier for non-Arabic speakers."
890,شقة رقم ٤ شقة رقم ٤ شقة رقم ٤
891,FREE PALASTINE TILL IT’S BACKWARDS MOTHERF*CKERS🇵🇸
892,"From the river to the sea, Palestine will be free Du fleuve à la mer, la Palestine sera libre Nehirden denize kadar Filistin özgür olacak Del río al mar, Palestina será libre Do rio ao mar, a Palestina será livre فلسطین از رودخانه تا دریا آزاد خواهد ..."
893,جالي تسمم من الاكل
894,🇵🇸🇵🇸🇵🇸🇵🇸🇵🇸🇵🇸🇵🇸🇵🇸🇵🇸🇵🇸🇵🇸🇵🇸🇵🇸🇵🇸🇵🇸🇵🇸🇵🇸🇵🇸🇵🇸🇵🇸🇵🇸🇵🇸🇵🇸✌🏼✌🏼✌🏼✌🏼✌🏼✌🏼
895,Bad juice package
896,Fries are cold and oily
897,"F*uk mac , f*ck mac tany 3ashan ageb el 40 characters ely el app 3awezhom"
898,The order arrived with really bad quality! Cold! For the price honestly horrible value for cost.
899,🇵🇸🇵🇸🇵🇸🇵🇸🇵🇸🇵🇸🇵🇸🇵🇸🇵🇸🇵🇸🇵🇸🇵🇸🇵🇸🇵🇸🇵🇸🇵🇸🇵🇸🇵🇸🇵🇸🇵🇸🇵🇸🇵🇸🇵🇸🇵🇸🇵🇸🇵🇸🇵🇸🇵🇸🇵🇸🇵🇸🇵🇸🇵🇸🇵🇸🇵🇸🇵🇸🇵🇸🇵🇸🇵🇸🇵🇸🇵🇸🇵🇸🇵🇸🇵🇸🇵🇸🇵🇸🇵🇸🇵🇸🇵🇸🇵🇸🇵🇸🇵🇸🇵🇸🇵🇸🇵🇸🇵🇸🇵🇸🇵🇸🇵🇸🇵🇸🇵🇸🇵🇸🇵🇸🇵...
900,٤٠٠٠ طفل قُتلوا في اقل من شهر ، كل طفل كان عنده حلم ، كل ام كانت نفسها تفرح ب اولادها ، اقل واجب هو المقاطعة 🇵🇸
901,🇵🇸🇵🇸🇵🇸🇵🇸 🇵🇸🇵🇸🇵🇸🇵🇸🇵🇸🇵🇸🇵🇸🇵🇸🇵🇸🇵🇸🇵🇸🇵🇸🇵🇸🇵🇸🇵🇸🇵🇸🇵🇸🇵🇸🇵🇸🇵🇸🇵🇸🇵🇸🇵🇸🇵🇸🇵🇸🇵🇸🇵🇸🇵🇸🇵🇸🇵🇸🇵🇸🇵🇸🇵🇸🇵🇸🇵🇸🇵🇸🇵🇸🇵🇸🇵🇸🇵🇸🇵🇸🇵🇸🇵🇸🇵🇸🇵🇸🇵🇸🇵🇸
902,DISGUSTING🇵🇸🇵🇸🇵🇸🇵🇸🇵🇸🇵🇸🇵🇸🇵🇸🇵🇸🇵🇸🇵🇸🇵🇸🇵🇸🇵🇸🇵🇸🇵🇸🇵🇸🇵🇸🇵🇸🇵🇸🇵🇸🇵🇸🇵🇸🇵🇸🇵🇸🇵🇸🇵🇸🇵🇸🇵🇸🇵🇸🇵🇸🇵🇸🇵🇸🇵🇸🇵🇸🇵🇸🇵🇸🇵🇸🇵🇸🇵🇸🇵🇸🇵🇸🇵🇸🇵🇸
903,🇵🇸🇵🇸🇵🇸🇵🇸🇵🇸🇵🇸🇵🇸🇵🇸🇵🇸🇵🇸🇵🇸🇵🇸🇵🇸🇵🇸🇵🇸🇵🇸🇵🇸🇵🇸🇵🇸🇵🇸🇵🇸🇵🇸🇵🇸🇵🇸🇵🇸🇵🇸🇵🇸🇵🇸🇵🇸🇵🇸🇵🇸🇵🇸🇵🇸🇵🇸🇵🇸🇵🇸🇵🇸🇵🇸🇵🇸🇵🇸🇵🇸🇵🇸🇵🇸🇵🇸🇵🇸🇵🇸🇵🇸🇵🇸🇵🇸🇵🇸🇵🇸
904,🇵🇸🇵🇸🇵🇸🇵🇸🇵🇸🇵🇸🇵🇸🇵🇸🇵🇸🇵🇸🇵🇸🇵🇸🇵🇸🇵🇸 🇵🇸🇵🇸🇵🇸🇵🇸🇵🇸🇵🇸🇵🇸🇵🇸🇵🇸🇵🇸🇵🇸🇵🇸🇵🇸🇵🇸🇵🇸🇵🇸🇵🇸🇵🇸🇵🇸🇵🇸🇵🇸🇵🇸🇵🇸🇵🇸🇵🇸🇵🇸🇵🇸🇵🇸🇵🇸🇵🇸🇵🇸🇵🇸🇵🇸🇵🇸🇵🇸🇵🇸🇵🇸🇵🇸🇵🇸🇵🇸🇵🇸🇵🇸🇵🇸
905,🇵🇸🇵🇸🇵🇸🇵🇸🇵🇸🇵🇸🇵🇸🇵🇸🇵🇸🇵🇸🇵🇸🇵🇸🇵🇸🇵🇸🇵🇸🇵🇸🇵🇸🇵🇸🇵🇸🇵🇸🇵🇸🇵🇸🇵🇸🇵🇸🇵🇸🇵🇸🇵🇸🇵🇸🇵🇸🇵🇸 🇵🇸🇵🇸🇵🇸🇵🇸🇵🇸🇵🇸🇵🇸🇵🇸🇵🇸🇵🇸🇵🇸🇵🇸🇵🇸🇵🇸🇵🇸🇵🇸🇵🇸🇵🇸🇵🇸🇵🇸🇵🇸🇵🇸🇵🇸🇵🇸🇵🇸🇵🇸🇵🇸🇵🇸🇵🇸🇵🇸 🇵🇸🇵🇸...
906,🇵🇸 🇵🇸 🇵🇸 🇵🇸 🇵🇸 🇵🇸 🇵🇸 🇵🇸 🇵🇸 🇵🇸 🇵🇸 🇵🇸 🇵🇸 🇵🇸 🇵🇸 🇵🇸 🇵🇸 🇵🇸 🇵🇸 🇵🇸 🇵🇸 🇵🇸 🇵🇸 🇵🇸 🇵🇸 🇵🇸 🇵🇸 🇵🇸 🇵🇸 🇵🇸 🇵🇸 🇵🇸 🇵🇸 🇵🇸 🇵🇸 🇵🇸 🇵🇸 🇵🇸
907,فلسطين حرة 🇵🇸 🇵🇸 🇵🇸 🇵🇸 🇵🇸 🇵🇸 🇵🇸 🇵🇸 🇵🇸 🇵🇸 🇵🇸 🇵🇸 🇵🇸 🇵🇸 🇵🇸 🇵🇸 🇵🇸 🇵🇸 🇵🇸 🇵🇸 🇵🇸 🇵🇸 🇵🇸 🇵🇸 🇵🇸 🇵🇸 🇵🇸 🇵🇸 🇵🇸 🇵🇸 🇵🇸 🇵🇸 🇵🇸 🇵🇸 🇵🇸 🇵🇸 🇵🇸 🇵🇸
908,Free Palestine 🇵🇸 🇵🇸 🇵🇸 🇵🇸 🇵🇸 🇵🇸 🇵🇸 🇵🇸 🇵🇸 🇵🇸 🇵🇸 🇵🇸 🇵🇸 🇵🇸 🇵🇸 🇵🇸 🇵🇸 🇵🇸 🇵🇸 🇵🇸 🇵🇸 🇵🇸 🇵🇸 🇵🇸 🇵🇸 🇵🇸 🇵🇸 🇵🇸 🇵🇸 🇵🇸 🇵🇸 🇵🇸 🇵🇸 🇵🇸 🇵🇸 🇵🇸 🇵🇸 🇵🇸
909,البطاطس كانت مجلده و بارده و مش عليها ملح الساندوتش كان يقرف الفراخ بارده و الجبنه كأنها متسيحه كذا مره و التركي ناشف و حاجه قرف بجد
910,Free Palestine 🇵🇸🇵🇸🇵🇸🇵🇸🇵🇸🇵🇸🇵🇸🇵🇸🇵🇸🇵🇸🇵🇸🇵🇸🇵🇸🇵🇸🇵🇸🇵🇸🇵🇸🇵🇸🇵🇸🇵🇸🇵🇸🇵🇸🇵🇸🇵🇸🇵🇸🇵🇸🇵🇸🇵🇸🇵🇸🇵🇸🇵🇸🇵🇸
911,Stand for justice. Stand for Palestine 🇵🇸🇵🇸🇵🇸🇵🇸🔻🔻
912,🇵🇸🇵🇸🇵🇸🇵🇸🇵🇸🇵🇸🇵🇸🇵🇸🇵🇸🇵🇸🇵🇸🇵🇸🇵🇸🇵🇸🇵🇸🇵🇸🇵🇸🇵🇸
913,Awful
914,مطعم زفت🇵🇸🇵🇸🇵🇸🇵🇸🇵🇸🇵🇸🇵🇸🇵🇸🇵🇸🇵🇸🇵🇸🇵🇸🇵🇸🇵🇸🔥🔥🔥🔥🔥🔥🇵🇸🇵🇸🇵🇸🇵🇸🇵🇸🇵🇸🇵🇸🇵🇸🇵🇸🇵🇸🇵🇸🔥🔥🔥🔥🔥🔥🇵🇸🇵🇸🇵🇸🇵🇸🇵🇸🇵🇸🇵🇸🇵🇸🇵🇸🇵🇸🇵🇸🇵🇸🔥🔥🔥🔥🔥🔥🇵🇸🇵🇸
915,حتى نجمه ما يستاهل 🇵🇸🇵🇸🇵🇸🇵🇸🇵🇸🇵🇸🇵🇸🇵🇸🇵🇸🇵🇸🇵🇸🇵🇸🇵🇸🇵🇸🇵🇸🇵🇸🇵🇸🇵🇸🇵🇸🇵🇸🇵🇸🇵🇸🇵🇸🇵🇸🇵🇸🇵🇸🇵🇸🇵🇸🇵🇸🇵🇸🇵🇸🇵🇸🇵🇸🇵🇸🇵🇸🇵🇸🇵🇸🇵🇸🇵🇸🇵🇸🇵🇸
916,صهيونييييييييييييييييييييييييييييييييييييييييييييييي
917,free Palestine 🇵🇸🇵🇸🇵🇸🇵🇸🇵🇸🇵🇸🇵🇸
918,the order was nearly dead
919,تحت molly كاتبة اللي مش عاجبه يولع بجاز .. الجاز ده يا حبيبتي هتولعي بيه انتي واللي زيك ونشوفك يارب مكانهم انتي واللي زيك محشورين معاهم ف جهنم يوم الحساب الاعظم وان ربك لبالمرصاد هتشوفي هيحصلك اية ف حياتك قريب جدا
920,الناس اللي لسه بتشتري منه دم الفلسطانيين ع ايديكم
921,My favorite fast food ever!!!!the food was super good !!! El mesh 3agbo yewla3 begaz!!
922,سندوتش الفراخ كانت نية
923,supporting Israel
924,The money you pay for a meal here funds bullets that kill our brothers🇵🇸🇵🇸🇵🇸
925,يا ترى هقتل كام فلسطيني لما أشتري منكم عشان بطني؟ كل قرش حرام عليكم، مقاطعة إلى الأبد
926,يا ترى هقتل كام فلسطيني لما أشتري منكم كل قرش حرام عليكم، مقاطعة إلى الأبد
927,مقاطعة الي الأبد...... الا لعنة الله على الظالمين
928,Helps is not real………………………………………………………………………………
929,Food was good as always but its comes all the food was ruined maybe because of the delivery fries and burger not in good condition because the drinks spill on fries and burger
930,صاهينه
931,🇵🇸 🇵🇸 🇵🇸 🇵🇸 🇵🇸 🇵🇸 🇵🇸 🇵🇸🇵🇸🇵🇸🇵🇸🇵🇸🇵🇸
932,the food was so bad
933,مقاطعة يا كلاب عشان تدعموا الصهاينة كويس
934,"buy from cook door, an Egyptian company,instead for fast food, boycott McDonald's for the rest of your life, it's over for them"
935,فلسطين 🇵🇸🇵🇸🇵🇸🇵🇸🇵🇸🇵🇸🇵🇸🇵🇸🇵🇸🇵🇸🇵🇸🇵🇸🇵🇸🇵🇸🇵🇸🇵🇸🇵🇸🇵🇸🇵🇸🇵🇸🇵🇸🇵🇸🇵🇸🇵🇸🇵🇸🇵🇸🇵🇸🇵🇸🇵🇸🇵🇸🇵🇸🇵🇸🇵🇸🇵🇸🇵🇸🇵🇸
936,🇵🇸🇵🇸🇵🇸🇵🇸🇵🇸🇵🇸🇵🇸🇵🇸🇵🇸🇵🇸🇵🇸
937,🇵🇸🇵🇸🇵🇸🇵🇸🇵🇸🇵🇸🇵🇸🇵🇸🇵🇸🇵🇸🇵🇸🇵🇸🇵🇸🇵🇸🇵🇸🇵🇸🇵🇸🇵🇸🇵🇸🇵🇸🇵🇸🇵🇸🇵🇸🇵🇸🇵🇸🇵🇸
938,Worse food in the world 🇵🇸🇵🇸🇵🇸🇵🇸🇵🇸🇵🇸🇵🇸🇵🇸🇵🇸🇵🇸🇵🇸🇵🇸🇵🇸🇵🇸🇵🇸🇵🇸🇵🇸🇵🇸🇵🇸🇵🇸🇵🇸🇵🇸🇵🇸
939,🇵🇸🇵🇸🇵🇸🇵🇸🇵🇸🇵🇸🇵🇸🇵🇸🇵🇸🇵🇸🇵🇸🇵🇸🇵🇸🇵🇸🇵🇸🇵🇸🇵🇸🇵🇸🇵🇸🇵🇸🇵🇸🇦🇪🇦🇪🇦🇪🇦🇪🇦🇪🇦🇪🇦🇪🇦🇪🇦🇪🇦🇪
940,Free palastine 🇵🇸🇵🇸🇵🇸🇵🇸🇵🇸 free palastine🇵🇸🇵🇸🇵🇸🇵🇸 baffulo burger برقبتكوا
941,فلسطين غزه يا اولاد الحرام غزه غزه غزه غزه غزه غزه غزه غزه غزه غزه غزه غزه غزه غزه غزه غزه غزه غزه غزه غزه غزه غزه غزه غزه غزه غزه غزه غزه غزه غزه غزه غزه غزه غزه غزه غزه غزه غزه غزه غزه غزه غزه غزه غزه غزه غزه غزه غزه غزه غزه غزه غزه غزه
942,Israeli supporters and if you buy from them you are supporting Israel as simple as that
943,فلسطين فلسطين فلسطين فلسطين فلسطين فلسطين فلسطين فلسطين فلسطين فلسطين فلسطين Palstine 🇵🇸🇵🇸🇵🇸🇵🇸🇵🇸🇵🇸🇵🇸🇵🇸🇵🇸🇵🇸
944,Quality
945,Stop Supporting Israel. Boycotting to Mac
946,سريع جدا
947,"They are funding genocide, everyone boycott pls"
948,الاوردر اتاخر جداا
949,🇵🇸🇵🇸🇵🇸🇵🇸🇵🇸🇵🇸🇵🇸🇵🇸🇵🇸🇵🇸🇵🇸🇵🇸🇵🇸🇵🇸🇵🇸🇵🇸🇵🇸🇵🇸🇵🇸🇵🇸🇵🇸🇵🇸🇵🇸🇵🇸🇵🇸🇵🇸🇵🇸🇵🇸🇵🇸🇵🇸🇵🇸
950,🇵🇸🇵🇸🇵🇸🇵🇸🇵🇸🇵🇸🇵🇸🇵🇸🇵🇸🇵🇸🇵🇸🇵🇸🇵🇸🇵🇸🇵🇸🇵🇸🇵🇸🇵🇸🇵🇸🇵🇸🇵🇸🇵🇸🇵🇸🇵🇸🇵🇸🇵🇸🇵🇸
951,"very cold, tasted raw, fries were weak and limp, unlike shown on the media, so basically same as “Israel” 🇵🇸🇵🇸🇵🇸"
952,مقاطعه 🇵🇸🇵🇸🇵🇸🇵🇸🇵🇸🇵🇸🇵🇸🇵🇸🇵🇸
953,Apartment number 4 Apartment number 4 Apartment number 4
954,الايس كريم وصل سايح مش معقول سلسلة مطاعم بالحجم ده ولسة ماعندهاش طريقة كويسة توصل فيها الايس كريم للزباين بشكل كويس
955,سي 👎👎👎👎👎👎👎👎👎👎👎👎👎👎👎👎👎👎👎👎👎👎👎👎👎👎👎👎👎👎👎👎👎👎👎👎👎👎👎👎👎👎👎👎👎👎👎👎👎👎👎👎👎👎👎👎👎👎👎👎👎👎👎👎
956,FREE PALESTINE 🇵🇸🇵🇸🇵🇸🇵🇸🇵🇸 FREE PALESTINE 🇵🇸🇵🇸🇵🇸🇵🇸🇵🇸
957,boycott in support for our brothers🇵🇸🇵🇸🇵🇸🇵🇸🇵🇸
958,worst ever .........................................................
959,ارجوكم اوقفوا التعامل معهم فوراً ، انا راجل حملت المنيوز ومسحت طلبات علشان القضية ، ارجوكم احذفوا ماك وكنتاكي وكل الداعمين للكيان الصهيوني من قائمتكم ، ربنا هيسألكم ع الناس اللي بتموت دي في يوم عظيم
960,مطعم سيئ يدعم الكيان الصهيوني يقتل اخوتنا في غزة
961,OVER-PRICED!!
962,كان بارد جدا و الفوم اللبن مكنش في
963,🇵🇸🇵🇸🇵🇸🇵🇸🇵🇸 standing with Palestine w kda kda ebn a7ba
964,حلو قوي
965,🇵🇸🇵🇸🇵🇸🇵🇸🇵🇸🇵🇸🇵🇸🇵🇸🇵🇸🇵🇸🇵🇸🇵🇸🇵🇸🇵🇸🇵🇸🇵🇸
966,I ordered two custard pies I was delivered two apple pie instead !!!
967,Free Palestine 🇵🇸🇵🇸🇵🇸🇵🇸🇵🇸🇵🇸🇵🇸🇵🇸🇵🇸🇵🇸🇵🇸🇵🇸🇵🇸🇵🇸i’m never ordering it again
968,I am boycotting macdonalds because of their support to Israel
969,vbh
970,Support israel
971,H
972,البطاطس كان ناشف
973,الطلب كان ناقصه البطاطس الطيار رجع المطعم تاني وجابهالي بسرعة.. شكرا جدا ليه..
974,مطعم صهيونى حقير. المجد للمقامومة🇵🇸🇵🇸🇵🇸🇵🇸 🇵🇸🇵🇸🇵🇸🇵🇸🇵🇸🇵🇸🇵🇸🇵🇸
975,Free Palestinian 🇵🇸🇵🇸🇵🇸🇵🇸🇵🇸🇵🇸🇵🇸🇵🇸🇵🇸🇵🇸🇵🇸🇵🇸🇵🇸🇵🇸🇵🇸🇵🇸🇵🇸🇵🇸🇵🇸🇵🇸🇵🇸🇵🇸🇵🇸🇵🇸🇵🇸🇵🇸🇵🇸🇵🇸🇵🇸
976,FREE PALESTINE 🇵🇸🇵🇸🇵🇸🇵🇸🇵🇸🇵🇸🇵🇸🇵🇸🇵🇸🇵🇸🇵🇸🇵🇸🇵🇸🇵🇸🇵🇸🇵🇸🇵🇸🇵🇸🇵🇸🇵🇸🇵🇸🇵🇸🇵🇸🇵🇸🇵🇸🇵🇸🇵🇸🇵🇸🇵🇸🇵🇸🇵🇸🇵🇸
977,Free Palestine 🇵🇸🇵🇸🇵🇸🇵🇸🇵🇸🇵🇸🇵🇸 اثبتوا على موقفكم يا مسلمين و قطعوهم
978,Free Palestine !!!
979,شقة رقم ٤
980,"the chicken fillet, its chicken was a bit dry, and the food was not warm"
981,"Please look at the change of packaging of McDonalds US in support of Isreal. Every penny you spend a fraction is send there, DO NOT order, its already very bad quality meat and expensive over nothing. Support your local domestic restaurants instead. ..."
982,حد لو ماكدونالدز مصر مستقل برضو انك تاكل فيه انت كده بتعمل اسم لمطعم بيدعم الاحتلال
983,Free Palestine ssssssssssssssssssssssssssssssssss
984,زفت زفت زفت
985,مقاطعة للابد مش هسمح ان جزء من فلوسي بيروع لدعم قتلة الاطفال فلسطين حرة مستقلة
986,Boycott McDonald’s & all American & israelí products & support Palestine 🇵🇸
987,مقاطعة تضامنا مع فلسطين 🇵🇸🇵🇸🇵🇸 اكتب ريفيو بنجمة واحدة وماتيأسش ماتتفرجش اعمل اللي تقدر عليه
988,الاكل تحفة هابى ميل فظيعة
989,ك ام. إسرائيل على اللي يساعدها لان جزء كبير بيروح للصهينة ولاد الوثخة
990,مقاطعة لمناصرته الصهاينة الاسرائيليين وقتل الاطفال
991,الله يلعنكم طالما بتنصروا الاحتلال لا أربحكم الله ولا وفقكم انتوا وكل فروع ماكدونالدز
992,اقل من انكم تاخدو تقييم
993,الاكل بارد ، و فيه بصل و أنا كاتب مش عاوز بصل
994,الدجاج نحيييف لدرجة اني حسيت باكل بقسماط بس ومزيته مره
995,I have ordered with credit card and the payment done then the call center called me to let me know that another amount will be credited as the prices increased and they didn’t update it
996,"The order was really bad, I ordered a fillet of fish meal and the fish burger was absolutely disgusting. The bread was old and stale and did not even fit the burger so the top of the bun was hard and too small for the burger. It was def not the way i..."
997,اكل بارد و ملوش طعم و غالي مش عارف علي ايه
998,they don't wrap the sandwiches now it's so messy
999,Very nice driver
1000,مقاطعه مع ماكدونالدز و مقاطعه لكل شئ يدعم الكيان الصهيوني الدموي السفاح
1001,اسوء اكل علي الاطلاق اسوء خدمه اسوء براند
1002,"terrible customer service, and franchise"
1003,الساندويش جاى مقلوب فالشنطه وفراخ برا الساندويش ومن غير جبنه
1004,For the second time in 2 weeks food not cooked at all and throw it in basket very bad quality
1005,اسرئيليين
1006,bad company policy with violence against palestinians
1007,Bgad lw kan fe rating a2al men keda kont 3malto🤣 El order galy ghalat w 7awelt a-contact you through the app w tab3an mafish el option da w 7atta mesh btehtamo bel reviews aw el comments w tetwaslo ma3 el client wla 7atta te7aseno ay 7aga. Bgad ho...
1008,مقاطعة ماكدونلدز وكل من يدعم الكيان مطعم سىء ندعم فلسطين
1009,الاوردر مجاش اصلاا
1010,Review removed for using offensive words
1011,Got a different item
1012,🇵🇸🇵🇸
1013,الطعم كان وحش و البتاتس ميتة
1014,عيب على كل الكومنتات اللى الواحد شايفها دى يا مسلمين !!!! لو فى منكوا طلب اوردر و مشتلموش !! عقابكم شديد عند اللى خلقكوا اول حاجة وقعت الضرر على الدليفرى المسكين و تانى حاجة خدت ذنب الكذب بانك طلبت حاجة مش عاوزها و بنيه وحشة !!! عاوز تقاطعم قاطع لاك...
1015,دم الشهداء غزه فلسطين شعب حر دم الشهداء فلسطين فلسطين
1016,مقاطعة ضد مؤيدي جنود الاحتلال ونصرة لاهلنا
1017,سيء سيء سيء سيء سيء سيء سيء سيء سيء سيء سيء
1018,Bad restaurant bad food it take my money to the f***in shit
1019,زباله قمه في القرف داعمين اليهود والكيان الصهيوني فلسطين عربيه 🇵🇸🇵🇸🇵🇸🇵🇸
1020,تغليف سئ
1021,الاكل و الاوردر غلط البطاطس بشعه
1022,Support palastine !! Boycott mcdonalds !!
1023,It was McDonalds. Not exactly top quality but it filled the void
1024,Free Palestine Your burgers doesn’t even taste that good
1025,تم الغاء الاوردر دون إبلاغي من قبل الفرع رغم تأكيد مسؤل من منيوز تليفونيا علي الاوردر
1026,المقاطعه لداعمي الصهاينة والإسرائيليين.....
1027,التغليف كان وحش جدا ولقيته مفتوح ومبهدل الكيس الي جايلي فيه وطعمه غريب والفراخ بتشد
1028,فيه بدائل محلية افضل كتير ، مقاطعه لداعمي الصهيونية
1029,زفت اوسخ محل برجر في العالم لحمه من فرجلو اسؤ برجر ف مصر
1030,مقاطعه للأبد بيدعموا جنود الاحتلال الصهيوني
1031,مقاطعه للأبد بيدعموا جنود الاحتلال الصهاينة بالآف الوجبات وهم بيقتلوا اخواتنا !! محدش يشتري منهم تاني ياجماعه والبدايل كتير ، لو عرفت اللي عملوه وصممت تشتري هتسأل أمام الله عن ده
1032,مقاطعه لمساندتهم للكيان الصهيوني #فلسطين_حره
1033,"the worst restaurant ever, very bad quality."
1034,فضلت مبارح بالليل استنى الاوردر ساعتين ومستلمتش بالاخر !!!
1035,الطلب جه من غير بيبسي وبطاطس رغم تقديم شكوى
1036,يجب مقاطعة كل الفروع لمساعدتهم للكيان الصهيوني
1037,مساعدتهم للكيان الصهيوني يجب مقاطعة كل الفروع
1038,مقاطعة كل فروع ماكدونالدز لمساعدتهم لاسرائيل.
1039,مطعم سئ جدا و يدعم الكيان الصهيوني ، عاشت فلسطين
1040,في افضل من كدا
1041,Terrible not real chicken and found a bone in my sandwich
1042,Took 2 hours and the food crashed as if it is coming out of a mixer
1043,صراحة الاكل اللي طلبتو مبارح من ماكدونالز كان سيء وتسممنا منو
1044,حجم صغير جدا
1045,Na
1046,مره حلو بس التلج بيجي دايب
1047,R
1048,🥰🥰🥰🥰🥰🥰🥰🥰🥰🥰🥰🥰🥰🥰🥰🥰🥰🥰🥰🥰🥰🥰🥰🥰🥰🥰🥰
1049,لا توجد به لعبه الاطفال
1050,طعام جيد
1051,الجراند تيشكن كان مرة سيئ
1052,the food didn't come
1053,The sandwich wasn't as good as usual
1054,الاكل وصل بارد
1055,الاوردر موصلش لحد دلوقتي منتهي الاستهتار !!
1056,Fries were so bad & also the sandwitch wasn’t fine at all . Bad experience
1057,السندوتشات وحشة اوي ووجعت بطن الاولاد و حصلهم شبة تسمم
1058,It took almost 2 hours to be delivered and for sure food was cold and package was smashed. Not sure how Mc considers itself one of the fastest delivery
1059,Was cold
1060,الاوردر جيه وحش جدا و نصه اترمى و العيش كان بايت و قديم
1061,Just amazing
1062,جيد جدآ
1063,سئ جدا
1064,كان بارد وطعمه مش حلو والبطاطس مليانه زيت
1065,food was a little cold
1066,The fries wasn’t fresh prepared
1067,اتأخر جدا جدا جدا ولما وصل الاكل كان بارد شوية والكلام مع الدعم تضييع وقت من غير اي مساعدة
1068,order arrived nearly 1 hour later and was cold
1069,الكابتشينو وصل مكبوب و ناقص
1070,terrible fries
1071,"From worse to worst, thank u"
1072,the order missed a lot of items
1073,استلمت الطلب بدون ايس كريم صنداي وحينما عاد عامل التوصيل مره اخري لإحضار صنداي وجدته بدون كيت كات علما بأني دفعت مبلغ ٢٢ جنيه زياده
1074,Not fresh. Small portions.
1075,كان حجم صوص بيج تيستي صغير جداً
1076,The order cancelled by restaurant
1077,Late and cold
1078,food was not hot nor fresh
1079,الاكل واصل بارد جدا و البطاطس وحشه اوي
1080,I waited hour and half for my delivery
1081,Not good
1082,D
1083,الاكل غالي و الطعم زباله و الابليكشن ازبل و هيفضل زباله
1084,Didn’t receive it
1085,nuggets weren't good at all rest of the order very good 👍🏼
1086,they keep forgetting to put the right portion of the onions lol
1087,الاوردر موصلش و محدش اتكلم عشان يتلغي
1088,Wasnt hot
1089,Very late delivery and missing item
1090,طلبنا مشروب اسبريت جاي بيبسي من غير صودا والاكل بارد
1091,there was no egg in the wrap. falafel wrap was very hard to bite into
1092,The burgers was very dry and cold so as the fries
1093,كان سيء جدًا
1094,السندوتشات جت من غير جبده و انا كنت كاتبه في الملاحظات اصافه جبته
1095,Gread
1096,الاكل كله جابلنا دور جامد جدا ، من قله النظافه
1097,تأخر جدا وبارد
1098,I got caramel not chocolate
1099,الاكل اتاخر و وصل بارد
1100,هو بس لو مكنش دلق شوية من البيبسي كان زمانه بقا بيرفكتو
1101,Delivery took time
1102,جمييييل
1103,Took toooo long wow
1104,مشاالله الساندوتش عندكوا بيغلى و بيصغر في نفس الوقت
1105,worst experience
1106,Terrible and terrible customer service
1107,the delivery man is too polite and helpful and fast
1108,الاوردر جيه عبد ساعتين الا ربع وكان ساقع
1109,مطعم تافه وغبي بطلب وبيتصل علي ويتاكد من العنوان وبعد ساعه ونص لما اكلم المطعم بيقولي اوت اوف سيرفس في حين انو مكتوب على التطبيق انو بيوصل الي منطقتي ف بيعتبر ايه الغباء دا ؟؟؟؟؟؟؟؟؟؟ عاوز افهم اجي جعان و اكون عاوز اكل وبعد ساعة يقولي انو اتلغى؟؟؟؟ ...
1110,المشروبات وصلت باردة و ليست ساخنة، الاوردر اتأخر جدا،، لم يتم التمييز بين اكواب اللاتيه و الكابتشينو،، المشروب كان مسكوب على الكوب و الغطاء
1111,Food never arrived. Fortunately it was cash on delivery so need to try and get a refund.
1112,Coke was flat ice melted
1113,It was very disgusting and I had food poisoning I’m going to report you!
1114,very expensive
1115,العاب الاطفال من فترة سيئه جدا وغير مسليه
1116,الاكل كان وحش اويي ومتلج وميتكلش حرفيا وجيلي متأخر عن الميعاد ب ساعه ولا ساعه نص كمان
1117,تسو
1118,Food arrived after 2 and half yours
1119,كل ما اطلب في كومنت ان الصوص يبقي سويت ان ساوى يجيلي رانش واكله بالعافية و دي تاني مرة يحصل كدة
1120,الاوردر حاي ساعه و نص متأخر ساقع و البطاطس تقرف و السندوتشات اكنها بايته
1121,THE FOOD WAS SO GOOD
1122,تأخر الطالب ساعة ونصف
1123,"Too expensive, not worth the money 🤷🏻‍♀️💸"
1124,ماكدونالدز بقي سئ جدا طعم و التوصيل بقي بيتاخر جدا و غالي جدا علي الكميه و طعم وحش
1125,i mean what do I expect McDonalds is always grea
1126,تم تغيير ما طلبت مرتيين بحجة أنه غير متوفر الآن في الفرع..هو يرد المنتج أن يكون متاح فقط لعميل زائر الفرع
1127,ناقص سندوتش تشيز برجر
1128,البرجر سئ جدا ناشف ومحروق
1129,جالي تسمم من اخر وجبة
1130,الطعم السندوتش والبطاطس دائما بارد ومش حلوه خالص
1131,ПО
1132,الميلك شيك كان الكوب ناقص جدا يمكن نصه بس مليان
1133,Fries is always bad every order..بتحايل عليكو علشان تيجي كويسة و سخنة
1134,One of the worse experiences with both restaurant and app
1135,الولد تعبو جامد وجالهم نزلة معوية
1136,also there was a free 1 liter Pepsi and didn't bring it
1137,ً
1138,Food did not arrive
1139,A sandwich was not delivered but paid
1140,bad milk shake
1141,burger was raw !!!
1142,الماك ناجتس طلبتها حار جاتلي عادية و باردة و مش مستوية كويس من جوه
1143,The worst experience from mcdonalds
1144,Good didn’t arrive
1145,ب
1146,"very very small sandwiches,it was like its for kids"
1147,Haven’t even received the order.
1148,Not as I used to Bad meat and chicken quality Even the most popular fries in now as good as homemade one And of course the high price made it even a worth experience
1149,Wrong order
1150,❤
1151,Delicious Food
1152,يقرف الطعم كان وحش جداً اسوء مرة طلبت و اسوء فرع اكتوبر
1153,الأكل بارد جدا و طعمه سىء جدا
1154,الاكل بتاع ماك طول عمره حلو، بس الفكره انهم سعات البطاطس والسندوتشات بيبقوا نشفين ومن كده بعرف أن الاكل مش صابح والمشروب الغازي سعات بحس اني بشرب ميه بس ان شاء الله المطعم ميعملهاش تاني 🥰🥰
1155,Special request was correct
1156,I did not receive my order and I did not receive the payment that is deducted from my card
1157,"The burger was cold and smelled rotten, Mcdonald’s no longer wraps the sandwiches, they just lay it in a dirty box … which is extremely unhygienic."
1158,ن
1159,THE ORDER DIDNT ARRIVE.
1160,الفراخ كانت محروقه و البطاطس كانت مزيته جدا جدا
1161,مفروض اننا دافعه توصيل مش عشان انزل السبت
1162,"The fries was terrible, spoiled and had to through it away"
1163,طعام سئ جدا
1164,The chocolate sundae was replaced by strawberry
1165,Fries wasn’t fresh
1166,No taste at all
1167,Poisoned!!!!!!
1168,الاوردر موصلش منيوز حرامية وماكدونالدز حرمية ماكدونالدز لغوا الاوردر والمنيووز ساحبه فلوس مرجعتش، وملهمش رقم للتواصل طبعا فا الجدع يعرف يجيب فلوسه...
1169,Missing item The bbq sauce
1170,موصلش اصلا بيوصلي كل يوم بال20 اوردر ودا سبحان الله مينفعش يوصل للمنطقه
1171,Fries not good
1172,When i order a drink without ice i'd like to receive it without ice☺️☺️☺️
1173,كول مرة يخطئ بل عنوان ويخبط على جيران لحد ما جيران اخدو علقة للدلفري
1174,It wasn’t so fresh and didn’t smell good
1175,I got food poison because of their fish fillet
1176,الاوردر مجاش اصلا 😀 اسوا خدمه عملاء اسوء مطعم اخر مره هطلب من الابلكيشن وهمسحه
1177,الساندوتش صغير كيييك
1178,The large fries given was not fully filled.
1179,شكرا جدا علي سرعه التوصيل و متابعه الطلب
1180,Cold and burnt
1181,the tomato was rotten
1182,ا
1183,"breakfast was so dry , the bread was burned"
1184,رر
1185,الاكل وصل بارد جدا
1186,الأكل ساقع خالص الايسكريم ما وصلش الكيس مشروط من الجنب غير انو تأخر جداً
1187,The delivery was so late and the food comes un heated
1188,Bad food انا رجعت بسببه و بطنه وجعتني و روحت المستشفى اسوء اكل اكلته
1189,very bad taste..very old and not fresh fries..and above that very expensive!
1190,sandwich came without paper cover
1191,fries and chicken macdo was too bad
1192,Nice 👌
1193,The sandwich was upside down and all the sauces was out
1194,not recommended at all!
1195,The food was raw !!!!
1196,I ordered through the McDonald’s app last week and I Waited 2.5hrs for the order to arrive even though the branch is 5 minutes away on the motorcycle and I tried to order again this week and I’ve waited for more than 3hrs and no one showed up yet
1197,الاكل بيوصل بارد
1198,i recieved a big make instead of a mcroyale. the nuggets were stale.
1199,the ceaser salad was so bad and had no toast and a very small piece of chicken totally not worth the money i cant believe i soent 130egp for this
1200,The egg was a disaster and the food was cold
1201,no hash brown
1202,الاوردر وصل مقلوب والسندوتش اتعجن في بعضه
1203,"The order took 2 hours to receive a call from the Mcdonald’s delivery man , and the branch is literally max 15 mins far from my home , it was like Mcdonald’s did it on purpose .. I cancelled the order of course after long waiting."
1204,كله تمام
1205,Order was canceled and i was informed after 2 hours
1206,اتأخر جدا
1207,The delivery wasn’t fast
1208,الخبز محمص جداً
1209,عع
1210,الاكل موصلش اصلا
1211,awfull !
1212,الاكل كان بارد جدا و مش حلو
1213,"It arrived after 2 hrs so I refused to get it. And after calling McDonald’s to escalate, they were rude and did nothing to me !! Worst restaurant and service ever !"
1214,بارد علي رغم من سرعه التوصيل.
1215,الاكل كان وحش جدا و اترما
1216,طلبت الأوردر الساعة 6 المغرب، بعد ساعتين من الانتظار أتصل يقولي معلش أصل أوردرك اتلغى عشان الكهرباء قطعت!!!!!!!!! هنعملك أوردر جديد، عملو أوردر جديد الساعة دلوقتي 9 وربع ولحد الآن الأوردر موصلش بجد معاملة زفت، وكل شوية أتصل بخدمة العملاء يقولي معلش ب...
1217,كويس ووصل بسرعه
1218,was awful not well cooked
1219,رفض التوصيل مع العلم أنه تم التوصيل من قبل لنفس العنوان
1220,لم أستلم الاوردر
1221,الاكل كان طعمو بلاستك حرفيا ومش متغلف والفراخ كان مش مستوي اوحش تجربة
1222,Honestly. they were kind and were able to solve my order really fast. especially support staff were able to make my delivery inquiry time and was kind and helpful. overall food was great
1223,الايس كريم جاي سايح و مفيش هولدر و الدليفري كان لافف الكبايات في كيس الورق بتاع المناديل
1224,they called me to tell me to pay cash but I already paid the order online through el menues app
1225,حلو بس مش بيجي سخن و البطاطس بتكون مش طازج
1226,سريع بس السندوتشات مكبوسه بشكل غريب
1227,came without cheese add on
1228,Worst one
1229,very cold
1230,Food was not fresh .. fries was not fresh
1231,By the time the food had arrived it was frozen cold and I didn’t enjoy my meal. So try to send out the food immediately after being made so that it can be hot by the time it gets to the consumer.
1232,سئ
1233,no packaging
1234,بعد ما انتظر من ١١ لحد ١.٣٠ بليل يقولي انت اوت اوف زوون
1235,الأكل جاني بارد
1236,الكواليتي جامدة طبعًا مفيش كلام واسرع ديليڤري في مصر ، بس اسعاركم غليت جدًا.
1237,الاكل اتاخر جدا في التوصيل ولحد ماالطلب اتعدل والاكل ساقع جدا
1238,espresso shot was too little
1239,جه متأخر و الفرايز جت باردة جدا و الصن داي جه كله واقع و اضطر يرجع تاني والفرع و عقبال ما استلمت الاوردر الساعه بقيت 12 وانا طالبه الساعه 9
1240,زفت طلبت الأوردر وبعد اكتر من ساعتين بيقولي Your area is out of zone خدمة العملاء سيئة جدا
1241,ساعتين وماوصلش الاوردر وكل مارن على المطعم مايردوش وان ردوا ماافادونيش بحاجه
1242,الطعام ناقص الكمية
1243,سئ جداً، الاكل جاي متبهدل، تجربة سيئة للغاية.
1244,i ordered a plain sandwich no salad and it came with mayo and lettuce ( not plain )
1245,Veeeeeeeeeeeeeeeeeeeeeeeeeeeeeeeeeeeeeery gooooooooooooooooooooooooooooooooooooood
1246,مستوى سئ جدا الاكل بارد والبطاطس من غير ملح و َالبرتقال مزودينه مايه رغم ان الوجبه بقت غاليه جدا مش حتعامل معاكم تاني في اي طلب
1247,food came cold
1248,الاوردر كان ناقص ساندويتش والاكل كان بارد
1249,I didn't get the sausage sandwich
1250,Worst ever البيج تيستى صوص بايظ حمضان و كمان الساندوتش فيهم غلط الهايى ميل فيها ساندوتش ميكس ٢ ميل والعكس وكمان البطاطس كانت مجلده جدا و بارده اسوء فرع و تإخير بشع
1251,Very bad quality and service I'll never buy from them again
1252,الاسعار بقت خرافية …اكتر مكان غلي الاسعار
1253,didn't come
1254,خدمه زي الزفت حاجه تقرف بعد ساعتين تاخير يكنسلوا الفلوس بجد و تبريرات بقي مقرفه و خدمه عملاء زي الزفت مش هطلب من القرف ده تاني! و كمان لسه فلوسي مرجعتش !!!! عموما الشكوي دي كلها هتنزل ع السوشيل ميديا بالصور عشان تعرفوا تحترموا العملاء كويس !
1255,غالي جدااااااا يعني سعر عالي و جودة سيء جدا
1256,البيبسي ماشين بتيجي خفيفة فيها ماية
1257,الفراخ جايه نيه وقرفت منها وأترمت مفيش ضمير خالص إيه القرف ده بجد دافعين فلوس أد كده يبقوا تحترموا الناس واعملوا الحاجه بضمير مش هطلب ماك تاني خلاص 😐
1258,بيعملوا الاطفال بقله ذوق انا اختي١٣ سنه ودخلت تطلب عاملها بمنتهي قله الذوق ورجعت زعلانه ومن ساعتها مش راضيه تاكل من عندكم تاني.دا غير أنها كانت طالبه شير بوكس واتنين صوص بيج تيستي ولما جت ملقناش الصوص اصلا وهي محاسبه عليه! وقبل كدا جينا نطلب اوفر من ...
1259,الاكل كان جاي طعمه سئ جدا كانه بايت بقاله يومين بجد حسبي الله ونعم الوكيل
1260,VERY EXPENSIVE AND SO BAD LOW QUALITY IM BOYCOTTING YOU AND ALL MY FRIENDS ARE WE DONT NEED TO BE PAYING 300 EACH TO EAT AND BE FULL
1261,مندوب قليل الذوق و مش محترم و كمية بلطجة و سرسجة غير عاديه
1262,الأكل سي جداااا وبرجر الفراخ مش مستوي خالص ،، انا مش متاكدة جبت من اي فرع من المنيوز بس تحربة مش هتكرر
1263,البطاطس جابه بايته ومش حلوه خالص يعني سعر زياده وجوده اقل ….
1264,رحت اجيب الفطار مافن ريجولار،بيتعاملوا بقلة ذوق ،وواحد ع الكاشير مشي اول م وصلت عنده،ستاف الشباب هناك لازم يتغيّر او يتعلّم ازاي يتعامل مع اي حد بقي بغض النظر بيضحك او مضايق او واتيفر
1265,اسعار مبالغ فيها جدا لازم تخفضوا الاسعار
1266,Order never showed up
1267,Great experience
1268,نرخص الأسعار شويه
1269,قطعت البانيه كانت سيئه ونشفه جدا جدا جدا
1270,سعر غالي
1271,السعر مبالغ فيه جدا و البطاطس و بتبقي بارده و قليله قبل كده طلبت بطاطس و مجتش اتمني تخفضو السعر
1272,السعر مبالغ فيه جدا
1273,الامل كان ريحته زفره جدا ومكنش فى كاتشب + ان يعره بقى غالى جداا
1274,كل مره احط نوت ان فرايز بتبقا باردة و قليلة رغم كده مش بيهتمو بيجبو فرايز قليلة و باردة و الأكل مش متغلف و سئ جدا جدا و اسعار غالية علي فاضي
1275,لو أقدر أديله صفر من ٥ كنت إديتله، فرع الشروق أسوء فرع في مصر، الساندويتشات مفيهاش صوص و البطاط بايشة و باردة، و لما تطلب استبدال بعد سنة بيجيلك الأوردر الجديد سيئ جدا بردو و غيه نفس المشاكل
1276,the food came cold and the drink was hot
1277,too expensive
1278,غالي اوي ولسه في ناس مريضه بتشتري منه اتمني الاسعار ترخص شويه لان بقا مبالغ فيها
1279,هو حد لسه بيشتري من ماك بعد الاسعار الغربية دي! وحتي جوده اكل تعبانه
1280,الفايز جاتلي قليلة جدا مع ان كده كده السعر زاد
1281,ahd695906@gmail.com
1282,"very bad, there was a wood pecies on my burger, and was burn, it will be the last time with mcdo for me"
1283,No salt or pepper and cold food
1284,مطعم سي جدا و الأسعار غير طبيعية اسعار اكل فاخر و هو دراي فوود
1285,الاسعار غالية علي ولا حاجة و بقي اكلو اوحش ، زمان كنا بنجيبه اللي هو اي حاجة كدة تمشي الدنيا عشان اسعاره، دلوقتي مبقاش فيه ميزة تخلي الواحد يدفع فيه جنيه ، منصحش حد يطلب منه تاني عشان منشجعش علي غلاء الاسعار بالجشع ده
1286,"Bad fries, Bad order very very cold didnt eat it"
1287,عروض
1288,لطيف جدا في اسلوبه ومظهره جميل
1289,the bill was cash and i paid it by credit but they solve it
1290,الفراخ فالساندوتش نية كانت بتشد جداا و البطاطس بايتة و فيها اسود و محروق كتييييير اوي و ملح زيادة و العيش نفسه كان بايت
1291,كل شي حلو
1292,very small size
1293,ايس كريم سايح الصوص قليل جدا
1294,eww 🤢
1295,أسعار منيو ماكدونالدز مبالغ فيها ويجب على سلسلة المطاعم تخفيض الأسعار قليلًا بالإضافة إلى أن خدمة التوصيل غاية في السوء ويجب أخذ ذلك في الاعتبار
1296,The prices is really high and the sandwiches is not fresh not even the fries
1297,"Sandwiches wasn’t fresh, fries was very bad, and the food tasted like it was made a long time ago and u just re- heated it! Mac double supposedly has pickles on top and mustard and it actually didn’t I felt like I was eating only beef with out anythi..."
1298,اسعاركم بقت اووفر جدا الشير بوكس زادت 40 جنيه في اسبوع !!!!! ايه الجنان ده وعلى ايه؟!! ده كل حاجة من سئ لأسوأ الطعم والجودة والنضافة والتغليف والحجم وطعم الصوصات غريب حتى الكولا بشعة والاكل دايما جاي بارد و التوصيل بطئ جدا رغم ان الفرع جمبنا اللي هو ...
1299,الساندوتش كان طعمو كان في حاجه حمضانه او بايظه والبيبسي طعمو متغير برضو جامد ودي اول مره تحصلي من ماكدونالدز الصراحه
1300,علفكرة انا من محبين ماك بس بجد هو اتغير و مبقاش زي زمان بقى overrated جيداان يعني اي سندوتش و شويه سلطة ب 200!!انا عارفه في غلا اسعار بس بردو (بحب ماك)
1301,اسوأ فرع كل ما نطلب منة يخصم المبلغ ويتصل بينا الديليفري عاوزنا نروح نقابلة في مكان قريب ليهم فاهمين التوصيل غلط ولما نشتكي يقولي سياستنا كده
1302,الاوردر غالي جدا جدا وماك بيغلي بشكل فظيع
1303,الاوردر اتأخر جدا وبارد وكان الرد السيستم كان واقع
1304,عصير و الكابتشينو مدلوقين و الhash brownمزيت جدا و حاجة بجد مقرفة
1305,طلبت الساعه ٩ و وصلني اول مرا الاوردر غلط و الاوردر التاني وصل الساعه ١٢ كمية اهمال و تأخير
1306,اتاخر وكان الاكل بارد اوي
1307,"cold french fries and hot cocacola, you have to improve your delivery service please"
1308,food was terrible I ordered double fillet o fish one of the fillet was very dry and old you can't even bitte it the whole meal was cold and tasteless.
1309,لاا
1310,"I was really disappointed with my recent experience at McDonald's. I ordered a large order of fries, a large Coke, and a chicken sandwich. The fries were saggy and cold, the Coke tasted like it had been sitting out all day, and the chicken sandwich ..."
1311,I found a dead fly on my fries !!! Shame on you!!!!!
1312,الاسعار بئت غالية بشكل لا يتناسب مع الدخل بصراحة شكلو ماكدونالدز اخر ايامو فمصر
1313,The coffee was half of the cup
1314,الاكل جاي متاخر ساعه و نص و جاي بارد جدا مش حلو
1315,All food came cold and disgusting and it was so late in delivery
1316,hello hello hello
1317,بس في مشكله انا كنت طالبه شير بوكس والكولا ماشيين جتلي لتر كولا
1318,Everything is perfect thank you
1319,Very late delivery; cold food as a result.
1320,Losers
1321,هو كان حلو بس مبيشبعش والكولا طعمها وحش وغالي ع الفاضي
1322,الأكل كان بارد
1323,الاوردر وصلني متاخر جدا و الاكل بارد و مجلد 👎🏻
1324,The order take so long
1325,جراند تشيكن ال وصلني كان عادي مش سبايسي مع ان الاوردر كان سبايسي
1326,"However your food is always tatsty but it came late and the driver was very very bad and his atitude was bad ,the food was cold i dont know what should i do .the time between me and the nearest macdonalds is 5 minutes"
1327,CRT
1328,ترتاد
1329,البرجر بارد و منيل و مش حلو
1330,طلبت اكسترا صوص شكولاتة على الصنداي و كان الصوص قليل جداً برضو
1331,Very late delivery
1332,"I didn’t expect that the food will be expired, I ate two bites then I threw up."
1333,من اسوء التجارب الاكل كان سئ جداااااا وبارد الساندوتش كان ناقص كل حاجه و بارد جدااااااا والديلفري جه متاخرررا جداااااااا حقيقي مش هطلب اي حاجه تاني منهم ولا من الابليكشن دااا 🙄
1334,Ma
1335,الاكل ناقع زيت وقديم حتى السمك ، مقرف لأبعد حد والكمية تقل كل مره
1336,الاكل بارد كان سيئ جدا مش زي ما طلبت امبارح البرجر كان بشعععع
1337,"Cold and opened food, and late . zzzzzzz"
1338,No recieved
1339,Veryyy latee
1340,الاكل جيه بارد و ناقص ازازه مياه و دفعت المبلغ كامل لأن الدليفري قالي هيوصلهالي و ما رجعش
1341,الاوردر جه ناقص من غير بطاطس ومفيش اي خدمة عملا
1342,كان عندي خصم ومنزلش
1343,الخبز كان يابس والبطاطا بايته وجزء منها مهروس
1344,The delivery could’ve been quicker
1345,The packaging came cut
1346,food was bad very cold and order arrive 2 hours late worst sehour experience if you can’t handle this many orders then don’t accept then or atleast state the right time of arrival very dissapointed
1347,He
1348,Happy meals came without toys
1349,The fries weren’t filling the packet so i called the call center
1350,الاكل كان وحش جدا وبارد
1351,طابت منهم استعجال الاوردر وفعلا طلعوه بسرعه
1352,سئ جدا ومنتهى قلة الأحترام بجد مش بيعرفو يتعاملو مع الناس
1353,لغو الاردر على ميعاد السحور و خدمه عملاء مش محترمين
1354,"The worst customer service everrrrr, I order Mac from 1 hour and half & I didn't get the order till now & when I talked to them through the application, they said that the order is cancelled from the restaurant itself without even telling me or send ..."
1355,Driver thought I payed with my credit card although I selected the option to pay cash
1356,The fries was so salty which made it 4 stars not 5 stars
1357,Uncooked fries
1358,GOOOODD
1359,Very low food quality
1360,Perfect bgd
1361,Sandwich was very low quality
1362,mwslsh toy
1363,Touhfa
1364,Slow delivery
1365,Big tasty was tasteless
1366,it was so bad and not fresh the quality and taste is bad!
1367,I love it
1368,ال sandwitch من غير ورقة مفكوك من بعضه وابحاجة واقعة الصوص فيه زيادة مخليه مزز طعمه سئ غير كل مرة. مش بتاخدوا فلوس قليلة عشان الحاجة توصل كدة. (مش متأكدة دة الفرع اللى جه منه الحاجة ولا لأ لان عادة فرع الميرغنى كويس جدا).
1369,جالي تسمم للاسف واتبهدلت جدا اخر مرة اكل منه
1370,icecream melted. fries not hot. no cheese on cheese burger
1371,The taste and the smell of the food was disgusting
1372,طلبت جراند تشيكن للاسف الخضار والفراخ اللي جوا الساندوتش باين جدا انهم بايتين
1373,الاوردر اتاخر جداا و جاي تلج بجد !! و العيب كان من الفرع نفسه مش الدليفري
1374,Order from 10:10am till now (12:25pm) i didn’t receive it!!!!
1375,مرتين بطلب الايسكريم ب اضافة ب اضافة وبيوصلني بدون اضافة
1376,Food was cold took 2 hours to arrive
1377,العيش محروق و البطاطس مقليه في زيت زفر
1378,Very very very bad taste and delivered cold I was very sad that MC had become this bad
1379,always very late they never pay attention to the comments
1380,اسوأ اكل وصلني والله العظيم. الفرايز بقالها اصلا كام يوم وساقعه ومن جوه لونها مخضر من العفن. والبرجر مبتشبعش طفل حتى ودافعه مبلغ. الهي ياخدكوا يارب
1381,Alot of missing items
1382,سندوتش بايظ وغير اللي انا طلبته و مفيش شكوه
1383,He was rude
1384,b
1385,Fries wasn’t fresh Chicken was dry Bread wasnt good
1386,الطلب جه بااااارد و البطاطس كلها زيت و وجع بطن و لما كلمت الدعم الفني قالي ماقدرش اعملك حاجه
1387,اخر تعامل مع هذا التطبيق الفاشل
1388,Order was extremely delay
1389,بصراحة فرع المقطم دايما وحش جدا للأسف.. اتمنى يتحسن ويبقى افضل 🤍🙏🏻
1390,فل
1391,الاوردر جه متأخر و الاكل كأنه بايت سيئ جدًا اخر مرة اجيب منه
1392,قعدوني ساعه و نص علشان يجيبو البيبسي اللي مع الاوردر
1393,why the garden compound is out of zone for deliveries.... it is almost a year... i dont see any reason why do you have to remove it even though there 4or5 branches near our place...
1394,The worst restaurant ever despite the fact that its not even real meat the only value mcdonalds offered was being FAST but not anymore I ordered from the branch that is only a couple of kilometers away from me and it took them 2 hours until I cancel...
1395,الاكل وصل ساقع جدا و الكوكاكولا سخن جدا و الجوده تحت الصفر توقعت احسن من كدا 👎👎👎
1396,صفر صفر سرقو فلوس من visaa و مجبوش الاوردر هما و elmenus
1397,صفر دول حرامية هما و elmenus سرقو فلوس الاوردر من visa و مجاش حتا
1398,Food is good Man is not good appearance
1399,The food arrived late and cold and also the service so bad
1400,Hi
1401,For everyone dont order from the app order from the restaurant directly and say the last order was horrible
1402,The food was very cold and came with chicken sandwiches however I ordered beef sandwiches with the chicken ones
1403,الطلب كإن ناقص
1404,"No ice, spilling cola, again!"
1405,"I got only 2 cokes out of 3, even one of them tasted really weird 💔"
1406,My orders always arrive super quickly and they’re always on time
1407,And the cost was wrong
1408,سي
1409,The sandwich needed more sauce
1410,Wrong delivery point
1411,الاكل كان وحش جدا
1412,زيادة الاسعار
1413,ميني برجر ؟
1414,لقد ألغوا الطلب بأنفسهم ، اتصلوا وطلبوا ليس من الواضح ماذا ، على الرغم من أن عنواني مذكور في الطلب
1415,Cold Tasty sauce not there Cheese too few Bad experience from menus. & mac 👎
1416,Fries are always soggy now U had the best fries
1417,بكتب يجي سخن ومش بيجي سخن
1418,سرعة التوصيل
1419,العيش كان ناشف شويه
1420,الكابتن اسلوبه غريب و بيتكلم كتير اوي و بيحاول يطول في الموضوع يعني و اتصل كتير اوي و بجد انا مش اول مره اشتكي من الحاجات دي و معجبنيش خالص
1421,الاكل جي بارد جدا والفينو مفرول تقريبا بايت واتوصلت مع المطعم مبيردوش عليا
1422,no
1423,No thing
1424,الساندوتش بارد و محروق من الجمب بجد اسوء مره جبت فيها
1425,thanksss
1426,Need to be fast as the food was cold
1427,انا رجعت للفيزا الفلوس مش مدفوع عاوزة خد يتواصل معى
1428,The food was very bad and seems like it is not cooked well كان سئ
1429,الاكل كان بارد شوي
1430,Fries were so oily delivery man didn’t have change
1431,the best sandwich is mcroyale extra sauce
1432,العيش مكنش كويس
1433,غير الطلب اللي طلبته في الصوصات
1434,Fries were too oily and it tasted as if it was fried in an old oil/ there was no straw with the cola
1435,طلبت وجبة كبيرة وجات صغيره
1436,الحساب من خلال التطبيق كان 145 لما وصل الاوردر الحساب كان 175
1437,Order was not delivered
1438,They missed the sauces for the millionth time!!
1439,السلطه سيئه جدا
1440,السندوتشات جائت في عيش بايت ومفرول .. طعم الاكل مكانش على المستوى .. تغليف السندوتشات كان سيء
1441,الارردر مش فريش
1442,الاكل كان ساقع جدًا و الفرايز مكنتش حلوه زي كل مره و بايته
1443,المطعم صعب مش نضيف خالص والاستف مش متعاونين وكان في شخص بيزعق بصوت عالي جدا غالبا المدير كانت تجربه سيئه
1444,الاكل مش سخن خالص
1445,Sandwitches are extremely overpriced for their size
1446,الصنداي مجاش
1447,I ordered and they feed and they didn’t get anything and I pay 560
1448,مدير فرع المعادي محتاج يترفض. فرع زباله.
1449,"The receipt said a price, and the price I was charged on my credit card said something else. Please do not deduct anything from the delivery man if there was a mistype on the receipt."
1450,"The mushroom burger was very disappointing. Way plain, no flavour, not sauce !!"
1451,I ordered big Mac without pickles and the sandwich came with pickles and the burger was very bad cooked
1452,"The food was not as usual, mac quality is getting bad :("
1453,Cold foodd
1454,"The delivery man was so rude and took extra 20 pounds idk why and refused to give me the receipt, the food tasted shitty اي كروتة now I know for a fact that I’m never eating from McDonald’s in egypt ever again ew!"
1455,The smell and taste of the fries now make you want to vomit. They should get back to the old ingredients they used asap.
1456,تجربة من اسوأ ما تكون! لم يكن ماكدونالز الذي أعرفه!! وطعم سيء جدا! هل لكون الطلب تم في وقت متأخر دور في ذلك!!
1457,Worest restrant ever! No Cover on the sandwich No extra becon added however I charged with cost!
1458,الاكل جاي متاخر جدا جدا وبارد وطعمو غريب وصغير مش اللي طلبتو واول مرة واخر مرة
1459,احلى حاجة البيج تايستي والفرايز احلى فرايز من بين كل المطاعم وكمان لو عملت اوردر الاوردر بيوصل صاروخ حتى لو طالب اكل كتير
1460,The order came without the litre cola it came with 2 small colas
1461,حلو اوي
1462,اوحش اوردر جبته من ماك
1463,Not fries of McDonald’s
1464,The pepsi was damaged Potatoes are cold
1465,سيئ جدا جدا مش مكفيهم رفع اسعارهم بشكل كبير لاء واكلهم بئا سيء جدا
1466,Delivery was too fast
1467,Cold food and fries not well done
1468,تم الغاء الطلب
1469,I ordered the fries extra well done and it came like rare or sth and soaked in oil
1470,أسوء وجبة طعم الناجتس وحش جدا والبطاطس سيئة
1471,البطاطس وحشه اوي و رائحتها وحشه اوي يا ريت حد يجي ياخدها
1472,"I ordered the new mushroom sandwich, The sandwich smelled like rotten garlic I thought maybe it’s just the smell then i found out it’s a rotten sandwich"
1473,البطاطس مش حلوه ابدا ومليانه زيت وكتير منها لونها اسود انا بحب بطاطس ماك اوي بس اليوم مش مزبوطه ابدا
1474,the pie is missing
1475,The oil was bad
1476,It was cold and fries was cold too
1477,Taste
1478,It was cold not fresg
1479,السندوتش صغير اوووي
1480,Order came late and after wan’t what i have order and you to refund me the amount i have paid as what I received was less amount than what I ordered Extremely very bad experience
1481,فرايز مش مستوية
1482,To much time
1483,Food was cold and very late delivery
1484,السعر غالي مقارنة بالكميه يا ريت يرجعوا الاسعار القديمه او يزيدوا الكميه
1485,Order always comes cold
1486,في انهي حتة مكنش باين انه طالباه ن غير بصل! الساندوتش يقرف جاي العيش مقطع و الحاجة سايحة منه و مدلوقة جوة العلبة و كله بصل
1487,I didnt receive the sweet chili sauce
1488,Very very late
1489,I ordered from the application and it was the worst order ever! The branch missed the tissues and the fries were not as it was supposed to be from McDonald’s!! Even the Pepsi from the machine tasted terrible. I literally threw it in the sink! The w...
1490,Fastest delivery time
1491,Hhhj
1492,انا طلبت اونلاين ولما جيت اكل لقيت شعره في اكل قرفت اني اكمله وده إهمال منهم
1493,Order delivered after 1.45 mins and wrong order t
1494,تشيكن ماكدو وحش و مش مستوي كويس
1495,My phone battery died sorry for not receiving the order! That was a one time issue
1496,بارد وليس لذيذ
1497,ماك مول cfc سيئ جدا جدا جدا لأبعد الحدود الزيت بايظ تماماً وطعم الأكل كلة بايظ ووحش جدا جدا جدا الاوردر اترمي كلة في الزبالة ومرة قبلها جبته من فرع وسط البلد برضة كان وحش جدا ومن بعدها مكلتش منه تاني لحد النهاردة ودى كانت اخر مرة من ماك!!
1498,البطاطس ساقعه
1499,It was cold and not good i will not recommend this again habibi
1500,Okay
1501,Soggy fries Melted sundae
1502,الاكل كان بارد جدا برغم من قرب مكان السكن من المطعم
1503,Food quality was not good!
1504,"it's so gross, last two times were so bad and this is the last time I'm ordering"
1505,جميل جدا
1506,Missing items
1507,العيش جه بايت و ناشف جدا
1508,البطاطس كلها كانت طعمها محروق و السندوتشات الكبيره كلها مفيهاش اي صوص اسوء مره اكل فيها ماك
1509,I asked and paid fir spicy big mac and it came original
1510,الوقت اتاخر بس
1511,شكرا لكم
1512,القهوه وصلت مدلوقه و الكوب مخروم
1513,وحش جدا جدا جدا والفرايز مقلي بزيت معمول عليه سمك ، طعم وريحه سمك فظيعه ،واخر مره اطلب من الفرع دا
1514,make a bigger size for mcfizz 🙏🙏
1515,Bad chicken
1516,Falafel were burned Bread was firm and broken
1517,fries mahro2a w nashfa wl akl gaii mtaleg
1518,Very late
1519,The food was good but sometimes he mistakes the order for another one and the fries not like what they were once before.
1520,The beef burger was bad
1521,Nuggets were not fresh
1522,بطاطس جية باردة جدا لدرجة انها ناشفة!
1523,شكرًا جدًا للاكل الجامد
1524,….
1525,ترجيع و إسهال بعد الاوردر
1526,الاكل اتاخر جدااااا وكان بارد ومش حلو خالص والبطاطس طعم الزيت سي مع الاسف
1527,Sandwich without cheese for second time
1528,Was good and fresh but it wasn’t hot
1529,الاكل طعمو وحش جداً
1530,جمع البطاطس كلها فوق بعض وعجنت
1531,The order came wrong
1532,Good service
1533,جاء الساندوتش بدون بيف بيكون على رغم من دفع سعره كاضافة ! وجاء الساندوتش بدون غلاف(ورقة) وسقط بسبب ذلك
1534,Falafel wrap was horrible! Soggy and tasteless
1535,Fries always comes soggy
1536,An
1537,Food was so cold fries was almost smashed
1538,Perrrrrfect
1539,THE FOOD WAS ABSOLUTELY PERFECT FOR THE FIRST TIME!!♥️♥️♥️
1540,The only problem that the food was slightly cold
1541,I want to send 3different toys but I received 3 same toys 😕
1542,Food was not delivered
1543,"The nuggets where not good at all, the fries were very cold"
1544,Food was very cold
1545,Kan bared
1546,جه بارد شويه
1547,الهوت كيكس دائماً بتوصل باردة وهي المفروض سخنة
1548,Cold and did not taste good half of the apple pie was missing
1549,اكل بارد و مالوش طعم
1550,كان بارد جدا وانا طالبه جراند تشكين جي فيه بصل!!!
1551,Both happy meals didn’t have fries in them
1552,معامله سئيه بعد تبليغهم ب ان الاوردر خاطئ
1553,طالب بيف و جالي تشكين
1554,الاكل حلو بس كان بارد جدا و بطاطس مش سخنه خالص و سرعه التوصل بطيئًه
1555,My order was without vegetables and it came with lettuce in it
1556,الساندويش مكنش متغلف و الاكل كله واقع فالعلبة منتهي القرف بجد
1557,الاوردر كان بارد جدا جدا والخبز سئ للغايه تجربه سيئه جدا ومش هتقرر ابدا
1558,نتمني لكم مزيدا من التقدم والازدهار
1559,بيج تيستي اتنسي
1560,the delivery man was very rude with us as well as our potter who he humiliated him to the extend that he feels ashamed of himself & angry please choose ur delivery ma properly
1561,fries was very bad
1562,كان في ريحه وحشه قويه بالاسكريم
1563,Delivery was not the fastest as usual
1564,worst
1565,طعم السبرايت غريب جدا
1566,Very expensive
1567,الاكل كان بارد و مش حلو
1568,الاكل كان بارد اوي الساندويش والبطاطس والتأخير في توصيل الطلب بجد امر مزعج
1569,اول مرة في حياتي يجيلي بطاطس طعم الزيت فيها محروق لو مش عايزين يغيروا زيت مايفتحوش اوردرات بعد ٢ الفجر
1570,الأكل جيه بارد
1571,The food was so cold
1572,الأكل ساقع
1573,👍👍
1574,delivery was slow
1575,سلوك الطيار سئه
1576,I love mc very much ♥️♥️
1577,Medium fries filled to half the pack. Really? 😂
1578,Good but not hot like before And not tasty too like before Vs price
1579,اكل ساقع
1580,The order without onion and ketchup. Food is cold.
1581,Was too cold
1582,Not delivered at all
1583,Poor quality
1584,السندوتشات كانت وحشه جدا
1585,Very bad service Didn’t get the right order and it took so long to come
1586,البطاطس كلنت قليلة والاكل كان بارد
1587,التوصيل اتأخر جدا وبعدين لغي الاوردر تجربه سيئه واخر مره اطلب من عندكم.
1588,التوصيل اتأخر جدا وبعدين لغي الاوردر من نفسه.تجربه سيئه واخر مره اتعامل معاكم
1589,My location is near the branch and it took about half an hour for delivery
1590,food poisining
1591,The fries came very cold and not tasty as usual
1592,Bgdddd Tuhfa
1593,الاكل كان بارد ووصل متاخر
1594,the big macs and chicken macs r so good and all but the nuggets taste like fucking car tires otherwise everything is good
1595,Fg
1596,Oily fries 👎 not Mcdonalds’ perfect one
1597,Wasn’t hot
1598,Driver came really fast as always! 🤩
1599,السندويتش كانت الفراخ نية
1600,انا المفرود عملت الكود باس جالي بنفس السعر
1601,الاكل جى بارد جداا معادا البطاطس
1602,الاكل بارد و سئ جدا اول مرة يكون ماك كده حقيقي اوردر وحش جدا جدا
1603,لم يتم توصيل كوكاكولا ماشين الذي تم طلبه مع الاوردر وتم تبليغ المطعم و مع ذلك لم يتم توصيله
1604,كان يوجد ساندوتش فاضي حرفيا
1605,ساعتين على ما وصل !!
1606,V.good
1607,Very small sandwiches
1608,الطعم وحش جدا وانا طلب بيف برغر وصلني تشيز برغر مش هعدها تاني من فرع اكتوبر سيئ جدا
1609,M
1610,مافيش جبنه و البطاطس برده
1611,الاكل كان زفت وطفل جاله تسمم بسببه
1612,الاكل بارد جدا و جة متاخر اوى
1613,Fries was cold and tasted like it wasn’t fresh and food was cold
1614,Need to be faster
1615,All the food was cold
1616,Perfect performance
1617,البيبسي كان بايظ و رميته في الزباله طعمه بايظ خااااالص و بيلسع انما الاكل كان تمام
1618,كل ما أطلب أوردر من اي ابليكشين يلغوه بعديها بنص ساعة و يرجعوا الفلوس بعد إسبوعين! مش قادر خدمة سيئة لأن مفيش خدمة اصلا
1619,i love McDonald's more than any fast food restaurants
1620,Unprofessional application
1621,Please close the order
1622,Food was so cold and bad
1623,"Wrong sandwich, they sent burger instead of cheese burger"
1624,McDonald’s only had the apartment number wrong 801 instead of 802
1625,طلبت بيج تيستي صوص زياده ومجاش مع الاوردر
1626,Delivery took a lot of time
1627,كنت عاملين انو طالعلي دسكاون ولما جيت احاسب مافيش اي ديسكاون حصل
1628,Ss
1629,My request for the pepsi without ice was neglected
1630,The food came wrong i order plain and it didn’t come plain
1631,The food was terrible it was cold and fries were extremely bad besides the nuggets and sandwich were cold and bad the two days I spent after were at the doctor and toilet I had diarrhea + toxicity wish to get a refund
1632,الاكل وصل بارد جدا كانه بايت
1633,Food was cold & milkshake melted
1634,Gh
1635,Some items where missing
1636,Chili Chicken received without the Beacon ?!
1637,الاكل جه بارد
1638,Cold and Unsealed well
1639,I have a recieved a spicy sandwich after ordering not spicy and i am allergic to spicy food!! Ive had an asthma attack and ended up at the hospital WORST EXPERIENCE EVER. There should be communication between the app and the restaurant i have suffere...
1640,"The delivery was soo fast and it was warm and delicious, but I used the code to get 50 egp of my order and it said it worked on the app but when the order arrived I had to pay the full price within the 50 egp off."
1641,الطيار بيزود في الحساب واخد فلوس زياده من نفسه علي اساس انه مش معاه فلوس فكة يا ريت تختاروا الناس اللي بتشغلوها
1642,Just
1643,more than an hour and half waiting for the order
1644,Very bad attitude from delivery man
1645,"The muffin was hard also the egg wasn’t fresh , awful experience"
1646,"Super ,excellent."
1647,In
1648,الاوردر جالي غلط وجابواي البيف مشروم والوجبة الناقصة لكن بعد ما مشي المندوب فتحنا الهابي ميل لاقيناها 4 قطع ناجتس مش 6 وانا دافعه تمن 5
1649,مفيش اوردر جيه
1650,الاكل كان وحش اوي و جالي تسموم
1651,It was a very poor service and I will never use this app again
1652,The food was cold and the buns were burned!
1653,الطعم وحش
1654,the coffee was spilled and there was nothing left in it
1655,الفراخ كانت ناشفة ووحشة جدا - البطاطس متلجة
1656,As mentioned above
1657,The order was wrong also the food was too cold
1658,👍ok
1659,Awesome
1660,عصير البرتقال عبارة عن مياه صفراء و عدم وضع زبده زى ما وضحت بالملاحظات…
1661,It came with a can instead of large machine cup
1662,خدمه سيئه وسعر عالي ومده توصيل غبيه
1663,The fries tasted extremely dry and oily
1664,الاكل لم يكن ساخن
1665,The order is missing a sandwich
1666,تحفة
1667,Was a bit rude
1668,اول مره ميكونش حلو ابدا
1669,الاكل كان بارذ والعيش كان بايت
1670,The muffin was burnt
1671,Chicken strips were burnt.. really bad both boxes
1672,Cold And very bad bread
1673,الاورد تمنه مدفوع اونلاين، وعندى رساله البنك انه اتخصم، ورغم كده الطيار انصل بيا 1 صباحا ويطلب فلوس الاورد!!
1674,Very bad costumer service
1675,الاوردر وصل غلط
1676,Forgot to add my extra pickles in the sandwich ☹️
1677,الاوردر اناخر جدا وجالي علط كنت طالبة تشكين ماك مافين بالبيض مجتش و جالي مكنها هاش براون زيادة و لما كلمتهم رجع جبهولي بس كان منغير بيض نسي يحطه و كل الاكل بتزد جدا والكابتشينو مفهوش ريحة القهوة اكنة مايه بلبن اوحش اوردر طلبته من ماكدونالد
1678,الطلب م جاش حار
1679,كان بارد. وغير طازه
1680,VERY LATE ORDER I DIDNT EVEN RECIEVE IT SERIOUS RECKLESSNESS👎🏻👎🏻👎🏻👎🏻👎🏻👎🏻. dont order
1681,الاوردر موصلش
1682,😋
1683,Some items was missed
1684,"The order took soooo long to arrive , one of the drinks came wrong and the food was cold!!!! Worst experience with mcdonalds tbh"
1685,"The nuggets tasted weird, as if the chicken was not fresh/tasted as if it was about to get bad"
1686,Food came cold and lost its taste
1687,I did NOT get the order :)
1688,خدمه سيئه وقله احترام من الالبكيشن والمطعم. قرف
1689,The fries is cold
1690,Did not add extra mayo on spicy chicken fillet
1691,"Save your time please and don't order Shit taste, shit quality, order came 2 hours late and was cold. I'm from the future and i'm telling you don't order and save time"
1692,I find it funny you even asked while u had cancelled the order and i had to reorder. This is by far the worst delivery ever
1693,العيش كان بايت التشيكن ماكدو الفراخ مكنتش مستوية كويس للاسف مش دة المتعودة عليه من ماكدونالد
1694,There was a messing fries and cola
1695,there is no beef bacon in the sandwich chicken chili
1696,F
1697,No ketchup
1698,"Food not complete, and I requested the missing things and they ignored me"
1699,I’ve asked to add onions to the sandwich and u didn’t add them
1700,Terrible experience
1701,Everything was fine except for the fries is was terrible
1702,ًً
1703,طالبه بيج ماك جالي ماك تشكن !!!!!
1704,الاكل كان بارد ومتبهدل
1705,كان فيه عظم بالدجاج
1706,"McDonalds is trying to invade the world. I don't know if you'll believe me, but it's true. I have plenty of evidence. In the USA, a McDonalds opens every 14.5 hours. That is very much. I see Mcdonalds every time I drive my car on the road. I live in ..."
1707,بطيء جدًا
1708,كلو روعه
1709,كل شي برفيكت معدا بطاطا كانت غير لذيذة زي العادة
1710,Huj
1711,First tome to order loke this order from mc .Very badddddd. Its was cold and not fresh . Very bad experience and came very late and forgot the pepsi and bring it after . Money wasted
1712,Was very late Sandwich wasn’t very fresh
1713,ماك مبقاش ينفع يطلب غير drive through غير كده بقى مقرف وبارد ومجلد
1714,البطاطس كانت سخنة 😋
1715,Very bad The fries was awful
1716,دي كانت اسوء فريز جاتلي من ماك بواقي حرفيًا متكسرة ومزيتة
1717,Bad food bad fries bad everything
1718,م
1719,بصراحه خدو بالهم من كل الكومنتس
1720,"very cold food and it took two hours to deliver, absolutely terrible"
1721,الصوص كان قليل
1722,اخر اوردر كان بارد جدا و البيبسي عبارة عن مايه
1723,Although food arrived quickly; sandwiches were too cold!!
1724,الاوردر جالي غلط وسندويتش غلط
1725,Tg
1726,It was cold and not done well
1727,Awful taste also for the Fanta
1728,"Missing item, Pancakes were half raw. rest of the food was decant."
1729,order arrived in the worst possible quality
1730,food was cold and took to much to deliver
1731,Bad bad bad driver with bad attitude
1732,"I always recieve a notification ""the restaurant needs your support"", 30 mins later the restaurant called me to check for the details they need?! Then the order started to be prepared"
1733,"my order is not in the home , this not acceptable, i what to it but my order is not here , i’m very angry , and the delivered man , he don’t call me"
1734,الاستف محترم و بشوش و الخدمة ممتازة و سريعة و مظبوطة ، جربت المشروم برجر الجديد جاااامد جدا و طعمه حلو جدا .
1735,العاب الاطفال مجتش
1736,De
1737,الاوردر اتاخر اوووي اول مره اطلب اوردر من ماك و يقعد اكتر من نص ساعة او ساعة الا ربع الاوردر اخد ساعتين الا ربع
1738,المشروب جاي نصة مدلوق
1739,the fries were oilily and not cooked well
1740,الاكل طلعنا منو كارة حاجة كان ف عضم و ازاز كان ف السندوتش
1741,The fries was too cold and the sandwich too plus the ice cream was too runny
1742,Late response from the application
1743,The food was cold and not fresh at all and the coca without soda It was very bad
1744,الاورد جيه زياده
1745,الطعم لم يكن جيدا
1746,The food was terrible it wasn’t fresh and it was absolutely reheated .. The quality was more than terrible This experience was very very bad
1747,الطعام بارد
1748,zz
1749,اسوء اوردر جالي عالاطلاق البرجر ناقص سوا العيش رطب وطري والفراخ الاستربس ناشفه وطعمها سيئ جدا
1750,The order was very late and cold and poor
1751,اتاخر ساعه كامله
1752,Order came with 3 nuggets instead of 4 and tasted weird
1753,Baddd
1754,Very cold sandwich so I didn’t enjoy my meal
1755,Fries was terrible and whole order came cold
1756,Beef was so dry
1757,Fries were cold and even though I ordered large fries the packet was only halfway full
1758,The order was unfresh and I waited almost two hours for it to come and no support considering my problem whatsover.
1759,الاوردر اخد ساعة ونص
1760,سرعة التوسيل حلوه جدا
1761,انا الاوردر ما جاليش خدمة سيئة بدرجه لا توصف
1762,Fries was completely soggy
1763,V
1764,Very bad order
1765,محترم
1766,"I ordered the new burger sandwich with the request of less onions on the sandwich. I received my order almost cold and lacking in sauce and mushrooms, was just inedible. I requested a return and a fresh order, the customer sevice was very polite. how..."
1767,The all food was cold and did not have a test !!
1768,دفعت الحساب 85 وليس 55 مثل العرض المقدم علي الابليكشن
1769,و.
1770,The cola machine cup was torn and he went for 40 minutes and came back with the same cup claiming its a different one that was also cut
1771,I don’t want this man to deliver my orders again
1772,Was not hot at all
1773,I am dindt recieve the order
1774,Grand chicken was very spicy and tastes very bad!!
1775,Order is soo baddd
1776,Missing fries
1777,"Cold and missing a sandwich, had to send the delivery man to get the missing sandwich although the order arrived very late"
1778,البرجر كان بارد
1779,food was very cold
1780,late delivery and very cold food and dry
1781,"For the first time, mcdonald’s arrived an hour and a half late. The chicken nuggets were like a hard cold stone. And all the food was cold. Totally regret ordering this order."
1782,خدمه جدا سيئه
1783,♥️
1784,لاكل ملوش اي طعم وجي بارد والكولا طعمها وحش جداااا
1785,Order never came! If i had paid using a cc i would’ve been pissed.
1786,سندوتش المشروم بيف جاي من غير مشروم
1787,الطلب موصلش واتحسب انه وصل
1788,Fries is cold and not fried well،
1789,الفرع جنب بيتي كان من احسن الفروع واصبح أسوأ فرع Disgusting and food si always cold and not tasty (really bad)
1790,اسوأ سندوتش و بطاطس كلتهم الاكل بايت و مجلد و بارد و طعمه زفر و المناديل جايه مقطعه مش مطعم براند خالص
1791,Always can not order French fries with sandwiches
1792,Missing items and no action taking even after I complained
1793,الاكل مزيت جدا
1794,Mushroom beef Came without one of its main ingredients (caremelized onions) and little quantity of sauce which make the sandwich tasteless.
1795,awful sandwich and late delivery made me sick
1796,The fries was so bad
1797,Bad smell
1798,البطاطس معجنة و مهرية و السندوتشات باردة و مالهاش طعم
1799,Cleanliness
1800,🤨
1801,But the food was cold
1802,Too much salted
1803,"very unhappy, I take Order (14:27) and coming at (16:32)"
1804,Order came wrong
1805,الطلب اتأخر والاورد مكانش معاه ولا كيس كاتشب
1806,"Food was extremely cold, order was more than an hour late. It was terrible"
1807,The worst time ever i eat macdonalds the fries was so cold the sandwich is disgusting really the taste is yaaay i still not believing that you gave me food with this neglect i am really sad and i will never order anything from you again
1808,the nuggets and the honey and mustard sauce were not good .. i assume they were not fresh or not good enough to be eaten
1809,nice
1810,"Order was never delivered even after waiting more than 2 hours, and no feedback from the restaurant even after many calls"
1811,It was has no enough mushrooms and sous first and last time to try this sandwich
1812,There was no truffle oil on the sandwich
1813,Took 1hrs and 10 longer to arrive than should be
1814,كل مره بطلب بيج تستي صوص ومش بيبقي فيه والاكل كان بارد مكنش سخن
1815,Forgot barbecue sauce I payed for
1816,The worst sandwich ever … very baaaad
1817,المفروض إني أنا دفعل الدرج دايركت مسحوب من حسابي دلوقتي بيقول لي دكاش إزيك
1818,All was bad
1819,"The order is not yet delivered, I called the restitution 3 times and every time say the order on way and so far not yet delivered. This is a very very bad experience."
1820,الاكل كان بارد جدآ و الطعم سئ
1821,Not worthy
1822,الساندتشات باردة جداا وطعمها سئ
1823,يقرف الصراحة
1824,الوجبات وصلت بارده جدا كانها بايته فالتلاجة ما كنش الطلب فريش
1825,تحقيق ادق التفاصيل
1826,البطاطس كانت طريةً و معجنة
1827,"The order was very late and cold, the drinks were completely melted and tasted like water. Over that, customer support was not working"
1828,الاكل وصل متأخر جداً و اتواصلت معاكوا اكتر من مرة و مكنش فى مساعدة
1829,Pepsi was missed
1830,اخد عليا عشرين جنيه
1831,الاوردر متاخر غير ان مبدلين الماجفيز باوريو
1832,الاكل متجمد
1833,السبريت الي اتبعتت كانت مياه تقريبا والماك تشكن كان ناشف
1834,The bun was burnt ! Hash brown was full of oil !
1835,Al order tmm bs fy hagat na2sa w hatenha fy al recet w ana daf3a hsabha ha2i2y al edara b2t wehsha gedan w mab2t4 mabsota mn Macdonalds nha2y
1836,Pepsi was without soda and without ice and wasn’t cold at all All food wasn’t fresh Nuggets was very bad quality Sandwiches was plain without any mayonnaise or lettuce All food was soo bas and disappointed
1837,الاكل حلو لكن بارد جدا
1838,Big tasty was ok but the chicken and fries were not fresh at all
1839,The bun was burnt and it tastes so bad !!!!!!
1840,The sandwich was just covered with sauce
1841,If I could it would be no stars Through both elmenus and McDonald’s wait time for three hours just to have the order canceled and my money would not be refunded until after 14 days horrible experience horrible Wait time food not even worth it don’t b...
1842,Quantity soo bad and drink without soda
1843,The sandwiches was cold
1844,الاوردر مكنش حلو خالص وطعمه كان وحش
1845,الاكل وصل بارد و البطاطس مجلده
1846,The sandwich was very good but the fries were cold and tasted oily
1847,البطاطس كانت باردة
1848,"It’s so overpriced, and the app doesn’t give me any promo code..eveeeer"
1849,"the manager was too helpful, and polite"
1850,الاوردر وصل غلط و الديلفري اضطر يرجعه و يجيب الاوردر الصحيح
1851,Everything was exept the packaging was bad
1852,يقرف
1853,"the packaging was too messed up and the boxes were wrong for grand chicken sandwich and big tasty. The taste, smell and color of chicken was green and the overall is very ugly as if the food was rotten and hidden through the extreme spicy taste."
1854,الاوردر كان ناقص
1855,Big Mac chicken was so bad
1856,The order was missing the sauce and the coke was spilled in the delivery box
1857,Menus very bad application
1858,The food was not fresh at all
1859,التوصيل متأخر جدا جيه بعد ساعتين + الاوردر ناقص الصوص ماجاش +السندوتشات كانت بارده
1860,البرجر بارد
1861,السندوتش كان محروق سئ جدا
1862,الاكل كان بارد و جه متأخر جدا و طعمه كان غريب جدا
1863,"I ordered big tasty, but i received both of the sandwitches without big tasty sauce , and the food was really cold , very bad experience"
1864,So bad fries
1865,Something I payed didn’t get
1866,الطعم سيء جدا واللحمة باردة اوي
1867,وبعد الشكوى محدش اتواصل كمان معايا اسوء مطعم ماك ال ف ارابيلا بلازا حقيقي
1868,الاوردر مجاش و اتصلت بالمطعم و قالولي ان مفيش اوردر اصلا و طلبت الاوردر من جديد
1869,thnxx
1870,التوصيل سئ
1871,I order a sprite machine and they sent me cola instead
1872,اكل بارد و طعم و تجربة زفت متمناش اكررها تاني ف حياتي بجد اسوء فرع
1873,الاكل مش سخن اوي الطيار محترم و سريع جدا و خدمه ممتازه
1874,تجربه مش عايزه اقررها
1875,direct stomache pain
1876,سيء جداً طلبت سبايسي وما كان سبايسي ولقيت عظم في البرغر تجربة لا تعاد
1877,كان بارد جدا
1878,Not delivered
1879,السندوتش كان بارد
1880,الاكل للمره الرابعه يوصل متاخر جدا بعد ساعتين وبارد جدا واضطر اخده علشان مش هقدر استني تاني
1881,كان النجتس ناشف وسيء جدا
1882,The food was not hot
1883,👍🏻
1884,So bad
1885,Honestly it was GREAT it came early which is amazing and surprisingly the food was hot 🤭 the sauce was kinda watery though but other then that GREAT TASTE
1886,"Cold food , 1 hour 30 mins to deliver. Macdolands became so bad"
1887,Love it
1888,We got 2 spicy grand chicken instead of one
1889,Wasn’t tasty this time
1890,No balance change prepared.
1891,التوصيل متاخر والاكل بارد
1892,الاوردر جالي غلط امبارح بليل جالي ساندوتش واحد تشيكن مالك و كنت طالبه الاوفر ايلي ٦٥
1893,bad service
1894,The bun was burnt (black) i threw it out. The hash browns were soggy as the order came after an hour.
1895,السندوتشات كل مدي من سيئ لاسوء.جربت المشروم بيف وحش اوووي بجد
1896,Just perfect
1897,!!الفراخ مش مستوية
1898,Love app
1899,Too salty
1900,Not hot
1901,البطاطس باردة
1902,رميت الساندوتش كان بارد هو البطاطس
1903,"The 3 cappuccino were so cold and not good at all , without any foam , like a homemade coffee without any machine , we dont like it anymore"
1904,الا
1905,"Delivery was late, food was very cold"
1906,Delicious
1907,not deliver till now more than 2 hours
1908,The drink came opened and was drunk from i sent the driver back with it but paid full price
1909,الاتنين العيش محروق و مش سبايسي
1910,البطاطس سيئه جدااا والساندوتشات بارده
1911,Oily French fries
1912,3 hours delivery
1913,مش هطلب ماكدونالدز من هنا تاني ، الاكل جيه كله بارد و أتأخر و حاجه تقرف
1914,The fries was not fresh
1915,The food was late (it was delivered almost an hour and half after the order was taken) but the food was great
1916,Tooo much salt in the burger
1917,الاورد جه غلط
1918,غير جيد السواء
1919,Salty
1920,السااندوتش كان بارد
1921,عملت شكوى على الاوردر من اكتر من ساعه و منتظره تغيير الاوردر و لسه موصلش
1922,Beautiful😍
1923,"The order was so cold and did not taste good , and the coca cola was drawn"
1924,Salad taste was low standard and chicken was gross. You made a pregnant woman pukes twice.
1925,The Sandwiches were awful
1926,worest experience
1927,Big tasty sauce was missing
1928,يجب ان تكون الوجبة ساخنة
1929,الاكل اتأخر جداااا اكتر من ساعة و نص و طبعا وصل بااارد جدا جدا اخر مرة اطلب من ماكدونالدز
1930,slow
1931,Cold food!
1932,"The driver did not return the rest of the money and left. Also, I have informed the call center not to contact the following number: +20 100 440 9662 because it is not mine! But you still called the number. Remove the freaking number from my account!"
1933,Good food
1934,اسوء اوردر عملته في حياتي السندوتشات كان طعمها متغييير كانها زفره و البطاطس معجننننه و مزيته و الكولا مفاش صوده و حاجه منتهى الاستهتار رميت الاردر كله لو طلبته من المطعم نفسه عمرو ما هيجي بالمنظر ده كانهم بيرمو البواقي لابلكيشن التوصيل
1935,طقم الساندوتش
1936,هايل
1937,مطعم زباله واللي شغالين في ازبل ختي بتوع الدليفري حاجه تقرف وربنا مطعم وسخ ٣ سعات عشان يجيبو الكل منكو لله يا ولاد المره
1938,جميل جدا كالعادة والبرنامج تحفة شكرا المنيوز
1939,لا
1940,AMAZING well done
1941,كل حاجه تحفه
1942,The food was cold And i waited for hour and a quarter !!!!
1943,They sent me the wrong order
1944,It was so cold
1945,Delivery driver lied about arriving
1946,الاورد سئ جدا النهارده واخر مره بردوا كان كده وصوص البيج تيستي اصلا مجلناش مع الاورد
1947,الفراخ كانت ناشفه جداً
1948,كان حلو اوى بس كان بارد شويه
1949,ريحة الفراخ مش احسن حاجة وخصوصا التشيكن ماكدو
1950,So bad and the food was cold and not delicious as always . And big taste sauce not allow with my order !!!
1951,في سندوتش جيه ناقص في الشير بوكس تشكن ماكدو
1952,the food was cold and did not taste good
1953,Overpriced!!!! Hasbona Allah 😂
1954,The chicken fillet was very bad and it did not taste good الفراخ كانت مقدده و محروقة
1955,I didn’t get the mustard
1956,The fries and chicken macdo was no good
1957,"It was the worst , the food was dry and tastes and smells very bad"
1958,الاكل كان وحش جدا جدا جدا
1959,Everything in this order was bad Very disappointed Poor service poor quality
1960,The order didnt arrive
1961,Missing ice-cream that i paid for but never came
1962,Over price
1963,It was very cold
1964,التشيز برجر وصل بدون برجر !!!!!
1965,البطاطس مكنتشً حلوهً كالعاده بتاعتها
1966,shaer box jdifyskcidkdi idififjso idishwkvididh o odi
1967,Come to me cold !
1968,Didnt listen to our instructions
1969,I didn’t receive my food
1970,Sundae missing
1971,خفضو الاسعار شويه وياريت يعملو عروض
1972,السندوتش اصغر من الصوره بكتير
1973,Coffee cup was really dirty and looks like it has been dropped in the street before arrival.
1974,الاوردر كان وحش جدا و العيش بايت و البطاطس مكنتش سخنة و الفراخ ملهاش طعم
1975,"I am sorry but again ice cream melted on it’s way , special requests are literally the opposite of what i asked for …"
1976,مع ان انا بحب mac جدا بس دى مش اول مره تحصل انى اطلب حاجه و يوصل حاجه تانيه … please concentrate in reading orders and delivering in a shorter time don’t let the taste of food get lost with it reaching us differently or cold … thank you
1977,الاوردر جاي بعد ساعه وشويه السندوتشين تشكين ماكدو و انا كنت طالبة واحد تشكين وواحد تشيز برجر البطاطس كبيره وانا طالبه الحجم العادي
1978,The fries were so so so bad
1979,Not fresh at all
1980,الطعام سئ جدا ومش طازج وجوده الفراخ سيئه جدا
1981,مزيته و بارده وحشه اوي
1982,مكنش المتوقعه
1983,Drinks came with no holder
1984,الأكل بارد وساقع
1985,Worsttttttttttttttttttttt order not delivered asln
1986,الف
1987,Ordered pancakes and it missed the butter
1988,الاوردر كلن بارد وردئ جدا
1989,Special instructions ignored
1990,It was delivered fasr
1991,Ice cReam was melted
1992,الايس كريم سايح و الفطيرة بارده
1993,اي كلام خلاص
1994,Thanks Fast delivery
1995,I liked that he came fast and everything was delicious
1996,Wasn’t hot fresh especially the fries
1997,No salad on the ta3meya sandwich as usual Chicken wasn’t fresh at all
1998,بعد نص ساعة كلموني و قالولي الدفع مش شغال و لما جربت نفس الكارت اشتغل و بدأوا ينفذوا الطلب و بعدين الاكل كان بارد و حرفيا الفرع ده مش احسن فروع ماكدونالدز
1999,الاكل بارد جدا و لم يؤكل
2000,The fries were not fresh And the delivery was very late
2001,They sent me a chicken fillet instead of fish and they never have all the breakfast items…hAshbrowns are always out they need a better manager
2002,I made the order and it was prepaid but selected a wrong address … tried to contact both l menus and macdonalds and no one could help … couldnt cancel on app and couldnt reach anyone on menus
2003,ما وصلش الطلب اساسا و تم الغائه من غير علمي فضلت استنى ساعتين و انا كلمتهم و قالو الطلب ملغي
2004,Order didn’t arrive
2005,Fine
2006,Shame on you . Ordered have been canceled with any one calling and let me know and I was waiting for one hour .
2007,The coca was medium and it supposed to be large as I paid for it
2008,تحفه كالعاده
2009,Veryyyyy salty
2010,Ithet
2011,الاكل بارد جدا وسي بسبب التاخير
2012,I wanted coca cola machine and I got 1 liter bottle
2013,"I waited for more than an hour and a half then the delivery man called me and told me that he is on his way. Half an hour later the order was cancelled because ""it is not in he zone of the restaurant"" even though i have been ordering to the same loca..."
2014,The driver was so un polite I had to send him the location on WhatsApp which is not professional the food package was very bad because of the driver
2015,الاكل معفن
2016,Food arrived not hot at all
2017,Too too late
2018,Fries were oily
2019,I requested that my money should be refunded But no one returned the money back
2020,It wasn’t fresh at all and the fries from yesterday
2021,The chicken macdo wasn’t good enough.
2022,The order wasn’t delivered!!!!!!!!
2023,الاكل كان بارد جدا وسئ للغايه
2024,very cold and disgusting food for sure mac
2025,"There was a strange taste in the sausage and chicken sandwiches, as if they were stale and reheated (I’m talking about the meat not the buns"
2026,Worst fries ever not fresh at all Burnt nuggets
2027,الطلب غلط كنت طالب تايستي تشكن وصلني تايستي بيف !!!
2028,الطلب كان ناقص تشيلي صوص وانا كنت طالب بس ماوصل !!
2029,The food wasn’t hot
2030,مش جي صح للاسف
2031,The food come too cold
2032,💖💖🔥
2033,كان سئ جدا جدا للاسف
2034,Small portion bad quality and was very cold
2035,order is cold and so late
2036,الاكل كان سئ جدااااا والبطاطس غير مسويه والساندوتش بارد جدا والاكل سئ
2037,order came late … which is unexpected from Macdonalds and order came cold and not fresh specially the fries.
2038,The big mac burger was so bad
2039,الاكل جاي بارد
2040,Very bad attitude
2041,I asked for no cheese and they still put cheese.
2042,Nuggets were dry and tasteless
2043,كوز
2044,I didn’t receive the order uslun this was the worst experience with this app and restaurant ever
2045,السندوتشات بارده
2046,I found a warm in the food which is disgusting… worst experience
2047,I ordered big mac sauce and i didn’t receive it
2048,الاكل بارد جدا واخد وقت طويل
2049,المرادي افضل من المره ال قبلها
2050,دي اول مره ادي تقييم سيء بسبب اني كنت عايز الغي الطلب واغيره
2051,Order preferences were ignored
2052,مكنش سخن وكان الطلب غلط
2053,He talked to me in a very bad way on door
2054,كلمت الsupport في الشات قولتلها عايزه ادفعه كاش راحت قالتلي اتسحب من الكارت خلاص و بعد ما قالتلي واح اتسحب مش قبلها و اديتها رقم تتواصل بيا منه راحوا اتصلوا على الرقم القديم بردو و اتكلم بطريقة. زي الزفت خليت الرقم القديم يديهم رقمي عشان يتواصل معاي...
2055,الاكل وحش والخدمة والجوده الطعام بقت مش سيئة لأ دي رديئة
2056,Very great
2057,الاكل بارد جدا والبطاطس دلعه
2058,الطعام بارد والايس كريم سايح
2059,The food was cold and wasn’t tasty
2060,حلو اوي و الخدمة ممتازة عايزة كود بقي خصومات
2061,الدجاج غير مستوي بشكل كامل
2062,"The food was cold and tasteless, worst experience"
2063,Woow
2064,البرجر صغير جدا في هارديز اكبر و الطعم واحد مفيش أختلاف
2065,Worst time i ordered macdonald’s in my life Cold fries Old buns raw meat 😏😏
2066,- الاكل بارد جداً - الفانتا ماشين جت من غير تلج والصودا ضعيفه
2067,القهوة جايه نصها واقع
2068,البان كيك جه فقط معاه اكياس عسل
2069,0
2070,The mcFalafel didn’t come aslan! I received a chicken egg muffin instead.
2071,الاكل كان بارد و البطاطس مجتش و تأخير فوق الوصف و حاجة تقرف
2072,طبعاً وصل متأخر ساعتين و الاكل بارد و ملوش طعم و الميلك شيك سايح
2073,كل الكايزر كان محروق
2074,fast delivery
2075,Food was cold and tasteless
2076,They sent Big Mac sauce instead !!
2077,الاسعار بتغلى والجودة ما شاء الله ف النازل، بتفتح الساندوتش تلاقي شريحة لحم او فراخ رفيييعة وكل مدى بتصغر اللي أفهمه إنك بتعاي السعر عشان تفضل محافظ على الجودة إنما ده اسمه فهلوة ونصب
2078,bb
2079,I ordered share box with one chicken macdo and one cheese burger and I got two chicken macdo
2080,Sooooo much cold waited 2 hrs
2081,Wrong items
2082,Dm
2083,Hash browns were not available
2084,البطاطس كانت باردة ووحشة جدًًا للأسف في منيو ماكدونالدز والأوردر وصل متأخر نص ساعة
2085,Original 💖
2086,الفرايز تقرفففففف مليانه ملح و كلها ناشفة و قصيرة بالظبط زي الاوردر برده اللي قبله كل الفرايز ف الاوردرين تقرف و الكولا الماشين اترمت في الباسكا زي ما هي من كتر ما طعنها يقرف و من غير صودا نهائي
2087,البطاطس وحشه جدا و برده و الساندوتش مفهوش اي حاجه
2088,missing drink & packing not good( 4 sandwiches in one bag)!!!!
2089,very very good you don't haves any things rong the food was very nice and all the meals is nice
2090,not as expected and the packging of the froes was damaged
2091,Was so rude
2092,You forgot the cola can! I want my money back
2093,الاكل وصل بارد وبايت ووحش جدا والبطاطس بايته كأنها من امبارح
2094,الاكل كان بارد شويه
2095,It was good but overpriced
2096,Had an extreme Stomach ache afterwards
2097,Very bad I stopped using the app
2098,الاكل كان باررد
2099,The foos was so cold and not fresh
2100,This is the third time to make an order compliant within the last few months on how the food was unbearable. كل مرة بيبقي الاكل سئ جدا
2101,Very cold and small fries
2102,Very cold and taste bad
2103,Every single piece of food was cold Should be embarrassed to take my money. Awful.
2104,Food was COLD
2105,آخر اوردر واضح جدا ان الاكل كان بايت وقديم وسئ جدا .. العيش كان ناشف والجبنة كمان. الفطار من فرع ده سئ جدا المرة دي.
2106,الاوردر جيه غلط و عملت شكوي ولا مشكلتي اتحلت و طلبت مدير يكلمني ماحدش حتي كلمني و خدمه كل يوم بتسوء اكتر من الاول
2107,الكولا وصل سخن مش صقع ابدا
2108,Sandwich and fries both taste burnt
2109,I didn’t get my SUNDEA and the delivery was so disrespectful
2110,Quality of food was too poor
2111,L order wa so cold
2112,Nnnn
2113,Food took more time than usual to arrive but it’s okay
2114,I received the mc muffin in normal bread not muffins
2115,"I ordered egg mcmuffin, but it was no egg inside"
2116,الاكل وصل بارد جدا اكنه ني
2117,أكل حلو جدا وفريش سرعة التوصيل كل حاجه طلبتها جت وعامل الدليفري محترم جدا وزوق ♥️♥️
2118,بصراحه سئ جدا والاوردر جي مرتين غلط
2119,good wasn’t good
2120,talba chicken mcmaffin galy chicken macdo
2121,order was late for nearly 2 hours the food wasn't fresh and the fries was cold pepsi and ice cream were melted especially the ice cream when i asked for a return they sent another ice cream after 40 or 50 minutes it was a very bad experience
2122,الطعم البيج ماك سيئ للغاية البرجر مش مستوي وفيه رائحة زفرة اول مره في حياتي من سنه 1995 اكل من ماكدونالدز سندوتشات بهذا السوء تجربة سيئة جداً مع الأسف
2123,But took too long to come
2124,الاكل كان مالح جدا
2125,I ordered 4 mix 2 meal I should receive 8 sandwiches but I received 7 sandwiches only and there is one missing I want to know how can I receive it
2126,بارد وقديم
2127,was cold
2128,He forgets to bring the ice cream biscuits
2129,رووووعة والأكل والشرب جميل ماكدونالدز انا احبو
2130,N/A
2131,"tastes bad, the fries were very Oily and had an after taste like grease, the sandwiches all of them were dry and tasted bad, we were three that ate that order and all of us had stomach and digestion problems"
2132,milkshake is in bad quality fries very bad and not cooked well
2133,And there is another thing i didn’t pay the driver a 10 pounds i only paid 150
2134,I asked for no chicken roll
2135,Fries was not good
2136,Pepsi without iceeeeee!!!!
2137,الساندوتش كان متبهدل وبارد والبطاطس ناشفه وبارده
2138,الفلافل طعمها خطير انصحكم فيها
2139,شكرا
2140,Orange juice was expired
2141,طلبت اكتر من ٣ اوردرات وكلها كامله و طعم الاكل جميل ومافيش اي حاجة ناقصة خالص تحفة👌
2142,لاقيت قشر بيض في الاكل 🥲🥲
2143,هما نسيو يحطو mcflurry .
2144,Sometimes food is cold
2145,missed pepsi
2146,كمية الصوص ف الساندوتشات بقت قليلة اوى
2147,The bun was burnt
2148,الاوردر وصل متاخر بسبب المطعم و واصل ناقص
2149,الاكل جاى بارد والبطاطس بارده
2150,package was open no ketchup was added to the order
2151,حلو بس مفيش توصيل للجزء ال انا عايش فيه من القاهرة رغم ان انا قريب جدا منهم
2152,يعتبر منيو ماكدونالدز غالي نسبيًًًا ولكن تقييمي الاجمالي 4 نجوم
2153,الايس كريم سايح والفرايز معجنة وباردة
2154,اتبسط جداً بالاوردر
2155,اقسم بالله ما شوفت اسوء من كدا
2156,Taste good
2157,The most terrible serice i've ever had it has been 3 hours and the order isn't delivered yet!
2158,الاكل كان بارد جدا ومجلد والصوصات المرفقة بالطلبات غير موجودة والشاليموهات والشوك غير موجودة صوص السلطه وصوص الباربكير وكمان مفيش كاتشب مكانوش بعتوا ال طلب احسن بجد تجربة زي الزفت وخسارة الفلوس اللي اتدفعت لا طعم ولا خدمه والاكل كان بارد جدا ومجلد ...
2159,The nuggets were cold and tasteless
2160,الاكل كان مجلد و بارد
2161,تمم
2162,I ordered 1 mac chicken and 1 big mac but what i received was 2 mac chicken and there was an add of lettuce that i didn’t order which added 5le extra on the bill
2163,الطيار خد ١٠٠ جنية زيادة
2164,i payed 271 instead of 241 i have promo with 30 le and the total in the application is 241 after promo code but the delivery man said that the total is 271 and there is no promo i want my money back
2165,الاكل كان لذيذ والتوصيل سريع و المندوب او الطيار كان محترم جداً❤️❤️
2166,"the quality of the food has really gone down, really isn't worth it anymore"
2167,I ordered double big tasty but i received a single one
2168,The sandwich was clod and not fresh at all
2169,Orange juice was unavailable. 😭 Hotcakes were not fluffy like usual.
2170,"The sandwiches weren’t nice and the bread was old not fresh, very poor quality and I don’t recommend it anymore"
2171,حرفيا الاكل ميتاكلش السندوتشات جيالي من غير كاتشب او مايونيز او خس جيلي عيش وشريحه اللحمه او الفراخ والعيش ناشف وحاجه مقرفه حرفياً
2172,كان تحفه بجد و غير كل مره فعلا
2173,Zftt
2174,ال بيج ماك تعمه كان وحش جداً
2175,Food poisoning from big breakfast. The food looked and tasted awful
2176,العيش كان لونه غامق جداً ومش صابح ، طعم فيه زيت كتير وسيئ ، الطيار بيطلب فلوس الأوردر بالرغم من السداد أونلاين مكرر تاني مرة
2177,2 ice creams were missing and when returned it wasn't extra caramel as ordered
2178,"he had a bad attitude and DQ, you can check his personal data from Mac sms(Thank you for ordering from McDonald's, your order has been picked up, tracking link is w299q.app.goo.gl/AD7P6DXS7g9GPrn57 be delivered by Speed-طه محمد طه زين 1112712082)"
2179,مخدتش حاجة
2180,Soooo bad el order 23ad aktr mn sa3a w nos 3lshan yawsli w fe el 25er gali low quality 👎🏻
2181,Cost not the same here
2182,الايس كريم دايم يوصل دائب
2183,Someone from the restaurant called me to ask my address. WHY?? They should already have my address. It is very annoying
2184,Amazing absolutely loved it
2185,جودة الطعام متوسطة و البيبسي كله مياه وطعمه وحش غالباً الثلج ساح من طول الانتظار
2186,روعه
2187,كل شيء حلو بس الصوص قليل جداً وشكراً لاستماع رائي والتجهيز بما طلبته
2188,الاوردر وصل بس منغير الصنيه الكارتون زي ما هو بيطلع في العادي و للاسف كان وقع مننا علي السلم و احنا طالعين بيه !! كان من اسواء المرات اللي طلبنا فيها !
2189,بتاخدو وقت طويل جدا و الاكل بارد جدا بجد مش لطيف الي بيحصل ده نهائي رغم ان انا من المحكمه و ف فرعين قريبين مني جدا و رغم كده بتاخدو ساعه ونص و الاكل بيجي بارد جدا
2190,Chugging
2191,"very bad fries , chicken wasn't cooked well"
2192,الايس كريم كله جه مدلوق فى الشنطة و حاجة تقرف الصراحة
2193,The sauce was missing
2194,The fries was weird
2195,They have the worst food and the worst service ever.
2196,i told them no onion but they put it anyway
2197,اكل يقرف و مبهدل و حاجة صعبة
2198,App zabala el order met25er 2 hrs akl bard w customer service zbala
2199,The fries were very dry and leftover
2200,الاكل كان بارد جدا وناشف ومش فريش بجد عيب اوي
2201,It was so bad and not fresh and actually it was as if it was from the day before was REALLY BAD
2202,الخدمه سيئه جدت
2203,الأكل بارد
2204,"for the first time , the lettuce and tomatoes were not fresh and sandwich felt poor"
2205,الاكل مكنش سخن
2206,ordered cola an got mcfizz but was too busy to call back for it
2207,Mcdonalds has improved its delivery service to a standard I can accept. The food now comes warm/hot the way it should be. Before everything would be cold and soggy. Please keep up the good work and keep trying to perfect.
2208,انا رميت الاكل لانه سيء جدا
2209,وحش جدا جدا جدا جدا جدا
2210,My request of not having chicken slice in the wrap was not fulfilled.
2211,Quality back to usual which is amazing 🙂
2212,طلبت المشروب بدون تلج واتى بثلج
2213,The bread was horrible it was stale and seemed old and hard. It wasn’t fresh at all!!
2214,"unusual but, 90% of breakfast was cold, the buns were hard"
2215,الاكل قديم
2216,Food was super cold
2217,الاكل وصل بارد اوى
2218,البطاطس مش مستوية وذبلانة والآيس كريم ذايب والصوص كان قليل جدا وعشان حصل موقف مع الطيار بخصوص المبلغ المفروض دفعه وانا حاطه خصم كلن بحالو وقت لغاية حد من الدعم الفني كلمني وبعدين اتحلت المشكلة وماحبيت اتكلم تاني خدمة العملاء بخصوص البطاطس والأيس الك...
2219,The food wasn’t hot It seems it took to long time to be delivered
2220,البطاطس كلها سيئه جدا
2221,What I ordered was: 1 *Double Cheese burger* not beef burger 1 *Big tasty beef* not chicken! So the whole order was a mess!
2222,Cold and not fresh
2223,"The order came without the sweet n sour sauce that i ordered, shame"
2224,جيد جدا
2225,انا مش فاهمة طالما الحاجة اللي طلبتها مش هتتنفذ وهتعملوا اللي في دماغكوا في الاخر بتتصلوا ليه وتسألوا!!!
2226,One of the best orders i had in ages
2227,"I’ve ordered combo with vanilla milkshake I received the order on two stages First one; without the vanilla milkshake, the fries was cold , salty and dull I called the one from the branch who was ensuring that the order will be received in 5 minutes..."
2228,الأوردر وصل ولم استفيد من الخصم 30في الميه دفعت القيمه اللي في الفاتورة كامله دون تطبيق نسبه الخصم
2229,شكرآ ماكدونالدز 👍👌❤️
2230,الاكل كان بارد جداً
2231,ماك أصبح سئ جدا جدا جدا جدا و الأكل بارد جدا جدا جدا جدا و الاوردر كمان جيه فيه خطأ و كل ده عشان متصلتش من الهوت لاين و طلبت من المنيوز نصيحه ما يطلبش الا كاش فقط عشان الاوردر لو مش عاجبك ترجعه.
2232,كولا ماشين مش حلو
2233,الساندوتش كان بارد جداً بالرغم من إن الوقت مابين طلب الأوردر ووصوله مش كبير بس كان ساقع وطعم الفراخ مكنش باين بس صوص البيج تيستى هو اللى باين طعمه ☹️
2234,الاوردر بارد والعيش بارد
2235,البيبسي من غير سوده
2236,مكنش سخن شوية بس حلو عامة
2237,اكثر من رائع
2238,كان حلو اوي
2239,الصوص كان متغرق برة الساندوتش
2240,طعمة مش بيتغير ولا جودتة بتقل مهما اختلف الفرع ثابت
2241,بصراحة انا عايز اختار كل الاختيارات كل حاجة حلوة والطيار محترم واسلوبة راقي وخدمة الدعم في قمة الذوق
2242,رائع جدا
2243,"The food was good. The only comment that I ordered bigmac sauce as an extra on the sandwich not beside the sandwich, that was the mistake."
2244,الاوردر عندي طالع ١٤٥ جاي مع الدليفري ١٩٥ وفي ٢ ريسيت الدليفري فاتح ال١٩٥ عشان احاسبه عليه ازاي
2245,best customer care and satisfaction
2246,البرجر جوصي اما بقا الفريز بنت حلوه
2247,من الساعه ١٠ بطلب يلغي و بعدين طلبت تاني يلغي الاكل وصل الساعه ١ الفجر و بارد
2248,Very bad and and could meal
2249,Ketchup packs should be at least one for each sandwich and one for fries I got only 2 with tne whole order!
2250,الطعام كان بارد
2251,Yesss
2252,To7faa
2253,ساندوتش بقى صغير جدا و غالى جدا و البرجر بقى ورقه حرام فيهم الفلوس
2254,Was cold and very bad quality
2255,my food specially the fries that they give me is old not fresh and very cold
2256,الاوردر بارد و مش طازج و اتأخر جدا جدا
2257,تغليف المشروب سئ جدا وبيوصل مدلوق وبارد جدا
2258,سيء جدا جدا
2259,اسوء تجربه
2260,Order was flipped off and all was out of the box
2261,اسعاركم غلط
2262,"poor and poisonous food quality, ate from mall of egypt’s branch and my stomach got sick for 3 days."
2263,temperature
2264,بس البطاطس كانت بارده
2265,Amazing Food
2266,"Price was too expensive, lower your prices"
2267,I didn't get my sauce
2268,The fries is very very bad Taste of the sandwich was really weird!!!
2269,The sandwich came plain with no salad on it or sauces
2270,الايسكريم كان سايح ومتبهدل
2271,الأوردر أتأخر آوي
2272,egg uncooked food cold no utensils i will not order breakfast from here anymore
2273,Je
2274,ice cream came very melted
2275,one of the sandwiches seemed bad and hurt one of us’s stomach
2276,الاكل جاي بارد جدا والبطاطس مجلده مع ان المطعم قريب جدا من البيت
2277,لسه واصلني الاورد اتاخر وبارد وقله زوق في طريقه كلام الموظفين والأكل بارد وبايت اسوء حاجه وحسبي الله ونعم الوكيل
2278,The fries was so colddd
2279,الاوردر اللي فات كان هابي ميل بس ماجاش معاهم لعب للاطفال
2280,I mcdonals breakfast but this was a couple hours ago it came before the time it was ment to the food was hot and good I’m honestly thinking that McDonalds are improving and I will order again
2281,Was very oily than the usual
2282,was too salty
2283,بجد كانت أسوأ تجربه
2284,food arrives cold every time now
2285,غالي جدا و طعمو بقا وحش و مستوي الاكل و الفراخ سي جدا
2286,V.high price
2287,الطلب جا بارد ومتأخر والخبز ما كان خبز بيج تايستي وطلبت حجم كبير وجاني حجم صغير
2288,الاوردر جيه غلط
2289,To late
2290,اولا البيج تيستي مش احسن حااجه والصوص متجمع ف حته واحده دا غير ان مكانش في غير حته طماطم واحده ثانيا البطاطس كاانت بارده واتسخنت تاني ولا كانت فيها اي مش عارف بس حرفيا بطاطس المطعم اللي تحت بيتنا احسن منهاا
2291,الاكل كان سئ جدا
2292,تم ارسال الطلب بدون توبنج مع انه تمنه مدفوع
2293,الطعم وحش ...وغالي على الفاضي
2294,G
2295,الاكل بارد كان + غالي
2296,"almost no sauce on sandwich, burger had soooo much salt & pepper in it !!"
2297,الاكل جي طعمو مش حلو والعيش مش حلو
2298,I didn't receive order and want to return to me my money
2299,يعني ايه اطلب سلطة سيزر بالدجاج و ترصلني خضار بدون دجاج
2300,لم يأتي من الأساس
2301,قالوا لي انتي مدفعتيش برغم كان مسحوب من الفيزا ياعني دي مش اول مرة اسلوب غير لاااائق
2302,"Everything was perfect, but the fries was cold, hope it gets better on the next time❤️ thank you"
2303,cold Freis no Cola Zero option as a Can
2304,تاخير في التوصيل
2305,order big tasty chicken received beef. couldn't be bothered dealing with replacing. not impressed
2306,غير مرضي بالمره ساعتين توصبل☹️☹️
2307,The food was cold even it takes too long to deliver
2308,قمت بالغاء الاوردر لتأخيره اكتر من ساعتين مع تواصلي بخدمة العملاء دون اي دعم سريع
2309,Don't delivary the order to home and talk in bad way in the phone
2310,Good food but patty was a bit dry overall good
2311,some items were missing
2312,Low quality
2313,the food was cold
2314,"The order was placed at 7, and was delivered at 9, moreover the sandwich and the nuggets were so cold. They were not well packed. The Mcfizz was like a water and a red color, no soda or strawberry. It is the worst order I have ever order in my life."
2315,the coke taste more like water the Big mac was horrible am very disappointed
2316,البطاطس مزيته جدا جدا و شاربه زيت و ماك اتأخر جدا جدا جدا في قبول الاوردر تقريبا ساعه.
2317,البيج تيستي كان البرجر ناشف و تحس انه مش لحم صافي مستوى ماكدونالدز بقى في النازل مع انه رفع الاسعار بشكل مبالغ فيه
2318,"Muffin wasn’t available, it came in regular buns"
2319,ي
2320,Food not delivered
2321,"the order was egg mcmuffin it was low quality , Ordinary bread not muffin , the drink not packaging very well and some of it was fall in the bag"
2322,"The orange juice was bad I had to through away for the horrible smell and taste, and the chicken were not spicy"
2323,الطعم مكنش افضل حاجه الفراخ ليها ريحه م لطيفه. التشيز برجر مكنش فريش وم لطيف ف احسن من كدا
2324,I didn’t receive the order!!!
2325,normal bread not muffin
2326,Delivery took nearly 1 hour and 30 min. Food was cold. Whitered French fries that went straight to garbage bin. Coca-cola not cold.
2327,he is really fast thank you
2328,Ypo
2329,Egg shells found in egg muffin
2330,🤙
2331,البطاطس بايتة
2332,الطعمية كان الصوص بتاعها مالح جدا العيش عادي مش عيش مافن
2333,وبارد
2334,لا يوجد حامل للاكواب
2335,double payment
2336,Food quality was bad fries were cold
2337,was coold. and it's not as usual 😒
2338,البطاطس كانت سيئة البيبييسي مفيهوش تلج !!
2339,الاكل اتاخر 😡
2340,السعر في الطالع و المستوى في النازل
2341,ordered muffin meal and got a falafel wrap - hate falafel
2342,الاكل جيه سخن ودي ميزة قوية جدا مش بتتعمل كتير
2343,Over priced
2344,The fries was horrible and when I asked for another one it took ages to come
2345,بارد و جيه غلط
2346,الاوردر جيه متاخر اوي والبطاطس كانت بارده
2347,It was chicken Mc not chicken McMuffin
2348,اتنين من الشندويتشات كانوا باردين وطعمهم سئ بعكس الاتنين التانيين
2349,Too expensive
2350,Good!
2351,اكل حلو جدا جدا والبيبس ماشين وتوصيل سريع
2352,باااارد
2353,الاوردر لم يصل إلى الان
2354,Thanks Mc
2355,اوردر وصل بعد ساعتين الا عشر دقايق و بارد و عملت شكوى بعد رفضي لاستلام الاوردر
2356,After I paid with visa i discovered that no muffins is available so why my money were deducted
2357,فرع فيه موظفين غير محترمين + اكتر من مره يكون فيه مشاكل الاوردر ... مثال الاوردر بارد او يوصل غلط.
2358,The delivery guy was very rude
2359,الطلب ناقص و تم دفع الحساب كامل !
2360,Missing the muffin bread
2361,it came more expensive than what's written
2362,الأوردر خد وقت طويل علي ما يتقبل من المطعم.. والمفروض انا طالب بيج تيستي بيف جالي تشيكن !! غير ان الأكل جالي بارد وخصوصآ البطاطس اول مره اكلها وحشه من ماك بارده ومزيته.. لازم تعويض بالفلوس اللي دفعتها
2363,الفراخ سي جدا
2364,Flat cola with no ice Very late order 1:30 hour All food was cold
2365,fries were not fresh and dark and the portion was so small
2366,الخدمه وحشه جداااا بجد الاكل برد وميتكلش و التأخير ذياده عن اللزوم بجد سوق معامله وحش جدااا
2367,sauce was very poor :/
2368,فف
2369,Expensive
2370,الاكل بارد .. و البطاطس من غير ملح
2371,I ordered vanilla milkshakes and one was mistakenly replaced by strawberry milkshake
2372,"I am ordering a happy meal and the entire order actually for the kids toy, and I am receiving a coupon instead! Without even telling me or asking me! And The delivery told me that there is no toys at the branch!! They can get one from any other branc..."
2373,Some drinks were missing
2374,الاكل بارد و البطاطس محروقة و طريه خفت اكلها للولد .. و مافيش لعبه .. باعتيلنى كارت ابقى استلمها و انا اساسا ماك بالذات والهابى ميل عشان اللعبه
2375,كنت طالبه ميلك تشيك مع البيج تيستى ومجاش جه مكانو كولا
2376,"The food was not fresh. The salad in the sandwich was bad and the fries were very cold and not crunchy, which also means not fresh. It was really a disappointing experience and taste."
2377,Sandwiches weren’t hot enough
2378,الاكل كان طعمو وحش و بارد ومش صابح خالص وللآسف رميتو عشان ميتكلش
2379,please be faster
2380,ليه الاكل مش سخن
2381,It tasted really bad and I ordered cheeseburger and I got chicken macdo and it was really late usually it’s not like that
2382,Had onion on my no onion order
2383,التوصيل كان سريع جداً، شكراً لكم.
2384,Food is not hot
2385,very good
2386,البطاطس وحشة جدا والاكل بارد جدا وملوش طعم حقيقي خدمة سيئة
2387,شكرًا لحسن الخدمة🤍
2388,perfect
2389,very expressive and the quality of food is too bad
2390,حرام والله
2391,الاكل جيه بارد و وحش علي السعر الجديد المعمول
2392,الاكل بارد جدا وتأخير اوڤر وهو جمب البيت اصلا
2393,Thxx
2394,expensive
2395,الاكل كان وحش جداا وبارد
2396,ملح زيادة جدأ
2397,وصل الطلب وما كان موجود غير الاطفال في البيت والطيار ما رجع باقي ٢٠٠ جنيه الرجاء إحتسابها من أي طلب قادم
2398,البيبسي مكنش في صودا و الأكل بارد
2399,تأخير فالتوصيل
2400,اول مرة اشوف ديلفري يطلب فلوس زيادة و كان بيقول ان الحساب مفهوش خضم ٤٠ جنيه فا عايز ياخد ٤٠ جنيه زيادة!! و بعد كده بيقول اعمل معايا واجب
2401,Frise so cold
2402,Bad af
2403,I ordered a Pepsi can and got a machine cup. had to throw it all as it always arrives with no soda
2404,It’s not the breakfast’s bread Not the same 5ales I hate it
2405,الكميييه صغيييره جدا!!!
2406,الاكل وحش و مش طازه و مطعم زباله و العاملين في معندهمش ضمير ونا عملت بلاغ في خدمه المستهلك عشان انا مدفعش 170 جنيه في ساندوتش ساقع و مش طازه و حسبنا الله و نعما الوكيل فيكو مطعم وسخ مطعم زباله مطعم ابن دين كلب هوا والي شغلين في
2407,burger did not have enough sauce & was dry
2408,they didn't inform me that there is no toys with the happy meals !! as I have to be informed !!
2409,Raaw fries I couldn’t eat it !! Veryyy frustrating
2410,he did not return the change !
2411,كان المفروض مع وجبة المونديال يجي كوبون بيتخربش ما جاش و لعبة الهابي ميل ما جاتش و جه بدالها كوبون لعبة رغم ان مفروض مشكلة اللعب اتحلت و اتوفؤت في كل الفروع !
2412,الهاش براونز وحشة جدا ومزيته زيت مش طبيعي التشيكن ماك مافن بالبيض وحش جدا بجد اسوأ تجربه ف حياتي من الفرع دا
2413,الصوص مش موجود
2414,The burger was dry and tasteless
2415,عدم وجود توصيل
2416,الاكل بارد و متبهدل!!
2417,مشاكل كتير حصلت اولها معرفتش ادفع بالماستر كارد وحصل لخبطة في حساب تمن الاوردر دة خلاه يتأخر وقد تقريبا فوق الساعتين عشان يوصلي
2418,It was normal and it was expensive for what we ordered
2419,Fries was cold and uncooked!
2420,فيه بنت من خدمة العملاء كلمتنى وقالت ان عيش المافن ناقص قولت مفيش مشكلة قولت هيبقى فى عيش فينو عادى لكن جه فى عيش تورتيلا طعمه كان وحش جدا وكمان طلبته عادى جالى بالبيض وانا عندى القولون بيتعبنى من البيض وجاتلى حالة قئ يعنى طعم بشع وتعب
2421,The nuggets were fried twice and not fresh
2422,After the raise of the the price i told myself to try it but what is that!!!!! The sandwich without cheese and pickles just with a little lettuce and the sandwiches has no taste!!! Its my last time ordering from mcdonald’s
2423,تم كتابة البرومو كود و ظهر الخصم على البلكيشن و لم يسمع في الفرع و تم تحصيل المبلغ كامل من الديليفيري
2424,الطلب كان بارد للأسف
2425,I didn't receive the order & still I'm waiting for my money to be refunded
2426,الاوردر اتاخر اكتر من ساعه من وقته اللى اتكتب فى الابليكشن و لما اتصلت بيهم فى ماك قالى ان الموضوع ميخصوش
2427,هي لسه الناس بتطلب بردو رغم الغلاء الفظيع و الجوده الزفت فين المقاطعه فين
2428,the delivery was fast & fine but the order was not as ordered l orderded a milk chack l got cola instead.
2429,غير جيد
2430,الأكل بارد جدا و الطلب كان ناقص
2431,ندمت اني طلبت الاوردر..اتأخر جداااا.. البيبسي جالي سايح وبينقط ومفيهوش صودا وبارد.. والسندوتشات ساقعه مش بارده .. والله ندمت اني طلبته!!
2432,مش فريش
2433,Order was cold and fries chewy and wet
2434,Al fries kant mzyta w t3mha e2reeef
2435,BAD QUALITY
2436,There is No ketchup!
2437,اوك
2438,food came late plus wasnot hot
2439,it was fast and food was hot and amazing
2440,الكمية قلت رغم ان السعر زاد
2441,"Breakfast sandwiches were delivered in regular bread buns, not the Mc muffin ones. There should be a notification shared with the costumers that this type of bread is not available and it will be replaced with the regular bun."
2442,The fries were cold. And the big chicken mac was smaller than i have ever seen. Not worth the money and the worst time i have ever received something from Mcdonalds.
2443,الناجتس بارد ومجلد
2444,The delivery was so so late
2445,the coke was warm all ice is melted and it taste like water
2446,ليس بالطعم الجيد كيف قبل
2447,The sauce in the tasty was tiiiinnnyy And a part of the bread was burnt
2448,طعم سئ مفيش مضافة
2449,بجد الاكل كان تحفة والتوصيل سريع جدا
2450,الفاتوره جتلي ١٨٥ مع انها ع الابلكيشن ١٥٥ مش فاهمه دي سرقه بقى ولا ايه
2451,الاوردرجه بارد وصل فى ساعه ونص كلمنى مندوب وبعد كده استنى ربع ساعه فى الشارع لحد ماجه مندوب تانى واستلم وضيعو وقت البيبسي ماشين اترمى بقى مياه الصنداى جاى سايح والبطاطس زفت زفت والاكل كله بارد وسئ
2452,I asked for pepsi without ice and guss what it come with ice more than pepci suday was strawberry insted of blueberries
2453,يعني غلو السعر والاكل جودته زي الزفت والله ما هاطلب منه ابدا تاني واللي يطلب منه يستاهل الجوده الزباله والسعر العالي
2454,cold burger and not fresh chicken nor veggies
2455,الاكل كان وحش جدا وبايت مش فريش
2456,Lateeeee
2457,The order was extremely cold and not fresh (super bad)🥲
2458,The food wasn’t hot.
2459,الاكل زي الزفت وفي غلط بالاوردر
2460,شكرا على الخدمات الكويس من المطعم طعم الاكل لذيذ جدا جدا جدا
2461,كنت طالبه بيبسي ماشين وجابهولي كانز
2462,هو لسة فية حد بيطلب من ماكدونالدز حتي بعد مخلو البيج ماك الهو مش برجر اساسا ب ٨٨ جنية ؟ ليهم حق يعملو فينا اكتر من كدة
2463,تغليف ليس جيد وكميه غير المعتاد
2464,Type of bread was not the one normally used for Mac breakfast wasn’t as enjoyable
2465,الاكل وصل ساقع مع اني أكدت على أنه يكون سخن البيبسي ماشين وصل من غير شاليمو للاسف اخر مرة هطلب ماك
2466,"This is the awful order The two sandwiches are not fresh and very very cold Pepsi is water + sugar, not soda Fries مجلده و مزيتة You must respect your customer satisfaction I’m not satisfied with the order and half of it threw it in the rubbish..."
2467,الاكل بارد و سيئ
2468,Hk
2469,The food was cold :)
2470,The sandwiches were cold and not fresh and cause stomache ache.
2471,hot food ❤
2472,كويسة
2473,مش احسن حاجه
2474,"My food was expected to be delivered by 1:05 am. I kept tracking it until 1:40 when El Menus application stopped working. I gave up and went to sleep. The driver called and delivered the food after 3:30 am, the food was cold and ice cream melted."
2475,الفينو مكنش طازه
2476,Very cold sandwiches
2477,وقت التوصيل
2478,"the chicken tasted very fishy, the drinks didn't taste clean at all, and the portions in the sandwich was very small and messy."
2479,food was cold when delivered. fries aren't fresh and stiff. Milkshake cup was half full or a bit more than half. Burger wasn't fresh. Didn't enjoy the meal AT ALL
2480,الاكل كان وحش اوووي
2481,not hot
2482,"Worst meal ever, late, cold, sandwich packed very bad, soggy cold fries, soggy lettuce, bread sticking to the paper. Horrible"
2483,"bad order , late and cold All sandwiches and fries not fresh , cold"
2484,"This was the worst McDonald's meal I have ever had. El Menue is the worst app. There customer service is incompetent. The items that I received was not menue items and they substituted burger buns for English muffins. Eggs missing, food took 2 hours"
2485,Horrible dry tasteless burgers with ridiculously overrated prices. Thy continue to raise the prices for absolutely no reason. I would never pay 150 pounds for a junk food burger meal. The smallest meal (Big Mac) costs 65 pounds and it is absolutely d...
2486,food was not fresh and milkshake was rotten
2487,سئ جدا والمكان مش نضيف ديكورات المكان مزعجة
2488,الأكل كان مررررره بايخ السندويتش صغير جداً مع اني كنت طالب الحجم الكبير ووصل بارد
2489,الطلب جه ناقص ساندويتش والطيار رجع تانى للفرع علشان يجيبه وطبعا الطلب وصل متأخر بعد الاتصال بالفرع
2490,"We requested no salt nor onion added and the order was full of both, disappointing"
2491,الطعام بارد جدا ولا يستحق هذا السعر فى هذه الحالة
2492,الاكل جاي بارد وطعمه وحش
2493,الايس كريم جي سايح خالص والسندوتشات بارده جدا وطالبه كاتشب عدد ٢٠ مجاش الا ٧ و اتأخر عن الوقت اللي كان المفروض يجي فيه
2494,غير سليم
2495,For once the food arrived hot
2496,excellent
2497,it take longer time to arrive
2498,طريتيبريرياسلس
2499,مش مستوي والفراخ طعها مش حلو
2500,fries was so cold and old
2501,الجوده تحتاج للتحسن
2502,البطاطس غير جيده
2503,الاكل طعمة بشعة وجالي متاخر جداااا وجية ناقص ومستوي الخدمة بقي زفت واسعار زايدة ع الفاضي وجودة الاكل نفسها مبقتش حلوة خااااالص
2504,The big tasty chicken came beef
2505,أسوأ اكل ورميته في الزباله
2506,المطعم اتاخر والاكل كان بارد
2507,الاكل بارد و not welldone زي ماكنت عايز
2508,It was late
2509,حبيت الاوردر
2510,جه بعد معاده بكتير وبارد وكان لازم اتصل بالمطعم عشان مش عارفة اوصل لخدمة عملاء المنيوز مانا لو عايزة اتصل هتصل من الاول يبقي التطبيق لازمته ايه
2511,البطاطس👎🏻👎🏻👎🏻
2512,الاكل بارد و الطاطس بارده
2513,the lettuce was old
2514,يقرررررررف جودة معفنة خسارة فية الفلوس!!!!
2515,طعمة بشع
2516,عيش الماك مافن تم استبداله بعيش عادي دون اخطارنا اولا السبايسي ماك مافن جاي سوسدچ مش فراخ
2517,Milkshake was not good
2518,بقي غالي اااوي البطاطس كانت معجنه 🙃
2519,Gmil
2520,بطئ اوي و الجودة وحشة و طعم وحش و تغليف وحش
2521,سيئه جدا جدا انا طلبت اوردر بيج تيستي لارج الدليفري سلملي اوردر خطأ واخد مني ١٧٠ وقالي دي كان ب ١٩٠ وحضرتك اخدتي خصم والاوردر كان ب ١٥٥ اصلا ع الابليكيشن بالتوصيل
2522,ElMenus customer service was really good and caring thank you
2523,جميل معاده بيف برجر
2524,الاكل بارد جداا
2525,البطاطس ناشفة اوي و باردة و الطلب اتأخر ساعة و الطعم وحش اسوء مرة اكل فيها
2526,الاكل جاي بارد والفرايز مجلده وحاجه مش لطيفه
2527,اخد وقت طويل اوي بالاضافه ان الاكل جيه بارد اوي
2528,No ketchup in order
2529,Yes
2530,الاكل وصل بارد و البطاطس مش حلوة
2531,no one notified me that the mcMuffins are not available i received my order in a regular bun that taste soo bad !
2532,"the food was delivered very fast, the driver had a decent approach"
2533,انا طالبه ويدجز واخدتو الفلوس زياده بتاعتها وجتلى بطاطس عاديه غير انى كنت مكامه حد ف شات وقولتله واكدت عليه الاوردر يجى سخن يا اما هرجعه وبرضه ولا كانى قولت حاجه وجايه بارد جدااا
2534,تأخييير رهيب جدا برغم ان ستكن جمبهم والاكل بيجي بارد جدا
2535,الاكل بيجي متأخر نص ساعه و بيبقي بارد جدآ
2536,محترم وابن ناس
2537,الاوردر كان المفروض يوصل ١:٣٠ الساعة ٣:٠٠ و الاوردر لسة موصلش و الApp عامل اني استلمته
2538,البطاطس باردة جدا
2539,وقت التوصيل اكتر من ساعتين والبطاطس والناجتس سيئة وباردة والأكل مش حلو
2540,الاكل كان كله ف بوكس واحده وعلي بعضه وعجن والبطاطس طريه جدا والطعم مش كويس المره دي
2541,الاورد وصل الساعه ٢ ونص صباحا
2542,Got a sundae chocolate instead of chocolate milkshake.
2543,الاكل وصل متاخر وكان ساقع ومش سخن خالص
2544,Late delivery and cold food
2545,"cold, burned"
2546,كان في حشرة في الساندوتش
2547,الفراخ مش جوسي
2548,"All of the 4 sandwiches are not hot or even warm together with the fries, the lettuce was smelly and has bad taste."
2549,انتوا قمر💚
2550,نظافه وسرعه
2551,اخذ مني عشر جنيهات وام يعدها
2552,Was so cold
2553,there was a discount on the menus application and it didn't applied on the order
2554,البطاطس كانت قليلة عن المرة اللي قبلها و الصوصات في الساندوتش كانت قليلة برضو
2555,الاوردر جه ناقص مش كل الساندوتشات موجوده وكلمنا الدليفري تاني قال هجيبه ومجاش والفرايز كانت بارده وطريه وكان في منها كنير بايظ
2556,موصلنيش اصلا وبطلبو تاني مش راضي
2557,the order was cold
2558,the cola tasted bad and had a weird mint flavor
2559,لم احصل على الطلب
2560,الاكل وصل بعد ساعتين وبارد جدا جدا
2561,🤢
2562,"The food is very cold, and the potatoes and sandwiches are eaten from them, and he asked for Coca-Cola and it did not come seriously, the worst experience"
2563,وحش جدا
2564,Very bad experience They change price after receiving the order
2565,I didn't get a voucher
2566,Order takes two hours
2567,سيييئين جدا الطلب غلط الجراند كلو عادي وانا طالبه دبل والصوص م جاء وانا محاسبه عليهم كلهم so bad
2568,سيئ بارد جدا
2569,لم يتم احضار الايس كريم
2570,Worst Macdonald’s I have ever eaten
2571,driver was asking me to fetch my food at the front of my building while the front door of the building was widely open and didn't even care if I had not enough hands to carry my meal. he didn't even bother to bring a 5le change
2572,بعد ما انتظرت ساعتين الاوردر مجاش
2573,الاكل كان بارد جدا جدا وسئ للغاية والبطاطس غير متواجدة عدد كاتشب اقل من مطلوب
2574,"I got the pepsi can instead of machine, the fries was overcooked"
2575,I paid 195 (the receipt said that) and it showed 185 on the application here.
2576,الاوردر وصل فيه cola can و انا كنت طالب machine. المطعم غيرها بس أخد وقت
2577,Fries was a bit cold
2578,الاكل سئ جداااا العيش غير طازج البرجر اسوا حاجه الاوردر كله سئ جداا
2579,2 hour to deliver a kids meal Such a poor service form El Menus and The resturant That made us consider not to order from both again and ask everyone we know not to do so
2580,محترم وخدوم جدا
2581,1 hour and half to get my order
2582,وضحت للمطعم أن محتاجه الكولا ساقعه واكدت على ده وبردوا وصلت سخنه حقيقى انا ممكن مطلبش تانى بسبب المشكله دى
2583,there was no muffins only normal bread
2584,طلبت ميلك شيك شيكولاته..جه فراوله
2585,The food was cold and tasteless and the knife was literally dirty
2586,الاكل اتاخر وجاي بارد
2587,Very very bad I will never buy from them anymore
2588,V cold v late
2589,wrong order but i took it though
2590,العيش مش جاي بتاع الفطار و مفيش حد رساله او مكالمه توضح كده و انا اقبل اكمل او مكملش الاوردر
2591,This was so bad
2592,I didn’t receive my order yet
2593,الكمية قليلة جدااا بالنسبة للسعر والأكل مش ساخن والسندوتش الكبير حجمه صغير جدا والفراخ مش باينة فيه
2594,"food was cold, fizzy drinks were destroyed and dripping out driver left the food on the floor at my door"
2595,"Ive order a meal and a fries package, I got only one fries package!!!!!!"
2596,الاكل كان جي بايت تقريبا و مش سخن خالص و البطاطس ف منها كتير لونها اسود عكس المتوقع يعني
2597,the fries was very bad and the nuggets 2
2598,بااااارد جدااااا وطعمه سيء بجد بلاش حد يجيب ماك دليفري
2599,الاوردر ناقص
2600,التطبيق مبعتليش اشعار أن الطلب بدأ توصيله
2601,Wooow
2602,الأكل كان سئ جداً و بارد و اترمى
2603,Great food
2604,يعني ايه مندوب التوصيل يبقي مش عارف ان الأوردر مدفوع أونلاين و عايز يحاسب كاش و يفضل واقف علي الباب!!!!!!!!!!!! ازاي الراجل محدش قاله الأوردر مدفوع و طبعا مش عارف يقرأ الفاتوره بالإنجليزي!!!!!!! تجربه سيئة مع ماكدونالدز!!!!!!!
2605,اتاخر جدا و الحاجه كانت ساقعه
2606,it took them more than 80 min to arrive
2607,Big Mac was meat was cold
2608,تاخر اكتر من ساعه ونص
2609,بارد ومتأخر
2610,الاكل بارد ومجلد والببسي من غير صودا واتأخر ساعتين حاجة مقرفه
2611,Food was not fresh & was cold
2612,The order did not arrive
2613,الاكل وصل متأخر جدا عن الوقت المكتوب حوالي 3 ساعات!! و الاكل واصل متبهدل جدا جدا والعلب متطبقه كلها والساندوتشات متبهدله والبطاطس شاربه زيت جدا +++الاكل كان بارد جدا ومش فريش تجربه سيئه جدا!!
2614,الاكل كان سي جدا
2615,سي جدا وصل بارد واللطاطس ناشفه و حاجه متتكلش خالص
2616,الوجبة وصلت بسرعه لكنها كانت بارده جدا
2617,"Order not delivered yet after2 hours ,very late deliver"
2618,البطاطس كلها زيت و مش طازه
2619,اسواء مره اكل من ماكدونلز الاكل جاي صغير جدا عن المعتاد وطعمه سئ
2620,تمام اوي ♥️
2621,والاكل بارد
2622,الاكل جه بارد جدا ومش حلو خالص
2623,خدمه الابلكيشن بقت وحشه و انا همسحو و اي حد اعرفو هقولو يمسحو حتا اخواتي و ولدتي و كلو بقا بشتكي
2624,الطعام جيد ولكن التوصيل تاخر
2625,زي الزفت والاسعار بئت غالية فشخ مش بس كده كل كم يوم ماكدونالدز ليرفع الاسعار يعني السعر مش ثابت كده بيخسرو زباين
2626,لم يتم ابلاغي بأن العيش كايزر عادي وليس عيش الافطار
2627,Got wrong order
2628,The food was cold and the delivery arrived late
2629,البطاطس بس كانت وحشه رفيعه و ناشفه و البرجر مشً مستوي كويس و السڤن كان مفلت مش حلو خالص و الكولا جايه سخنه واحنا في صيف المفروض تيجي ساقعه
2630,الطلب ناقص وبارد
2631,الطعام طازج طعمه حلو
2632,زي الزفت أصبح ماكدونالدز... أكل رديء جدا وسرقة...
2633,araf w et'khar sa3a w nos
2634,"I never got the Oreo Macflory , although i paid for it through the credit card"
2635,الاكل كان حلو بس البطاطس كانت باردة و نشفة
2636,البطاطس ليست طازة
2637,من سئ لأسوء للاسف
2638,"very bad quality, milkshake like water"
2639,الاكل مجاش اصلا
2640,الاكل كان طعمه وحش و ناشف اوي والصنداي مفهوش صوص شكولاته هي نقطه بس مع انه المفروض اكسترا شوكولاتة!!
2641,الاوردر ده انا دفعت فلوس كاش وهو كان فيزا وعليه خصم
2642,Didn’t have milkshakes
2643,Could be the worst ever experience with McDonalds the food took forever to arrive and it was so cold and literally inedible!! I had to microwave the whole order to make it edible..
2644,الأكل بارد و الاوردر ناقص والطيار يقولي نسيت اخد الباقي و خدمة العملاء يقولولي عندنا ضغط شغل هنبعتلك الباقي بكرة .. حاجة في منتهى قلة الذوق
2645,And the order didn’t arrive at all it’s not like it’s my first time ordering food nope but they still were late in like 2 hours
2646,الاكل بارد جدا والعيش مفرول ومقطع والبيبسي كائني بشرب مياه حرفيا
2647,الاكل كله كان غلط و محروق 🙄💔
2648,زفت وانتم برنامج 60 زفت
2649,ماكدونالز حرفيا مكنتش حاطه حاجه ف الساندوتش غير العيش البرجر ورقه وحاجه قرف
2650,Wrong order as usual
2651,"delivery was after 2 hours , had to call twice tell order delivered also it was very cold and taste was horrible"
2652,"food was cold, and the drinks were warm"
2653,1- 3 hours delivery 2- order is not complet a sandwich didn’t come 3- FOOD IS COLD
2654,الدلفرى كان محترم بس المطعم اتخر ف استلام الطلب اكتر من ساعه وبعد ما استلمه بيقولى هنغير العنوان ف مطعم تانى انا الاكل وصلى بعد اكتر من ساعتين ونص ف حاجه ف قله الزوق بصراحة اما الطيار كان ف قمه الاحترام العيب ف المطعم نفسه 😡
2655,next time look at the comments
2656,food was extremely late
2657,It was colder than your ex’s heart.
2658,التوصيل وصل بعد ما طلبت ب تلات ساعات
2659,الاوردر ماجاء خالص
2660,الاكل كان بارد وسيء جدا والبطاطس مجلده وناقصه والكولا من غير صودا
2661,It was hot and it tasted so good
2662,was not hot
2663,الاكل بارد جداا البطاطس بارده جدا و مفيش صوص بيج تيستي في السندواتش خلاص والبيبسي التلج كان سايح وسخن الاوردر كان سيئ جدا جدا جدااااااا
2664,it's late i didn't get it.
2665,Thank you ♥️♥️♥️
2666,إتاخر جدا والحاجة جت باردة
2667,عظمها
2668,كانت تلج
2669,The salad had only lettuce and one tomato chopped in half The potatoes came really cold! the 2 sandwiches too And that was after waiting for 75 minutes!!!
2670,للأسف اول مره يكون الطلب سيئ بالشكل ده اول مره يجيلي الاوردر بشكل ده
2671,الطعم جميل لكن الكمية غير كافية مقارنة بالسعر
2672,اكل بارد
2673,Fries was oily and cold
2674,The order wasn’t fresh and it was soggy and the amount of the sauce wasn’t enough it was half the amount
2675,الاكل كان شكله متفعص و مش سخن نهائي و كنت طالب اسبرايت جتلي كوكاولا و الكولا مشين جتلي طعمها وحش
2676,So the food was not bad it was ok tbh but they took 20 pounds extra idk why! And the delivery man was not nice he was making fun of me on the phone because I am white and he’s Black
2677,Was cold and not fresh
2678,السندويتش جاي بارد جدااا و طلبته من غير بصل جاي ببصل و البطاطي بارده و كلها زيت بجد الاكل سيء جدا جدا جدا
2679,الاوردر مجاش اساسا ودي حاجه سيئة جدا
2680,hi
2681,الخصم متطبق في الابلكيشن لكن عند الاستلام دفعت القيمه كلها
2682,فى تأخير كتييير اوى فى توصيل الطلبات اكتر من ساعتين
2683,No large sprite
2684,وجبه جراند شير بوكس وجبه لذيذه جدا وكافيه جدا واقتصادية.
2685,cold food due to late delivery
2686,divine as usual
2687,i ordered coca cola can & i received coca cola machine drink ! food was sort of unfresh
2688,روعة😍😍😍
2689,Thx
2690,الاكل بارد جداً البطاطس تقرف البيبسي سخن الصوص مجاليش و الابل باي تقرف ومنظرها يقرف
2691,الاكل جاي بارد جدا وانا اساسا جمب الفرع
2692,الاكل جه بارد جدااااا و الكولا اتكلت و الكوباية ملزقه و واوحش مرة كلت فيها
2693,"Buns were fresh unlike every time, food was delicious, hope the service is always like that."
2694,"Food was cold, fries were spilled inside the bag."
2695,الأكل كله كان بارد
2696,النجتس كانت وحشه جداا و البيبسي كان الصوده راحت
2697,عامل الديفري كان اسلوبه سيي جدا
2698,الاكل بارد جدا جدا بشششششع
2699,Hhhh
2700,chicken fillet tasted like its been fried in fish oil
2701,The sundae was almost completely molten
2702,lovely food ..thanks
2703,الاكل بارد جدا و البطاطس قليلة جدا
2704,Very very bad
2705,اخر مرة. هطلب من عندكم. دي خامس مرة الاوردر. يوصل غلط 👎🏻👎🏻👎🏻👎🏻👎🏻👎🏻👎🏻 والاوردر ناقص. وحاجة. تقرف
2706,the portion of the fries isn't as it used to be please put more
2707,Missing order
2708,I
2709,كأني باكل اكل من الفريزر من كتر م جيه بارد والبطاطس تقرف
2710,الاكل كان ساقع والديلفري جه بعد ساعة ننص من الطلب
2711,وصل بعد ٣ ساعات وقعد ما كلمت خدمه العملاء ٣ مرات ... حاجه اخر قلت أدب.
2712,كويس
2713,الاكل حقيقي وحش جدا مش عارف عشان الخصم والا في ايه بطاطس ماك المشهوره جداا اللي بنطلب ماك عشانها جايه طعمها وحش و مش هي حتى نفس الطعم ولا نفس التقطيعة و الاكل جاي بارد و السندوتش طعمه بصل و هو اصلا بيج ماك مفهوش بصل كل ده عشان طلبت بخصم مثلا !!!
2714,In menu it was written that chicken McMuffin has lettuce but it didn’t but I ignored it this time Pancakes really tasted horrible
2715,دى كانت تانى مرة أطلب MacDonalds من عن طريقكو و المرتين جالي سئ و بارد و فيه حاجة غلط في الطعم و مش عارفة ايه الفكرة بصراحة. دا غير ان ال support فيه مشكلة كمان مش بيوصلكو المسدچز
2716,The quality of the food as if it was made yesterday. It was really bad !!
2717,الايس كريم سايح علاخر و شكلو مش لطيف ابدا
2718,the order was lacking my caramel Sunday and the decent delivery guy had to go for a second time to grab it and there was no sauce with the potato wedges
2719,no straw with the order
2720,الاكل جيه بارد و السيزر سلاد كانت وحشه اوي
2721,Stone cold sandwich.
2722,very oily fries. poor taste
2723,The food was a 10 . The driver was very patient and polite ❤️
2724,order didnot arrive ..I will not accept it please cancel order ..I did several complaints .very bad customer service
2725,Totally very good
2726,The elevator wasn’t working and the driver took 9 floors on the stairs. Thank you alot♥️
2727,"every thing was h9rrible late for nearly 2 hours , fries were soggy"
2728,💯💯
2729,He came with half of the pepsi and the fries were testing very bad and cold
2730,I was supoosed to get Seven and they got me soda water
2731,و
2732,I got food poisoning from their big tasty! The doctors said the meat must be rotten
2733,food was cooled
2734,الشاندوتش كان متبهدل وناقص كاتشب
2735,الاكل جه ناقص و بارد 👎🏼
2736,تم هصم ١٠٠ جنيه وتم مخاسبتي عليها مره اخري من قبل المطعم
2737,اسوأ اوردر اتعمل في التاريخ بجد
2738,too pricey
2739,الاوردر اتلغى و الفلوس انسحبت
2740,البطاطس مكنتش سخنة
2741,the milkshake was opened and spilt out
2742,Cold and not fresh and not juicy at all….took some time to deliver….
2743,Mm
2744,Amazing🤍
2745,اللورد جدا ناقص وحاول الاتصال بكم لم استطيع كده اخر مره اطلب منكم حقيقي وشكرا
2746,الطلب ناقص لعبة الاطفال والشير بوكس لم ياتي نفس الطلب ....للاسف مخيب للامال
2747,"doesn't eccept promotion codes, while it says that it does on the restaurant page on elmenus app , that's a waste of time and very annoying and unprofessional."
2748,Food came super hot belzat el fries kanet sokhna awi😍😍
2749,amazing tast
2750,I didn’t get the right order
2751,Very cold fries Worst packaging
2752,Best fast food but Been down lately
2753,araf
2754,Always ordering my food with no cheese and no tomatoes and always you guys making the same mistake I don’t know when your customer service representative will do there work
2755,الاكل اتاخر جداً وبعد الانتظار الاكل جي بارد عيب والله
2756,طالب واجيه كبيره جي سندوتش صغير طبقتين صغيرين
2757,سئ و بارد و الكولا سخنة والبطاطس مجلدة
2758,البرجر كأنه اتركن كتير قبل مايتعمل
2759,the order was too late despit calling me many times to confirm the adress
2760,الاكل وحش اووي انا رميته قرفت اكله يا خسارة الفلوس اللي دفعتها في الاكل تجربة سيئة جدا اخر مرة اطلب من عندكم تاني قرفت
2761,الاكل بارد وغير جيد
2762,انا عامل اوردر من ٣ ساعات ولغاية دلوقتي ما وصلش وللأسف دي مش اول مرة وانا مش هاتعامل معاكو تاني
2763,order didnt came
2764,الكوبايات ملزقة ومتعاصة نكهات تانية
2765,The fries was soooo bad
2766,I didn't receive the order!!!!!
2767,توصيل زفت و اوردر بارد و مزيت
2768,الأكل كان سيء جداااا البطاطس باردة وطرية وطعمها وحش ووجبة ماك تشيكن المفروض لارج واصلني كان كولا صغير، ووجبة الاطفال دافعة 7 جنيه زيادة عليها عشان برضو يوصلني كان صغير
2769,الاوردر بتاعي بعد ما اتجهز و طلع اكتشفوا إني out of Zone ، وحتي مارضيوش يخلوني استلمه بعد كل ده ، مع إن عنواني موضح من الاول
2770,الاكل بارد و مش طازه ومفيش جواه صوص ولا اي حاجه غير خس وحته جبنه بجد سئ جدا جدا
2771,الاورد جالي بعد ساعه وتلت وكان بارد ومعجن وكانت تجربه سيئة جدا
2772,I didn't receive the order.
2773,الاكل كان بارد جدا ومش طازج
2774,فرع احمد الزمر احسن واحد. الاكل طعمه احسن من فرع مصطفى النحاس او فرع عباس العقاد
2775,The fries 🍟 was so bad
2776,الاوردر جه فيه غلط
2777,I didn't receive my fucking order!
2778,الاوردر مفتوح والcheese burgur متاخده منه الcheese وباين مكانها في الساندوتش وعلي البرجر
2779,الاكل بارد جدا والدليفرى جاى ماسك الميلك تشيك فى ايدية كدة حتى مش متغلف وحاجة منتهى القرف
2780,صغروا الاحجام وغلوا الأسعار وحاجه قله ادب
2781,The fries was really bad it was cold and too salty
2782,Tasted well but the deliver guy was dumb very dumb!!!!!!!!!
2783,العيش بايت الاكل بارد الكولا بدون صودا
2784,Awful delivery time!!!
2785,sandwiches were cold
2786,أبشع فرع هو فرع مدينتي الاوردر جي غلط و بارد
2787,"He didn’t give me the right change which was 10 EGP, I didn’t even notice until I was back to my office and he was gone"
2788,bread was not fresh
2789,الاوردر باارد جدا +البطاطس قليله شبه متاكله عكس العادى +الدليفرى اتأخر اووى عن المعاد المحدد
2790,The food arrived cold and the fries seemed to be from the day before
2791,the food was good but I got chicken egg Mcmuffin without chicken!!
2792,جاى سايح
2793,الفرايز بارده جدا وكذلك السندوتشات
2794,الاكل بارد جدا والبطاطس مفيهاش ملح والبيبسي نص الكوباية فاضية ووصل بعد ساعة ونص
2795,ma habbet 3/10
2796,طالبه الاورد جالي بعديها بساعه وتلت ووحش جدا بارد والبطاطس معجنه معاني ساكنه جمب مطعم اصلا اول مره تحصل كده من ماك للاسف
2797,معاملة الديلفرى وحشة ومتعصب عليا وبيتكلم باسلوب وحش
2798,البطاطس بارده
2799,10min arrived
2800,there was no any salt on the fries
2801,الاكل كان بارد و مش فريش
2802,الاوردر منهم بيتاخر كنت طالب أوردر وحاطط اللوكيشن من الموبايل المفروض الاوردر يجي عليه استني ساعة ومجاش وكان اول أوردر ليا واخر أوردر انشاء الله
2803,"Horrible big tasty sandwich,no lettuce no sauce no tomatoes"
2804,Food was so bad
2805,الرجاء التنبيه على المطعم بخصم قسيمة الشراء من إجمالى الفاتورة قبل إرسالها مع الدليفرى حتى لايتكرر الخطأ فى الحساب
2806,كان غير متفاهم و عايز حد ينزل ياخد الاوردر منة
2807,ماكانش في كاتشب خالص
2808,Ba
2809,مفيش لتر سفن اب .يجيبوه 2 كوب ماشين بمزاجهم من غير ميبلغونى
2810,بطاطس مجلدة والساندوتش فاضى
2811,الكمية غير متساوية فى الميلك شيك
2812,طلبنا الاكل وقعدنا ساعتين عشان نستلمه وفى الاخر لغيناه
2813,Il manquait le beurre
2814,الاكل كان بارد و الساندويتش كان بايت و البطاطس مفعصه و فضلت تعبانه و برجع طول الليل
2815,اسوا حاجة اكلتها من ماك دونالدز
2816,This order not delivered
2817,Not hot at all
2818,driver was very good and very polite.. the eggs was rotten and there colour was greenish blue and the mcflafel was burnt .. it was the first time i get this order that bad and very disappointed it was all thrown away.
2819,fries are always cold lately
2820,"awful the food is cold,not fresh i don't think iam gonna order from this app another time!!"
2821,Food was Cold
2822,the total on the application (after calculating thr extras) where different than the receipt!!!
2823,became very expensive
2824,الصوص ماجاش وحاسبت عليه
2825,na
2826,The app must contain the option for a liter of soda or a machine soda
2827,"Food came cold and squished, driver was 20 min late"
2828,درايڤر رايق و برنس
2829,بارد جدا ووالعيش مش طازه والطعم في المجمل مش حلو
2830,ice cream saye7
2831,البطاطس كلها زيت وحشه
2832,apple pie كان متاكل منها 😂
2833,وقت طويل جدا والاكل جاي بارد اوي
2834,الاورد جيه غلط و متاخر و بارد و زى الزفت و الايس كريم سايح
2835,the order was packed up without heed to the food and without ketchup
2836,Order didn’t even arrive and online support wasn’t responding
2837,الاكل سئ جدا وبارد ومش طازة بجد اسوء فرع
2838,اسواء مرة طلبت فيها ماك الكل كان سئ جدا و البطاطس كانت محروقة ده غير انه سببلي نزلة معوية
2839,very bad meal
2840,order was not very good or taste
2841,اتمني بس تكون البطاطس افضل من كده
2842,The food wasn’t fresh the fries and sandwiches were cold
2843,الاكل بارد وبالأخص البطاطس بارده
2844,الطلب لم يصل
2845,وصل بعد ساعتين وبارد
2846,الاكل كان سئ جدا جدا وكان مش طازه خالص
2847,the food was delivered cold and tasted wierd
2848,Food bas so bad and not fresh
2849,As always fast delivery and a delicious meal 😋
2850,بجد حرام كل لما اطلب اوردر يجيلى بارد بالرغم انى جنب الفرع وكمان على طول البطاطس مزيت ومعجنة وباردة كدا كتير
2851,البطاطس جت معجنه ببعضها
2852,I got the strawberry custard pie instead of apple pie
2853,"perfect, no other words needed ✨"
2854,Large fries was actually small fries!!
2855,الاكل كان سئ جدا والبطاطس سيئه للغايه
2856,Fries were burnt and very oily
2857,Thank u
2858,مستلمتش الاوردر
2859,Amazingggg
2860,They bring the little spoons not the McFlurry spoons and it wasn’t cold and was almost melted. They also were arguing that I didn’t pay by visa when I did and wanted me to pay cash
2861,حتى الطفل ميرضاش باكل زي كده زغير اويي
2862,Tu7faaa 🤩🤩🤩🤩
2863,البطاطس كانت وحشه جدا و بارده
2864,السندوتش كان حلو بس وقت التوصيل اتأخر اوي والطلب كان ناقص
2865,جميييييييييييل
2866,"I've ordered a big taste sauce and paid for it then I didn't found it in the order, also the driver insisted that there is no discount offer and he wanted to take 139 instead of 99, I know it's not his fault but it was rude also food was cold"
2867,i gave certain instructions concerning the delivery i was told they would be done yet i found nothing none of my delivery instructions were applied on my delivery
2868,الأكل وصل بارد
2869,almost half of the fries is missing every single item is open not sealed with mac stickers.
2870,worst time I ate
2871,البرجر رفيعه رفع اللنشون
2872,Too much onion in the big tasty
2873,جوده الاكل غير جيده
2874,الطعم جيدا جدا ولكن وصل بارد و خدمه الدعم ممتازه
2875,The food arrived cold
2876,They mixed my chicken mcdo with cheese burger
2877,order was Including 2 fries but I recieved only one I paid for one as recieved
2878,Big Mac wasn't tasty at all
2879,food wasnt fresh and came an hour after ordering the courrier was very decent though
2880,السندوتش مفهوش جبنه و المره اللي فاتت مش خدت المايونيز
2881,الاكل وجع بطننا جدا
2882,Burgers wasn’t hot
2883,COLD!!
2884,Oily
2885,الساندوتش كان طعمة سئ جدا،الwrap مفكوكة خالص،كمان اللى محطوط ده مش سجق ده برجر البطاطس مزيتة جدا،إجمالا تجربة افطار مش لطيفة،مش هكررها تانى
2886,محترم ومشبع وغني...... شكرا.....🌷🌷🌷🌷🌷🌷🌷🌷🌷🌷🌷🌷🌷🌷🌷🌷🌷🌷🌷🌷🌷
2887,Fries was not fresh and the bread too.. worst order ever
2888,French fries wasn’t fresh
2889,الساندويتش ناااقص حاجات كتييررررر
2890,البطاطس والبرجر في وجبه الطفل كانت مش طازه والطعم سيئ
2891,الصوص كان قليل جدا الطعم قليل الجودة
2892,Terrible experience. Asked for less sauce .. there was no sauce. And no cheese!!! Imagine big tasty no sauce no cheese. This cant be a world brand. Terrible and shows how even the brands dont respect orders from this app!!
2893,The order was an hour late and not fresh (cold)
2894,الطلب كان جويس جدا وعجبني بجد ولكن السبب اللي خلاني كرهت اني اطلب من مكدونلز تاني هو اسلوب الدليفري معايا اولا كان متعصب ومتنرفز عليا و ثانيا كان متأخر عن الميعاد وثالثا مش كان عارف العنوان ورابعا كان هيروح لشفة غلط وانا اللي ندهت عليه
2895,did not receive 2 items.
2896,Vous allez me manquer wlh
2897,The fries were not fresh
2898,I paid 10 LE extra I don’t know why till now!
2899,للاسف مش اول مره الاوردر يجي بالمنظر ده اشتكيت كتير من فرع ماك بتاع وسط البلد و بعتلهم علي البيدج كتير و لا بيهتمو باي شكوة و كل محاول انسي و ارجع اكل من ماك تاني لازم يحصل العك ده زي كل مره اوردر يجي بارد و باكتين كاتشب بس و من غير شاليمو للكولا و ا...
2900,ساعه ونص مش فاهم ليه
2901,اسوأ اوردر من ماكونادز برجر ناشفة و باردة و الناجتس طعمه سئ ومجلد تاخير فى الاوردر
2902,الاكل باارد و البطاطس طريه
2903,أسواء مطعم في خدمه توصيله كل ما اطلب الاوردر ويقبلوا قبل ميعاد توصيله بربع ساعه يقولوا خارج النطاق علشان شارع واحد الواحد فعلا لا هيطلب منه دليفري تاني ولا هياكل في اي فرع من فروعه
2904,تأخر طلبي
2905,زمن التوصيل كان ساعة
2906,البطاطس كانت باردة جدااااا والاكل كمان
2907,Helween
2908,thanks for the order quality and fresh food
2909,"Fast, good"
2910,El 2kl akno bayt 🙂💔
2911,"worst mcdonald’s branch i ever came across! disgusting, rude, and horrible management"
2912,الاكل طعمو خرا عشان كده هديه ٥ نجوم
2913,جامد
2914,Bshsnnss
2915,It took so many time
2916,بارد وسئ ومش مستوى والبطاطس مش مالحه خدمه سيئة
2917,البطاطس كان ناشف واللحم كان مالح وماكنش في صوص بيج تيستي حلو
2918,Wow
2919,Food was cold especially fries
2920,الدجاج ناشف ويابس كرتوننن ما يناكل
2921,Bneb2a
2922,Very bag delivery time
2923,🥰🥰🥰
2924,Very clod and dry!!!!! I couldn’t enjoy my meal at all and so unsatisfactory!!!!
2925,اتاخر والاكل كان بارد
2926,😋😋
2927,البطاطس مجتش اصلل
2928,"the fries were so oily that they were not even edible, i even took a picture of how much oil they had"
2929,تم التأخير اكتر من نصف ساعه والأكل بارد جدا والبطاطس اتعجنت
2930,Not as good as it was before 🙄
2931,بس كان في ريحه غريبه طلع من البن كية اى الي الي انحط عليها مابعرف
2932,الاكل بارد وطعمه سئ جدا
2933,بحبكم ❤️
2934,انا طلبت الاوردر الساعه 12 بالليل جالي الاكل الساعه 3 الفجر وطبعا الاكل جايه متلج خدمه سيه جدا
2935,"The fries were fresh and the shake was as expected. The nuggets had 2 fresh edible nuggets and 4 older, colder inedible nuggets. Very disappointing."
2936,الاكل اتاخر ساعتين عشان يجى و طبعا جاى بارد و مستلامتش
2937,الاكل بارد والبطاطس كلها زيت
2938,Merci
2939,الاكل جاي ساقع ومش فريش خالص
2940,it was cold couldn't believe it.
2941,سرعه التوصيل
2942,الاوردر سيء سيء سيء لدرجه اني رميته في الزباله الميلك شيك وصل سايح و طعمه شبه المياه بسكر و مسكر اوي اوي اوي زياده عن اللزوم و مش هطلب حاجه تاني من ماك الفرع ده خصوصا لان مفيش مره جه من غير م يكون في مشكله
2943,IT WAS TERRIBLE!!! Although i made my comment clear that the order must come fresh and it was truly the worst. didn’t expect it tho
2944,السفن مفيش صودا للاسف
2945,للاسف غليتوا الاسعار ومفيش اي جديد مقابل الزياده دي
2946,تحفة وسريع
2947,!
2948,الأكل بايت مش طازج
2949,ساعتين ونصف انتظار والطلب خاطئ سلطة السيزر بدون دجاج
2950,توصيل ف اكتر من ساعتين واكل بارد وبايت وكول سنتر فاشل
2951,الاوردر وصل ناقص ولما كلمت المطعم قالي اني مش طالبة الا اللي وصلي بعتله صورة الفاتورة على الواتساب شاف الكلام ومردش عليا
2952,Worst fires ever I have eaten !!!
2953,Goooooood
2954,اتبعت رسالة بان الاوردر اتلغى وجه بعديها مش فهمه ايه اللغبطة دي
2955,الوجبه بارده
2956,الاكل كان بارد و الكولا كانت بارده و مفيهاش تلج و البطاطس كانت مفتوحه و الاوردر كله اترمى فى الزباله و دى مش اول مره ماك يجىلى منه الاكل بالطريقه دى
2957,the fries was too salted and was hard to eat
2958,Very bad and vegetables was too few only one slice tomato on a double big tasty really how and meat was not fresh at all
2959,Donee
2960,الاكل مش سخن
2961,extra was not added
2962,So cold
2963,الابلكيشن وضحلي أن الاوردر خرج من المطعم بس الاوردر وصل بعدها ب 4 ساعات و 7 مكالمات لخدمة العملاء وصل بارد والكولا مدلوقة ع الاكل ولما طلبت الاوردر يتبدل غيروا الباكينج ورجعلي نفس السندويتشات الساقعة المبلولة نفسها وبطاطس غرقانة زيت واترمى ف الزبالة
2964,I haven’t received any order i need a refund
2965,تاني مرة ينسوا يحطوا صوص الموتزريلا ستيكس
2966,"My order came missing a fries , then the branch manager said I have to pay and they will send it. They didn’t send anything"
2967,اسوء مرة
2968,Order was great and hot
2969,الاكل ساقع
2970,thank you for being honest and reliable application ❤ you sent me the order as I exactly wanted ... it won't be the last time to use this app...also the delivery man was polite and helpful
2971,كان المفروض فيه خصم 30 جنيه بس الفاتورة جت بدون خصم
2972,البان كيك سيئة جداا
2973,V good
2974,الاكل وصلني بارد جدا والفراخ مكنتش مستويه كويس كانت تجربه سيئه بجد
2975,الاكل بارد قوى مش زى ما بنطلب من ماك فون
2976,delicious food but we didn't get the tasty sauce
2977,الهدية للهابي ميل كانت وحشة جداً
2978,ساعه ونص وقت التوصيل
2979,Got the sandwiches wrong
2980,the salad was horrible. the lettuce was frozen????? throw it all away the chicken was cold and uncooked. threw away most of it.
2981,اسوأ اكل كلته من ماك في عمري كل حاجه فيه وحشه السندوتشات والطعم والبطاطس مجلده وحاجه قمه القرف
2982,الاكل كان بارد جداااا
2983,goo
2984,Missing ice cream
2985,اللكل بارد ووحش
2986,because i already pay with visa and also pay cash .. yes he get the money back but I'm confused
2987,Thank you so much
2988,السائق محترم جدا و وصل الاوردر بسرعة و الاوردر متعلق كويس و فريش
2989,it was bad there was pork in it haram
2990,الاكل كان بارد و وحش و جه متاخر و طيار في قمة قله الذوق و تجربه سيئه جدا بصراحه
2991,The delivery was too late and he took from me 128 pound instead of 98 I told him there was a coupon of 30 pound I want my cash back please
2992,At first they wanted the main price not the after promocode but then they contacted the restaurant
2993,they always bring coca cola can whatever you order large or medium meal !! the are always late and the food extremely cold
2994,I received the order very late which is so annoying
2995,الاكل كويس بس جالى بارد
2996,الطعام طازج 🥰
2997,ظ
2998,الاورد كان بارد جدا والبطاطس ملزقه ف البعض
2999,الاكل وصل بعد ساعتين وبارد والعيش بايش والبطاطس مجلده وبارده وشاربه زيت
3000,small sandwich
3001,As usual the food is cold
3002,the order was very late order at 12 and received the order at 2:30....thus the food was bad bad cold
3003,the food was cold also the drinks were with no ice
3004,اول مره يكون بشع كده حقيقي مقرف
3005,I’m so sad for this order
3006,❤️❤️❤️
3007,العصير جه كله مدلوق
3008,انا كتبت مش عايزه بصل لكن السندوتش كان عليه بصل
3009,bad order
3010,وحش جدا واخر مره هطلب من ماك
