,comment
0,جد ا كويس
1,delicious
2,الفراخ محتاجة تكون اطرى شوية
3,الطلب كان مالح جداً.
4,الشيش زفر
5,الاكل كان بارد تلج
6,طلبته طهي كامل لكن وصلني مليء بالعصارة للأسف وعندما وصلتني رسالة عن رأيي في الاكل
7,الحمامه جايه ملهاش طعم وبارده
8,رز المحشي كان بس ني شوية
9,الحمام كان سيء الصراحة كله ريش ، قرفت جدا منه ، وحتى لما قولت خلاص اشيل الطبقة اللي بره دي ، الطعم نفسه من جوه الأرز ولحم الحمام مكنش حلو ، معرفش في ايه، ومش رأيي انا بس ، واللي طلب معايا
10,الأرز بالكبد مش افضل اختيار افضل لو كان أرز ساده
11,الفراخ ناشفه و محروقه جامد
12,بارد و و سيئ
13,التكلفة اللي ظهرت على منيوز مبلغ ٢٨٩ جنيه والمطعم طالب ادفع ٣٠٨ جنيه ده تلاعب في الأسعار وتدليس وغش من التطبيق والمطعم ودي مش اول مره تحصل
14,مفروض في تخفيض والاوردر ب 204 ، طلعت الفاتورة 230
15,الاكل كان حلو وسخن . شكرا
16,الأكل اتأخر ساعة ونص، وماكنش ممكن نوصل للمندوب. الأكل وصل ساقع وماكانش طعمه كويس.
17,أشكركم على الاهتمام
18,order is not as ordered!
19,كفتة جميلة
20,الشوربة حادقة جدا محدش قدر ياكلها.
21,الف الف شكر لطريقه اللف وأنها مش في الفويل مباشرة وفيه قبلها ورق زبده.. ربنا يباركلكم
22,الاكل بارد ونصف الدجاجة صغير
23,حساب. الاوردر اللي اجالي غير اللي اتقالي من الابلكيشن
24,مش زي الاول في السوا او الطعم
25,نص فرخه مكنتش مخليه السلطة كمان متغيره تجربه سيئة صورت الاكل لو ف مكان ايعته فيه الصور
26,مبقاش الاكل حلو زى الاول علطول جاى بارد ويقرف الباكنج
27,الاوردر اتأخر وكمان في زياده في حساب الشيك
28,الطلب وصل متأخر ومش سخن المتابعة سيئة
29,الاكل جاي مش مستوي و ريحة الاكل مش كويسة
30,الأكل كله مملح زيادة، الرز مالح جدا و الشيش طاووق مالح جدا مفيش غير الشوربة والسلطات اللي كويسة.
31,taste of ribs was not as expected.
32,برحاء الاعتناء بالتوصيل
33,الفراخ مكنتش نضيفه زي كل مره والرز بالكبده مش حلو لان الكبده كانت مش مستويه ولسان العصفور كان بارد جدا مكنتش اتوقع دا خالص من الدهان لاني بطلب منه دايما والاكل كان ولا غلطه
34,كان بارد جدا ومش محيق صح
35,Delayed 2 hours and missing item
36,جبت حواوشي و كان في عضم كسر درسي منكو لله محدش يجيب منهم
37,Very delicious food
38,الاكل دايما بارد
39,الاكل سيء جداً وبارد جداً عربية كبدة في الشارع هتعمل احسن بكتير من الدهان مقابل نفس القيمة
40,Very little
41,الفراخ مش مستوية كويس جزء العضم عليه دم
42,Cold
43,شكرا
44,أسوأ مكان ممكن تطلب منه اكل واكتر مكان في ناس مش محترفه ومش بحترمو العميل وموضوعهم فعلا سيئ جدا جدا لا انصح به إطلاقا
45,الاكل كان بارد والعيش بايت
46,للأسف كانت جاية من غير قشطة زي كل مره كانت سيئة صراحة
47,الحمامه. الفريك كان فيها زلطه وهكشف على سناني حسيت في حاجه طرقعت عموما ده حاجه غريبه انا طلب اخر شهرين فوق ٩ مرات الرد بتاع الجوده بتاعهم معجنيش المفروض ده واحد من اكبر المطاعم في المشويات دي َمصيبه حاسس في جزء اتكسر و خايف اكشف بس هعمل كده
48,طلبت طحينة وماوصلتني والكفتة طعمها الله يكرم النعمه و لقيت قطعة بلاستيك داخلها
49,الرز جاي معجن و طعمه سيء
50,الاكل بشكل عام جيد و لكن لوحظ تخفيض كميه سلطة الفتوش و سلطة البنجر بالرغم من زيادة السعر مؤخراً
51,I didn’t like it
52,الفراخ كانت زفره ومحتاجة تستوي اكتر
53,سيء جدا... الفراخ معمولة من ٤ ل ٥ ساعات و ناشفة من كتر التسخين و الرز كان مجمد و سخنوه
54,ممتاز جدااا
55,البطاطس كانت قليلة جدا جدا جدا جدا
56,محتاج سواء ازيد من الداخل لاكن بشكل عام حلو
57,اسوء شيش طاوق زفر و مش مستوي كويس
58,الاكل حلو بس اخد وقت كتير
59,الكبده ما عجبتني خالص كانت بتشد في الاكل و كلها عروق
60,I’m
61,الاكل دايما بارد بنحب الاكل مولع
62,Bad
63,الحواوشي جايلي سبايسي وانا مش طالب كدا
64,مليح البطاطس خشن
65,بشع الحواووشي ساقع ومحروق ووجعلى بطنى
66,الاكل كان كله دم
67,Food looked it’s leftovers كان شيء مهين جدا و غير مقبول و كانه لامم البواقي من التربيزات وو بعتهالي و الرز بايت و مايتكلش الاكل اترمى
68,To much delving time
69,very late delivery
70,حجم الساندويش اكيد مزحة!!
71,الأمل وحش
72,حجم الفراخ في اخر اوردرين صغير جدا عن المعتاد الي بطلبه
73,اللحمة مش مستوية
74,الكفته الضاني كانت مش حلوه مش عارف ديه احمه ولا فراخ المكرونه الوايت صوص لازم تتحسن الفراخ المشويه و الشيش حلويم
75,الاوردر جه غلط وحتى لما اتبدل بعد اكتر من ساعة كان طعمه ميتاكلش واللحمة مش مستوية واترمى كله
76,اتاخر جداا
77,Missing items
78,الفراخ جاية مش مستوية
79,البطاطس بس كانت مزيتة اوى لكن الحمام جميل
80,بارد
81,دايما الاكل بارد . الرز والملوخية باردين اما الفراخ هي اللي كانت سخنة.
82,Late and kind of cold
83,وحش اووووووي اول مره اطلب حاجه من الدهان و تطلع سيئه كده
84,الساندوتشات مش حلوة
85,الرز مع وجبة الشيش كان مشطشط و حراق جدا و في ناس مريضة ما قدرتش تاكله... المفروض ما يكونش في شطة اصلا
86,الاكل كان محروق برده لتاني مرة مع اني كاتبة ملحوظة و فعلا اخر تعامل معاهم لعدم احترامهم للعميل
87,الفراخ جتلي نية اقسم بالله ، لونها ابيض تماماً و عليها التتبيلة بالماية و هي نية حاجة قرف
88,الفليه ني مش مستوي والخضار السوتيه بارد وطعمه سيئ
89,.
90,سيىء
91,صلصة و ٣ قطع بطاطس
92,طاجن الحمام كان مفيهوش حمام تقريبا هما قطعتين تلاتة كان رز بس و ده عكس كل مرة كان دايما بيجي مليان حمام و بالنسبة للممبار كان كويس بس بارد جدا و الشوربة بتاعت العدس جت حلوة جدا
93,الاكل تسبب في قىء للاطفال وحبلغ الرقابه علي الاغذيه
94,من اسوأ المرات اللي جربت المطعم فيها، المشاوي 5/10، المكرونة كنت باكل مكرونة مسلوقة مش باللحمة المفرومة ولا صلصة حتى خاب ظني جدا
95,حلو
96,As a regular customer they are horrible at fixing their mistakes it's been 3 days and they havent refunded me or even accepted replacing it with something else in a new order. Also elmenus customer service doesnt exist.
97,الدليفرى اتأخر والأكل وصل بارد وحاجة زى الزفت بصراحة
98,Late delivery
99,nice but too salty
100,الاكل وصل بارد ومجلد
101,للأسف ريش بيت الكلاوي اللى انتم مشهورين بيها كانت سيءه جدا
102,"the chicken was half cooked, requested a refund and nothing happened."
103,i
104,تتبيلة الشيش طاووق سيئة ، وشوربة الكريمة مش حاطين فراخ ممكن عجين فراخ حاجة كدت
105,حجم الحواوشي انكمش جدا!
106,الدجاج غير مملح بالمرة
107,الاكل كان اكتر من سئ
108,جيد بس عرض سعر الطاووق لم ينفذ
109,السمان غير نظيف
110,الطعام كان باردا جدا وطعمه سيئ مع تأخر الطلب
111,الطيار اللي تبعهم قعدنا نص ساعه مش راضي يطلع الاوردر وعايز حد ينزل واخر بهدله حصلت واجرته الدهان اعتزرت وعملنا شكوي في الطيار وكان بيقول لخدمه العملاء انه بيخبط علينا وهما كانوا معنا علي الاتصال في الموبايل وعرفوا انه كداب ومش بيخبط ومش مظبوط
112,الفراخ مكنتش وحشه بس كانت محتاجه سوي اكتر كانت بتشد والتمويه والطحينه ملهومش طعم والسلطه الرمان قليل اوي الارز كان حلو
113,The chicken tasted off
114,خدمة عملاء ذوق جدا و طعم اكتر من رائع 👍🏻
115,ناشف
116,الرز باللبن بايظ اول مره الاوردر يكون في مشكله
117,الفراخ مش طازجة و طعمها و رحتها وحشة و التتبيلة سيئة
118,الأكل وصل بارد، الشيش طاووق مش متبل خالص مالوش طعم، سلطة الزبادى خفيفة اوى وتقريبا مفيهاش خيار
119,الطعم سيئ جدا والفراخ زفره وبارده
120,Taste was not good as expected
121,food was cold overall and kofta doesn't taste good when it's cold but the packaging and the food was clean tbh
122,السلطات كميتها مناسبة جدا
123,وقت الدليفرى محتاج يقل شوية
124,"The food was cold, the portions was very low (this isnt 1/4 kilo shish), I have a food scale, I weighted it, it was only 100g (after cooking), which doesnt meet my expectations, and the rice was very cold as well, bad experience"
125,ا
126,"chicken grill sandwich was good, but could be better. in the past it was better"
127,دايما الاكل بارد.
128,Nice
129,الرز كان سيئ جدًا
130,الفراخ بارده جدا جدا
131,الاوردر موصلش يا حرامية و لله ما هسكت
132,لو الطحينة اكتر بس تبقا حاجة من الأخر و تطلب كل شوية
133,الاكل جع بارد والمومير مش نضيف
134,Thanks
135,grape leaves were way too salty!
136,انا طلبت حمام محشى ارز وجالى بالفريك وانا مستحيل اكل فريك والاكل اترمى والشوربه جاتلى بدون ليمون وبارده
137,المكرونه البشاميل بدون لحمه خالص و البطاطس ساقعه و ناشفه
138,طلبت نص فرخة مشوية واجت ساقعة ولوحدها من غير اي حاجه غير رغيف عيش تجربة لا تستحق
139,الرز مالح الكوسة قديمة و محروقة
140,الاكل حلو بس حامي و مزيت اوي على انه يكون وجبة اطفال
141,Good
142,جودة الفراخ كأنها غير مستوية بشكل كامل طعمها ضايقني
143,الاكل طعمه سيئ جدا دقنا منه و رميناه كله للاسف
144,الفراخ جت بعظم وانا طالبها مخلية وباردة
145,بعتوا التوميه نصف علبه ومالهاش طعم
146,مكرونة باردة وطلعة وصعبة اوي وحتي الشوربة باردة جدا
147,الفراخ ناشفه
148,very small portion not worth money
149,اتأخر جدا و
150,Amazing and delicious food
151,order was not good chicken taste was good at all
152,الفراخ كانت نايه ومش مستويه كويس ودي مش اول مره يحصل نفس الكلام مش فاهم فرع الدهان ده زفت ليه كدا
153,Amazing food 👍
154,"It was an a very bad experience, bad quality, elfra5 kan feha sawad fe kol 7etta 3obara 3n ramad fa7m w ma7tot 3leh maya .. kan bgd maytakl4 welly kan 3dl fehom kan zfr w 7alto 7ala .. w ba3at 3la el support 23adt more than 1:30 hours w m7ad4 rad 3ly..."
155,الطعم حلو جدا بس الكمية قلت عن اخر مرة
156,طعم الفراخ الشيش كان زفر جدا لا يؤكل وريحته نفاذة ما قدرت اكله للاسف ده للعلم مش عشان حد بتأسف او يعوضني ركزوا مع اللي بيغسل الفراخ
157,افضل دليفري في مصر سيف الدين دهان
158,kan bared
159,الرز بالمكسرات سيء مفيهوش الا زبيب فقط... عيب والله العظيم كدة علي سعر ٨٣ جنيه
160,الاكل كان بارد
161,نصف الفرخه مقطوع مش كامل وصغير
162,اللحمة بتشد وبطاطس مش مستوية وحاجة تقرف
163,Wrong address delivered / cold food
164,"food was late, and just warm"
165,الأكل علطول بيجى بارد
166,الاكل مالح جدا جدا يعني الملح مغطي علي طعم الاكل الحقيقه التجربه النهارده كانت سيئه جداا
167,الاكل تحفه كالعاده ووصل ساخن
168,sent tahina instead of baba ghnog
169,الفراخ جت قليلة اوى المرادي
170,food has no taste and it was cold
171,Amazing food
172,الاوردر جامد فطيرة البلح جايه احسن مره المره دي
173,الاكل كا بارد جدا واتأخر اكتر من ساعة ونص
174,كان فيها حجات بتعضعض
175,وحش جدا تجربه سيءه
176,Somehow cold
177,جميلة بس وصلت باردة مع الاسف
178,Cold food
179,الحواوشي جاي بايش و عرقان جدااا
180,ووصل بارد جدا
181,ام علي الطبق جاي ناقص تلته تقريبا وفيه صورة لده السوتيه وحش جدا بابا غنوج سيئ
182,شيش طاووك يعنى اوىاك و ليس صدور للاسف
183,اتاخر شوية عن الوقت
184,الكفته والطرب طعمهم غير المألوف ولون اللحم ابيض
185,I didn’t receive the order !
186,Almost an hour late
187,1/4 shish did not come as told
188,"Time of preparing is to long, also the whole time since I put the order till receiving it"
189,الاكل كان حلو وكان بارد .
190,الرز الاصفر كان بايت للاسف او مش مستوي
191,Very cold
192,الاكل يقرف وطعمه وحش وكلنا حالنا مغص بعد الاكل ده غير أن الفرخه حجمها صغير جدا جدا والأرز اللى جواه معجن وبجد وجبه اكل اخر قرف
193,the captain didn't arrive and I didn't receive the order
194,👏
195,الارز كمية أقل من كل مرة
196,The soup arrived cold. The taste of the soup was not good at all.
197,🌹
198,تاخيرررررر فوق المستطاع
199,الدهان مش محتاج تقييم والله كأنى بطلب من المطعم اكل حقيقى تحفه ونظيف كأنه بيتى شكرا
200,الاكل طعمه وريحته سيئة جدا والفراخ من جوه فيها دم انا رميته مقدرتش اكله
201,الفطيره خطيره البلح بصراحه زى مابطلبها من المطعم كنت خايفه تبقى مش زى مابأكلها فى المطعم روعه
202,الكمية فى فرع مدينة نصر أكثر من فرع التجمع ولا أعلم لماذا
203,زى الزفت
204,"Some how I found wrong meat type than ordered”veal ordered and found Lamp piece” , but its ok, I also found a little piece of grilled chicken in the Kofta box"
205,I’ve got food poisoning me and my dog
206,الطلب ناقص وليا عندهم فلوس وياريت لما اطلب تاني يخصموا فلوسي من الاوردر الجديد
207,الفراخ الفيليه ناشفة و مقددة للأسف
208,المكرونة طعمها غريب و وحشة و الحواوشى بردو طعم اللحمة غريب و وحش الحلو فالاوردر الطحينة
209,الاوردر حلو بس أنا طلبه من غير كبده وزياده أرز بالخلطه الاوردر جه غلط جه بالكبده ومن غير مكسرات
210,The quality was lower than the usual this time
211,تقطيع صدور الفراخ رفيع جدا جدا
212,best restaurants ever
213,وحش جدا الحمام المحشى قديم ومتسخن ومجلد مش مصدق دة بقى حال الدهان
214,الفراخ كانت نية وبدون ملح
215,انا بجيب كتير صراحه بس الورك كان صغير اوي غير الطبيعي خالص والمحشي كمان كان بيجي احلى من اخر مره
216,"The driver went to the wrong building and I had to come outside to get my order. This is after he called me multiple times for me to open my door. The whole time, he was at the wrong building."
217,البسبوسة بشعة
218,Late delivery and food was cold
219,Bad taste and not done well 🤢
220,الاكل كان تحفة شكرا جدا ❤️
221,محل زفت والاوردر قعد ساعتين وحاجه قرف خدمه زي الزفت
222,الكمية اقل بكتير والطاجن اصغر بكتير من المرة اللى فاتت والطعم مختلف المرة اللي فاتت كانت احسن بكتير
223,المحشي كان بايظ وحامض رميته
224,chicken with mushroom sauce was delicious!
225,The okra was very very oily.
226,السلطة كلها حمضانة اتكسفت قدام الناس ف العزومة دا يرضي ربنا دا
227,جامد
228,التأخر من قبل الدهان فى تجهيز الوجبة
229,الاوردر وصل متأخر ودي مش اول مرة بس الاكل حلو
230,الارز البسمتي طعمه رش مبيد حشرات
231,جالي اسهال من الملوخيه مابعرف السبب! باقي الاشياء فخمه جداً بس غاليه سيكه
232,الاوردر اتأخر في الوصول
233,I have eaten from alDahan the stuffed pigeon alot. This time the portions were so little. The pigeon was very small compared to the price of 190 LE (used to be larger). The stuffing didn't taste as good as before. The fries came cold and rubbery.
234,Burned meat and bad customer service
235,الحمام فيه ريش
236,"Pigeon wasn't that great, but the rest of the food was fine."
237,Cold food Very poor quality
238,التسويه كانت غير جيده والتتبيله قليله
239,الاكل سيء
240,I Found a nail in my food .. I will never order from them again
241,Very very slow order + small portions
242,الأكل مجاش سخن كان دافئ مأئل للبرودة
243,♥️
244,Kofta is undercooked. It's not a mistake. It's just their way of cooking it. everything else is super.
245,الرز كان وحش جدا
246,اقرأوا الnotes المكتوبة كويس
247,portions are small
248,ماس جاهلة فى اى فرع اطلب رز معمر بالحمام يحطوه بالجلد العظم و القراقيش. ازبل الزبالة
249,missing item; bread was missing
250,"too small not tasty ,cold"
251,علبة المسقعة كانت ناقصة ربعها واللحمة المفرومة قليلة جدا رغم ان ثمنها الاعلى بين المطاعم وده اسمه غش … لا انصح احد بالتعامل مع المطعم ده
252,الاكل كويس لكن تقيل ويسبب حموضة المعدة
253,الملح زيادة للاسف
254,الاكل ممتاز والدافئ راجل محترم
255,الاكل حلو بس الاوردر اتأخر ساعتين
256,نص الفيليه مكانش مستوي كويس خالص
257,الملح كتير بقالي ٣ طلبات الملح زاد في الاكل .. الطباخ اتغير الملوخيه ملحها زاد والفراخ بالمشروم ملح زياده و الصدور المشوية ملح زياده
258,محافظين على مستوى الأكل و أسعارهم مازالت معقولة جدا بالنسبة لجودة الأكل، محترمين جدا و الاوردر من عندهم مافيهوش اي مشاكل خالص، خلوني بقيت أحب أطلب منهم 🙏🏻♥️
259,طلب اول امبارح الفراخ بالمشروم كان ملح زيادة الرجاء تقليل الملح لانه سهل اضيفه لو قليل انما صعب اقلل الملح
260,حصل موقف وحش جدا منهم مع ان اكلهم كان حلو بس الاوردر جه زيادة قطعتين بظبط بانيه كلمناهم بردو عشان حرام بعدها بساعة بعتو ديليفرى ياخدهم مش فاهمة هيبعهوهم لحد ولا ايه
261,was late only
262,الفراخ مش مستويه كويس وريحتها مش حلوه في الشيش
263,ordered sauteed vegetables they sent fries instead
264,the bread couldn't eat at all
265,الفراخ نيئه
266,ياريت تكبرو في حجم الساندوتش لانه سعره غاليه وحجمه صغير
267,طلبت مشكل ضاني واللي وصل بتلو
268,الفرخه صغيره جداااا
269,الفراخ المشوية رفيعه جدا والتتبيلة مش حلوة، الطرب معقول لكن شوربة الكوارع بدون اي كارع وتحس انها بواقي الشوربه اللي في الحله..أما المسقعه فهي دمعه كتييير وبطاطس ومعاها شريحتين باذنجان،لو ينفع ترجع هي متفتحتش منظرها من بره واضح انا مطلبتش خضار مشكل
270,"my issue was the salad, it tasted of soap like something wasnt washed properly. ruined the whole salad and made it inedible."
271,الكبدة جميلة كالمعتاد و البميا كانت احسن من أي مرّة فاتت — لقد ابدعتم. شكرا جزيلاً
272,food wasn't hot tahina was missing
273,worst time i ordered from them bugs in my salad chicken burnt
274,الملوخية مش تمام
275,The kabab was very bad taste not like before
276,الفراخ مكنتش مستوية كويس!
277,المحشي كان بشع و البطاطس بالصلصه الصلصه كانت زي الشوربه مش شكل صلصه
278,الأكل جميل وبيسألوا بعد كل اوردر اخبار الأكل ايه ولو فى اى ملاحظه بيظبطوها المره إلا بعدها وبتوع الدليفرى محترمين جدا❤️
279,الاكل جميل ملاحظتي ال مش حلوه الحساب جاي اكتر من الابلكيشن برجاء الالتزام بالسعر
280,تأخير شديد في التوصيل اخد ساعتين و نص نص فرخة صغيرة جدا
281,مطعم نظيف
282,best rest. in egypt
283,the chicken was very good but the garlic sauce was not so good i had to throw it but what makes me really sad that it was a magnificent sauce smooth creamy and very delicious but now it's not that good and the quality control is not that good either
284,"Cooking was not as order indicated, well done , i got some less cooked meat in the order"
285,البانية تخين اووى وبيشد
286,تحفة
287,الطيار قليل ادب و مش متربي
288,الكفته دسمة شوية
289,الاكل كان جميل بجد كله تحفه
290,الفرخة صغير ومحروق
291,المكرونة كانت اسوأ مكرونة بشاميل في التاريخ اولا البشاميل معمول بنشا فطعمه مهلبية مش بشاميل ثانيا المكرونة نفسها معجنة ثالثا اللحمة المفرومة كانت كلها زوايد ومقرفة بالنسبة للممبار احنا رميناه في الزبالة لأن طعمه صابون!!
292,طلبت ساندوتشات كفته مشوى عيش سورى بعتلى عيش بلدى ملفوف والكفته محروقه وده مش اول مره
293,اخد وقت اطول من اللازم بكتير
294,الحمام صغير جدا و الممبار وصل بارد مش سخن
295,الاوردر وصل بارد جدا و غلط الكفتة مجتش و الكباب مش مستوى و كلمتكم اكثر من مرة مفيش رد
296,مفيش معالق بلاستيك في الطلب للشوربة
297,محترمين اوى اوى بس الاكل تقييييييييل
298,الاكل فيه شعر حسبي الله ونعم الوكيل
299,"missing items, cold, and late delivery"
300,اللحم كان كله دهون
301,ناشفه الكفته جدا وكميه اقل من نص كيلو وجه طربتين بالعدد والسعر غالي ومبالغ فيه
302,smaller pieces especially the kabab not like previous orders
303,V
304,"Requested Kebab to be changed to Tarb, but came as Kebab (which was mediocre) So had to order from them Tarb on its own Other than that the other two food items were good"
305,ملح كتير جدا لدرجة ضياع الطعم
306,التسوية سيئة
307,الملوخية جت حمضانة وبايظة
308,The Veal was full of fats and not well done as requested
309,worst order i have ever had from eldahan!! won't order it again!
310,الفراخ وحشه اوي .. وكانت كلها محروقه
311,very good! they fixed a past mistake and sent it this order.
312,"not as,good ss every time dry kofta"
313,الكفتة بيها قطع عظم صغيرة ودة بة خطورة على الاسنان
314,اللحمه سيئه جدا
315,كل شربة جات با د و الكوفة كمان ناقص الخبز و كمان ناقص اليمون وحشة جدا دفعت لكي يكون ناقص و عندما كلمت معهم قالو لي مرة جاية يكون احسن و كمان التوصل جات متأخر
316,الطعام كان سخن و طازج واكثر من جيد يرجى المداومة
317,بشع وبارد ومتاخر وحاجة تقرف !
318,Bad experience
319,الاكل حلو جدا. بس الفصلان ان الاوردارات دايما ناقصين السلطه. اخر اوردارين مبعتوعمش مكنهم ولا بعتلي فلسهم.
320,الاوردر كان ناقص حاجه والدليفري قالي هروح اجيبها وراح مرجعش ومحدش كلمني من المطعم والطعم مكنش احسن حاجه
321,The portion was not like everytime and the chicken was soooo hard and tasteless متسخنة قبل كده والطعم مش حلووو Veryyyyyyy disappointed!!
322,food was not fresh ...cold
323,it worth every pound always eldahan very very delicious
324,كنت طلبه ربع كيلو فيليه ، جاليي ربع فرخه مشويه
325,الرز كان ناشف شوية
326,ال اسكالوب جامد مش مستوى
327,كنت طالبه ربع كيلو صدور فراخ مشويه ، جالي ربع فرخه مشىويه
328,Tmm
329,وحشه اوي المرة دي والمتقطع عليها مش فراخ
330,في اختلاف بسيط في السعر في الابلكيشن عن لما المطعم جالي وبرضو الاكل اتاخر شوية عن الميعاد المحدد لكن فيما عدا ذلك الاكل كان رائع
331,عيش السوري كان ناشف اوي
332,الحواشي وصل بارد جدا.
333,اللوردر كان مش كويس تماما وكان بارد وطعمه مش حلو نهائي زى كل مره وكان فيه عدم اهتمام واضح
334,المبار زفت و بايت و بارد والمحشي مفعص قي الطبق حاجه تقرف
335,ليست التسوية المطلوبة بالنسبة للمشويات
336,الاكل وصل بايظ و المطعم بعت غيرة ريحة الكباب و الكفتة كريهة و تسببت فى مغص بالمعدة
337,اللحمة سيئة جدا وتجاهل ملاحظتي والخضار ني والصوص خفيف وقليل
338,Delicious! Thank you!
339,دي عصفور مش حمامه صغيره جداً
340,It wasn’t very boneless
341,Every thing smaller than normal and not like every time i ordered it
342,The order was cold and salad was rotten
343,It took so long for the order to arrive .. almost 2 hrs but food was tasty
344,جيد جدا بس ينقص مخلل مع الملوخية او باذنجان مخلل
345,جيد جدا
346,severe food poisinig
347,alowys small chicken
348,معجبنيش المكرونه ملهاش طعم بس اللي انقذ الاوردر حرفيا شوربه اللسان عصفور
349,درجة حرارة الطعم مش افضل حاجه الاكل كان بارد شوية
350,فراخ محروقه و طالبها مخليه جاتلي بعضمها
351,الاكل وصل بارد جدا ومفيش سلطه كان بشع
352,الملوخيه لم تكن مضبوطة
353,Cold Kofta and rotten tomatoes in the sliced salad!
354,"the food was great, but the bread for hawawshi was burnt."
355,دايما في مشكلة عندكم في سخونة الاكل . الاكل طعمه حلو بس دايما بارد.
356,"great as always. good portions, hot, fresh and delicious"
357,الدهان نمرة واحد
358,Chicken was not like everytime
359,Food not hot at all
360,Both mango juice bottles were brought after they went bad …disgusting!!! Money down the drain
361,الاكل جى بارد جدا
362,اللحمة نوعها سئ جدا وبتشد
363,Excellent thank you
364,الاكل وصل كله بارد كانه بايت بالظبط مع انه قبل كده كان بيوصل سخن علي الاكل على طول ظه غير انه التوصيل اتاخر عن المعاد المحد بحوالى نص ساعه يعني المفروض يوصل ١٠:١٣ وصل ١٠:٤٨
365,اللحمه جامده جدا والتسويه سيءه
366,المكرونة محروقة
367,"Rehab branch is so bad , the food was super salty"
368,الفرخة ريحتها زفرة للاسف ومش نظيفه زي كل مرة
369,الطحينة ليست كما تعودنا من الدهان....شوربه الخضار ليست لذيذه كما تعودتها من الدهان ....الممبار غير محمص ولكن طعمه جميل
370,الكفته غير جيده
371,كان سندوتش الكفتة بتاع المرات اللي فاتت احسن. الكمية كانت افضل من المرة دي.
372,مكنش حلو المره دي وكله زيت موية حتي البطاطس كان سئ للغايه
373,The rice pudding is spoiled!!
374,Great
375,الاكل ممتاز
376,the food was really delicious. True egyptian cuisine
377,ممتاز
378,طلبت مسقعة بالبشاميل لقيت نصها بطاطس.
379,rice was so extremely bland that I could not eat it.
380,Rice was really bad
381,الفراخ المشويه سيئة جدا لا انصح بها مطلقا
382,I ordered grilled chicken with pepper sauce and I got with mushroom sauce instead
383,الرز وسلطة الزبادي والعيش هما ال كويسين الشيش الطلب الأساسي سئ
384,Order was cold
385,الطعم كان سيء و صوص المشروم كان طعمه غريب و مليان زيت
386,الملوخية دايما باردة اما باقي الاكل كان سخن مولع. شكرا.
387,the food was very salty and the meat smells weird.
388,very very bad
389,Helw
390,its a bad meal
391,طلبت العصير يكون ساقع ...كان سخن ومش حلو
392,الاكل لم يكن سخن كفايه
393,الكوسه كانت وحشه جدا
394,الكفته بها عضم الكباب ليس افضل شئ الطحينة ليست متبلة
395,"The piegon was not tasty , the grill left a flavour ."
396,الاكل كان بارد جدا
397,مكنش احسن حاجه انهارده وحش جداا
398,من أفضل التجارب اللي جربتها في حياتي
399,good
400,وصلني محروق
401,I ordered shush tawook and they brought me some chicken leftovers with bones worst experience ever
402,الفراخ صغيرة جدا
403,the size
404,Excellent 😍
405,يا جماعه لازم نراعي التوابل في الاكل بجد كتيره جدا لدرجه ان الاكل تعبنا جدا في أطفال في ناس مريضه في ناس كبيره في السن خلوا موضوع السبايسي ده اختياري مش دي طبيعه الاكل
406,كنت مأكد أن الاكل يبقا تسويه كامله وللأسف الكباب كان ناى جدا لدرجه الدم كان فى اللحمه من الداخل
407,خدمة التوصيل سيئة جدا جدا جدا ، لو ماظبطوش حالكم فى وقت توصيل الاوردر ، مش هطلب منكم تانى وهعمل عنكم review سيئ جدا وهقول للناس محدش يشترى منكم تانى
408,الاوردر كان بشع و اترمى كله موجود فلفل واحنا موضحين ان فيه حساسيه و ده مش حد مبيعجبوش اكل معين لا ده يدخل فيها مستشفى و الرز كله زلط و الكرنب مكنش مستوى كمان
409,طاجن ناقص متاكل منه
410,الملوخية دايما باردة جدا. مفيش فايدة من الكلام.
411,أسوأ دليفرى قلة أدب و بلطجة و إدارة الفرع سيئة جدا
412,الملوخية دايما باردة جدا
413,I got 1/4 of a chicken bone in instead of chicken breast
414,كمية اللحم المفروم قليلة في المكرونة التوصيل اتاخر
415,الكفته كانت نايه
416,Deley more than 4 hours
417,جالي نزلة معوية بعد الاكل
418,اللحمة غير مستوية
419,quality is way less than before
420,Toooo late
421,الفراخ مكنتش مستويه
422,الاكل جه بارد وطعمه مش حلو.
423,Smells and tastes terrible !
424,كانت المكرونة مش فريش.
425,Very bad quality
426,افضل مكان طعم شوى هو الدهان
427,الشوربة حمضانة و الاكل دلع جدا جدا وسلطة جت غلطت اصلا
428,طلبت نصف فرخة مسحب وجالي نصف فرخة بالعضم الأوردر جالي غلط
429,There are no enough potatoes
430,Delicious but small
431,مش سبايسي
432,الاكل كان وحش اوي علي غير العادة
433,expired salads
434,على طول بطلب منكم اوردر الحمام المحشى بس أول مره يجى سيئ بالمنظر دا... بطنى بتتقطع من ساعت ما أكلت حرام عليكم دى أرواح ناس
435,جيد
436,الكميه بقت اقل من قبل كده
437,الأكل كان متأخر و بارد
438,السلطة الخضراء كانت سيئة للغاية بايظة ، ارجو الاهتمام فيما هو قادم
439,"App says delivery time is 60 minutes, after 50 minutes in, I called the restaurant, and they told me the food’s still being prepared and delivery is actually 75 minutes, we have no idea about elmenus app's delivery time. Food arrived after 2 hours!!!"
440,Awesome
441,The worst experience of food i ever encountered. This js not feteer at all. I just throw the boxes to janitor as we couldn’t handle the horrible taste. But even janitor couldn’t handle it too.
442,Not boneless
443,الاكل بارد و طعمه زفر و اتاخر فوق الساعتين 👎👎
444,N
445,Food was great but 2 hours late
446,الفراخ زفرة اوي و كان فيها زرقان
447,late delivery very bad feteera no milk or sugar vegetables skewer not chopped or cut as required
448,طعم شوربه الكريمه بالفراخ كان حلو جداً .. بس مكنش فيها اى قطع فراخ ، فاضيه
449,الرز بالشعريه خطير
450,الاكل ممتاز بس رسوم التوصيل عالية
451,الاكل حلو بس دايما في عيوب . الاكل كله سخن ودافي ماعدا الملوخية كانت باردة. وكمان قطع من الكوارع كانت نية وبتقرش فكنت برميها. مش عارفة في ايه انتم كل مرة بتعملوا الطاجن هايل والكوارع مستوية قوي مش عارفة في ايه المرة دي.
452,late
453,لحمة الفيلتو سيئة جدا و ليس لها علاقة باللحمة و كبدة مشوية محروقة
454,I said above
455,طلبت الوجبه well done جت مش مستويه كويس
456,الستيك غالي وجه محروق
457,دايما الملوخية بتيجي باردة او دافية بسيط لكن مش مولعة او سخنة
458,الشوربه مش فراخ زي ما طلبت !!!!
459,هو ينفع تعملوا ڤيديو تشرخوا طريقة سلطة الزبادي بتاعتكم مخصوص
460,ناقص علبة الخيار المخلل
461,J
462,الاكل الرز معجن والفراخ كانت غريبه
463,ال ٣ علب شوربه كان فيهم شعر ايد راجل !!! و حاجه مقرفه اول مره تحصل معايا و رجعت من كتر القرف
464,الطلب كان غلط
465,اول مره اشم رائحه زفاره غير طبيعيه بالاوردر ؛ واعتقد انها ستبقى بذاكرتي فتره من الزمن
466,كل الاكل تحفه نظيف رحته نظيفة حاجات جامدة و روعة مش عرفه اقول ايه
467,جميل جدا ولكن الملح كان زيادة الي حدا ما
468,الأوردر وصل متأخر فوق النص ساعة رغم إني كلمت الدهان ١٦١٩٤ وقالي طلع وهخلي الطيار يكلمك علطول ولا كلمني ولا عبرني وأنا واقف في الشارع منتظره دا كله لولا إني دافع الأوردر أونلاين كنت مشيت وسبته والله عشان تحترموا مواعيد الناس عشان لما أطلب الأوردر م
469,الأكل متأخر ساعة تقريبا عن معاد وصوله و واصل بارد جدا
470,"It was avery bad experience because the appearance of the food and its packaging was bad I`m n't used to this from el Dahan , as it was my favourite restaurant ever"
471,طلبت سمبوسك جبنة وماجتش
472,Food is average quality not like before
473,fries not good
474,الكفته فيها عضم و ناشفه ومجلده و مش حلو اطلاقا والوزن مختلف.. اخر مرة هطلب من الدهان عشان اكله خرب جداً و الدليفري بيتأخر جدا
475,الاكل غالبا بيكون كويس بس المره دي كان في فراخ مش مستويه كويس
476,الاكل حلو بس الارز قليل شويه
477,الملوخية كانت باردة جدا
478,الريش البانيه خطيره بس أعتقد تتاكل في المطعم أفضل
479,الفرخة كلها عبارة عن تتبيلة بشكل مقرف
480,Wrong portions i order 1/3 kg and received 1/4 kg
481,i got the pane sandwich without mozzarella cheese and the pane was very oily
482,انا جالي تسمم من الاكل
483,chicken was veryyyy bad
484,الطعم سئ والجوده بتاعة الدهان بقت في النازل رغم انه بيزود الاسعار ،،، سبحان الله يزود السعر ويقلل الجوده والطعم ؟!؟!؟!
485,Order was missing
486,The food was cold and not as usually delicious
487,من سئ الي اسوأ
488,كان في ريحة خراب بالطحينة
489,الطعم مختلف عن الدهان فرع التجمع الشوربه خفيفه جدا ومالهاش طعم
490,بارد و جه بدري جدا
491,باعتين لمون بدل كنتالوب
492,الاسباجيتي كانت حمضانة
493,"Received a wrong order as I reveiver orzo soup instead of vegetable soup, also the food was not hot at all"
494,الفراخ مش مستويه كويس
495,الاكل مزيت جدا و الحمام كان زفر
496,Perfect!
497,The lamp shoulder was smaller then usual
498,الطلب كان ناقص اتنين ملوخيه وواحد ارز مع العلم أني دافع حسابهم
499,المورتة مش طازة والمحشي كذلك
500,الاكل كان سيء للغايه الفراغ ناشفه والرز اللي بالخلطه طعمه وحش جدا ، محدش يطلب منهم فطار في رمضان منهم لله
501,الاكل كان دون المستوى بارد جدا طعمه مش كويس عن ما بناكل في الفرع تجربة سيئة للأسف لن تتكرر
502,الاوردر جاء ناقص علبة التومية ... و غالبا عملوا كده عشان عملت خصم
503,للطعاو وصل بارد جدا و كان وقت الفطار علما ب ان تم التنبيه ان الاكل يكو سخن
504,Shukran shukhran!! ❤️❤️❤️
505,الفراخ محروقة وناشفة
506,"Horrible service horrible food, quality 0 quantity 0 customer service 0 please don't order for your own sake"
507,order was very cold and late
508,"i wrote a comment that i want the steak without fats at all , i received it full of fats , badly cooked and disgusting to look at ! it was a terrible iftar experience !"
509,طلبت الاورد الساعة ٣ الفطار جالي بعد الفطار ب نص ساعة !!!! مع اني كلمت ال مطعم ٣ مرات !!!!
510,الاكل سئ جدا جدا والفراخ زفره خساره الفلوس
511,الاكل بارد
512,worst kebab ever
513,عندي تعليق ان الموزة بتاعة امبارح كانت صغيرة مقارنة بتمنها ٥٢٠ج والفتة كان طعمها مالح ومؤرفة مش حلوة خالص اما الكباب كان جميل جدا. شكرا
514,"Neve was very bad, smelly and full of fat no meat at all not recommended"
515,محشي الكرومب كان معجن في بعضه
516,كل الاكل سى وبايظ واللحمة مقرفة انا طلبت من انستا شوب وفرع المعادي سواء اي فرع زفت حسبنا الله ونعم الوكيل ولازم ناخد اجراء
517,طالب الاوردر يجي توصيل فوري جه برضه بعدها بساعتين كاني طلبته يجي قبل الافطار
518,تحفه خدمه سريعه واكل نظيييببببف
519,I didn’t get tahini or bread and the kofta and rice was not good
520,The portion of rice is so small
521,Delicious!
522,Mozza was not that tasty and full of fat not recommended but vermicelli with meat and nuts was amazing
523,الأكل جه ناقص وحاجه قرف
524,السندويشات لم تكن متوفرة
525,جالي وجبة من الاثنين فراخ مش كفته و كده في فرق فلوس ٨٠ جنيه تقريبا
526,الدلفري جاب الاوردر متبهدل
527,Arrived cold Vermicelli was tasteless and raw
528,Order not delivered till now!
529,"not recommended on iftar, food is late and so cold !!!!"
530,الملوخية تحفه💚
531,لاول مرة الاكل سي جدا الحمام بايت وناشف الكتف كميته قلت جدا جدا اول مرة فعلا تبقى تجربة سيئة جدا من الدهان
532,أسوأ مره اطلب فيها ويجي فيها الاكل مش طازه ومش حلو كانو بايت
533,الاكل بارد و طعمه وحش
534,the order came 1 hour before Iftar
535,the salad was not fresh and the mix grill was not warm
536,Very late
537,order not received till now
538,I didn’t receive my order!!!!!
539,الملوخية حامضة الريش دون المستوي اسواء مرة ناكل من الدهان
540,الاكل اتأخر عن معاد الفطار بساعة وانا كنت طالبه من الساعة واحده الظهر، خدمه العملاء كلموني قالولي الدليفري عمل حادثه هنعيد الاوردر، اتصلتب بيهم بتاع ٦ مرات عشان اتأخر مرة واحد يقوللي انا اللي طلبت متأخر ومرة واحد يرفع السماعة ويقفلها في وشي وكل مكال...
541,Food came cold ! And tasteless.. and i ordered 4:30 i received it 6:20 ..
542,المندوب راجل محترم و يستحق الشكر و التقدير
543,اللحمة بايظه وفيها دم
544,استنيت ساعتين و الاوردر مجاش و في الاخر خدمه العملاء يقولولي حضرتك استلمت الاوردر Very weak customer service and operation
545,الاوردر مجاش
546,حسبي الله ونعم الوكيل ..لم يصل الإفطار حتى الآن اخر تعامل معكم
547,ساندويتش الشيش طاووك عيش بلدي بجد حلو
548,الاكل جه بارد جدا ولحمة الفتة مكنتش حلوة خالص
549,الاكل زفر و الطعم سييء مش هطلب منكوا تاني
550,Was very cold and the chicken looked like it was not freshly made and heated
551,الشيش علية فحم ملتصق به المحشى معجن
552,الستيك كان محروق
553,Chicken is not cooked well
554,كاتبه كونت واضح بدل الفلفل بكوسه و بعتوا فلفل بس، حاجه منتهى الاستفزاز
555,سيء جدا والمشكله انها ريش بيتلو مع اني طالبه ضاني
556,المكرونة مش مستوية والفراخ المشوية محروقة وناشفة
557,الطيار قمة الاخلاق والأمانة والأدب فوق الممتاز
558,I ordered 2 orders of 1/3 fillets got one and 1/4 tarb not satisfied
559,Perfection
560,طلبت نصف كيلو صدور مشويه زي المعتاد جاءت الكميه اقل ارجو مراجعة الموضوع حتي لا يتكرر لأنه سبق أن طلبت ثلث بانيه وايضا جاء اقل من المعتاد
561,الاكل كان بارد جدا وصوص المشروم كان خفيف
562,وقت التواصيل متأخر... تغليف الطلب مكنيش كويس أكل بارد
563,ولا رغيف عيش مع الملوجية والطاجن
564,Why he took from me 450 and the total appears 400?????????????!!!
565,Very small portions
566,الاوردر جالي غلط كله.. طلبت boneless chicken وجالي فراخ مشوية عادية
567,Chicken was very fresh!
568,Six pieces of kebab .. three only edible… doubt they were all lamb🤔
569,expired food
570,الوزن اقل الصدور زفره ومليانه قراقيش وجلد وحاجه مقرفه جدا
571,some of the sautee was expired and did not taste good
572,No Lemon with the order! Gotta be kidding me!
573,Amazing
574,المكرونة كانت وحشة والحمام مفيهوش لحم
575,العيش مجاش
576,شكرا على بابا غنوج الي ما وصلنيش اصلا
577,الطعم رائع ولكن فيه سنة مرارة لا أعلم سببها
578,Food cold not hot
579,الفراخ نية والرز حامض.. بجد قرف
580,البطاطس وحشة فشخ
581,I found hair in the soup which is very unhygienic & unacceptable
582,The salads portion is very small
583,طالب الفرخه مخليه جايه كلها عضم
584,زفت الاكل بارد جدا جدا جدا وبيني وبين الفرع كليو متر
585,طبق الممبار قليل جدا وكذلك سرفيس المحاشي قليل وينقصه الكرنب
586,"Horrible, tasteless and rotten shish tawook!"
587,يحتاج اهتمام في شكل الطعام داخل الاطباق لكن الاستواء جيد ونظيف ومينسوش يحطوا لمون مع الشوربه
588,called restaurant twice and order not received for more than 2 hrs
589,كله كان حلو ولذيذ معادا سلسصة الفتة كان الثوم اقوى من كل مرة، لكن شكرا بشكل عام❤️
590,البطاطس و البفتيك و السمبوسة مليانين زيت ،
591,Delicious!!
592,u r good....perfect baa
593,The sandwiches were good but needed to come a bit fresher and glad that the salads are back to their normal sizes so overall the quality is beginning to slightly come up as it was
594,حلو اوى و الكفته طعمها تحفه و طريه😍😋
595,السوتيه كان فيه حاجه بتقرمش اكنو رمل .. ممكن من الفلفل الاسود .
596,"I ordered “Hommos” it’s a very well known salad, they sent me “REAL HOMMOS BEANS” imagine!!!"
597,Food was very good. Fast delivery.
598,الاكل جميل كالعاده بس الفراخ مش مستويه كويس زي كل مره
599,رائع كالعاده
600,كنت مستعجلة جدا و الاوردر اتاخر نص ساعه عن معاده
601,للأسف الأكل بقى سيء جدا وتحديدا فرع الميرغنى ومبقاش نضيف تماما
602,Rotten cucumber and no bread under the chicken
603,كان ربع صغير جداااا يعني
604,Portions were less than usual and the chicken wasn’t clean enough had a bad after taste
605,اللي خايف على صحته يشوف مطعم تاني، يومين وجع بطن من اكلهم.
606,Bad taste
607,طبق المحشي صغير جدا
608,Delivery was too slow
609,كان فيه قطعة لحمة من الاتنين مجلدة، وشوربة لسان العصفور كان اغلبها ماية على غير العادة
610,the pasta was dry and sauce was less than normal
611,للأسف أنا متفجاه من الجودة اللي وصلتني أنا كنت بجيب منكم زمان و كان الاكل نضيف و مستوي كويس و طعمه حلو ..المرادي الفراخ زفره و فيها دم مقدرتش أكملها أصلا مفيش تتبيله حتي او لسه متبله مش عارفة أنا أدتها للقطة اللي عندي مقدرتش و الللي كلته وجعلي بطني أ...
612,المحاشي المشكل والكفته حامية جدا مليانه شطه لا يدتصلح لمرضى ضغط أو قاولون أو اطفال او كبار سن ياريت اللي بيعمل الحاجات دي يراعي الفئة دي مش لازم الناس تأكل على ذوقه
613,Food eas a bit cold
614,مهزلة
615,Very bad and cold not hot
616,بقوا يستهبلوا في السلطات .. مرة أطلب ٥ طحينة يجيلي ٢ بس والباقي مخلل .. وآخر مرة أطلب ٣ طحينة يجيلي واحدة بس وحاجة آخر قرف
617,Not good
618,Food was great but the fries were cold
619,Thank
620,Not satisfied at all
621,الفراخ فيها دم
622,"The food was very terrible tasted so bad, there was no seasoning at all not even garlic, I had to throw it out"
623,I didnt get the baladi salad
624,Food was good but didnt receive the tahini
625,الفيليه كان مالح جداااااا
626,جالي تسمم منكو لله
627,The only problem is the slow delivery
628,الكفتة كانت حلوة اوي بس الحواوشي مكانش ليه طعم بس مخدوم
629,الحمام صغير جدا جدا دا عصافير مش حمام😡😡
630,أسواء مره اطلب الاكل يكون بالطعم ده بارد و الحمام عباره عن رز بس بجد حقيقي اسواء مره
631,Awesome!
632,always good.
633,الأوردر اتأخر جدًا
634,كل مرة شكل المرة دي اوحش مرة
635,Thank you
636,الطلب لم يتم اضافة طاجن بطاطس بالحمه
637,الشيش الفراخ زفرة جدا
638,The chicken was uncooked.
639,الكتف تحفة ولحمة دايبة وكبيرة تكفي ٤ علأقل وتستحق كل مليم
640,the food was almost cold
641,Ok
642,شكراً جزيلاً 😊
643,اسوأ فراخ فى الدنيا .. منتهى الزفارة و القرف
644,food was so bad and cooked improperly
645,مليانه عضم طعمها سئ جدا
646,الكميه صغيره
647,النص كيلو كباب وصل ٣٥٠ جرام، وكان بارد، انتم كده خسرتم عميل.
648,رز قليل أوى فى الحمامة و صغيرة
649,الارز بايت و حاطين كميه قليله جداً من مكسرات والكبده علي الارز و الفراخ ناشفه و محروقه و طبعاً تأخير الاوردر ده العادي
650,Very bad service.. order was too late Taste not nice and as expected
651,الرز سئ جدا
652,اخيرا بقدونس تحت الكفتة
653,الخضار كان غير سليم و الأكل وصل بارد
654,الارز بايت و الفراخ ناشفه و محروقه واضح انها قديمه و تم اعاده تسخينها و الاوردر اتأخر كالعاده رغم ان الطلب بسيط و الساعه ١ بالليل يعني مفيش ضغط
655,يعني انا بطلب من المطعم اسبوعيا كذا مره و اخر مره الاكل كان سيئ جدا جدا غير المتوقع الفراخ كأنها بايته كدا و مفروله و طعم غير كل مره اتقفلت من المحل بصراحه
656,The delivery was very late !!!!!
657,"lentil soup, molokheya and grills are great, hawawshi was not so good"
658,الطعام جيد
659,الوردر غلط جه،واحد صدر وواحد ورك وبارد
660,الاكل دايما يحي بارد
661,الأرز لم يكن فى طبق منفصل مثل ما طلبت
662,الكبدة كانت وهمية… جميلة و طعمة جداً جداً! تسلم الأيادي ❤️
663,تم توصيل الطلب للعنوان الخطأ
664,الاوردر كله جاي بارد و بدل الاسباجتي جه مكرونة فرن و بدل الفريك مسعقه و بقالي ساعة و نص مستنيه الاوردر الصح
665,الريش مكنتش حلوة زي كل مرة
666,اللاكل كان بارد
667,مطعم فاشل و بيسرق الميزان. الكيلو بتاعه يعني نص كيلو. مطعم مش محترم
668,The taste wasn’t that good maybe because it was hot and covered for a while
669,The shish tawook was not clean and it tasts so bad
670,نصف جيد نصف سئ معقول
671,الكباب كله دهون
672,الاكل كان برد
673,الاكل كان بارد و الفراخ مجلده و السلطه جايه خلط
674,Really good food
675,هو ده عدم مصداقية من المنيوز ازاي تحط ،rate عالي لمطعم كل الريفيوز عندك عليه زي الزفت ؟؟؟؟ نقلل ال rate عشان يكون فيه مصداقيه الناس بقت تروح ع برامج زي طلبات عندهم مصداقية وبينزل من المطهم اللي شكاويه كتير
676,Bread is not fresh and French fries was cold it’s first time I got bad order from El Dahan
677,الطلب وصل بدون عيش
678,اخر أوردر طلبته من عندكم كان نص كيلو كباب و كفتة من فرع مدينة نصر و جالي تسمم، بس عاملين فيها مطعم نضيف و انتو منظر على الفاضي
679,الفريك كان مالح بزيادة و ورق العنب مالح شوية
680,ساعتين علشان يوصل الطلب.
681,اسوأ حمام دوقتو الرز ناشف وبايت وكله بهارات جابت لكل اللي كل حموضة مكملش نص ساعه اول مطلبت الاكل كان عندي منتهى القرف استغفر الله الدهان بقا زي الزفا واسعار عالية عالفاضي
682,الحمام مش مستوي بدمه و شوربة الكوارع برده اسوأ اكل
683,boneless chicken had nothing but bones
684,دى كدة سرقة . الكمية قليلة جداً بالسعر ده . دى أول مرة اطلب الأصنأف دى وآخر مرة وكمان مش هاطلب من المطعم ده تانى . شكراً
685,"Very small portions, Molokaia was so loose & light seems like not fresh or reheated several times.. oven pasta is tasteless with no sauce & so tiny."
686,Chicken was very cold
687,Arrived late
688,الاكل دايما مش سخن مولع يبقى فاتر
689,الاكل حلو جداً
690,"The pepper sauce wasn’t done right , there was a bad smell in the chicken breasts . However i asked for extra fresh mushrooms and they didn’t add it to the cheque."
691,دلوقتي أنا طالبة صدور فراخ يعني الصدر مفروض يجي كامل ألاقي انه متقطع حتت صغيرة و مبعوته على العمووم حسبي الله و نعم الوكيل على عدم الآمنة و الاستهانه و مش كفاية دافعه service أغلى بس أنا الي غلطانه و عمري ما هطلب من الدهان تاني لاستتهانه الشيف بالطلب...
692,"meat with onion tagen is only 3 small pieces of meat, which is not even 1/4 kg"
693,slow delivery
694,المكرونةكانت سيئة جداً وناشفة عكس ما طلبت
695,الفراخ طعمها زفر و حتى لما بدلوا الطبق التاني بعتوها طعمها زفر
696,السعر الي دفعته غير السعر الي طلع نهاية الاوردر ما حسبش الكوبون تبع الخصم و كمان نسي اللمون مع اني طالب ملوخية و شربة فراح بالكريمة و مأكد على اللمون
697,We ordered garlic dip with the chicken and got baba ghanouj
698,الكبده الاسكندراني ملح زياده جدا
699,الاورد كله غلط وبارد واتأخر جدا ومفيش حاجه صح
700,الاوردر وصل بعد ساعتين و بعد ما اتصلت كتير و الكوارع مش نضيفه و ريحتها وحشه الشوربهو الملوخيه ساقعين السلطه مش فريش بقالها شويه في التلاجه واخده طعم و ريحة الغلبه البلاستيك و مجلده الديليفري اللي باعتينه كداب كل شويه يقول وصلت و هو موصلش
701,Normal
702,بشع!!
703,average
704,شوربة لسان العصفور جائت ساقعة بمعنى الكلمة لكن تمام سخنتها— قلت بس أبلغ… على جانب اخر شكراً على التوصية بدبس الرمان ، الفتوش كانت رائعة!!
705,Good food
706,one of the chicken pieces tasted weird but the rest were good
707,لو في تعليق
708,I received the pigeons with black feathers in it! Obviously it wasn’t cleaned well That was so disappointing and disgusting
709,Smal
710,غير جيد اطلاقا بالنسبة للمرات السابقه لا طعم وبارد ومتفحم كتير
711,الحمام كان سئ جدا ومليان شعر
712,الاوردر كان بارد والطعم سيئ
713,Very bad chicken quality with bad odour.
714,Chicken were rotten
715,جميل وصحي تسلم ايديكم
716,B
717,The food was too small and they added 6 pounds extra on the receipt
718,فعلاً الاكل تحفه وفيه لمسة طبخ بيت والفراخ لذيذه جداً تسلم الأيادي
719,الفراخ البانيه بها قطع مش مستويه
720,الاكل وصل بارده
721,الملوخية دايما باردة معرفش ليه. ايه مشكلتكم،
722,The bread was a little like it was not there and the meed over and have so many bones
723,طلبت كيلو كميته قليله جدااا استحاله وزنه كيلو
724,مخلل كان بايظ
725,المحشي حمضان
726,الاكل جه بسرعة فعلا بس مكنش سخن .. الفراخ والملوخية باردين مع ان شركتنا ف ظهر الدهان جنبيكو ب اقل من دقيقة مشي
727,The quality of food is not good at all
728,مرتين ورا بعض الاكل بييجي في حاجة حامضة المرة اللي فاتت قلت ممكن بالغلط عادي بس المرة دي كان ورق العنب
729,الأكل بارد - التتبيلة ضعيفة جدا في المشويات
730,اتاخر الطلب اكترر من ساعتين؟؟؟؟
731,bad taste
732,الفراخ زفره والطرب مش مستوي سيئ
733,تكلفة الطلب كانت مختلفة عند الاستلام وهذا كان غير التكلفة علي التطبيق مع الاسف ارجو ان التطبيق يحدث اسعاره اول بأول
734,يعني مينفعش طاجن مكرونه فرن جاي مزنخ حرفيا حاجه سيئه جدا جدا باعتين اكل بايظ فلوس بتترمي في الأرض
735,Fattah is very delicious but the portion of the large plate can barely fill to 2 personal plates
736,تنفيذ طلبات سريع و الأكل جيد و يوصى به
737,The chicken was overcooked
738,حجم الحمامه صغير جدااا و طعم الرز مش احلي حاجه و بارده عشان الديليفر اتاخر اصلا
739,؛
740,👍
741,صوص الفته خطير !!!! يتاكل بيه كل حاجه
742,الملوخية كانت باردة جدا اما باقي الاكل كان سخن .ياريت دائمآ تقديم الاكل ساخن جدا. شكرا
743,الفراخ صغيره ف الحجم جدا
744,الطواجن كلها بدون ملح تماما اللحمة مش مستوية
745,First time trying the meat okra — delicious!! Thank you Dahan and thank you ElMenus for good service ♥️
746,الاوردر جه ناقص أنا كنت طالبه وجبتين و جه وجبة واحدة
747,ساعتين للتوصيل
748,I got sick 3 hrs after eating.
749,suddenly i payed extra money!!
750,الأوردر موصلش بعد ساعتين ونصف!
751,"Restaurant asked for a 10 EGP above the order cost, and I don’t know why!!!"
752,الاوردر كان بارد
753,Order moussakaa with meat / was no meat at all. all order arrive cold French frie sogy and cold.
754,اول مره اطلب من الدهان الاقي استهتار بالنظافه لدرجة لقيت شعر في رز باللبن آخر ره هطلب من عنده
755,جودة محترمة ودليفري طلقة
756,حمام مشوي غالي و صغير، الاكل طعمه أسوأ من العادي بس الفراخ المشوية و الكباب كويس
757,اللكل كان زي العسل بس الملوخية كانت باردة جدا اما باقي الاكل كان مولع ورز الحمام كان نئ جدا ليه نئ؟
758,الأكل جميل وتحفه 🥰 والطيار محترم وذوق 🙂 من الاخر الدهان مطعمى المفضل دائما 😍
759,الكباب فيه دهون زيادة شويه الاكل فى المجمل جيد جدا
760,من أسوأ أنواع الكفته والله الكفته الوحده ملياااااانه عظم سيئ وتغليف أسوأ وتأخير
761,الطعام بارد
762,طلبت وجبتين والسلطة لكل وجبة بالا غنوج وصل سلطة واحدة وطحينة طلبت توست جالي تلات وشوش عيش محروقين من النص ونيين من الباقي ماتحمصوش كمية رز قليلة جدا للوجبة
763,الكبدة المشوية طعمها زفر
764,I don't like spicy
765,لم يتم الاهتمام بالملاحظات
766,الاوردر جه السلطة فيه غلط رغم التنبيه وقعدوا ساعة علشان يستبدلوها
767,Delayed delivery not well cooked chicken
768,شكرا جدا الأكل جيه في معادن والناس كانت متعاونة جدا
769,The delivery fees is too high!
770,للأسف الدهان أصبح في الفتره الاخيره دون المستوي
771,حسبي الله فيهم معندهمش ضمير و اسوء التجارب
772,شكرا و تسلم الأيادي ❤️
773,الاكل كان بارد جدا كله بارد
774,"Order wasn’t correct, they said they will exchange it"
775,"the chicken was not cleaned well and was filled with grilled skin parts, and the kofta was filled with a lot of fats"
776,جميييييل كالعادة 👏👏👏👏🥰😍😘🤩
777,الفراخ بانيه كانت لذيذه لكن مكرونه بلباشمل واللحمه حمضانه ليييه كدااا
778,chicken was very bad
779,The order arrived a bit late while missing an item.
780,المطلوب كان ٢ نص فرخه بالارز والحساب كان ٤٩٩ اللي حصل الاوردر وصل بدون الأرز والحساب كان اقل ليه اتغير بمزاجكم؟
781,مش وحش
782,للاسف رغم اني بشتري منه على طول و كان دايما محافظ على الجودة طلبت كوسة بالبشامل و للاسف جت بايظة و لا تؤكل !!
783,الكباب لما بطلب مشكل مش حلو زى ما بطلب كباب لوحده.
784,للاسف كان فى كود خصم ٣٠ جنية وجاء الاوردر بدون اى خصم مما اضطرنى لعدم الاستفادة بالخصم
785,لذيذ شكرا
786,العيش في الفتة كان فيه منه ناشف يكاد يكون محروق والكوارع في الشوربة كان فيها قطع سودااء
787,I'm shocked!!! ordered a boiled chicken yesterday and it was literally flooded with blood everywhere!!!!! disgusting experience
788,Cold fries
789,بحبكم 🤍
790,Very nice restaurant and tasty food and good hospitality from all staff engy and galal
791,Late delivery is really bad
792,الأكل بارد
793,الطعام قليل جدا بالنسبه للسعر
794,الأكل جميل بس حجم الحمامه صغير وطلب الممبار صغير،،، في الاخر فعلاً الأكل طعمه حلو
795,Perfect 👍
796,They brought the wrong sandwich
797,Promo code didnt activated and i see it after the order is delivered
798,The chicken tastes good but exceedingly marinated so it tastes spicy 🥵 The baba ghanoub was good but probably it reached me damaged . tastes good but smells bad
799,الفطير طعمه سئ جداا وحادق جداا
800,زفت علي لآخر ناقص اكل كثير و دفعت الحساب كامل الله المستعان الله يهديهم
801,واخد زياده عن المبلغ اللي ظاهر ف الابلكيشن
802,the food is very bad
803,Tasty food
804,harrasser
805,كله كويس بس الكمية لا تكفي
806,ما
807,سلطه الزبادي بايظه
808,الاهتمام بنظافة الفراخ مبقاش زي زمان 👎 و في تعنت كبير تجاه اوردراتي
809,الفراخ تتبيلتها مش باينه وناشفه حبه
810,Clean
811,طلبت طاجن أرز معمر بالحمام، بس الي جه برام حمام بالفريك بطبقة بشاميل عالوش. للاسف طعمه مكانش حلو و عكس التوقعات
812,"quality of kebab was full of fats and over grilled to be burnt. soup had dooo much black pepper, it was spicy."
813,طلب عكاوي عبارة عن بصل و بصل و بصل مع ٢ قطعة عكاوي صغيرة. مع ان الثمن ٤٠٠٠ جنيه
814,wrong items
815,الفرخة المحشية كانت سيئة .. الأرز حواها جزء معجن وجزء مش مستوية .. والفرخة فيها حتة فيها دم كتير في اللحم نفسه
816,رميت السطله و الشوربه كانوا بايظين
817,order was late by 25 min
818,البانيه المقلي ،،مجلد كانك بتاكل بلاستيك علشان اتسخن مرتين و ده أمر غير مقبول خصوصاً علي اسم مطعم المفروض أنه كبير زي الدهان !! الفراخ المشويه بيبقي فيه اجزاء فيها دم . i believe i no longer place orders anymore
819,the breast chicken wasn't not cooked well!!!! that was disgusting
820,كمية العيش بقت اقل من قبل كده ☹️
821,للاسف المطعم نسي يحط الطحينة مع الاوردر
822,الاكل كان سئ جدا
823,عايزة أعرف أربع صوابع كفتة صغيرين يطلعوا نص كيلو إزاي إلا إذا بتقصد النصف كيلو مع شوية الأرز الصغيرين بردو
824,Special request ignored
825,Ordered meat sambousak received cheese
826,لأول مرة الاكل وصل مالح جدا وفيه طعم مش لطيف
827,درجة الحرارة
828,الاوردر جه مقلوب وفيه تراب على الباكينج والملوخية مدلدقة وتأخير الاوردر تعدى ٢ ساعه
829,الطعم جامد ونضيف جدااا جدااا والتوصيل سريع وسهل
830,بصراحة الكل تحفة وصوص حكاية
831,Lamp chops and kabab was very bad and not eaten not recommended
832,البطاطس مش فريش وغير متبله مفيش كاتشب صلصلة المكرونه زياده جداااا مغطيه ع المكرونه وكمية المكرونه وحجم الكريم بروليه قليلين مقابل سعرهم
833,اوردر سئ الجودة مع العلم انى كلمت المطعم اول ما عملت الاوردر و اكدت عليهم يتأكدوا من جودت الطعام
834,الاوردر ناقص ٣ سلطات
835,المحاشي سبايسي و صعبه على أصحاب الضغط و الاطفال
836,Needs more flavor
837,لذيذ وطازج
838,"I ordered grilled chicken and got chicken kofta, however the quality was good."
839,Meat taste is so bad
840,نيفا مش مستوية من جوا. النيفا اغلبها دهن ايوة. بي االى جالى كان دهن بس. اوحش طلب عملته من الدهان.
841,الاكل وحش جدا و بايت و محروق
842,the packaging is awesome. the food is so delicious& fresh ❤️
843,الطحينة مجاتش
844,Food spicy
845,"The invoice of el menus was not the same in amount as the invoice of the restaurant, I paid the restaurant invoice!!"
846,الملوخيه وصلت ساقعه كانها كانت ف تلاجه و ماتسخنتش حتي!
847,التومية حمضانة ومتخففة ولونها مقزز
848,الاكل كان بشششع
849,الكفتة كانت بتعضعض اوفر بصراحة
850,اسؤ بانيه ناشف وقطع صغيره متجمعه
851,ورق الورق عنب ناشف جدا ومش فريش
852,السلطة حمضانة
853,الشوربة وصلت باردة جدا ... طاجن مكرونة الفرن الفخار كان مكسور .. واضح أنه وقع والشوربة كان مدلوق منها شوية في الكيس
854,"Order was very late, food was not hot, one of the chicken thighs was not cooked properly it was pink and had blood inside it."
855,مطعم محترم اتمني الاستمرارية علي نفس المستوي
856,"one of the chicken pieces was rubbery could not chew at all and obviously chicken gone bad, unedible and health hazardous!"
857,H
858,كتبت ان الخضار المشوي يبقى بصل بس و لم يتم التنفيذ
859,الفراخ البانيه جت مشوية.. والعلبة بتاعة محشي كرنب مفتوحة
860,غالي عالفاضي
861,Great and please keep it up
862,الفراخ كانت ناشفة جداً كأنها مطبوخة زيادة و كمان متسخنة ميكروسف… أول مرة تيجي مش فريش و (استغفر الله) وحشة كده… بس الشوربة كانت رائعة كالعادة الحمد لله.
863,الكمية قليلة بالنسبة للأسعار غير كده جميل
864,الكبده فيها عروق كتير
865,الاوردر وصل ناقص الملوخيه والدليفرى قالى هبلغ الفرع يبعتلك ومحدش بعتلى حاجه او أتواصل معايا حتى
866,h
867,The filetto meat was very bad and undercooked and liver was smelly
868,الفراخ مش مستويه
869,الاكل عامة حلو، النيفة حتت الدهن اللي فيها اكتر من اللحم، الرز المعمر مفيهوش ولا رشة ملح او توابل خالص. المشويات ممتازة والفريك من اجمل ما يكون
870,طعم كفتة الدجاج سئ وكلها توابل
871,الرز كان مش مستوي و الطلب الي انا طالبه اصلا كان حمام يعني كله المفروض بيكون رز و حاجه في منتهي السوء و انا طلبت السلطه تكون بابا غنوج و محطوط سلطه طحينه…… و انشاء الله هيكون اخر تعامل
872,الكل حلو بس كميه الرز قليله جدا
873,اتأخر جدا
874,الكفته كانت اخدت سوى زياد و محروقة من جنب واحد
875,the skrews was inside one of the chicken sandwiches!
876,زي القرف
877,الحواوشي محروق مزيت ووحش
878,تأخير جدا في الطلب
879,الاوردر ما وصل اصلا
880,The food was rough to eat specially the pigeon and was very cold
881,"There was a stone kn the food, broke part of my mollar."
882,الفاتورة تم قطعها من الطلب ولم اتمكن من المراجعة والاستلام
883,سلطة الهريسه مريحه لتاني مره
884,Yogurt salad was expired
885,اوسخ فرع كا كوالتي اكل و كا تاخير التوصيل بجد الدهان في منو فروع مبوظت اسمو و بجد عالم مستهتره و كمان الابلكيشن هنا مستهتر مش مهتم زي ما هما بيقولو
886,"Taste was not good , chicken were not grilled"
887,the salads are bad 👎 and chicken not able to eat it. not well grilled
888,ابقى خلي عرة و الفلسطن الانجاس ينفعوك انا لن ادفع مليم لمطعم يساعد الفلسطن
889,الاكل جه متاخر جدا والطعم مش حلو وكان فى طحينة ناقصة
890,الفراخ غير مطهية بالكامل
891,المشكله في سرعة التوصيل
892,the salad was not what I ordered
893,الاسكالوب كان محروق
894,food was cold and there were very little spices
895,الأكل اكثر من رااائع
896,a little bit raw
897,The Baba ghanoug was half ate
898,Shish tawwok mkansh mask nafso keda w el filling msh ahsan haga Fattosh msh ahsn haga
899,the order didn't arrive I called the hoteline twice and they confirmed it's out of the branch
900,Burned chicken no mozzarella bread is not fresh the only thing was ok was the garlic dip
901,ordered a hummus salad and got a tahini salad
902,Small portion
903,food is good but i get half the quantity that my friend get when he orders
904,I found a hair in the food!
905,الاوردر وصل بعد ساعة ونص وكان ناقص كمان سلطة طحينة
906,Liver was very bad
907,البطاطس اللي تحت الحمام مزيتة جدا و وحشة اوي و رز الحمام مزيت اوي برضه! الطبق كان حرفيا بيخر زيت! الدهان ماكانش كدة و كنت بروح دايما فرع اكتوبر اللي في فاميلي مول و كان ممتاز.. ماتخيلتش ان الجودة تقل كدة!!!
908,الفطيرة عبارة عن عجين بالبن وراحت على الزبالة
909,تأخير وصول الاوردر ده
910,I ordered a boneless chicken and that was not what I received.
911,الاوردر غير مظبوط. وصل ربع فراخ شيش بدل من ربع الكفته.
912,للاسف كنت بحب أكلك و كنت بحترمك كمنتج مصري محترم بس للاسف ابقى خلي عرة و الفلسطن ينفعوك تتحرق عرة و يتحرق الفلسطن بأوسخ جاز
913,الملوخية حارة جدا
914,محدش عنده تمرين محدش عنده فهم مشغلين بهايم يلا حسبي الله ونعم الوكيل
915,طلبت بوضوح ان المسقعة تكون من غير بطاطس والمطعم تجاهل طلبى ومش بس جاب المسقعة ببطاطس ده جابها ببطاطس صوابع غالبا كانت معمولة وما طلعتش مع اوردر يعنى قديمة
916,الريش وحشة جدا و مش مستوية كويس و متقطعة كبيرة جدا
917,الارز كان فيه شعر و الدليفري اخد وقت كبير و دي مش اول مره
918,الاوردر وصل بعد تص ساعة من الميعاد المحدد على الابليكشن وبارد والعيش مجلد بكل اسف على غير ماتعودت عليه من الدهان تماماً
919,perfecto
920,قطع بواقى صغيره مش زى كل مره
921,El dahan is the worst food experience I have ever tried taste is not good . Before I made the order I get confirmation that I got ten Egyptian pound but the restaurant asked me to pay extra money which is inappropriate they are scammers.fuck off
922,أحلى موزة بتلو 👍
923,Stomach Ache for the second time!
924,الاكل كان كويس جداً بس حصل تبديل في السلطه انا طلبت سلطة ثوميه خزياده فوصل بدالها سلطة طحينه او بابا غنوج الباذنجان كان سئ بصراحه ولاسع كمان
925,ممتاز جدااااااااااااااكالعادة 😍🥰😋
926,اللى بيوصل اخد ٤٠٠ جنيه و قال هيعدي يجيب الباقى و مجاش تانى
927,The fillet tasted meh nothing special and looked so weird
928,Excellent experience as usual
929,Price
930,وهفضل دايما اقول، الدهان المطعم الوحيد اللي فعلا بيقدم اكل صحي. الفرخة المسلوقة والرز المسلوق والخضار السوتية قمر 🤍
931,I got food poisoning from zeft el dahhan. I hope u remove him from elmenus
932,The chicken was too small
933,The two salad were delivered without the sauce.
934,The pasta salad was too dry it needed a sauce with it
935,The chicken was clearly not fresh & was heated for delivery and that’s it
936,..
937,ممتاز 😍🥰😋
938,wont order again late delivery and missing items
939,المحشي المشكل ورق العنب مش ملفوف كويس والمحشي كبير جدا وهو واحدة كوسة وواحدة فلفل و٣ ورق عنب الكرنب مفكوك من بعضه هو الميزة الوحيدة الطعم المسقعة حلوة جدا
940,The chicken was raw
941,حواوشي بارد وطعمه مكنش حلو
942,Not fresh and spicy
943,ممتاز جدا
944,بحب الكفته بتاعتكوا جدا . بس الديلفرى غالى مع انى قريبه من المطعم.
945,الفراخ البانيه كانت ناشفة.
946,Tynx
947,Saute not fresh at alll
948,1. طلبت محشي فلفل جالي كوسة على بتنجان على ورق العنب. ٢. طلبت سلطة زبادي محاسبني عليها في الفاتورة وما بعتوهاش اصلا ٣. شوربة لسان العصفور هي تقريبا مرقة لسان عصفور مافيهاش اكتر من ٢٠% لسان عصفور ٤. لم يتم الاعتذار عن سوء الخدمة المقدمة معدش فيه أمان
949,الاكل كان مملح جدا
950,علبه الرز مكنتش مقفوله كويس ف الشنطه كان واقع ف رز نتيجه ل ده .
951,the rice was sticky and cold and the chicken was very cold and raw I will not order again 😒
952,The chicken wasn’t clean enough there was bones inside it
953,خدمة عملاء سيئة جدااا
954,The food was excellent as always but delivery took a lot longer than I expected.
955,الاكل جه بارد شويه عن كل مره
956,الاكل كان سبايسي بزيادة مجرد شطة و خلاص و مكنش في اوبشن بارد او سبايسي بس الاكل كان حلو و سخن
957,The rice looks like it was eaten before
958,مش معقول مستوي السندوتشات العيش فاض
959,المشكله ان ريحه سولار الموتوسكل طالعه في الكيس
960,المكرونة كانت طعمها مش حلو م ش فريش مزنخة شوية
961,خطيير
962,The rice got spilled
963,تاخير التوصيل اكتر من ساعة ونصف
964,Extra delivery fees
965,"Worst grilled chicken I’ve ever tasted, i puked after. It was raw and unclean, horrible"
966,I ordered the rice pudding with nuts but got the rice pudding with fruits
967,اول مرة يطلع ورق العنب فوق الممتاز وملفوف بشكل كويس ومهندم كل مرة بيبقي مبهدل ومفكوك
968,الكفتة و الحواوشي مليان قطع عظم صغيرة الريش مركونة مش فرش
969,But it was late almost an hour
970,اتأخر جداا
971,panne was too oily
972,اسوء مرة طلبت فيها الأوردر... كان يوم وقفت عرفة و طلبت الأوردر الساعة 5 و المفروض ميعاد التوصيل كان 6 ونص و وقت اذان المغرب كان 7:58 الأوردر وصل 8:30 بعد الأذان ب نص ساعة ومكنش حد بيرد عليا ولا بيتجاوب معايا و آسوء دليڤرى شوفته فى حياتي واسوء شركة
973,كان فى مشكلة فالحمام و اول مرة
974,1
975,هو الديلفري اتأخر شويه بس الفراخ كانت مستويه و متبلة كويس المرادي
976,very bad attitude on the phone not polite at all .
977,الاوردر مجاش غير بعدها ب ساعتين و نصف
978,الاوردر ما وصلت ومش هستلم
979,متأخر ساعتين
980,Portions were less than usual. Special request disregarded
981,very slow delivery
982,انا طالب طاجن لاميه وصلني طاجن شوربه خضار
983,The bread was really bad as it was left overs by someone
984,طاجن البطاطس مش حلو واللحمة فيه قليلة جدا
985,الاوردر اتاخر اكتر من ساعه عن ميعاده
986,بعتولي 200 جرام بدل نص كيلو و بعد اما عملت شكوي بعتولي الفرق و كأن الواحد بيتنقط و مشغلين شوية حرامية عندهم في المطبخ بيسرقوا الميزان
987,تمام
988,Great food quality
989,portion so littile for soup .. and chicken vert small.
990,food was not fully cooked and Bram was filled with cooking broth(as if it was not left to cook and for the broth to evaporate)
991,الطعم ناقص توابل والحمامه حجمها صغير
992,الفرخة صغيرة
993,طريقة الفراخ المشوية الاولانية احسن من الطريقة دي
994,الشوربه مليانه زيت ووحشه جدا + الكبده جات رفيعه جدا وصعبه المضغ وعليها زيت علي الرغم اني كتبت ملحوظه انها تكون دايت قد الامكان بس مفيش فرع في الدهان بيبص علي الملاحظات
995,السلطة كانت سيئة
996,Very very very bad quality of meat and rice Will nerver order from ELDahan again VERY BAD Customer service unprofessional
997,هو للأسف طلبت صدر ، جالي ورك
998,حلو جدا
999,Bad that time
1000,الكفتة دايما مش مستوية كويس
1001,Wrong order and there’s a a hair in the chicken!!!
1002,كميه الفراخ قليله جدا جدا جدا جدا جدا جدا
1003,Good food especially the Mollokhyah side dish
1004,وجبه محترمة
1005,اكل بارد
1006,grilled chicken tasted bad
1007,بقى سيىء جدا للأسف
1008,الكفتة حلوة اوى.. وشوربة الخضار حلوة اوي.. ولكن الحمام بالفريك متوسط وكنت اتمنى يكون احسن من كده
1009,On time
1010,الاكل وصل متأخر وبارد والفراخ متفله وقديمه
1011,التطبيق طلع سعر والمندوب طلب سعر تاني ولم يتم تطبيق كود الخصم ومش اول مره
1012,الملوخية حلوة والارز اما الفراخ كان طعمها غريب غير المعتاد
1013,Liver was not good and kabab was not good as well
1014,The meat was not good
1015,كمية الارز لا تكفي حتى طفل
1016,not grilled well
1017,الطعم حلو بس يكون افضل لو بدلو البطاطس ب رز بخلطه الحمام
1018,سلاطة الزبادي كانت بيظة
1019,Beautiful food
1020,لا تحترموا العملاء نهائي ، ولن يتم التعامل أسوأ خدمة بالمعنى. الحرفي
1021,أسوء مره في حياتي أطلب من الدهان يعني أي أبقى طالبه ساندويتش بانيه ب 96 جنيه و يجيلي صغير جداً و مش زي الصوره حتى و طعمه مش حلو و السمبوسه بالجبنه معروفه أن سمبوسك جبنه يعني محشيه موتزاريلا و هما مش كاتبين غير أنها بالجبنه بس لما تجيلي أتفاجأ بالكيري
1022,Delivery was very late and order was missing salad
1023,المطعم كل مره بيتحسن اكثر من المره الي قبلها حقيقي برافوا
1024,was charged more than the value of the actual order since the restaurant delivered the order by themselves not el menu's
1025,Rice portion is very small in 2 meals
1026,Quality and taste veryy low Delivery too late more the estimated time Very bad experience
1027,"Very bad and worst attitude from custmer service , missing order"
1028,الكميه للأسف قليلة بالنسبه للسعر وخصوصا المحشي المشكل جايب واحد باذنجان وواحد كوسه وواحد فلفل و٢ ورق عنب ومش عارفه ليه حاطط ورق عنب مع ان ورق العنب بيتباع لوحده
1029,شوربة لسان العصفور كانت تقريبا مياه شوربة ولسان العصفور قليل جدا
1030,ليس توست فقط عيش بلدي ناشف - الاوريو كريمة كثير كيك قليل جدا
1031,الاكل كان ناقص والعيش التوست كان عليه عفونة
1032,they didn't follow the notes on comments box
1033,للاسف الفطير المشلتت سئ جدا ماكنتش اتوقع جوده متنديه كده من الدهان و سعره غالي مش رخيص بالمقاره بمطاعم تانيه كتير الفطير عامل زي فطير الافران البلدي سى جدا جدا جدا
1034,ماينفعش بعد ما رفعتوا الأسعار بالشكل دا ييجي الأكل بارد وبايت بردو
1035,الفراخ سميكة وفى قطع مش مستوية من جوه
1036,الاكل بس مكنش سخن
1037,"I’ve ordered food for my friend and paid by credit card, the delivery guy mentioned that the order should be paid in cash and he has taken the money “270 LE” and left!! My friend called me back to know if it is in cash or credit, then he knew that it..."
1038,مطعم سئ للغايه
1039,Very bad taste
1040,المطعم الوحيد اللي فعلا عمل حساب اللي بعملوا دايت
1041,كويسه بس طلب مني فلوس ازيد للتوصيل معرفش ليه
1042,perfect
1043,الاكل كان حلو ومستوي كويس ومش ناشف
1044,Best Shish Tawook sandwich I ever had! Delicious!
1045,الملوخية كانت باردة والارز كمان بارد اما الفراخ كانت سخنة مولعة.
1046,الكميات قليلة جداً
1047,Food spicy and i didn’t request my food spicy
1048,Very bad meat
1049,اوحش اوردر جاني وتم استبداله وعندما استبدل جه ناقص في الميزان ولما كلمت الهوت لاين في المره الثانيه قالي عادي لما يكون ناقص في الميزان وكلام غير معقول لانه بانيه مش مشوي عشان ينقص في الميزان يعني في البدايه جله اوردر مقطوع منه قطعتين بالأسنان
1050,نسي سلطه الطحينه
1051,الاوردر جاء بعد ساعتين
1052,طعم مش حلو
1053,كفته وحشه اوي بجد اول مره اطلبها طعمها يبقي سئ جيدا
1054,الحواوشي طعمه غريب مش مضبوط وتقيل قوي
1055,الدجاج بدون لحم يعتبر ... نص فرخة معضمة جدا .. شيء سيء للغاية
1056,جميل جدا والله وتسلم الايادي
1057,الدليفري وصل متأخر جداا جداا جداا
1058,الرز كان ناقص ملح
1059,Not well cooked
1060,Found plastic in the meat
1061,الميزان مش مظبوط الاوردر المفروض ٢٥٠ جرام و جالي ١٧٠ جرام بس ياريت يجماعة تخلوا بالكم وتراجعوا وراهم الميزان
1062,زى الزفت بجد كواليتى الاكل سيئة جدا الرز فى زلط و حتى ملوش طعم و الفراخ نية و السلطة بجد سيئة و ريحتها مكنتش حلوة حتى كان جى متأخر مش أول مرة اجيب من عنده بس آخر مرة طبعا
1063,الكبده الاسكندراني وحشه جدا
1064,الملوخيه كانت بارده والفرايز اللي جايه مع الاوردر ناشفه جدا كأنها بلاستيك اترميت كلها
1065,الرز كان سئ جدا ومش مستوي تجربه سيئه
1066,اول مرة اجرب الفتة بالموزة الضاني، الموزة كانت ممتازة بس الفتة اي كلام خالص.. الدمعة دسمة جدا بس كميتها لا تكفي للرز ومعليهاش خل اصلا.. توقعاتي كانت اكتر بكتير وخصوصا بالسعر ده ٥٢٠ ج بس بصراحة خيبت امالي.
1067,طلبت في التعليمات إن الخضار المشوي يجي متقطع وبصل وطماطم فقط. بعت لي البصلة والطماطم زي ما هي صحيحة ومعاهم ٢ فلفل أخضر. يعني قلة احترام للعميل وبيعاند في سمعة المحل!!!
1068,الاكل حلو بس ليه الوجبه مكتوب فيها رز لكن جه معاها بطاطس بدل الرز
1069,حلو جدا جدا وبجيب الاوردر ده يوم بعد يوم من جماله
1070,اللحمة شبه نية وزفرة والفراخ زفرة والمكرونة طعمها غريب وبصراحة مايستهلش الاسعار ومستوى جودة الدهان فرع المعادى تدنى بشكل واضح.
1071,Excellent 👌👌
1072,My promo code was successfully applied but mistakenly my credit card was billed with higher charges
1073,السلطه ( الباذنجان) مجاش
1074,El feteeeeeeeer …. WOOOOOOOOOOOOOOOOOW
1075,الطيار بعت أنه وصل و هو كان لسة مجاش و جه بعدها بكتير😡😡
1076,I received my order fresh and hot
1077,تاخير 45 دقيقه غير مقبول نهائى
1078,بس بردوا مفيش أكياس الملح مع العلم ان الهوت لتين قال جميع اوردرات حضرتك هيتحط معاها أكياس الملح
1079,i got a pigeon and i throw up right after
1080,الصراحه السعر كتير ع الاكل الحمام طالع مع وحدتين بطاطس بالعدد والفراخ طالعه لوحدها يعني حتي مش هاين عليهم يطلعو حبه بطاطس محمره مع كا فرخه ولا كل فرده حمام
1081,الفراخ جت نصها نية
1082,الاكل لذيذ مع عليه كلام والتوصيل كان في الوقت المحدد
1083,شوربه الماشروم كأني شربت لبن بودر و المخلل في طعم كأنه عفن او بايظ
1084,Food was bad
1085,طب منتهى الصراحه الاكل كان سيء للاسف واقسم بالله اني رميت حمامة كامله ونص الكبده مع العلم ان الكبده كانت ربع كيلو تخيل ان رميت نصها او ما اخذتش منها غير حته
1086,ورق العنب للمرة التانيه غير منسق وحجمه كبير
1087,في المرتين البانيه عادم بدون ملح وكانوا بيحطوا مع المعالج والشوكولاته بوادي ملح وفلفل زمان بطلوا طيب فرضا انا هاكل ف عربيتي أو في محلي أو شغلي ليه بقي مفهوش ريحه الملح
1088,I ordered a half boneless chicken and received an ordinary half chicken with its bone
1089,Food quality was not fresh
1090,اكثر من رائع
1091,لكم جزيل الشكر
1092,Salad taste was not good
1093,Portions are very small
1094,"The Escalope was horrible, it was marinated in so much limón that masked even the flavor of the meat. And the meat was cut paper thin. The worst Escalope I have ever had."
1095,High quality
1096,كله ممتاز وساخن
1097,The soup and kofta had a lotttttt of salt.
1098,The is no rice and it’s so bad
1099,رفضوا توصيل الطلب
1100,جميل
1101,soup with very little amount of chicken in it as compared to its price...
1102,N n
1103,the order took 1:40H to be delivered! so I had to cancel it.
1104,الطعم وحش جدااا مكرونة بشاميل ناشفة وطعمها وحش والمحشى وحش جدا والورق عنب الصباع كبير وطعمه وحش والكميات كمان قليلة جدا ع سعر
1105,الحمام كان محتاج يبقي اكبر و يستوى أكتر شوية غير كده كله طان جميل قوى
1106,الفريك كان حادق جدا وفيه طوب صغير كان هيكسر اسنان اولادي... مش معقولة الاستهتار بالناس كدة
1107,الدجاج لم يكن مخلي ١٠٠٪(مثل الدجاج المسحب على سبيل المثال) و بعض القطع كانت مشوية بزيادة غير ذلك الأرز ممتاز جداً الطحينية ممتازة جداً و الدجاج ممتاز
1108,Everything was great but the mixed mahshy platter wasn’t eatable and the portions wasn’t mentionable
1109,الكفتة طمعها سيئة اغلبه دهن، الرز مليان ملح بشكل مبالغ فيه جداً ، تجربة سيئة والسعر مرتفع جداً ، التغليف جيد وياتي معه ملاعق
1110,طاجن اللحمة بالبصل عبارة عن لحمة مسلوقة و عليها بصل ني !! و الفراخ مفيهاش اي تتبيل و الباباغنوج حراق جدا مستواكم بقي سئ جدا
1111,الرز معمر سادة غالي جداً واضافة الى ذلك كمية الملح عالية اوي ، الكفتة سيئة جداً جداً جداً ونص كيلو كفتة بيجي معاه رغيفين عيش ، اسوء مطعم مش ناوي اجربه تاني
1112,الطعام بارد جدا
1113,الرز معجن والفراخ مليانه فلفل اسود كتير
1114,Ignored the comments
1115,Thank you!)
1116,السعر اتغير - الاكل مظبوط وحلو
1117,الملوخيه طعمها سجاير كأن اللي بيعملها موقع فيها طفي سجاير وطعمها أسوأ مايكون كأنها مطبوخه في طفايه سجاير
1118,الأوردر موصلش و الفلوس مرجعتش
1119,Missing fries and bread. Good was cold
1120,سيئ...........................................................
1121,الاكل بارد ومجلد
1122,روعه بصراحه أكل الدهان حقيقي يستاهل كل جنيه بيتدفع فيه
1123,لم يتم الاهتمام بجودة الاوردر. الاكل بارد جدا ولم يتم وضع المشويات على بقدونس وكانت على عيش مهري. دايما مفيش مستوي جيد في شهر رمضان
1124,food was cold.
1125,في رمضان والطلب ما يوصلش دي مهزلة
1126,الاوردر ما وصلش اصلا
1127,Received the order late and cold !!
1128,منتهي الاستهبال و الاكل جاي بارد و ازاي اوردر ب 1500 باعتين معاع رغيفين عيش مش فاهم تيجي ازاي بصراحه
1129,منتهي الاستهبال طالب اوردر اون لاين ب الف ونص باعتلي معاه رغيفين عيش و الاكل كله بارد
1130,وقت التوصيل تمام ولكن طعم البانيه ليس مثاليا نعمله منزليا افضل بكثير
1131,اخذ الباقي
1132,the worst Chicken I've ever had ... part of it uncooked. I threw it away for real
1133,it was very small portion and not cooked well
1134,المطعم الغير محترم طلبت اوردر قبل الفطار بساعه وشوية وقبلوه والوقت للتوصيل كان ٦٠ دقيقة وجيه الفطار وعدى كمان تلت ساعه والاكل موصلش كلمت الدعم قالولى بيجهز وطالع حالا يافندم علشان نحافظ ع كواليتي الاكل اتاخروا شوية وجالى الاوردر بعد الفطار باكتر من ...
1135,late delivery and kofta portion is very small
1136,ممتاز ونظيف جداا
1137,الربع فرخه مش مستويه وفيها دم البانيه ناشف جدا
1138,Cold and bad
1139,الاكل موصلش العنوان مكتوب الشيخ زايد راح اكتوبر ولاةفي مراعاه للصيام ولا احترام للمواعيد تجربه سيئه جدا جدا من مكان غير مؤهل
1140,"This was the worst experience I’ve ever had , i made the order 4:45 it was accepted and the order amount was deducted 4:57 and it says delivery 60 minutes, it was delivered 6:57 AFTER 2 hours and 15 minutes, i talked with the customer service 4 times..."
1141,food quality was awful
1142,الفراخ ماكانتش مستوية كويس
1143,المكرونه مفهاش ذره ملح
1144,الاكل وصل بارد جدا جدا جدا جدا جدا جدا جدا.. البطاطس كانت معجنه و تقطيعها وحش جدا و طبعا بارده جدا
1145,حقيق فاشل في رمضان الاوردر واصل ناقص نوع سلطه مجاش كأنهم مش اخدين تمنه ولا مبقششين علينا بيه …. كلام فاضي الفرخه المشويه ناقصه سوا وحمرا من جوا يا خساره سنين الخبره
1146,I haven’t received my order
1147,شوربه الخضار سيئه جداااا كانت معموله بمايه وطعمها وحش اوووي
1148,امبارح طلبت نص فرخه مشويه وشوربة خضار .. الفراخ حلوة لكن شوربه الخضار سيئه جدااااااا معموله بمايه وطعمها كان وحش اوووي
1149,Food was cold and delivery is very late
1150,Billed more than the price on the app
1151,الارز داخل الحمام ني
1152,it was very cold and the salad was not fresh and smells bad
1153,didn't receive the order
1154,قليل جداً
1155,order was never delivered
1156,طلبت الكبده ويل دون جاتلى مستكاوي
1157,vine leaves were dry chicken wasnt boneless as per our order
1158,تعبت من الأكل جدا وجالي نزلة معوية!! ده اللي المفروض ان الواحد بيجيب منه عشان اكل نظيف !!!
1159,i didn't receive the order and not refunded i need to be contacted please
1160,لكن السلطه الخضراء الطماطم فيها طعمها كان بايظ للاسف
1161,Order didn’t arrive
1162,الاكل اتأخر جداً ووصل بارد و طعمه وحش جداً تجربه لن تتكرر
1163,Haven’t received my order yet!!!!
1164,مطعم سئ جدا و الاكل طعمه وحش و غالى على مفيش
1165,الرز المعمر بشع واللبن ال معمول بيه بايظ تقريبا
1166,الاكل كلو جميل جدا بس الريش بتشد شويه
1167,الاكل حلو ووصل قبل معاد الفطار بس كان فيه دارك شوكلت ماجاتش..وخدمة عملاء الدهان مشكورين انهم بعتو الي الاوردر الي ناقص علي طول متأخروش بس بعتولي وايت شوكلت مش دارك شوكلت زي ما طلبت بس معجبتنيش للاسف
1168,الفراخ البانيه كلها نايه وتخينه اوى حته مش بتتقطع اترمت كلها
1169,اسواء وجبة ممكن تتاكل في الدنيا
1170,الاوردر جاي من غير طحينة
1171,الاكل شيء جدا اترمي كله والله لو فيه صفر كان حطيت قرف قرف قرف
1172,التتبيلة مالحة
1173,سيييءءء جداااا والمحشي مش نظيف و فيه تراب والرز بالمحشي ناشف كانت اسوء تجربة من الدهان
1174,كمية غير كافيه
1175,order arrived 40 minutes after Maghreb. This is not ok.
1176,الاكل بارد ووحش جدا
1177,الحقيقة الاكل سئ انا رميته للقطط والكلاب ومدفوع فيه فلوس كتير جدا اخر تعامل معاكم لان دى مش اول مرة الاكل ييجى كأنه فاسد
1178,The weight of mix veal wasn’t 1/2 kilos
1179,الوزن أقل كثيراً من الطبيعي
1180,كمّية دبس الرمّان أقل بكتير من المعتاد، فالفَتّوش مكانتس حلوة
1181,طلبت ثلث كيلو فيليه مشوي وصلني قطع لحم غريبة الشكل ناشفة جدا و مليانة دهون و الوزن الصافي كان ٢٢٠جرام
1182,Order has been canceled due to late delivery
1183,الاكل اكتر من رائع والتوصيل ممتاز والطيار قمة في الأحترام كل شئ فوق الممتاز
1184,الرز الي فالحمام مش مستوي كويس وطعمه سئ اول مره اجيب منهم حمام وحش كده والملوخيه كانت وحشه جدا تقريبا بايته وحاطين عليها ليمون عشان يغطي الطعم
1185,"Terrible delivery service in ramadan, no following up! Tasta not as expected"
1186,الفراخ بايته ومزفرة
1187,الاكل حلو بس علي طول بيوصل بارد اوي
1188,مجاليش سمبوسك لحمة. الاتنين جبنة
1189,الرز المعمر كان بايت واستغفر الله العظيم بجد وحش قوي قوي قوي ، الفرع ده اسوء اكل للدهان بجد ،، انا طلبت قبلها بيومين من من فرع المعادي الاكل كله كان حلو وبجد الرز كان تحقة وطازه وجميل قوي وعشان كده طلبت تاني علي اساس ان كله هيبقي زيه بس فعلا الفرع ده...
1190,الكميه قليل على نص فرخة وسعر غالي + اورد خد وقت اطول من العادي
1191,تم وصول الطعام بع الفطار ب٢٠ دق وتم رفض استلام الطلب
1192,الاكل يقرف و الفراخ زفره و تقره و تعمه يقرف مستواكم بقى يقرف بتبعتو اى عك للناس و خلاص انا هعمل عنكم رڤيو معفن
1193,Extremely delicious😍
1194,والاكل بارد جداً
1195,انا طلبتها اصفر بدل المكرونة ومع ذلك المكرونة هى اللى جت وهذه لبست المرة الاول بل حدث ذلك ٣مرات
1196,Tamam
1197,Rice tastes bad
1198,طعمها سئ جيدا
1199,الاكل كان جاي بارد و الكميات بالنسبه للسعر عينات يعني موش احسن حاجه خالص والملح في الاكل يا زياده يا مافيش اصلا
1200,الاكل ممتاز و التوصيل في ميعاد مناسب، شكرا لكل العاملين في الدهان
1201,The molokhia is molded very bad and rotted
1202,بعت الحلو على مزاجه غير الي انا طالبه
1203,الملوخية كانت من غير طشة
1204,اكل كله زيت والشوربة مدهننة متتشربش
1205,I applied code but restaurant didn't apply it
1206,"Very late, and very cold"
1207,Chicken over cooked
1208,Horrible quality and the soup was very bad and vegetables weren’t cooked
1209,Portions are very small sized like scraps
1210,حلو بس ياريت الكميه تكون أكبر شويه
1211,الاكل وصل بارد والأرز مش مستوى كويس والفراخ صغيرة جدا والملوخية شوربة ملوخية صايصهومالهاش طعم مستوى ما حصلش من الدهان قبل كدة
1212,الريش والفليتو ناشفين جدا جدا
1213,There wasn't anyone answering support!!
1214,No
1215,Bashe3
1216,"Provided chips instead of VEG side!!! When challenged over phone, customer service asked for chips back to provide with VEG as ordered on app!!!! Wrong item replacing what is ordered and request to return delivered food is unacceptable for a worrying..."
1217,المكرونه الاسباجتي كانت وحشه اوي و الفراخ الجريل كذلك
1218,طعم المخاصي و الكلاوي فيه مرار االكلازوي ناشفة من الشوي الزائد
1219,المكرونة كانت مش حلوة
1220,excellent came hot
1221,الممبار جاي بارد والطعم مش حلو والاكل وجعلي بطني
1222,الفراخ زفره بقالها كذا مره
1223,تسيوا يتبلوها
1224,El akl kan say2 w ta3mo y2rf
1225,I chose ElDahan because of the EGP30 discount and then the delivery man told me there is no discount and I had to pay the entire amount
1226,😍
1227,Delivery takes forever
1228,الكفته المره دي سئيه بجد متتكلش
1229,الأكل أتأخر شوية لكن كان سخن ساندوتش الكفتة كان حلو طاجن المكرونه بشاميل كان حلو بس للحمة قليلة فيه خالص
1230,Food was very bad!!
1231,المفروض انها شعرية باللحمة بالمكسرات ليه تبعتوها من غير مكسرات؟ اسعاركم غالية يبقى المفروض ماتسترخصوش وتبعتو الاورد ناقص
1232,رائع
1233,كنت هموت بسبب سندوتش من عندكم
1234,Food quality
1235,"I love aldahhans food but this time it wasn’t as good as usual I don’t know what was wrong but the chicken meat was very tough, was it perhaps an old chicken. Anyway it wasn’t the usual Sagan standard"
1236,delicious food
1237,It was so yummy and the chicken pane was so good to and it came really fast ty🙏💖
1238,"Delicious delicious as always, thank you for the great quality. Stay passionate & keep it up!!"
1239,الاكل بارد جدت
1240,انا طلبت البطاطس و اللحم يكون مستوى جدا و طرى جدا و لم يكن كذلك و البطاطس مبهرة زياره و كانت سبيسى جدا.انا غير راضي نهائى على هذا الاوردر
1241,G
1242,super late
1243,تزويد سعر الاوردر
1244,salad was rotten
1245,quality was less than usual
1246,جودته اقل من الاول.
1247,Oreo dessert is mainly whipped cream not a cake.
1248,الصدر كان محروق شوية
1249,The order came missing the lemon mint juice
1250,أرجو تخفيض الاسعار قدر الامكان
1251,10/10 everytime seriously❤️
1252,الكوسه كانت أشهى من ذلك، نأمل إعادة التيست لها
1253,food was cold
1254,Worst pigeons
1255,مفيش لمون مع الاوردر زي ما طلبت و دي تالت مررة يتكرر
1256,الطاجن كان سئ
1257,The delivery man was very rude Food was cold and tasteless
1258,مكرونة الفرن مركونة عندهم في الفريزر لدرجة اني حسيت اني باكل بلاستك دا غير ان اصلا مكرونة الفرن عندهم وحشة كدة كدة من زمان مش فاهمة السر معظم الاكل عندهم حلو مش فاهمة ليه مكرونة الفرن بشعة كدة!
1259,الطعم سئ جدا الارز رحته و طعمه غريب و الملوخيه وحشه جداااااا واساسا مش معملومه صح و عباره عن شوربه دة غير ريحتها البشعه جدا بجد اخر مره تجربه سيئه جدا
1260,الطعم سي حدا
1261,هو ماشاء الله دايما حلو بس ليه الرز قليل جدا مش هيخسر حاجة نزود وخصوصا عامل حسابي الكمية تكفي فردين على الاقل
1262,ممتاز، اول واكيد مش آخر مرة.
1263,the food was a bit cold
1264,اللحمه محروقه وناشفه وحشه جدا مش هطلبها تانى وبابته
1265,the boneless grilled wasnt boneless
1266,👍👍
1267,the food was really bad.
1268,الفرخة صغيرة جداً جدا والله الولاد قاموا جعانين حرام فيه الفلوس
1269,طعمه حلو قوى
1270,Food was cold.
1271,كباب كان طعمه وحش و ناشف جدا المرة ديه و مش متسوي عدل
1272,الجودة قلت
1273,Escalope breading was broken into pieces
1274,The total amount wasn’t the same as application i paid extra!!!
1275,excellent in everyway as usual
1276,قطع اللحم غير صافي
1277,الموزة بتلو و ريحتها و حشه الحواوشي فيه كمية دهون كبيرة المكرونة مفيش فيها لحمه مفرومه
1278,That meat was like dog meat or donkey meat i am so disappointed
1279,PERFECT FOOD as usual ❤️❤️❤️ thank you
1280,Delicious as always
1281,الطلب كالعاده متكدس فوق بعضه في كيس واحد صغير
1282,الاوردر وصل فيه مخلل بدل بابا غنوج
1283,الصينيه دايما بتوصل مدلوقه على بعضها. كنت فاكره انها مره بالصدفه لكن الديليفري علطول بيجيبها مقلوبه. كده دي رقم ٣ بنفس الوضع
1284,للاسف اول اورد لا ينال رضانا بالمرة طاجن اللحمة بالبصل الطعم كان غريب وبعدها ادركت أن به سكر ما جعله غير مقبول والملوخية والمحشي مش اجمل حاجة خاصة مكان كالدهان
1285,طلبت حمام بالرز جالي ٢ منهم بالفريك
1286,ارجو التواصل مع المطعم ، بعت طبق بالغلط ، بالتالي المطعم ليه فرق فلوس عندى ، شكرا
1287,!!
1288,food came almost cold
1289,food is great but delivery is very late
1290,الأكل جه متأخر جدا وبارد
1291,الدهان غنى عن التعريف بصراحه اكلى اكل كلته
1292,worst ever
1293,"Portions in meat orders are a bit small, unlike chicken orders they were extremely enough"
1294,تأخر في الوقت الطلب حراق
1295,الاكل جه بارد جدا، وحطيته في المايكرويف
1296,الاكل تحفه جدا ونضيف وطازه ماشاء الله
1297,ما كان حار كان بارد جداااا
1298,المعاملة كويسة والاكل طعمه كويس شكرا الدهان
1299,مسكره زياده عن اللزوم بجد
1300,👍🏻
1301,WORST EVER
1302,2 hours delivery
1303,السندوتشات جات زفرة و رميناها
1304,اسؤ تجربة و اسوأ مطعم
1305,الاكل محروق علي الجريل
1306,ميش مستوى خالص و دى اول مره تحصل مع الدهان اللحمه كانت نيه
1307,Chicken got smaller
1308,شوربه الكريمه بايظه و اكلم خدمه العملاء ما يرضوش يبعتوا واحده تانيه طازه!!!
1309,طعم يقرف
1310,المسقعة خطيرة اكنها بيتي
1311,food was very cold
1312,وصل خطا في الاوردر، تم تبديل الحمام بطلب آخر
1313,The pasta is not so good
1314,great and fast
1315,النيفا كلها سمين مفيش لحمه خالص
1316,للاسف الملح زايد في الكباب
1317,I got 2 boneless chicken awful
1318,"one of the salads arrived as Tahina instead of tomatos and I am in diet and do not eat specific items. Otherwise, items were tasty."
1319,العصير الي مع الوجبه بشع جدا وطلبت كذا مره تغييره ومحدش بيعبرني
1320,الفراخ نيه و مش مشوية كويس
1321,المشكلة ان الفرخة صغيرة جدا ...بس الاكله طعمة اوى الحقيقة و التعامل كويس
1322,الطعم ممتاز و لكن كان فية تاخير في التوصيل مما يؤثر علي جودة الطعم و خصوصا ان الكباب لا يؤكل الا و هو ساخن
1323,الاكل بايت الفراخ محروقة
1324,Potato wasn’t fully cooked.
1325,سعر الفاتورة ازيد من الابلكيشن
1326,"I asked the restaurant to deliver it faster and the food arrived quicker than I expected, temperature and packaging were perfect, also the taste was great Great food, experience and support🤩"
1327,مطعم محترم . وطعم الأكل لذيذ، الأسعار جيدة
1328,اكل سيئ جدا والفراخ مش كويسه بالرغم انى كتبت انها تتسوى كويس وفى حاجات مجاتش فى الطلب والملوخية اسوء ما يكون
1329,Found hair in the meal
1330,الأكل كان بارد والطرب بصراحه ما يتاكلش
1331,"Food was cold, pickles were literally frozen and I had to throw them away"
1332,شوربة العدس حراقة وطعمها غريب والعيش اللى معاها مش متبل شوربة الخضار عادية جدا
1333,طلبت عصير فرواله جالي مانتبرع و دي اخر مره اطلب انا مش نشرب على مزاجكم يعني
1334,Small portions less than the normal i always get
1335,اسوء مره اجرب فيها الدهان 😡😡
1336,Burned on the grill
1337,اللحمة مش مستوية و الاكل spicy زيادة عن اللزوم. غير عن كل مرة.
1338,Was cold
1339,الفراخ كانت وحشه جدا
1340,The Veal was overcooked.
1341,the food was not hot enough the shish tawook i really bad i ordered baba ghanouj and i got tehina
1342,Food not fresh and not clean
1343,Excellent
1344,Food was almost cold.
1345,تسلم ايديكم
1346,The order came late
1347,Food not fresh
1348,الملح مبالغ فيه جدا للأسف
1349,Order has never arrived
1350,سلطة الزبادي و الهريسة ناقصيين........................
1351,وحشة جدا
1352,تسلم ايدكم
1353,Another bad experience with their customer service! T
1354,Food was cold and taste was below average
1355,و
1356,الاكل وصل بارد جدا
1357,الموزه كانت سيئه
1358,طاجن اللحمة بالبصل عبارة عن طاجن بصل بالفرن للأسف ..اول مرة بصراحة يحصل كده فى اوردر من الدهان
1359,الاكل بارد جدا والملوخيه سيئه جدا و بارده بصراحه كنت مستاء جدا من الاكل
1360,الكفتة فيها عضم كانت هتكسر سناني!
1361,Food was good except that I asked for boneless chicken and still got a regular chicken half.
1362,Chicken was Overcooked
1363,was not good not tasty
1364,مكرونه بشاميل مش مخدومه خالص
1365,نزله معويه حاده بعدها بساعات للاسف يا خساره
1366,Came without baladi salad
1367,الشيش طاووق سيء للغاية .. محدش رضي يأكله من كتر ما هو مقرف و معمول من رجلين الفراخ مش الصدور . و الوايت شوكليت جايه شوكليت برونيز عادية مش وايت شوكليت.
1368,كله تمام بس الكفتة والكباب جايين من غير بقدونس
1369,الاكل تحفة
1370,Food quality was very poor.
1371,الاوردر جيه غلط و الاكل سئ
1372,الاكل بارد جداا والغنوج حمضان الدهان بقي معفن جدا والاكل يقرف
1373,الاكل سئ جدا
1374,الطلب وصل بعد ساعتين و ربع
1375,تسوية الطواجن المرة دى احلى مرة ..واخدين طبقة مشوية على الوش ..والطعم دايما والنظافة ولا اروع
1376,الطعام غير مطهى جيدا
1377,برام الحمام مش مستوى و الرز ناشف
1378,الاكل فيه حشرة
1379,"I ordered boneless grilled chicken, there were bones in it"
1380,Smashed
1381,تعبت وجالى مغص واسهال لغاية اليوم
1382,العيش مفرول جدا .. و الساندوتشات مزيتة جدا ...
1383,Great food But it took 2.5 hours to receive my order
1384,من اطعم الفراخ اللي كلتها وجودة كويسه جدآ
1385,اول مره يجى كده تسويه الاكل كانت مش كويسه خالص و كان فى حاجات جايه بارده غرم متصل بيهم فى المطعم
1386,طيار قليل الادب اتأخر جدا و بعد كده وصل الكهرباء قطعت فبيقولى اعمل ايه قولت له اطلع فقالت ليك حق تقول اللى على مزاجك
1387,تحفه شكرا علي الخدمه الجميله دي
1388,bad quality meat
1389,Perfect
1390,حلو اوي بس لقيت معاه ريشة و ده بيزود الوزن انا كالبة كباب بتلو ليه الاقي في الطلب ريشة بعضمها
1391,the food was cold and not good as always
1392,الدهون حول الكباب كتير
1393,syukran
1394,The order was lacking an item (juice). Please revise your order before the delivery man leaves
1395,Shekh tawood was very bad
1396,عصير الكانتلوب طعمه زي الميه وحش قووي اما الاكل كان حلو جدا
1397,اكل رائع و جميل أشكر مطعم الدهان على الجودة الرائعة. الخبز البلدي شيء خيالي
1398,Delicious! thank you so much! 🤍
1399,البرام جاي مكسور منه جزء داخل الأكل
1400,طعم الشيش سيء جدا والكباب تقطيع وتسويه وحشه جدا
1401,الفراخ زفرة
1402,"The order was suppose to be delivered with 60min . However, I received the order after 2 hours and it came cold"
1403,سيئ للغاية و طعم وحش جدا فته الموزة حجمها اقل من النصف و اللحمة شبة مسلوقة
1404,الفراخ محروقة حاجة بسيطة
1405,Cold and bad taste The plastic bag was full of water from bad package First time to order and last time
1406,Food was cold
1407,stuffed chicken with rice was very delicious
1408,عالمي
1409,Wraps were cold and soggy الاكل كان بارد و العيش مبلول و بلا طعم بالنسبه للكباب جه كفته بالخطاء
1410,الاكل كان بايظ وطعمه وحش و تعب كل اللي اكل منه
1411,لازم مراجعه الاوردر قبل الاستلام السلطات ناقصين اتنين و قطع الكباب اللي علي الوش غير باقي الطبق
1412,Meal was really bad
1413,اكل وصل بارد
1414,Quantity
1415,"I found worms in my salad !!!! , في دودة في الساطة !!!!"
1416,food was amazing soup super hot super tasty pigeons just perfect best experience
1417,Па
1418,but I received my order after 2 hours and 15 mns
1419,very spicy
1420,الاوردر جه بعد ميعاده بنص ساعة
1421,اوحش اكل ممكن تاكله بعد اكل مال اليتيم !!!……
1422,The chicken was burnt
1423,The food isn’t good
1424,ابشع مرة نطلب فيها الدهان و السجق و الكفتة زفرين جداً
1425,السلطات جت حمضانة
1426,طعم الفراخ سئ جدا وتكاد تكون بايتة وتم تسخينها ، تجربة سيئة جدا
1427,I asked for no bread but it still came with bread
1428,شكرا لتكملة سنين عشرة بجودة عالية - بحبكم جدا و اتمنى تفضلوا بنفس الجودة و الضمير، يوم سعيد عليكم!
1429,أنا على طول بطلب من الدهان موزة وكتف، بس دي أسوأ مرة فيهم. الموزة بتشد واللحمة مش طرية وطعمها ناقص حياء، غير إن اللحمة من كتر ما نشفت لونها فاتح ورمادي مش اللون الاحمر إللي متعودين عليه. يا إما الشيف اتغير يا إما الفرع ده بيعملوا اللحمة بطريقة مختلفة
1430,But soup it’s empty from chicken its only in creamy soup 😥😥😥😥 with no chicken 😥😥😥😥😥😥
1431,كأنه أكل بيتي ممتاز
1432,"Unlike last time, the zucchini Bechamel was extremely salty and gelatinous, and the kofta tasted a bit weird. It’s sad to say that the quality is not consistent."
1433,Was very good
1434,Fettah with meet plate The meet portion was very little compare to the price or to any other plate
1435,"Issues about the exchange only, every this else was perfect"
1436,التومية كانت بايظة ورميتا بس الفراخ حلوه جدا
1437,Jo
1438,الاكل زي الفل ... مفيش أي تعليق عليه .. تسلم الايادي..المشكلة ان الديلفري رن الجرس، وبعدين قعد يلعب في الأرقام السريه الخاصة بفتح الباب، اللي هي اصلا بعيدة تماما عن الجرس.... علموهم ان الابواب دية دايما محاطة بكاميرات، والعبث بالارقام بيشغل الانذار
1439,الاوردر متأخر و ناقص حاجات
1440,الوجبة كانت ناقصة الكولا 😔
1441,زفر جدا
1442,المكرونه البشاميل طعمها مش حلو ومحدش كلها
1443,Burned
1444,المكرونه فرن طعمها وحش بدايته والبانيه في حته متاكل منها
1445,الفرخه جايه من غير الكتفين والجناحين
1446,Ik
1447,الورق عنب جامد
1448,اتمنى الساندوتش يكون كبير
1449,wrong order but solved after 1 hour
1450,very bad quality with extremely low portion !!!!!
1451,برغم اني بطلب نفس الاردر بيجي كمية مختلفه كل مره
1452,طلبنا ٣ وجبات ٢ نصف دجاج مشوي و١ وجبة شيش وصلني ٢ وجبة فقط وناقص وجبة النصف دجاجه
1453,food is delicious but the portion is so little compared to the price .
1454,My only issue is that the portion didn't seem 1/2 a kilo
1455,Tasteless
1456,نص كتكوت مش نص فرخه 😂
1457,طلبت فراخ مخلية من العظم واللي وصلتني بالعظم
1458,زفرة او نية وحشة جدا غير مقبولة تماما وده طلب معتاد وكان مش زى اى مرة كان وحش جدا جدا وريحتة وحشة جدا
1459,الشعرية باللحمة وجعتلي بطني. وعصير البرتقال صغير جدا بالرغم من انه غالي وكمان نصه مياه
1460,not fresh 😔 this time poor quality 😔
1461,الاكل ردئ جداً و بارد و متسخن بالتأكيد
1462,كفتة مش مستوية و طعمها وحش فعلا
1463,الاكل حرفياً متسخن و بايت كواليتي الفراخ المشوية رديئة
1464,الاوردر كان ممتاز والتوصيل سريع
1465,جلنا تسمم
1466,بعد مطلبت الاوردر لقت المطعم بيكلمني بيقولي اني في زياده في التوصيل مع اني ديه مش اول مره و كنت طالب الاوردر من غير عيش جي بعيش و الاكل مكنش حلو
1467,the food tasted amazing but the order was 2.5 hours late.
1468,Tasted Amazing
1469,شكرا جزيلا
1470,الاوردر جيه ناقص السلطة الخضراء و بدل الطحينه جالي مخلل
1471,طلبت ممبار و حواوشي و مش بس جالي الاكل مجلد كأنه طالع من التلاجه و متسخن لأ جالي نزلة معوية كمان الدهان دلوقتي اسوء محل للمشويات في مصر
1472,Na
1473,The worst ever
1474,الاستيك كان ناشف جدا و بيشد
1475,مش عارفة اقول ايه لتاني مرة بيوصلني الطلب بارد و مش مستوي اولا الحواوشى طلبته سبايسي وصلني بارد و مش مستوي و اضطريت اسويه مرة تانية حتى طلبت معاه سلطة زبادى وصلني سبطة طحينة ثانيا المكرونة وصلت قليلة جداا الطبق شبه فاضي دى اخر مرة اجيب الدهان. شكرا.
1476,الاكل وصل بارد والتغليف في طبق بلاستيك غير حافظ للحرارة
1477,الفلفل المحشي كان حراق لدرجة انه ما يتاكلش ورفعلي الضغط ده ممكن يؤذي الناس
1478,Didn’t came hot as expected
1479,Good restaurant
1480,الكمية غير كافية
1481,الفرختين واحدة كانت حلوة والتانية الرز كان طعمه حمضان
1482,شيش طاووك بايظ و الورق عنب معجن مع اني ماكده ان الحاجه تكون طازه و سخنه
1483,الاكل كان وحش الًورق العنب مهرى
1484,اكل سيئ ومواعيد زي الزفت.....................
1485,اكل فيه حاجة بيظة
1486,No thx
1487,الحمام زفر جدا مافيهوش قطع الكبده والقوانص ومن كتر زفارته ماتاكلش، والبطاطس اللي معاه قديمة ومجلدة وجاية مقد وناشفة وماتكلتش، حتى الكفتة اللي كاتبه له ملح خفيف لمريض الضغط جايه اقسم بالله ملح مرار وزي ماهي في علبتها استغفر الله العظيم يعني اتقوا الله
1488,كان طعمها مش افضل حاجه و فيها سنة زفاره علي غير العاده
1489,طلبت الاوردر والكبده كانت زفره جدا
1490,صراحه مرات يظبط ومرات لا، الموزة لحمها قوي ومش متحمر كويس
1491,الاوردر وصل من غير سلطه بلدي
1492,المرة دى كان الطرب سخن ورائع.. سخن وكأنى باكله فى المطعم
1493,الفراخ مش مستوية كويس وطعمها بقى زي الزفت واللي يضايق انكم مكنتوش كدا زمان.
1494,للاسف من سئ لأسوأ.. اما تجيبوا شيفات شاطرين وتهتموا بجودة الاكل او تقفلوه احسن.
1495,احلى عينات ممكن تاكل
1496,اللحمه اللى جايه فى الطاجن جايه محروقه وتحس انهم حاطين اللى بيتبقا من الزباين والله تجربه زفت
1497,ربع كيلو كباب وكفتة... ييجي مايزيدش عن ١٢٠ جرام... سرقة رسمي.. وطاجن الملوخية.. بقت بتتحط في العلبة الصغيرة.. استهبال..والفتة مالحة جدااا.. آخر مرة هشتري منكم
1498,The order arrived 2 and half hours late and the call center are absolutely useless and El-Menus didn't even help. One of the worst food experiences ever
1499,الفراخ المحشية بيتي ومستوية كويس اوي
1500,we received 1/3 k kofta 6 pieces instead of 1/2 K 8 pieces can't realize who's mistake thanks
1501,السلطات الهريسة و الزبادى و الثومية كان ملهاش طعم
1502,الاوردر جاه بعد ساعتين 😓😓 و مفيش اعتذار و لا كأن حاجة حصلت
1503,أحلى كباب بتلو 👍
1504,خدمة توصيل زى الزفت الاكل جايلى بعد ساعتين و ياريتنى كنت طالب حاجه تستاهل…….كل ده على نصف فرخه
1505,A safe choice for me when it comes to BBQ but not all the items on the menu are remarkable
1506,من المطاعم القليلة المحترمة و اكلهم جميل و نضيف و معمول باحترافية
1507,Worst service with worst delivery. I made an order two hours ago and the app said i should have recieved the order an hour ago. Ill never order from it again
1508,المطعم مازال محتفظ بنفسه إلى حد ما . الحاجات الصغيرة شكل العلب والتغليف مازال موجود والحفاظ على شكل الاكل وطعمه . الحمد لله . على نقيض من بعض المطاعم اللي حانبه رفعت الاسعار وأصبحت رديئة جدا وأصبحت ٣ * بعد ما كانت ٥*
1509,صدور الفراخ طعمها بايت جدااااا!! والأوردر أتأخر اوي
1510,Absolutely recommended
1511,البطاطس كانت حقيقي حزينة
1512,الاسعار عالية
1513,الاكل حلو جدا جدا جدا
1514,جامد جداا ...............................
1515,الاكل سئ جدا وكان بارد وجه بعد ساعتين نبمبظببظبظبب
1516,rice tasted like nothing but the chicken steak was good low quantity
1517,Did not even eat as it was delivered at 7 pm. I will not order from menues again as you did not deliver
1518,الطرب بس الدهن فيه كان زيادة والمكرونة اللحمة المفرومة قليلة غير كده الاكل جميل وطعمه حلو والسلطات بالذات جميلة
1519,اورد محترم ووصل قبل الميعاد وتغليف جيد جداً
1520,انهاردة اسوا واقذر تجربة.. طالبة اوردر فطار من الساعة 4 والمفروض يجيلي قبل الفطار.. من الساعة 5 ونص بيقولو الاوردر خرج وفي الطريق اكلم خدمة العملاء يلطعوني ع الانتظار.. 10 مرات بتصل واتلطع انتظار ويقولولي الدليفري خرج طب يا جماعة انا محتاجة اسخن ال...
1521,كل حاجه مكنتش كويسه ابدا من العيش للمشويات للسلطه اول مره يكون الاكل سئ كده
1522,اشتريت تقريبا خمس حاجات مختلفة اتنين بس ال كانو حلوين
1523,المندوب اتاخر علي والاكل سبايسي من غير ما يبلغني لكن في العموم الاكل من الدهان كويس شكرا
1524,مطعم حرامية ونصابين كتكم الارف عليكو احااااا
1525,Salad portion is very very small
1526,نصابين و حراميه حرفيا ، عامل اوردر طاجن باللحمه ب ١٠٠ و كسور بعتولي طاجن ساده ب ٤٠ جنيه ، قمه قله الزوق والسرقه ، ولما عملت شكوي محدش رجعلي ولا مليم
1527,Good food but delivery is too expensive. and takes so long for the food to arrive
1528,كويس
1529,Worst food
1530,ordered 1/2 boneless chicken and it came with bone in
1531,الاكل وحش جدااا والمعامله وحشه اوييي والفراخ كانت زفره
1532,Bad quality
1533,الاكل كويس جدا لكن رز الحمام مش حلو
1534,لقد اتاني تسمم بسبب المطعم واطالب بتعويض
1535,❤️❤️
1536,Payed more than what was told in app
1537,عمري ما شفت طبق محشي مشكل فيه اربع محشيات الحقيقة 🧐 مافهمتش ده عبارة عن ايه بجد ده فير انه صغير يعني .. والعيش المحمص الي هو الطبيعي يبقي عيش شامي محمص زي الي في الصوره الي انتوا حاطينها يعني …لقيت انه عبارك عن عيش بلدي محمص او يعني بمعني اصح كانوا ...
1538,الكمية قليلة
1539,I ordered 3 Tehinas and 2 baba ghanouj and i received all 5 baba ghanouj
1540,كانت شبه نيه
1541,المحشى كان مهرى والشيش طاووق مش مستوى كويس بجد اسوأ حاجة اكلتها فى حياتى
1542,It’s not normal that you increasing the prices every 3 days!!!! This is insane
1543,soup wasnt good
1544,"Everything was perfect ,the food is very tasty, thanks 😊"
1545,Very good
1546,"Ordered Kofta sandwich and chicken panne sandwich, kofta not sent and two chicken panne sandwich sent. Ordered mix grill with white rice not french fries, and mix grill came with french fries!"
1547,!!!!
1548,The chicken was so bad and unclean.. which was unexpected from such a great restaurant.. so disappointed!
1549,الحمام مش أحسن حاجة وتحته بطاطس بايتة والكوارع كمية قليلة بس كويسة والرز بارد والفراخ والكمية عامة قليلة علي السعر والحواوشي عبارة عن بصل وفلفل بدون لحم وطعمه مش حلو
1550,روعة بيتى
1551,الفراخ زفره
1552,"Food was okay , delivery was great"
1553,وقت التوصيل كان كبير جدا
1554,المزة الضانى مطبوخة باحتراف روعة وساندوتش بانيه بالموتزريلا ممتاز والكفتة المشوية روعة الروعة تسلم ايديكم الله يباركلكم
1555,Food was too oily 😕
1556,الاكل حلو جداً بيتى الله يباركلكم
1557,رائع والاكل طازج وساخن بيتى بالظبط
1558,الممبار واضح انه بايت ومتسخن والحمام كمان مكانش حلو
1559,جامده اووووووووي
1560,Portions so small
1561,No fork and knife with the order
1562,The veal moza was really bad.
1563,الخبر كان غير موجود
1564,الشحم اكتر من اللحمة
1565,كوارع كلها شعر وتوم وممبار بايت وبارد
1566,روعة
1567,Best delivery service and best food quality
1568,Missing order this time
1569,مطعم محترم ياريت نحافظ علي كده كل مره
1570,ماكنش زي كل مره
1571,لسه طالب طاجن ورق عنب بالكوارع و مكرونة بشاميل و الاتنين احسن من بعض الاكل واصل سخن و احسن مطعم كلت منه مكرونة بشاميل و التوصيل كان في خلال 45 دقيقة المشكلة الوحيدة انهم بيدبسوا العلب و الفاتورة في الشنطة و ده وضع خطر ممكن اي دبوس من دول يتنطر ييجي ...
1572,"I often order from them hawawshi and grilled chicken, and they are really good."
1573,الحمة سيئة جدا جدا جدا اسوء طلب جالى منكم انا طلبت ربع نيفة جتلى لحمة خروف و كلها سمين و طعمها و حش مع العلم انى جربت النيفة عندكم فاعرفة انها جتلى غلط بجد انا فى منتهى الاستياء
1574,Ok food nothings special
1575,بارد و معجن
1576,لحمة كلها دهن انا رميت 150 جنيه ف الارض
1577,انا كنت باكل منه كتير في المطعم بس طلبت دليفري مرتين في اسبوع اول مره جالي رز معمر ناشف جدا ومفهوش اي طعم كانه مسلوق بس في طاجن.. ومن يومين طلبت فراخ مشويه وجالي تسمم منها بعاني بقالي يومين ولسه مخفتش مع العلم كانت الوجبه الوحيده اللي كلتها بعد صيام....
1578,The order came a whole hour late
1579,Good quality
1580,I found a Nail in vermicilli with Nuts
1581,طاجن العكاوي جامد و سخن بس اللحمة كانت عاوزة تزيد شوية و الرز بالشعرية كان سخن و جميل و الرز باللبن كان أجمل بصراحه... هو بس المشكلة انهم بيدبسوا الفاتورة في الشنطة و دي كده حاجه مش امان ان يحطوا دبابيس في شنطة فيها أكل...
1582,missing bread
1583,Very delicious but it took a long time to deliver
1584,Hawashi wasn’t spicy as I requested
1585,الاكل طعمة حلو ونضيف جدا وتعبئته جميلة
1586,Arrived cold
1587,😍😍
1588,very very bad!! won't ever order again from them !!!
1589,"Always delicious , nothing to complain about"
1590,جالي شوربه. مشروم بدل الفراخ والباميه مش كميه ابدا ع سعرها
1591,❤️
1592,3 hrs and still didn’t received my order i will never order again from here
1593,Food was not hot this time and the one before
1594,الفراخ مش متبله كويس او ناقصه تتبيله مش نفس المستوى المعتاد منكم
1595,الاوردر كله غلط حاجات زيادة و حاجات ناقصة منتهى الاهمال و الاكل بارد
1596,طاجن الخضار باللحمه : اللحمه كانت نشفه و مش مستويه و الخضار كان تقريبا محروق
1597,الطعم ليس افضل شئ
1598,اخذ مبلغ زياده بحجة ان موقع التوصيل دا بنوصله اغلى مع ان التطبيق معطي قيمة ثابته وبدون سابق انذار تحايل علني
1599,للأسف المره دى كان في غلط غريب 1- وصلني مع الطلب رغيفين خبز فقط رغم ان سواء طلبت من المنيوز او من الدهان بيكون مع نفس الطلبات ثمان أرغفة على الأقل 2- المفروض الفراخ معاها سلطه ولم تصل 3- وأخيرا وأهم شئ الكفته لونها أبيض كأن مفيهاش لحمه بصراحة انا متع...
1600,الأكل كان سيء جدا. كله زيت و الكباب وصل بدون كفتة.
1601,دايما بيجي حلو المرة دي وصلي محروق و مجلد و كان طعمه سيء جداً
1602,شكرا الدهان
1603,excellent
1604,الكفته سيئة جدا والسلطة حادقة
1605,الحمام كان وحش اويييييييييييي الطرب كان تحفهه
1606,الباشاميل هائله جدا بس المفروم عاوز يزيد فيها شويتين
1607,الاكل كان حلو الحمام الرز كان تحفه وسخن
1608,عيش السندوتشات بيمضغ و الحشو قليل خالص يعني يدوب السندوتش متلحس كده و يكأننا في مجاعه
1609,الاكل نظيف وطعمه حلو
1610,أول مرة أكل فراخ طعمها وحش و جابتلنا مغص و التتبيلة بتاعتها واضح أنها مش طازة و سيئة جداً
1611,الفراخ محروقة
1612,Grilled chicken tasted and smelled like a grilled lamb….chicken pane got fried in a 100 years old oil YUKH!!! Fries terrible terrible ….last time
1613,الطعم مش حلو
1614,"Food is SO COLD!! Even the fries!! Rice pudding was awful!! Too sugary and m3aggen with a very weird taste, definitely not fresh.. and last but not least; the spoons came with rice pudding were plastic no.3!"
1615,7lw awiiii
1616,Taste extremely bad
1617,Not hot again. Too warm
1618,Grilled chicken was bad the taste was weird and the quality of chicken was bad
1619,Sandwiches were great but you guys need to put any sauces in the sandwich NOT very plain. OR even bring ketchup packets with the order.
1620,الكفته بها عضم صغير كسر ليًا جزء من الدرس حسبي الله ونعم الوكيل البطاطس مليانه زيت
1621,👌
1622,الاكل كان سئ جدا والرز كان ناشف ف الحمام والمحشيً والمحشي كان بايت وطعمه وحش جداا اسوا مره اتعاملت معاكو فيها واسوا اكل انتو حضرتوه وبجد مش هطلب تاني حمام ولا محشي من عندكو
1623,الاكل جميل جدا الحواوشي رائع و البطاطس المحمرة تمام و الرز بلبن استاذ و سلطة الطحينة لوز ... ياريت تفضلوا بالمستوى ده على طول مندوب التوصيل مهذب جدا
1624,😄
1625,كان سئ وبارد ومش حلو
1626,🤮🤮🤮 المملار محروق المفته سيئه بلاستك و طعمها وحشش جدا خير انهم الاوردر جالي في مكان غلط و المفروض الاكل يجي حلو علي اللقل بالساهتين اللي استنتهم لا جالي وحش اوي
1627,الفراخ فيها دم و مش مستوية
1628,برام الرز ماكنش فيه قطعتين لحمة علي بعض
1629,Bbj
1630,100 like
1631,Cold and seemed not fresh coming out of the fridge and just heated for delivery
1632,الاكل طعمه حلو جدا
1633,الاكل الكواليتي بتاعته حلو جداً يستاهل
1634,Soup was cold
1635,Thank you!
1636,Everything was cold
1637,"The liver was old, full of spices and water!! and horrible"
1638,الكفته والمسقعة كانو وحشين
1639,الاكل حلو بس بيوصل بارد
1640,اوريو كيك حجمه صغير بس تحفه الممبار ناشف وحراق شويه الشيش طاووق والسجق المشوي والحواوشي تحفه فعلا
1641,احسن اختيار
1642,الاكل ليس له طعم وبايت وكمية قليلة جدا بالنسبة للسعر
1643,تم تغيير السعر بعد عمل الاوردر
1644,The chicken was raw on the inside Salad is not fresh at all very disappointing
1645,خدمة ممتازة و الاكل رائع و التوصيل الطلب سريع
1646,الاكل كان طعمه حلو بصراحه بس جه مش سخن غير كدا الكميه واللحمه في الخضار كانت حلوه جدا
1647,Delivery fee is way too high
1648,The meat wasn’t cooked well
1649,Apparently precooked chilled and reheated
1650,"Very nice, food is not oily, but fattah always comes moist"
1651,Food was really cold
1652,الملوخية بس كان ملحها كتير والكفتة والسلطات تحفة
1653,مطعم كويس جدا و اغلب التقييمات الوحشة دي بسبب ان الناس بتتلخبط بينه و بين الدهان التاني ال فعلا جودته رديئة جدا.
1654,العصير مجاش اصلا
1655,Was not hot
1656,البطاطس مكنتش مستويه
1657,كفته سيئه جدا و غير مشويه كويس و جت بارده و الساندوتش فيه كفته واحده فقط غير الصورة فيها اثنين.
1658,تانى مرة على التوالي فى فترة تقريبا اسبوع جودة اكل سيئة جدا لحمه مش مستوية نهائى وفراخ زفرة جدا رغم مكالماتى لخدمة العملاء ولكن الاوردر التانى برضه نفس الكلام. لا انصح ابدا بالطلب من الدهان الفترة دى لحد ما يظبطو نفسهم
1659,"I ordered one kilo lamb chops I received so little no more than 1/2 kilo, I was shocked"
1660,Hot fresh and tasty . Thanks a lot
1661,تحفه
1662,السلاطة الخضرا بايتة دبلانةجدا و الخيار حروفه مجمدة و مغمقة يعني بايظ ( غير صالحة للاكل تم رميها فالباسكت ) الفراخ حلوة كالمعتاد لكن باردة جدا
1663,The Zucchini Bashamel was too salty this time I ordered 😕
1664,الكميه قليله الكفته الفراخ ممتازه
1665,يجب اضافه اختيار لتعديل الطلب دون الرجوع للدعم الفني البطيئ جدا جدا
1666,الاكل كان حلو بس لو تخلو التواصل اسرع هيكون احلا 🤡
1667,الكل ممتاز لكن بارد واتاخر في الوقت
1668,الطرب سيء جدا و مفكوك من على الكفتة و الحمام في ظلط في الفريك
1669,كنت طالب مع الوجبات سلطه خضراء وسلطة طحينه ومجاش طحينه
1670,الاكل وصل تلج اتضريت احطه في المايكرويف تخيلو كباب و كفته في المايكروويف ...و المستوي مش قد كده مقارنة بمحلات تانية كبيرة
1671,Food tasted good but very late delivery
1672,Portions are decreased
1673,Too oily
1674,Late
1675,Its good but not wow i dont think ill order again
1676,The chicken wasn’t cooked enough and it wasn’t boneless as i ordered unfortunately
1677,They forgot the salads 😃
1678,ده أوحش سجق أكلته فحياتي، عبارة عن حتة كوتش ببهارات وكميته قليله وبارد، والرز المعمر بارد ومش مخدوم بمعلقة لبن حتي، بجد من أسوء الأوردرات الي طلبتها واكيد مش هتتكرر تاني
1679,Food was really good but wrong order
1680,المكرونة حمضانة
1681,اول مره اكل من الدهان كفته بالسوء ده و للاسف ف وقت الناس كلها كانت بتحظرني منه انهم معدوش حتي بيهتموا بتفاصيل الاكل ان كان كويس ولا في مشكله عشان طبيعي اي مكان ف مشاكل بس انه يحلها ده الاهم كفته دهن و انا بصراحه رمتها اما الفراخ نضيفه بس بجد غير راض...
1682,Worst experience last time using elmenus bye
1683,ممتاز لا أجد تعليق غير بجد شكرا
1684,بارد جداً جداً وسخنتة ف المكرويف عشان اعرف اكل لاكن ولنفرض ان محدش عندو مكرويف هياكل مشاوي ازاي متلجه كده ؟؟ بس كان طعم حلو بعد التسخين
1685,Ghc
1686,بطئ
1687,الطلب ماجاش وراح عنوان الدقي.
1688,ممتاز ♥️
1689,لا يتم النظر لاي تعليمات مكتوبه بخصوص الطلب
1690,عيب الأكل يوصل للعميل متاكل منه
1691,"Fast delivery, good portions, and delicious food"
1692,Order was not delivered
1693,السلطة طعمها حلو بس محتاجة تتزود شوية بس الاكل لذيذ تسلموا الكمية مناسبة
1694,معجبنيش
1695,الموزه كانت وحشه اوى
1696,It was good but this one arrived cold as well
1697,تأني
1698,Too spicy / salty
1699,Cold and very small pigeons and the order was arrived very late ..
1700,Sandwich only
1701,It was really cold
1702,"Quality is different, the meat was so bad and cheap. Also was super late."
1703,الاوردار موصلش ولي حد اتوصل معايا انوا مش هيجي
1704,"Fast delivery , good taste"
1705,مش حلو
1706,Delivery took 2 hours!!
1707,Late delivary & cold
1708,"Delicious food, good portions, and fast delivery"
1709,١/٢ كيلو الكباب و الكفتة هو ٢٨٠ جرام صافي؟! حرامية و غشاشين
1710,الطلب موصلش اصلا
1711,Got boneless chicken fillet instead and tahina for hawawshi didnt come
1712,The restaurant called me to tell that the price will be more by 25 pounds
1713,El dahan was the perfect choice
1714,جوده اللحم اليوم مش تمام
1715,الكوارع تبدو بواقى اكل مجمعه.. مهرية وغير جيدة بالمرة .. الاكلة لا تتناسب مع السعر او شهرة الدهان..
1716,الاكل وصل بارد شوية بس لذيذ
1717,تجربة سيئة طلبت اوردر وصلني واستلمت فتحته عشان ابدأ اكل لقيته سجق
1718,راءعة والاكل ممتاز
1719,Amazing as usual
1720,ممتاز 🤩
1721,"fries was cold and stale, chicken was dry, packaging is not suitable for the meal at all, like how can i eat it like that???"
1722,اقل جوده
1723,It was cold
1724,تأخير في وقت
1725,The meal has been delivered without rice
1726,تحفه تحفه تحفه ماشاء الله ربنا يزيدكو من فضله ونعمه
1727,هايل
1728,The chicken breast pieces were so small and thin. It was too dry and not well marinated. This is not like how we usually get it. It really was a waste. The vine leaves were delicious though.
1729,دا
1730,"Kofta was dry and burnt, some parts of the chicken was burnt too.. actually was very disappointed as this is not what im used to from such restaurant"
1731,انا عملت أوردر امبارح و للأسف كان دون المستوى اللي متعودة عليه الحواوشي كان مالح جدا و المكرونة فرن مش حلوة غير اني بعد ١٢ ساعه من الأكل جالي مغص شديد و إسهال و ألم في المعدة مندوب التوصيل ممتاز و باشكره على سعة صدره
1732,الملوخية كانت توم قليل و كسبرة كتير.
1733,The food was way too salty that it was unbearable to eat.
1734,Order was very late.
1735,The chicken was flavorless and not well cooked because it was a thick piece of fillet
1736,غالي جدا
1737,ممتاز بس أنا طلبت إن الفراخ المشويه تكون بدون جلد ،، أرجو قراءة الملاحظات
1738,The knuckles soup wasn’t include knuckles it was just small pieces
1739,هما تقريبا نسيو يشوو الكفته
1740,OK
1741,مفيهاش رائحة البامية اصلا
1742,الاكل بارد والفراخ سيئه
1743,"Rice with nuts used to have cashews on it that were missing, and the escalope was a bit oily and smaller portion that normal"
1744,prices are different in app. than restaurant
1745,التوميه جتلي طعمها معفن
1746,I ordered 1 salad and I got another one
1747,Great pigeon and molokheya
1748,سلطه البابا غنوج طعمها و ريحتها مش حلوين.. اعتقد مش طازه
1749,الفراخ مكانتش متبله خالص
1750,الحوارشي فيه عضم مكسر ومؤرف
1751,"Order went to wrong address. No resolution was provided by elmenus. I paid and did not receive anything, they refused to refund."
1752,لم يتم استلام الاوردر والمبلغ مدفوع
1753,تحفه تحفه تسلم ايديكوا
1754,كفتة الرز طعمها حلو بس ناشفه شوية صعبه شوية في البلع المحشي ممتاز بس مادام انا طالب محشي مش محشي ورق عنب يبقى ماتجيبوش من ضمن المحشي ورق عنب و الا كنت طلبت محشي ورق عنب الرز بالشعريه كويس الرز باللبن ممتاز
1755,Thank you very much - great quality this time.
1756,متاخر نص ساعة وcustomer service سيئة دي كلمة قليلة
1757,جودة الاكل متوسطة والفاتورة الي جايالي مش مطابقة للفاتورة الي علي المنيوس ؟!!
1758,البامية باللحمه اسوء شي اكلته في حياتي
1759,شكرا جدا ممتازين الصراحه
1760,الطلب اعد اكتر من ساعتين على ماوصل ولما اتصلت بالمطعم قالولى انه في خطأ والطلب مش مسجل عالسيستم بعدها اتصلو قالو عملناه تانى وجه بعد اكتر من ساعتين كان وقت البريك خلص ومبقتش محتجاه بس استلمته عشان وصل وخلاص
1761,الأكل كان بارد
1762,علبة الطحينة( بايظه ) الحواوشي كان فيه شعر
1763,food was prepared in a very messy way taste is not good at all arrived cold
1764,راي عن كوراع امبارح حرفيا كان موجود ست قطع صغيره بس ......و الباقي شوربه ....مش زي اول مرتين
1765,اكل جميل و تبيلة حلوة جدا شكرا
1766,الكوارع السادة عندهم ..اول مرتين تلاته مرة يبعتها perfect لكن بعد كده يبعتها عبارة عن ست قطع صغيرين جدا و الباقي شوربة !!!!!!!!انتم بتضماموا الناس و بعد كده تستاهبلوا؟ .....بنسبة لآخر مرة الكمية مش مناسبة مع السعر نهائي
1767,بصراحة الطرب انهارده مش حلو خالص شكله مش معمول بمناديل شكله معمول بدهن انا آسف جدا لاني زبون عندكم من فتره كبيره ومبعرفش اجامل
1768,طاجن ورق العنب بالكوارع حكاية و الرز الابيض جميل ... السلطة الخضرا مش اوي...
1769,البانيه طعمه كارف حاجه
1770,الاسكلوب محروق لدرجة ان القطع مقدده ومتنيه زي الورق على نفسها!!! وشوربة المشروم فيها بالعدد ٣ شرايح مشروم والادهى انه ماتغلفش كويس وادلق على الحاجة!!!
1771,الاكل وصل بارد والاسعار زادت ومش بينزل اكواد خصم
1772,فريق العمل بالمكان فى منتهى الجمال كل الناس بشوشين وخصوصا جلال وأحمد وا .ابراهيم نصار . الحمام تحفة والكتف الضانى مالوش حل والطرب ولا اروع بجد تحية للشيف الرائع شكرا ليكوا جميعا
1773,معاد التوصيل سئ جدا جدا جدا جدا
1774,المحشي مهرررري جداااااا والتورلي ياللحمه المفرومه الطعم سيء واللسان عصفور المطبوخ كان الطعم سيء برده للاسف المطعم بقا مش كويس فرع مدينتي هو اللي كان بيقدم الحاجه كويسه فعلا اتمنى شكوتي توصل
1775,بجد جمييل ،بس عيبه السلطه عاديه مش سلطة حاتي او كبابجي بس طعم الاكل جامد جدا جدا جدا ،بس اهتمو بالسلطة بس
1776,الأكل كان فعلا متميز شكرا جزيلا
1777,"The packaging is amazing, moreover, the food is freshly hot and scrumptious...The portions are very satisfactory with reasonable prices.. I highly recommend the stuffed piegons and grilled chicken❤❤❤"
1778,الحواوشي حلو جدًا. الكفتة طعمها حلو ومتبهرة كويس. أما الكباب والفراخ الشيش كانوا ناشفين.
1779,كان في صوص علي الرز زي ما يكون امين البواقي و بعتوها دليفيري
1780,الحمام كان محروق
1781,Call center zft w mn el application zft w ta2kher bel sa3at w mo3amla mo2refa w el akl latef bss da mayghnesh 3n el ba2y
1782,موزة ضانى او بتلو مش حلو لانى طلبت انه الموزة تكون سليمة مش متقطعة زى الزفت
1783,الكفتة فقط مش ضاني والسلطة علبها صغيرة عايزة تبقى اكبر وباقي الطلب ممتاز
1784,حلو اوووي
1785,السمن جميل بس الطهي ني في السواء شويه
1786,N/A
1787,الطعم مش حلو و النيفا فيها دهن عالى
1788,جالي اوردر غلط جالي لحمة بدل فراخ
1789,تم
1790,الموزه تحفه بس كمية الرز والعيش المحمص قليل ياريت تزودوه شويه
1791,المكرونة مو حاذقة مع دجاج البانية ودجاج البانية في بقع سوده مو طازج
1792,هباب
1793,الاوردر وصل ناقص
1794,♥️👍🏻
1795,الاكل حراق جدًا بشكل مبالغ فيه
1796,excellent as usual
1797,الطعم كان مش حلو كانه العلبه او الشوربه مكان سبانخ المرة دى التجربه كانت وحشه
1798,خدمه ممتازه و اكل طيب المذاق
1799,الاكل بارد وغير مستوي
1800,Excellent!
1801,Good /الفيليه المشوي دايما مملح
1802,"Rice budding package wasn’t clean ,and 1/8 kofta was no quality."
1803,ازاي مفيش شوك ولا معالق؟؟
1804,جبت منهم شعرية باللحمه و المكسرات و بطاطس بوريه و الاتنين مستواهم يعني نص نص مش الواو ال الناس بتقول عليه يعني.
1805,"I was very disappointed because I have been contacted elmenus support regarding my order and he didn't help me with my request and than I was asked him if he nact help let the restaurant contact me to let them fulfill my request , but nobody contact"
1806,Very bad
1807,الاكل سيئ فوق الوصف
1808,الاكل بارد جدا ليس كالمعتاد من الدهان
1809,الفرخة المحشية بالأرز بيتي جدا طعمها تحفة والفراخ المشوية جميلة والحواوشي خرافي تجربة جميلة
1810,تمام الملوخية مية مية المرة دى
1811,نص فرخة اجزاء كتيرة نية و رز بلبن مر عشان مركون عندهم - لا انصح بالتعامل معاهم
1812,shish is extremely bad
1813,حصل حاجه غريبه اتوصلت مع مطعم الدهان على الخط بتعهم عشان كان الاوردر اتاخر شويه بيقولو احنا مش مشتركين فى المينيوز اصلا ورغم كده الاوردر جه
1814,my boneless chicken was not boneless
1815,سلطة الطماطم المتبلة حمضانة
1816,Dd
1817,سئ جدًا
1818,سيئ للغاية
1819,Last time will dealing with them
1820,تجربه سيئه جدا
1821,Vbb
1822,Mahshy toooo bad
1823,الاكل تحفة وساخن والفراخ شيش فظيعة ومفيهاش دم والبسبوسة بالجبنة راءعة لكن الخبز اللى مع مكس جريل كان ناشف هو نص رغيف كان ناشف وبايت مش طازج بس
1824,مايستاهلش ولا نجمة وماتطلبوش منه علشان محل فاشل ومش بيسجل الطلبات من علي الابليكيشن دي ومالهمش لازمة إنهم يكونوا موجودين هنا أساسا لإنهم كلهم فشلة. استنيت ملطوعة آكتر من ساعة ونص ومستنية الاوردر ولما اتصلت علشان اشوفه خرج من الفرع وللا لآ يقوللي إن ا...
1825,طلبت الكوارع. قبل كده كانت ممتاز و الطبق كان غنى ااما المرة دى فهو سئ للغاية عبارة عن جلد كوارع فى مياة ساخنة طبق فقير جدا و كان من الافضل و اكرم لكم ان تقول معندناش كوارع النهاردة. شىء محزن و خسارة
1826,الاكل طعمه مش حلو أوي زي كل مره و مفيش شوكة و سكينة في بس معلقة
1827,"the chicken was so small that even i though it was a 1/4 chicken not half, the kofta was hard actually this is the first time to happen and i am very disappointed"
1828,"worst hawawshi i have ever tasted ,i threw it away"
1829,ThNks
1830,كنت طالب ٣ رز بلبن بالفواكه وصل اتنين بالفواكه وواحد من غير ،، غير كدا كله كان تمام 👌🏼
1831,it was spicy i ordered it regular
1832,ام حساب الطماطم المخلله ولم تأتى مع الطلب
1833,Order was very slow arrived after 2 hours
1834,المولخية موية مخلوطة بمولخية!!! وتأخير في وقت التوصيل لاكتر من ساعة
1835,الاكل مش مستوي
1836,الموضوع بقي سخيف جدا كل مره الاكل بقي بيعدي الساعه عشان يوصل وبيوصل لساعه ونصف وبيني وبين الفرع بالكتير ربع ساعه عملت شكوي مرتين مره حد اهتم وكلمني وقالي ده مش هيتكرر تاني والمره التانيه محدش عبرني انا بتعامل مع الدهان دايما لما احب اطلب مشويات بس...
1837,"very delicious food, thank you so much 👍"
1838,very neat
1839,الكميه قليله جدآ
1840,الاكل راءع بس اهم حاجة تكون الكوارع مقطعة كبيرة متكونش فتافيت علشان بقرف
1841,more than delicious my favorite
1842,الفراخ محتاجة تسوية اكتر
1843,انا دايما بطلب من عندكم بس الاكل امبارح كان وحش جدا و وجع بطننا و الاوردر اتبعت من غير مناديل او معلقه ناكل بيها الخدمه سيئة جدا و مش هطلب منكم تانى
1844,الوجبه مفيش معاها رز ولا مخلل ولا اي إضافات مفيش غير بابا غنوج
1845,اللحمه مش مستويه كويس
1846,بعتولي اوردر غلط والراجل مشي واضطريت استني يبعتوا الصح وللاسف جه طعمه سيء
1847,شوربه الحمام سيئه جدااا عمري ما شوفت شوربه حمام بالشعريه دي شوربه عدس مش حمام و الكتف زي ما يكون مسلوق و واخد وش علي الشوايه و محطوط عليه عسل و طعمه مغطي علي طعم اللحمه بجد الاكل المرة دي سىء جداً جداً يمكن الحاجه الوحيده اللي معقوله الحمام ومش احلي ...
1848,كمية الكفتة قليلة اوي
1849,الكبده كانت عايزه يتنصف الجاد الخارجي و مليانه عروق
1850,The food is Very good!
1851,The veal kabab came with bones yesterday while this shouldn't and never happ before
1852,It was great
1853,فعلا في منتهي الفشل في التوصيل في الوقت المطلوب
1854,delivery package is damaged；and never order food from this shop：
1855,"I ordered plain potatoes and I got plain Potatoes, peas, zucchini and carrots!!!!"
1856,اتأخر بس لكن جودة محترمة
1857,Delivery was an extreme disappointment
1858,الأكل وصل بارد مع أن الجو حار الطرب لما يبرد مش هيبقى كويس
1859,I had food poisoning.
1860,الاوردر اتأخر اوى الحمام سئ جدا وصغير جدا السلطات جت غلط موش حسب الطلب
1861,السعر غالي والوزن قل عن زمان
1862,I ordered molokhya it didn’t come with the order the delivery guy confirmed they will send it but they didn’t
1863,food was a little salty while hummus salad was very salty i couldn't eat it
1864,Plain veal very dry Plain baked rice bram tasteless Okra average
1865,ازى يجيلى عظم فى الشندويتش بتاع الشيش طاووك
1866,Ss
1867,الكميه صغيره، ميكفيش ممكن اضرب اكتر من علبه عادي،
1868,the order was one hour late and food got really cold!
1869,سلطة مختلفة فقط
1870,مبالغ جدا بالنسبه للطلبات
1871,وحش جدا
1872,The delivery was a little late
1873,ناقص واحد ارز و واحد طحينه
1874,it came in 23 min and the food was sooo gooood oh my 😋❤
1875,الكباب مش ضاني وني مش مستوى.. دي تاني مرة... لكن الكفتة والفراخ كويسين
1876,الطيار اسلوبه مش كويس بيتكلم قبل ما يوصل ب فتره و طريقه كلامه مش مهذبه
1877,الاكل ما وصلش أصلا عشان كان وقفه عيد وساعه فطار
1878,غالى جداً جداً جداً مقابل الكمية
1879,الفراخ كانت محتاجه تتبل طعمها كان مش باين فيه توابل غير كده بقيه الاكل جميل
1880,الاوردر اتدفع بالفيزا و المندوب طلب مني ثمن الاوردر و اتدفع كاش تاني..؟؟ ممكن افهم ايه ده..؟؟
1881,اكل حلو وسخن ومغلف تمام
1882,نيفا لا تمزح و خالية من العظم
1883,wish thr neve wouldn't have tomato sauce or any sauce.
1884,quality
1885,الأكل مش مستوي ومش كويس ومش موافقين يرجعو الطلب !!! حرفيًا نصابيين وأبليكيشن المينيو مش مهتمين بالمشكلة أول مره أشوف الأبليكيشن ده مستهتر بالشكل ده
1886,Phenomenal delivery time
1887,late 30 mn
1888,الاكل جاي بعد ساعتين
1889,بيتاخروا جدا جدا جدا
1890,الكول سنتر حاجة في قمة الاستهتار والاستخفاف بالعملاء
1891,زفت وخدمه زفت الاكل موصلش لسه
1892,الاكل ماوصلش اصلا
1893,"Horrible just like this app, their AI even can’t detect that I didn’t receive the order!! And asking me for a review"
1894,طازج وحلو
1895,الأكل وصل مش مشوي كويس لونه أبيض و منظره في العلب وحش و المايه نازلة منه، إهمال و عدم احترام ، مطعم سيء و خدمة سيئة ، ماتطلبوش منه و تضيعوا فلوسكو عند ناس مش بتحترم العملاء بتاعتهم
1896,اللحم في طاجن البطاطس نشفة قوي
1897,النيفا بدون عظم و فوق الرائعة
1898,الحواوشى كله دهون وكمان مش سبايسى
1899,the chicken was not in the order and I paid it's full amount
1900,معقول
1901,فرع مدينه نصر اللحمه والفراخ تمام المحشي بايت و حمضان و الشوربه زي المياه ولسان عصفور
1902,Chicken wasn’t the best
1903,اكل بارد و و الفته سيئه جدا
1904,أول مرة اشوف ريش في الشيش طاووق للأسف
1905,الاكل غير مستوى وسيى الطعم
1906,حجمها صغير جدا جدا
1907,الكمية كانت قليلة جدا مقابل سعرها
1908,الاكل كان فى ملح زيادة
1909,ريحة الزفارة عالية جدا
1910,"Liver was bad, it made me sick"
1911,انا مش عارفة هل الوجبة دي كان المفروض معها خضار سوتيه ولا لأ لانه مجاش بس الأكل جميل
1912,شوربة الفراخ و شوربة المشروم مفيهمش ولا فراخ ولا مشروم، شوية سائل أبيض ، ميستاهلش اللي اندفع فيهم.
1913,الشوربة باردة
1914,الاكل جه ناقص سلاطه
1915,really good but a abit cold
1916,السلطة مجاتش
1917,الفراخ المشويه جت محروقه تقريبا وناشقه بعد ساعه ونص انتظار...اهمال وعدم اكتراث بالناس
1918,الكوارع مكانتش نضيفه و كان فيها شعر و اترمت.
1919,اللحمة كلها دهنة
1920,The chicken fillet was dry and almost burnt. it wasn't good at all this time. The mushroom soup was perfect.
1921,very tasty 😋
1922,the zucchini wasn't that good
1923,السلطات مش حلوه اوي بس المشويات نفسها حلوه .
1924,الكمية قلت
1925,The good tastes good and the packaging + delivery time are great. Portions are a little small for how much it is.
1926,الاكل حلو جدا الملوخية مكنتش حلوة استغربت ان المطعم بيكلمني عشان في المفروض ادفع 4 جنية زيادة عشان التوصيل
1927,No rice no vegetables
1928,سعر الفاتوره كان اغلي من السعر علي التطبيق هنا و لو يبلغني احد بهذا الفرق
1929,The soup was just amazing 😍
1930,Vh
1931,اول مره يكون الطعم سئ جدا
1932,طلبت فراخ مشوية كان طعهما حلو.. و طلبت طبق ورق عنب جايلي حمضان و اترمى في الزبالة زي ما هو و مش عارفة حتى اشتكي لمين
1933,كل الإضافات غير موجودة
1934,خدمه سيئه جدا مستنى الاوردر بقالى اكتر من ساعتين و كلمت المطعم قاللى الاوردر اتكنسل من غير ما يتكلمه و لا يقولوا و لا ايى حاجه و من غير اى سبب…
1935,راءعة والاكل حكاية
1936,Taste wasn’t as expected ; grilled chicken tasted bad ; El menus Application deducted from my credit card more than needed amount & they informed me that refund will be within 10 working days to receive it in my bank account
1937,سيى جدا طلبت نص مخلى وجالى بالعضم ومش مخلى وسعر المولى غير سعر العضم
1938,الملوخية باردة والرز شوي ناشف
1939,chicken was old and stringy
1940,portion of 1/3 fillet grilled chicken was much less than usual
1941,Very salted
1942,Tasty Well done
1943,It was very good and delivery was fast
1944,للاسف الدهان لا يحافظ على اسمه فمثلا الارز بالخلطه لا يمت بصله للارز بالخلطه بيستسهل ويعمل اي حاجه خساره في الفلوس
1945,Hayel
1946,Good food but not wow
1947,شكرا 🌹
1948,طلبنا ربع كيلو كفتة.. السعر غلي وججمها صغر بشكل مستفز ماهو يا تغلوا السعر بس، يا تقللوا الكمية بس.. مش الاتنين مع بعض 🙂
1949,"I ordered one kg, i got less, as when I order 1kg from another famous restaurant I get at least 25% more. Also there was 2 pieces of grilled fat"
1950,كان فيه بس قطعه محروقه شويه بس عامة كله تحفه و العيش وهمي ♥️
1951,الاوردر وصلني بارد
1952,السلطه وصلت بايظه
1953,Wrong salad
1954,thought it would be better
1955,الكبده مش مستويه
1956,مبتلغوش طلب
1957,worst food ever and rotten!
1958,سعر التوصيل مش هو المكتوب في الابليگئشن
1959,زفت استغفر الله الحمام الرز ني ناس مش محترمه رفضوا يرجعوا الاوردر
1960,Best meal ever ❤️
1961,dd
1962,رز الفتة كان مش متنقي كويس. باقي الأكل كان حلو.
1963,الطلب جاء ناقصا ... سلطة الزبادي
1964,جوده الاكل كانت سيئه جدا تحديدا الفراخ كان فيها زفاره شديده او فاسده مش عارف والله .. طعمها كان غير مقبول تماما ويمكن مش متبله كويس الله اعلم ورميناها للاسف .. بصراحه الدهان مشويات لحوم بس لايعلى عليه لكن الفراخ مش حلوه عندهم ديما
1965,جامددد
1966,غير مستوى جيداً
1967,ورق العنب بارد كنت طالب سلطه واللي جت طحينه
1968,الكوارع مكنتش مستوية كويس وبالتالي معجبتنيش خالص.
1969,الاكل كان فيه زياده ف الملح ملحوظه جدا وبجد.دايقتين في الاكل ومستمتعتش بيه للاسف
1970,thanks
1971,الطعم سئ
1972,تم توصيل الطلب بدون الطحينة و السلطات
1973,كويس جدا
1974,الكباب مش مستوي كويس
1975,مش حلو و التجربه معجبتنيش
1976,"- The rice was not fresh. - The rice box cover lock was opened. - Although I provided a very detailed address and that my address was on a main street, the delivery agent called me twice to ask about my location."
1977,مخلل الباذنجان كان حمضان
1978,"order come with wrong macroni ,you send oven macroni instead of spaghetti"
1979,الملوخيه كانت سيئه ونوعيتها رديئه جدا والطاجن الرز المعمر خالي من اللبن وجاف جدا علي عكس المتوقع منكو والفراخ بانيه جريل مالحه جدا سي جدا الاكل باكمله..
1980,الاكل كان اكتر من رائع
1981,طلبت شوكة وسكينة ومعلقة ولم اجدهم
1982,لم استلام بابا غنوج
1983,اسوء مره يكون اكل الدهان بهذا المذاق....قبل اليوم كنت زبون دائم للدهان.....اليوم الحمام المحشى مش مستوى وزفر والارز داخلة نىء ومكسر.....أما الطرب فلم يكن سوى غشاء نىء طعمة صعب جدا....ياخسارة
1984,الاك
1985,الفراخ المشوية مش مستوية كويس+ التومية كانت بايظة
1986,تاخييييييييير
1987,بصراحه انا حربت الكبده الاسكندراني والشيش طاوك معجبتنيش خالص بس المشويات جميله جدا
1988,طلبت سمبوسة لحم جت لى جبنة!
1989,high prices / doesn't accept promos الفراخ مش علي الفحم
1990,sorry to right this review for one use to be the best in Egypt. from 1 to 5 minus _...0. Adel Youssef
1991,No bread was delivered with kofta
1992,Yum
1993,صلصة الفتة كانت سيئة جدااا والمومبار كان طعمه مكمكم وفيه طعم غريب ورق العنب الوحيد اللي كان حلو والكباب والكفته كانو مش اد كده
1994,الاكل مش نضيف،وفي المستشفي و هعمل تقرير للمطعم و ليكم
1995,He was great with a good altitude
1996,السندوتشات جت في عيش بلدي بدل سوري وبدون اي اضافات عيش واللحمه فقط لا طحينه ولا الخيار المخلل جوه السندوتش الكفته مكنتش مستويه
1997,الاكل بقي طعمو رديئ اوي عن قبل كده مش عارف حصل ايه بس الجودة قلت بفرق كبير و لسه بسعر بنفس السعر القديم بتاعو مش هجيب من عنده تاني
1998,E
1999,طلبت ربع مشكل جايبلى قطعتين دهن فقط و المفروض ان دول النيفه
2000,driver was very professional and decent thanks
2001,ملح زيادة جدا
2002,زفت
2003,"Food is well cooked, packaged very neatly and tastes great"
2004,The baked rice was terrible this time and honestly we couldn’t eat it.
2005,المكرونة الفرن سيئة جدا
2006,ياريت الاكل يبقى سخن جدا بلاش يكون بارد . احنا جنبكم خطوتين
2007,Got food poisoning from food.
2008,Very good.
2009,كلوا زي الفل
2010,طلبت نص كيلو شيش طاووق ماجابوش الطحينة وجايبين معاه رغيفين فقط !!
2011,العيش مبلول و بايش من قلبه و الكفتة فقدت نكهتها من بلة العيش. سندوتش فاشل لا طحينة و لا اي حاجة شريحة رفيعة طماطم و شريحة خيار مخلل طهقانة. عيب و الله مايستاهلش قرش صاغ. تاني مرة يجي كده. المرة اللي فاتت افتكرتها غلطة صدفة.
2012,الاوردر جيه غلط و الخدمة سيئة جدا
2013,التجربة مش احسن حاجة سعر السندوتش غالى و الكواليتى مش مميزة خالص
2014,مش زى ماتوقعت
2015,الطعم سئ جدا يوجد زفاره في طعم الفراخ تجربه سيئه جدا ادت الي قئ و رمي الاوردر
2016,الاكل كان سئ جدااااااااا
2017,اكل سئ للغاية
2018,"Worst quality ever, quantity inside were 1/4 than before"
2019,اتفاجأت الصراحه الاوردر بارد و حي مقلوب وحاجه في منتهي قله الضمير ولما كلمتهم يقولي اسف 😂😂 اكل اسف واشبع باسف حصل خير.. استهتار
2020,",الاكل حلو بس البانيه مش مستوي كويس القطع كبيره او سميكه فكانت محتاجه تبقي ارفع و الرز كان محتاج ينشف شويه (معجن شويه) بس كطعم حلو بس الاكل نفسه نضيف و سخن والملوخيه والسلطه حلوين"
2021,للأسف الفراخ البانيه كانت مليئة بالشغت والبطاطس المحمرة كانت مليئة بالزيت
2022,لقيت شوك سمك تحت الفراخ الله يقرفكم
2023,الاكل كويس بس ياريت تزودو التوابل في الفراخ عشان طعمها يبان اكتر
2024,There were egg shells in the grilled chicken
2025,تحفه بس عايز هديه منكم بقي
2026,رائع طعم وتغليف واحترافيه مندوب التوصيل وسرعه التوصيل
2027,The size of the sandwich got really small!
2028,Order okra with meat and got onion with meat instead. I ended up throwing it away.
2029,الطعم كان حلو و ربع كيلو الفراخ كان وزنه 164غم بس !!!! ليه كدا؟
2030,كل حاجه كانت تحفه
2031,بجد اختيار رائع
2032,الربع فرخه والفيليه جه من غير عيش .. لكن طعمه حلو وتتبيلة كويسه
2033,Just two bread with order it's so little
2034,الفلتو كله عروق ودهن. اعتقد ان ه مغشوش. اول واخر مره اطلبهم
2035,الاكل راااااائع بجد يجننن
2036,لازم يكون فيه امكانية لو حد بياخد خضار سوتية انة يطلب المكونات اللي هو بيحبها او يتعمل مثلا اضافة اكسترا زي مثلا لما بتطلب بيتزا بتقدر تطلب صلصة زيادة مثلا لو انا عاوز الخضار السوتية مثلا بتاعي كله بروكلي اعمل اية؟ يا اما يتعمل صنف في ال menu كدا
2037,لازم يبقا في امكانية لاختيار مكونات الخضار السوتية او يتم اضافة item في ال menu لو حد عاوز يطلب مشروم او بروكلي مسلوق لوحدهم
2038,الاوردر اتأخر السلطه متغيره
2039,I ordered a half kilogram of chicken fillet and what I received was a quarter kg as i do know the portion for both!!!!! I
2040,الستيك اتطلب بدون دهون الاوردر وصل الستيك كان مليان دهون، الطعم سيئ جدا
2041,بصراحه كان اختيار غلط منى انى طلبت حاجه من الدهان الاكل كله وصلنى بارد والطلب كان فيه حاجات متغيره
2042,يعني شغال
2043,لائق
2044,الاكل رائع ماعدا التوميه و الممبار قليل جدااا الصراحه
2045,"الفراخ المخلية والشيش طاووق والمكرونة حراق بلا داعى مع انى كتبت فى الملاحظات ""بدون شطة"""
2046,Chicken is not cooked well and has blood specially in thighs and was struggling to chew it.
2047,منتهي السوء
2048,جيد جدا ما عدا الشوربة كان فيها كمية ملح كانها مطبوخة بمية بحر
2049,طيار غايه في الأحترام والسرعه
2050,garlic dip was horrible and got me food poisoning
2051,No promotions provided for orders
2052,Baldy salad is awful.
2053,الوجبه لا تكفي طفل
2054,الكل وحش بجد مالح جدا
2055,الاكل جه بارد جدااا والفراخ مش فرش
2056,الاكل جه غلط و بارد جدا ذي ما يكون خارج من ثلاجه و غلط عشان كنت طالب فراخ بانيه ساندويتش و جالي سجق اسواء تجربه مع الدهان و الشيش طاووق كان تلج
2057,الاكل وحش
2058,سئ جدا
2059,اولا يعنى ايه عاملين حوالى ٨٠ ج ضرايب وتوصيل ده الاوردر ب ١٠٠ وحاجة ادفع قدامها ١٠٠ ج توصيل وجبتوه فى ساعة دى اول مرة اطلبكم واخر مرة طبعا داخلين علة ١٠٠ ج ضرايب وتوصيل ليه جاى من اسكندرية
2060,وجبة الستيك مشروم فراخ كان بيبقي معاها خضار سوتيه لكن المطعم قرر حذفها علي الرغم من زيادة سعر الوجبه مغالاه في الاسعار عموما بصوره باهظه حتي لو الاكل جيد فالقيمه مقابل السعر ستجعلنا نرحل بلا عوده
2061,بشع المرة دي
2062,الكفتة جايه من غير بقدونس او اي خضرة .. والمشروم قليل عن كل مرة.
2063,الاوردر ناقص خيار مخلل و سلطة بلدي و معاه 2 علبة طحينة و المفروض يجيلي 3 و الوقت طويل جدا
2064,الاكل جميل بس الحمام صغير جدا العيش البلدي سئ جدا
2065,١
2066,Very small portions for the price
2067,كنت طالب فراخ مخليه و الاوردر جيه عكس كده
2068,الملوخيه سيئة جدًا
2069,للاسف الاوردر كان سيء جدا والفراخ جت باردة اوى
2070,الفراخ كانت محروقه مش مشويه سيئة جدا
2071,للاسف ورق العنب بالكوارع من اسوء ما يكون
2072,محترم
2073,Chicken and meat very dry
2074,Shokran
2075,طعم الحمام كان تسخين ... للأسف ٤ حمامات فلوسهم في الارض
2076,مش زي كل مره
2077,الاوردر وصل غلط
2078,وحش وغريب وغالي
2079,اكل كان مش مستوي
2080,الكفته مش حلوه خالص
2081,vegetables not exceed my expectations
2082,وحش جدا و غالي جدا
2083,الفراخ مكنتش مستوية كويس
2084,الاوردر جه ناقص وسئ جدا تجربه بشعة
2085,دفعت فلوس طبق طماطم مخلل ومجاش
2086,الشوربة كويسة البامية كويسة اللحمة مكانتش حلوة والمطعم طلب ٥ جنيه دليفري زيادة!
2087,El order df3t 152 w hwa 122 el discount mt7sb4
2088,The worst meal I have ever had.
2089,لم يكن الطعام طازج
2090,لاننا صائمين من المفترض يكون التوصيل مناسب لموعد الافطار وخاصة ان الطلب كان يشمل دهون كثيرة
2091,وصل بارد و محروق في نفس الوقت للأسف.. بس في العادي الاكل حلو الدارك تشوكلت حلو اوي
2092,زفرة وبهارات كتير مش حلوة خالص
2093,الأكل وصل بارد
2094,سي جدا
2095,"Tarn was not so nice, not freshly made"
2096,الاكل وحش اوي
2097,تعبان اوي مفيش تتبيلة ولا طعم
2098,الاكل جميل والديليفري كويس جدا كل سنة وانتم طيبين
2099,لم يصل كيلو الطرب رغم سداد ثمنه
2100,بصراحة دى تانى مرة اطلب من الدهان اول مرة من فرع الرحاب والتحربة كانت سيئة جداات لكن المرة دى من فرع مصر الجديدة التجربة كانت ممتازة وطلبت الاوردر قبل الفطار بتلت ساعة ووصل وقت الفكار بالظبط والمعاملة من المطعم او طيار المطعم جيدة والاكل كان ممتاز
2101,الملوخية وصلت ساقعه الحمام صغير جدا جدا المشكل كان عجالي في اني طلبته ضاني السلطات سيئة جدا
2102,"EXTREMELY LATE DELIVERY, RUDE CUSTOMER SERVICE!!!!!"
2103,اوردر ناقص طلب
2104,الاكل جاي قبل الفطار بساعة الاربع وطبعا بارد
2105,The food was terrible! The meat is really really really bad!
2106,الفراخ المرة دى مكنتش طازة تحس انها بايته ومتسخنة
2107,الاكل كان وزنه أقل من المفروض ومش سخن كفاية
2108,تحياتى للشيف
2109,الاوردر وصل متأخر جداً والأكل كان بارد
2110,اكل وسخ في بلاستيك جواه، مكان معفن زي اكلهم
2111,بقا غالى اوى
2112,77777767666677789999999000000000000000000ooii6f7tx6rxutz5wzhvyfz7yb8yCpiv7tx7tv8trz
2113,hgysksksisjsbsvvv vshshsjsjbhsjsksksksolsslmsabbHHJzmznznzhHHbzzjjzkzzkzjzjzjjz
2114,استغفر الله العظيم فطار في رمضان بس من اوسخ اكل ممكن يجيلك كفتة بايظه و الولاد عندي تعبو جدا و حاجه اهر قرف حسبي الله ونعم الوكيل
2115,طلبت فطار من هناك الفراخ كانت بايظة والكفتة رميتها في الزبالة وتجربة كانت مزرية منصحش حد بيها لأن بطني وجعاني لحد السحور
2116,all
2117,خد خدمة توصيل زيادة عن اللي في التطبيق د
2118,اوحش مطعم بجد لتاني مرة اطلب اوردر ويجيلي حاجه تانيه خالص واكل تلج ووقت الفطار كمان بيفطروا الكلينتس بمزاجهم وبرود متناهي من خدمه العملاء ومفيش اخترام للعميل ولا الشكوي ومفيش اي تواصل من المطعم من اسوء تجارب بجد ومش هتتكرر
2119,جالي تسمم
2120,"The food was dry, cold and burnt. Very bad experience."
2121,grilled food is good until now but pigeon is small and not tasty
2122,نسيوا الطحينه وبابا غنوج مع ان كل طلب ليه طحينه وبابا غنوج ومدفوع طبعا
2123,برام رز باللحمة ولا أروع
2124,طلبت سلطة زبادي جاتلي سلطة خضراء وطعمها وحش جدا جدا ولا محطوط عليها أي توابل ولا زيت ولا اي خل ولا اي حاجة
2125,الفراخ سيئة جدا ناشفة جدا و للأسف مقدرتش اكلها
2126,Nice food as always except this time arrived 1 Hr 45 min from ordering.
2127,عظمه
2128,ممتازه جدا جدا لكن كانت الخلطه المسحب حاره لا تصلح للأطفال
2129,"Pigeon tasted awful,,cold , tasteless & undercooked & very very small"
2130,طيب
2131,الأكل بارد ..والفراخ ناشفة.
2132,حجم السندوتشات صغير جدا
2133,الاكل كان بارد والعلبة اللي جاي فيها الاكل غطاها مخبوط وداخل لجوا
2134,الوجبه كانت بارده جدا و الكميه اقل بكثير من المعتاد
2135,It will be more nice if you add more salads
2136,الاكل اكتر من ممتاز
2137,للأسف كواليتي الأكل سئ اللحم الكباب ناشف وتتبيل مالح وزياده الكفته ناشفه وملح زيادة
2138,الفراخ زادت الضعف ف السعر و قلت النص ف الحجم؟!!
2139,جودة الاكل سيئة جدا البانيه غرقان زيت مع حرصي على التنبيه والكوسا معاد تسوينها والاكل بارد مع ان الجو دافي
2140,ممتاز والتزام بالميعاد المحدد
2141,خدمه العملاء غير محترمين و محدش بيراجع الكومنت اللى مكتوب على الطلب
2142,غيرتوا الفراخ والتتبيلة والاكل كله اوحش ليه؟
2143,الحمام جه وحش جدااا اسواء مرة اكل فيها حمام من الدهان
2144,اكل. تحفة بس وصلي بارد
2145,كان الدهون عاليه جدا
2146,Small
2147,تسلم ايد الي طبخ المحشي
2148,Stuffed pigeon is missing
2149,اللحمة سيئة جدااا والملوخية خفيفة
2150,الفراخ كانت عظيمه فعلا
2151,اول مره الاوردر كله يكون وحش
2152,الاكل ممتاز لكن محتاج تقليل نسبه الملح
2153,الفراخ كانت ناشفه جدا وطعمها مش حلو
2154,الاكل وصل بارد جدا و كمان زياده فى الحساب عن الاوردر اللى طلبتو
2155,الفرخه بارده والعيش مش طازج
2156,خدمه عملاء وحشه جدا
2157,تحفه الطعم فوق الممتاز
2158,kofta was absolutely delicious. the same can not be said about the Makhasi undercooked
2159,والله خسارة حتي اقيمكم بنجمة اصلا اكل استغفر الله العظيم ميتكلش وغالي ع الفاضي وخدمة زي الزفت وكل مرة لازم حد يكلمك ويقولك عايزين فلوس زيادة
2160,الشوربة وصلت باردة
2161,Chicken wasnt well done there was little blood!
2162,الطواجن ممتازة طعمها بيتي جميل لكن كنت أفضل إن طاجن الملوخية باللحمة يجي في فخار مش علبة بلاستيك
2163,بقالي ساعتين و نص و الاوردر موصلش و دافه بالفيزا
2164,غالي على الفاضي الطعم مش مميز خالص وكمان مكتوب أن بيجي مع الوجبة سلطة جاي من غير سلطة
2165,قبل الموافقه على الاوردر تم الاتصال بى لزياده خدمه التوصيل 5ج اكثر من الموجود على الموقع.. و كذلك جوده الكفته سيئه جدا تقريبا خاليه من اللحم و كلها فول صويا الكفته لونها ابيض مش لحم مشوى
2166,تم زيادة الاسعار من شهر بنسبه ١٠٪؜ علي الوجبات الصغيره بدلا من ٩٠ جنيه لتصبح ١٠٠ جنيه، و بعد شهر واحد فقط من نفس السنه تم زيادة ١٥٪؜ اخري علي سعر الوجبه الصغيره لتصبح ١١٥ جنيه بدلا من ١٠٠ جنيه. هل ده طبيعي ان يتم زياده في الاسعار مرتين في خلال شهر وا...
2167,الأكل وحش جدا والسعر اغلى من المطاعم التانية بجودة حقيقي سيئة
2168,خدمة سيئة جداااا الاوردر اتأخر جدااااا جداااااا اكل وحش جداااااا جداااااا جدااااااا وكل مرة يكتبولك سعر تشتري بيه وبعد كدة يقولك اصل في غلط في السيستم وعايزين فلوس تاني ( وطبعا انا مش برضي ادفع جنية زيادة) ، هو لسه في حد بيعمل كدة في 2022 فين صاحب ال...
2169,اسوء اكل ممكن تاكله في حياتك.. ومش بس كدة لا ده كمان اسوء خدمة تتخيلها لازم كل مره حد يتواصل معاك ويقولك اصل في غلط عندنا في المنيو وعايزين فلوس زيادة علي المبلغ الموضح علي الابلكيشن.، اخر تجربة معاهم كانت عبارة عن فراخ زفره وفيها دم وحاجة تقرف وكفته...
2170,"unavailable , the whole section of the menu ready to cook is unavailable 😩"
2171,اوحش اكل اكلتو لحد الان الاكل كلو بارد الاكل مالوش طعم الطحينه ابسط حاجه تتعمل في البيت في المطعم وحشه جدا جدا جدا + طلبت الاكل وانا جنب المطعم وصلي بارد بجد نصحيه لاي حد متطلبش اكل هتتخدع فيه شكرا
2172,للاسف اسوء خدمة من فرع حسن مأمون..خدمة عملاء فى منتهى قلة الذوق .. البهوات بيبعتوا اوردرات ناقصة و بيستكمل الاوردر ب اكل متسخن من طلبات ناس تانية غالبا يعنى سرقة فى الاسعار و ميزان نص نص و كمان يا ريت فى ذوق فى المعاملة .. اخر كرة اتعامل مع الدهان اس...
2173,حضراتكم مطعم غير مسؤول و العمالة بتاعتكم تفتقد للمهنية و عندكم اسوء خدمة عملاء في تاريخ المطاعم و انا بالتاكيد مس هتعامل معاكم تاني و هحظر كل الناس من التعامل معاكم لحد ما تبدأوا تعرفوا ازاي تحترموا عملائكم !!
2174,جيده
2175,"Very sweet,😋❤️ and I liked it very much,😋 and everything is correct,👌 but a simple comment. Reduce the oil a little while grilling, so that the food is more healthy."
2176,ازبل اكل ممكن الواحد ياكله و جبلي تسمم اللحمة مستوردة و بتشد ملهاش. طعم و الاكل متسخن مليون مرة
2177,الاكل وصل بسرعة محشي ورق عنب بالكوارع حلو جدا والكفتة معموله حلو والاكل جاي سخن
2178,Always delicious
2179,حراميه ... الربع كيلو فيليه 200 جرام بالعلبة بتاعته
2180,C
2181,محروق
2182,اسوأ طعم فراخ دقته فى حياتى والاكل كان بارد جدا جدا
2183,السلطه الخضراء غير متبله الطماطم المملحه مهريه الخيار المخلل نى الفته معجنه لحمه الموزه غير متبله وعادبه جدا المحشي والممبار بايت بايت دا غير طاجن الباميه هو فين الطاجن باعت علبه بلاستيك غير مسبكه تماما مش ممكن تكون بتقدم الجوده دي عندك في المطع...
2184,"We always order from here. Quality is excellent, and very consistent."
2185,الفراخ مكنتش مستويه كويس
2186,Not as description
2187,البطاطس فيها شعره الفراخ بعضها كان زفر الورق عنب مش كله طازه
2188,كان الأكل مش مستوى بالدرجة الكافية من الداخل على عكس العادة من الدهان
2189,the chicken had blood
2190,الفراخ الفيليه المشوية غير مستوية
2191,فرع المعادي الفته و صلصتها حاجه أستغفر الله العظيم ومن غير عيش رز بس أوحش فته في الكون كله (حسبي الله في اللي عامل صلصة الفته مايفهمش بربع جنيه طبخ) الحمام المشوي محشي مافيش طعم خااالص
2192,I got a order of mashed potatoes !! Which i didnt order instead of cream of chicken
2193,الفراخ متفلة وقديمة والتتبيلة فيها حبهان كتير.
2194,The chicken steak was really dark and the sauce was extra salty not as usual but the rest was good
2195,الاكل مش مستوى كويس
2196,جميله ونضيفه
2197,The order took a LONG time and it came wrong!!
2198,مكرونة حمضانة سجق ناشف
2199,I like
2200,"Wrong Cost, it shall be 165 not 170 EGP"
2201,الفراخ المشوية ممتازة
2202,الفراخ عكس كل مرة محروقة و زفرة
2203,تسلم ايديكم والله الدهان اسم كبير
2204,اوردر غلط
2205,"Ordered at 5, now its 7:40 and havent recieved it yet. Its not even the first time to happen!"
2206,the food coming cold
2207,the orzo soup is perfect
2208,الاوردر وصل بعد ساعتين ونص
2209,طلبت الشيش ميتقدمش على خضرة وجيه على خضرة
2210,المشكلة بس ف الاسعار غالية حبتين
2211,الاكل طعمه حلو جدا بس وصل بارد شوية مع ان الفرع قريب بس تتعوض ان شاء الله المرة الجاية
2212,تأخر وقت التوصيل لفترة كبيرة
2213,Bad oil used made us sick
2214,الضريبه والخدمه المضافه هو انا كنت كلت في المطعم علشان ياخد مني خدمه توصيل وضريبه 50 جنيه
2215,موصلش اصلا و الفلوس اتحسبت
2216,Dg
2217,Late causing the order to be super cold while the distance between my place to yours is less than 25 mins!
2218,Chicken not well cooked
2219,مينفعش ان المكرونة دي تتاكل
2220,why no lemon with the soup?
2221,Little quantities
2222,للأسف الفراخ كانت مش مستوية كويس وبعض الأجزاء كان فيها دم ومش مستوية خالص
2223,The packaging was an absolute mess I had to spend 10 minutes cleaning first.
2224,وجبه تعبانه خساره فيها الفلوس والله
2225,عيش متقطع وطري جداااا ولحمه مستوتش كويس
2226,الاكل مش مستوي وطعمه مش حلو
2227,موزه بتلو ناقصه سواء
2228,تحفه دايما بانيه عندكم جميل وكميه مناسبه بجد بشكركم دايما انكم ممتازين
2229,Food was late Wrong food And they made meals more expensive
2230,مش المفروض ادفع ٣٥ جنيه دليفري و المحل جنبي ب ٣ كيلو بس.. و الفكرة اني رفضت مبلغ الدليفري اما كلمتني واحدة من المنيوز و قلت لها الغي الاوردر لو الدليفري ٣٥
2231,نفسى الطحينة تكون اكبر. عشان رائعة!!
2232,Food was cold! And came late!
2233,tasted awful
2234,سعر ربع كفتة اصلا ب 47 جنيه و عندكم ب 83
2235,the food was cold and came late
2236,ملح كتير جدا فى الاكل
2237,وحش وصغير وبارد وبايت
2238,الخيار المخلل مجاش مع الأوردر
2239,اسوا اكل و خدمة مطعم لا يفقه شئ عن المشويات و خدمة العميل طالب فرخة محشية كاملة و اكل تقريبا حسابة ٢٠٠ جنية و شوية و مش حاطين معاة ولا سلطات ولا عيش دة اولا المهم بقي جودة الأكل نفسها متستحقش يدفع فيها جنية واحدة الفرخة تبص عليها تقول دي حمامة اكيد م...
2240,كباب الحله زايد في الملح و كل ما اطلب رز بالمكسرات يجيلي بالخضار غريب جدا ☹️☹️☹️☹️☹️☹️
2241,I got food poisoning from the food I ordered from Eldahan yesterday I have severe stomach pain and severe diarrhea I got poisoned 🤢
2242,الأكل وحش جدا
2243,الاكل كان مالح جدا جدا و بارد جدا بالرغم من قرب المسافة بين المطعم و البيت
2244,"The veal chops taste so bad , actually we didn’t feel good after 🥴"
2245,Bas el ferakh gat b3adm bardo
2246,الطيار ذوق جداً ومحترم والاوردر متأخرش والتغليف ممتاز، لكن الطعم سئ الفراخ مش في نفس مستوي باقي الحاجات عند الدهان.
2247,سي سي سي سي للغايه وجاء غلط بدل الكباب كفته والشيش زفر
2248,المكرونه بالبشاميل وحشه اوي .. ومفيهاش ريحة اللحمه .. طعمها سيء جدا
2249,Late delivery plus the discount wasn’t accepted
2250,شكرا جدا
2251,cream soup is AMAZIIIIIIIING 🤩
2252,Excellent as always
2253,الملوخيه تحفه 🤩
2254,اللحمه ناشفه خالص و دهن كتييير
2255,الاكل رائع ..
2256,انتفاخ و ميل للقئ لن اطلب مره اخري منه
2257,The order reached after more than two hours While after 1.5 hours I was told that it is on its way.
2258,So bad
2259,Salty
2260,يعني ولا حاجه كانت كويسه او متوسطه حتي الشيش طاووق كان ني من جوا شوربه المشروم مالحه جدا جدا متتشربش وضاجن البطاطس اللحمه سيئه جواه بتشد وكميه بصل فظيع
2261,Food was great as always. but there was a missing item
2262,The pane was to thin and over fried
2263,تطلبوا تقييم والطلب لسه ماوصل ؟ و طلبت اضافه ربع فرخه وتم الرفض وهذا اسوأ شيء، وتأخير لمدة ساعه عن الموعد المحدد وهذا اخر تعامل نع المطعم والابلاكيشن
2264,الطلب الخاص بالمحاشى غير مغلف تمام يعنى العلبه الغطاء ممكن يفتح وبالتالي لم استعمله المفروض طالبه ربعين صدر فراخ مشوى يوجد طقم شوكه واحده فقط مع الوجبتين غير كده الاكل مستوى كويس جدا والتتبيله كويسه
2265,ليه المرة ديه الاكل مش حلو لا ساخن الاكل وشكله يقرف وجالى اسهال بعدها ارجوا الاهتمام بنظافة الكل ونظافة الشيف اللى بيعمل الاكل
2266,الكفتة مش احسن حاجة
2267,They swapped the oven pasta with rice !!!!! Chicken tasted awful
2268,بجد اسوأ مرة أكلت فيها من عندكم انا طالبة الساندوتشين الشيش طاووق بأكسترا خيار وسوا زيادة جاينلى سادة من غير خيار ومش حلو نهائى بجد !
2269,كميه ملح رهيبه جدا في كل الاكل انا رميت الاكل فعلا
2270,وصلي بعد ساعتين ونص حقيقي متدايقه جدا
2271,الفريك معجن جدا ومفيش اي سلاطات الاوردر متاخرش بس الاكل بارد اسوء مره
2272,♥️♥️♥️♥️♥️♥️
2273,the soup was so so bad i liked the fresh muchroom
2274,الطلب لم يصل
2275,خراااا
2276,للاسف الطعام كان بارده
2277,كويس جدا بس ناقص تسويه
2278,very poor
2279,الاكل حلو جدا بس وصل بارد
2280,لا يوجد ارز
2281,المستوى انخفض
2282,الحواوشي السبايسي مش سبايسي و سعره بقي اوفر اوي علي حجمه مقارنة بناس تانية حواليه
2283,الطواجن فيها طعم غريب نفسي افهمه .. (الرز المعمر و الكوسه الباشميل و المكرونه الفرن) الغنوج مالوش طعم و طعم الطحينة غير متماشي مع الأكل لو هتطلب ويل دن لازم تأكد عليهم عشان هيطنش و يعمله مستكاوي الرز بالخلطه طبق يكفي عيل صغير ب ٤٠ جنيه الحمام حلو أوي
2284,الكفتة سيئة جدا جدا ملحها زيادة جدا
2285,تمام بس الاكل اتاخر جدا عقبال ما اتحرك
2286,نص الفرخة المخلية 100 100 حاجة الدهان نظيفة و محترمة اتمني الاستمرار و دوام الالتزام بذلك و بارك الله لكم و وفقكم دائما معلومة للعلم نص الفرخة بلا جناح او دبوس صدر و ورم فقط لكنه يستحق
2287,من اسواء المرات، الاكل مش طازة
2288,وحش جدا جدا جدا الشوربة تلج والفراخ فيها رائحة
2289,متاخر
2290,حرامي و نصاب و مبيهتمش بالناس.....مطعم غير أمين
2291,عدم اهتمام واحترام للعملاء
2292,I didn't receive my order till now
2293,المعتاد مستوى عالى للاسف عظم فى شوربة الكوارع وعلبة طحينة مكسورة اترمت...!!!!
2294,انا بشتكى وعاوزة مدير الفرع دة يكلمنى ........الفراخ المشوية شيش للاسف محروقة وغير كل مرة قطع كبيرة وشوربة العدس سيئة جدا والحمام ناشف ومتسخن ومش طازة مجلد للاسف الاكل كان اوحش مرة طلبت من عندكوا !!!!!! حتى الارز الابيض مش مستوى الاكل كله مش كويس
2295,فلفل كتير
2296,أول مره البانيه ما يبقاش مستوي ويبقي مليان وبيشر زيت كده
2297,الدليفري محترم للغاية و الدهان كالعادة جودة و كمية و اسعار رائعة
2298,الاكل حلو بس الدليفيري طلبت انو يكلمني قبل ميتحرك و مكلمنيش
2299,Slow delivery
2300,الاكل المرادي سيئ جدا. وبارد خالص
2301,طلب ربع كباب جاي كله كفته
2302,الطلب جه ناقص ورجع كملوه تاني . فته الموزة كانت سيئة المرة دي (الصلصة قليلة في الفتة والموزة مش مستوية كويس )علي عكس كل مرة كانت قبل كدة جميلة
2303,Most is burnt
2304,في منتهي السوء انا رميت الاكل كله ... اللحمة بتشد و باردة و العيش ناشف و الرز معجن تجربة سيئة جداً جداً جداً جداً
2305,"Food was good, but it was not warm"
2306,very bad
2307,الرز كان مالح جدااا بس الاكل الباقي كان جميل
2308,Food was really Bad
2309,وصل بارد
2310,الاكل كان بارد جداا + الأسعار مبالغ فيها
2311,الاكل بااارد جدا
2312,اسوء تجربة على الإطلاق
2313,الاكل وصل بارد
2314,اتأخر عن الوقت
2315,الاوردر كله جاى بارد !!!
2316,كله كويس
2317,الاكل كان بارد جدا والحواوشي مكنش مستوي حلو والطارب كان جاي بارد جداا
2318,توابل الاكل كتيرة والامل وصل بارد
2319,الحمام كان سئ جدا بجد تجربة ندمان عليها و مش متعود عليكم كدا .. الممبار كان معقول
2320,the delivery guy was so rude
2321,It was supposed to be raw chicken without bones
2322,food wasn't cooked properly
2323,الحواوشي عالمي
2324,"The taste of food was freat, but arrived a bit late."
2325,Lamb mouza wasn't cooked well !!! disappointed !!
2326,الاوردر مش حلو و الفراخ فيها دم اترمت سعر التوصيل اتغير و العنوان وصل غلط و على ما وصل كان تلج تجربه سيئه جدا
2327,الاكل حلو ولكن كان بارد مش سخن ياليت المره الجايه يكون الاكل سخن لان المطعم قريب اوي من الشقة
2328,بس ياريت يبقى فيه اهتمام بالملاحظات طلبت نص فرخة حار ونص عادي والطلب كان كله حار
2329,did not take the order
2330,الاكل فيه دم
2331,Excellent taste 😋
2332,الاوردر اتكنسل من غير سبب
2333,the food was so uncooked and the rice was the worst taste I have tried
2334,الاكل بارد ووصل متأخر وتم اخذ فلوس توصيل اضافيه نقدي
2335,ممتاز بجد شكرا ❤️❤️ و خدمة الدعم و المتابعه و كل حاجه زي الفل❤️
2336,chicken came with bone not boneless . and cold . however it was clean nicely wrapped and tasted good.
2337,الاكل اتأخر جداً ساعتين الا ربع وجاي بارد اوي
2338,الفراخ لم تكن كاملة النضج وبها دماء
2339,Very well done
2340,طلبت مكرونة spaghetti وكانت ملهاش أي طعم وعادبة. وطلبت إسكالوب وحرفيًا كان عبارة عن جلد فاضي (دقيق وبقسماط) بس وحتة لحمة صغيرة جداً.
2341,Love it
2342,Not happy
2343,هو ممتاز فى كل شئ
2344,الأكل كان كله بارد
2345,Shish meal used to come with potatoes and it didn’t come. Not enough salads for same prices in other restaurants Hawawshi was so cold and absolutely not fresh Very poor from AlDahan
2346,بارد جدا
2347,There was a hair in kofta
2348,بياخد وقت طويل جداً للتوصيل.. والأكل وصل بارد
2349,الاكل بارد والتوصيل اتاخر ساعة
2350,taste
2351,عصير البرتقال لم يصل
2352,تأخير وصول الطلب ونسيان بعض انواع السلطات والكباب قطعة واحدة فقط ضاني والباقي لحمة بتلو او كندوز
2353,cold food
2354,الاكل منتهي الجمال حلو جدا كابل حلو اوي و اكل كفي جدا
2355,ربع الكفته ٤ صوابع مقطمين وصغيرين جدا وباين انهم يادوبك سيخ وزنتهم لقيتهك حوالي ١٤٠ جرام ولما كلمت خدمه العملا قالي ان كيلو الكفته بيصفوا علي ٥٥٠ جرام بعد الطهي والكميه دي كويسه عالسعر و ده بالنسبالي مش مقبول
2356,السعر غالى شوية
2357,.....
2358,ذبالة و عشان الدفع اون لاين كانوا مش هايبعتوا الاوردر اصلا و الاكل بايت و حاجة مقرفة و الاكل مش نظيف و تعبنا منه
2359,الملوخية كانت ساقطة و طعمها سيء و الحمام مش مستوي جيدا و النكهة غريبة و فلفل كتيير جدا.. البانيةه محروق من برا و مش مكمل سوا من جوا بلا نكهة و تخين جدا!
2360,Good but not excellent
2361,اللحمه كان لازم تيجى احسن من كده و خاصتا انى كلمت خدمة العملاء بتوع الدهان و وصيتهم على اللحمه و كمان كتبت ملاحظات فى الاوردر ان اللحمه تكون كويسه بس بردو جت فيها دهن كتيير
2362,الفرخه مش مسلوقه كويس انا كملت سواها
2363,The order was 45 minutes late since I’ve been told that the delivery guy was out of the restaurant while the fact is that I’m not more than 10 minutes away As a results the food came cold
2364,the pic has 2 pigeons and I received one
2365,cold
2366,فقط الفراخ غير جيدة
2367,Great food
2368,الاكل كان بارد جدا و التغليف سي و الحواوشي حرفيا بارد و مجلد و الممبار ناشف و مكنش بيتقطم حتى تقريبا السلاطات اللي كان كويسه بس
2369,It didin’t arrive
2370,الحواوشى والمكرونه الفرن دون المستوى للدهان مع تمنياتى بتقييم افضل فى المره القادمه
2371,كيلو الكباب قليل جدا وتوصيل بيأخذ وقت جامد وبيتأخر
2372,الاوردر اتأخر والموضوع أصبح متكرر مش مره ولا اتنين مع ان الفرع قريب جدا !!
2373,Not well done.
2374,late delivery + cold food
2375,وجبة نص فرخة مسحب حلو جدا بس طبق الممبار كان صغير قوي و الدليفيري أتأخر شوية
2376,الاكل حلو بس التوصيل اتاخر جدا
2377,آخر مره أطلب منهم الفراخ كلها دم من جوه
2378,كباب سئ نصه سمين وطعمه وحش ، ملوش علاقه بالكبابجيه خالص
2379,اكتر من ساعة توصيل وبعد كده الاكل بارد جدا
2380,تمام ربنا يزيدكم ويبارك فيكم
2381,الاوردر وصل بعد ساعتين حتى بعد اتصالي بعد ساعه من الطلب و وعود و حالا يافندم و ربع ساعه يكون عند حضرتك وفالاخر وصل نيء
2382,الأكل كان ناقص سواء
2383,الطلب خاطئ بدل من ربع كفتة و نص فرخة مخلية، الذي وصل ربع كبده و نص دجاج بعظام.
2384,الحواوشي حار جدًا ان يكون أقل
2385,الحواوشي طعمه وحش أوي
2386,طلبين من التلاتة كانت الفراخ محروقة و ناشفة
2387,الكباب طعمه سئ جدا ومش مستوي كويس ورميته وحرام عشان أكدت عليكم أنه يكون مستوي كويس
2388,طعم العيش كان وحش جدا ناشف وبايت
2389,بردو الاكل مش سخن ومولع مع ان الدهان جنب بيتي. شكرا.
2390,جميل جداً
2391,جيد جداً
2392,الاكل مش سخن
2393,Packaging was good but food not much
2394,التوصيل تأخر 10 دقائق عن الوقت المتوقع
2395,يع
2396,نمبر وان
2397,سانداوتش الشيش طاووك مش حلو ابدا و العيش مش متحمص
2398,Cold food No salads Rice was not fresh Taste not as expected ❤️
2399,تمام التمام
2400,Thank you so much for taking my comments on last order into consideration.
2401,the food arrived late and cold. I don't know whether the problem was in El Dahan or elmenues
2402,...
2403,الأكل كله بارد ..مش دافي حتي
2404,Coldddd
2405,100
2406,Garlic dip was really gross
2407,The food was not fresh at all
2408,بجد اسوأ ملوخيه وشوربه كلتها ف حياتي
2409,الفراخ مش مستوية كويس
2410,ممتاز شكرا جدا
2411,2 hours late!!
2412,The chicken was cut into small pieces when i requested it to be larger cuts.
2413,الوردر كان فيه غلط
2414,مايستهلوش ولا نجمة الاوردر مبيوصلش والخدمة زفت ومفيش اي رد
2415,الاكل سيئ للغاية الاكل بارد والملوخيه من غير تقليه والعدس مالح والمكرونة من غير طعم مع الاسف
2416,التوصيل بطيئ جدا و الاكل جيه بارد
2417,Tarb was terrible
2418,it was a little cold
2419,الاكل بارد وغير طازج
2420,خدمه ٥ نجوم
2421,ممتاز ووصل اسرع من الموعد المحدد شكرا
2422,الخضار مش مستوية ما تتاكلش والملوخية عبارة عن مية و رشة ملوخية
2423,مكنش طعمه حلو للأسف واللحمه لسه نيه مش مستويه كفايه والكميه كمان قليله
2424,فوق مستوى التقييم من حيث الجودة بس لازم يركزوا على عدم وصول الاوردر بارد للعميل
2425,شكراا جداا
2426,Tasty
2427,الا كل بارد
2428,baaaaad chicken never to order from him again
2429,مطعم خرا الاوردر مجاش زي مانا طالب ومفيش متابعه المطعم بيأكلنا علي مزاجه سيئ جدا
2430,طلبت شوربة كوارع و فتة ، الكوارع كانت مش مستوية كويس و رميتها !! يا ريت تحافظوا علي المستوي ثابت مش مرة حلو و مرة وحش !
2431,Great as usual!!
2432,بس الاوردر اتاخر لكن الاكل تححححفه
2433,الأكل كان حلو بس البطاطس كان قليلة كانت نص العلبة
2434,الفراخ مش طازجه زى كل مرة مستويه من قبلها بيوم ومتسخنه
2435,الموزة الضانى طازجة و طعم رائع. الخضراوات لم تكن على نفس القدر من الجودة
2436,زفت الاوردر وصل غاط عروق لحمه مش فيليه زى ما طلبن والاوردر اتاخر جدااا وصل ف ساعتين الا ثلث
2437,الاكل بارد و غير مهتمين بالكومنتات
2438,El kofta mal7a gidan we akl malyan tawabel
2439,الفرخ بشعه بجد و نايه
2440,ممتاز أحلى كباب كلته من عشر سنين
2441,مطعم ممتاز الفراخ جيدة
2442,الشوربة كانت مالحة بزيادة والمحشي بايت ورزه مجلد غير كده كله كان كويس جدا
2443,الاكل اتاخر
2444,بقى سىء رغم أن كنت بجيب كل يوم
2445,soooooooooo cold
2446,الاكل وصل متأخر جدا وباردد
2447,الشوربة فيها شعر ! اخر مرة اطلب منكم.
2448,الفراخ مش اوي والحاجة قليلة
2449,الأكل حلو بس كان بارد شوية
2450,المرة الي دفعت فيها بالفيزا الاكل جالي مختلف عن كل مرة في حجم الفرخة ... دايما بيجيلي نص فرخة محترم ... المرة دي كانت خاسة النص مثلا ... فا انا كدا مش هدفع بالفيزا تاني بقي
2451,الخساب دايما غلط لو اخترت سلاطة تومية
2452,الملوخية فيها ملح زيادة
2453,الحمام كان كويس بس الرز زياده في السهومش متبهر كويس والحمام مافيهاش لحم نص كيلو مليان دهن كتير واوي والكميه قليله بنسبه للدهن اللي موجود في الكباب
2454,اكل و خدمة ممتازة
2455,الطرب سيئ .. المنديل رقيق جدا و فيه زي شغت بيشد
2456,الفراخ مش مستوية وكان فيها دم وصورتو للمطعم ومش اول مرة
2457,The food was Cold
2458,الاكل بارد جدا و الفراخ سيئة جدا
2459,كله تمام
2460,ليه توابل و مرق كتير علي الاكل العدس المفروض يكون اخف من كدة
2461,خلو جداا تسلم ايديكوو
2462,كل حاجته جميله الا الفراخ بانواعها المشوي والشيش طاووق .. الخ الخلطة وحشة جدا ودايما السوا مش مظبوط وبتشد .. دي خلاصة تجربة ٣ سنين
2463,طلبت دليفري اخر مرة أكل في منتهي السوء لا يمكن يكون ده الدهان بتاع زمان ده أكل معمول تحت السلم اكيد
2464,الاكل كان وحش
2465,لذيذ اوي
2466,meat was dry
2467,جميل بس الاكل وصل بارد
2468,حواوشي ني وفراخ نيه ومقرفه وأكل بارد تلج حرفيا الأكل اترمي في الزباله حسبنا الله ونعم الوكيل
2469,زي زفت ابشع مطعم كلت منه والاكل كله اترمه في زباله فلوس في الأرض
2470,The delivery was very late
2471,"The boneless chicken wasn’t boneless, it wasn’t well-done and it was cold"
2472,أنا بطلب من الدهان تقريبا بقالي اكتر من ١٢ سنة وكنت من اكتر الناس اللي بتعمل له دعاية من كتر ما الأكل والخدمة والسعر مقابل الخدمة ممتازين. لكن بقالي حوالي سنتين كل فترة اطلب وتلاقي حاجة مش تمام ومن تاني انسي وبعدها بفترة اطلب تاني. اسوأ طلب كان امبار...
2473,كمية الرز كانت قليلة الكفتة طعمها عادي
2474,cold food. late delivery
2475,the rice was spilled
2476,الاكل بارد جدا جدا جدا وتاخير
2477,دايما رائع ومميز كالعاده احسن مطعم فب مصر
2478,I am always ordering two separate orders for 2 persons-pigeon-and you must put them in separate boxes and also the size of them is too small.
2479,"Thick escalope hard to eat, cold and oily French fries"
2480,البانيه سميك زياده عن اللزوم
2481,انا طلبت موزة بالشعرية بالكاجو جميلة جدا الاكل طعمة حلو والاوردر وصل بسرعة
2482,الاكل جه بارد وطعمه وحش جداااااا والفراخ متبهدله كأنها بواقي من حد كان بياكل ف المطعم . تجربه زفت بصراحه
2483,الاكل بارد جدا
2484,الأكل جه بارد الفراخ ماكانش ليها طعم من كتر ما هي باردة والحمام صغير جدًا مع إن سعره زي سعر فرحات والحمام قد ده مرتين
2485,الطاجن كان مالح جدا
2486,الاكل كان بارد و جودة اللحمة بق ت سيئة جدا
2487,اكل ممتاز جدا
2488,التوصيل اتاخر جدا والاكل كان بارد
2489,الفراخ مش مستوية و الملوخية مش حلوة
2490,نصابين
2491,صراحة جودة و طعم و نضافة و تغليف اكتر من رائع و الاكل جاى سخن 👌🏻🥰
2492,الاوردر وصل بارد وملوش طعم اخر مره اشترى منهم
2493,I was charged extra fees without my consent
2494,Meat excellent Fatta not good
2495,الطلب لم يكن سخن بالدرجه الكافيه...كان اقرب للبارد منه للسخن
2496,Most of the food prefect except the steak & zucchini was not that delicious. The steak was full of fats and few mince meat in the Zucchini
2497,"The chicken was not well cooked, was still need to be cooked. The oil was too much. It was very low quality and i threw it away. Very unsatisfied."
2498,الاكل بارد جدا والفراخ مش مستوية والحواوشى طلبه حار مش عادى
2499,الاكل كان مثلج Food was very cold!! Really disappointed
2500,الاكل وحش جدا و اللحمه مش مستويه كويس
2501,It was meat steak instead of chicken and I didn't discover it except after I took the first bite since it was totally covered by the brown mushroom sauce and I already donne like meat and had no choice to replace it since order was opened ...
2502,وصلتني شوي باردة
2503,The chicken panne was fresh and the pieces were big. The fatta was very delicious. The dark chocolate mousse was creamy and not too sweet.
2504,bad taste مافيش تقلية اصلا
2505,حاجه محترمه بس
2506,حلو جدا بس سعر غالي كمية
2507,ورق العنب طعمو وحش وبايظ وريحتو كريهه ، الفرن فرايز بارده جداا ومش معموله فريش
2508,Very delicious steak and well done
2509,حلو ❤️
2510,للآسف طلبت الحواوشي عادي وصلني سبايسي والأكل كان بارد
2511,ممتااااااز جدا بس الدليفرى مش متربى قليل الادب
2512,انا كنت طالب فرخه جالي كفته
2513,طلبت ٤ سلطة زبادي .. جالي واحده طحينه و واحده بابا غنوح وواحده طماطم !!! ربع الفرخه اللي لوحده كان جلده محروق 😕
2514,ok
2515,الاكل حلو جدا بس بارد
2516,الارز كان بارد خالص على غير العادة !!
2517,طلبنا نص ونص فراخ وصل نص فراخ ونص لحمه شكرا لذوقكم ✋
2518,ناس محترمه
2519,طلبت حواوشي عادي و بردو جالي سبيسي، دلوقتي واحد هيقولي ماهو العادي فيه شطه بردوا هقولك انا بأكل الدهان بقالي عشرين سنه وعارف أن العادي في بعض من الشطه و السبيسي الشطه فيه كتير و مع اني عامل كومنت باكد اني عايزو عادي بردو جالي سبيسي، بصراحه حاجه تزهق
2520,جامدة اوي الصراحه
2521,بصراحه الكل سيء جدا جدا جدا جدا المقبلات تقريبا بايظه مكرونه الفرن ولا أسوأ الكفته لاطعم ولا اي حاجه محبط للغايه
2522,صدور البانيه نصها كان ني مش مستوي تاني مرة
2523,it was bad test
2524,very good
2525,طعم البانيه وورق العنب ردئ
2526,pickled cucumber didn't come
2527,كل شيء ممتاز
2528,was not fresh and dirty ..got sick
2529,الاكل جاي بارد اوي و البشاميل نقطتين عالوش بس
2530,was very bad and burn
2531,ورق العنب كان مش مستوي ودي تاني مرة يوصلي مش مستوي
2532,الأكل كله بارد وسئ جدا مش طبيعي خالص انتو اغلي من اي حد تاني عشان تقدمو خدمه محترمه مش عشان نستلم اوردر بالمنظر ده
2533,تسوية الفراخ لم تكن جيده
2534,The chicken was salty
2535,"the food was old, cold and tasted horrible, worst experience incredibly low quality"
2536,الفراخ كانت مش فريش وكانت ملوثة
2537,الاكل وحش جدا وملوش طعم بابا غنوج بايظ الفراخ دلعة ومفيهاش اي تتبيلة الممبار اترمي في الزبالة دي مش اول مرة تحصل ومش هتحصل تاني لانه آخر تعامل
2538,في عضم صغير في الكفته
2539,كان بارد وبايت ووحش جدا ده غير انو جاه بعد ساعتين ونص تجربه بشعه بصراحه
2540,جميل جدا
2541,اضافة مبلغ 5 توصيل
2542,سئ جدا جدا جدا
2543,الاكل مش زي الاول خالص
2544,الاكل مكانش مستوى كويس
2545,الأكل وصل بارد تلج
2546,يوم السبت ٢٢-١١-٢٠٢١ الريش رغم اني كتبت الي انا عايزه في الملاحظات و ايضا اتصلت بخدمه العملاء قولت نفس الكلام الا انها جه فيها جزء كبير مستوي زياره او محروق و مش كلها جوسي مش معقول مطعم بالحجم ده الشيف فيه مش فاهم يعني ايه ريش جوسي و مش محروقه
2547,الأكل وصل بارد جدا جدا والشوربة بارده
2548,الاكل كان بايت او مسخنينه
2549,الاكل حلو و طازج والتوصيل سريع
2550,Chicken pane had hair in it
2551,الطعم مكنش حلو
2552,بيسنوا يحطوا لمون
2553,الاكل كان بارد، بس الجودة زي ما هي الصراحة والاكل طعمه حلو
2554,كويس وممتاز
2555,الشوربه كانت وحشه لدرجه لا توصف
2556,الاكل بارد ومش كويس وترمي في الزباله وشكرا ليكم علي التأخير
2557,Bread not so great
2558,الاكل بارد جدا وسيئ
2559,"the rice pudding was expired and rotten, I almost vommited, this is disgusting, if your dessert expires that means most of the food I'm eating from your restaurant must be a few days old, I can't believe this"
2560,It was extremely cold and a piece of the chicken was not cooked well.
2561,الاكل كله سئ سواء الكفتة أو الطرب عبارة عن دهن حتي الشيش طاووق بشع
2562,الاكل مش خلو خالص زي اول مرة طلبت فيها
2563,الكفتة حلوة فشخ و الحمام المشوي جامد اووووي
2564,انا طالب ٣ صدور جالي ٢ صدور و ورك
2565,Raw chicken.
2566,more than super
2567,Food was thrown all over in the bag 🤦🏾‍♀️ but the taste was still very good.
2568,الخبز غير طازج
2569,ثلث يجي ٣ قطع ازاى
2570,الورق عنب سيء جدا والحواوشي مش قد كدا شوربة الكريمة كويسة بس الفراخ ال فيها طعمها وحش
2571,الفراخ محتاجه تتبيلة اكثر من كده شوية وتتفتح بالسكينة للتتبيل الجيد التسوية كويسة والصدر طري مش ناشف الحواوشي كمية اللحمة كويسة لكن الرغيف صغير يعني الرغيف عايز يبقى اكبر ونفس كمية اللحمة تتوزع فيه عشان العيش ميتحرقش ويبقى حواوشي بجد مش ساندوتش لحمة...
2572,الكفته كات حلوه و سلطه الطحينه كمان
2573,Delivery was very late and bad
2574,جيد جدا ومنتهى النظافة وتتبيلة شهية
2575,Vrey Good
2576,Food was cold and very bad
2577,فراخ بدمها و نيه
2578,"Food with good and fresh , portions are good too i ordered kofta, kebab (was fatty somehow), grilled chicken and hawawshy."
2579,good taste
2580,Worst grilled chicken ever ! It wasn’t well done at ALL !! and I ordered it boneless and it came with bones
2581,لتاني مرة طعم الفراخ البانيه سمك .. ممكن لتاني مرة تغيروا الزيت اللي بتتقلي فيه الفراخ
2582,الحمام المشوي كان صغير جدا لكن كل شيء تاتي روعة كالعادة
2583,ساقع الاكل
2584,I ordered 3 sandwiches and the order took more than an hour and a half. They were also refusing to cancel the order after all the waiting.
2585,سلوك ومظهر الطيار رائع
2586,قليل
2587,ناقص يستوي
2588,سيء وبارد
2589,اول مره احس ان الاكل سىء للغايه ومكنتش الفراخ مستويه كويس تجربه المره دى غير موفقه بالمره مع انى كل اكلى من عنده
2590,الوقت تأخر جدا
2591,Nice food.
2592,j
2593,Nice foood
2594,very good service
2595,the order came late and upside-down
2596,طعم وحش جدا والاكل سيئ للغايه
2597,Not good yet
2598,الطلب وصلني نص سوا مش well done زي ما طلبته
2599,في اوقات يكون الطعم حلو والنهارده كان مش حلو
2600,المطعم محترم واكله جميل بس انا طلبت فرخة محشية معرفش ازاي يكون شيف هو اللي عملها اتمنى من مطعم محترم زي الدهان يا اما تشيلها من المنيو أو تعملها افضل من كده
2601,chicken and mombar was cold and this is bad experience
2602,كله تمام وشكرا
2603,The pigeon that I ordered was very cold as as if it was lifted for ever l was so disappointed honestly
2604,Thank u
2605,الفته حلوه اوي
2606,worst food ever
2607,كله حلو
2608,الكميات قليله اوي
2609,كمية قليلة / السعر المرسل من المطعم مختلف عن السعر هنا ع الابلكيشن
2610,الاكل بااااارد جدا جدا للاسف بقي سئ جدا
2611,المطلوب الفراخ بدون شطة ولكن جاء الطلب بشطه وعظم الفراخ به دم لم يتم تسويته جيدا
2612,I order chicken breast but i got something else
2613,"The kofta portion seemed very little. The chicken pane was not cooked enough. The oven pasta was tasteless, Bechamel was too sticky. Overall, I felt that I didn't get much food value for money."
2614,المكرونه ليست ساخنه
2615,الاكل ناقص ملح جدا
2616,the grilled chicken was cold
2617,جالى طرب بدل الكباب
2618,food was bad and got sick after eating
2619,كان الاكل مقلوب ع بعضه وحاجا مش حلوه خالص وكميه للطلب مشكل مش مظبوطه
2620,طعم يوك الملوخية بارده ما الها طعم الممبار ناشف معمول من فتره الطحينه و هي أضعف الأيمان بدون ليمون السمان سم بدن 👎👎👎👎👎
2621,اعتقد الخطا من عندي لان الاكل كان فيه زيت
2622,سيئ جدا الاكل بارد جودة اللحم سيئة الحمام المحشي صغير جدا
2623,فراخ استغفر الله حاجه في منتهي السوء اخر مره اطلب من عندكم
2624,يعني بس مش قد كده
2625,chicken was big but cold & from the day before
2626,"Accidentally ordered raw meat but they noticed and called to check if that’s what I wanted, which was very good. But then different people called different times to confirm the same thing. Overall good experience. Food was good."
2627,very nice food
2628,Delicious
2629,الاكل بارد والا كلشي طيب
2630,المكرونة بالباشميل ريحتها كانت متغيرة جدا كأنها بايته بقالها كذا يوم
2631,الموزه مش كتف
2632,البطاطس بارده
2633,2hours delivery!!
2634,غالى شوية
2635,"delicious food , just wish the delivery was abit faster"
2636,اسبايسي فياريت نقلل الموضوع ده شويه
2637,الحواوشي سئ جدا جدا
2638,الطرب كان بارد بس
2639,Food wasn’t too hot
2640,many thanks
2641,تمام جدا وناس محترمة
2642,كان في دبانة في الاكل
2643,البانيه طعمه سمك.. ياريت تغيروا الزيت بعد اذنكم
2644,delivery was little bit late
2645,الملوخية شوربة وحشة جدا مع ان كنتوا بتعملوها حلو ايه اللى اتغير ؟؟؟!!!
2646,الاكل بارد والطماطم حمضانه والملوخيه بارده وطعمها سيئ جدا
2647,مطعم سئ جدا
2648,Delivered late and missing items!!!!
2649,كميه الرز في وجبه ال نص فرخه قليله جدا
2650,very tasty but it seems the smallest chickens were used for the offer!
2651,صدور الفراخ مش مستويه الملوخيه بشعه طلبت رز بالشعريه مع الكفته جالي رز ابيض
2652,السلطة كانت حمضانة وأسلوب الدليفرى سي جدااااا
2653,انا طالب نص فرخه مشويه بالارز والسلطه يجيلى الارز بالكبده ليه انا اصلا مش باكل كبده!!!!
2654,"cheese samosa ordered, Received meet samosa."
2655,الكباب ناشف علي غير المعتاد
2656,the rice was not cooked well and the spice was too much
2657,طعم سئ بدون اي سلطات
2658,الكوسه كلها روزمارى كتير اوى و مش مفروم حتى محطوط صحيح اول مره تبقى وحشه كده
2659,الاكل وحش جدا جدا النهارده وغير تاخير فى توصيل وده بقى العادى طلبات بقت احسن كتير فتره الاخيره
2660,الاسكالوب عبارة عن بلاستك مش لحمة وانا مش مسامحة والكورة بالباشميل الكوسة نفسها مش مستوية كويس والله حرام عليكم
2661,الاكل تحفه
2662,الاكل كان حلو بس كنت طالبه صدر مشوي كان حجمه لا يذكر صغير اوي
2663,Bad bad bad
2664,الاسعار مبالغ فيها جدا مقارنة بأكتر من مكان بيقدم نفس نوع الاكل
2665,i got 1/2 grilled chicken but not boneless
2666,French fries was cold
2667,كنت طالبة ورق عنب كبير وكان عندي عزومة والله يكسفكم بعتولي طبق فيه ٦ قطع حرام عليكم
2668,طعم الكفته كويس والنضافه معقوله لكن السعر مبالغ فيه جدا ده غير الضرايب المبالغ فيها جدا اللى بتضاف للاوردر وغير تمن التوصيل المبالغ فيه جدا برضو دول لوحدهم يساوى تمن وجبه كامله الخلاصه المطعم اسعاره مبالغ فيها وفى مطاعم ارخص وانضف والطعم افضل عندهم ب...
2669,ساندوش الكباب كان صغير جدا مقابل السعر
2670,الحمام كويس الرز سئ ، ناشف و فيه ريحة غريبة
2671,last time it was great please always keep this standard
2672,الاكل كويس مش وحش قوي
2673,الاكل كان سخن و الدليفري وصل ع طول و التغليف ممتاز بس كان حادق شوية و الفراخ حجمها صغير جدا ♥️
2674,الفراخ كانت مش مستويه
2675,Missing some items
2676,One of the half chickens was moderately burnt as well as some of the kofta
2677,الاكل كان حلو جدااا ووصل ف ميعاده بالظبط والطيار انسان ذوق جداا بس الكومنت بتاعي علي الحواوشي كان سخن وكل حاجه بس كان دسم جدااا وتقيل وغالبا كانت اللحمه ضاني وانا طلباه عادى بس باقي الاكل كان حلو جداااا
2678,ordered pickled salad only to be given a normal one.
2679,العيش كان مقطع واللحمه طالعه منه . للاسف كان سيء
2680,The item of the order was changed and wrong items came
2681,but the driver or the restaurent did not apply the menues offer and called menues for their help
2682,السلطات مجتش مع الاوردر
2683,جميل جداً جداً
2684,this time the sautéed vegetables were rotten but the rest of food was fine
2685,الاكل كان حلو بس بارد اوي للأسف
2686,يعني مش كفاية اسعاره مبالغ فيها لا كمان كميات قليلة جدا جدا
2687,المشاوي اللي طلبتها مش حلوة عنده والخضار مش برام هو مطبوخ في صلصة عادي
2688,ماشاء الله
2689,طلب وصل محروق في التسويه
2690,السندونتشات من غير طحينه حتى اللي مطلبوش ساده بوجه عام كانت سيئه جدا
2691,Very bad attitude that he refused to come by the gate and told me that i have to meet him in the street I think it is delivery at home to nearest place to me not delivery at streets. Last time to deal with you
2692,انا طالب نص فرخه مشويه تقريبا جابلي عصفوره مشويه يعني بصراحه اصغر نص فرخه اكلتها في حياتي بصراحه كده غش
2693,Salad was missing
2694,الاكل وحش جدا
2695,Fast delivery and came sooo fresh
2696,حادق بطريقة تتعب
2697,مذاق رائع
2698,الاوردر وصل من غير كوفر
2699,كان وحشن جدا
2700,الحمام حلو بس بهارته كتيرة شوية
2701,Food was great but delivery service was dreadful.
2702,كلو
2703,الخضار وحش قوي كله زيت وصلصة مفيش خضار محطوط
2704,الدرايفر كان محترم وذوق جدا
2705,الحمام كان حراق شوية
2706,الفراخ المشوية اطرافها محروقة زيادة
2707,Cold food - el taste helw bs m7tag yetbel
2708,الاكل كان بارد والشوربه كانت غير ساخنه
2709,Everything where amazing except that the restaurant added astra 5 Le to the original order which is fine but just not identified
2710,The meat was extremely greasy
2711,bad experience
2712,تحفة الطعم و التتبيلة و التسوية كله مظبوط بجد احلي مطعم و احلي معملة
2713,الكمية قليلة جدااااا جاى الربع كيلو طرب عبارة عن ١٤٠ جرام
2714,الكمية قلت مقارنة بزيادة السعر
2715,سلطة الباباغنوج كانت بايظة تماما وبتلسع في اللسان
2716,الحمام جاني بارد مش حار
2717,ممتاز والأكل جميل جدا
2718,البانيه مكانش مستوى كويس
2719,من اسوأ المطاعم في المشويات حقيقي تجربه لن تتكرر . أرسلوا إلى الطعام مقلوب قي الشنطه كميه الطعام غير مظبوطه وأسوأ وأصغر حمام شوفته في حياتي حقيقي غالي علي الفاضي . نصيحه اللي عايز ياكل مشويات مش من الدهان من فرحات المهندسين أو الرفاعي لو حد بيحب الضا...
2720,I ordered pickled eggplant I got tehina
2721,طلبت ٣ حواوشي ل ٣ افراد جه واحد طحينة وواحد مخلل مع ان الحواوشي الواحد بييجى معاه واحد طحينه وواحد مخلل
2722,خ
2723,الأرز ليس مستوى و محصص و بيقرش و اضطريت اكمل تسويتة عشان يصلح للأكل ،،،، و كنت طالبة الطبق الجانبي مخلل باذنجان.. اللي وصل طرشي و رميتة
2724,الشروبه جات فراخ مش مشروم والريش مستكاوي مش ويل دن زي ما كنت طالبها
2725,اوردر سيىء
2726,"they sent coke regular, not zero"
2727,"wrong salad arrived, but the food is amazing"
2728,يا جماعة ليه الملوخية بقت سيئة جدا كدة ؟ ومش اول مرة اشتكى !!!! شوربة ملوخية وبتترمى
2729,البصل مش مستوي
2730,البطاطس كانت باردة شويه
2731,thank you
2732,ورق عتب بشع و سيء بجد
2733,تسوية الاكل الجلد محروق من الخارق ( ليس بدرجه مبالغ فيها ) لكن التسويه من الداخل ليست كما ينبغي
2734,Ttt
2735,طلبت تغير الارز فى الاوردر بعدها بدقيقة وجيه من غير تغير ولا حد كلمنى
2736,الحمد لله . خدمه محترمه جدا
2737,جوز حمام اسوأ ما يكون
2738,ربه الفرخه الصدر التتبيلة غير موجوده
2739,Used to taste better
2740,The order came late and the rice wasn’t well done
2741,Not cooked well and the address where wrong
2742,بعتلي الفرخة بعضم عادي و انا دافع حق المخلية
2743,The chicken was cold and not well cooked
2744,smells very bad!!!! like rotten chicken!
2745,Very few portions
2746,"Nice food and service and timing, but forget the salad"
2747,no rice
2748,منتج سئ جدا
2749,الأكل كان ممتاز والتوصيل سريع جدا
2750,الا كل جميل ونظيف
2751,الاكل كان بارد والطعم مش مظبوط والكميه قليله
2752,اتاخر و مش دي عوايدهم رغم تواجدي خلف الدهان مباشر
2753,الفراخ كانت تحفة حاجة في منتهي الجمال الصراحة
2754,الاكل وحش حرفيا
2755,حجم الساندوتشات صغير جدا مقابل السعر
2756,حجم الساندوتشات صغر جدااااا عن الفترة السابقة
2757,الفراخ بانيه في وجبة الأطفال كانت شبه نية من فضلكم خلوا بالكم المرة الجاية شكرا لذوقكم
2758,وحش جدا جدا
2759,الفرخه كنت سيئه
2760,الاكل بايت و بارد جدًا كان وحش اوي
2761,Gamd
2762,"Fast delivery, and very good quality and portions"
2763,زود الحساب
2764,غلا اووى بصراحه وكميات قليلة
2765,كنت طلبة حواوشي سبايسي جالي عادي
2766,It was ok generally it’s great
2767,زى الزفت مش عارف فى إيه بجد الدهان نازل للأسوأ
2768,الاكل كان سئ
2769,الطيار محترم جدا وبيتغامل بما يرضي الله
2770,🙂
2771,it came cold
2772,يا ريت يكون مع وجبة الفراخ سلطة و رز و بطاطس داخل الوجبة
2773,very bad .
2774,الدجاج سىء جدا جدا
2775,for the second time this branch delivered very bad chicken pane (over cooked)
2776,الفتة كانت سيئة والعيش محروق، السكالوب كان حادق جدا وطعمه وحش، تجربة اسوأ ما يكون
2777,المفروض اني طالب نص فرخة مخلية بدون عظم النص فرخة اللي جالي بعضم ومفيش مناديل ولا معلقة مع الاوردر ومفيش سلطة مع الوجبة هي طحينة بس وعيش حقيقي من أسوأ المرات اللي كلت فيها من الدهان
2778,ورق العنب يقرف
2779,حجم الفراخ المرة دي صغير غير المرة السابقة وفيهم فرخة كانت مدممة يعني الورك كان في دم وشكرا
2780,الطعام طازج والطعم حلو ودرجة التسوية مظبوطة. والتغليف جيد جدا.
2781,perfect as usual 👌
2782,Good taste
2783,الحمام كان سئ للغاية وملوش اي طعم وواضح جدا انه كبير بالسن فلا تستطيع مضغه الممبار اسوء ممبار اكلته في حياتي ومتحمر اكتر من مرة فلونه محروق دا غير ان ملوش اي طعمه سيء جدا انا بالفعل مصدومة في المطعم وقررت ان دي تكون اخر مرة اطلب منه
2784,very well done
2785,الفراخ سيئة جدا جدا دي مش فراخ الدهان الفراخ باردة وطعمها وجع بطن البيت كله حرام عليكم
2786,Wrong Order delivered
2787,الكباب تخين واسود ومالوش طعم والطلب ناقص ٤ حاجات. تجربة لن تتكرر.
2788,not hot
2789,الحمام كان صغير جدا و مفيهوش لحم
2790,الكفته محروقة للاسف الشديد
2791,الطحينه كانت بايظه
2792,it was delicious
2793,"The food was very cold, so it was tasteless, after a very late delivery of 1 hour and 30 minutes"
2794,Amazing as always
2795,الاكل تحفة ❤❤❤❤
2796,في اكل مكنش مستوي كويس
2797,بدمها
2798,It’s the worst food I have ever had
2799,الاكل حلو اوى بس الثوم فى الخيار المخلل كثير
2800,الطعم سيء جدا جداااا ، والكفتة لونها غريب و طعمها مش طبيعى
2801,مفيش معالق ولا لمون مع لسان عصفور والفراخ في الشوربه فراخ كريمة قليله جدا والفراخ جايه بارده
2802,تتبيلة الفراخ ضعيفة
2803,Cold meal
2804,Plain vegetables with more fats and less vegetables
2805,كويس جدا بس ناقص رز وسلطه
2806,الصراحه الاكل مستواه عادي بالنسبه للمطاعم الاخرى مع ارتفاع تكلفته كمان
2807,The chicken was not fully cooked and we had to recook it to eat it
2808,كان سيئ
2809,The food was great but it came cold
2810,كانت الدجاج مملح بشكل غربب
2811,تسلم ايديكم احلى اكل
2812,جوده الطعام قليله
2813,زي الزفت حسبي الله ونعم الوكيل
2814,مفيش مره طلبت من الدهان غير و الاكل يطلع روعه.. ايا كان الوقت إللي بتطلب فيه دايما يجي بنفس الجمال 😍😋
2815,الكفنة كانت كويسة الرز بالخلطة كانت الكبدة قليلة فيه جدا تقريبا مش موجودة
2816,كل حاجه حلوه بس نفسي يجيلي عيش طازه من الدهان
2817,المره دى وحش جدا أول مره اللحمه تبقى سيئه كده أنا بطلب علطول من الدهان بس دى اوحش مره وغالبا مش هطلب تانى منه
2818,الاكل حلو بس كان بارد جدا وخد وقت كتير اوى عقبال ما وصل
2819,الطحينة كانت حمضانة
2820,High delivery rate and wasn’t shown on the app
2821,bread is not frish 😖
2822,الطعم مش زى زمان و الشيش طاووق مش مخلى كويس و السوا بتاعه سئ و الاكل وصل بارد رغم اني على بعد ١٠ دقايق من المطعم
2823,V good
2824,مضاعفة مقابل خدمة الديليفري
2825,الاكل لطيف بس الملح كان زياده اوي
2826,Portion was small
2827,الحمام كان سيء
2828,The pigeons had no rice and someone took a bite from them
2829,worst chicken ever
2830,جوده الاكل سيئه
2831,I take my order from dahan and I pay 185.25 not 171 with no reason
2832,Excellent food
2833,Horrible
2834,great
2835,The chicken wasnt cooked well
2836,Too cold and tasted bad
2837,التاخير والاكل بارد
2838,nice food 😋
2839,اللحمة على البامية قليلة جدا
2840,الستيك كان قليل اوي عن ثلث كيلو
2841,الريش ناشفة جدا و باردة جدا، بجد ده كان المطعم المفضل بتاعي في المشويات بس الظاهر انه مابقاش كويس زي الاول.. يعني بجد دفعت ١٧٥ جنيه في وجبة لفرد واحد ماتتاكلش
2842,متأخر جدددآآآ فعلآ ومعاملة زي الزفت
2843,الفراخ كانت بجلد عكس الاوردر
2844,The order was missing the fries
2845,الفراخ مش مستويه كويس على غير المتوقع
2846,the meal was delicious 😋
2847,الاكل وصل بارد و طعمو مش حلو
2848,للاسف اتصلوا بيه وقالوا يافندم قيمه التوصيل هزيد ١٠ج فوق القيمه الاساسيه في الفاتوره يعني بدل ٢٨ج اصبحت ٣٨ج وللاسف الطعام جالي متأخر عن الوقت الطبيعي بربع ساعه حجم السمان صغير رغم كتابتي في الملاحظات مراعاه الحجم
2849,لحمة الفراخ جايه بدمها ،،، يرضي مين دا ؟؟؟؟؟
2850,حرامي وقله قليل جدا وعملي حموضه انا حسيت اني باكل حبه اكل كدا كانو هيترمو في الشارع
2851,حواوشي بقى صغير جدا
2852,وحش
2853,جميل اوي
2854,كله حلو جدا ماعدا محشي ورق العنب ملفوف كبير اوي و طعمه سيء جداا
2855,التاخير في التوصيل
2856,السلطات قليله جداً
2857,الامل حلو ولذيذ جدا وماشاء الله........
2858,الكل مش حلو و جودة الاكل سيئة جدا
2859,portion of the mombar plate became very small
2860,البانية ممتاز الفراخ مش مستوية كويس شديدة
2861,محتاجين يهتموا بالبانيه اكتر من كده
2862,الاكل تمام بس اابطاطس جت باردة من المطعم لأن باقي الاكل جه سخن وتمام
2863,food cold...kofta is full of small bone
2864,the deleviery man came so fast
2865,وجبة الفراخ المشوية المفروض معاها رز طبقا للمينيوز، لكن كل مرة بتيجي من غير رز
2866,moderate
2867,الشوي كان خفيف الي حد ما ...لم يكن well done كما تم اختياره
2868,me and my wife dying from pain of stomach the quality was very bad!!
2869,very very bad taste...and received different items..and some of the food was cold
2870,سيئ جداً
2871,The meat tasted horrible
2872,سي سي سي
2873,only for medium appetit person
2874,Took long time for delivery
2875,Chewy not fresh
2876,الحمام المحشى فريك اكثر من سئ ، و ليس فريك إنما قمح بليلة و بلا اى تتبيل او بصل ، سئ للغاية ، الحمام المحشى ارز ايضا سئ جدا ، بلا اى تتبيل ، تجربة سيئة جدا ، ارجو اعادة النظر فى الشيف ، او الامتناع عن بيع الحمام المحشى بأنواعه لسوء الطعم .
2877,طلبت حمص جيه سليم مش حمص ناعم اللي هو دي الطحينه وحسيته زفر
2878,الأكل محروق و وصل بارد الريش كلها بيت كلاوي و القطعية سيئة جداً الطعم أسوأ من أي مرة قبلها
2879,bsbs
2880,للاسف المره دى الاكل سىء جدا وضايقنى الفراخ مش مستويه خالص والحمامه ناشفه جدا
2881,"mushroom steak chicken was not as good as it normally is,very stiff bony chicken breasts"
2882,انا طلبت اربع فراخ صدور بعضها كان صغيييير للغاية
2883,Salt hight
2884,الاكل بيبقا بارد
2885,Good service
2886,الاوردر اتاخر جداً ووصل بارد ومش حلو خالص تجربة سيئة للأسف
2887,worst fila chicken ever
2888,Chicken was not cooked well
2889,الفراخ صغيرة جدا والعيش كان ناشف
2890,"Some of the food was somewhat ""Salty"". Besides, a small ""Grilled Chicken Fillet"" Piece wasn't Well-Done."
2891,رائع بكل التفاصيل
2892,الحمام صغير جداً و الطعام وصل بارد
2893,Eww
2894,اسوء مرة اطلب منها من الدهان.. الحواوشي مجلد وبارد كمان الكباب والكفتة بارد وملوش طعم.. الصراحة واضح ان العروض بتؤثر على جودة الطعام دة غير ان الدليفري جالي متاخر جدا تقريبا الطيار بيوصل كذا اوردر مع بعض
2895,all good
2896,الحمام كان سيء ومكنش فريش وكأنه متسخن
2897,الشربة كانت مش من كتر الملح
2898,Very delicious
2899,Food was delicious but very late delivery
2900,اللحمة في اطباق ال (بامية، ملوخية، بطاطس) سيئة للغاية
2901,The worst mombar ever!!!! زفر و لونه اسود و اترمي في الزباله
2902,came with out the sides it was unprofessional
2903,الاكل بارد للاسف
2904,الطعام طازج وطعمه حلو والتوصيل سريع
2905,هو الاكل سخن و طازج والسعر مش هو اللي في البرنامج
2906,الاكل نيء وطعمه سيء للغاية
2907,I received mixed vegetables instead of Okra
2908,Chicken was not good
2909,ممتاز جدا جدا
2910,missing tahini
2911,الدهان... افضل طعام و افضل سعر
2912,فيه شوربة ناقصة
2913,جابلي نزله معويه .. حسبي الله ونعم الوكيل
2914,الفراخ كانت غير مطهية جيدا الطرب كان الدهن سميك
2915,need to improve chicken and meaT quality.
2916,اكل ولا ليه اي لزمه .. ملوش طعم .. ملوخية ميه خضراء.نص فرخه ملهاش طعم ..بتنجان مخلل اسم بس
2917,quantity too little
2918,Kda
2919,الطعام طازج وطعمه حلو
2920,Chicken nearly burnt & very dry Vegetables soup tasted bad
2921,اارز كان وحش جدا جدا الكبده كانت زفره
2922,لذيذ
2923,جه لينا اعياء شديد و اسهال بعد الوجبه للاسف
2924,الاكل كان سئ المره ديه مش سخن و زفر و ديمن بنطلب و بيكون كويس مش فاهم في ايه المرادي
2925,المكرونه كانت حمضانه
2926,الممبار سئ للغاية
2927,quality of the meat not so good.
2928,"good quality, fast delivery"
2929,Wrong order
2930,النص فرخه مكانتش مخليه
2931,Awful taste
2932,الملوخية سيئة جدا لا يوجد خبز زي كل مرة ولا ليمون .
2933,Hh
2934,الدهان ممتاز و طحينه و الكفته و كباب جميل جدا
2935,الفراخ بالجلد
2936,Chicken wasn’t well cooked!
2937,الكفته يوجد بها غضاريف
2938,quality of the meat not good ..
2939,العيش جاي سئ جدا و الاكل بارد
2940,الفراخ المشوية كويسة جدا و الكفتة طعمها حلو بس فيها حاجات صعبة المضغ. سلاطة بابا غنوج مش بطالة. الفتة رائعة.
2941,All were perfect.
2942,الريش كانوا بيعملوها أحسن من كده بكتير
2943,العيش الشامى افضل
2944,الكوسة بالبشاميل كانت وحشة جدا. الكوسة ناية وناشفة كدة. المكرونة بالبشاميل والبانيه كانوا حلوين جدا
2945,great food but I didn't get my order and was given a cheaper one even though I paid more
2946,Delivery experience is horrible
2947,الاكل تحفه و جه بسرعه وسخن حتي الكيدز مييل ممتازه بصراحه وكميتها مناسبه جدا
2948,food is good and driver is very good but it took 2 hours restaurant not the driver is responsible for delay
2949,اخر مره اطلب من المطعم ده حواوشي
2950,كان بارد وسئ جدا اول مرة اجيب من الدهان ويطلع وحش بالطريقة دي
2951,بس العيش كان مش طازة كأنه بايت
2952,الاكل كله كان مش مستواش وتعبت حدا منه وللاسف ديه اول مره تحصل
2953,دون المستوي الكوارع بس الي حلوه المشويات تعبت معدتنا الاكل عموما في احسن من كده بكتيررى وارخص
2954,طلبت مرتين والاكل تحفة رغم كل التعليقات السلبية هنا
2955,بس ملحوظة يقشروا الجزر كويس ولو حاجة بايظة بالجزر يرموها
2956,متأخر وبارد والعيش دايب وحاجة في منتهى اليع🙂
2957,الاكل بارد للغاية وغير منظم والخبز غير طازج
2958,مش مستويه كويس
2959,Fattah sauce could be a little thicker
2960,صدور الفراخ الفيليه مش متنضفه كويس
2961,تانى مرة اطلب رز عادى بالخلطة و يجيلى رز بسمتى
2962,زي الفل
2963,he was polite
2964,الأكل جالي متأخر نص ساعه عن معاده و بارد
2965,"Extra fees, repeated for 3 or 4 times!!!!!!!!!!!"
2966,لا يمت للحواوشي البلدي بأي صلة سئ جدا
2967,الاوردر اتأخر وفي الأخر اعطوني اوردر غلط وسلوك سي من موظف الاتصال
2968,الاوردر جاء بعد ساعتين وخدمة العملاء لم تفعل شيء بعد ٣ محاولات
2969,I was supposed to receive 2 salads with the kofta and I reviewed only one!!
2970,Nice food
2971,الطلب جه ناقص الحوواوشي
2972,100 100
2973,الاوردر جه متأخر اكتر من نص ساعة
2974,everything is awesome
2975,الراجل بتاع الدليفيري تاه و قالي هرجع الفرع و نشوف هيحصل ايه و آنا أصلًا موضحه العنوان انه في ال٩٠ شمالي و هو راح الجنوبي و قفل السكه و انا بتكلم
2976,لم يتم إرسال عيش مع الطلب
2977,الكباب ممتاز والرز حلو لكن الملوخية وصلت بارده
2978,كميه وحشه جدا
2979,Kofta could be better and vine leaves could be more fresh overall very good 👌
2980,very good taste
2981,لقيت ف طاجن ورق العنب والكوارع دبانه ومليان شوربه ازاي محشي فيه شوربه معرفش واتصلت اشتكي وملقتش استجابه
2982,كنت طالب مع الفراخ باباغنوج جالى طحينة ربع الفرخة كان صغير اوى
2983,كانت العصير به سكر رغم تاكيدي على ضرورة خلوه من السكر
2984,الفرخة صغيرة والأرز معجن
2985,زقت ومغليين الاسعار وكمان ضرايب وكمان خدمة توصيل مع كل الغلو دا...ربع الكفتة فى ابو شقرا ال انضف منكم ب ٧١...ونتو غليتوها ل ٧٨..فشلة بجد
2986,هى الاسعار زادت ليه..انا مش شايفه مبرر لكده
2987,الفراخ جاي بدمها الشوربه حلوة والبطاطس الخضار حلوة بس الفراخ بجد كانت تسويتها حلوة جدا بس بجد بدمها من جوا !! المواعيد مظبوطة عادي
2988,فرض رسوم خدمة وضرائب غير موجودة لدى اى مطعم اخىر وليه ادفع خدمة وانا ماكلتش فى المطعم المفروض ادفع الديلفرى بس
2989,Taste was awful and will never order from them again Disgusting
2990,"Food is good, but delivery took ""2"" hours even that they added extra delivery charge with no real reason 😅"
2991,الاكل يوجع البطن،الخيار المخلل و بابا غنوج بايظين النيفا وحشه
2992,دي الزفت جه الاوردر ناقص ومبدلي حاجة بحاجة ولما كلمتهم اخدوا نص ساعة عشان يجيبهولي تاني
2993,كمية الرز قليلة
2994,الحمامة متاكلة!!
2995,طلبته كامل الطهي و جاء غير مكتمل الطهي. كانت تجربة سيئة صراحة
2996,But it took 1.5 hours to come home
2997,المحشي كان حمضان!!!!
2998,الاوردر وصل بارد جدا كأنه كان في التلاجة مع انه مشويات. برجاء المحافظة على سمعة المطعم علشان أنتم أساسا كويسين.
2999,It was horrible
3000,الطعام كان حامض
3001,انا عايزه فلوسي تاني وحش جدا الطعم وحش والتتبيله مش حلوه الشوربه توجع البطن و كانها من الكياس الجاهزه
3002,n
3003,الاكل سئ جدا و ادي الي حصول نزلة معوية
3004,حالى تسمم
3005,الاكل لقيت فيه خيط كبير فيه دواير كتير و بعت صورتها ع الواتس اب محدش عبرني و مش فاهمه ايه حكاية المطاعم كل شوية الاقي حاجة ف الاكل
3006,"Wrong order, packaging"
3007,اسوء تجربه خدمه عملاء وتوصيل حصل غلط في الحساب مع الدليفري ودفعت 100 جنيه زياده ولما اتصلت بخدمه العملاء كان الرد ان في سوء تفاهم من عندي وانا اللي غلطان ومش هيقدر يساعدني في الموضوع
3008,كلها سمين و مش مستوي كويس و ملهاش طعم
3009,طالب نص فرخه بعضم ونص من غير عضم جاب الاتنين بعضم سرقه علني يعني
3010,الاوردر اتلغى ليه
3011,السلطه مش حلوه ومش اللي طلبتها كانت زبادي وجت عاديه ومش طازجه والنصف فرخه مش متبل كويس وملهاش طعم اوي كانت متوسطه مش طعمه اوي
3012,برضه للاسف مش بيجي مع الشوربة ليمون .... كذا مرة بقول ع الموضوع ولكن للأسف مفيش اهتمام بكامل الخدمة 😔
3013,bad
3014,طاججن البطاطس. لم يكن كما توقعت مش مخدوم كويس /مفيش. صوص
3015,livers on rice were very little amount
3016,الفراخ كانت زفرة و مش مستوية كويس و مش مخلية زى مطلبت
3017,😚😚
3018,نع
3019,موزة سيئة جدا جدا جدا و غير مطهية بالمرة
3020,Taste as usual is perfect but portions are small for the price
3021,للأسف انا زبون المحل دايم ولكن للأسف كل مرة اعمل أوردر بيكون الكولتي سىء جدآ واخر طلب اسكالوب ملهوش علاقة بالاسكلوب تتبيلة طعم نوع لحمة ناشف جدا
3022,additional 50 EGP was charged
3023,كله حاجه كانت كويسه ماعدا سلطة البابا غنوج كانت حمضانه واترمت
3024,"The food arrived cold and the chicken was not fully cooked. The first time we ordered was far better, this time it is disappointing."
3025,tmam
3026,التوصيل غالي جدآ جدآ
3027,طاجن عادي
3028,Salad was awful
3029,مش مسوي الاكل وطغمه مش حلو
3030,فراخ جات طعمها محروق و ناشفة و الأكل طعمة كان مش قد كده مع اني طلبت منهم قبل كده بس مره من 10 مرات ممكن تظبت
3031,الفتة مش كانت حلوة
3032,undercooked chicken
3033,the delivery took the money again however order was paid
3034,first time dealing with El dahan madinaty branch and it was fresh and yummy many thanks
3035,Food was spicy although i didn’t order it spicy
3036,perdect
3037,الاكل بارد و مش حلو
3038,مالح والسلطة مش طازة
3039,انا بندم اني كل مره اديكم فرصة و فعلاً السمعه السيئه الي وصلتو ليها مش من فراغ المومبار بايت و حطينو في زيت فا بالتالي كان ناشف ما بيتقطمش اصلاً سلطة الحمص جيبهالي حمص حب و كانه بواقي حد و الطحينه بايظة حمضانه و الرز البسمتي اللي المفروض بالجزر جيبهو...
3040,Empty sandwiches
3041,طاجن اللحم بالبصل كان كله بصل و اللحم قليل جدا، نادم اني اخترته و لا يقارن بكباب الحله اللي بنفس السعر و به ٤ قطع لحم كبيره و كمان بوم فريت و رز و سلطه
3042,طلبت نص فرخه مع رز. والاكل اكتر من سي. تجربه لن تتكرر
3043,The worst order That I had
3044,"Never arrived, you liars!"
3045,دايما بنتعامل معاكم والاكل حلو بس مش عارفه الايام دي بنتسوا كتير مره تنسوا العيش مع الاوردر ومره السلطه فياريت تاخدوا بالكم علشان مايتكررش الغلط ده
3046,لم يتم تنفيذ الخصم المرسل حيت ان كود الخصم mxim1 صالح ليوم 4/9
3047,٥
3048,الاكل كان فيه مشكله و سبب مشاكل في المعده كان فيه جزء شكله غريب في الفرخه و كأنها بايظه
3049,غير مستوى
3050,مطعم محترم جدا
3051,سواه الفراخ بقى سئ لتانى مره
3052,الملوخية ماية وساقطة وتقرف والمكرونة قربت تحمض صلصة بايظة والحمام مش طازة
3053,Too late 🙄 to get the order
3054,الاكل مش مستوي .. دي تاني مرة الاكل يجيلي كده
3055,سي .. الاكل مش مستوي .. للاسف دي تاني مرة
3056,صدور الفراخ كانت نيه
3057,الطحينه و البابا غنوج متجمدين كانو ف تلاجه أو فريزر معرفش بالظبط بس وحشين جدا و المكرونه طعمها مش حلو باقي الاوردر تمام و ز الفل
3058,it was not very bad but it used to be much better
3059,الحواشي مش احسن حاجه اللحمه فيها حاجات بتشد و جابلي واحده بس طحينه مع ان المفروض كل رغيف بيطلع معاه واحده
3060,good but cold
3061,Very very good
3062,مش مستوى
3063,ز
3064,بيتصلو يزودو سعر الدليفري
3065,burned chicken
3066,تجربه بشعه !!! الاكل بارد جدا الاكل محروق السلطه حمضت اسوء مكان طلبت منه اكل و مش هتتكرر تاني
3067,الاوردر وصل بارد جدا
3068,The chicken was not well done and The pickled eggplant was spoiled
3069,الاكل جميل ما شاء الله بس الملح كان زايد شوية
3070,الطعام وطازج وطعمه حلو
3071,الطعم حكايه بس الدهان اعلي من كده
3072,افضل مطعم في مصر كلها ل ٤ أسباب: ١. اكل طعمه جميل جدا كأنك طابخه بالبيت. ٢. كمية مشبعه و في بعض الأحيان تأكلها علي وجبتين. ٣. سعر ممتاز مقارنة بالجودة و الكمية. ٤. مطعم شيك و مرتب و معاملة حسنه. حقيقي النجاح لا يأتي صدفه. تحياتي و الي الأمام دائما...
3073,الطعام دائما ممتاز الدهان نثق فيه و الطيار اكثر من ممتاز سلوك و سرعه ومظهر
3074,The order was excellent
3075,أسوأ أوردر اكل انا طلبته ف حياتي اخر مره هطلب من الدهان 👎
3076,الوزن اقل من نص كيلو
3077,شكرًا
3078,No enough meat
3079,استلام شوربة عش غوراب غير مطلوبة بدل كوسة بشاميل
3080,عملت نجمه لااتمكن من ارسال التقرير ورأيي وهو مايستاهل غير صفر يعني ولا نجمه اكل سيء جدا ومش طازه ودون المستوي واترمي فالزباله حسبي الله فالفلوس الاخدها
3081,١- نصف كيلو طرب ٥ قطع ٢-نصف كيلو كفتى ٥ قطع ٣- الفاتوره حسابها على المنيوز ٦٧٦ تيجى الفاتورة ٦٨٣ هو مين اللى سرقنى المنيوز ولا الدهان
3082,طعم رائع
3083,كان جميل جداً
3084,الطعم كان سئ للحم والفته على غير المتوقع.. دايما هذه الوجبه منهم طيبه
3085,طلبت فراخ مخليه (Boneless grilled chicken) وجالى فراخ عادية
3086,طعم الفته والموز سئ على غير العاده.. ده كان من أفضل الأطباق عندهم
3087,طلب الموزه بالفته كان من أحسن وأفضل الأكلات.. المره دي لا اللحمه ولا الفته طعمها جيد.. للأسف الشديد ٠ .َ
3088,طلب الموزه بالفته كان من أحسن وأفضل الأكلات.. المره دي لا اللحمه ولا الفته طعمها جيد.. للأسف الشديد
3089,الاكل كان سيء جدا
3090,The stuffed pigeon is extremely tasty
3091,الحمام كان تحفة ولذيذ
3092,مفيش غير رغيف عيش واحد فقط علي كيلو و نص فراخ. عته
3093,الاكل بقا سيئ جدا بيحطوا كمية توابل غير طبيعية بطريقة مبالغ فيها الاكل نفسه ما بقاش لا بطعم و لا كمية زمان
3094,الفراخ بارده
3095,البطاطس بارده دايما
3096,طلبت فراخ شيش جت فراخ عادية
3097,Everything was very bad
3098,ياريت تقلية التوم للملوخية تكون اكتر من كده شكرا لكم
3099,الفراخ كانت باردة
3100,للاسف البهارات كثير جدا في الحمام لدرجة تحس أنه شطة
3101,الاكل كان بارد جداا
3102,The food is good as usual but we ordered hummus salad and expected the salad to be pasty ground hummus but we received whole hummus like what we get with koshary.
3103,السوتيه كان حمضان
3104,Lovely
3105,الباميه ينقصها سوا. اقتراح: استبدال العيش البلدى بعيش شامى
3106,ة
3107,نص فرخه منهم ماكانتش مستويه كويس
3108,wrong order
3109,Panne chicken burnt and very thin. Bad experience
3110,المشويات تحفة وكل الاكل ماعدا المكرونة بالباشميل مكنتش حلوة
3111,كان في عظم في الكفته علي غير العاده
3112,Mn
3113,بجد الاوردر كان مقرف
3114,الديلفرى كان عايز ياخد الحساب تاني رغم اني كنت دفعاه
3115,قلت الليمون من غير سكر وحتى مكتوبة بالريسيت و بعتولي الليمون محطتلو طن سكر !!!
3116,الشيش طاوق مفهوم غلط المفروض يكون من افخاذ الدجاج مش صدور و يكون طري و مش ناشف و محروق و يكون متبل سئ جدا و الكبده الاسكندراني ناشفه جدا اما المندوب حكايه
3117,لم يتم ارسال ليمون مع الطلب ... وهذا الموضوع تكرر كثيرا
3118,لقيت ذبابة في الفتة
3119,very efficient and reliable. great taste and quick service
3120,الممبار حجمه كبير بزياده الافضل يكون رفيع مثل زمان و ايضا الكفته الصوابع طخينه جدا و مش زي زمان
3121,حلوة
3122,الفراخ طلب مش مستوى كويس و الفرخة بدمها و اترمت و التاني تحس إنه بايت و ناشف و متسخن و الممبار شكله سئ و يخليك متاكلوش أسوء تجربة حصلتلي من المنيو
3123,التوميه مش حلو و اسلوب الطيار مش حلو
3124,I didn’t receive my order till now
3125,طلبت موزة بالفتة اقسم بالله العظيم رميتها وتعبت جدا من ريحة الزفارة اللي بالموزة وغثيان رهيب منكم لله وعلي قرفكم تجرية لن تتكرر ابدا
3126,التدبيلة حلوة
3127,الطلب كان ناقص العيش
3128,اسعار مبالغ فيها... و كمان ايه الpromo code ده ايع خثم ١٠ جنيه ده
3129,الورق عنب ممتاز ونش سبايسى والشيش طاووق حلو جدا وكل الاكل كان حلو فعلا
3130,مطعم محترم الصراحة ويلتزم بطلبات العميل
3131,احلي واحد يعمل مستوى
3132,Salads were wrong
3133,10/10 👍🏼👍🏼👍🏼👍🏼👍🏼👍🏼👍🏼👍🏼👍🏼👍🏼👍🏼👍🏼👍🏼👍🏼👍🏼👍🏼👍🏼👍🏼👍🏼👍🏼👍🏼👍🏼👍🏼👍🏼👍🏼👍🏼👍🏼👍🏼👍🏼👍🏼👍🏼👍🏼👍🏼👍🏼👍🏼👍🏼
3134,الرز بلبن لم يحضر مع الطلب ولما رجع يستكمله وجاء به كان طعمه مغير شوية! السلطات اللي طلبتها لم تكون مظبوطة؛ الطماطم المخللة أحضرها مع الرز بلبن اللي نساه
3135,الاكل بارد وجاي ساندوتش غلط بدل واحد تاني
3136,excellent thanks 😊 👍 🙏
3137,جميل جدًا
3138,Bnn
3139,"A disaster, 1st off the order got delivered to a wrong address and then of course it was late and when it finally arrived the salads were missing and for almost 3 hrs with the restaurant and the support center and no trace of a manager the whole time"
3140,الفراخ مش مستوية
3141,كل مره بيزودوا الحساب بحجة ان التوصيل للبيت اتحسب غلط
3142,الممبار سئ جدا والحمام سئ
3143,الكفته كانت في منتهي السوء علي غير العاده كانت بتقرقش ومليانه سفا والاكل كان بارد
3144,He called me earlier than arriving so I would go downstairs and kept e waiting for 8 minutes until he actually arrived.
3145,إزاي يبقى ربع ك كفتة عبارة عن ٣ كفتات
3146,الفراخ مش مستوية خالص
3147,الكميه مش كافيه
3148,gameeeeeeeed bgd bgd 👍🏼👍🏼👍🏼👍🏼👍🏼👍🏼👍🏼👍🏼👍🏼👍🏼✅✅✅✅✅✅✅✅✅✅
3149,احسن طحينة ومطعم ممتاز … بس محتاج الفراخ ميكونش عليها فحم كتير من الشوي
3150,كمية اللحم أصبحت قليلة جدا ، بعد أن كانت أربع قطع أصبحت قطعتان مليئتان بالدهن .. شئ سيئ .
3151,الاكل سيئ مليان توابل بشكل غير طبيعى و سيء جدا
3152,Taste not as expected
3153,مش حلوة
3154,الفراخ بدمها مش مستوية
3155,very very bad experience very bad food quality
3156,الفراخ فيها مضغه تحسها مش مستويه
3157,قليل جدا
3158,الضوربه مالحه للغااااايه
3159,10/10✅✅✅✅✅✅✅✅✅✅✅✅✅✅✅✅✅✅✅✅✅✅✅✅✅✅✅✅✅✅✅✅✅✅✅✅✅✅✅✅✅✅✅
3160,Quick delivery and great grilled chicken. The bread is not fresh though.
3161,الفراخ مش مخليه و الارز ملح و العيش متاكل منه و ناقص
3162,ورق العنب مش حلو والممبار
3163,الاكل كان مش مستوى الدهان
3164,bvb
3165,الخضار السوتيه كان ريحته سيئة جدا و واضح جدا انه معمول من كذا يوم قبلها و طعمه حامض
3166,العنوان متسجل غلط فالدليفري إتأخر ☹️
3167,I chose salad and came other salad. Escalope is tasteless and not cooked well. Spaghetti have a strange flavor. Salad came wrong.
3168,شوربة الحمام وصل بدلها شوربة شعرية مش حمام
3169,الأكل جيد جدا و لكن السعر عالى
3170,حجم الممبار كان صغير جداً
3171,النصف فرخه محروقه
3172,السعرغالي مقابل القيمه بعد اضاقه الضريبه العاليه و التوصيل. في مطاعم تانيه بتقدم نفس الجوده بفرق سعر كبير. السلطه مبقتش بتيجي مليانه زي الأول. الرز بالمكسرات تقريبا مفيهوش مكسرات. المطعم كان أفضل زمان و لكن المستوي بيقل مع زياده مستمره في الأسعار
3173,اكل وحش والأوردر جاي الاول ناقص وبعد كده لتبدأ بأكل ني ومش مستوي و شكله معفن والدليفري ماسك الاكل اللي هيبدله بأيده ويعجن فيه وحاجه تقرف
3174,The potatoes too too salty 🤢 and the chicken raw from inside 🤮 i feed it to my dog
3175,All good
3176,الاوردر وصلنى بسرعة و الأكل سخن و كويس جدا
3177,الاكل كان ناقص
3178,It's good but not the best
3179,المشويات كان ملحها زايد أوي
3180,❤
3181,كل الاوردر ممتاز ماعدا السجق دون المستوي
3182,a very good meal delivered in time and 🔥
3183,"checken stuffed with rice was really bad, even the rice was raw"
3184,فراخ سيئة
3185,السلطه بس جت غلط رتغم انى كتبتلهم فى التعليمات سلطه خضرا لكن جابولى مخلل، بس بشكل عام الاوردر زى الفل، الدهان احلى مطعم
3186,كل شيء فوق الممتاز 🥰👏👏👏
3187,الارز غير مستوى
3188,"The meat quality is so bad for a filletto, very dry and chewy."
3189,ليه فيه ضريبة 11 جنيه غير التوصيل 15 جنيه
3190,العيش كان سئ
3191,السلطة وحشه اوى
3192,beef was tough and taste less
3193,الفراخ مش مستويه الاكل عموما وحش جدا و العيش لان فلكيس نمل
3194,شكرا للدهان على الاهتمام بالاوردر
3195,فوق الممتاز 👏👏👏❤❤❤
3196,اللحم غير مستوي. للأسف تكرار هذه المشكلة مع كل طلب سواء عند الطلب من التطبيق أو الإتصال المباشر مع الفرع. لن اطلب منكم مرة أخرى.
3197,الأكل كان حلو لكن طلبت طاجن لحمه بالبصل جالي طاجن بطاطس باللحم
3198,طلبت 5 إسباجتي بولونيز جالي 5 مكرونة فرن
3199,بارد وزى مايكون مطهى منذ مده
3200,الفراخ المشوية جميلة
3201,I had stomach ache for 3 days after eating the green salad
3202,سكر علي مربي
3203,السجق محروق العيش بايت الفراخ نيه
3204,هو ازاي المطعم مش شايف كميه التعليقات ان الاكل زي الزفت ومش بياخد اي action بجد فشل اوي وبرغم كل التعليقات السيئه المطعم واخد ٤.٥٠ نجمه هو مديها لنفسه
3205,ملهاش طعم خالص وحشه جدا
3206,بارد وناشف وطعمه مش لطيف
3207,معقول، بس تحس الاكل بايت
3208,اسواء طعام طلبته في حياتي
3209,الفراج مش طازه ومش حلوه
3210,The chicken is horrible and inedible. The order comes cold and missing components.
3211,كان فى نض كويس والتص التانى مش فهماه بصراحه مش باين الورك من الصدر
3212,زي القرف الفرخة جاية كنت فاكرها فل اول حمامة من كتر صغرها و الممبار حاطين فف طبق حتتين و ياريتة طعمة عدل بالنسبة للأكل كان ب ٢٠٠ جنية و مش حاطين معاة سلطة واحدة سواء طحينة او خيار و بالنسبة للعيش لولا لن طلبت ١٠ ارغفة زيادة مكانوش جابو بردو لأن جايين...
3213,غالى جدا
3214,وصول الساعة السابعة
3215,الاكل ممتاز .... ولكن التوصيل الاوردر قعد ساعتين اعقبال ما وصل ... كتير جدا
3216,الاكل تسبب في مرض جميع من اكلو
3217,المشكل كويس بس حوواوشي طعمه مش حلو التتبيله
3218,كان بارد جدا
3219,تاخير في الاوردر أكثر من ساعتين الدعم غير متعاون بالمرة بالإضافة إلى عدم جودة الطعام سئ جدا
3220,good quality as usual
3221,ياريت اضافه ارز مع الربع او النصف فرخه
3222,الطعام حلو بس سعر الضريبة مبالغ فيها جدا وكمية الكفتة غير كافية
3223,اسوأ اكل و اطلب استعادة الاوردر
3224,خدمه سيئه جداااا ومفيش ذوق حتي فالكول سنتر
3225,تاخير خرا وخدمة زي الزفت والاكل اصلا موصلش لحد دلوقتي بقالي تلت ساعات مستنيه واحنا صايمين
3226,الطلب لم يوصل
3227,Food was good but prices have gone up
3228,الحاجه بجد تحفه♥️♥️
3229,الفرخة حلوة بس صغيرة جداا
3230,baladi salad is not fresh but meat was deliciouse
3231,-
3232,الطرب كان وحش جدا
3233,طلبت موزة ضاني، جاية حمضانة و بايظة و اللحمة فيها لون اخضر!!!
3234,الفراخ بدون تتبيلة و الفليتو مفيش طعم فيه
3235,Vine leaves were tasty but very loose
3236,كنت طالب كباب بتلو وجالي ضاني
3237,الممبار كان وحش جدا وبايت و مش مستوي
3238,U should put a spoon and fork with food
3239,انا كنت طالبة ٢ بامية وواحد ملوخية...بعتولي ٢ ملوخية وواحد بامية و مش اول مرة تحصل
3240,الأكل حلو جدا و جاى سخن
3241,اوردر بارد جدا وغير طازج وعدم اهتمام بالملاحظات ..خدمة عملاء سيئة وبيخصموا فلوس للتوصيل اكتر من المفروض ..مش هتعامل معاهم تانى وهحذر اى حد من التعامل مع الدهان
3242,سئ جدا جدا.. اهمال تام للملاحظات على الاوردر..خدمة العملا مش متعاونة ..مفيش احترام للعميل اهم حاجة ياخدوا فلوس من غير خدمة كويسة .. الاكل دايما بارد جدا ومش طازج كأنه بايت ..تأخير دائم للدليفرى.. مقاطعة واخر مرة اطلب من الدهان لانى كنت بطلب منه دايما...
3243,bad done
3244,الاكل كان نئ
3245,٤ صوابع كفته ب ٩٦ جنيه
3246,So nice
3247,كذا مرة يبقى العيش بايت جاتهم القرف عالم نتنة
3248,Too much salt
3249,الوزن الواصل اقل بكتير من المطلوب في اطباق الي بالكيلو
3250,Hr
3251,Great value for money.. very tasty food. Very punctual delivery.
3252,el rice kan gamed
3253,😍👍
3254,خدمة ممتازة و اوردر جميل و سخن جدددا و منتهي النظافة و الرقس شكرا جدددا ليكم
3255,الفراخ مكانتش مستويه
3256,وزن الكفته قليل عن المطلوب وده حاجه معروفه للأسف عن الدهان إن ميزانه فيه كلام
3257,الاكل حلو جدا وجيه بسرعه وكان سخن
3258,ورق العنب كان حراق وحادق جداا
3259,الطماطم بايظه
3260,الفرخة كانت مجلدة
3261,كمية التوابل كتير مغطية طعم الاكل
3262,You told me due to the problem you will credit 50 EGP AND NOt foud
3263,انا طلبت الفراخ مخلية من العضم ودفعت تمنها ومع ذللك جاتلي فيها عضم دي اول تجربة سيئة واتمني متحصلش تاني
3264,الاوردر بارد جدا و طعمه غريب
3265,ممتاز كالعادة
3266,زباله
3267,Used to be our favourite for grilled meat. lamb chops were just a heap of leftover pieces. very disappointed. Side dishes were ok.
3268,فراخ الشيش كانت نيه جداااااا
3269,كل مره بطلب رز بني يجيب لي رز أبيض بداله والبورشن صغير .
3270,في زيادة غير مبررة ف الديليفري عن المبلغ الموجود ف الابليكيشن
3271,مفيش شوكه ولا سكين مع الاوردر
3272,الكباب حلو الكفته والحواوشي مش أوي
3273,they delievered less than expected portions.
3274,The order came too late
3275,البسبوسة اللوتس رائعه 👌🏻👍🏻
3276,السلطه كانت سيئة
3277,الاوردر ناقص السلطة الاضافيه
3278,كان كويس المشكله في اسعارهم
3279,stuffed pigeon was very spicy
3280,أكله مش نظيف
3281,gg
3282,My order was well done but it came med
3283,ساعه و نص مستنيه الاوردر و فالاخر يتلغي و اما اسال ليه يتقالي انتي مش موجوده و يبعتهولي العنوان اللي انا فيه ولا حد جه اصلا ولا حد اتصل حتي يسال موجوده ولا لا 👎👎👎
3284,كمية السجق قليلة حدا على ثلث
3285,the portions weren’t enough even tho i were alone
3286,الاكل من عندكى بقى سيء بجد
3287,I ordered yoghurt with the chicken but i got tehina instead
3288,الشيش طاووك حلو بس السندوتش صفير ومفيش حجم كبير
3289,اكل سئ جدااااااااا .. فراخ البانيه مش كويسة
3290,food not cooked well
3291,الديلفري كتب عبارات مسيئه علي سلم العمارة و الاسلوب وحش جدا بتاعه
3292,"Very cold food, spicy, we didn’t request it to be so"
3293,طاجن ورق عنب بالكوارع يفضل يتحط في الفرن
3294,Mix lamb the meat was under cooked couldn’t eat it
3295,الاكل بارد والطعم وحش خالص
3296,Not hot and fresh as it used to be
3297,بارد و شكله بايت
3298,الحمام كان فريك مش رز و انا طالب رز
3299,الطعام هايل السلطه سيئة التوصيل هايل
3300,Bad quality. .
3301,the order arrived without the sauces and salads included in the price. quantity is very little for a 1/2 chicken
3302,T
3303,Shish Tawook was overcooked. The complementary salad was not fresh.
3304,للأسف لازم تراجعوا نفسكم كويس في طاجن العكاوي خصوصا وانه صنف جديد لسه نازل في المينو .. الطاجن كله عبارة عن بصل وفيه ٣ قطع لحمة صغيرة تيجي تاكلهم ماتلاقيش لحمة اصلا ويطلعوا عبارة عن عظم
3305,فل
3306,I hope u stop putting bread under grilled stuff Because it ends in garbage and this is 7aram
3307,ل
3308,nice
3309,الفراخ زفره جدا ومتاكلتش
3310,كان بارد
3311,ملح زيادة وبهارات الطعم اوفر رخامة الموزة لونها فاتح جدا رمادي مش احمر
3312,Very salty chicken and not grilled well
3313,اللحمه وحشه اوى والصوص فقير
3314,الاكل كويس لكن الساندوتشات كل مرة حجمها بيصغر عن اللى قبلها
3315,dried
3316,اخر مرة
3317,Nice taste
3318,سلطة البابا غنوج بايظة.. الفتة مقلوبة…
3319,كمية اللحمة اقل من المعتاد لكن الاكل حلو جدا جدا
3320,"Was extremely salty! Been ordering from El Dahan for years, first time I taste shish tawook that is this bad."
3321,الفراخ المشوية ممتازة اللهم بارك وطعمها حلو وجودتها جميلة والنص فرخة تعتبر وجبة بتشبع جدا. بس دايما عيب الدهان ان سلطاته قليلة جدا مهما كنت جايب كميات كبيرة.
3322,"Worst management I've ever seen, and the owners of this franchise are irresponsible, careless, unrespectful to the customers and their rights. (ناس تخاف ما تختشيش) If u know what I mean, also elmenus knew that there was an issue withe restaurant (th..."
3323,😂
3324,Awesome.....................................
3325,الاوردر عملته من المنيوز امبارح كان فيه نصف كيلو شيش طاووق سيئ للغايه مالح بدرجه فظيعه لدرجه انه لسه موجود محدش رضي ياكله و ربع كلاوي و مخاصي برده كان ناشف جدا و اترمى .... و كان فيه طبق ممبار ده كان كويس
3326,💖
3327,طعم الكفتة بصل اوى
3328,فيليه مشوي مش حلو. ناشف اوي
3329,العيش كان غير طازج
3330,Even tho i live far away but the food came hot and it was delicious
3331,الاكل حلو بس الدليفري اتأخر جدا جدا
3332,Very good but greezy
3333,محدش يطلب عكاوي منهم حرفيا عباره عن بصل ومعاه قطعتين او 3 بالكتير اوي عظم ساده والرز المعمر معجن جدا جدا
3334,received kofta instead of tarb
3335,حلو اوى بس السجق ناشف ومش حلو
3336,٢٢/٦/٢٠٢١ طلب بانيه الكميه قليله جدا و علبة مسقعه نصها فاضي و عباره عن بطاطس معجنه بحاجه حمراا و لا مؤاخذه بقي وحش قوي
3337,طلبت مع الاوردر ٥ شوربه لسان عصور وصلني اتنين بس هما الي كميتهم كويسه والباقي كميه قليله جداااا ف العلبه
3338,الفيليه مكنش مستوي
3339,the food was really bad seems like they grilled the chicken the day before
3340,ممتاز احلى من كل مرة
3341,تاني مرة الأكل يجي بايت و متسخن
3342,الاكل كان بايت مع انى موصيهم
3343,الفراخ قليله جدا جدااا والسعر عالي جدا علي الكميه + ان الرز مفهوش اس طعم الرز المعمر ولا نقطه ملح سئ جدا
3344,حجم الفرختين اللي طلبتهم صغير جدا
3345,الاكل بارد والممبار وحش جدااااا ومجلد وبارد كرهني في الممبار وحس اوي مش هطلبو تاني ابدا الحووشي محتاج يخف شطه شويه والفراخ المشويه مش حلوه خالص حادقه اوي اوي المخليه الصدور افضل الف مره ارجو تحسين مستوي الاكل لان الدهان اسم كبير علي الاكل يطلع كده
3346,الطلب خاطئ والطعم وحش والاكل بارد كنت طالبه مشكل كباب وكفته جالي كفته بس دا غير التأخير
3347,not bad
3348,لم تصل السلطات كما تم اختيارها
3349,طلبت وجبه نص فرخه مع رز بالخلطه كانت تحفه و طعمها جميييييل جدا
3350,forgot my food
3351,الفراخ زفرة زفرة زفرة زفرة ووجعتلي بطني وبارده مش هجيب منك تاني ابدا
3352,They took long time for the food than what the say.
3353,الاكل ني و مش مستوي خالص
3354,الكبدة حلوة جدا
3355,كان الطلب في غاية السوء كأنه قديم و أعيد تسوينه لدرجة أن الوالدة اضطرت لرمي النصف فرخة في القمامة بدون أكل أي جزء منها
3356,The pasta was delivered hot and covered with plastic which is not healthy at all and as a result he paste tase was just like plastic Orzo soup was too salty like I couldn’t eat more than 2 spoons of it
3357,ممتاااااااز
3358,الممبار كله تقريبا اتهري في السوي واتفك … يعني انا حرفيا رميت فلوس في الارض مش ده الي انا متعوده من الدهان للاسف
3359,"got a doubt that the mix grill was veal not lamb , kofta is a bit overcooked"
3360,شكراً
3361,The best as always ❤️👌
3362,الاكل كله كويس ما عدا النيفة.. محطوط عليها خلطة عجيبة طعمها وحش اوي بوظت طعم اللحمة خالص.
3363,Chicken is so bad.
3364,غلطه بسيطه بس ان جه سلطة طحينه بدل الزبادي ولكن كانت حلوه برضو والاوردر بشكل عام كويس جدا
3365,"So many meat , I’m so surprised 😲 best restaurant"
3366,سي جدا و لا يصلح للاكل
3367,الفراخ المحشية ناقصة تسوية
3368,اكل سي كانت الطحينيه غير صالحه نهائي
3369,المفروض طالبين نص كيلو هو عبارة عن ٥-٦ قطع ب ١٦٥ جنية ميجوش ربع او ثمن كيلو!!! حاجة منتهي الهبل و جاي ضاني و مش متوضح اصلا منهم ضاني ولا بتلو والممبار ٣ قطع ! ده غير الوجبة مفروض يكون فيه رز جاية بالعيش و شكرا
3370,الاكل كان بارد جدا وكان ناقص ٢ شربه
3371,Hawashi was amazing
3372,Food was not fresh and the rice bram was burnt. Very disappointed because this is the first time my order from eldahan is bad.
3373,There’ blood in the chicken and i will never order again from them
3374,"i hawawshi was spicy and i ordered regular, i received yoghurt salad instead of garlic dip!"
3375,مش طازه المكرونه
3376,حلو بص ناقص السلطات
3377,النهارده طعم الفراخ كانوفي حاجه غلط .....كانها خارجه من الفريزر واتسخنت .
3378,المرة دي كان وحش جداً
3379,شكرا ليكم بس شوربة الكريمة ملحها كان زيادة
3380,plastic wrap in my food. took two hours to sort out the issue. couldnt order other food or go down to the store to buy anything cuz im stuck in the house waiting for my money back from the restaurant that tried to choke me to death with their plastic...
3381,الفراخ على الجرل غير طازجه وغير مطهيه كويس والخبز قديم وتم تسخينه
3382,كل شيء فوق الممتاز 👏👏👏
3383,"very good , as always 👌"
3384,m
3385,عظمة❤️❤️
3386,chicken wasn't good seemed like it was grilled ages ago and just reheated . i asked no sugar on my juice but it had sugar regardless
3387,Very very bad
3388,مالح وتوابل كتير بزياده
3389,حلو جدا جدا
3390,the sautéed vegetables were bad
3391,طالبه نص فرخه مخليه جتلي مش مخليه خالص وصغيرة وتاني مره تتكرر مش معقوله ازاي مش مركزين
3392,Baba ghanouj is spoiled
3393,الاوردر وصل بسرعة و الأكل كان جيد جدا و سخن و الدليفرى محترم جدا
3394,I love it
3395,الكبدة كان كلها عروق ولا حتة سليمة ما تتاكلش والطبق كان كله غرقان مية من جوة واترمت فالزبالة
3396,"everything was very bad i ordered kofta, sojouk and kebab and everything tasted really bad سيئ جدا"
3397,تحفه بجد بس عاوزه عروض
3398,Most of the pieces in the lamb chops are not real reyash!
3399,"Late delivery, almost 90 minutes and it should not exceed 75 minutes"
3400,spaghetti wasn't good enough
3401,تجربه سيئه جدا المطعم اتصل قبل الاوردر و مردتش و اتصلت خلال عشر دقايق بلغني ان الاوردر اتلغي و بلغ المنيو انه وصل الاوردر و ملقاش حد مع اني في المكان و محدش جه
3402,اسواء لحمه كلتها فى حياتى: بتشد ونشفه وطعم التتبيله كله بصل على الرغم انها ضانى
3403,صلصة الباميه كانت طعمها كشرى بالضبط.😠 الحواوشى مفروض انه سبايسى جالى عادى والبشامل مش مضبوط خالص ابنى رفض ياكلها 😕 اول مره يجيلى اوردر من عندكم كده بصراحه
3404,الاكل جميل جدا و بيتي اوي بس ياريت يزودوا كمية الممبار شوية في الطبق
3405,الطعم جيد ولكن الخبز المصاحب للطعام سيء للغاية ويفتقر الي النظافه والخبز غير مغلف والسعر مبالغ فيه
3406,حجم الساندوتشات صغر اوى عن الاسبوع اللى فات
3407,t
3408,chicken panne مش مستوي كويس
3409,الأكل اول مرة يبقى بايت المرة دى وحش جدا
3410,الاكل من غير سلطات ولا اي حاجه تجربه مش حلوه والأكل بارد جدا
3411,No teheina
3412,كان سئ للغايه
3413,الاكل مش حلو بالمره والفراخ مش طازه
3414,الاكل مكنش سخن كان دافي
3415,الاكل ناقص شكرا
3416,الاكل وحش جدااً
3417,الاكل رائع وطازة وسخن ونضيف وتغليفه حلو
3418,من احسن مطاعم المشويات في مصر.
3419,الاكل بارد التجربه مكنتش احسن حاجه خالص
3420,طلب الفراج ما وصلش معاه البطاطس
3421,الاكل تحفة ويجنن بس المشكلة في فلوس الدليفري كتير فشخ ليه ادفع فوق الثلاتين جنيه توصيل سعر مبالغ فيه جدا الصراحة
3422,طالب ضانى جاب بتلو
3423,"As usual perfect experience, I always order from them and everytime same very satisfying experience. Food is great, they even fixed their molokheya, very clean packaging, very fast delivery half the time and I'm not even close to the restaurant."
3424,الاوردر زي الزفت الفراخ فيليه مشوي طعمها زفر و مليانه جلد ودهون و عظم و كمان طلبت سلطه ترانشات جالي بابا غنوج بسبب الاوردر ده اكيد مش هطلب منكم حاجه تاني
3425,order not delivered after 2 hours. i had to cancel it. very bad experience & not recommended at all.
3426,Overpriced
3427,العيش مش طازة
3428,الكبده بها ثوم زياده
3429,الفراخ جت بالعظم مش مخلية و الاكل جاي بارد
3430,اخذ مبلغ مالي اكبر
3431,The portions were too small compared to what i ordered
3432,"juicy grilled chicken, well done and delicious. excellent kebab chops."
3433,الفريك مطبوخ حلو لكن حامي و البهارات مبالغ فيها
3434,I received pickles and no sesame paste
3435,فيليه الفراخ ناشفة ومحروقة والطعم سيئ
3436,Two pieces tasted like lamb although I ordered veal
3437,it was full of species
3438,if hi g
3439,الفراخ كان حجمها صغير
3440,There was a dead fly in the salad
3441,الحواوشي طلبته مقرمش و جه طري الخضار السوتيه كان طعمه تحفه عشان قولتله كله يبقي علي البخار بس طلبته من غير بروكلي و للاسف جه ببروكلي شيء محبط جدا رغم اني طالب عن طريق خدمه العملاء كمان و مأكد علي الملاحظات
3442,poor
3443,طالب كباب ضاني واللي جه بتله
3444,The chicken steak caused me diarrhea and stomach pain for 2 days
3445,very small portions
3446,so oily
3447,received oven lamb with vermicelli instead of vegetables
3448,غير ساخن بالدرجه الكافيه . بارد
3449,الأسعار غليت يعني نصف الفرخه كان ب ٤٨ كان أفضل بكتير
3450,baaaaad
3451,الموزة ما كنتش مستوية كويس
3452,very nice
3453,small portion than b 4
3454,الشيش طاوق كان حامي جدا
3455,bombar so bad and not fresh...
3456,سئ جدا الاكل بارد جدا و الكمية مش نصف كيلو ابدا
3457,ممتاز وبجدارة
3458,"Grilled chicken fillet, excellent"
3459,الطعم تحفة دايما والكميات وكل حاجة ما شاء الله
3460,awesome
3461,دخول الفيلا بدون استئذان وبدون استخدام الانتركم ولا الجرس.
3462,wrong salad
3463,الاكل ممتاز جدا والطيار اسلوبه محترم جدا
3464,الكل ممتاز بس للاسف وصل مخلل بدل سلطة الزبادي
3465,جابولي نص رغيف حواوشي بدل ما يجبيبوا رغيف كامل بس الصراحة كلمتهم وبعتوا نص الرغيف الناقص! طيب حتي ابعتوا رغيف كامل كنوع من الاعتذار 😂
3466,Best lamb Mouza with vermicelli in town!
3467,الاكل جه بسرعة بس انا كنت طالب كباب ضاني جالي بتلو
3468,الاكل كويس لكن محتاج يكون Well done اكتر من كده بالنسبه للفراخ
3469,very bad service
3470,Food was very good but it took too too long to get delivered Packaging was perfect and i ordered spicy hwawshi sandwiches but i received regular ones
3471,الكباب كويس جدا الكفته محروقه الحمام معقول
3472,جودة الفراخ كويسة لكن في ملحوظة بقالها سنين عمرها ما بتتغير مع الدهان ، التتبيلة تقيلة أوي وطعمها أوڤر أوي ، وده بيضيع طعم الفراخ. يا ريت تاخدوا ده في الإعتبار
3473,So late from restaurant
3474,الاكل كله بارد بشدة و الطعم غير جيد
3475,بعض قطع الكباب كانت ناشفة
3476,I ordered boneless chicken but got grilled chicken
3477,The chicken was not well done
3478,الفراخ المشوية كانت محروقة ، غير كده الاكل حلو
3479,سرفيس الممبار مكانش زي كل مرة .. كان تقريبا نصف الكمية والغريب أنه سعره زاد ومفيش مشكلة في السعر. احنا زبائن من سنين . وفيه مطاعم كتير بتقدم نفس الطبق بكمية أكبر عاوزين الدهان مطعم يستمر بنفس الكفاءة.. يرجى مراجعة الطلبات والكميات قبل التوصيل ..
3480,غالي
3481,الأوردة جه ناقص مش زي مانا طلبته وحاسبت عليه
3482,طلبت السندوتش البنية سوري جيه بلدي و من غير صوص ولا كوتزريلا مع اني محدد كل دة في الكومنت
3483,الفراخ كانت سيئة جدا جدا
3484,الكفته كانت بيضاااااا جدا شكلها يسد النفس للاسف 😒😒😒😒😒
3485,poor quality
3486,عبلره عن موزه و معها شويه جزر مقطع كبير جدا و كوسه صغيره جدا و الموزه متاخد منها حته ،،،،،، بالفته او الشعريه احسن بكتير
3487,الموزه بالفته بتاعت الدهان معروفه ممتازه ، الموزه بالشعريه بالمكسرات حلو جدا بس النهارده طلبت موزه بالخضار سيئه جدا حجمها صغير معاها شوية كوسه و جزر سوتيه الناس ده فاهمه الموزه في الفرن بالخضار غلط ده غير انها كان متاخد منها حتة ،،،،، زباله
3488,الاوردر اخر مرة كان بارد جدا مش مستواكم نهائي.
3489,الاكل زفر
3490,طعمة مش حلو خالص وكلة فلفل
3491,The chicken was very cold and the rice wasnt well steamed !! One of the worst experiences with al dahan
3492,S
3493,الفراخ كانت صغيرة جداً جتلي واحدة عادي و فرخة كاملة وحشة جداً
3494,الكفته كانت محروقة من الاطراف علي الرغم من طلبي كان medium well
3495,"Cold, salty, not fresh, worst order ever will not deal with them again"
3496,The driver’s attitude was really bad. He obligated me to go to get the order from down the building and then he left me in the sun waiting for him for 10 complete minutes
3497,هايل شكرا
3498,الحواوشى الحمد الله كان احسن من المرة اللى فاتت الكوارع الكمية كل مرة اقل من اللى قبلها
3499,best kofta ever
3500,الريش كلها محروقة
3501,الاكل جودته اتحسنت شويه بس الكميه قلت والسندوتشات بعيش بلدي بدل سوري
3502,سندوتشات الحواوشي صغيرة جدا والفراخ حجمها صغير ومش صابحه ...مش اكل الدهان خالص بصراحة
3503,الحاجة ممتازة
3504,الأكل مش نصيف.. العيلة كلها فى مغص من امبارح
3505,The rice packaging wasn't firm & the rice fell in the plastic bag also the hareesa salad wasn't in the order & there was garlic sauce instead.
3506,bad quality of food
3507,Thank you 😊
3508,الاكل بارد جداا
3509,كل شيء ممتاز جدا 👌 فيما عدا الرز الابيض 😟
3510,Mushroom steak had no mushroom
3511,it was great
3512,"Everything was good♥️ Food quality, packaging and delivery time"
3513,"The food was not fresh The stuffed chicken was cold , straight out of the fridge"
3514,صراحة مستوي الاكل خصوصا الطواجن بقي سئ جدا وبيجيبوه في علب بلاستيك فيه طاجن يدخل الفرن بعلبه بلاستيك يعني انتم بتوفرو في الفخار علي اساس سعركم رخيص مقارنه بالمنافسين ليكم
3515,"Food was 3 hours late and there were no support , very bad dont buy there"
3516,مكنش كويس
3517,مستواه ممتاز ومحافظ عليه استمروا
3518,Ok ✅
3519,سئ جدا الاكل بارد والفراخ المحشيه في منتهى السؤ
3520,الحواوشي تحفة
3521,اتبعت معالق بدل شوكة و سكينة
3522,الحواوشي كان محروق
3523,The order was claimed 1/2 kilo but the reality was way less than expected. However the taste was good.
3524,الاكل جميل جدا كالعادة
3525,وصل بعد معاد الفطار بنصف ساعه
3526,زيادة مصاريف الديلفرى عن المكتوب
3527,الاكل كان زفر جداااا
3528,do you guys wven look at the fucking notes that we write??
3529,too expensive
3530,الكفته سيءه جدا والحمام برضه اخر مره اكل من عنده
3531,i orderd boneless half chicken and received normal one with bones and the chicken wasn't hoy enough
3532,الطيار كان عصبي و قليل الذوق وخلقه ديق
3533,المذاق جيد و لكن للأسف وصل بارد
3534,Yumy 😋
3535,سيئ جدا..بارد وكان عليه مياه طعم وحش جداااا ولا اي شي مميز والحجم والجوده قصاد سعر اوفر جدا بصراحه ميستاهلش
3536,اللحمة كانت بتشد ومليانة شغت أسوأ ضاني على الاطلاق. ألاحظ ان الطلب من خلال المنصات والتطبيقات بالنسبة للدهان عموماً لا يكون بنفس جودة تقديم الطعام داخل المطعم
3537,الاوردر كان بايظ كله من اول الحمام لحد الطحينه تجربه سيئه جدا
3538,Too late delivery
3539,اللحمة كانت غير مستوية جيدا وغير متبلة جيدا
3540,كمية قليلة جدا وسعر غااالي جدا
3541,لاسف الاكل مش بالطعم اللي متعودين عليه خالص والاكل وصل باااارد وديه تاني مرة يحصل كده ... انا زبون للدهان وارجو اخذ الشكوى بجدية علشان مانكرهش حاجة بنحبها
3542,انا جالي نزلة معوية من الاكل
3543,كنيات الأكل صغيرة الأكل أقل بكتير من الصور المعروضة
3544,"food was very nice, delicious and hot. 😊"
3545,👌👌👌
3546,Good quality food.
3547,hawawshi meat has bones and it's so oily
3548,الفرخة فيها دم من عند العظم
3549,"Did not receive the order at all, expected time for delivery 6:30. Did not receive the order till now 7:50"
3550,ورق العنب ملح الطعام زائد جدا
3551,1/4 kolo liver was rotten. kofta was not delivered
3552,الاوردر غلط مش مظبوط
3553,All salads were rotten
3554,good service but last order the driver was very late he came after iftar time
3555,Wawooo
3556,وقت التوصيل كان بدري جدااا مش على الفطار وصلني الساعه 4:30 واضطريت اني اقعد اسخن الاكل تاني
3557,so good
3558,chicken was dry
3559,بالكميات قليله بالنسبة للسعر
3560,it was very cold and not fresh
3561,الكفتة كويسة الفراخ سيئة جدة جدا
3562,الاكل كان بايت وبايظ
3563,جالي بعد الفطار ب ساعه و نص
3564,الاكل جه غلط بجد حسبي الله ونعم الوكيل
3565,ناقص
3566,ااا
3567,بجد مطعم في منتهي الروعه لاني طلبت متاخر وكان مفروض يجي بعد الفطار و كلمتهم و وافقوا يجولي قبل الفطار و حصل فعلا برغم ان اداره المنيوز معرفوش يخلوا الميعاد قبل الفطار ❤️ متشكره علي ذوقكم فعلا وكمان حاجه نضيفه❤️
3568,السلام عليكم لو سمحت طلبت اوردر ووصلنى بدون طلب الممبار و كنت طالب عدد ٤ ارز بالشعرية وصلنى عدد ٥ يعنى واحد زيادة و طلبت سجق كان سىء للغايه لدرجة انه لا يؤكل
3569,كل الاكل تحفه الحمام بانواعه يجنن النيفا تحفه والرز هايل
3570,but still not warm enough. get heat resistant packaging or motor bike
3571,wants to work alone apart from elmenus you shall expect order delays or cancellation.
3572,الاوردر جه غلط
3573,Not 1/2 a kilo as ordered
3574,كل حاجه حلوه
3575,طلبت يوم الاربعاء بيغش في الميزان جامد و منقص من الوزن المطلوب كتير اوي و الاكل مكنش مستوي كويس و طعمه سيي و غالي جدا و مش قيمه مقابل سعر مع إن قبل رمضان كنت بطلب منه كان ممتاز لاكن بعد اخر تجربه هيبقي اخر تعامل و منصحش حد يطلب منه في رمضان
3576,"Order was supposed to come after 60 to 75 mins, it reached after 2 and a half hours, I am extremely frustrated"
3577,الاكل غير مستوي
3578,محل قذر باعت الاكل جوده زي الزفت ،يوم الجمعه ٧-٥-٢٠٢١ ١ ظهر طاجن ورق العنب بالكوارع ،الكوارع لونها احمر و ابيض و نيئه -طاجن الفريك باللحمه غرقان فلفل اسود و طعمه مقرف -طاجن اللحمه بالبصل مفيهوش لحمه تقريبا -الرز المعمر باللحم مش مخدوم و صنعته مش حلوه
3579,Mt oreder was spicy and it came normal
3580,I
3581,مقبول
3582,مطعم سئ جدا والطعم وحش
3583,خدمة زي الزفت و اكل سئ طالبين الاكل من ٣ ساعات و بيتكلموا
3584,المحشي كان معفن. مش حرام تجيبو للصايمين اكل معفن وريحته طالعة حسبي الله ونعم الوكيل
3585,اول مره اطلب والاكل يجي وحش اوي الكباب محروق والكفته والحمام لونه غامق جدا وصغير مش ذي مابطلب ورغيف الحواوشي مش محطوط بطريقه حلوه
3586,بيتاخر جدا
3587,الاوردر جيه ربع فراخ فيلية بدل النص فرخة
3588,جميل جدا .. بصراحه من انظف المطاعم في القاهره
3589,تم اضافه ليمون كثيرا عالطعام !!
3590,الأكل يقررررف و مفروض انو جاى لناس صايمة... أسوأ اكل فعلا جربته فحياتى الاكل زفر و الرز عبارة عن عجينة
3591,مستوي سيء جداا
3592,طلبت الاوردر على الفطار وصل قبل الفطار بساعة و كان بارد تجربة سيئة
3593,بجد و الله ولا مكمل 1/8
3594,الاكل رائع والديلفري محترم
3595,الرز بلبن كان سئ جدا والاكل والعصير ممتازين بس الكل بارد والعصير سخن
3596,غير مستوي كفايه
3597,الطلب وصل بدون طحينة
3598,لاينفذون ملاحظات الطلب
3599,مش حلو خالص المره دى
3600,رائع جدا
3601,السلطات موصلتش مع الاكل
3602,طبعا الدهان اكله جامد جدااااا
3603,b
3604,برام الرز المعمر كان معجن اوي، لكن الحمام كان لذيذ
3605,الطعم ليس كالمعتاد للاسف
3606,Hated it
3607,اهر اوردر الكمية كانت قليلة عن كل مرة حتي حجم الحمام كان صغير قوي
3608,"I ordered Mango juice, I received orange juice! the food was not hot, Better to serve in heat insulated package. other than, everything was amazing!"
3609,الاكل كان بارد ومملح قوي
3610,الكل كان بارد
3611,المكرونة طعمها مكنش لطيف الصراحه
3612,مجاليش طحينة و البابا غنوج كان حامض
3613,رائع بس الحمام مش حلو
3614,Sandwiches were cold
3615,طلبت لحمه بالخضار جاني لحمه بالبطاطس! والطاجن والمسقعه في عبوة بلاستيك وهي سخنه؟!!!! ياريت تكون فخار افضل.
3616,دائما فيليه الفراخ بييجي كله فحم وسواد
3617,الكبدة نيه جدا لدرجة أنها طرية جدا والاردر وصل متأخر
3618,الطماطم و ورق العنب ناقصين
3619,حسبولي فاتوره غلط و مفعلوش الخصم بتاعي مع انه الحساب طلعلي بالخصم في الموبايل
3620,ديما عند حسن ظننا
3621,بس الحمام كان مشوى ولا على الفحم ؟ بس التوابل باللحمة كانت عايزة تكون قليلة شوية علشان الاكل ميكونش مالح
3622,الخدمة و الاكل ممتاز
3623,الطعم والتسوية بعد الممتاز. حاجة تحفه
3624,I hope the delivery be faster
3625,I ordered 2 stuffed pigeon but what i got is only one( they calculate as only one) and it was half hour before iftar so i didn’t call them to send the other one as it will reach me after iftar
3626,طلبت فراخ مشوية ..هي حلوة ونظيفة بس مفيهاش طعم شوي خالص ..التوصيل في ميعاده والتغليف جيد ..
3627,اول مرة بجد الدهان يكون ردئ كدة فعلا انا مش هطلب منه تانى بجد الاكل ملوش طعم وبارد وكمان الفراخ مكنتش مستويه اصلا
3628,الوجبة كانت مالحة جدا كده كتير مع الصيام اتسابت الوجبة
3629,the meat was hard and chewy
3630,Food good but delivery was an hour late
3631,اللحمة ناشفة وملهاش طعم وشكلها لحمة مستوردة. 😡
3632,ممتاز كالعاده
3633,consistent
3634,The order was on time Hawawshi was more than great but 1/2 chicken was not as expected due to water vapor inside the packing box. Bread was like dough
3635,مجاااااش
3636,شكرا على الاهتمام
3637,"The (Grilled Chicken Fillet) wasn't ""Fresh""."
3638,"I made the order and I mentioned that we want it at iftar time and I made sure of this through one of your staff, it arrived early by two hours and a half."
3639,جميل جدا استمروا ❤️❤️❤️
3640,بقى غالى جدا
3641,اكلت كتير واكله مميز ونظيف والخدمه ممتازه
3642,الوجبة ماكانش فيها رز والاكل كان بارد جدا
3643,this was no spoons or fork 🤔
3644,غلط ف الحساب و مفيش دعم من المنيوز محدش تواصل لحل المشكله أو التعويض
3645,♡
3646,طريقة التقديم سيئة جدا. الكمية قليلة جدا. السعر غالى جدا. شهره على الفاضى
3647,الفراخ كانت مش احسن حاجة وجزء كبير فيها محروق
3648,"Starve yourself, trust me, it’ll be better than eating grilled chicken from this place!!"
3649,ممتاز بس وجبة الأطفال كمية الأرز قليلة جدا ارجو زيادتها وشكرا
3650,اخذ اكتر من قيمة الفاتوره و لم يعطيني الباقي كاملا
3651,المندوب اخد فلوس كاش و انا كنت دافع فيزا
3652,تاني مرة اطلب من الدهان و للاسف الوزن اقل من المطلوب النصف كيلو بيبقى ٣٠٠ جرام و دي سرقة كدة
3653,Thx
3654,deliered on time
3655,ارز الحمام كان نئ علي غير المتوقع والمعتاد كما أن خلطة الفراخ كانت علي غير العادة لكن بصراحة الكوارع كانت ممتازة
3656,الاكل جه ناقص و الكميات خلط
3657,الاكل كان وحش جدا الفراخ جاية متقطعة الحاووشي الطبق مليان مية من جوة الممبار و المحشي تتبيلة متغيرة كانت كتير جدا و حادق
3658,الفراخ مذ مستويه جيدا
3659,الشوي سئ جدا
3660,"Less quantity Kebab & Kofta which compared other restaurants like Aleppo's grills, Abou Mazen etc"
3661,الفراخ كانت محروقه وصوص المكرونه قليل جدا
3662,Delivery always late
3663,وقت مبالغ فيه ، السيستم بيقولي تم التسليم وانا الطيار مكلمنيش اصلا ،غبر ان الوجبه بسعر مش قليل جايه بدون رز!
3664,الأكل كان بارد جداً والحمام ماكنش حلو وذي ماكنت متوقعاه من الدهان
3665,السلطة ديما بتيجي نقصه او مش مضبوطه و اخد مره الكفته كانت محروقه
3666,طلبت طحينة و جالي بابا غنوج و الفراخ كانت باردة جدا و المشكلة كانت في الملوخية كان طعمها صعب و جالي تسمم بسببها
3667,عجبني اوي
3668,بس غالي شويه لكن جميل الطيار ممتاز
3669,طعم الكوسه وريحتها بشعة
3670,الطاجن اللي فيه المكرونة جاس مكسور والبواقي مم الطاجن بقت في الاكل وكان بارد
3671,اللحمه نية تماما والبطاطس معجنه ومش جاى ف طاجن ده علبه بلاستيك سيئه للغايه
3672,The meat was not well done.
3673,الاوردر وصل بعد ساعتين و نص في يوم صيام
3674,الاكل وصل في ربع ساعة بالظبط سخن وجميل
3675,سيء
3676,Is 1/4 kilo tarb equals to 3 pieces only ?!!!
3677,"Don't order in ramadan, order came early by 70 min and they said better early than late!! of course it was cold and tasteless"
3678,الموزه جت مش مستويه كويس والسمان كان فيه ريحه زفاره دم
3679,سعر التوصيل مبالغ فيه
3680,الملوخية عملتلي تسمم ، و طلبت طحينة جالي بابا غنوج
3681,الاكل كان بارد بس رمضان كريم
3682,كنت طالب الفراخ مخليه وجات بعظمها
3683,chicken was raw
3684,انتظرت ساعة ونصف عقبال ميجي و المطعم مبيتعاونوش بالرغم من ان مكاني علي بعد كيلو نصف بس
3685,جيد .. بس الكفتة قليلة شوية
3686,"Molokheya was very bad , chicken pane was tasteless . Overall food was very bad"
3687,سئ الجودة جدا
3688,the molokhia tasted very bad.. we couldn't eat it.. and the baba ghanoug too.
3689,الشيف بقى سئ جدا اطلب ستيك ب المشروم يجي كله دهن وتخين جدا ومش مستوى اسؤ ستيك شفته اخركم كباب وكفته
3690,العيش كان مليان نمل. الكفتة بايشة وفيها عضم صغير كتير ممكن يكسر سنان حد. كل مرة اقول اخر مرة
3691,طلبت شوربه مشروم بالكريمه جاتلي شوربه فراخ بالكريمه
3692,ممتاز اخر اوردر طلبته الحمدلله قد المسئوليه
3693,bad food bad taste discusting
3694,خدمه توصيل سريعه ولاكن مع هذه السرعه و قرب الفرع الطعام لا ياتي ب السخونة التي يجب ان يكون عليها ف الوجبه تاتي دافئه ولايست سخنه
3695,The kofta and garlic dip never arrived
3696,Worst service .. from 9:30 and till now the order didn’t arrive
3697,الفراخ مره لذيذه
3698,جه قبل الفطار بساعة
3699,Food was very bad i got sick right after I finished and remained sick for 2 days!
3700,الاكل جميل جدا و كميته كفايه و الديلفري جه بسرعه
3701,i did not recieve my order
3702,The quality of the food was very bad and it was cold
3703,الطلب جي مضبوط وقبل الفطار كل حاجة كانت زي الفل
3704,انا طلبت الاوردر على الفطار ،جالى الساعة ٥ قبل الفطار ب ساعة ونصف وطبعا الاكل كان سيئ جدا
3705,Its getting bad and bad.
3706,الملوخيه وحشه جدا ً
3707,اول مره اشوف الكفته البيضه دسمه جدآ و مليانه دهون بجد سيئه جدا
3708,شوربه الكوارع كانت ذفره ريحتها صعبه ومهريه زى ما تكون بواقى اكل وحطوها فى شوربه فراخ والدليفرى بيرمى الشنطه على الارض لدرجه علبه الكوارع كانت مقلوبه لولا التغليف جيد كانت اتبعرت فى الشنطه
3709,very long delivery time
3710,الكوسة البشاميل كانت وحشة جدا وطعمها متغير
3711,روعه
3712,الاكل كل مره احلي من التانيه
3713,الاوردر مجاش معاه بابا غنوج الطرب كان صغير
3714,الاكل اتأخر وخدمة الدعم مش احسن حاجه والاكل كان ناقص وفطرت بعد المغرب بربع ساعه وحسبي الله ونعم الوكيل فيكيوا
3715,مطعم جميل و اكله ممتاز و طحينه رائعه
3716,الشوربة مالحة جداا
3717,the rice was very bad
3718,"polite delivery guy, excellent service, delicious food."
3719,الاكل كويس كالعادة الحمدلله.. مطعم الدهان غني عن التعريف والدليفري وصل في معاده ومحترم
3720,سئ جدا مستوى المطعم فرع مدينتي
3721,it was good but came cold
3722,طلبت حار ورد عادى
3723,The driver called us so many times and refuse to enter the the campus to deliver to the office except after so many calls
3724,"Food came cold, had to reheat it. Tasted like it was ready hrs before, not fresh"
3725,It was cold and the kofta was really bad
3726,the order arrived without lemon for the soup
3727,كانت الكبده متقطعه رقيقه جدا لدرجه انها جلدت
3728,الاوردر لم يصل
3729,"Grilled beef not like before quality a bit different, need to back to your quality mr. Dahan packaging was good"
3730,"The ""Moussaka'a"" doesn't contain (Meat)."
3731,Quality is decreasing every time I order
3732,الاكل كويس بس المشكله الدليفري بيتأخر يعني اللي يطلب من الدهان يبقا عامل حسابه انه هياكل كمان ساعه ونص كده لكن لو حد جعان وعايز اكل بسرعه فالدهان ميبقاش من أولوياته
3733,great taste and food was hot and fresh
3734,"High quality, good prices"
3735,كنت طالبة نيفة ونص الطلب جي دهن
3736,سوا الاكل مش مظبوط
3737,كان امبارح الأكل تحفه
3738,اكل بارد ومش.طازه و كانه اكل من امبارح معمول
3739,الطلب نص كيلو كفته وطرب عبارة عن قطعتين طرب و ٦ قطع كفته ازاى مفيش تناسب بين الكفته والطرب شئ مؤسف
3740,"So we received the order late, and the beef in the mixed grill plate was too burned and filled with grease and fats, which we couldn’t eat and we were fasting and we ended only eating the Mozza so it was a very terrible experience"
3741,التسوية
3742,جوده الاكل كانت سيئه جداً و بارد جداً جداً
3743,رهيب
3744,وصل بعد الوقت بساعة يعنى. ساعتين ونص!!
3745,👌🏻
3746,Too much oily
3747,السواق بيلف بالاوردر بين العمارات
3748,الدجاج زفر جدا
3749,"deserves 5☆ good quality , taste and customer service"
3750,Food is always perfect
3751,الاكل كان بايت و ريحته وحشة
3752,مطعم نظيف ومستوى جيد جدا
3753,للاسف حمامه منهم صغيره تكاد تكون شبه السمان لكن طعم وتسويه محترم جدا
3754,كل الأكل كان مالح جداً جداً
3755,Delivery took too long and fries were cold
3756,البانيه في زيت كتير
3757,ياريت لو معاه حبه ىز صغيرين فقط هيبقي حلو جدا
3758,تجربه سيئه لعدة نقاط اولا كميه اللحمه في طاجن الملوخيه كانت قليله .. علب السلطات حجمها صغير .. اهم نقطه هي الكفته محستش خالص اني باكل كفته ولا طعم ولا توابل ولا اي حاجه بصراحه تجربه سيئه جدا
3759,ممتاز بس في زيادة في الملح
3760,"The (Pigeon's Rice) was very ""Soft"" & it wasn't ""Tasty""."
3761,very good and delicious 😋
3762,الفراخ كان فيه دم ودي كانت اول مره والسوي كان مش اووي
3763,للاسف اكلهم كويس بس طلبت سلطة خضراء جالي خيار مخلل واتكرر الموضوع ده اكتر من مره
3764,سنتين من التعامل مع الدهان ومازال رائع
3765,الاكل حلو جداااااا ،، بس للاسف اول مره يوصل بارد ،، انا على طول بطلب ويوصل سخن جداااا .. بس مع ذلك الاكل حلو جداااااا....
3766,"everything is great,, recommend"
3767,Lateeeee delivery but excellent food quality and quantity
3768,الفراخ حلوة بس المشكلة عليها فلفل أسود كتير جدا
3769,تم تجاهل كل تعليماتى الخاصه، و اللحمه حت كلها عروق و دهون و مكلكعه فى بعض، فعلا اكتر من سيئه و عيب على اسم كبير زى الدهان
3770,hwams salad is whole grains!!
3771,small sandwich for huge price
3772,الحمام حلو جدا بس دايما معندكوش فريك
3773,لتانى مرة المكان ده مش براعى ربنا فى الاوزان اخر مره
3774,أظن الدهان يستاهل أفضل مطعم من وسط كل مطاعم نوعه في القاهرة..
3775,طلبوا مني الدفع مرة اخري وتم دفع الاوردر مرتين
3776,طلبت نص كيلو كفتة وطرب المفروض 4 صوابع كفتة و4 طرب.. بس اللي وصلني 6 كفتة و2 طرب.. مع العلم إن الطرب سعره أغلى من الأوردر وحاسبوني عالسعر الاغلى
3777,من احسن الكباب فرع حسن مأمون
3778,Food was cold and very bad quality
3779,سيئ جدا
3780,الشيش والسجق سئ بطريقة بشعة ووجع بطن أول مرة تحصل لعلها آخر مرة
3781,المواعيد غيري معمول بها المواعيد غيري معمول بها
3782,Too cold and this bad attitude repeated careless and each time they say sorry and next time will be good I recommend not to order from this customer careless restaurant
3783,One of the 3 chicken fillets was undercooked (still raw in parts) And too salty
3784,knuckles is very smelly
3785,الاكل هيوصلك بارد جدا للاسف والاكل حلو مش ممتاز
3786,"Uncooked chicken, very very salty and very rude customer service"
3787,عيش الحواوشى كان كله محروق من تحت
3788,الفرخه باردة وسلطه الباباغنوج سيئه والخبز بائت
3789,الاكل بيوصل بارد للاسف غير كده ممتاز
3790,السلطه طلبطها خضراء جاتلي طحينه
3791,بهارات كتير قوي في الحمام
3792,Food was ok
3793,الأكل بارد جدا
3794,طعم الموزة مكنش حلو زي كل مرة الموزة كان فيها شعرة
3795,Hope you stay like this
3796,محتاج تيم تغليف الطلب بطريق افضل
3797,"The (Vegetables Soup) wasn't tasty as before. Besides, the Driver's Attitude wasn't good."
3798,جيدا
3799,الاكل وصل بارد جدا جدا
3800,طلبت ربع مشكل جالي كفتة بس
3801,السلطه مجتش ليييييه ! كله إلا السلطة !
3802,الاكل وصل بارد والاوردر ناقص والطعم وحش جداً
3803,A
3804,السلطة كانت ناقصه والطحينه موصلتش
3805,Tasted like shit
3806,One of the best restaurants serving grilled chicken in Cairo.
3807,thanks but you need more interest about bread.
3808,أسوا مره كلت فيه من المطعم للاسف الاكل مكنش كويس اللحم كان اغلب دهن
3809,تسوية و تتبيلة الدجاج بشعة
3810,The chicken came opened and taken parts from it. Please see with delivery people. They should be more honest. Or maybe the store. But that’s unacceptable and very wrong to open things durning time of corona or any other time in general.
3811,الاكل بشع و راميته والفراخ طعمها زفر و الاكل طعمه بايت ومجلد وحاجه قرف بجد الحاجه الوحيده اللي كانت عدله هي الشوربه
3812,برده الاكل بارد
3813,الفراخ مش نظيفه
3814,اول مره اطلب حواوشي ويبقى مش حلو
3815,الاوردر كان وحش اووي و الفراخ صغيره
3816,Nice packaging and taste❤️
3817,الاكل كان بشع و زفر جداً و بارد
3818,hfgi
3819,لا يتم النظر للملاحظات، التى تكتب مع طلب أى صنف متلقى الاوردر ضعيف النظر
3820,المفترض ان لو السعر قليل الجوده بتبقا قليله ولو اعتبرنا سعركو عالي او متوسط فالجوده قليله وكتير بتجيلي اوردرات فيها اخطاء.. يا ترخصو الاسعار وتبقا علي مستوي الخدمه بتاعتكو يا تظبطو شغلكو صح
3821,food was great.. as expected was not so hot.. but it was fine.. came completed and good packaging
3822,حلو اوي
3823,طعم هايل وخدمة متكاملة
3824,عظمه100%
3825,Chicken needed a little more cooking
3826,طلبت سندوتشات فراخ مشوية و شيش طاووق و كباب و بطاطس محمره و طبق محشي صغير و كريم بورليه الاكل جه بارد الفراخ كانت محروقه وناشفه الكباب كله شغت و عضم و اللحمه نيه وبتشد البطاطس بارده ومزيته المحشي محروق و حادق جدا و مليان زيت ال كريم بورليه عباره عن ...
3827,الطعم مش زي كل مرة.. والفراخ كانت باردة للأسف
3828,Food is cold
3829,Got the food it was so cold
3830,الفراخ حجمها صغر فجأة بعد تغيير علبة التغليف
3831,الفراخ متبله جميل جداً لكن انا طلبت خبز وجالي خبز بلدي كنت اقصد خبز ابيض من اللي بناكله في المطعم نفسه
3832,الاكل ملهو؛ طعم وبايت و للمحشي حادق جدا
3833,You can see the photo very bad ..... the order arrived in 15 minutes but was burned
3834,"The packing was awful, i think the order was dropped from delivery guy"
3835,َممتاز
3836,انا طلبت و دفعت تمن 1 تومية زيادة و للاسف ماجتش مش عارف لية + الاكل جاي بارد
3837,المشويات في فرع مدينه نصر جامد جدا لكن الطواجن وحشة جدا جدا للاسف بسبب كمية البصل
3838,الاكل كان جاى لى ني مش مستوي من جوة كويس للأسف
3839,Missing 2 items
3840,Experienced mild diarrhea
3841,الاكل سئ جدااا و مش مستوي كويس
3842,Kofta came so small portion before was much better than that
3843,ملح و بصل في الحشو كتير و رائحه الخلطه غريبه بسبب البصل و اللون الاصفر اعتقد كركم
3844,اللحمة مش حلوة
3845,"The food was delicious, but not hot."
3846,سيء جدا والتوصيل متأخر جدا جدا
3847,الممبار جاي محروق والحواوشي جاي عجين مفيهوش لحمة
3848,Chickens came with bones .. not boneless like we orderd ..
3849,"I ordered 3 Hawashi, The packaging was awful and it was very small!!"
3850,"I didnt like the مسقعه it was like kitchen leftovers or other customers leftovers , I find 2 fries , some zucchini..... what is that it was disgusting and threw it away ....."
3851,شوربة المشروم مملحة ومليئة بالزيت وجعتلي بطني علي غير عادتهم
3852,The meat is not all a real meat it’s taste different. There’s non with the meal not even a finger of potato chips!!! Atleast katchup!!!! First and last time the price is sooooo much over on this
3853,حمام بالفريك وصل صغير والحشو نص الحمامه فقط والتتبيله سيئه ولاول مره الملوخيه عمل الطشه بكمون بدل كوزبره وصل مع طواجن الملوخيه رغيفين بالعدد للاسف ندمت علي الطلبيه
3854,الاكل حلو جدا 😍
3855,"The Molokhia was really Bad , Excessive amounts of salts have been added . Please watch it next time ."
3856,Low quality food and cold
3857,Late delivery Cold food
3858,لسان العصفور كان جاى مدلوق
3859,الاكل حلو جدا وسريع ف التوصيل ❤️ والناس زوق جدا جدا
3860,excellent 👌
3861,The order was cold
3862,مفيش معالق زى كل مرة
3863,الحمام طعمه سي للغايه
3864,بياخد وقت طويل ٧٥ دقيقة كتير
3865,"very good but it took too much time for delivery (1,5hour)"
3866,طعم الفراخ مكنش حلو والتتبيلة مكنتش مخلية ليها طعم وطاجن الخضار تحسه بايت من زمان
3867,Nice despite the fact that it wasn't warm enough to eat it.
3868,ناقص الارز المكتوب مع الوجبة
3869,الأكل حلو جدا و كل حاجه مظبوطه طبعا الدهان مش اي كلام ❤ انا مبسوط من الآخر كده 😅😂
3870,ف
3871,الدهون ذيلده في الموزه نصفها دهن
3872,I git grilled chicken instead of chicken panne🥴🥴
3873,uuji
3874,الطرب مكنش مستوي كويس
3875,المشويات و الحمام في فرع مدينه نصر جامد جدا لكن الطواجن وحشة جدا للاسف بسبب كمية البصل إلي في الخضار
3876,تحفه بجد بس عندي تعليق الفته الصلصه كانت عليها مش كتير 🥲
3877,حجم الاكل اقل من المتوقع لكن الجوده ممتازه
3878,amazing ❤
3879,100100
3880,food was not well cooked
3881,الاكل طعمه حلو بس مش سخن والفرخه المخليه كانت محتاجه تستوي اكتر
3882,السلطة الطرنشتت كانت بايظة ورميتها
3883,The food was cold
3884,العلب البلاستيك الجديدة المستخدمة ف التغليف لا تحتفظ بالحرارة فالأكل بيجى بارد ع طول ، دائما شرب الفراخ بالكريمة باردة
3885,الطاجن كان فيه حتة لحمة واحدة
3886,👍👍👍
3887,الاكل سئ وعامل التوصيل سئ في التعامل
3888,احسن مطعم مشويات
3889,Great as usual
3890,الكمية غير كافية بالنسبة للسعر
3891,دم داخل الفراخ
3892,سئ و اخر مرة اجيب حاجة منهم
3893,الاكل جه ساقع
3894,كيلو ونصف ٣ ارغفه عيش ، بس الاكل تمام
3895,أحلي موزة بتلو باكلها في حياتي
3896,الطعم
3897,الرز طعمه سيئ جدا
3898,Very badd
3899,المطعم هايل والتغليف فوق العظمه والطعم حلو جدااااااااااا رجاء تنزل شوربه الشعريه في المنيو زي زمان وحبوب لسان العصفور تبقي كتيره عشان بتيجي قليله جداااااا وشكراااااا
3900,The delivery time was a bit late other than that everything was good including the delivery man’s behavior.
3901,المفروض يبقى في طحينة مع الاوردر
3902,مش مستوية
3903,٠
3904,No grilled veggies
3905,الاكل بارد كالمعتاد
3906,الأكل وصل بارد جدا ومتأخر جدا
3907,طلبت فراخ مشوية و الطلب ماكنش فريش رغم تأكيدي على كدة
3908,كذا مرة نطلب انا وزمايلي في الشغل الكل اتفق ان الاكل ريحتة زفارة !!
3909,الاكل كويس بس للأسف وصل بارد شوية
3910,الاوردر سئ جدا ولا يصلح للاكل بدون اي اضافات
3911,طلبت مخليه جات بالعضم
3912,salad very small
3913,الاكل سيء للغايه علي عكس العاده اخر مره هاطلب منه
3914,الملوخية مملحة جدا و محدش كلها اسوأ مرة كلت فيها ملوخية من الدهان
3915,اقل من المتوقع بكثير.. الكفتة سيئة
3916,وقت التوصيل كان طويل جداً و الاكل كان ني و سئ جداً
3917,Was perfect
3918,كنت طالب ٢ توميه مع الطلب... جاني بدل التوميه سلطه زبادي و خيار
3919,هو مش المفروض لما افعل كود الخصم بتاعكم اخد خصم 15 ٪ والاقى فى الاخر واخد خصم 10 جنيه دى المصداقية بتاعكم ؟؟؟
3920,أقل كميه لحمه في رغيف حواوشي باعت عيش فاضي وب٣٣ جنيه منغير ضريبه ،أسوأ رغيف حواوشي و غالي
3921,السعر أعلى من القيمة والعيش سئ والسلطات احيانا لا تأتى بحسب الطلب
3922,اللحم سيئ جدا كله مدبس
3923,It was burnt
3924,شعر في الأكل
3925,الحمام وصل محشي فريك وانا طلبه محشي ارز
3926,طاجن الخضار جميل وطاحن الباميه تحفه بجد حقيقي تسلم ايد الشيف والأرز جميل جدا وشكرا ع خدمه التوصيل جاى قبل معادة واتمنى لكم دوام النجاح
3927,No rice pudding in the order
3928,chicken and mix grill wasn't good at all this time الاكل كان في زفاره
3929,جوده عاليه
3930,الفراخ المرة دى مش مستوية!
3931,لم يأت ضانى بل بتلو
3932,The consistency is the key I love this place
3933,تم تغيير رسوم التوصيل بحجة ان خارج النطاق و هذه ليست اول مرة يتم الطلب منهم
3934,الحواوشي طعمه وهمي و عالمي و جاي سخن و كله تمام،الوحش المره دي اني الحشو بتاعه اقل من اي مره و الاوحش اني مش كل الحواوشي نفس كميه الحشو و دي حاجه سيئه جدا جدا و ما تطلعش من مكان مميز زي الدهان
3935,The delivery was too late
3936,طعم وجودة ولذه
3937,طالب نص كيلو جايلي ٤٠٠ جرام بالعلبه
3938,الارز سى جدا
3939,👏🏻👏🏻
3940,بطئ جدا
3941,مش متبل ووزن الطماطم والفلف اللي في السيخ محسوب من الطلب
3942,الاكل حلو الحمام على غير عادة مكنش كويس و فاضي لحم!!
3943,Chicken were not as tender
3944,العيش كان وحش جدا
3945,خدمة زبالة الاوردر اتاخر ٣ ساعات وخدمة المنيوز منتهي التدني وكذابين انا هاحول ل talabat
3946,الاسكالوب كان مملح اوي
3947,الاكل لاول مرة جه بارد جدااااااااااااااااااا للاسف غير راضية هذه المرة
3948,"Food arrived one and half an hour after ordering, the grilled chicken was extremely cold as of it it just came out of the frigde , sandwiches'taste was less than expected. Driver asked me to take the order fast cause he was in a hurry!"
3949,الاكل بارد جدا متلج وملوش طعم
3950,ميه ميه 🔥🔥
3951,الاكل سئ و زفر جدا جدا ميتكلش ولله
3952,انا طلبت 2 نص فرخه مخلي جاتلي عادي ممكن اعرف ليه انا ماكده الاوردر مخلي ؟؟
3953,Game
3954,فرع مدينة نصر النادي الاهلي سئ
3955,food came cold after waiting nearly 3 hours for it.
3956,كباب الحله مليان حبهان وطعمه مش حلو
3957,الفراخ المشوية والشوربة كان ريحتهم زفر جدا
3958,ممتاااااااااااز ميرسي الدهان
3959,وجود بعض العظام وحرق بعض اللحم مع العلم ان الطلب والسعر مقابل بتلو صافي مشفي مع وجود سلطة واحدة فقط مع الربع كيلو وهى الطحينة بدون سلطة خضراء
3960,الفراخ زفرة و ملهاش طعم و الحواوشي مفيهوش ريحة السبايسي اللي طلبته بيها و طعمه مش قد كده خالص
3961,الخدمات سيئه
3962,سى ء جدا جدا
3963,كل مرة بيطلع العنوان غلط
3964,الاكل جاي من المهندسين لاكتوبر ف طبتا اخد ساعتين تقريبا، و الاكل جاي بارد جدا ووحش جدا
3965,انا مش مصدقة ال portion الصراحة فى حاجة غلط و نصب يعنى اوڤر اوى
3966,Mombar tasted not good
3967,It’s not clean and the vegetable took from another plate of someone else don’t recommend sauté their
3968,Bgh
3969,Shish tawook was tasteless . minimum or no flavor .
3970,Found a hair in it 🤮
3971,I ordered boneless chicken and i got normally grilled chicken
3972,Missing item
3973,بصراحه ضفتو ضريبة ملهاش اى لازمة والسعر بقا عالى
3974,خدمه ممتازه مع الشكر
3975,الرز كان قليل
3976,المكرونة الفرن سيئة جدًا.. مجرد مكرونة مع صوص ابيض قليل جدا ولحم مفروم ناشف.
3977,مبقاش حلو بس سي جدا
3978,"Food is good but they take more than two hours for delivery every single time, and the food comes cold everytime. Definitely not worth the hassle of waiting more than 2 hours for average tasting food. This problem is always with the Mohandsin branch,..."
3979,طلبت الكبظة سواء زيادة و جت عكس اللي انا طلبع بلغت الناس هنا على الابليكيشن و قالولي حد هييجي ياخد الاوردر ده من المطعم محدش جه
3980,good price
3981,اوردر قذر ميتاكلش من بني ادمين انا رميته لقطط الشارع من القرف اللي مبعوتلي حسبي الله ونعم الوكيل
3982,"It was okay, but I don’t know why the one with bones tasted better"
3983,الاكل حلو بس الفراخ المشوية كانت باردة شوية
3984,الفراخ المحشية المرة دي نشفة جدا
3985,"Good food, but a little expensive, ordering online very nice and they are very attention to the order comments. Over all it's very nice."
3986,Cold food and expensive
3987,the order was very cool and the taste was so bad
3988,The rice wasn't fresh as usual
3989,الأكل أول مرة يجى، كانه خارج من الثلاجة
3990,متوسط
3991,اوك
3992,الطهي في منتهي الروعه بس للاسف كان بارد جدا جدا 😏😏
3993,potatos with 2 pieces of meat
3994,الاكل غير مرضى
3995,It came so cold as if it was out of fridge. Not recommended
3996,Bread package was soo bad and the chicken was not fresh. Very bad food
3997,الاكل كان بارد ممبار حجمه كبير
3998,طلبته من غير عظم و جه بعظم و كمان مش مستوي كويس. كان فيه حتت حمرا في الفراخ 🧐
3999,الدجاج غير مكتمل الطهى وعدد أرغفة العيش غير كافية
4000,سئ جدا الطعام بارد ارجو من المنيو عدم التعامل مع هذا المطعم ولانه لا يوجد أي امانه في المطعم ملحوظة : عندما يتم الطلب من المطعم نفسه يكون الطعام جيد جدا، وعندما يتم الطلب من على البرنامج يكون الطعام سيئ جدا
4001,كل الاكل كويس كالعادة، لكن كالعادة برضه سلطة الباباغنوج والحمص شبه بايظين.
4002,الحمام صغير اوى
4003,g
4004,it was cold
4005,الستيك المشوي كان بيشد و سئ جداً تقريباً الاوردر اترمي كله
4006,The delivery person was extremely professional
4007,الحمام المحشي حلو بس الرز محتاج يبقي مفلفل مش ناعم
4008,الرز كان معجن من جوه.
4009,Not warm enough but amazing
4010,Order came with wrong salad and wrong bread
4011,Worst order Asked for 1kg We got like 1/2 kg No follow up from the restaurant at all
4012,الاكل كانت جميلة اوي شكرا جدا :)
4013,الكفتة كانت طعمها وحش اوي كأنها بايتة وتحتها عيش بس ومفيش اي حاجة معاهم غير كفتة وعيش اخر مرة هطلب من الدهان مستواه قل في الدليفري اوي
4014,الكميات أقل من العادي
4015,ممتاز ويقدم وجبات ممتازه وذات طعم جيد ويصل ف الوقت المطلوب ومعامله جيده جدا وذات
4016,the 1/4 chicken wasn't cooked well was little bit raw
4017,الأرز بالشعرية ... وصلني رز بالخلطة والحمامة صغيرة جدا
4018,الريش مكنتش مستويه كويس
4019,الكفتة بيضاء تماما زي مايكون عباره عن دهن باعت مع النص كيلو رغيفين عيش بس!! مستخسرين يحطو رغيفين تاني ب ٢ جنيه !!! المستوى انحدر جدا مع أسعار غاليه جداا جدااا .اخر مرة اشتري منكم المرة اللي فاتت جبت منكم حواوشي ممسوح بلحمه بيضاء. منكم لله
4020,الاكل بارد جدا وسئ والمكرونة فيها فلفل اسود كتير أسواء تجربة أكل
4021,بقيتو تزودو ضريبة ودي حاجة مش حلوة ابدا
4022,الطعم كان حلو بس الخدمة سيئة للغاية الفرخة نصها كان يادوب دافي والنص الثاني بارد تماما يعني النصين مش معمولين مع بعض بالإضافة إلى إن الأكل جه بسرعة معنى كده إنه أصلا طالع من المطعم بارد
4023,اوى
4024,الكباب جاى بارد ومجلد ومتغلف فى بلاستك
4025,السعر غالي شوية
4026,الفراخ مكنتش متبله ولا مستويه
4027,الكباب تتبيلة رائعة و لذيذ و طرى.. شكرا جدا الحمام مستوى و الأرز مستوى و جميل شوربة الحمام طعمها غريب بسبب مادة البلاستيك ( اما العلية مرشوش شىء عليها أو بلاستيك يغير الطعم بشدة )
4028,good food
4029,Amazing food and affordable prices highly recommended
4030,متاخر ساعة ونص عن موعد التسليم
4031,just salt no taste of meat
4032,الفراخ جت باردة جدا
4033,"Was a bit cold, did not have the salad I ordered, delivery price was not updated"
4034,الاكل تحفة وسخن ووصل بسرعة
4035,F
4036,الممبار جيه ناي ولم يتم لفت النظر لذلك في الطلب والكفته مش متسويه كويس مع اني طلبها well done وكان شكلي وحش جداً امام الضيوف 😡
4037,A lot of fat included
4038,العيش كان محروق
4039,الفراخ مش مستويه وجواها دم وحمرا من جوه ودي اول مره تيجي كده والريش كانت محتاجة تستوي اكتر
4040,ممتاز الاكل وبالاخص الحمام ممتاز والتغليف اكثر من ممتاز
4041,the food is ok but too salty for me
4042,سلوك الديليفري كان محترم بجد حاجه تليق بطعم
4043,الطعم مبقاش زى زمان او مبقاش فى نستوى مطاعم تانيه انا كلت نص فرخه ماحستش ان فبه تتبيله حلو عاديه جدا
4044,طاجن الفريك باللحمه عالمي و الحواوشي اختراع الاكل سخن و التغليف ممتاز
4045,It was awesome
4046,But delivery needs to be fast
4047,شكرا لسرعة و اخلاق المندوب
4048,المكرونة كإنها معموله باللحمه الجمل وورق العنب وحش جدا
4049,كنت طالبه طاجن بطاطس، جالي طاجن خضار
4050,مطعم متميز وسعر معقول ، اشهى اكله الريش
4051,رائع كالعادة👌
4052,Mm
4053,المفروض اني طلبت شوربه مشروم بالكريمة بس اللي جاني شوربه دجاج بالكريمة
4054,Very good this time
4055,"Half a chicken was well done , the other half was not well done. It needed to be cooked furthermore"
4056,التوصيل بس اتاخر عن الموعد المحدد
4057,"Every thing is good, try to add plastic knife not only fork"
4058,Owful
4059,i oredered oven pasta and I received spaghetti bolognaise.
4060,الدهان دايمآ في تقدم
4061,سرعة التنفيذ اكثر من رائعة و المتابعة تحفه
4062,--ورق العنب بالكوارع ممتاز --طبق الكوارع رائع بس كان فيه عضم --طاجن الفريك باللحمه مميز جدا بس مش مفلفل زي الأماكن التانيه --الفراخ المشويه كانت ناشفه و مش جوسي و مش مستويه كويس و بتشد جامد
4063,All I got were 6 peace’s of RAW MEAT no salads or even a napkin with the order
4064,Good taste but Kofta not well done
4065,التومية كانت وحشة بس بقيت الاكل كان حلو
4066,والحمام جاي بارد وطعمه سئ جدا
4067,مستوى الاكل اقل من متوسط راضي جدا بصراحة
4068,ممتاز كالمعتاد
4069,Cold food instead of fast delivery
4070,it was good but not perfect... and it was extremely spicy 🥵... it shouldn't be that spicy
4071,المرة دى مكنش حلو المكرونة مكنتش حلوة ووشها محروق واللحمة المفرومة فيها قليلة والفراخ كانت محروقة شوية
4072,الجودة اقل من مستوي الدهان و الطحينة كانت بايظة
4073,The grilled chicken was very scented and salty with a horrible aftertaste from the dip it's marinated in I suppose
4074,الأكل كان ساخن وممتاز بصراحة احلى ريش أكلتها في حياتي
4075,قيمة الضريبه اتغيرت
4076,مطعم مش كويس واكل بارد والطعم كل الكل طعمو اتغير
4077,not best quality and takes a very long time!
4078,kofta was medium though my order was well done and the food wasn't hot at all
4079,الكفتة محروقة
4080,Got a minor food poisoning
4081,محتاج يبقا ليه taste أحسن من كده
4082,كميه قليلة جدا و العلبة مش مخلفة بورق الاسترتش
4083,الاكل بارد و قليل و لم يتم ارسال البطاطي
4084,لت
4085,الحمام بارد ارجو متابعة الاوردرات
4086,ياريت تتلغى الضريبة ال حتطوها جديد لاما تذودو الخصم بدل 30 يبقا 50 عشان نحس بالعروض
4087,الاكل غير جيد
4088,راااااائع كالعاده
4089,a
4090,٣ مرات ينسي يجيب السلطات ويرجع تاني!
4091,the portion I received is never close to 1/4 kg last time I order from el dahan
4092,الممبار كان غير مستوي وطعمه غير مظبوط وكل مرة بطلب رز اصفر يوصلني رز ابيض
4093,سعر التوصيل ظبطوه بين التطبيق والمطعم هو زيادة طفيفه لكن محتاجة تظبيط
4094,الاكل حلو جداااا
4095,Extremely bad kofta and tarb. And very little proportions compared to what I ordered and what I expected. I wouldn't recommend this restaurant to anyone.
4096,الحواوشي مش موضح فين العادي من الحريف نميزه ازاي وده مطلوب لاطفال
4097,سيء جدا وصلصة مكرونة بتاعة كشري مش بلونيز ارجو متابعة الكباب كلة دهن
4098,low value vs high cost
4099,ناقص ال5 طحينة
4100,كالعادة الفراخ المشوية من فرع المأمون سيئة والفراخ المحشية هتكون افضل لو اتسابت في الفرن شوية
4101,طازج وطعم جميل ونظافة
4102,"The Quality of the (Baladi Bread) isn't Good. Besides, it isn't Fresh."
4103,الطلب كان ناقص حاجات مع أن سعرها كان شامل
4104,الاكل حلو بس جه ناقص
4105,ممتتتتتتتتتتتتتتتاز
4106,very very bad and not satisfied
4107,مطعم جيد جداً و أكله جميل و طعم مميز
4108,They need to deliver plastic knife with the order
4109,الفراخ مكانتش مستوية كويس
4110,عامل الديلفري اسلوبة مش كويس والاكل وحش جدا
4111,The food was being served cold
4112,الشوربة بفتافيت الفراخ وبدون ليمون وبدون ملعقة.. شوكة فقط
4113,بارد جدا لاول مره
4114,طازج وسخن
4115,Great quality
4116,الشوربة لتاني مرة تيجي غير اللي طلبته
4117,الطلب كان سئ جدا
4118,Great service and speed
4119,الحواوشي ني
4120,The chicken came with skin and the order was so late
4121,الاكل وصل بعد ساعتين و نص و بارد و بوظ الطعم و تلت كفتة و طرب عبارة عن ٢ طرب و ٣ كفتة؟؟ فعلاً. تجربة كان ممكن تكون افضل بس اكيد مش هتتكرر
4122,الخيار كان بايظ 😅
4123,M
4124,مش مستويه اوى
4125,الاكل مش على طول حلو
4126,التعامل وحش
4127,كان كويس بس الدليفرى اتأخر جدا وكمان كان عايز يزود على سعر الاوردر
4128,Chicken was a bit burned but overall it was fine
4129,Wasn’t well cooked
4130,the chicken was a bit salty otherwise it was very good
4131,"Soup was not good, kofta was very good"
4132,food was cold but ok
4133,اللحمه غير مستويه جيدا والطاجن غير جيد
4134,الاوردر كان طعمه غير كل مرة و الكبدة كانت لسة مستوتش.
4135,الاكل كله مالح الحواوشي في واحد منهم بابظ و زنخ رميته وواحد كويس الى حد ما الفراخ كويسة الملوخية حادقة الفتة جميلة جدا
4136,مرضي
4137,الاكل بارد جدااا
4138,الاكل تحفة بس طلبنا سلطة بلدي جه مكانها سلطة زبادي😦
4139,الدليفري عشان قولتله تعالي عند الباب التاني للمستشفى طلب 4لوس توصيل زيادة وخلي الكول سنتر يكلموني ، علي الرغم من ان المسافة لا تتعدى 300 متر والمعروف ان استلام الدليفري من بوابة جسر السويس وليس البوابة الرئيسية
4140,the lamb meat was very tough and hard to eat
4141,Hamam was good but potatoes were cold and undercooked :/
4142,التقيم صفر كله كان سئ ومش مستوي وبارد والسلطات غلط وتأخير 3 ساعات كله زي الزفت واهمال واستهتار بالعميل
4143,الاكل حلو ومتغلف كويس ودايما بيجي اسرع من الeta
4144,بارد و العيش كان مجلد
4145,cold food low quality wrong order very disappointing
4146,ميه ميه بس المشكله السلاطات
4147,للا
4148,اه
4149,تسويه الكفته
4150,الاكل حلو جدا وطازة ووصل بسرعة
4151,They need to deliver plastic knife with the cover not only fork
4152,The Chicken wasn’t boneless.
4153,الطرب كان سئ جدا جدا
4154,وصلني طرب فقط و سيئ جدا عبارة عن كتل من الدهن غير ما يقدم في المطعم تماما
4155,رائع وطازة
4156,super
4157,very good 😊
4158,It was delicious
4159,bad hawawshi
4160,جايين نيين وانا عايزاهم محمرين ترجموا صح واكتبوها فى المكان الصح مش كله اى حاجة
4161,الفراخ جميلة وطرية جدا الطرب ليس على المستوى المطلوب سىء
4162,"Kofta was good, but as usual wrong salad but the exchange the salad which is appreciated"
4163,Too salty and too dry
4164,طلبت الريش well done بس جت شبه مسلوقة بالمية بتاعتها
4165,"Thanks, great as usual"
4166,ب
4167,الوزن قليل لما بطلبوا هنا من المنيوز على اوفر بيجيلى مش كيلو زى مابطلبوا فى التليفون الى هو محصلش ١/٢ كيلو العروض فى الكباب والكفته بتاكل من الوزن الحقيقى
4168,أكل لذيذ جدا
4169,حلو جدااا
4170,yasser.anwar@kimit.com.eg
4171,chicken was not cooked well
4172,great awesome delicious
4173,الاكل تحفة وطازة وطعمه حلو جدا والتوصيل متأخرش
4174,الأكل طعمه جميل اوى كالعادة ❤️❤️ شكرا ليكوا
4175,If only Moussaka with meat has a bigger portion than just 1-small size!
4176,The oven pasta was too salty and the fattah was dry ( need more sauce)
4177,الارز سيء جدا جدا وتم رمية في الزباله وربنا ينتقم منهم
4178,just perfect
4179,Comes cold
4180,الفراخ المشوية كأنها محروقة و العضم مكسر 😞
4181,الكفتة كانت هايلة لكن النيفة معجبتنيش خالص.
4182,الاكل بارد تماما
4183,الطلب كان فراخ شيش و لكن جت سليمه و بارده
4184,It wasn’t shish tawouk pieces; it was chicken pieces with bones and it wasn’t tasty.
4185,كان أفضل من زالك
4186,didnot give me the dessert i ordered
4187,كانت الفراخ مش مستويه خالص
4188,stuffed pigeon that time was very small in size.
4189,الطعم كان سيئ الفراخ كانت ليست مستويه و فيها مياه على غير المتوقع و المعتاد الطلب الاخير كان سيئ
4190,Dh
4191,Food was nice but their was a rotten bread came with the food
4192,جميل جداااااا
4193,الاوردر كان ناقص
4194,الفراخ المحشي الرز بتاعها تحفة لكن الفراخ نفسهز مش متبلة
4195,very poor packaging
4196,طعمه رائع بس الكوارع قليله
4197,ممتاز ، والرز جميييل ، صراحه اكل نضيف ، بقترح بس يبقى في طحينه مع الاكل ك شيء standard
4198,The grilled chicken was burned
4199,الأكل وصل ني و ملوش طعم
4200,taste was not as i expected
4201,I didn’t receives the full order
4202,لم يوضحوا أن طلب فتة الكوارع مزود بشوربة الكوارع الأمر الذي أدى إلى حضور طلبات إضافية و قيمة مالية أعلى ، و كان المفروض متلقي الطلب يوضح ذلك .
4203,جميل و لذيذ
4204,too small
4205,من احسن و افضل و انضف المطاعم اللي الواحد يحب ياكل منه
4206,المكرونة كانت باردة جدا تقريبا ساقعة كمية الاكل بدات تقل بشكل تدريجي بشكل ملحوظ من حوالي اسبوعين او تلاتة .. المعروف ان الدهان كمية الامل تمام ودايما طازة .. مش عاوزين نغير راينا .. عاوزين نرجع الاول او افضل .
4207,جميل جدا 👌⁦♥️⁩
4208,It was very cold
4209,تمام تمام
4210,الفراخ محروقه ومالهاش طعم
4211,All was perfect thank you
4212,قطع اللحمه مليانه دهن جامد جدا و ملبسه بزياده ٠دا على الرغم من الملاحظات اللى كتبتها فى طلب الاوردر و تم تجاهلها تماما، زعلانه منهم جدا مع انهم مطعمى المفضل
4213,الفراخ نايه وفيها دم ووحشه جدا تجربه فاشله
4214,Bad taste and cold
4215,للاسف الاكل بارد
4216,Great & delicious
4217,Thanks great service
4218,الفرخه لأول مره مكانتش مستويه شويه
4219,Was too cold
4220,"so perfect and delicious , thanks 👍"
4221,الحمام كان حلو بس الفلفل زياده
4222,I ordered 1/2 grilled chicken and they sent a cold boneless 1/2 grilled chicken it was bad
4223,للأسف اول مره يوصلني حمام صغيييير جدا بالحجم ده
4224,الفراخ بايته
4225,Found hair in food
4226,Gamed
4227,التغليف كويس - الاوردر جه مظبوط مش ناقص حاجه- طعم الفراخ المشويه و الكفته حلو
4228,للاسف الدليفري كان سئ جدا قفل الخط في وشي و تعامله واسلوبه كان وحش اوي يا فندم اخدنا خبرة سيئة عن المطعم و هنفكر لما نطلب تاني
4229,"The chicken was terrible , كانت ناشفة و مش مستوية"
4230,الكفتة كانت مش مستوية كويس وفيها عظم للأسف من أسوأ المرات اللي أكلت فيها من عندكم
4231,من اسوأ المطاعم إلى اكلت منها ولا يمكن اطلب منها تانى
4232,الحواوشي كان بارد
4233,❤❤❤❤❤
4234,الممبار حراق جدا
4235,الممبار كان سئ جدا لكن باقي الطعام جمييييل
4236,اكدت كم مرة على ان اللحم بدون دهون و كلها دهون الوجبة كانت متتاكلش مع اني اتصلت بعد ما طلبت من هنا
4237,الاكل كان رائع ولذيذ جدا وطازة وطعمه حلو اوى ماعدا طلب الكفتة والحمام الارز مكنش طازة والحمام مكنش مستوى حلو لكن الكفتة مش بطالة
4238,محترم جدا
4239,too little
4240,طلبت 2 كوسة بالبشاميل كانت غير مطهوة جيدا
4241,Fin el roz blkhlta? We received 1 out of 2
4242,Good but chicken were not perfectly cooked
4243,كان وحش والفراخ بارده ومجلده
4244,الشيش طاووق في الطبق مكنش مستوي كويس...الكباب كان في حتت منه ناشفة جدا..بس الباقي كان معقول
4245,الاكل ملح شديد.. طلبت اللورد يجي الساعة٦
4246,زى الفل
4247,تم الاتصال بي ورفضوا الدخول للمستشفي وتم تسليم الاوردر في الشارع امام المستشفي
4248,not as the quality expected from the restaurant
4249,الاكل جه بارد جداا و طعمه وحش اوي مش هطلب من عندكوا تاني
4250,السلطة جات حاجة غير اللي طلبتها
4251,انا طلبت حمام محشي رز وبطلبه على طول وبيبقى تحفه. اول مره ظنى يخيب ...عشان جاتلى فريك مش رز
4252,الصراحة جودة سيئة فرع جامعة الدول افضل بكتير
4253,Kofta was cold
4254,الثوميه كانت سيئه جدا
4255,He delivered my boneless chicken with bones!!
4256,تمام جدآ
4257,اسوء اكل علي الاطلاق
4258,الرز بشعريه اكتر من رائع و مميز جدا
4259,الَكباب غير ناضة
4260,اول مرة اطلب اكل من الدهان و ارميه كباب حله كان سيئ جدا، اللحمه ناشفه وسيئة جدا و الصوص بايظ
4261,Hawawshy does not taste good at all veal chops was not cooked well was disappointed with this order
4262,علبة الطرشي للاسف كان فيها طرشي متاكل و حبة زيتونة متاكلة
4263,الكفتة كانت محروقة
4264,النظافة سيئة جدا
4265,rice wasn't good
4266,الاوردر مكنش في طحينه
4267,أحلي فراخ مشويه في مصر
4268,it was so fresh and delicious order
4269,OK 👍👍
4270,الاكل كان بارد شوية
4271,ذودو عن سعر الفاتورة المتفق عليها
4272,الدهان طعم ونظافة وكميات مضبوطة
4273,الاكل بارد جدااا و بايت
4274,مقدرش اعتمد عليه تاني ف عزومه ويخلي شكلي وحش قدام الناس !! الحاجه واضح جدا أنها بايته ومتسخنه تاني لحد ما اتحرقت ، مش مستواكو اللي واخدين عليه !!
4275,جالى اوردر تانى خالص وللاسف مكانش فى وقت ارجعه و يعملولى غيره
4276,الاكل بارد ساقع اكيد مينفعش من عند الدهان
4277,عاوز عروض كتير🥰
4278,الأكل حلو لكن الممبار كان قليل
4279,The delivery time was perfect but the packing for chicken wasn’t good enough
4280,الأكل كان كويس و التوصيل سريع
4281,the fries was terrible so was the pasta
4282,اللاسف الاكل بارد ومش مستوي كويس
4283,الاكل حلو جدا بس الكباب كان ني سنة و انا طالبه well done
4284,احلى فراخ مشويه اكلتها من فترة كبيرة الصراحه ❤️
4285,الاكل بارد و مش مستوي و فيه دم و فعلا سئ جدا و مش هجربكو تاني والله
4286,Molokhia was cold and not as delicious as expected from Dahan
4287,مطعم حلو جدا و خدمه ممتازه بجد و الاوردر مش بياخد وقت
4288,الوقت طويل جدااا
4289,Super nice as always
4290,bad experience the chicken was too thin and it’s not tasty
4291,ليه زودتم الضريبة
4292,للاسف من بعد ما ضافوا ضريبة القيمة المضافة و الواحد توقع ان الاكل يحلو بس اللى حصل العكس الريض كان القطع مش مستوية و ناشفة مع ان الدهان كان رقم ١ بالنسبة ليا بس تقريبا زى كل حاجة حلوة بتتغير
4293,👍🏻👍🏻
4294,"Amazing grills , We enjoyed it to the max"
4295,الفرخة جاية بدمها
4296,so perfect 👌
4297,العيش جاي بايت والممبار محروق وطعمه مش حلو والفراخ مافهاش توابل وملهاش طعم الاورد سئ جداااا
4298,ممتاز دائمآ الحقيقه
4299,البهارات زيادة اوى
4300,الاكل بيوصل بارد كالعاده والمحشي طلبته سوا زياده وبرده بيشد
4301,خدمه سيئه جداً
4302,نسيوا الطحينة للاسف
4303,😊
4304,مستوي الاكل بقي سيئ
4305,السمان دي تآني مرة يجي ناشف اوي زي ما يكون اتسوي و الاوردر اتلغي ورجع حطة علي النار تآني مع اتصالي بالفرع والتأكيد عليهم فى المشكلة دي
4306,مش محتاج تقييم اصلا ، من اشهر واحسن المطاعم فى مصر!
4307,الطلب جاء فراخ بدلا من لحمة
4308,الفراخ مكانتش فرنش
4309,الاكل كان حامض ومدهنن جدا واللحمه كانت متكملش عشرين جرام حرفيا بدون اي مبالغه ! تجربه بشعه للاسف
4310,الحمام صغير جدا و البطاطس المحمرة معجنة
4311,البطاطس سقعه و طريه جدا مكنتش حلوه
4312,Too small size of Hawashi
4313,delivery is bad they never get the salads as ordered
4314,المطعم جيد جدا الخضار سوتيه ممتاز وبابا غنوج جيد والفراخ شيش ممتاز والفراخ المشوية جيد
4315,تأخير الاوصيل لكن الأكل ممتاز
4316,الفراخ المشويه روعه الرز مش اد كدا
4317,الفراخ المشوية كانت باردة
4318,الفراخ المشوية طعمها كويس بس للأسف باردة
4319,الاكل سيئ جدا و الفراخ بايظة
4320,سئ جدا الفراخ مش طازه ومحروقه وحشه قوي طبعا علشان فيه خصم
4321,gameed
4322,الاكل مطلوب عادي وبيبعتوه سبايسي كذا مرة
4323,الفراخ كويسه بس الممبار بارد ومش مستوي كويس بصراحه ومفهوش اي نكهة
4324,المكرونة البشاميل سيئة جدا الفراخ ممتازة
4325,الاكل جميل جدا
4326,الفراخ كانت ناشفه و محروقه 😟
4327,"plastic cutlery was missing, but the food was delicious.."
4328,Soooooooooooo bad
4329,they sent kofta instead of liver
4330,الاكل سيء وناشف جدا و مش اكلته
4331,زين
4332,أسوأ و آخر مرة
4333,not good taste
4334,الحواوشي جميل جدا بس المره دي جه بارد حبه
4335,السجق سي جدا ومش حلو والطهي وحش اوي الحواوشي ممتاز جدا والبابا غنوج والارز البسمتي متوسط
4336,شوربة الدجاج سيئة جداو باردة
4337,الاكل كان بااااااارد جدااااا جداااااا
4338,هو بس لو تغيرو الرز المسلوق دا بأسم غير رز بسمتي تبقو تمام او تكتبو رز بسمتي مسلوق عشان كل مره اتغفل منو بس كطعم وجوده الدهان في العالي واادليفري كان سريع جدا جدا
4339,the order reached very cold
4340,الشيش يستحيل يكون تلت كيلو
4341,الشوربة ماية وفيها تقريباً تلات حبات لسان عصفور!!
4342,جبت وجبتين نص فرحه . ماجاش رز مع الاكل
4343,It took more one and half an hour to get the delivery
4344,The food wasn’t fresh and the kofta was kind of raw
4345,best
4346,I have ordered tarb sandwich and I was surprised that I received a chicken sandwich!!!
4347,The salad wasn’t included
4348,كويس جدا وجة بدرى عن معاده
4349,the food was so delicious
4350,Horrible quality of meat and it was full of fats like I didn’t eat meat that day !!
4351,اسعار معقوله وطعم جميل
4352,تسوية الحمام لم تكن جيده كان محتاج يتسوى اكتر
4353,ىى
4354,Well done
4355,😍😍😍😍
4356,اللحم كان غير ناضج تماما
4357,مش قد كده وكان بارد
4358,الطرب كان حااادق
4359,نصف فرخة كانت طازجة ونصف الآخر ليس طازج
4360,مش زي الاول خالص
4361,الرز بلبن ماجاش.
4362,عظيم جدا
4363,الكلاوي والمخاصي فوق السئ حاجه متتاكلش للحيوانات مش البنئادميين المستوي وحش لاقصي درجه
4364,بيحط سلطات قليله جدا بشكل مشفتوش في اي مطعم محترم عشان يجبرك المره البعدها تشتري السلطات عشان يزود السعر، بس المش فهمينه انهم بيبوظو تجربه العميل بتعهم لأنه بيكون غير راضي على التجربه بشكل عام و ده هيخليه يطلب من المطاعم الفاهمه تسويق صح اكتر
4365,الاكل بارد وبيوصل متاخر عن الميعاد يعنى وصلني بعد ساعتين من طلبي ..
4366,الاكل روووعة
4367,too salty
4368,البطاطس محتاجه تسوية كتير
4369,✅ ok
4370,الطعام طازج وطعمة حلو
4371,tohfaaa
4372,Qjjhh
4373,rice is very bad
4374,it was vet cold
4375,It was a cold
4376,يا ريت يكون في استلام من الفرع
4377,Kan wehsh awee w bard elsra7a awl mara w a5r mara atlob mn henak
4378,طعم روعه بجد
4379,كل مرة بيجيبوا الأوردر غلط...كل مرة عامل التوصيل بيرفض تسليمي نسخة الريسيت بتاعتي (الفاتورة) و بكلمهم أشتكي فيعتذرولي و بعدها يجيلي مندوب تاني بنسخة الريسيت...دايما بسيب تعليقات بطلب فيها سلطات معاينة و دايما مش بيقروها و بعد ما يجيلي الأوردر برفضه
4380,جربت المشويات و البانيه حاجه جميله و السلطات و البشاميل و المسقعة جميلة جدا
4381,البطاطس حاجة سيئة جدا وكانها مهروسة بجد قفلتونى
4382,تمام بس العيش بتاع السندوتشات بيبقى مندي و مبلول بتحس انه عجينة بزيادة
4383,حجم الفرخة صغير وغير المعتاد والبطاطس باردة وسيئة
4384,السعر مبالغ في بالنسبه لان مفيش سلطه ورغيفين عيش بس ومنديل واحد !!!
4385,Was good
4386,الفراخ المشويه حلوة اوي
4387,الاكل كان سخن و مستوي كويس مش محروق و الطعم جميل شكراً
4388,الاكل جه بسرعة جدا الكفتة والكباب والسلطة حلوين بس الفراخ ناشفة. عامة كويس
4389,بنعشق اكلهم
4390,👌🏽
4391,توصيل سريع
4392,يعني اكيد في افضل من كده
4393,الفراخ كانت سيئة جداً
4394,I reserved two meals grilled ???
4395,الدهان ممتاز مفيش كلام
4396,تمام الاكل حلو جداً بس الملوخية ياريت تكون سخنة اكتر و الراجل طلب مني الحساب مع اني كنت دافع فيزا فياريت توضحوا للبيوصل عشان ساعات مش بيكون مكتوب على ال receipt زي انهارده
4397,طعم الطواجن سيء جدًا، الملوخية مالهاش طعم، المشويات تمام.
4398,Yummy I
4399,زفت الزفت بصراحه الأكل مش مستوي
4400,Good food.
4401,Tarb wasn’t cooked right and tasted weird. Last time i will order from el dahan. Their quality sucks
4402,Didn't receive the veal! The kofta wasn't well done
4403,الاكل كان تمام بس بارد
4404,2 hours to deliver my order
4405,الاكل مش حلو و بارد و مش طازه خالص - تجربة سيئة جدا جدا
4406,ده مطعم مش محترم و بيزود فلوس توصيل زيادة و الاوردر متأخر ساعة و لسة مجاش مفيش اوسخ من كدة
4407,wrong rice
4408,مطعم مش محترم بيزودوا فلوس توصيل غير الي موجودة علي الابلكيشن و لما رفضت ادفع الزيادة الطيار بتاعهم اخد الاوردر و مشي كلمتي حد من خدمة العملاء قالي هيبعت اوردر تاني في خلال ٤٥ دقيقة و عدت ساعة و لسة موصلش
4409,Chicken was really bad not like every time
4410,الأكل كان بارد والعيش مش طازه
4411,so cold
4412,The food was great. Basmati rice was fluffy and delicious and not oily like other restaurants. Grilled chicken was cooked to perfection.
4413,بصراحه جميل جدا
4414,الشوي مش حلو
4415,The chicken taste is soo bad
4416,بعد.كده سوى زياده اوى
4417,السلطة اللي كانت مع الفراخ بايظة
4418,اكل جميل بس الرز مش اد كدا وناقص يكون متبل شوية
4419,اللحمة كانت محروقة ونص الطاجن كله من تحت محروق وكالعادة طلبت ليمون مع الشوربة وكالعادة مجاش
4420,Food was not that good
4421,التأخير
4422,هو الاكل كان جامد صراحه بس الأرز كان قليل شويه
4423,NA
4424,ممممم
4425,الممبار وحش للاسف
4426,Worst ever
4427,السمان كان التبيلة بتاعته حلوة جدا بس هو مش فريش ومجلد كانه متسخن كذا مرة قبل كده، الحمام نفس الفكرة بس التبيلة مكنتش موجودة اصلا فطعمه كان مش حلو خالص .
4428,الممبار بايت وسئ لاقصي درجه فعلا اخر مره نطلب من الدهان
4429,So good
4430,ممتاز. تتبيل ممتاز وفريش شكرا جزيلا
4431,حلو جدا كالعادة بس فكرة تغليف المشويات في علب بلاستك وهي سخنة مش احسن حاجة .. انا بفضل انها تتحط في فويل زي زمان
4432,v.good
4433,food wasn't hot at all الأكل كان بارد تماما
4434,الاكل حلو اوي
4435,الاكل كان حلو بس وصل بارد جداً
4436,very salty
4437,اسواء مرة اطلب الدهان في التاريخ الريش و السجق بيتين و باردين و طاجن ورق العنب بارد و مش مترتب ذي كل مرة و الرز مكلكع و طاجن المسقعه بارد راعو ضميركم و خليكم قد المسؤليه علي الاقل حليلو الفلوس اللي بتخدوها
4438,ليه حطيتو ضريبه مع وجود خصم على الرغم فى الاول كان لايوجد ضريبه
4439,جميل جدا وخدمه سريعه
4440,كالعاده رغم جوده الاكل الا ان الاهمال مستمر.طلبت طاجن كوسه بشامل جاء بدلا منه مسقعه ومكتوب عليه كوسه من الخارج.
4441,okay
4442,this is the best order so far ❤️❤️
4443,جميل جدا كالعاده بس الملوخيه علقت انها مالحه جاتلي دلعه😊
4444,توصيل في الموعد وجودة عالية
4445,الفراخ محتاجه سوي شوبه
4446,كمية شوربة لسان العصفور قليله محتاجه تبقي اكبر
4447,كانت جيده جدت
4448,الفراخ مش حلوة خاااالص وفيها دم والشوربة فيها حبهان كثير ضيع طعم الشوربة
4449,رااائع
4450,it wasn't fresh and i got my side order wrong
4451,الاوزان إلى وصلت أقل من المطلوب
4452,جاااامد
4453,طلبت الفراخ شوايه جت ع الفحم
4454,الفراخ حلوة اوي و الممبار بس الأكل ملحه زايد جداً و ورق العنب الرز معجن
4455,"Minced meat in Hawashi was rare to medium rare, had to throw it into the oven to have it well done."
4456,انا بجد من زماااان بطلب و برشح للدهان اول مره يجيلى اللكل بالقرف ده بمعنى كلمه قرف حقيقى لدرجه انى شكيت و الاكل كانه بايت
4457,الأكل تمام كالعادة تسلم ايديكم بس كنت طالب سلطة وماجاتش مع الأوردر!
4458,chiken so salty who made it forget that he but more than 5 Spon of salt
4459,جودة الاكل حلوه بس السعر لا طلبت نص كيلو مشوي وصلني 300 جرام بعد الشوي كتير اوي 200 جرام فرق
4460,chciken was so delicious and the eggplant
4461,ناقصه ليمونه
4462,الفرخة ناية
4463,Best Egyptian food in Egypt
4464,حراميه في الميزان الكيلو بتاعهم ٦٥٠ جرام !!
4465,الله ينور
4466,الفرخ مش مستويه في اخر اوردر
4467,Could be better !!
4468,الطرب والحواوشي كانو حلوين الكفته مش قوي
4469,كويس بس مش زي كل مره
4470,Quality wasn’t good and the order was missing an item
4471,Pasta kant zefraa w re7tha we7sha
4472,vine leaves very bad
4473,الاكل ناقص علبة طحينه وبارد ؟!
4474,بارد مش حلو والكميه قليله
4475,not boneless!
4476,Was good but quite late
4477,مطعم فاق كل التوقعات
4478,disgusting
4479,فى مشكلة إن الاكل بيجى بارد ومش طازه يعنى بايته ودا مكنش قبل كدا فلكن ف آخر تلات مرات بقا المستوى كدا
4480,bad idea
4481,"taste very good but came too cold, we had to warm it in oven"
4482,ممتاز ولكن المطعم الوحيد اللي أضاف ضريبة بعد مكنش فيه
4483,للمرة المليون يجيلى الخيار المخلل حمضان
4484,اكل رائع كالعادة
4485,خلطة ورق العنب حادقة
4486,Too much sodium
4487,Food wasn’t hot
4488,الاكل جميل جدا بس جاي بارد اوي بصراحه
4489,أسوء فراخ كلتها فى حياتى
4490,بتيجى بارده خالص
4491,من متعود ديما الحاجه ممتازه بس المره دي كانت الفراخ محروقه
4492,Food arrived cold
4493,انا بصراحة مش بطلب مشاوي غير من عندوا حتي اللي جاهزة للشوي متبلة 💞 I Recommend this restaurant
4494,معرفش ليه قيمة مضافة !!!! والأسعار بقت غالية حتى بعد الخصم ، كله شغل فاكس والجودة مش واو يعنى 😡
4495,الحمام المحشي فريك كان غبارة عن فلفل اسود وملح والحجم أصر بكثير من الطلب الثاني للاسف
4496,حراميةفي الميزان كيلو صدور فراخ واصل ٦٥٠ جرام فقط و وزنتهم بنفسى
4497,الطرب و الكفته و الريش حلوين جدا الكباب لا خالص و الاوردر وصل فى معادة
4498,الاكل كان ممتاز اللحمه الضاني المشويه وشربة الكوارع ممتاز .هما فقط عندهم مشكله في السلطه يا متجيش يا تيجي غلط، ولكن بصراحه المنيو لما ببعتلهم ساعدوني ،والحقيقة فعلا الدهان أكله نظيف وطعمه حكاية
4499,روووعه
4500,الدهن في اللحمة كتير جدااا
4501,اخطاء الاوردر كثيرة للغاية دايما الارسال دون متابعه دقيقة دون تدقيق او اهتمام او مراجعة. خدمه العملاء دون المستوي رغم جودة الاكل
4502,طالب نص كيلو جايبهولى ربع حسبي الله ونعم الوكيل
4503,حلو الحمام بس محطوط في تتبيله الارز فلفل اسود كتير اوي اوي
4504,الكفته كانت ربع كيلو وليست ثل كيلو زي ماطلبت
4505,the rice in the pigeon wasn't cooked well
4506,ساندوتش ملهوش طعم ولا معنى والاكل جاى بارد
4507,لطيف تتبيله الفراخ المشوي مش احسن حاجه
4508,الأكل بيوصل متلج وللأسف لما بسخنه في الميكروويف بيبقى طعمه مش حلو
4509,الفراخ كان في إجزاء فيها دم 😑 واجبرتونى على الرز البسمتى بالكبدة المفروض يكون اختيارى
4510,سي جدا جدا
4511,the chicken was very dry. like plastic
4512,كويس بس ةلطرب احيانا بيق مش مستوي شويه
4513,فشيخ
4514,ناس محترمه والأكل جميل جدا
4515,ممتاز الاكل دايما مابيقلش عن مستواه
4516,اوكى
4517,انتو بقيتو حرميه وديه بدايت فشلكو انك تعلي ضريبه بالمنظر ده من غير ما تنبه الناس ده عيب بالنسبه لاسم المكان
4518,بصراحه يعني حاجه في منتهي الاستغلال انتو يتعلمون الناس الأدب انها تطلب منكو يعني ايه تطلب اوردر ادفع كمان 14%ضريبه علي الاكل لا وكمان 14خدمة توصيل يعني بجد اخر مره الواحد يتعامل معاكو
4519,الاكل نضيف ومتغلف بس الرز قليل شويه طبعا هطلب تاني والاسعار مناسبه
4520,وقت خدمة التوصيل طويل
4521,They are always perfect...can't say more
4522,رايق
4523,"Extreamly bad experience, I will never repeat it, below standards of everything."
4524,عيب قوى لما تكونوا اسم كبير ومستواكم ينحدر الى هذا الحد ... حاجه تقرف بجد.
4525,تجربه سيئه للغايه . دون المستوى فى كل شئ ... لا يمكن تتكرر
4526,الرز و الكبده كانوا ساقعين و لقيت فتلة حمرا غريبة في الرز !!!!!!!!
4527,الاكل دايما معمول حلو وسخن (اسكالوب و بانيه وكباب بتلو وريش وحمام) الكميات قليله بس حاليا ضافو ضريبه والسعر بقى زياده اوي
4528,احلي اكل 😍😘🌹احلي مشويات
4529,الدهان اسم عريض كباب ممتاز
4530,فجأة الاقى زيادة فى الاسعار 60 جنيه تحت مسمى ضريبة الخدمة المضافة ، فاستغربت يعنى المطعم قبل كده مكنش بيدفع ضريبة ، فاتصلت بخدمة العملاء فقالولى انهم كانو بيدفعو الضريبة و كانو بيضيفوها على سعر الاكل لكن الحكومة طلبت انهم يفصلو الضريبة عن تمن الاكل ،...
4531,فتة الكوارع مكنتش تمام
4532,the food was not good at all
4533,النص فرخه الصدر مش مستوي ولا الورك والبطاطس جيه بردا ولا كاني طلبها من محل فول وفلافل ومش اول مرا
4534,is very good
4535,الاكل سيىء جداً و الحمام و حش جداًً وبارد لا انصح بيه
4536,ضافوا ضريبة قيمة المضافه الاكل بقى غالي اوي وفقدوا احسن ميزه فيهم ان الأكل كان سعره معقول دلوقتي الصراحه بقى اوفر جدا
4537,كميه قليله جدا وسعر مبالغ فيه
4538,ع
4539,I received the chicken fillet not fully cooked!!! Disgusting and very bad experience
4540,Very good as usual
4541,Very goof
4542,سرعه توصيل وتغليف كويس
4543,ياريت تبقوا تتأكدو من وزن الفراخ
4544,بجد كان مطعم محترم دلوقتي مزودين ضريبة على الاكل قبل طلب الاوردر....مكنتش كدة وكلمتكم وواحد من خدمة العملاء وبلغنى ان كل المطاعم كدة لاكن لاسف مش صحيح بقيتو طماعين
4545,رغفين عيش مع نص كيلو ؟؟؟
4546,البطاطس محتاجة تستوي اكتر من كده
4547,الأكل حلو مفيش كلام بس بقوا بيصيفوا ضريبة ليه
4548,كانت مش سخنه خالص كأنها معموله من بدري
4549,good food but slow delivery
4550,الفراخ مكنتش مستوية زي المرة اللي فاتت و الكمية كانت اقل
4551,The food quality is very low not like usual and the food was so cold
4552,مكان محترم
4553,there was a delay and the meal was not fresh
4554,very bad 😔
4555,👍👍👍👍👍
4556,الملح كان زيادة في شوربة الحمام
4557,الممبار وشوربة الحمام ممتازين
4558,سي جدا الاكل بارد وغير كامل التسويه
4559,الكميات قليلة شوية بس الاكل كويس.
4560,الأكل مغلف بطريقة جميلة وآدمية والفراخ جميلة جدا لكن الاكل جاى بارد بالاضافة ان الكفتة باردة جدا وكأنها كانت معمولة ومتسخنة، ومقدرتش اقيم طعم الممبار لان الاكل كله بارد، الأرز باللبن رائع
4561,chicken was not boneless
4562,الحواوشي العيش كان محروق
4563,الطرب حلو جدا لكن الكباب وحش كان بيشد و مفيش طعم و الاوردر جالى على طول
4564,الكفتة رائعة والسعر ممتاز شكرا الدهان
4565,بارد واتأخر
4566,تييت
4567,ممتاز 😍
4568,الأكل كويس بس كان بارد شوية والتتبيلة كانت مش قد كدا فرع المهندسين أفضل
4569,الفتة كانت مش حلوة خالص
4570,very small amounts (fake weight)
4571,برجاء عدم وضع بقدونس
4572,جميلة جدا
4573,Nice quality
4574,حلو بس مش زي كل مره
4575,طلبنا اوردار ومجاش واخر مرة نطلب من عندكم
4576,اوردر غلط و ناقص و لما جم يصلحوها عموها محدش يطلب منهم
4577,الاوردر جاي غلط و ناقص اكل. بعد ما استنيت ساعة ،حاحة في منتهي العك! لو اقدر اديهم صفر كان زماني اديتهم
4578,it was amazing
4579,ممتاااااااااااز😍😍
4580,❤❤
4581,ممتاز بس ابقا حط رز
4582,جيد بس متاخر
4583,سندوتش الكبدة مليان دهن و طعمه صعب يتاكل والعيش مش بارد ومش متشوح كويس المكرونة نشفة اوي عايزة يتزودلها البشاميل والحشو اكتر من كده
4584,مطعم محترم واكله تحفه
4585,خدمه توصيل واداره سيئه
4586,صح
4587,طعمها وحش جدا وناشفه
4588,شكرا ليكم ياريت وقت التوصيل يقل
4589,الاكل بارد واترمي نصه
4590,الاوردر كان اسوأ حاجه كلتها من الدهان .. البوفتيك كان محروق و طبقه البقسماط مش لازقه فيه .. غير ان اللحمه كان طعمها سئ بجد
4591,ممتاز بس الأرز مش قد كده
4592,ممتاز كالعاده كباب وكفته ضاني فرع مدينة نصر
4593,اول مرة تجيبوا الفراخ مش مستويه و كان الدم لسه فيها بجد كانت حاجه مقرفه
4594,the tast is very good but it wasn't spicy as i ordered.
4595,الفراخ كانت مش مستوية والاكل مكنش حلو ارجو التواصل معهم لتحسين الخدمة
4596,تحفههههه
4597,وجبة الفراخ عندك تحفة
4598,knuckles was without any salt or additives....just knuckles in boiled water
4599,أكثر من رائع
4600,جاى بارد شوية
4601,لا و واخدلي 30 جنيه بس توصيل جتكم اللقرف
4602,زفت و قرف زبااااااااالة. و قذارة أخرى اوردر جبتوا في حياتي كرهنا حاجة اسمها كباب و كفته بسسبكم اييية النتانه دي و الوزن بتاعكم قذر ووحراميه قال حططلي كففتتين و قال أي ده نص كيلو لا و الاوردر جاي غلط قال تقولو طالب كيلو يجبلك صافي نص و مكنتش عارفين ...
4603,الأكل ممتاز
4604,كل حاجة حلوة
4605,طلبت طلبين حمام محشي .. باعتهم في طبق و باكيدچ واحده .. حركه مش كويسه من المطعم ..ممكن اكون طالب لشخصين مش مع بعض .. المفروض كل طلب لوحده بالباكيدچ بتاعه .. ده غير ان الاوردر اتاخر وكان بارد
4606,تمام . مطعم جميل
4607,الفراخ ناشفة الى حد ما
4608,increased delivery fees and clumpsy delivery man
4609,the grilled chicken was good
4610,chicken breasts were wood hard and pink
4611,inaccurate prices
4612,شكرا الدهان وشكرا للمنيوز
4613,طلب خاص طلبتة قبل كدا خمس مرات و بيجى عكسة كل مرة
4614,"Quality is great, but sizes are small"
4615,تماَم
4616,أتأخر أوي و الاوردر جي غلط
4617,التتبيلة سيئة والكميات قليلة والأكل بارد جداا مع انه وصل ف ميعاده
4618,الاكل كان جميل و النيفه كانت روعه بجد
4619,طاجن البطاطس مش حلو خالص مش مستوى اكل الدهان.البطاطس مصرية ومفيش توابل . الفراخ ممتازة
4620,الفراخ كانت نايه و بايته و نشفه اوحش مره اكل فيها باينه في حياتي
4621,ممتاز جدا وعلى فكره الحمام بي الفريق فوق روعه
4622,الاوردر بارد جدا وجاي في اطباق بلاستيك
4623,مكرونة فرن سيئة للغاية و الملوخية نكهتها ضعيفة جدا المحاشى جيد و ارز باللبن جيد
4624,طعم كويس لكن الأكل وصل بارد
4625,الطعم لذيذ بس المشكله الوحيده هي انه ياخذ ساعه و ربع في التوصيل
4626,اخر اوردر كان ممتاز
4627,اتحسن كتير الاكل
4628,"However, the Grilled Chicken wasn't Fresh."
4629,ممتاز الدهان مدينة نصر كباب وحمام وفراخ مشوية بدون عضم مستوى ثابت واكل متميز
4630,They tend to send incomplete orders
4631,الاكل طعمة حلو خاصة الحواوشي .. العيب أنة وصل بارد جدا
4632,great okra
4633,الاكل جميل والتوصيل سريع جدا
4634,الفراخ كام طعمها عادي جدا محستش بأي تتبيله والمكرونه فرن مليانه زبده دهون بس الممبار كان ممتاز
4635,سي جدا جدا جدا الكفته نيه وتأكيده نيه الاكل بارد
4636,الفراخ محتاجة تستوي اكتر شوية لكن التتبيلة كانت كويسة والطعم
4637,الطعم رائع جدا جدا
4638,الأكل بارد جدا وعايم على بخار الكباب والكفته البارد
4639,sojouk is delicious
4640,مكنتش الأكل مكنش ساخن اول مرة اطلب من الدهان يبقي الاكل كدا
4641,مستوي كويس جدا و طعمه حلو
4642,سئ للغاية
4643,الاكل كان طعمه سئ جدا اول مره تحصل اجيب من الدهان وكلنا بطننا توجعنا طول الليل كدا
4644,معقول او جيد وليس ممتاز
4645,الفراخ باردة... و مش مستويى كويس
4646,kofta was not well done
4647,طعم مش حلو وشكله بايت من الطعم السئ ومزيت كتير والكمية قليلة علي سعره
4648,تمام جدا
4649,بصراحه الحمامتين مسكوعين مفيهومش لحم تقريبا
4650,الاكل مكنش فريش وبارد للاسف الجوده وحشه جدا
4651,الاكل كان سىء جدا والفراخ كانت بايته ورميتها والله
4652,تاخر الأوردر اكثر من ساعتين علي الرغم من تأكيدهم لي بخروجه من بدري.. حتى اخباري بأنه سوف يخرج بعد ساعتين.. فطلبت منهم إلغاؤه
4653,amazing
4654,مفهومكم غلط عن السوتيه السوتيه مش معناها مسلوق
4655,احلى فراخ مشوية من عندهم ❤️ طلبت منهم كتير جداً مفيش مرة خذلوني فيها بصراحة اكلهم دايما مظبوط. بحب الطحينة و البابا غنوج من عندهم والكفتة المشوية كمان بس الفراخ طلبي المفضل من عندهم الخلطة فيها باينة جدا برة و جوا ❤️😍
4656,بس في مشكله صغيرة ان لما اتعدل الطلب اتخصم كاش الطلبين ولم يرد الي كارت الاءتمان فلوس الطلب الملغي
4657,فرع الدهان مدينة نصر الاكل كله رائع كباب وكفته وحواوشي ومحاشي
4658,مش ميتويه اوي
4659,بيحط فلوس زيادة بعد الطلب
4660,food was really good
4661,التوصيل متاخر جدا جدا جدا
4662,كله كان حلو قوي الا المكرونه و الكفته
4663,لاقيت عظم في الفراخ مع اني طالبهم boneless والرز طالب رز بسمتي جالي رز ابيض
4664,جميله
4665,الفراخ قاتله مالهاش حل
4666,الاكل كان كله جميل ورق العنب والكبده والمالتيزر كله حلو قوي
4667,ممتاز وخدمة توصيل سريعة
4668,الاكل من التطبيق غير اللي بجيبوا من الدهان نفسوا
4669,اكل ممتاز لكن الرز بلبن بالفواكه للاسف الفاكهة حمضانه
4670,الأكل حلو
4671,Couldn't be worse than this!!!!!!!
4672,الطعم محترم
4673,الفراخ حلوه الحمام الأرز وحش بنى مش رز حشو بالبصل
4674,الكباب البتلو معظمه دهون
4675,عااااااااالمي
4676,khara
4677,The food tastes amazing but the portions are smaller everytime and it's getting more expensive
4678,full of fat parts which it shouldn't because it grilled
4679,ممتاز جدا . سخن وطازه
4680,الاكل غير صحيح
4681,الاكل كان كويس بس المشكله ان الاوردر مجاش زي ما انا عايز الفراخ جت مش مخليه زي الاوردر
4682,They are the worst I used to be a client but not anymore
4683,Fresh and clean
4684,It was very bad
4685,perfect!!
4686,تت
4687,tasty and fast delivery.
4688,الحواشي جالي محروق
4689,بصراحه الاكل جميل تسلم أيديكم
4690,Delivery time was too long
4691,"it was really bad , very cold + tastless, it's the first time to happen"
4692,يا جماعة دا أكل دايت مش ناقصة اكتئاب .. ماينفعش كل يوم ييجي بارد وبايت ، كل يوم !!!! خلوها مرة كدا ومرة كدا حتى
4693,الفرخة كانت سيئة جدا
4694,تحفه كالعاده الفراخ المشويه والسلطات
4695,حلو جدا بس الكميات قليله وطلبت بابا غنوج بعتلي طحينه
4696,ممتاز جدا 👌👏👏
4697,الاكل متلج
4698,very tasty
4699,the delivery time is a bit long
4700,الفراخ جميله قوي وكنت طالب طبقين ورق عنب واحد حلو قوي والتاني حسين انه معجن او مش طازه ياريت تاخدو بالكو من الملحوظه دي المره الجايه
4701,delivery man is respectful and the order on the time
4702,الاكل للاسف ما كانش سخن دافىء فقط والكفتة فاتحة اوى كانها مسلوقة مش مشوية الكباب والطرب والممبار كويسين
4703,الدهان دايما اكله ممتاز وطازة بس الدليفري احيانا بيكون مش بروفيشنال فلازم توعيتهم
4704,so expensive
4705,الاكل وصل بارد ووصل صلاطة طحينة بدل غنوج
4706,السجق بارد جدا و مَش مستوى well done و كنت طالبه محشى مع الاوردر حجم الواحده من المحشى كبيره جدا و متسخنه مَش معموله فريش زى المفروض
4707,ناس محترمه جدا
4708,الستيك فعلا غير قابل للاكل انا اتصدمت من المستوي الي وصلتولو
4709,عندي مشكله كبيره جدا ف فترة التوصيل
4710,الاوردر سيء جدا ووصل بارد كبدة وسجق والكفتة نص سوا بالرغم من توصياتي
4711,اسوء اسكالوب في الدنيا
4712,طلبت اوردر قعد ٤ ساعات علشان يوصل وفي الآخر لغيته
4713,النيفة مش مستوية كويس وكلها سمين الكباب بيشد الفراخ كويسة ولكن مش واو بهاراتها كتير الكفته رائعة
4714,الاكل وصل بارد و خدمة التوصيل كانت سيئه للغايه و الكيس كان مفتوح
4715,الموزة بتلو مش ضاني الحوواشي في فلفل كتير اوي
4716,كان سئ جدا
4717,اكل تحفة تغليف محكم والطيار مهذب جدا
4718,كنت مبلغ ان المندوب يتصل قبل ميجي وكلمت الدعم قالولي هنخليه يتصل وطلع علي مكان شغلي من غير ميتصل وسببلي مشكله جامده
4719,ok ok
4720,الريش مالحه جدا بطاطس قاسية
4721,حضرتك طلبت نصين فراخ جالي الفرخة ربع مش نص ازاي مش عارفه المقسات عندكو ضايعة تقريبا
4722,طلبت وجبة صدور الفراخ بالمشروم و الاكل مش مستوي كويس خالص
4723,الاكل وصل قبل معاده بنص ساعة وسخن والفراخ المشوية حلوة بس الكفتة مش متحمرة كويس وفيها عضم
4724,الطلب وصل بارد جدا اول مره الطلب يكون سيء من الدهان
4725,يا ريت ما يحطوش توابل حراقة
4726,Took 3 hours to receive my order! Worst customer service everr!
4727,Good fresh healthy
4728,خرا
4729,ن
4730,great 👍
4731,الاكل جميل جدا بس ورق العنب الطعم مختلف كل شوية بتغيروا الخلطة
4732,الممبار بارد خالص وازاي يتم تغيير مصاريف التوصيل بعد تأكيد الاوردر
4733,الأكل حلو جدا وسخن والكمية كبيرة والتوصيل قبل الموعد
4734,اللحمة قاسية وكأنها عضلة ما بتتاكلش
4735,الاكل جيه سخن و طعمه تحفه
4736,كان فى طعم صابون فى الفراخ والأكل واصل بارد جدااا
4737,as7060018@gmail.com
4738,دي تالت مرة الفراخ تيجي مش حلوة و باردة و كمان مليانها شطة و توابل عشان ميبانش أنها بايتة و أنا قررت أقاطع المطعم ده عشان قبل ما أعمل الأوردر كتبت تنبيه معاه أن ياريت الأكل ميبقاش بالشكل ده
4739,رغم عشقي للدهان لكن المرة دي خذلني الاكل مكنش مستوي كويس
4740,الاوردر حلو وكل حاجة تمام بس الاكل كان بارد
4741,رغم اختيار الكفته ويلدن جت نص سول و الفراخ اتتبيله حاميه جدا و و مخدتش وقتها علي النار
4742,طاجن الارز المعمر أسوأ ما يكون
4743,Its very good every single time. Elhamdullelah not disappointed yet
4744,"الدليفري أصر إنه ياخد مني فلوس زيادة مع إن المبلغ بالكامل تم دفعه من خلال ""المنيو"""
4745,Not bad
4746,the meat was bad
4747,ممتاز جدا 🥰✋
4748,اتقو الله يا عباد الله
4749,goob
4750,اخر اودر جه بارد وسى جدا
4751,الاكل وصل بارد خصوصا القراخ المشوية كانت سيئة جدا
4752,i ordered 1/2 boneless chicken while the delivered was with bones!!
4753,الفراخ مشوية كويسة بس عليها ملح و شطة زيادة و كانت حادقه
4754,الأكل جميل جدا ولذيذ التجربة كانت ممتازة
4755,كان بارد حجم الدجاجة ممتاز يفضل ارسال نوعين سلطة وطحينه وليس اختيار واحد
4756,الدهان عالمى قمة في كل حاجة
4757,اكل محترم و توصيل محترم...
4758,Very good Hawawshi.
4759,ازاي مفيش ارز واول مره اشوف اكل مشوي معهوش طحينه والفراخ كاطعم حلوه بصراحه بس مش مستويه كويس ومجتش سخنه مع العلم حضرتك واخد ساعه في التحضير مش معقول ساعه علشان تحبها برده وتحطها في فويل وخلاص بصراحه الاكل مش مخدوم إطلاقا دا شغل شقلب واقلب
4760,زفت المحشي جيه اسبيسي وطفلة إلى كانت بتاكله
4761,This was the best time I have ordered from ElDahan. The food was extremely hot and tasty. Thanks
4762,اسؤ نوع لحوم ولن يتكرر التعامل وسيتم تصوير الاكل وسيتم وضعة علي صفحات الفيس بوك مثل كرش كيبرز وغيرة من قبل شركة sits لتكنلوجيا المعلومات لتنويه واخطار المجتمع لعلهم يرتقو
4763,كنت طالب شوربة فراخ بالكريمة وللأسف الأوردر كان خطأ جالى شوربة مشروم
4764,تتبيلة الفراخ غير جيدة
4765,اللحم في الحواوشي رائع ولكن العيش محروق تماما وجه وظهر طلعنا اللحمه عشان نعرف ناكل بعيد عن العيش المحروق
4766,الاكل مش مستوي خالص وسيئ جدا وبارد
4767,اكل محترم
4768,سيئه جدا
4769,الاكل ني و و حش جدااا
4770,ممتاز .........................................
4771,the food is unclean cold so bad quality
4772,So delicious
4773,the spicy hawawshi wasn't even spicy at all !
4774,السجق المشوي سئ جدا جدا جدا السطة الخضرا بايظة الطحينة وحشة جداً
4775,عسل بس بيتاخر وانا تعبت من اللشكاوي
4776,الاكل كان سئ جدا وبارد وعيش ناشف
4777,الاكل جميل والله بس المندوب كان قليل الذوق بصراحه
4778,الاسكالوب كان ناشف
4779,الملح كان زياده جدا في الستيك
4780,الأوردر جيه ناقص المحشي وكمان الاكل كان بارد
4781,*
4782,الحواوشي كان جاي بارد ثلج ❄️ اقسم بالله نسيو يسخنو حسبين الله و نعمه الوكيل في عدم الضمير فين مدير المطبخ و فين الناس االبتراجع شغل الناس ديه !!!! الحواوشي 1 من 10 الكفته 2 من 10 !!!! السلطات 4 من 10 !!!!
4783,الكولتي مش حلو
4784,حلووه جدااا
4785,done
4786,الخدمة والاكل والتوصيل ممتاز.
4787,سيئ بارد والتتبيله مش حلوه
4788,المستوى قل كتييير عن قبل كده .. ده حتى الكفتة مش ممتازة يعني يادوب ماشي حالها.. مش كفتة الدهان .. الطواجن كلها متكروتة والشوربات.. الحاجة الوحيدة اللي متعوب فيها السلطات ..
4789,مطعم زباله
4790,جه متأخر جدا وبارد والكبده مش مستويه كويس
4791,الاكل بارد سيكه
4792,The chicken was filled with bones not the same quality as always
4793,للأسف كمية الحمة مش كافية و بتشد و مليانا دهون كتير تقريبآ نص الحمة 😥
4794,راىع
4795,رائع طبعا لكن كان أقل من ربع
4796,اكل زي الفل
4797,ممتازه
4798,الاكل كان بارد جدا ياريت المرة الجية الاكل يبقى سخن
4799,الحواوشى ساقع جدا
4800,في حاجات حلوة وحاجات مش اوي المشويات كانت احسن قبل كده .. طاجن ورق العنب مش حلو خالص والسلطات احسن حاجة بالذات البتنجان وبابا غنوج
4801,👌🏻👌🏻👌🏻👍🏻تمام
4802,طاجن اللحمة و البصل جامد الكبدة مش احسن حاجة بس حلوة الممبار بايت بس حلو
4803,الاكل كان حلو اوووي 😍
4804,التوصيل سئ جدا
4805,تتبيلة ضعيفة لأول مرة في تاريخي مع الدهان
4806,انا طلبت نصين فرخة مشوية على الفحم ، بصراحة الاكل سيئ جدا جدا و بارد و كمان الراجل بتاع الدليفري بيطلب مني فلوس مع اني دافع اون لاين .......
4807,للأسف الأكل بارد جدا
4808,طلبت أمس باميه جاءت بطاطس بدون حتى سلطة تقيم سئ جدا واكتفى برسالة للاعتذار
4809,تتبيله الفراخ كانت كثير قوي والطعم كان مش قد كده
4810,it wasn't boneless
4811,الحمام صعب جدا في التسويه
4812,الاكل كان بارد وحارج
4813,طلبت بأية جت بطاطس ومن غير سلطة
4814,تاخير الاوردر اكتر من نص ساعة عن المعاد اللي كان اصلا بعد ساعة ونص
4815,الفراخ مكنتش حلوه في اخر اوردر والكل عموما كان بارد وده علي عكس مستوي الاكل اللي احنا متوعدين عليه
4816,احسن مطعم في مصر
4817,كان بارد جدااااا
4818,arrived cold
4819,تمام يا باشا
4820,التوصيل ف اسرع وقت
4821,I told them well done and it wasn't
4822,الاورد كان سئ جدا وكل الأصناف كانت بارده وطعمها سئ جدا جدا جدا علي فكره انا زبون دائم للدهان بس بالمنظر السئ ده وبالمستوي المتدني ده مش هطلب منه تاني
4823,الفراخ محتاجة تستوي تاني والاكل جه بارد كله
4824,I ordered oven pasta but got zucchini instead. The order was good anyway.
4825,طلبت اوردر جالي من اسوء ما يمكن فراخ بارده وبايته ومتسخنه حاجه وحشه جدا
4826,طاجن الفريك كان حمضان
4827,Pigeons were very small !!
4828,سئ جدا - الاكل بارد الشواء مكانش مظبوط في دم في الصدر التتبيلة سيئة السلطة مش طازة
4829,الكميه قليله مقارنة بالسعر اللحمه كانت قليله جدا مع إن السعر 77جنيه
4830,الاكل كان بارد و العيش كان ناشف
4831,الاكل سيء جدا والفراخ كانت ناشفة جدا تجربة وحشه جدا
4832,الفراخ هذه المره صغيره جدا والتتبيله ضعيفه جدا
4833,السندوتشات صغيره جدا بس للامانه طعمها حلو
4834,الفراخ كانت مش مستويه خالص
4835,كويسه
4836,بصراحه الطرب كان وحش جدا ونئ ومايتكلش وانا طالبه ويل دن
4837,البطاطس بشعة .. مزيتة و طعمها وحش و ريحتها وحش
4838,فظيع زى كل مرة ♥️♥️♥️
4839,جيد جدااا
4840,Didn’t receive my order after 2h The worst service
4841,perfect w sare3 w el tayareen mo7trmen 🥰
4842,الاكل مكانش حلو اوى. الحوواوشى هايل لكن النيفة والكباب والممبار مكانوش حلويين ده غير انى كنت طالبة طحينة مع الاكل لكن جالى باباغنوج وطماطم متبلة وسلطة. من أوحش المرات إللى طلبت فيها
4843,الاكل وصل بارد جدا آكيد بعد ساعتين تأخير لازم يكون بارد جدا
4844,Everytime Excellent service. Super clean food. Quality of meat is beautiful. As always very satisfied
4845,فراخ تجيب اسهال
4846,الفراخ جت نيه
4847,long delivery time
4848,حلو بس بارد شوية
4849,ممتاز جدا و رائع فى كل الأكل و التوصيل سريع دائما ناجحين
4850,كان سئ بصراحة توصيل وطعم وتسوية
4851,as expected
4852,الأكل كان سئ جدااااا
4853,"الفراخ كانت بايظة !!! اول مرة يحصل كدة من عند الدهان!!!chicken was rotten, first time to happen from el dahan! i dont think i will order anything from el dahan again!"
4854,تحفة بجد
4855,الشوربة باردة جدا وقليلة
4856,الاكل كان بارد المره دي
4857,وحش المرادي
4858,تمام ربنا يباركلكو
4859,ض
4860,10/10
4861,افضل مطعم في جوده ونظافه الاكل
4862,الاكل كان بارد و اتاخر
4863,فراخ طعمها سيء للغايه لا تتبيله ولا فريش
4864,تمام 👌
4865,👍👍هايل
4866,الفراخ غير مستوية وفيها دم
4867,بجد أنضف مطعم طلبت منه و الاكل المرة ديه أحلى من حلاوة المرة اللي فاتت و الاوردر جالي في نص ساعة بعد ما طلبته و اسرع من المرة اللي فاتت
4868,الكفتة كانت باردة جداا
4869,Didn't receive boneless chicken but regular chicken
4870,الحمام كان واو .. بس كفتة مكانتش طازة ☹️
4871,محتاج ان الطحينه تزيد شوية
4872,خدمة سيئة جدااا الاورد طلبته من ساعه ونص ولسه مجاش والفرع جنبى
4873,وجبة ممتازة
4874,الاكل حلو بس الكميات قليلة جدا
4875,الفراخ كانت سيئة جدا ومش مستويه بصراحه اسوء اوردر جالي من ساعة ما طلبت منكم
4876,الاكل كويس بس كان بارد
4877,الوجبتين الاخيرتين في الاوردر الاخير كان كلهم دهن انا ماطلبتش وجبة دهن .. انا طلبت كباب وكفتة
4878,الاكل بييجي بارد
4879,الاكل كله تحفة في طعمه و الباكچينج للشوربة كويس جدا و عروض الاسعار كويسة
4880,الفراخ كانت مش مستوية و دي مش أول مرة
4881,كنت طالباه سبايسي جالي عادي مش سبايسي
4882,باعتين بطاطس باللحمه وانا طالب باميه باللحمه والشوربه مافيهاش لسان عصفور عباره عن شوية ميه مش أكتر
4883,شوربة لسان العصفور عبارة عن مية مافيش لسان عصفور اصلا
4884,الاكل بارد جدا و يقرف و دي مش اول مرة!!!
4885,الفراخ طعمها حلو وسعرها معقول بس بخلاء جدا في السلطات الحقيقة. كنت شارية 8 انصاف فراخ جابوا معاها 8 علب بالزبط. لما حد بيشتري فرختين حتى بيجيبوا معاها سلطات كتير.
4886,زفت و جالي نزله معويه منه
4887,"the food was cold and delivery was late , very bad experience and could be my last time from ElDahan"
4888,Worst food ever
4889,الاكل كان بارد العلبة كان شكلها متبهدل
4890,Order is very bad
4891,الاكل كان مليان عظام والجودة سيئة
4892,اللحمه زفره جدا وبها دهن طعمه بشع الطلب في الصوره معاه سوتيه وليس بطاطس فرايد
4893,Hawawshi is missing
4894,very delicious
4895,الفراخ سيئة جدا علي غير العادة 😑
4896,الكمية قليلة اوي على الفلوس
4897,بارد وسييء
4898,طلبت فراخ فليه مشوية كانت مش مستويه كويس و راميتها
4899,للأسف وحش جدا
4900,it's delicious
4901,الكباب كان مسلوق تقريبا الكفتة كانت معقولة الرز المعمر صغير جدا و فيه قطعة لحمة صغيرة جدا !!
4902,Boneless grilled chicken was too dry
4903,شكراً جزيلاً
4904,اسوء كبده في العالم... سيئه للغايه................................
4905,الاكل سئ جداااااااااااااااااااااا
4906,سئ جدآ
4907,The food soo delicious and fresh and this branch the best in timing
4908,طلبت قبل كده و كانت جودة الطعام جيدة المرة ده الحمام و الفراخ كان مدهنن و سئ الرجاء المحافظة على سمعة المطعم
4909,الاكل جه بارد شوية
4910,شوربة جات بايظه
4911,حوواوشي سىء
4912,it was really good
4913,مفيش طحينه مع سندوتش الكباب والكبد الاسكندراني
4914,جميل.وانت كنت شايف الكباب أفضل من الطرب .والحجم محتاج يزيد سيكا.لكن في العموم ١٠/١٠ يا دهان.انا اكلت عند الدهان مكة المكرمة قدام مستشفى اجياد سنة ٢٠٠٣ .يعني زبون global
4915,مطعم انصح بيه
4916,تمام اكل ممتاز
4917,بحبه وبحب الاكل بتاعه الحواوشي كان تحفه
4918,سئ جدآ .. نص فراخ عبارة عن عضم .. و مش نضيفة من جوه و مش متبلة كويس .. و الاوردر اتأخر و الاكل بارد جدآ جدا .. الرز بالخلطة عبارة عن شوية رز محطوط عليها من فوق معلقتين كبده تقريباً هو كده اسمه بالخلطه .. سئ جدا و مش هكررها تاني
4919,Knuckles were not cleaned right (had hairs on them) One of the pigeons had part chopped of it
4920,جميل جدا جدا
4921,جامدا
4922,tou7faaaaaaaaa fara5 lzeza w a7la mombar😍🙏
4923,"The food is fresh, standard and quality is very good"
4924,رائعد
4925,بيتاخر وناس فائقة الزوق بجد والفراخ بقت بشعة
4926,Very Good
4927,Order is very very bad and we all get tired
4928,وحش جدا والاورد جاء بارد جدا ومتاخر اوي ونوع اللحمه مكنش حلو وفي جلد للاسف تجربه سيء
4929,perfect bgd
4930,very fast delivery
4931,فوق الممتاز
4932,Usually good food but the sandwiches are horrible.
4933,The food ia good however portions is very very small!
4934,الفراخ ماكنتش متبله كويس و اللحمة بتاعة الحووشي كان فيها ظلطه و عظم
4935,very delicious professional
4936,الكفتة حلوة جدا . لكن الحواوشي حامي وكله بصل الأول كنت بالاقيه احلي من كده بكثير
4937,حلو اوى اوى اوى بجد
4938,فعلا الاكل كان فوق الممتاز
4939,الاكل كان بارد جدا ومش سخن
4940,الوجبة حلوة قيمة مقابل سعر بس الفراخ ممكن تبقي احلي عشان فيها سنة زفارة
4941,شكرا الاكل حلو جدا
4942,كفته مش حلوه زي كل مره
4943,الاكل حلو اوى
4944,النيفة كانت محتاجة سوا
4945,بجد والله ناس محترمه
4946,لاول مرة الاكل كله يجي حلو جدا وطازة وسخن
4947,السعر !!
4948,جيد جدا بس صغرتوا الدجاج ليه
4949,الاكل وصل فى خلال 70دقيقه وكان بارد جدا
4950,اكل بارد و بايت و سيٌ و حاجه مقرفه الصراحه
4951,"Very cold food not well packed and bad quality for the first time , actually it was my first time to order through this app and I think it will be the last one"
4952,كالعادة ممتاز
4953,الفراخ المشويه جميلة جداً و التتبيلة و التسوية هايلة بس الكفتة مش حلوة خالص و الكمية قليلة جداً جداً على السعر يعنى ربع كيلو ٦٦ جنيه عبارة عن ٣ أصابع بالعدد !
4954,ربع المشكل جميل لكن قليل جدا مقارنة بالسعر
4955,الاكل بارد للمرة التالتة
4956,quality is good
4957,الفراخ البانية كانت نية ومش مستوية كويس
4958,The order was delivered lately
4959,الحواوشي مكنش واو بس بقيت الأوردر كان تحفه و tasty اوي 🤩
4960,كباب حله عالمى
4961,الاوردر وصل غلط اصلا و حاجة اخر اهمال
4962,"Today I ordered 1/4 kg chicken fillet for the first time. Worst thing I’ve ever had! Not fresh, texture is exactly like rubber, and completely tasteless! Never ever ordering this item again!!"
4963,الاكل بارد .. و ازاى علبه طحينه واحده على فرخه ماشويه كامله !!
4964,i ordered boneless chicken but i got one with bones and the fries was cold
4965,الاكل كان بارد وشوربه اللسان كانت الكميه قليله جدا (معلقتين بالظبط) علي غير العاده من الدهان
4966,طاجن البصل سئ
4967,يجنن تحفة تاكل صوابعك وراه
4968,الحمام مليان فلفل اسود مايتاكلش
4969,there was a hair in my pigeon
4970,الرز كان طعمه غريب تحسه قرب يبوظ! والفراخ كانت جميله
4971,الممبار محتاج يبقي افضل من كدا
4972,الكمية قليلة جدا مقابل السعر
4973,delicious 😋
4974,الاوردر كان زبالة والطعم كان سئ جدا جدا جدا والاكل بارد واللحمة نيه وكميه قليلة وحاجه فوق القرف واللهي
4975,super but was very cold
4976,ممتاظ
4977,الاكل وصل بارد و البطاطس غير مكتمله التسويه
4978,الطلب جيه غلط
4979,الاكل نضيف جدا وجميل جدا
4980,"Not as ordered, different items!!!!!"
4981,very cold never tasted dahan as bad as this
4982,طلبت حواوشي جالي محروق بمعنا الكلمه وبارد ومش اول مره
4983,الاكل اتاخر وطاجن البطاطس جاى بارد والرز بالشعرية مش تمام وكمان تم استبدال السلطة الخضراء بمخلل
4984,💯💯 جميله تسلم ايديكم الشوربه جميله جدا 😘😘😘
4985,Very poor quality.
4986,انا مش راضي جدا علي الطلب ،اولا قطع السكالوب بقت صغيره جدا عن الأول وملهاش طعم عباره عن كاوتشه ويادوبك كام صباع بطاطس مالهمش اي لازمه ، عيب والله
4987,الاكل مش تمام. ومافيش طعم ولا جوده
4988,Best cost benefit i have ever seen
4989,النيفة رائعة
4990,best grilled chicken ever
4991,السلطات ناقصه رغم أنها محسوبه في الريسيت و الأرز كان فيه عضمه كسرت ضرس والدتي تجربه سيئه للغايه و الله قولت هتصل بيهم هستفاد ايه بعد اللي حصل.
4992,مشطشط شوية
4993,الرز بالخلطه من غير خلطه ، و طلبت سلطه خضراء ماجاتش
4994,ممتاز بس العيش بارد ومش فريش
4995,مشاء الله عليكوا بجد
4996,الكفتة ككمية قليلة وطعمها مختلف عن كل كرة للاسف العرض مختلف في جودة الكفتة ...الحجات التانية كويسة الشربة روعة والحواوشي مقبول لكن الكفتة ضعيفة جدا للاسف
4997,مطعم ممتاز
4998,The taste is so bad
4999,quantity wasn't good
5000,الاكل مجاش اصلا يا جماعه
5001,الحقيقة آخر مره الحمام كان سيء جدا وصغير جدا
5002,برده
5003,ممتاز وسريع
5004,كان ساقع حرفيا
5005,حاجه تشرف بجد
5006,للأسف آخر أوردر الحمام وحش جدا و الفراخ المشوية مكنتش حلوة خالص
5007,رائعة شكرا جزيلا لحضراتكم
5008,Was too late... Food was put upside down and was not hot 😐
5009,ممتاز و عرض مغري جداً و جوده الاكل ممتازه ياريت الاستمرار
5010,الكبدة غير طازجة . نوع الكبدة سىء به شده.
5011,the food was cold
5012,الوجبه ممتازة جدا
5013,وحش جدا فراخ مهرية
5014,بصراحة الاكل زي الفل
5015,اسوء حاجة التوصيل لكن الباقى تمام
5016,الفراخ صغيرة اوى
5017,الاكل حلو بس مش سخن اوي والممبار صوباعين بس قليل جدا بالنسبه لسعره بس الاكل طعمه حلو وكويس جدا
5018,جامد جدااا الصراحة
5019,الطلب كان ناقص
5020,الكوسه بالبشميل محتاجه تبقي الكوسه مستويه شويه عن كده والباشاميل يبقي سايب شويه مش ناشف
5021,الاكل جاي ني و اقذر من قذاره
5022,الممبار سئ جداااااا، وقديم وبايت بجد عيب اوي
5023,الحوواوشي اللحم المفروم قليل جدا والدهن كتير جدا
5024,الطعم حلو والأكل سخن والمعامله محترمه
5025,to7faaa
5026,ffhhggg
5027,it took a lot of time to get my food and it arrived cold
5028,مش نفس جوده الاكل كل مرة ،،الفراخ باردة والعيش مش طازة
5029,الفراخ طعمها بايت ومتسخنه مش فريش .. والعيش مجلد ومش طازج
5030,اولا الاوردر جاي بخطأ في الريسيت ثانياً الأكل بارد جداً متلج حرفياً
5031,ممتاز،، شكرا لكم
5032,وجبة كويسة جدا
5033,عظمة
5034,الاوردر كان سئ جدا
5035,كان ناقص الحمام يكون محشى فريك
5036,الاكل جميل
5037,الطعم أقل من المتوسط
5038,الملوخيه كانت وحشة اوي وساقطة الرز كان فيه بواقي عيش تقريبا كانت فتة ورز نوع تاني، زي ما يكون ملموم من بواقي اطباق ناس تانية
5039,ارز بالخلطه ما جاش جه بدل منه ارز باكبد
5040,الاكل بيتأخر جدا و جالي بارد و مش زي ما أنا طالبه بتاكلونا علي مزاجكم
5041,Tu7fa
5042,مش حلو اوى
5043,زيادة ملحق الكفتة
5044,جاب رز بالكبده بدل رز بالخلطه
5045,مستوى لائق
5046,الاكل كان حلو قوي
5047,The food was not good at all
5048,very very bad delivery experience
5049,الاكل حلو بس بيجي بارد
5050,بصراحة الاكل تحفة والاوردر كان جميل جدا حتي الدليفري كان محترم جدا
5051,محتاج يبقي سخن اكتر من كدا شويه
5052,تتبيلة الفراخ وحشه والاكل كله وحش جدا بجد كانت تجربة سيئة للغابة
5053,"The taste of the ""Pickled Eggplants"" Salad wasn't good; it was somewhat Bitter."
5054,more than perfect
5055,حلو مش احسن حاجه بس حلو الكميه حلوه الدليڤرى معاده مظبوط جدا و محترم
5056,الاوردر مش زي كل مره الكفته ضعيفة التسويه والمومبار مجلد
5057,رائع جدا .................
5058,حار اوي اوي اوي
5059,ممتاز الصراحه والحاجه نظيف جدا وطعمها حلوه وشكرا بخصم الدهان والمنيو كمان
5060,very bad 👎
5061,مطعم ممتاز............................................
5062,مكان محترم والاكل مممتاز شكرا جدا
5063,الكبدة للاسف معجبتنيش خالص اول مرة حاجة متعجبنيش منكم
5064,جامد أخر حاجة
5065,الفرخه مكنتش مشويه كويس
5066,الحواوشي كان سئ جدااا
5067,ممتاز ومميز
5068,روعة استمرو
5069,"the fatta & the grilled chicken were good, yet the sauté smelly & tasted awful"
5070,100/120
5071,تلانننتت
5072,للاسف اول مرة من الدهان الأكل يترمي نصفه فى الزبالة .. وللامانة كل مرة ممتازين لكن اكيد غلطة انسان مهمل هيبوظ اسم الدهان الكبير ... الفراخ محروقة والله تكامآ مش مشوية والفتة العيش فيها ناشف زلط والطحيحنة شكلها بةيت من إمبارح وقربت تبوظ 😢
5073,ممتاز افضل عرض عرض النصف فرخة ارجو تكراره
5074,المكرونه مفيهاش لحم مفروم والكريمه مش مستويه .جربت كل اكلات الدهان رووعه الا المكرونه الفرن فاشله
5075,باذنجان مخلل بقي وحش جدا عملين باذنجان مخلل ابيض
5076,tasty
5077,great food
5078,الأكل بارد و اللحمة مش مستوية في الفتة
5079,food came cold and didn't taste so good
5080,الاكل بارد جدا جدا والحواوشي طلبته حار جه بارد وماحستش بطعم الشطة نهائي
5081,الرز المعمر كان سيئ جدا
5082,مذاق ممتاز
5083,Good ☺️
5084,Vine leafs were amazing
5085,رائع عرض تحفه والطعم تحفه
5086,بصراحة كل حاجة ممتازة الاكل وصل بسرعة وسخن والتتبيلة حلوة اوي والعيش كفاية والسلطات ممتازة.. شكرآ الدهان ..شكرآ المنيوز
5087,برنس
5088,Good and delicious.
5089,الامل سخن و جميل
5090,الاكل جي بارد جدا و ناشف
5091,ممتاز بس الباميه التتبيله خفيفه مش باين طعمها الصراحه 😅😅
5092,زي الزفت
5093,قطع الدجاج بها قطع غير كاملة النضج وده اول مرة يحصل مع اني كنت كاتبه تسويه زياده
5094,الاوردر جاي ناقص طحينه
5095,مطعم محترم
5096,الاكل محتاج تظبيط شوية و التوصيل يكون اسرع عن كده
5097,جيدة...لكن اصغر من المتوقع
5098,ك
5099,chicken with cold and had blood inside
5100,It took 2hours to be delivered
5101,الفراخ جتلي مش مستويه و عملت شكوي بيقولولي ابعتلنا صور للفراخ الجتلك و كلام عجيب اكني بكدب عليهم، اسواء مكان اتعمات معه ، و خلاص عمري محتعامل معهم تاني
5102,التوصيل غالي جدا
5103,too late and too cold food
5104,الستيك يحتاج زيادة التسوية
5105,الوراك محروقه
5106,Food was delivered too late and food wasn't good at all.
5107,جميل جدا 💚♥️❤️
5108,جت مش مستويه كويس في نص و النص التاني تمام
5109,delivery fees is very high .. food was delivered cold
5110,بس رسوم التوصل كتير جدا
5111,تمامم
5112,أكل جميل وأسعار ممتازه
5113,توصيل زاى الزفت والطيار قليل الادب .الاكل حلو
5114,الاكل وجع بطننا
5115,مكلتهوش اصلا عشان أتأخر
5116,worst time i ordered from el dahan i hope el merghany branch would improve and be better.
5117,gr8 taste
5118,الاوردر اتاخر جدا
5119,I like it
5120,الاكل تمام
5121,تسلم ايديكوا
5122,تماام
5123,مئه مئه
5124,The taste was good but the packaging wasn't good today
5125,مطعم عالمى اكل نظيف 😍
5126,الاودر جلنا متاخر جدا و جابو السلطه غلط
5127,was so bad
5128,Food is always nice and fresh
5129,ممتاز جداً صراحة كل مرة عن مرة استمر بالتوفيق للجميع شكراً لكم
5130,سيئ للغايه
5131,الاوردر اتاخر اكتر من ساعه، وكان بارد
5132,الاكل وصل متاخر جدا وبارد
5133,أحسن من قبل كده فيه تقدم
5134,الاكل تمام بس الاكل وصل بعد وقته
5135,Great Taste and clean packaging
5136,الفراخ صغيرة والرجل بتاع الدليفري في منتهي قلة الذوق ..وقليل الادب
5137,الفراخ من الداخل لم تستوي وكان فيها بواقي دم
5138,كلنا معدتنا وجعتنا امبارح من الاكل
5139,Yo yo yo...Best fata lamb ever....
5140,خدمة التوصيل بطيئة جدا وغير ملتزمين بالمواعيد
5141,الاكل كان بارد جدا والبيبسي كان مدلوق على الاكل وال paking كان سيء جدا
5142,"طلبت حواوشي ""مش حار"" جالي حار جدا"
5143,the shish was so yummy but the chicken needed some spice
5144,حلو جداااا
5145,العيش اللي متقدم مع الوجبه لا يليق باسم المكان
5146,الاكل مكنش مستوي كويس
5147,did not arrive
5148,تأخير جدا فى توصيل الاوردر
5149,سيى للغاية الاوردر ناقص و بارد حاجه قرف
5150,تتبيله قليله و طعم اقل جوده من المعتاد
5151,الفراخ كانت بارده ومتلجه والسلطات اللي طلبتها ماجتش والاكل ماكنش حلو خالص
5152,الاكل كان جميل و اللحمه دايبه و الباميه تحفه و الرز رائع و الوجبه مشبعه جدا ، شكرا لاحسن مطعم الدهان👏👏👏👌👏👏👏👍👏👏👏
5153,بصراحة الفراخ فيها ريحة زفارة بحس عيب من شيف الشوي بيمسك الفراخ بعد ما تتشوي وتكون ايده فيها دم فراخ لسه نيه
5154,عموما المطعم أكله جميل ودايما بطلب منه لكن انهارده العيش بتاع الفتة كان محروق للاسف وشيلته من الطبق و ورق العنب كان قليل عن كل مرة
5155,الستيك كان محتاج يستوي شويه
5156,الأرز البسمتي كان دون المستوى هو رزق مسلوق ففط مفيش اي نكهة والكفته المشوية مجتش اصلا جه سندوتش بانيه
5157,الاوردر لم يصل بعد ساعة ونصف انتظار وتحدثت لخدمة العملاء يقول الاوردر خرج من المطعم ولم يصل بالرغم ان الابليكشن سجل وصوله ولم يكلف المطعم خاطره التواصل للاعتذار او التوضيح للأسف تجربة سيئة
5158,الاكل وصل متأخر وبارد والدليفرى زفت
5159,ده المره الثالثه الي اطلب و يحصل مشاكل معاهم وده شكل الاكل الي بيجيلك
5160,اسوء و اوسخ خدمه عملاء و تاخير مش عادي في الاوردر و بجاحه موردتش عليا
5161,Veal shops was kooked as rare Raser we ordered well done Didn't eat it
5162,مفيش اي اضافات مع الوجبه وناقصه كالعاده
5163,من احسن المطاعم
5164,الأوردر جية غلط
5165,It was delicious and wished I ordered 2
5166,الاوردر ناقص
5167,البسمتى مش حلو
5168,اكل استخفر الله العظيم سيء
5169,الحواوشي كان فى طماطم كتير اتمنى يكون من غير طماطم
5170,الاكل حلو بس كان بارد
5171,الاكل كان حلو جدا بس اتأخر اوووووي
5172,حلوووجدا
5173,رووووعة بجد ... من اول السعر حتى جودة الاكل وتغليفه ... شكرآ لكم الدهان .. وشكرآ لسرعة التوصيل ابليكيشن المنيوز 😍
5174,العيش مش طازج اوى بس عموما الاكل مذاقه لذيذ
5175,الفراخ مكانتش مستوية كويس ولا متتبله حلو .. ودى غريبه ع الدهان بصراحة
5176,مش كل شئ حلو
5177,ممتاز جدااا .. متشكر جدا ع جوده الطلب
5178,وجبات حلوه بس بدون اي اضافات زي الرز والبطاطس
5179,التأخير وحش جدا
5180,👍👍👍👍
5181,الاكل اتاخر جدا و كان بارد لكن كان طعمه كويس
5182,ممتازه ولكن كانت غير مستوية بالقدر الكافي
5183,Too hot and over spiced . The kids couldn't even eat it ! لية كل الشطة دية !!!! دية فرخ مشوية مش المفروض تكون بتحرق بالمنظر دة ولا يبقى فيها شطة أساسا. حتى الممبار كان بيحرق زيادة عن اللزوم.
5184,ممتاز الف شكر
5185,خمس نجوم لكل حاجة من أول سائق الدليفري المحترم و السرعة فى التوصيل وتغليف الأوردر و نظافة الاكل وجودة الطهي 👍🌹 بجد شكرآ للدهان 🌹
5186,الاكل كان وحش جدا والفراخ مكانتش سخنه واتاخر كتير جدا لما الاوردر جه
5187,النضيفة جميلة جدا ولكن الممبار بايت وناشف
5188,تحفة كعادته
5189,"The chicken was cold and not well done, the rice seems it was blended with other food"
5190,توصيل سريع ... واوردر متغلف باحترافية عالية .. وأكل ولا أروع كعادة الدهان 👍
5191,يجنن
5192,سي جدا الفراخ بدمها
5193,the food served cold and the and the drink was hot not even close to room temperature
5194,جميلة جدااا ❤️
5195,بابا غنوج كان ضرب
5196,الفراخ حلوة و تتبيلة حلوة و مستوية، السلطة مش حلوة خالص محتاجة اضافات كتير
5197,"Restaurant always busy and don't accept orders from el menus, very bad delivery time I finally picked the order myself however I paid the delivery charges."
5198,My favorite restaurant 💕
5199,الفراخ بارده جدا ومش حلوه
5200,تمام تسلم ايدكم
5201,"the order was very late, vegetables soup was way too spicy and all the food came in small portions except for the soup"
5202,كويس بس الطلب جاني من غير طحينه
5203,طلبت طحينة مع الطلب .. طلب جيه بطحينة والتاني بابا غنوج وقت التوصيل كتير اوووي
5204,خدمة عملاء سيئة جدا لغوا الاوردر وقفلوا السكة فى وشى لما جربت اتصل عليهم ومش فاهم حاجة منهم ولا من خدمة عملاء الابلكيشن
5205,ممتاز جدآ .. وخدمة توصيل سريعه
5206,الاكل وصل بارد على غير العاده من الدهان
5207,بيتأخر والاكل بيوصل بارد جدا لدرجة مايتاكلش
5208,تحفه شكرا
5209,"The worst customer service ever, every time the order comes with no forks and spoons. No one orders from them again"
5210,جميل اووي
5211,للأسف، الفراخ باردة وكانها بايتة ومتسخنة والعيش معاها مش طازج والمخلل ردئ
5212,للاسف اتأخر اوى و الاكل مش زى مستوى كل مرة
5213,the cola was spilled all over the bag
5214,تمام الارودور مظبوط و وصل فى ميعادة
5215,الفراخ على الفحم ، بس في ريحة كحول او حاجه كده اللي بتتحط على الفحم داخله على الفراخ جدااااا ريحه قويه قوي ، للاسف الاوردر يسيىء جدا و معرفتش أكل الفراخ خالص
5216,الاكل حلوووو جدااااا وطعمه لذيذ ⁦♥️⁩⁦♥️⁩ وطيار الدليفيري زوق ومحترم جدا 👌
5217,انا مستلمتش حاجه الاكل مجاش
5218,الاكل طعمه كويس بس جالي بارد وتوصيل متأخر جدا جدا جدا حوالي ساعه ونص وانا جمبه اساسا في شارع السودان
5219,للاسف الاوراد بارد جدا رغم قرب المسافة
5220,اصلي
5221,تاخير رهيب في التوصيل. اكل متوسط الجودة.
5222,ميت فل
5223,اسوء فراخ مشوية كلتها واسوء ورق عنب الاكل بارد الفراخ مش مستوية وورق العنب مستوي جدا غير أن طعمه غري
5224,الاوردر دا يعد اذنكم : اولا: الماكرونه اللي جايه مع الاكل ريحتها غريبه. ثانيا: الفراخ نفسها مش مستويه كويس ثالثا : العيش بايت رابعا : الشوربه كان فيها بصراحه مفاجأة تقرف كان فيها ذبابه وادي رقم الاوردر 477 الساعه 11:40pm التاريخ 2020/09/14 POSHDD Mad...
5225,الاكل جى بارد من غير اى مشتملات والكولا جيا سخنه والاوردر اتأخر جامد وديه مش اول مره
5226,اوسخ اكل و احقر مطعم علي وجه الكرة الارضيه اقسم بالله، طلبت من مرة كان جايب الفراخ نية و الكباب اقسم بالله بيمط زي البلاستيك قلت اديهم فرصة تانيه المرة التانيه طلعت اوسخ من الي قبليها، ما انصحش اي حد ياكل من عندو والله من في المرتين بطني و جتني اكتر...
5227,الاكل جه بارد جدا..............................
5228,تاني مره علي التوالي الفراخ المشويه غير مطهوا كويس وفيها دم وانا ارفت منها
5229,منصحش حد يجربه نهائى اسوء اكل كلته ف القاهره سىىىىىىىىىىىىئ
5230,I ordered shish tawook. The food was not hot and does not look fresh at all.
5231,الاكل كويس و باكل في المطعم علي طول .. بس للاسف الحواوشي ميتكلش المره دي .. الاكل المفروض يوصل خلال ساعة اتأخر حوالي ٧٥ دقيقة .. حاولت الغي الاوردر عشان اتأخر معرفتش ولما رجعت للابليكشين قالولي مش هنعرف نلغيه و ممكن لما الاوردر يوصل حضرتك متستلموش .....
5232,السلطه بايظه والاكل بارد و الكفته مش مستويه كويس وتجربه سيئه جدا
5233,الاوردر اتأخر ساعتين والفاتورة اغلي 50 من الاوردر علي الapp والاكل حتى وحش!
5234,الفاتورة كانت أغلى من اللي كان مكتوب..الأكل مش مشوي كويس وساقع..بجد تجربة زي الزفت
5235,the worse order eveeeeeeeeeer very very bad quality and 2 hours delay .
5236,لتانيمره الفراخ المشويه سيئه للغايه نصفها مستوي والنصف الاخر نئ وبارد جدا وواضح انه بايت رغم تسليمي الاوردر بعد ربع ساعه تجربه سيئه للغايه ولن اكررها مره اخري ياريت تهتموا باسمكم
5237,Food tasted good but some salads were missing.
5238,شوربة الكريمه بالفراخ سيئة سيئة سيئة والأكل جه بارد والكولا سخنه والجو نار اصلا .. ال لايك الوحيدة للشخص اللي جاي الأكل كان محترم ونظيف
5239,انا جالي تسمم من اوردر من الدهان ، محدش يطلب عشان صحتكم و سلامتكم
5240,"I got poisoned from an order i made yesterday, AVOID el dahan for your own health and safety."
5241,"DISGUSTING food, DIRTY MEAT, DIRTY CHICKEN"
5242,1. الاكل وصل بعد ساعه ونص 2. الاكل كله بارد 3. العيش بايت 4 البيبسي سخن اسوا تجربه من الابلكيشن ومتليقش بإسم الدهان
5243,الأكل مليان شطة و طعمه غريب جدا و دي لتالت مرة بيحصل الكلام ده
5244,الاكل جه بارد والبيبسي سخن و الدليفري جه متأخر اكتر من ساعتين
5245,خدمه التوصيل وحشه اوي من ساعه ونص ل ساعتين مع إني في شيراتون وهوا في مصر الجديده
5246,الاكل جه بعد ساعه ونص والاكل بارد جدا جدا وواحده من الكانز مخرومه وبهدلت الشنطه والاكل بصراحه المرة دى كان كل حاجه سيئة
5247,i won't order from this restaurant again.
5248,الاكل تمام انما عصير المانجة سي وغالي علي الفاضي
5249,الحوواشي جميل جدا و مش مليان دهون زي مطاعم كتيير و كمان الفراخ المشوية حلوة جدا
5250,طلبت حواوشي النهارده بعد ساعه و ربع جه محروق كل يوم اسواء من الي اسواء . وحش قوي
5251,الحووشي مليان بصل وحجمو صغير واللحمه تكاد تكون معدومه والتتبيله فقط الي تحس بيها تتبيله بالبصل بظبط والفراخ متفله جدا وبتشد
5252,تجربه سيئه للطلب منهم عن طريق المنيوز لانهم بيزودو مصاريف توصيل زياده عن اللي مكتوبه فالاوردر ومصاريف التوصيل عموما عندهم مبالغ فيها !!
5253,"I should also review the packaging, it's top quality overall. Really impressive."
5254,"The few orders I made from Nasr City branch were of great quality and quantity. I tried grilled chicken, molokheya, and ready for grill chicken breats and shish, all great. No complaints regarding delivery either."
5255,ممتاز جدا جدا جدا جدا جدا جدا جدا جدا جدا جدا جدا جدا جدا جدا جدا
5256,من سئ الي اسواء انا طلبت أورد امبارح كان في منتهى السوء سجق تحس انه بايت او حد واكله قبل كده كفته مش مستويه كويس ثوميه فيها ريحه تخمر وكذلك الطحينه فيها عيش اكتر من الطحينه والثوميه طالعه من تلاته بقالها يومين او اكتر حاجه حسبي الله ونعم الوكيل استم...
5257,"delayed delivery, food quality is getting worse every time الكبده الاسكندراني بقت زفت قوي"
5258,Order delay for 30 min and it's come to me so cold
5259,مش عارفة ايه اللي جرالهم فجأة ، المرة اللي فاتت الطواجن كلها كانت بايظة واترمت في الزبالة ، والمرة دي الكباب بارد وبايت وحاجة قرف
5260,قلالت الذوق في تعاملهم واستغلالين في توصيل
5261,على مدى 6 شهور تقريباً جربت منهم الكباب والكفتة والريش البتلو والاستيك والفراخ المخلية والفيليه والشيش والكبده الاسكندراني والسجق البلدي والحواوشي والأرز المعمر. فيما عدا الريش، كل حاجه كانت ممتازه. الريش كان مستواها متوسط. التوصيل دايماً في حدود الو...
5262,امبارح جربت الطرب الجاهز للشوي منتهي السوء عباره عن دهن ملفوف ورميته في الزباله
5263,تجربة فى منتهى السوء.... سواء جودة الاكل او الكمية او السعر
5264,للاسف اسوء مطعم ممكن تتعامل معاه في خدمة العملاء اورد بالكامل اتلغي بسبب ان المطعم متصل مخصوص علشان يفاصل معايا في علبة مخلل و يقولي هي واحده مش اتنين . مطعم مادي جدا و موظفين في منتهي البرود و التناكه . يا جماعه ده مجرد اكل ، و احنا بندفع فلوس علي ...
5265,my favorite ❤️ احلي مش مشويات بحد⁦❤️⁩ و جربت ال الاكل الجاهز علي التسويه جربت الطرب والشيش تحفه بجد
5266,فضلت مستني الاوردر اربع ساعات والرقم الساخن غير متاح والفرع كلمتهم ضحكوا عليا وقالولي نازل بقاله شوية. بجد خدمة رديئة جدا من الدهان ومن المنيز وعمري ما هطلب من الاتنين حاجة تاني
5267,"The grilled chicken and molokhya are beyond amazing. Excellent service, clean food and fast delivery. Thank you."
5268,الاكل حلو لكن مواعيد الدليفري زي الزفت كل مرة تأخير ساعة كاملة او ساعة الا ربع لما الاوردر يوصل
5269,تغليف ممتاز.. دليفري مواعيده مظبوطة عمره مااتأخر ومحترم.. الاكل ممتاز وأنضف من أي فراخ كلتها من برا الحقيقة
5270,أنا جربت جميع الاكل ممتاز والاسعار معقول.
5271,"They will say 60 min delivery time, but after placing the order the time will change to 90 min and they will deliver in more than 90 min!!!! And when you complain to El Menus, they will say that this is the restaurant right to change the delivery tim..."
5272,اولا يشهد الله علي كل حرف بكتبه بجد حاجة لا تتقدم لحيوان في الشارع قلة ضمير ومعتادة علي معظم المطاعم هنا بمصر المشويات وصلتني باردة جدا والارز بارد والسلطة تكاد تكون في التلاجه من يومين او ثلاثة تجربة سيئة ولا انصح احد بهذا المكان نهااائيااااا
5273,طلبت اوردر و بيجى معاه العيش ملفوف فى استرتش المهم بنفتح العيش لقيت جواه نمل للاسف كلمت الكول سنتر و رجعت الاوردر و عملت شكوى و كلمنى حد من الفرع و المفروض كانوا يردوا عليا بنتيجة الشكوى بس ولا حد عبر .. تجربة سيئة جدا لا أنصح بيه على الاطلاق
5274,فرع المهندسين - طلبت اوردرات منه في الهرم --يوم الثلاثاء 21-7-2020 الساعه 2 الظهر -جربت عرض الحواوشي الي عاملينه مع اطلب و فعلا ممتاز و طعم الحواوشي تحفه سنه مقرمش و سنه طري مظبوط و طعم و تتبيله اللحمه تحفه و وهميه --يوم الاحد 19-7-2020 الساعه 1 الظه...
5275,المفروض التقييم يبقي اقل من نجمه القصه بالتفصيل طلبت موزه و وضحت في الملاحظات انها تبقي في طبق و الارز في طبق عشان بتيجي مع الدليفري مهروسه في بعض و هذا لم يحدث وطلبت ارز ابيض مكان الفته و هذا لم يحدث و طلبت انها تيجي سخنه او اقرب الي السخونه و هذا ...
5276,"Good taste and quality with good price, I recommend it"
5277,quality and value of money are the main characteristics in this restaurant ElDahan
5278,Good taste and good service . I strongly recommend kebab and kofta and grilled chicken
5279,"Perfect restaurant, really good serice."
5280,الاكل بتاعهم جميل جدا مستوى كويس وتتبيلته ممتازه
5281,اتاخر اكتر من نص ساعة بس الاكل كان سخن و زى الفل
5282,كنت طلبت دجاج مشوي علي نصفين المهم الاكل كان متبل ومستويي جدا برافو بجد ومندوب التوصيل وخدمة عملاء في قمة الذوق بس في ملحوظه مهمه الاكل لما وصل كان بارد ياريت بس الاوردر وهو مع المندوب يبقي جوه شنطة او بوكس بحفظ درجة الحرارة .. شكرا
5283,الفراخ المشوية كانت جيدة جدا متبلة حلو و تسويتها كويسة مفيهاش اي دم او حاجة
5284,"Very bad experience I ordered today from al dahan, the food tasted unusual and very bad, me and my family suffered from painful diarrhea and stomach infection, please TC ordering from this restaurant"
5285,الوجبات الجاهزة التسوية سيئة جدا جدا.. انا جربت الكفتة والطرب عبارة عن دهون فقط ولون الكفتة ابيض مفيهاش لحمة خالص.. وبعد التسوية صباع الكفتة بقى عقلة.. وطعمهم سئ جدا
5286,"Order was hot, Hawawshi, Lamb Chops, Shish Tawoq, Tahina and Marinated Motabal Balady Salads were great Mombar, Vine Leaves and Tarab were poor"
5287,الأكل حلو و نضيف بس يعني من ناحية جودة المشاوي مش احلى طعم. بس دي ضبطة معلمين ما فيش شكوى معينة
5288,الاكل حلو ونظيفه جدااا وسخن ومكرونه قي فرن جميله واسعار حلوه جدااا
5289,الحواوشي السبايسي عالمي السجق الشرقي ظريف الكفته بردو اوك
5290,الفراخ مش مستويه وبتنزل ميه بس الحمام كويس والطحينه ميه
5291,بصراحه زفت أشتريت ساندوتشين من فرع التجمع فراخ بانيه وشيش طاوك ما فيش أسوء من كده كنت حرجع فراخ زفره وليس لها أي طعم وزي ما تكون ميته توبه
5292,المحل ده عبارة عن شوية حرامية. من اسبوع عملت طلب فراخ مخلية كان سعر 1/2 الكيلو 50 جم، انهاردة عملت طلب فراخ مخليه حاسبوني على سعر الكيلو 200 جم. طبعاً ده مش حقيقي، الحقيقي ان اول موظفة خدت مني الاوردر عملت غلط في الحساب، و انا مخدش بالي، ومل زامايلها...
5293,البابا غنوج حامضه و باقي السلطات مجمده، الاكل بارد، الفراخ متسخنه و الطرب ني و لونه ابيض و الكباب كله بيشد
5294,الفراخ والكفتة والكباب ممتاز جدا والاكل جميل
5295,بصراحة من انضف المطاعم كنضافة وكمشويات وبعض الاكلات التانية والرز بلبن بالفواكه اللي عندهم تحفة
5296,"The food is fresh, hot and clean Thank you"
5297,الاكل تحفه فعلا و جه علي طول و كان دافي و تتبييلة الفراخ حلوو جدا بجد تجربه كويسه و ان شاء الله مش هتكون اخر مره
5298,الحمام حلو والرز مستوي كويس جداااا أول مره اجرب الحمام عنده
5299,Good value for money.. respected people
5300,مطعم نضيف جدا والحاجه متغلفه كوويس وملتزم بمواعيد تسليم الاوردر
5301,محترمين والاكل جميل جدا ونضيف والأسعار مناسبة اكتر حد بطلب منه
5302,انا عادةً بطلب كتير من الدهان على أساس انه نظيف، اخر مرة طلبته لقيت دودة كبيرة في الخضار السوتيه، الحمد لله اني متعود اسخن الأكل في الميكروويف قبل ما أكل كان زماني كلتها وربنا يعلم كان هيجيلي تسمم ساعتها ولا أيه.
5303,طرب جاي بارد جدا واضح انه بايت و الممبار سئ للغاية تجربة سيئة جدا
5304,للاسف حبيت ازود حاجه في الطلب بس هما رفضوه و قالوا اعمل طلب زياده بفلوس توصيل زياده لان السيستم بيقول كده حسيت اني بحرك اسهم في البورصه
5305,بصراحه انا ديما بتعامل مع الدهان من كذا ابليكشن بس انا مستغرب جدا انا قولت للابليكشن ياريت الراجل يجي لابس الجلوفز و كمامه بس الصراحه الموضوع جه عكس كده خالص الراجل جه مش لابس ولا جلوفز و لا كمامه ولا في مساحه مابيني و مابينه و الراجل كان عايز يخليني...
5306,اكل ولا اروع ، التوصيل سريع ، شكرا على الخدمة
5307,تجربة مش هتكرر.. الكبده وحشة اوي.. و طلبت ٢نص فرخة من طعمة السئ لسه في نص فرخة في التلاجة.. و بخيل جدا في السلطات.. بصراحة سئ جدا
5308,طلبت اوردر ونسيت ادخل البرومو كود اتواصلت معاهم بعدها ثانية لطلب إلغاء الاوردر رفض تماما اكنه ما صدق
5309,كذا مرة بكلمهم و مع ذلك الفراخ بتيجي نية برضو ، و البابا غنوج حه بايط غالبا بيفورو يعملو جديد
5310,الاكل جالى متاكل منو او بواقى اكل زى الى فى الصورة - تجربة سيئة جدا ومش هتتكرر
5311,"Generally it's a good restaurant, they just need to be more strict with the portions because for example the khalta rice with nuts comes with different portions each time I order. last time it almost had no nuts or liver in it, other times it's accep..."
5312,حضرتك يا فندم ممكن تفتح المنيوز لان احنا محتاجين
5313,الطلب جه بسرعة، سيبنا من إن الطيار غالبا فاكر كورونا دي إشاعة، ولا أي احتياطات وقاية، وسيبنا من أنه نزل ربع ساعة يدور على فكة، وسيبنا من أن مفيش شوك ولا ملاعق، بس آجي آكل الحمام (حمامة محشية بالأرز) ألاقي فيها ترمسة ! لأ كده كثير. الحمد لله أن الترمس...
5314,تحفة تحفة و احسن مرة كلت فيها لحمة مشوية .... حقيقي تحفة
5315,طلبت ٢ نص فرخة مشوية كانوا طعمهم حلو وطلبت ممبار كان متوسط والسلطات طحينة وبابا غنوج تحت المتوسط
5316,طلبت 3 مرات الاول الاكل جه ولا اروعبس البابا غنوج كان بايظ اخر مرتين الفراخ كانت زفره ومش مستويه كويس
5317,حلووووو اووووي باسم مستشفى الهلال العسكرى فعلا رائع تحياتي لكم
5318,اكل سئ جدا والكفته نيه تجربه مش هتتكرر
5319,سلطة البابا غنوج جت بايظة، ريحتها وطعمها بايظة، والعيش جه بايت وميتاكلش.
5320,للاسف تاني مره اطلب اوردر من الدهان ويجي سئ للغاية الاوردر بيجي بارد والفراخ في غايه السوء بصراحه المطعم محتاج يهتم بالجوده والطعم شوية لان فعلا هناك حالة تدني في المستوي ملحوظة
5321,فرخه مشويه جت بعد تلت ساعه من طلب الاوردر !!!!! دا معناه ان الاوردر كان لعميل تاني واتلغي تقريبا وجالنا و خلاص باارد جدا والعيش بايت
5322,El akl fl awl Kan mostwah Kwys w Ana Bt3aml m3ako Mn snen w Kan el t3amol Kwys w el akl helw Dlw2ty t3ml zft w ehmal fl akl w elet zo2 m3a el 3omalaa w kaza Mara ala2y sha3r gowa taba2 el pane w Mara gowa l macarona l bachamel w haga t2rf bsraha hata...
5323,Akl Zy l zft l macarona l bachamel gayale wahda m7ro2a w el tany gayle nay ml wesh w el 7amam nashef w bayet Wl roz l gowah m7ro2 shorbt creamt l dagag Zy l zft w k2ny bashrb mayaa
5324,لقيت حشره زي الجراده في المسقعه .. الله يخربيت القرف بجد
5325,اسوأ مرة جبت ساندويتشات فحياتي من مطعم.. حسبي الله ونعم الوكيل دي صورة انضف ساندويتش جي فالاوردر وكان متلج وبيقرمش
5326,أسوأ تجربه بجد اسم على الفاضي و اكيد مش هاتتكرر تاني
5327,أحلى فراخ مشوية واحلى كفته على الفحم ممتازه والأسعار معقولة جدا
5328,اسوأ تجربة! تأخير ساعتين إلا تلت وقلة ذوق من ديلفري المطعم واكل وحش
5329,المشويات اكتر من رائعة .والدليفري في وقت مناسب
5330,Perfect ❤️
5331,لحد دلوقتي طلبت اوردرين والاتنين روعة...ياريت تستمرو على كدة
5332,لم اجربه من قبل لكن اصدقاي نصحوني ان اجربه وقالو عليه اجمل الكليمات
5333,الاكل سيئ جدا.. الحمام الارز ناشف جدا وطعمه مش حلو خالص والحواوشي طعمه اسوا من اي حاجة كلتها دة غير ان الاكل جه كبه ميه لان الصوص غرق كل الاطباق وكان الحواوشي بايش.. انا كنت بطلبه من زمان بس مش عارفة ايه اللي حصل
5334,مستوى المطعم بيتحسن نوعا ما جربت الكفتة والطرب جيد جدا و جربت أيضا السجق المشوي والشيش بس مستواهم مش جيد مقارنة بمطاعم اخرى ..
5335,في رأيي أفضل مطعم مشويات في التجمع الخامس، أسعاره متوسطة، الخدمة كويسة، الأكل طعمه جميل جدا خاصة الطرب
5336,سئ للغايه ...........................................
5337,مستوى الاكل اصبح سيء و آخر اوردر الفراخ باردة و حادقة جدا
5338,اكل عادي خالص زي اللي بتاكله في بيتك ويمكن اقل كطعم يعني مفيش اي ميزه واسم عالفاضي فعلا
5339,جودة الأكل كويسة والأسعار مش مبالغ فيه. أحسن حاجة فيه إنه محافظ على مستواه.
5340,طلبت منهم كذا مره واكلهم جميل والدليفري بيوصل في الميعاد
5341,طلب بتاعي كان كبده وفراخ.. الكبده بارده جدا و موش حلوة الفرخ طعم مش حلو يارت تحسنو الخدمة احنا دايما بنطلب اكتر
5342,الفراخ بارده و مش مستوية خالص من جوه.
5343,الاكل جميل و سخن..............................
5344,الاكل جي بارد جدا ومتاخر، طلبت طاجن لحمه بالبطاطس
5345,الفراخ المشوية حلوة والنص فرخة حجمها محترم فعلًا والسعر مناسب ومع البروموكود كان السعر عظيم.. التوصيل محتاج يبقى أسرع شوية
5346,كنت دايما بجيب الكباب حلة و بيطلع كويس بس اخر كام مرة كان شبه ني من جوة و من برة كله دهن
5347,ممتاز و اسعارة جميلة بالنسبة للمشويات جربت الكفتة و الكبدة و الفراخ ممتازين جدا
5348,من افضل المطاعم اللي بحبها بس مؤخرا الفراخ المشوية اكتر من مره مش مستويه من جوا
5349,انا طلبت فراخ مشوية وكفتة الاكل جميل جدا والدليفرى سريع والسلطات برضه طعمها حلو
5350,ممتاز فى كل شئ طعم جميل وتوصيل سريع قبل الوقت المحدد والديلفرى فى منتهى الذوق والأدب
5351,انا ادمنت المطعم ده من كتر جماله. كل حاجة معمولة صح وطعمها يجنن. جربت من عندهم الفراخ المشوية والحواوشي والمكرونة بالبشاميل والرز بالخلطة كله تحفة . اقلهم في نظري كان محشي ورق العنب بيعملوه تخين شوية والخلطة بتاعته مش كتير
5352,أكل جميل و مطعم جميل و دليفري رائعرظرطرتططنطممطىكذكذكذكذكذذككذكذكذككذكذككذكذمينيننينيني
5353,الجمعة ١٧-١-٢٠٢٠ فرع المهندسين جالنا لوسط البلد عابدين الاوردر وصل في حوالي ٥٠ دقيقة و ده وقت كويس جدا الاكل كله سخن و دي حاجة برضه كويسة جدا كنا طالبين فراخ مشوية و شعرية باللحمة و المكسرات و فلتو مشوي و ارز بالخلطة و ورق عنب الفراخ المشوية تتبيلتها...
5354,مطعم اكتر من ممتاز محافظ على جودة الأكل اللي بيقدمه
5355,الاكل ممتاز و سخن وحاجة تفتح النفس الصراحة الفراخ المشوية ممتازة الصراحة و تتبيلة ممتازة طعم و ريحة
5356,طلبت منهم كذا مره وكل مره بيجي بنفس المستوى الاكل جميل
5357,كان اول تعامل معاكم بجد الاوردر تحفة السمان المشوي تتبيلته روعة والارز كمان يارب دايما يكون المستوي بالروعة دي
5358,شكرا على الجودة و الخدمة المميزة. جزاكم الله خيرا..
5359,شكرا جدا لمطعم الدهان والعملين فيه.. ماشاء الله كويس جدا... ربنا يوفقهم ديما
5360,تجربة ممتازة والأكل طعمه جميل جدًا ووصلني سُخن وفي وقت قصير وبجد واضح انه مطعم محترم .. أنا طلبت كفتة وطرب وبنصح أي حد يجربهم. من فضلكم استمروا على نفس المستوى :)
5361,سي جدا بارد والدلفري بيتاخر جدا والناس مش متعاونين نهائي اسوا مطعم واسوا ابلكيشن اول واخر مره اطلب منه
5362,الاكل تحفه الفراخ جميله جدا والأرز بالخلطه ماكنتش متصوره أنه حلو كده وخصوصا لما حطيت عليه سلطه الزبادي وميرسي جدا
5363,Good service and good food and good place
5364,طلبت نص كيلو كفته .. وصل لي ناقص تمن كيلو .. هل ده طبيعي ولا ده عدم امانه بما ان الناس محدش بيشوف حاجة ؟؟!!
5365,المشويات حلوة وخاصة الكفته بس اشتريت طاجن مكرونة بشميل مش حلو خالص نرجو الاهتمام بالطاجن
5366,افشل خدمه مطعم في مصر مشفتش غباء بالشكل ده
5367,لي مش بيتوصله ناو ونتوه هيلاقين اني الدليفري لحد ١.٣٠
5368,مطاعم الدهان انضف مشويات ربنا يكرمكم يارب
5369,بجد الاكل كان سئ جدا جدا اولا كان بارد متلج و طبعا نتيجة لكدة كانت الكفتة مدهننة ثانيا الفراخ المشوية كانت محروقة و ناشفة و طبعا كانت متلجة بردو تجربة سيئة مش هتتكرر
5370,"The food is good and full of flavour with good serving size, however, the same order is catered differently at different times. The order placed for boneless chicken was delivered as half grilled chicken. And the order placed for half grilled chicken..."
5371,بحبه الصراحه مع ان مره بيكون حلو و مره لا بس تدبيله الفراخ مميزه ر حلوه اوي و السعر فعلا حلو بس يهتم بالجوده شويه
5372,الاكل كان بارد كنت طالبه كباب قطعتين كانوا عباره عن دهون بس و الممبار كان ناشف و كنت طالبه اكسترا بابا غنوج كان حامض !!! تجربه سيئه جدا جدا و هتبقي اخر مره
5373,Good ******************.
5374,مطعمي المفضل طلبت سكالوب وخضار مسلوق الطعم حلو الكميه معقوله جدا السعر كويس جدا التوصيل سريع
5375,كنت طالب طرب و كفتة مع الحمام بس حطتهم مع بعض عشان اصورهم فعلا طعمهم تحفة فشخ
5376,سيء جدا الاكل جاي بارد جدا و متبهدل في الشنطه
5377,سيء جدا ، لا أنصح به مطلقا ، فراخ محرووقة
5378,بيعجبني فيهم طريقه تقديم الأطباق والكفرات والمشويات بصفه عامه مظبوطه أوي وياريت الأستمرار بنفس الجوده ويستحقوا فعلا التقييم
5379,الفراخ المشوية ملسوعة (محروقة) ، ده مكنش مستواه خالص ، للأسف كسفوني
5380,انا مبكتبش تقييمات فحد بس حسيت من حقهم ان نقول ان الحمام بتاعهم المحشى حلو جدا و خلطته ممتازة و مفيهوش ريحة الزفارة نضيف جدا ، الفراخ المشوية جميلة ، الموزة البتلو حلوة ، الملوخية دقتها قبل كده كانت حلوة برضو بس انا عشان متعود على ملوخية البيت فبفضله...
5381,مطعمي المفضل اكل وسعر ومعاملة ممتاز جدا جدا
5382,فرع ممتاز جدا و الاكل ديما سخن و جميل و ديما اللحوم و الفراخ بتكون طازجه و فعلا يستاهل التجربة التعليق الوحيد هو زمن الطةصيل احيانا بيكون طويل و احيانا بيوصل بسرعه
5383,طلبت عدد 2 نصف فرحة الفراخ كانت كبيرة وكويسه بس من كل نصف فرخة علبة سلطه واحده فقط و خدمة التوصيل 13 جنيه برغم انى لا ابعد عن الدخل عدة انتى فقط
5384,سئ جدا الاوردر وحش اوي الفراخ كويسة الي حد ما ... طاجن اللحمة ببصل اسوأ حاجة في الدنيا عبارة عن قطعة لحم و الطاجن كله بصل بدون مبالغة اسوأ طاجن شوفته في حياتي ...لا انصح بالدهان مستواه نزل جداااا
5385,الفراخ المشويه جميله ومتبله كويس ، بس التسويه عاوزه تزيد شويه عشان اللحم اللي قريب من العظم مخدش التسويه الكافيه ، بس الخدمه جميله ، بالتوفيق .
5386,أكل تحفة بطعم بيتى والتغليف تحفة وتجربة انصحكم بيها لانى تقريبا مش بفتح منيو غير عشان اطلب من مشويات الدهان
5387,الفراخ كانت مش مستوية نية خالص و فيها دم
5388,الفراخ الشيش مش مستوية وفيها دم.. حاجة بجد سيئة جدا
5389,Nice......grilled chicken. Alway a favourite
5390,رائع جدا ممتاز لم اجد افضل من مشويات الدهان
5391,ورق عنب سئ جدا جدا وممبار وحش في الطعم ده شكل اكل من مكان محترم
5392,الفراخ التتبيلة بتاعتنا زياده عن اللزوم والاكل من بره مستوى ومن جوه ني وفي دم لدرجه ان قرفت منها وتركتها وتعبان بسبب المنظر
5393,سىءجدا والفراخ تتبيلتها وحشه جدا جدا وبارده مش سخنه
5394,تجربة الأكل كانت عظيمة جداً الفتة تحفة و الفراخ المشوية حوار ده غير إن الكوارع كانت رائعة بجد عاش جداً
5395,المشويات رائعه جدا والخدمة سريعة وجيدة جدا
5396,ممتاز جدا جدا جدا جدا بس ليه بيفتح متخرر كده بس احله الدهان بي جد
5397,من انصف المطاعم الي اتعاملت معاها فعلآ الأكل بيجي سخن و نضيف و معمول تحفه
5398,لسه واكل الاورد حالا ، بجد روعة ، بسم الله الرحمن الرحيم كده الاورد جه قبل ميعاده بنص ساعة (فرع مدينة نصر) ثانيا بقي و المهم الكباب حقيقي زبدة ، دايب جدا و طعمه حلو جدا و طعم اللحمة البلدى النضيفه اللي مستخدمينها باينة فيه و كمان مفيش قطع دهون او قطع...
5399,"I ordered a Spaghetti Bolognese, fattah, chicken orzo soup none of them tasted good at all. The spaghetti was mushy and felt as if it was just microwaved after it being kept for maybe 3 weeks. The fattah was super salty not tasty at all. The soup lac..."
5400,اكل رائع .. وبشكل مفاجئ برضه وصل بسرعه .. سبب ان تقييمي ٤ نجوم مش ٥ .. ان للاسف لقيت شعره ف الفته .. كانت لقطه مش حلوه .. اول مره تحصل اينعم .. بس برضه مكنش شئ كويس وكان علي وشك يطغي علي جودة الاكل
5401,الكفتة مش مشوية كويس والرز كبدة قليلة جدا وصلصة المكرونة خفيفة جدا لكن الطرب والريش هايلين
5402,الاكل محتاج يوصل اسرع بس بس الاكل الحمد لله كان كويس
5403,الاكل سئ جدا بارد والاستيك مش مستوى كويس اللحمة ناشفة وبيضاء من جوا والصوص مالح جدا النتيجة وجع بطنى طول اليوم آخر مرة هجيب من عندكوا اكل
5404,الاكل كان سئ جدا غير انه هو كان ناقص و عدم اهتمام من المطعم ، و بصراحة المنيوز اهتموا بالمشكلة احسن من اطلب بكتير
5405,الفراخ المشوية جميله والطخينة ممتازة بس الارز قليل شوية علي السعر
5406,الحواوشي رائع.. نظيف مش مزيت.. في علبة محكمة الغلق. .. و الممبار هايل و العلبة تكفي اتنين كويس لو سايد❤❤❤
5407,طلبت موزة ضاني مكنتش مستوية كويس وطعمها مش حلو و سعرها كبير جدا مقارنة بكمية الاكل والرز اللي كان جاي معاها
5408,الحواووشى تحفة..حجمه صغير شوية...بس طعمه جميل جدا..الفراخ الشيش متبلة ومستوية كويس جدا...كذا مرة اطلب الاوردر ده ويجى بنفس الطعم المتميز
5409,الأكل بارد واللحمة مش مستوية والسلطة بايتة الشيء الوحيد اللي كويس هو التغليف
5410,طلبت الاوردر 6:03 واتاخر جامد جداااا مع انهم كانو كاتبين 60 دقيقه والاوردر وصل 7:35 يعني 92 دقيقه ودا مش كويس نهائي مش هتقدرو توصلو في 60 دقيقه يبقي مكتبوش ان زمن التوصيل 60 دقيقه كنت ممكن هفضل محترم المطعم واطلب من مكان تاني حتي لو في مكالمه اعتذا...
5411,الدهان الاصلي فرع المهندسين-جامعه الدول --يوم الاثنين 18-11-2019 الساعه 11 الصبح طلبنا اوردر في جاردن سيتي --طاجن بطاطس باللحمه كان كويس مش مش وهمي مش متسبك حلو و البطاطس مهريه شويه و طعم الصوص مش قوي --فراخ بانيه سعرها غالي جدا بس تتبيلتها الخارجيه...
5412,مطعم مقرف الاكل بشع والدلفري ساعتين وممكن يلغوووه وابلكيشن بشع انصحكم ب اطلب دوت كوم
5413,ااساندوتشات أسوأ حاجه ممكن تاكلها هناك أو حتى تطلبها اوردر انا طلبت والله العظيم ٢ساندوتش بانيه بالجبنه الموزيريلا للاسف الاوردر جالى عباره عن فراخ بانيه ملفوفه جوا عجين ومافيش ريحة الجبنه كلمتهم تفضلو مشكورين وبعتلى تقريبا نفس الساندوتشين فبجد بلاش ...
5414,بصراحة من احلى الاماكن اللى بناكل فيها سواء فى المطعم او دليفرى..الكباب بتلو نضيف و التسوية مظبوطة جدا الكفتة زمان كانت وحشة لكن غيرو الوصفة و بقت تحفة السلاطات كلها جميلة و المكرونة الفرن تحفة الممبار اتمنى يعملو منه مش سبايسى هو و الحواوشى لانهم ح...
5415,طبق ميكس جريل ب 110 تقريبا وغالي والحاجة مش مستوية وجايه باردة جدا والبطاطس مش حلوة
5416,الدهان الاصلي فرع المهندسين-جامعه الدول --يوم الخميس 14-11-2019 الساعه 11 الصبح --جربت الملوخية باللحمه،الملوخية نفسها خفيفه و طعمها مقبول بس مش جامده يعني،اللحمه الي جواها كميتها كويسه و طعمها حلو و طريه --رز بالمكسرات طعمه عادي جدا مش مميز خالص --...
5417,"good prices , love the promos from elmenus aswell"
5418,سئ جدا، الاكل بارد جداً و البيبسي سخن و الورق الملفوف بية الاكل مبلول مياه ريحتها مش كويس ده غير انهم حرامية في الميزان غير مرشح
5419,طلبت منه قبل كدة نصف فرخة مشوية حواوشي ورز بسمتي...الفراخ جميلة جدا ونضيفة وتتبيلتها حلوة عجبتني جداً والحواوشي كان سخن وجميل جداً ومليان لحمة ، الرز البسمتي بس كان مجرد رز بسمتي ابيض مسلوق مكنش واو يعني كان اقل من العادي يعني بس التجربة إجمالا جميلة...
5420,ممتاز الاكل جيه سخن و حلو جدا و الكمية ممتازة
5421,الدهان الاصلي فرع المهندسين-جامعه الدول --يوم الثلاثاء 13-11-2019 الساعه 1 الظهر --جربت من عنده الفراخ المشويه المخليه الي المفروض انها مميزه جدا و تتببلتها رائعه بس للاسف مش ثابته علي مستواه مره كويسه و مره التتبيله مش حلوه انت و حظك --طاجن مكرونه ب...
5422,من احسن وانضف المطاعم الي ممكن تتعامل معاها انصح اي حد يتعامل معاهم احسن مطعم في مصر الاسعار ببلاش واحلي شوربه لسان شربتها في حياتي مع العلم اني طباخ تسلم يا دهان
5423,طلبنا سندوتشات شيش و كباب و كفتة تيك اواي و السندوتشات كانت كلها عضم من جوة. سندوتش الكباب كان محشي ريش بالعضم و الشيش و الكفتة كانه كلهم عضم برضه مش عارفه ازاي سندوتشات بيبقى جواها عضم اصلاً بس فعلياً كان خسارة فيها الفلوس و خسارة فيهم السمعة و ال...
5424,خدمة سيئة جدا الاكل عادي مفهوش حاجة. بس اخدو زيادة على التوصيل 13ج مع اني جمب الفرع يعني واخدين 33ج وكمان موظف التوصيل في منتهى قلت الزوق. عمال يخبط على الباب العمارة بأيده وبيسأل الشارع على اسمي في حين أن رقمي متسجل في الفاتورة معاه لدرجة ان الناس ف...
5425,بعد انتظار اكثر من ساعه الاقي خدمة العملاء في المطعم بيكلموني يقولولي سواق الدليڤري كمين وقفه و اخد منه الاوردر و دفعوا فلوسه و انهم ممكن يبعتوا اوردر تاني ، طبعاً رفضت لاني مش مستعد استنى ساعه تانية على الساعه و عمري ما حثق في المطعم ده تاني اصلاً
5426,الاكل جاي سخن وتحفه بجد تسلم ايدكواا بجد والتواصل جميل جدااا بصراحه واحترام
5427,الاكل طعمه مش احسن حاجة والخضار مش طازة والاوردر واصل ناقص و مش زى ما مكتوب فى الوصف خالص
5428,الأكل جودته محترمه جدا ومخدوم والتغليف ممتاز والطعم رائع... السلبيات كالعادة الأكل بارد شويه ومدة التوصيل 80 دقيقه ده وقت كبير جدا بالنسبة لأي شخص بيطلب دليفري حتي لو الاوردر مش كبير لكن الحقيقه الدليفري جيه قبل مايخلص الوقت ب 10 دقايق... كمجمل تقييم...
5429,"Very cold, slow ......................................................"
5430,الاكل جه بارد جدا البطاطس كانت طريه و مبلوله الفراخ مشويه جامد لدرجه انها اتحرقت
5431,الاكل جه بسرعه بس الكفته كانت برده وطعمها مش قديم. غير طبعا مشكله الوزن طالب ١/٢ كيلو جه قرب الربع كيلو. حرام الجوده بتاعت الدهان تنزل للارض كده.. ده كان احسن مطعم كباب في التجمع ...
5432,الاكل وهمي والدقه ف ااتوصيل والاكل في منتهي النضافه
5433,Good service Good taste Refreshing place
5434,مطعمي المفضل دقه في المواعيد طعم جيد كميه معقوله سعر مناسب وكمان تخفيض ٤٠%
5435,طلبت حمام كان سيئ جدااا فوف الوصف ونص الرز معجن ولونه ابيض وباقى الرز محمر ومش معجن فى نفس الحمامه !! اعتقد بسبب انى طلبت بكود خصم .. لأننا قبلها بأيام طلبناه فى فرع الرحاب فى الفود كورت وكان هايل جدا راجعوهم فالكلام ده ليه بالخصم بيبعتو اكل سئ .. ل...
5436,اسواء تجربة اكل في حياتي....... الفراخ نيه و عليها التتبيله بتاعتها حاجه قمه في القرف كل ده علشان طالب ب برومو كود حاجه زي القرف
5437,طلبت حواوشى كان سئ جدا جدا جدا لدرجة انى كرهت اكل الدهان كله ريحته كانت بشعة وطعمة ابشع و نى اصلا كمان رميته كله
5438,انا بطلب علطول نصف فرخة مسحب. هااااايل لا تسلم ايديكو
5439,خدمه ممتازه جدا واشكرهم جدا على التعاون الرائع
5440,الوزن اقل من المطلوب بكثير .. رجاء من من يقوم بالشراء التأكد من الوزن .. سرقه علنى ولن اقوم بتكرار التجربه
5441,الاكل ممتاز والتوصيل قبل المعاد المحشى والكفته
5442,بصراحه طلبت فراخ مشويه منهم كذا مره طعمهم تحفه و سخن وجميل و متحدق حلو اوي
5443,ممتاز سواء صالة او توصيل شكرا لكل العاملين
5444,The food was excellent it came fast and well cooked
5445,بصراحه الاكل طعمه حلو خصوصا الموزه البتلو طبق اكثر من رائع...
5446,كل شكر وتقدير المطعم والمنيو بجد الناس محترمه اقدرو الطلب بتاعي في المعاد بظبط والجو والمطر والرجل للي جايه في المطر شكراً ليك وشكراً جزيلاً برنامج المنيو
5447,الاوردر بقاله ثلاثة ساعات ونصف ولم يصل حتي الآن هل هذا حلال ام حرام سوف اتصل بمطعم آخر يحترم الزبائن
5448,Its amazing. I ordered so many times and its delicious every time
5449,الاوردر وصل متاخر و اطباق الممبار كان نصفهم فاضي و عند وزنه وجدت انه لا يكمل ١٥٠ جرام و ليس ٢٥٠ جرام كما كان العادة فمن الواضح ان هناك سرقه تحدث
5450,طلبنا سمان مشوي جالنا سمان محروق وناشف وحالته بالبلا! بالرغم من اننا كتبنا في الملاحظات تنبيه انه مايكونش ناشف زي اخر مرة. فجالنا اكثر جفافا!!!! سىء جدا الحواوشي حلو
5451,بجد عمرى ماكنت اتخيل سوء الاكل و مش شوفت اي ريفيو قبل ماتشتري منكم الاوردر وصل بعد ساعه و شويه و قولت ماشي بس كمان كميه صغيرة جداا علي الفلوس اللي ادفعت و حقيقي بالمبلغ اللي دفعته و تغليف زفت زفت
5452,بعد شكواي الأول المنيو والمطعم الدهان تم إعادة أورد وتم إصلاح الخطء وطلبت فراخ ورز با الكبده كان طعم جميل جدا
5453,potatoes with meat tajin is too small of a portion for a grown-up.
5454,جربنا الكفتة المشوية. حلوة بالرغم من اطرافها جت محروقة شوية. بس عموما ده وارد يحصل في المشاوي. الطعم حلو والتغليف كويس والديلفري في وقته
5455,Good tasty but small quantities and over priced
5456,الفراخ تمام ، لكن الرز طبق صغير جدا وغالي
5457,خدمة عملاء زى الزفت الاوردر جه ناقص وبكلمهم يقولى لا الاكل طالع مظبوط من عندنا راجع الدليفري . حاجة قذرة جدا
5458,طلبت من فرع المهندسين . حواوشى و كفته و سجق و ممبار . الاكل جه ناقص واتصلنا كان الرد ان مفيش اورد بيطلع ناقص من المطعم . ده بالاضافه ان الاكل سواء الكفته او السجق طعم سىء جدا تقريبا السجق اترمى كله . النجمه دى علشان الحواوشى كويس غير كده زفت .
5459,53 L.E for delivery fee what am i ordering from American hello?
5460,طلبت النهاردة فراخ مشويه و فته بالموزة اللحمة جايه بايظه و ريحتها فظيعة ة متاكلتش كلمت المنيوز كلمه الدهان و قال حيتواصل معايا و طبعا و لا اتصل و لا اعتذر
5461,Online ordering not work with offers whyyyyy
5462,شوربه كريمه الدجاج فظيعه تهبل ❤ سندوتشات الكفته كان ف عيش سوري الكفته نفسها كانت حلوة لكن العيش كان صعب جدا
