,comment
0,وقت التوصل كتييييير اوى
1,الطعم مش افضل حاجة
2,🐷
3,الاكل بارد جدا و الطعم فى قمة السوء و توجد وجبه غير مسواه جيدا
4,that was amazing 👏
5,الحاجه مكنتش سخنه والطعم مكنش قوي الطحينة المرفقه مكنتش فريش لكن الكميه مناسبه
6,الأكل ساقع
7,i
8,عاملين عرض والتوصيل ب٤٥ جنية ، خمس دقائق فقط من المطعم للبيت .
9,good
10,الاكل كله مجلد و طعم سيئ و وصل متأخر عن ميعاده اكتر من ٤٠ دقيقة
11,الاكل بارد ومش فريش وحاجة تقرف
12,rice and sauce were not edible.
13,الكفتة مش حلوة الفراخ ممتازة
14,الاكل كان بارد جدااا تجربة سيئة
15,السندوتشات حجمها صغير للغاية غير مناسبة تماما . اسوأ تجربه من بريجو منذ فتره طويله و لن أقوم بتكرار الطلب منه مره اخرى
16,بس جي باااارد
17,منبسطتش بالتجربة الصراحة. صوص الماكسيكان حطوا بداله كاتشب و الرز قليل.
18,السندوتشات حلوة ونضيفة جداً بس في مشكلتين الاولانية ان سندوتش الفراخ كان مليان فلفل وبصل بزيادة اكتر من الفراخ والتانية ان السندوتشات غالية اوي علي حجمها الصراحة
19,الاكل مش حلو والرز بارد
20,للاسف الشيش كان فيه زفر
21,الاكل كان بارد مع انه مخدش وقت فالديلفري
22,الفراخ كانت زفرة جدا جدا للاسف
23,اسواء حاجه دوقتها فى حياتى الصوص الى على الرز يا ريت تلغوه اصلا غير كده تمام
24,الأكل كان بارد والبطاطس مجلدة
25,The portion was a bit small and left me still hungry
26,الاكل وحش جدا الفراخ زفرة و جاية بدمها و حاجة في منتهي القرف تجربة وحشة جدا وحتي التومية حمضانة
27,الفراخ فيها حتت زفره جدا
28,الاكل بارد اتاخر ساعتين اسوا خدمه
29,تحفه
30,١٠٠ ١٠٠
31,الاكل بارد والكواليتى سيئه للغايه
32,👍
33,الكمية قليلة جدًا
34,‘
35,Not cooked
36,كمية الأرز صغيرة جدا
37,أكل لذيذ ووقت التوصيل ممتاز
38,Great
39,Old and stale burger bread + wings were over-bunrt and fries cold and saggy
40,اتاخر جداا
41,الفراخ المشويه بجد تقرف
42,"We ordered through their hotline. Half of the order was missing. when we called back they refused to send the rest, nor to refund us !! SHOCKING"
43,الرز كان قليل والفراخ كانت عايزه تستوي اكتر
44,انا جالى سندوتش فراخ محروقة ، ندمت انى طلبته ومش هطلب تانى
45,الفرخه كانت باردة وطعمها سىء جدا
46,Ddcvvg
47,the sandwich came cold and taste wasn't as expected
48,سئ جدا جدا جدا الكل وصل بارد ولارز والفراخ سيئين للاسف
49,Y
50,الفراخ جت صغيره جدا غير كل مره
51,Kofta’s taste was not as expected
52,فالعادي الكل حلو جدآ، آخر اوردر رميتو فالزباله، الكل كان بايت لون الفراخ مش تمام
53,كفتة كان فيها دهن كتير
54,.
55,To7faaaaa
56,Everything was spilled in the bag sandwich was sogy
57,صراحة التوصيل والباكج كويسين بس الشيش كان مدهنن اوي
58,cocoacola bottle was open and half of it already spelled in the bag
59,الاكل كان بارد جدا
60,I did not receive the order as i cancelled it from the restaurant it self and the money didn’t return back
61,very late
62,احلي وجبة فراخ
63,"Very poor quality, delayed dilevery, not fresh."
64,سيء جداااا والسندوتش الفراخ مش مستويه
65,ان
66,الاكل اتاخر ووصل بارد والسندوتشات مالحة والعيش باش من طول مدة التسليم
67,Nice
68,وصلني ما لم أطلب
69,The order is 100% wrong and came tasteless and I need to call some one urgent
70,العيب الوحيد ان الاوردر بينأخر
71,و
72,للأسف الشديد معدتي تعبت جدًا بعد ما اكلت.. المفروض ان بريجو كان من انضف المحلات اللي بتقدم اكلات جريل نضيفة لكن مش هكرر التجربة تاني للأسف.. بالاضافة للسعر العالي ع الجودة والنضافة
73,الطيار اتأخر وكان عاوزنى اقابله فى شارع تانى عشان استلم منه ومدخلنى فى مشاكله الشخصية بشكل مستفز.. طول عمركم بتتعاملوا مع ناس محترمة، بلاش تنزلوا مستواكم بالناس دى.
74,offer
75,الفراخ غامقه
76,طلبت الاوردر وكتبلي إنه هييجي بعد ساعة، عدى ساعة واتصلت بالمطعم قالي الأوردر متضربش اصلا وإن الخطأ منهم هما مش من المينيوز وإني هضطر استنى ٤٥ قيقة كمان إهمال وعدم تركيز
77,no delivery
78,عدم وجود الطحينه
79,البرجر محروق ٢ ساندوتش و الطعم ليس جيدا
80,Thanks
81,ً
82,الاكل بارد وطمعه وحش جدا لاسف سيء للغايه تجربه بشعه وصل بعد ساعتين تقريبا
83,سئ جداً والكفته بارده ومالحه
84,الاكل جه بارد جداا و متاخر جداا
85,Food was cold
86,حلو
87,الأكل كان تمام بس الطيار اللى جاب الاوردر قبلها بيوم كذب وقال انه عمل حادثة وخلى واحد يتصل بيا يقول انهم نقلوه المستشفى. طبعاً مكانش متوقع ييجى على نفس العنوان يومين ورا بعض وشكله كان زى الزفت، ولما حبيت ابلغ الدعم الفنى محدش رد.
88,Bad
89,"Worst meal ever , the driver was the only good thing about this experience"
90,الاكل جالي بارد جدا و الشيش طلووق و الكفته مش مستويين و كلمت خدمه العملاء رفضو يرجعولي المبلغ
91,late order
92,taste wasn’t as usual and the bread wasn’t fresh and chicken was rough
93,very bad 😞 unfresh
94,الاكل بتاعكم بقا سئ جدا
95,Great quality and portions
96,Portions are so small comparing with price and other restaurants
97,الاكل كان طعمه مش حلو وبارد
98,Ss
99,It came with tomatoes even tho i asked for it without but ok
100,كمية الارز اللي مع الفرخة غير كافي
101,جالي بدل بطاطس اوريجنال بطاطس كراتشي ووقت توصيل سئ جدااااااااااا
102,تم حدوث مغص وإسهال
103,مش حلوه
104,الرز كان مش مستوي وفيه قطع فراخ محروقه ومفحمه، عيب جدا لما مطعم كبير كده ويطلع وجبه بايظه.
105,المفروض الطلب عباره عن فرخه كامله المرسل 3 ورك وواحد صدر
106,Too little portion
107,الرز مكنش مستوي وناشف جدا الكول سلو وحشه جدت منغير صوص ولا جزر واكنهم قطعو كرنب وحطوه منغير اي إضافات دا غير ان الاوردر جالي بعد ساعتين تجربة سيئة
108,Very o
109,الفاهيتا كله فلفل الحشو قليل جدا مش هشتريه تاني
110,the breast wasn't really white meat I think it wasn't a breast however the taste was nice
111,some packages open and food may be taken!!
112,ممتاز
113,portions are very low for the price .. the food was good though
114,Good
115,العيش كان بايت
116,I ordered french fries and then they bought me crispy fries instead of it
117,اكتر مطعم بيتأخر الطيار معندوش مشكلة المطعم هو اللي بتاخر
118,الاكل كان سيء جدا جدا
119,Rice wasn’t fresh and chicken wasn’t well done
120,ص
121,Rice is too little
122,"Extremely slow delivery, almost 2 hours to get our food!"
123,"I informed the restaurant over the phone that I cannot have any type of onion in my orders. Despite that, my order was ignored, and the Mexican rice was served with onions. I couldn't eat it."
124,تحفه بجد البرجر خطير وتحفه
125,مش أفضل حاجه
126,الاكل دايما بيجي بارد
127,طلب الكفته بإضافة ارز وجاء الطلب بدون الارز
128,الارز حاطين كاتشب بدل ال صوص الفراخ محروقة و مش حاطط فلفل اللوان
129,أ
130,الرز كان سئ جدا وصوص الاسبايسي
131,Portions are not equivalent to order’s value
132,شئ مقرف
133,"portions were little, rice &bread"
134,He
135,مش عارف ليه ضايفين كاتشاب على الرز المكسيكي، طعمه بقى وحش اوي
136,سئ للغاية و الفراخ كانت بايظة
137,الكمية قليلة جدا والفراخ فيها احمر من جوة والتوصيل متٱهر جدا فوق الساعة ونص
138,the food was cold
139,"The kofta had chunks of bone and cartilage, which was quite disgusting."
140,الطلب اتأخر جدا. الكول سلو ناشفة ومش متقطعة كويس. البطاطس مقلوبة في الكيس ومبعثرة وسط بقية الحاجات.
141,طلبت كيلو شيش طاووق انا و علتي الاكل وصل متأخر نص ساعة كاملة و الكيلو وصل ٧٠٠ جرام بكلم خدمة العملاء بيقولي يا فندم اصل احنا رجعنا لمسأول الجودة بيقول القطعة الواحدة ٤٠ جرام قلتلك انتو كدبين لأن و انتو بتبيعو بتقلولو أن القطعة الواحدة علب الاقل ٤٥ جر...
142,مستلمتش الاوردر. نصابين
143,للاسف الفراخ وحشة جدااااااا
144,الاوردر مجاش
145,Pepsi was very hot
146,الاكل وصل متأخر ٤٥ دقيقية
147,موت
148,للاسف الاوردار لم يصل وبعد الاتصال بخدمة العملاء اتضح عدم عمل اوردار اصلا
149,The tahini sauce was spoiled.
150,The rice in not cooked
151,الصوص مش مققول كويس ودلق كثير منه في الكيس
152,التوميه بايظه واحجام الفراخ صغيره جدااااااا
153,باكل شطه
154,الكفته نيه للاسف
155,The taste was horrible and no meat in kofta!
156,التومية بايظة و العلبة كلها متبهدلة من برة و الرز مالوش طعم تجربة سيئة جدا
157,التوميه كانت حادقه وخفيفه جداا والرز مكنش طازه نهائي
158,الطحينه جات بايظه و منتهيه الصلاحيه
159,التوميه بايظه!!!!!!
160,البطاطس كانت نقصة النص
161,توميه جت بايزه!!!!
162,Tomia was poisioned
163,نص الكميه محروقه...مافيش حد بيبص علي كواليتي الاكل
164,الفراخ مش مستويه كويس فى دم موجود وتقريبا مأكلتش منها حاجه
165,trash food
166,الاكل تحفة جدا و الكمية حلوة جدا
167,الاكل زفر
168,cold food
169,طلبت فرخة كاملة و الفراخ مش مستوية كويس و فيها دم من جوه
170,الطعم جيد بس مش ممتاز
171,"This was the worse chicken I ever ate. It looked and tasted, but especially looked, fake. They were chicken thighs but for some reason there were weird bones for thighs. We threw the food out. They may have other better choices but the chicken I had ..."
172,الاكل حلو بس جاي بارد والعيش بايت
173,Order missing dark meal sauce
174,رائع
175,محتاج سوا أزيد شوية
176,اتاخر والاكل جه بارد
177,الاكل كان بارد جدا جدا جدا
178,الأكل كان بارد وطعموا مش حلو
179,الاكل كان وحش جدا وبارد والعيش مقطع واللى جوه الساندوتش واقع جوه الكيس
180,الطعام لم يصل
181,مفيش توابل فى الكفتة
182,"potatoes are cold Idon,t like it"
183,الكفته بس ماكنتش مستويه والبصل كان كتير بس اول مره طلبت الاكل كان تحفه
184,was small
185,Never request from Them Bad quality 3 hours delivery No call center Menus will not support you
186,الفراخ كان طعمها حلو والتتبيله حلوة جدا ماشاء الله بس الرز بصراحة طعمه كأنه بايت
187,Not cooked well
188,"I ordered one burger and one chicken, i got 2 burgers, but they were good and i was very hungry"
189,Order arrived a bit cold and there missed the tahini souse
190,الاكل جاي بارد جدا جدا والشيش مش مستوي كويس
191,Value vs cost is not good
192,الساندوتش جه عليه طحينة برغم اني طلباه من غير والكفتة كانت نايه
193,الاكل جه بارد ومتاخر ....غالبا المندوب لف بيه كتير قبل التوصيل . للاسف الطعم باظ خالص وجلد .
194,Very bad
195,برده تسوية الشيش طاووك مش حلوة
196,اتأخر اوي
197,الطلب اتاخر ووصل بارد جدا مطعم غير مهتم بالملاحظات وخدمة العملاء غير مهتمه ايضا
198,missing kofta inside meal although i paid for it !!
199,الفراخ لونها اسود وبايظه وسيئه جدا totally disappointed
200,الفراخ محروقه
201,حلو اوووووي
202,Was cold and the chicken got my stomach aches
203,سندويتش التشيكن حلو جدا ، صوصات الوجبه مش احسن حاجه
204,قمة في الغباء و الاحتيال انك تطلب ٤٠ جنية دليفري حين ان معظم المطاعم بتاخد ١٩ جنية. انا شفت علي المنيو بتاعكم الف مرة و بسبب ال ٤٠ جنيه دليفري قررت الف مرة اني ما اطلب منك. غباء اداري
205,اخر مرة الفراخ كانت وحشة اوي غير الجودة اللي متعود عليها منكوا خالص
206,الاكل بارد وطعمو يقرف غير الدلفري الجي يتخانق ومش راضي يمشي غير لما اتفعله الفلوس تاني كاش مع العلم انها متفوعه فيزا اصلا
207,الاوردر وصل متأخر جدا وناقص مشروب الكوكاكولا
208,Chicken was raw with blood in it.
209,الاوردار اتأخر اكتر من ساعتين و الأكل جاي بارد
210,It came cold
211,حاجة منتهي القرف
212,bad support and delivery
213,الاكل ناقص
214,طلبت وجبة نصف فرخة من علي التطبيق وطلبتها regular للاسف الوجبة وصلت واول ما تذوقها شعرت بنار ولعت في فمي لدرجة ان شفايفي ورمت من كتر ال spices اللي في الفرخة طبعا ماقدرتش اكمل ورميتها في الزبالة لاني بصراحة شكيت انها اصلا مش سليمة ولا تصلح للأكل علش...
215,we asked for the food to come at iftar 5:59 PM but it came at 4 pm
216,الطعم جيد لكن الكميه قليله على السعر
217,الاكل اتأخر اوي وكل مرة بيتأخر بيعدي اكتر من ساعتين ويجي بارد جدا ومالوش طعم والصوص اخر مرة كان سئ جدا
218,سئ جدا ومحدش بيرد من خدمة العملاء والاوردر اتأخر عن معاده اكتر من نص ساعة
219,اسوء مطعم و يخلي الواحد ميطلبش من الابلكيشن تاني لسوء المعاملة
220,الفراخ سيئه جدا
221,الاكل للاسف ساعه الفطار جوده اقل الكميات اقل ولقيت شيش طاووك مقطوع وكفته محروقه
222,تمام
223,الفراخ ريحتها زفاره
224,العلب وصلت مفتوحة و الرز مقلوب
225,سيء للغايه
226,سىء جدا محدش يجب منه فى رمضان الفراخ صغيره جداو يتأخر جدا
227,البطاطس كانت مجلدة ومش فريش والاكل وحش اوي!!!!
228,"The fault really lies with both Prego and ElMenus, Prego didn't bother to let me get in touch with their customer service although I called for 4 times, and ElMenus whose support structure is a joke with a retarded chatbot"
229,دايما العلب بتوصل مكسورة و مدلوقة
230,العلب بتوصل مكسورة و الاكل مدلوق
231,فيه طبق جه بالغلط
232,كان المفروض الطحينة تيجي مع وجبة الكفتة ومجتش والتغليف مكنش احسن حاجة حاطين كله فوق بعضه من قلة الاكياس يعني
233,لا يمكن ان يكون افضل
234,Why full chicken comes always cuter usually comes full chicken
235,سيئة جدا
236,طلبت وجبة الملوك وسعرها ب الرز 340 جنية. الفراخ و الكفتة و الشيش كويسين لكن مش افضل جودة و الفراخ سبايسي جدا لو محدش بيحب الاسبايسي لا يفضل يطلبها اسبايسي. الاستيك سئ جدا بشكل مش طبيعي. بشكل عام بنفس السعر ده في مطاعم تانيه بتقدم اختيارات افضل بكتير.
237,bad
238,الحقيقة غير الموجود في الصور دة غير اني استلمنا الفطار بارد
239,Very good
240,الاوردر تاخر عن الفطار ساعه
241,الاكل و سرعة التوصيل و سلوك الطيار كله ممتاز
242,تمام زى الفل
243,السعر مرتفع بالنسبة للقيمة المقدمة
244,الكفتة مش حلوة.
245,الارز مع وجبه حادق او حراق معرفش وانا طالباه عادي مش سبايسي وطحينه طعمها ملهاش طعم محبتش خالص
246,Lateeeee
247,كان سئ الاكل
248,البطاطس جاية متلجة والاوردر اتئخر ساعه عن معادو حاجه غير مهنية ابدا
249,الاكل سيئ جدا و الكفتة مجمده طعم سيئ جدا جدا
250,الفراخ مش مستوية
251,الاكل بحد كان بارد جدا والطعم الحلو اللي في السندوتش كان مش باين عشان السندوتش وصل بارد جدا
252,تتبيلة الفراخ ممتازه و التغليف بتاع الوجبه نضيف و ان معاها عيش دي حاجه مميزه .. ان شاء الله هاطلب كتير منكوا
253,Aldrink fanta orange مجاش مع الاوردر
254,Garlic Dip was missing in my order.
255,الاكل كويس بس الطحينة كانت مالحة قوي
256,جزاكم الله خيرا
257,👌🏼
258,اكل سئ جداا و مالوش طعم و جاى بارد
259,بجد اكل سبايسي جدا غير محتمل ووقت توصيل عدا ساعه وتلت وخدمه عملاء مطعم او ابليكشن سيئه جدااا ولا استفدت حاجه تجربه فوق السئ بمراحل
260,الرز مالح
261,Probably stale and reheated... AGAIN!
262,الطعام طازج وطعمه حلو
263,كمية الرز قليلة
264,تعليق الوحيد انه اخذ وقن كنير حوالي ساعه
265,ممتاز و محافظ علي جودته من سنين
266,everything was great
267,الاكل كان بارد
268,غالبا ده مش بريجو الاصلي لا الطعم و لا التغليف ولا اي حاجه تدل ان ده بريجو
269,ممتاااااااز
270,الكل مافيهوش صوص
271,كميه الارز قليلة جداً بالمقارنة بلارودارات السابقة هذا المرة والمرة السابقة لها
272,الاكل نضيف جدا و جودته ممتازه بجد underrated ❤️❤️
273,مكانتش متسويه حلو اول مرة تحصل
274,الاوردر جه سندوتش شيش
275,Late delivery
276,الاوردر مفروض يجي ٦وربع مجاش لحد دلوقتي ٧ونص خدمة زففففت
277,الساندوتش معقول قوي بس البطاطس مجلدة وباردة جدا
278,The taste was so salty
279,الاورد اتاخر والاكل جيه باارد والفراخ طعمها مش حلو وهى بارده للاسف !!!!
280,وجع بطن لمده يومين اكل فى منتهى القرف
281,Chicken breasts were so tender and melting in the mouth
282,الاوردر كله ممتاز بس سلطه الكول سلو مش حلوه
283,الفراخ الشيش مش مستوية كويس وطعم صوص الرانش سيئ
284,perfect
285,للأسف مش طازج ومالح
286,"The flames sandwich, the chicken wasn’t cooked enough! It was raw"
287,very cold
288,ورك الفراخ زفر جداا للأسف! الشيش طاووق جميل والكفتة متوسطة
289,جيد
290,الأرز قليل جدااااا .. ..الاكل حلو لكن الكمية مش متناسبة مع السعر ابدا
291,الطعم كالعادة ما فيش أطعم من كدة دايما مشويات برجو في حته تانية زبونكم الدائم 🌹
292,السندوتش طعمه حلو علشان السوس والشيدر ولكن مكنتش متوقع أنكم متقدروش تحطو في السندوتش ال كان ب ٢٢٢ وبقى ١١٩جنيه اقل من ١٥٠ جرام فراخ.. ده مفهوش ٥٠ جرام وشاكك انها فراخ أصلا . كانت اول وآخر مره ،مش هعيد تجربتي معاكم. شكرا
293,ساندوتش الفراخ الفراخ مش مستويه و طعمها سيء جدا الفراخ المشويه كانت عاديه
294,الاوردر طعمة مش زي كل مرة الفرخة صغيرة وباردة مش حارة. زي ما أنا طالب والأرز قليل جدا
295,مع الاسف أول مرة من بريجو الاورد يجى بارد سواء الساندويش أو البطاطس واضطريت أكلهم باردين بس الطيار بصراحة جه قبل الميعاد المكتوب على الابليكيش طعم الساندويش كويس بس طبعا بارد وهكذا البطاطس
296,Was not good like before and the tehini was spoiled
297,The meal was missing item (Rice)
298,"missing bread, other wise great"
299,الأكل قعد أكثر من ساعتين بضبط عشان يجي لدرجة ان الولاد مقدروش يستنو و طلبنا ماكدونالدز فين بقى بعديها بفترة جه، و فالأخر بعد كل ده نلاقي ان طبق الشيش غرقا كميت ملح غير طبيعية، هل ده عقاب من المطعم عشان دافع بالفيزا اونلاين عن طريق الmenus، على العمو...
300,كمية الرز قليلة اوي
301,الطعم سيء لأقصي درجه
302,برجاء مراجعة الصلاحية ... الفراخ اللي وصلت لينا كان فيها رائحة حموضة... وبها لزوجة... مما يدل على أنها خرجت من الثلاجة قبل التسويه وتركت فترة طويله انهت الصلاحية... الخطأ من جانبنا اننا طلبنا اودر الطعام بعد العاشرة ...ودة آخر اليوم والبقايا..
303,the breast wasn't looking like a breast
304,"1 اتاخر اكثر من نصف ساعة مع العلم متعارف من كل محلات حدايق الاهرام ان التواصل عبر الواتس اب بسبب الشبكات واضكريت اتصل بخدمة العملاء 2 الفراخ جاية محروقة وملحة لسبب ده يبدو انها مشوية مرتين والخبز بايت جدا السعر غااااااالى ع الطلب, طعم وخدمة سىء"
305,System at restaurant didn’t show the order and was reordered with new delivery time
306,too salty the rice is too oily chicken burnt from outside & not fully cooked from the inside.
307,الساندويش والبطاطس جت باردة واضطريت أكلهم باردين
308,I didn't receive my order
309,الفراخ ناية والاكل ساقع
310,البطاطس كل مره بارده جدا
311,the food was warm
312,الاكل بارد
313,وقت التوصيل كتير جدا و الاكل جه بارد
314,"The food was very cold and the ranch sauce was rotten/ expired, worst experience ever"
315,طعم الفراخ غير متبل و غير مرضي تماما لازم الفراخ تتبل كويس علشان ما تكون طعمها غير طيب و خاصة مع عدم اضافة توابل جيدا
316,الشيش طاووق كان محروق وطعم وحش ، ده غير التأخير الي ديما بيحصل ولازم اكلم الدعم عشان يبلغوا المطعم!
317,"Never happened before, but the salad this time was not fresh and a bit smelly + taste was obvious: something is wrong!"
318,الطعم كان ووحش والفراخ ليها رايحة مش حلوة خالص
319,لو الأكل بيطلع من الزبالة كان بقي أنضف من كده شئ مقزز لا يصلح أكل لبني أدمين
320,الرز المكسيكى كان سىء
321,الفراخ فيها زفاره
322,كل شيء جميل شكرا
323,الفراخ زفرة جدا
324,"inaccurate description, rice was missing from all the dishes"
325,الفراخ كانت نيه 🙂
326,الاكل كان بارد جدا و الساندوتش حلو اوى بس نسبه ال chicken قليله جدااااا
327,The rice portion is very small.
328,الأوردر جه بارد متلجد عشان الدليفرى اللى اتأخر إن شاء الله مش هطلب من عند بريجو تانى و بذات من المنيوز لأن الخدمة سيئة جداً مفيش اى دعم و لا خدمة و لا حاجة المنيوز سيبين العملاء منهم للمطعم كدة اللى هو اولعو فى بعض طب أنا بدفع خدمة ليه على المنيوز
329,حجم الفيليه صغير شوية
330,مكتوب بيج كولا و جت كوكا كولا..
331,الاكل جي ساقع و وحش جدا جدا البطاطس سخنه والساندوتش مثلج يعني العيب في المطعم مش في الدليفري اخر مره اطلب منكم
332,Not good
333,Bad experience
334,Chicken supreme sandwich supposed to be French bread as per pictures but it come on bun which is very bad experience
335,الرز قليل
336,الطعم سيئ والكواليتي تعبان بيستخدموا خامات سيئه
337,الرز كان مش مستوى و تتبيلة الفراخ مبقتش حلوة زى الاول
338,الارز كان ني
339,زودو الرز ياريت
340,الاكل اتأخر جدا ووصل بارد جدا جدا
341,♥️♥️
342,الاكل طعمه حلو جدا ووصل سخن الدليفري وصله بسرعه وكان زوق جدا ومحترم
343,الاكل كان فيه زفره معرفش ليه خصوصا الفراخ المشويه
344,أسوأ أكل كلته في حياتي جايبينه من الزبالة
345,الطلب أخد ضعف الوقت، حوالى ساعة وربع زيادة. ولما وصل كان الأكل بارد والعلب والأطباق مخبوطة وبايظة. المطعم كويس وبنتعامل معاه بقالنا سنين لكن الطيار اللى جاب الحاجة مش بتاع شغل وكذاب وكان بيتكلم بطريقة مش مظبوطة وأكيد كان تحت تأثير مخدر.
346,رز الفراخ كانت سيئة جدا والشيش كان وحش وكمية الصوص كانت كتير جدا وموع نفسي
347,اسوء اوردر طلبته، الفراخ واضح جدااا انها مش تمام من كتر التوابل و من كتر ما العضم دايب و طعمهاااا سيء لابد الحدود،،، والله ياريت توقفوا تعامل مع المطعم ده مدام بقى بالسوء ده
348,2 hours late and cold meal.
349,اكل جه بارد وفي طعم مش كويس
350,الكفتة كان فيها حاجات بتمط في الاكل كتير و مش نضيفة و الفراخ شويها مكملش الجلد كان لسة ابيض متشواش
351,بس نسي العيش
352,Perfect very clean
353,جيد جدا...لكن كميه الارز قليله...
354,الشيش كان زفر
355,Not fresh
356,stop using cockacola
357,الفراخ كانت محروقه !!!!
358,the food tasted good and I ordered rice however there was not even enough rice to fill a small bowl
359,Boycott
360,بلاش تستخدموا منتجات مقاطعة في منتجات مصرية احلي بكتير
361,الطيار رجل محترم جدا
362,الوجبة وصلتنى مقلوبة جوه الكيس وواقعة من العلبة .. الارز والفراخ واقعين جوه الكيس والعلبة فاضية وحاجه سيئة جداجدا بصراحه
363,لا يستاهل ثمنه سئ طعم و كميه و كله
364,الديلفري حاسب اللي استلم منه الاوردر وخد منه تمن الاوردر بالرغم اني دافع ڤيزا
365,there was a technical error and the order didn't show up yet
366,مكنش احسن حاجه مش زي كل مره
367,I paid extra fees to get two chicken breasts and they send the order without the breasts
368,الارز سئ جدا جدا جدا
369,"Taste is so bad it was bad experience , rice and chicken even Tehena salad were very bad taste and quality"
370,الطعم مش احسن حاجة خالص غير وجع البطن
371,was disappointed to discover that your are selling a boycott product where there is a plenty of alternatives for coca cola
372,The driver got away with my 3 pounds and I called him back but he refused to come back and give me
373,I got fucking food poisonong and kept throwing up all night. worst things i have ever gotten
374,مالح شوية
375,الاكل وحش جدا جدا
376,جودة الاكل سيئة و محتوي الاوردر ناقص
377,جوده الاكل بتختلف من مرة للتانية مرة حلو مرة وحش بالاضافة انه واضح ان مفيش مراجعه للاوردر قبل ما يخرج من الفرع لان كتير الاوردر بيوصل ناقص و خدمة العملاء لا تملك اي حل غير حاضر هنبدل الاوردر باوردر تاني و استني ساعة لحد ما يوصل الاوردر الجديد و ال...
378,-الرز المكسيكي كان زمان في بريجو جميل جدا دلوقتي طعمه اسوأ من سيء و تحسه مفضي علبه كاتشب على الفراخ. -البرجر الفراخ مقبول -اللحمه مش مستوي كويس
379,الاوردر اتاخر اوي اوي اوي
380,الفراخ كويسة الرز قليل
381,cold due to long delivery time which happens every time i order
382,الاكل حلو والساندويتش كبير
383,من سئ لاسوأ بجد لا طعم ولا كميه ولا تسويه كويسه وحش جدااا👎🏻👎🏻👎🏻👎🏻👎🏻
384,very bad
385,خرا
386,الاكل نضيف و طعمه تحفة ما شاء الله ❤️❤️
387,Everything came cold and inedible
388,الرز كان ناشف وواقف
389,فراخ زفره بطريقه فظيعه والرز الي المفروض يجي مع اي فرخه ببلاش دافعه زياده وجايلي رز شايط وريحه وطعمه باشعين بريجو فرع العباسيه بقي اسوء من السئ
390,They wanted to extra charge me in cash although i paid everything on the app in credit card and their attitude on the phone was very disrespectful which is not acceptable at all
391,The chicken tastes very bad👎👎👎
392,خره
393,انا طلب سوبر دجاج وصلت برجر سوبريم عرض مش حلوة
394,Kofta was raw
395,أسوء سندوتش شيش طاووق فى مصر بإمتياز . نيئ جدا و ريحتة مش مقبولة نهائى
396,The chicken wasn't cooked well
397,Portions were way smaller than every time and the food was cold Dont accept orders late if you cant handle them
398,مش ما بتشوفو الكومنت الاكل كلو ماينز وما اكلته لانو نبهت عندي حساسيه ما كنتش في اهتمام
399,جيد جدا
400,انا بطلب من بريجو دايما الاورد بتاعى جه المرة دى الكفته مش مستويه خالص وحمرا من جوه و التومية بايظه وفيهااا حجات صفراء وريحتهااا وحشه جدا
401,"I ordered the sandwich to be regular, and I received a very spicy sandwich, which I couldn't eat at all as I'm allergic to spicy food and when I tried to reach out to Prego, they refused to do anything and said its Elmenus fault I'm so unhappy"
402,ممتاز رجع لمستواه القديم اخيرا
403,الأوردر وصل متأخر و بارد و مقلوب جوا الكيس !!!
404,H
405,inaccurate description of the dish
406,"Came cold and the portions are way smaller than it used to be, horrible experiences"
407,الكفتة سيئة جدا كانت نيه و طعمها وحش و حتى حطتها فى air fryer تستوى كان طعمها برده غريب اللحمة نفسها طعمها غريب خفت بصراحه ف رمتها
408,الفراخ فيها دم وزفرة ومش هطلب منهم تاني
409,الواجبه مش احسن حاجه كنت حسه انها كانت موجوده واتسختت
410,كمية صغيرة والفراخ طعمها وحش وجابتلي مغص شديد ...
411,الاوردر 3 ساعات ولسه موصلش، اسوا ابليكيشن واسوا مطعم
412,الفراخ كان طعمها بايظ والرانش صوص كذلك والرز كان ناشف
413,الرز ني والحجم صغير جدااا
414,Undercooked chicken
415,"I am disgusted the rice was extremely salty and inedible the chicken smelled rotten the only thing I ate was the salad, I had to throw the rice and the chicken in the trash and it is really pathetic of you I wonder how you can do such things! Put you"
416,الفرخه صغيره جداااااااا
417,الفرع دا ممتاز
418,Soooo salty
419,الاكل سيء جدا وريحة الفراخ وطعمها مش عاديين
420,"Good delivery, terrible food"
421,الفراخ مش مستوية كويس وزفرة جدا
422,Very bad order
423,different sandwiches Mexican rice in not freshly made
424,I ordered 1/2 chicken with fries but I received it with rice
425,not basmati rice
426,الطعام بارد
427,الحجم صغير جدا ونسبه دم في العضم السوا المره دي مش افل حاجه خالص
428,الفراخ ممتازة بس الرز كان فيه طعم غريب
429,بارد و سيء جدا
430,المطعم عنده العنوان بالتفصيل ومع كده المندوب مصر يتصل يسأل علي العنوان وكمان بيرد علي اعتراضي بأسلوب غير لائق. أنا باستخدم المنيوز وبادفع تكاليف خدمة زيادة عشان ماحدش يتصل بيا. ولما رفضت أذكر العنوان وصل لوحده، ما كان من الأول بدل الكسل والاستسهال.
431,الوجبه ملهاش طعم و كل مشاوي طعمها قديم مش لحوم دي
432,الرز المكسيكي دا كان غرقاان كاتشاب والواحد معرفش ياكلة
433,السندوتش كبير،بس،الطعم سيئ جدا
434,فراخ نية
435,وجعلي بطني! الفراخ و الطحينة طعمهم سىء الطحينة زفرة معرفش ازاي والفراخ تتبيلتها غريبة والبطاطس ملهاش طعم ولا عليها ملح
436,زفت كل اوردر يتاخر نص ساعه فوق الوقت الاصلى حاجه تقرف
437,الرز ني
438,اورد ردي طعم كميه و كل حاجه غلط
439,Chicken is not tasty
440,Low quantity
441,الفراخ بدمها
442,بصراحة أنا مش مبسوط الفراخ فيها ريحة زفارة وده أنا مش متعود عليه من بريجو لازم يشوفوا ايه غلط عندهم سواء المورد اللي بيتعاملوا معاه أو ال operation داخل الفرع أكيد فيه حاجة مش مظبوطة
443,الاكل وصلني بايظ وفيه ريحه عفن يامعفنين
444,Its not well done
445,الفراخ كانت فيها ريحة زفارة
446,الأوردر زي الزفت و في الآخر اسمه مطعم مشويات أصلا الكفتة ماتتاكلش و لا الطحينة استغفر مطعم زبالة و خسارة فيه أي جنيه
447,came late and cold but it was tastey
448,الطيار راجل محترم جدا جدا جدا
449,الاكل اتاخر وكان طعمه وحش جدااا وبارد
450,I got food poisoning after eating their burger and BBQ rice offer. I got my order from Al Abassiya branch. Had diarrhea and vomiting all day! Worst food experience ever!
451,تاخر وقت طلب ساعة 7.30 لحد التواصل ساعة 9 شكرا مش اجيب تاني بريجو
452,الاكل جاي مبهدل والفينو بايت والخضار حمضان اسؤ تجربه
453,سيئه جدا اول مره اطلب منهم ويطلع الاكل سئ اوي كده
454,Worst experience ever.... The order was late for a whole hour and the food wasn't hot and tasted bad
455,الوجبات جات من غير المشروب
456,الطعم كويس كميه الرز قليله الرز بفلوس زياده علي الرغم من وجوده في الصوره
457,بصراحه اثغر سندوتش سوفته في حياتي ومكلتوش للاسف ومحطوط فيه حاجات محىوقه وناشفه وملهاش علاقه بالشاروما نهائي، يعني عيب لما اكون طالبه حاجه ويطلع مستوى سيء كده انا مصوره السندواش من بشاعته
458,الرز حادق جداااا والاوردو اتاخر
459,اسوأ مره طلبت فيها اكل فى حياتى .. ساعتين انتظار بعدها الاكل وصل لى بارد و مجلد و مزيت ما يتاكلش. لا اوصى بالتعامل مع المطعم اطلاقا
460,الطعم سيئ جدا و ناشف و غير ادمي
461,العيش بشع
462,كميه الرز قليله جدا والاحجام صغيره والسعر غالي
463,الفراخ كانت فيها دم السوا مش افضل حاجه للاسف
464,الاكل كان محروق و متسخن 100 مره
465,تعبنا من الاكل مكانش نضيف وتجربة لن اكررها
466,Chicken was not cooked enough had to throw it
467,"Value for money tends to make you never order again this dish , taste is ok but portion is way cheaper than whet you pay"
468,للأسف الفراخ الاوراك كانت بابظه فعلا المستوى اتغير جدا
469,ثاني مرة المستوى قل والارز مالح وبايت
470,الفراخ ناقصه سوى.
471,Delivery was very late
472,Not taste very good
473,كنت طالب كول سلو ودفعت تمنة ومجاش مع الاوردر
474,يوجد اشياء تم طلبها ولم تأتي
475,الرز غريب! وطلبت صوص ثوميه ووصلني صوص مختلف
476,المشروب جاي من الكرتونه
477,مش زي مانا متعوده النص فرخة اكنها متكله
478,مش اول مره اطلب ، بس اول مره البطاطس تيجي بايته ووحشه قوي غير آدمية للأكل ورميناها كلها ٣ بطاطس اترموا في الزباله ، بجد هي كانت بتنزل زيت وغامقه قوي وبايته كده اكنها كانت بايته ونزلت في الزيت تاني .. حقيقي حاجة سيئه جدا بجد . الفراخ حلوه والر...
479,الرز قليل اوى الفراخ حلوة بس كان مفيش رز
480,الرز قليل لفردين بس مش 4 و الفراخ صدور بس مش فرخه كامله
481,خراااااا، محدش يجيب حاجه من الناس الوسخه دي
482,Its the worst order ever the quality & the order is not hot the sauce is smell bad .
483,طلبت فرخه سبايسي جالي نص سبايسي ونص متقسم ربعين عادي مش سبايسي.
484,اول مرة اطلب بريجو يوصل بالوحاشة دي، الفراخ سيئة سيئة ومش مستوية كويس وطعمها وحش والبطاطس مزيت
485,The sauce was to much and it was ketchup not chill sauce .
486,حطوا النص فرخة السبايسي على الربع اللي طلبته عادي فالعادي بقا طعمه سبايسي وانا كنت عايز ادي الربع العادي لبنتي الطفلة
487,الساندويتش كان مفعوص و الفرايد تشيكن مكنتش كريسبي
488,الرز ماكنش كويس
489,Order was a bit late
490,nice
491,الكفتة كانت مش مستوية
492,الرز بايت متسخن وملح زياده جدا
493,The food came late and was not fresh (it was cold}
494,اسوء اكل حتى البرجر محروق وشاورمة الفراخنية
495,order took 2 hours to arrive
496,الاكل كويس بس اتاخروا
497,I didn't get the order the restraunt canceled and the money was taken!!
498,الاكل يقرف والعيش وحش جداااا والسندوتشات فاضيه
499,للأسف الاوردر وصل ناقص ومتاكل منه قطعة كفتة ، ده غير انه بارد رغم انه ما تأخرش والكفتة طعمها مش حلو خالص ومجلدة .. المطعم كان كويس قبل كدة .. المستوى قل جدا
500,ساندوتش بافالو جاي بايظ وريحته وحشة او الصوص بايظ للاسف
501,كويس
502,order was very late
503,آخر مره اطلب منكم الشيش طعمو زبالة
504,أي حد يشتري من المطعم دا يا ريت يراجع الأوردر عند الاستلام وقبل الدفع. كان كويس قبل كدا بس آخر كام أوردر لازم يبعتوه ناقص حاجة.
505,ازبل سندوتش شيش آكلو ف حياتي انا خدت لقمة ورميته
506,Half of the chicken breast was removed. And full of of red veins.
507,اتئخر اكتر من المعاد الي مكتوب
508,نسيو الكولا
509,Grilled chicken spicy .. very tasty chicken 😍🤤
510,المعمله مش كويسه وتاخير في الاوردر كبير
511,الكفته قديمه ومجلده
512,Yh
513,الفراخ مش مستوية كويس
514,i wanted it original and it came super spicy
515,الفراخ فى الارز كانت زفرة اوى
516,الاكل قليل جداااا بجد نكتة و مهزلة
517,I have always loved Prego since 2007 .. i always used to order them .. but it was a different prices 😅
518,الاكل كويس لحد ماى
519,اخر مره اطلب من المطعم ده
520,الاوردر مجاش و اتلغي من المطعم و اتسجل انوا جية
521,اولا انا دافعة ٣٠ جنيه زيادة لسندوتش كرانشو في العرض وجالي شيش طاووق وطعمه سئ والسندوتش فاضي مش هطلب منه تاني ابدا
522,اسوء اكل
523,سيء الساندوتش للغاية
524,المطعم عنده اوبشن تاني غير الكولا! ليه مش مضاف هنا! ليه تجبر عميل يجيب منتج مقاطعة
525,kofta needs more salt and spicing
526,بارد رغم ان الجو حر مش فاهم ازاى
527,الاوردر مفتوح و متاكل منه، الفراخ حادقة جدا و بايتة
528,Not bad
529,el shish not really good
530,الكرانشي المفروض يبقي مقرمش وصل طري وبارد
531,the order was not hot and take too much time
532,fries are very bad but sandwich very delicious
533,Kofta was not cooked at all Spicy was over not professional at all
534,I got food poisoning
535,وجبه الشيش الحار تحفه 👍🏼👌🏼
536,البطاطس قليلة جدا والمناديل محطوط 3 بس
537,كميه قليله
538,الاوردر متجهزش من الاساس وتم تبليغ منيوز ان الكهرباء قاطعة ففرع بريجو وده كلام ال call center في بريجو
539,Really so bad food quality
540,لو في حاجة اقل من النجمة كنت حاحطها مطعم زبالة والطعم استغفر الله العظيم يارب معندوش علاقة بالأكل
541,أول مرة تحصل من بريجو بس لازم نقول. امبارح طلبت وأول مرة الطلب اتكنسل، وتانى مرة اتقبل بس ماوصلش أصلاً وبعد ساعتين ونص المطعم قال مشكلة فى السيستم. طبعاً كان الوقت اتأخر ومفيش حد تانى متاح، فتحت علبتين تونة طفحتهم ونمت..
542,Portion was very tiny Taste of chicken on Mexican rice plate very bad
543,"The portion of the order doesn’t meet the value that I expected. In fact, it’s more expensive than it deserves to be. Because of this, I would never order from that restaurant again.because its misleading be aware"
544,فراخ زفرة
545,الفراخ زفرة جدًا و حراقة زيادة عن اللزوم اول مرة اطلب منهم و يطلع بالمنظر ده بجد سئ سئ جدا
546,it was tasteless :( very disappointed
547,الرز ماكانش فيه فراخ تقريبا
548,الاكل في شعر
549,I wasn’t fresh
550,الكفته مكانتش مشويه على الفحم والفراخ مالهاش طعم والفراخ في الرز المكسيكي قليله جدا
551,كمية زيت غير طبيعية سندوتش بولو دجاج غرقان بالزيت والدجاج مش طازج مجمد والشاورما نفس الكلام بايته متقرمدة والتومية في الشاورما ملهاش طعم كانت التومية زمان مميزة عندهم ...الوحيد الجيد في طلبي هو السلطة .. لن اكرر التجربة ولا انصح
552,الساندوتش مش كويس والبطاطس مقلوبه وناشفه
553,الطيار اتاخر ساعه
554,بجد لسه كويسين زى اول ما فتحتوا
555,مش مستوي
556,الاكل اتأخر جدا والعيش كان بايت متقطع والاكل كله كان جاي بارد
557,حرفيا دي كتاكيت مش فراخ …تم احراجي قدام عائلتي والله حجم صغير جدا جدا جدا
558,Worst chicken ever!
559,طعم الكفتة والشيش سئ تجربة لن تتكرر
560,بريجو مطعم مشويات لن يتكرر ، بالتوفيق و النجاح الدائم لكم 👌
561,the worst meal ever the chicken was uncooked literally
562,صغيره
563,اسوء اكل اكلته من سنين - ساندوتش لا يمت بالفراخ بصله و ارز وحش جدا
564,Not fresh and very bad taste ☹️
565,a very very very bad taste 😕 I don't recommend it to anyone !
566,ملح كتير طعم سىء تجربة سىء
567,Very bad taste and poor quality even Tahina was bad
568,rice missed
569,Not same quality
570,البطاطس وصلت مقلوبة وباردة لم تعجبني
571,الاكل وصل بارد ودى مش اول مره كده الفراخ فى الساندوتش قليلة جدا
572,بقالى مده بطلب من المطعم بس المره ديه كان الاكل سي و الفراخ مش مستويه كويس و الكميه اصغر من الطبيعى و ده غير انا الطلب اتاخر عليا عن الوقت اللى كان ظاهر
573,didn't recieve the order at all
574,"perfect food, but a little more expensive than before."
575,الفراخ زفرة السلطة ممتازة
576,n
577,taste was not good
578,الكميات قليلة اوي
579,الاكل كان بارد جددداً
580,الطيار كان لئيم و مستفز ما رضي يطلع لعندي خلاني انزل لعنده
581,اجمد تتبيله شيش عن تجربه كذا مره 👌🏼
582,"الأكل مظبوط وحلو كالعادة بس خضروات السلطة ""الطماطم تحديداً"" كانت دبلانة ومش طازجة."
583,الفراخ مجلدة و ناشفة و سقعة و قليلة وبايتة و الكيزر سئ جداً و مليان تومية …. من اسوء الاوردرات اللي طلبتها
584,سلوك الطيار :- اسلوبه ليس جيد ادارة المطعم :- شكوك في طريقة الدفع من المنيوز
585,It didn’t arrive
586,سندونشات البرجر كانت حلوه جدا لكن الفراخ كانت بشعه وكان الوجب المفروض معها بطاطس حجم عائلي لكن اللي وصل شويه صغيره
587,تاني مرة اطلب نفس الطلب و الفراخ تيجي مش مستوية و العيش مش صابح فعلا تجربة سيئة جدا و مش هكررهاااا تاني مع اني كاتب في النوتس ارجو الاهتمام بالاوردر و و و
588,Tastes good but the food was opened
589,الاكل كان بارد وفى اتنين ساندوتش كان فيهم فراخ قليل جدا يعنى فاضيين
590,So delicious!!! Highly recommend!!!
591,"The worst sandwich ever, the chicken tastes as if it wasn’t cooked at all."
592,كان بارد جدا
593,الكفته نيه ومالحه جداا
594,Worse & bad
595,الاكل كله كان بارد و مجلد حتى التومية
596,why the pepsi? please dont put it again in the order
597,The food was cold
598,some plate came with a small portion of rice
599,المشروب مع الوجبات مقاطعة لو امكن تغييره بمنتجات محلية أو عصير
600,التغليف بقى سئ جدا والجوده والطعم بقوا زى اى مطعم عادى
601,الكفتة تسويتها وحشة اوي بجد نص الكفتاية محروق و في قطع جامدة جوة اللحمة اسوء كفتة كلتها المرادي رغم اني جربت الفراخ و ديما بتطلع تحفة معرفش الكفتة مالها سيئة جدا
602,undercooked and smells
603,تاتي مرة أجربه والأكل ممتاز للنرة التانية 🫶
604,الشيش مش مستوي ، الكفته فيها شغت وبصل كتييير
605,missing items and was opened when it came
606,الفراخ كانت ناشفة قوي
607,the order came all spoiled and missing
608,ف المُجمل الاكل كان كويس مقارنة بـ السعر، لكن كان في after test مُر ملهوش داعي ف سندوتش البولو، وسندوتش الكفتة كان تمام بس تحس انه ناقصه ملح، والبطاطس كانت ساقعة.
609,الاكل استغفر الله للعظيم ربنا ينتقم من اللي عمله
610,جايبين مشروب كوكاكولا و دا غير مقبول ابدا
611,كالعادة الطعم والجودة ممتازين .. المرادي بس الاوردر جالي علي مرتين .. اول مرة جالي ناقص وكلماهم بعتوا باقي الاوردر
612,Really oily and ver bad taste
613,مش مستويه ولا سبايسي
614,انا اشتريت تقريبا 7 قطع شيش طاووق وطحينة ب 200 ج لان الرز معجن ومش مستوي وطعمه صعب مش عارف ليه كده وبتعملوا ايه في موقف زي ده
615,The food wasn’t cooked well !
616,Order has been mistaken but it was the same
617,اسوء فراخ فالكون انا علطول بجيب منكم حتي فرمضان بجد بقالكو فتره الفراخ ظفرة ومدهننه وريحتها تقرف طلبت اوردر انبارح الفراخ وحشه جداااا والرز مش مستوي لو انت مش قادر تطلع اوردر بليل والجوده سئة واللكل والرز بايظ والفراخ وحشه يبقي لو عندك ضمير وامانه ك...
618,الاكل جه طعمه سي جدا جدا جدا
619,الفراغ زفرة
620,الأكل مالح وبارد ووصل متاخر اوي
621,تقفيل سئ ، طعم سئ وميستهلش فلوسه
622,الفراخ مكنتش مستوية كويس و كان في دم من جوا wtf!😖
623,الفراخ زفره جدا
624,"very delicious, friendly driver"
625,بلاش بيبسي مع الوجبات
626,تحفة احسن فراخ ممكن اجبها من بره
627,Cold food
628,اسوء اكل ما ياكلوش الكلاب وزفاره وملح كتير وبارد ومجلد خرا خرا خرا خرا خرا خمسه خرا
629,The food was expired
630,بعتو كوكاكولا رجاء المقاطعة Free Palestine
631,الارز مش مستوي كويس بس دي المشكله الواحيده غير كده كله كان حلو
632,quality and taste of sandwiches are really good 👍
633,Very salty and arrived cold.
634,كمية الرز قليله جدا
635,الاكل مفيهوش مشكلة لكن جابو كوكاكولا مع الاوردر 😡😡😡
636,"it was cold, that is not we shold get for money, I called the restaurant but waited almost 10 minutes before I hung up the line"
637,......
638,اسوء اوردر طلبته في حياتي الفراخ مش نضيفه وطعم الاكل سيئ جداً منصحش حد يجرب بريجو تاني عشان الجوده بتاعت زمان مبقتش موجوده وبقى وحش جداً
639,portions very small
640,سئ جداااااااااااااااااااااااااااااااااا لابعد الحدود بجد
641,Portions is too small
642,الاكل بارد اتاخر ساعتين و مش حلو
643,the food was really tasty but not hot enough!
644,علطول بجيب منكم بحد اسواء مرا اجيب فيها اكل منكم الفراخ وحشه جدا والاكل متلج ومفيش طعم تتبيله خالص
645,الاكل جه بارد وطعمه سيء
646,الطلب جه معاه ثومية بس ماجتش طحينة
647,Call me
648,الرز قليل جدا ميكغيش فرد !!
649,very bad experience late delivery and bad food
650,الرز مش كيلو زي مهو مذكور وبالتالي لم يكفي واضطريت شراء وجبة اخرى من مكان اخر
651,الاكل بارد ومتاخر ومش مشوى حلو خالص
652,I didn’t receive the water and the food was so. Bad
653,I have requested fries and paid for it and it's missing
654,خساره فيه الفلوس و دليفرى مش محترم والمطعم بيشتكى للدعم بتاع المنيوز و بيكلمنى يقولى اصل حضرتك مش كاتب العنوان !!! مش هكتب العموان ازاى و مش اول مره استعمل ابلكشن و اما تبقى المشكله فى ابلكشن نفسه ما تعدلو الغلط. ان شاء الله مش هستعمل ابلكشن تانى
655,الأكل وصل متأخر جدا و بارد والحاجة الساقعة سخنة
656,الاكل سيء جدا ، والفراخ زفرة لدرجة ان القط بتاعي مرضيش ياكلها .
657,"late for more than 2 hours, after the azan by more than 1/2 hour"
658,fake offer not the regular size smaller one
659,the order came too early and cold before iftar
660,تم تجاهل الملاحظات بتغيير الكولا بماء اكثر من مرة ساقوم يمقاطعة المطعم لتعامله مع شركة كوكاكولا ورفضه تتغيير الطلب
661,اخر اوردر طلبته كان يوم الثلاثاء الماضى وكان سئ للغايه الاكل بارد وطعمه سىء والكميه صغيره جدا على السعر بصراحه عمرى ما طلبت اوردر وجانى وحش كده من عندكم وعلى انا مش اول مره اتعامل معاكم انا باطلب من زمان جدا لكن ندمت انى طلبت وخصوصا اننا فى رمضان وبع...
662,It was not good at all
663,cold
664,الكمية غير كافية مقابل السعر
665,he was acting rude in a cultural place that he should be respectful in.
666,ر
667,الاكل سئ
668,مفرود ليا باقي ودليفري قلي هيرجعه فدفون كاش ودا محصلش ومش معايا رقمه ومفرود ف عليه عصير مجتليش ودفعه حقه
669,جيه بارد جدا ميتاكلش والله
670,الطيار قليل الزوق
671,"very bad, they don't boycott coca cola!! and very bad customer service"
672,👌
673,وجبة ستار مكس وصلت ناقصه الرز المكسيكي
674,Excellent food quality and quantity came on time
675,Very bad experience
676,السندوتش كان فاضي و شوية الحشو اللي فيه كلهم صوص وخضار مكنش في فراخ واخد ساعة في التحضير معرفش ليه مكنش يستاهل الوقت دا كله عالكمية اللي فالسندوتش انا كنت باكل عيش فينو فاضي تقريبا دا غير اني مستلمتش البطاطس العادية اللي مع عرض سوبر صب .. سيء جدا
677,الاكل بارد جدا
678,الاكل لذيذ بس مرّه تأخر
679,it tasted good but the chicken was pretty small
680,وصل بارد ومتأخر على غير العادة، جايز عشان ضغط أول رمضان
681,The taste is not as every time the chicken is not clean and there is a bad tasting added sauce the rice is not cooked well everything was horrible
682,محتاج تزودوا الرز
683,Came late cold with gasoline smell from bike apparently was not transported in thermal box
684,الفراخ المشويه سيئه جدا
685,العيش مع الاكل باين انه مش جديد أنا طالبه من غير رز و لقيت حبات رز فالعلبه ده معناه ان الاكل بواقي حد
686,very nice stuff
687,الاكل قليل تقريبًا نص الطبق والطعم مُر
688,الاكل وصل متأخر اكتر من نص ساعه والدليفرى اسلوبه سئ جدا والاكل وصل بارد
689,اكل باااارد جدااا
690,الاكل في منتهى السوء السندوتشات فاضية وباردة وماتستاهلش اي فلوس تتدفع فيها
691,الاوردر اتأخر جدا و الأكل جه بارد و البطاطس بارده و متتاكلش
692,الاكل بارد جداا و الفراخ زفره وطعمها و رحتها بينين اوي
693,الدليفري اتأخر جدا
694,Was not fresh and very cold the rice and the kofta were old
695,طعمه جميل والدليفري محترم.
696,العيش كان سيء جدا
697,الوجبات كلها اور اك وزفره
698,Terrible food chicken smells
699,The chicken wasn’t fresh Freezer burnt probably and the meat was dark and had funny taste
700,أكل سيئ جدا و العيش مهري و مليان زيت حاجة تقرف بجد
701,Cold meals
702,packaging was bad
703,الاكل جه شايط وملىء بالملح
704,Tawook chicken was raw
705,why rising prices?
706,مفيش طعم .. والفراخ .. صغيره جدا ..والهاشمي اي طعم
707,arrived cold
708,well
709,the food is so bad
710,الطلب كان بارد متلج من التأخير
711,Good service
712,اكل باارد جداا
713,حلو جدا
714,الملح زايد كثير والدجاج محروق
715,جالنا تسمم و رجعنا حسبي الله ونعم الوكيل !!!!
716,الكفتة مكنتش حلوة زي قبل كده
717,grilled chicken sandwhich was soo good
718,سئ جدا
719,الكفته والشيش كانو سيئين جدا
720,بارد جدا
721,الاكل كان فراخ مشوية مبدايا الاكل كان بايت و متسخن و باين جدا انه متسخن و كان طعم سئ تجربة لن تكرر
722,الاكل كويس جدا و قيمه مقابل سعر ممتاز و متابعه من المطعم بشكل مباشر علي عكس مطاعم كتير جدا
723,ازاى اطلب اوردو الساعة 7 و يجى9:30 و بارد و حاجة زى الخرة
724,الفراخ مكنتس مستوية نهائي وكانت زفرة علي الرغم ان طالبة مشكل مشويات بس فرع اللي قريب من التجمع مش حلو نهائي في التسوية وتنظيف الاكل ا
725,الاكل طعمه وحش جدا ولقيت شعر ف الساندوتش
726,تأخير الأوردر مش طبيعي
727,Very cold food and rotten rice!
728,وجبة ال4 سندوتشات مع 6 ناجتس مش حلوة الشاورما والاكل جاي بارد بصراحة تجربة مش كويسة
729,"Good food, but service is the absolute worst. Over an hour late, and after 4 phone calls, speaking to 5 different people, they said there is no order. But then I get a phone call from the delivery man saying he is sorry, and on his way. Still sitting..."
730,الاوردر كله طعمه جميييييل لكن سعر البطاطس غالي شويه
731,The Mokattam branch is disrespectful. Don’t recommend
732,Chicken wasn’t cooked and didn’t get what I ordered
733,6 من 10
734,برافو 👏👏👏
735,الفراخ وحشة جدا جدا
736,اوحش فراخ اكلتها في حياتي
737,الاكل كان ني
738,Food gave me stomach ache and was cold and you don’t get your goods worth
739,الاكل حلو ماشاء الله بس وجبه ربع دجاج مشوى محتاج يكون معاها بطاطس من تكلفة الوجبه
740,So bad .. the rice was like leftovers . The chicken wasn’t the whole thigh
741,"too salty, chicken almost expired and burned"
742,"Very low taste why 270le on low items while on s3ed tlos better taste with 7L.E,PREGO fancy PLASTIC with no taste, he sell plastic better"
743,tasteless (very bad)
744,الطعم ممتاز ولكن الملح كان زيادة شوي
745,الفراخ لونها اسود وطعمها معفن؛ نص فرخة قذر
746,الاكل كويس لاكن جهه بعد ساعتين ونص والاكل ساقع تلج
747,الاكل وصل بارد
748,بارد جداااااااا جدااااااا الاوردر جه تلج والبطاطس بارده ومش طازه بالرغم ان بينى وبين الفرع ربع ساعه بس ومع لك مندوب التوصيل كلمنى خمسين مره بيسال عن العنوان اللى هو مصر الجديدة اصلا مش حاجه صعبة يعنى
749,too much spices on the chicken but it was very juicy and tender
750,The food was good
751,didn't receive it super late
752,سيئ جدا والفراخ بايظه
753,I wanted Tahini and specified but they got garlic dip
754,ساندوتش الشاورما صغير جدا
755,الاكل وصل شبه بارد و بعد ساعتين
756,الاوردر جه مقلوب من العلبه و اتصلت بيهم و جم استلموه و الدليفرى متأخر ربع ساعة تقريبا و غير كل ده الاكل جاى ثلج و بلغونى انى هسترد قيمة الاوردر من المنيوز
757,دايما اما بطلب من المنيوز بتجيلي الكميه اقل غير اما بطلب من طلبات
758,أسوأ طعم و جوده مشاوى
759,Missing one piece of shish toawook 😡🫠
760,طلبت مرتين الصراحة الطعم خلو السندوتشات نمام وجبة الملوك ووجبة الميكس حلوه الملاحظة الوحيده ان السجق مش حلو
761,الاوردر كله كان طعمه زفاره
762,Perfect food
763,كلو بيرفكت ما شاء الله
764,الصراحة اللحوم عندهم ما عدا الفراخ طعمها مش حلو
765,الاوردر وصل فى ساعتين جاى بارد جدا جدا
766,الساندويش كله كان خضار مفيش فراخ
767,الطلب وصل متأخر حوالي ساعة إلا ربع بعد الساعة المفترض توصيل الاوردر فيها
768,order was two hours late
769,Not recommended at all مستوى الاكل وحش والكواليتي مش حلوه
770,it's too cold
771,الاوردر جه فيه طلب فيه مكونات ناقصة غيرمكتمل مع العلم ان سعره غالى
772,مـمـتآز
773,missing items. supposed to have a side dish not 1 piece of grilled pepper. And bad taste.
774,No
775,I didn’t receive the order
776,Order took an hour and 45 mins to be delivered Food was very cold and tastes very bad
777,Thank you Prego 🙏
778,الفراخ طلبتها عادي جات بتتبيله حاره
779,The order was cold and not fresh
780,تقريبا كان بواقي اكل حد و بعتوه و طبعا الطعم كان وحش جدا
781,شكرا، الاكل كان جميل وشكرا علي احترام رغبة عملائكم للمقاطعة
782,"that was the worst meal i have ever had, no rice bread wasn't good the taste was awful i wasted 150 egp, i honestly would like to get either my money or another good meal"
783,The same good quality but at higher prices than usual.
784,جالى تسمم من السندويتش و لو فى بلد محترمة كنت رفعت قضية.
785,زفت زفت زفت
786,الفراخ حراقة جدا جدا ومعظم الفرخة محروقة جدا
787,الاكل وصل بارد والعلبه كبيره عالكميه ولكن الطعم جيد
788,It was very cold and the chicken wasn’t fresh
789,Wrong order
790,الطيار محترم وخلوق والاكل جميل
791,الاكل كان ساقع جدا سيء للغايه
792,Very unique tasty
793,انت حاططلي رز بس من غير فراخ اصلا انا طالبه طبق ارز بالدجاج المكسيكي فين الفراخ فتحت لقيت رز بس وعليه بصل!!!
794,الأكل جاي طالع من النلاجة حرفيا و عيش بايت فعلا شئ مقرف
795,the food was fresh and arrived at time
796,الكول سلو بايظه
797,Grilled chicken used to taste much better
798,The chicken is too little
799,الارز قليل شوية لكن الاوردر كان حلو جدا ك تدبيلة و مخدوم كويس اوى مش اخر مرة اطلبه ♥️
800,Burned
801,I recieved them cold
802,"2 meals received with bread, while as per menu it was supposed to be by rice."
803,Late
804,تم الغاء الاوردر من قبل المطعم ولا يوجد سبب بعد الانتظار أكثر من ساعه خدمه فاشله جدا وشكرا
805,I didn't receive my delivery
806,الطعم جيد جدا
807,الاوردر مجاش و متحضرش اصلا بقاله ساعتين و نصف و لما كلمت خدمه عملاء المينوز معملوليش حاجه
808,not good
809,very salty horrible bread acceptable fries
810,less peppers in the Mexican rice
811,سئ طعم وكميه وسعر
812,الاكل بيجي بارد مش سخن
813,طلب خاطئ
814,الاكل وصل سخن وزاى الفل ولكن اللى فرق معايا اكتر راجل الدليفرى زوق واخلاق ومحترم جدا دا النور كان قاطع فى المنطقه رغم كدا طلع على السلم علشان يوصل الاوردر بجد دول بقوا قليلين فى البلد
815,الاكل اكنه مجمد مفهوش شخصيين
816,ممتاز جدا
817,"Had the big meal, great rice, 2/10 for the chicken tho, it was really bad and dry"
818,The worst restaurant ever 2 hours for delivery and the food is cold and unfresh and the delivery for another restaurant delivering my order
819,* الطعام غير طازج * صوص الرانش غير صالح للأكل
820,الرز مش مستوي
821,البطاطس مكانتش حلوة زى كل مرة
822,طلبت الاوردر قبل كده و كان نفس كمية أكبر من اللي اتبعتت المرة ديه مش فاهمة ايه السبب علي الرغم أن نفس السعر
823,كثروا رز
824,الفراخ المشوية غير طازجة وطعمها سيئ
825,الاكل كويس و وصل علي طول بس مش لينتبهوا خالص باي طلب خاص
826,الاكل طعمه سىء اوى
827,الاكل سيء للغاية و غير نظيف و تسبب باصبتنا كلنا بالام شديدة ده حتي القطة مارضيتش تاكله
828,الكول سلو بايظة و الاكل بارد و طعمه مش زي كل مرة
829,الفراخ فيها دم
830,"worst experience ever , the food smell is very nasty 🤮, and tiny portions with high value."
831,الدليفري تعامله سئ سئ سئ فوق الوصف
832,Very bad taste عيش قديم غير طازج على الاقل من يومين
833,البطاطس وصلت واقعة كلها من العلبة
834,الأرز مالح زيادة
835,اشتريت كذا مرة وجبة عليها عرض .... star mix الوجبة هايلة...... السجق محتاج يبقى ناشف أثناء القطم ويحتاج إلى تشويحة زيادة
836,بارد الاكل
837,بنطلب منكم من سنين ومبسوطين معاكم بس آخر اوردر وصل غلط وأكلناه وخلاص عشان كان الوقت اتأخر ومايسمحش نطلب تانى
838,سعر عالي و طعم مش حلو
839,والطلب كان بارد بس كان طاعم والكميه مش بتشبع
840,"very Delicious food, I love it"
841,"Food was delicious. Regarding the Grilled Fillet Meal, I'd recommend that the restaurant would provide ""Breat"" and ""Thigh"" options. Otherwise, deliciously-marinated grilled chicken 👌🏼"
842,i was food poisoned from the food
843,Very slim layer of rice was provided against the actual quantity provided by same restaurant but from another branch also preheated chicken was provided and dry in taste
844,الاكل وحش جدا الكفته سيئة سيئه تحسها مجمده الي هيا بتتباع في السوبر ماركت فعلا تحربه وحشه جدا ومنصحش اي حد يجربه
845,الاكل مالح اوي اوي بالاخس الرز
846,الاكل طعمه سئ الفراخ ناشفة جدا والبطاطس ايضا باردة وطعمها ناشف مش هطلب تاني من بريجو
847,الكريسبي فرايز كان طعمه محروق و الزيت وحش و للاسف رميناه
848,الكميه كانت محتاجه تبقى اكبر شويه
849,ساندوتش خاطئ مع العلم انة تم دفع 20 جنية اضافية لتغيير الساندوتش
850,مكنش حلو خالص
851,Very bad taste of chicken and kofta that made me vomit
852,طلبت فراخ مشوية و رز و تعبت جدا و جالي تسمم من الاكل
853,الاكل كان وحش جدا
854,uncooked chicken
855,لذيذ
856,مش جايبلي الكوكاكولا كل شويه اعمل اوردر من عندكم مره متجيبوش بطاطس ومره متجيبوش كوكاكولا المفروض الساندويتش كومبو بطاطس وكولا معاه الاوردر جايلي ناقص والدليفري قال المطعم مبعتش حاجه
857,Not as recommended
858,packing was open
859,"Howa bgd ma7al we7esh awyy , w taleb offer mfrood sandwiches ferakh , el ferakh gaya olayela awy w zeft walahy msh mmken"
860,الارز المكسيكان وقع نصه من الدليفري الارز مش مستوي سندوتش الكفتة سئ اسوء خدمة علي الاطلاق
861,The chicken was raw
862,جامد
863,فراخ مليانة دم و حاجة اخر قرف
864,اكل سئ لابعد درجة و الفراخ توصلك بدمها شئ منتهي القرف و مش اول مره تحصل.. اول مره قولت مش مشكله ساعات بتحصل.. تاني مرة و بعدها بفترة الافي نفس الكلام الفراخ بدمها و دا الواضح بقي النظام العام عندهم
865,مطعم سيئ وبعد انتظار اكتر من ساعه المطعم لغى الاوردر من غير أي سبب ولا حتى مكالمة تليفون
866,كنت طالب صدر فرخه جالي ورك ارجو التعويض!
867,طلب جميل الصوصات مش حلوه بالذات الطحينه الكلو سلو حلوه بس عاوزه زيادة حليب لبن او مايونيز سنه
868,مطعم ريحة أكله سيئة و زفر و يكفي انه بيعمل اسهال و مغص
869,الاكل حلو جدا شكرا جدا
870,وجبة الشيش طاووق ممتازة و الارز ممتاز و الرانش و الثومية ممتازين
871,كل كاجة مشوية طلبتها من عندهم بجد تحفة ... و يا لهوي علي نص الفرخة المشوية لما اجيبها سبايسي ... بجد مبجبش وجبة فرخة عير من عندهم
872,"First of all we ordered spicy chicken and it was not good at all Secondly , the potato in the fries was soggy . To be honest the service was not that good The bread was so dry that I didn’t ate the bread On the other hand the food came on time But..."
873,طعم الساندوتش صعب جدااااااا
874,طلبت سندوتش كرنشى وكان طعمه مملح اوى ومفيهوش جبنه،اول واخر مره اطلب منكو حاجه .
875,الاكل جه متاخر
876,You people suck in everything i hate you from the bottom of my heart . Bloody taste and fU
877,The Thousand islands sauce was very bad and the Sandwich didn't taste like always
878,صدرو الدجاج بلاستيك شيش طاووق بيلظ لدرجة الاشمئزاز كفتة كاوتش اكل بارد استغفر الله الاكل اترمى بالكامل للقطط والكلاب ومتاكلش كمان من كتر البهارات اللي المفروض تداري على سوء طعم اكلكم لا اعتقد ولن انصح بالتعامل معكم نهائيا
879,طالب فرخه الفراخ بتاعتكم كتاكيت مش فراخ يعني فرخه تأكل فرد واحد ب٢٥٠ 😅 برغم ان فراخ عندكم حلو بس حجم اسوء حاجه واكيد مش هتتكرر تاني
880,the best damn spicy grilled chicken in the whole country ... the spiciness is just perfect and it tingles your tongue kda in all the right ways ... and the spices they use on the chicken is just fucking perfect ... and crispy fries have my heart
881,الطعم حلو . طلب الارز المكسيكي كمية الفراخ المشوية قليلة . التغليف نظيف
882,طلبت فرخة كاملة جالي حجم للاسف اول مرة اشوفه ازاي مكان محترم زي كدة يوصل انه يبعت حجم فرخة زي ده
883,جميل♥️
884,الفراخ جايه متاكل منها وشكلها يقرف ولما كلمتهم قلولي متقطع منها مكان الشوايه ده غير ان الاوردر اتاخر وجاي بارد وحاجه اخر قرف والله العظيم
885,"It’s just bad… I ordered the Super Offer from Prego restaurant and unfortunately, it was an incredibly disappointing experience. I waited for my order for over 75 minutes, despite being in the same area as the restaurant. Furthermore, the food that w..."
886,"Ordered a larger meal for a family and everything came very well prepared and tasted great, the plates were wiped clean! Well packaged and delivered fast"
887,من افضل المطاعم اللي بحب اطلب منها في الشروق لدرجة ان اكلي كله من بريجو حرفيا ناس في قمة الزوق والراقية وفعلا محترفين شكرا بريجو علي الجودة والخدمة الممتازة جدا ❤❤
888,للأسف تجربة سيئة ولن تتكرر الأكل مش مستوى للأسف
889,I ordered a mix meal wich has 2 kofta 2 sheesh tawook only 1 piece of kofta cake the sauces were bad only the fries were good
890,"I ordered the super offer, consisting of seasoned chicken and rice bowl, a sandwich of your choice, and a coke. The only good experience I got from the food was the coke. the rice bowl was too salty, and the spices just didn't sit right with me. som..."
891,الاكل نضيف عادي جدا زي مطاعم زييه ولكن كميه قليله جدا لو اتقارنت بالسعر الحاجه الوحيده الايجابيه كانت انه نضيف مش اكتر و اللي رن عليا يسأل عن العنوان طريقته قمه في قله الذوق ، تجربه مش هتتكرر و منصحش حد يجربه البدايل افضل منه بكتير
892,الطعام لذيذ جدا
893,الفراخ حلوه جدا والتتبيله طعمها حلو
894,الاكل وحش جداً و مفيش جبنه علي الساندويتش
895,بصراحة مش اول مرة اطلب منه و كل مرة بيبقى حلو جدا و بيجى بسرعة و الأهم انه نضيف طبعا
896,The order was late
897,s
898,منصحش بيه نهائي كمية الاكل قليلة جدا والقطع صغيرة
899,الاكل لا يستحق الاسعار المبالغ فيها دي توابل الاكل تكاد تكون من اسوء التوابل الي اكلتها فحياتي
900,Driver was nice ❤️
901,الاكل كان بشععع ، و بارد و مالوش طعم و الفراخ كانت زفرة اوي
902,الاكل خد وقت طويل وجيه بارد
903,The chicken breast were too small
904,So spicy
905,My order was ice cold and the package was opened with the rice spilled all over the bag.
906,Every thing is good except the amount of the food
907,انا عمري ما كتبت ريڤيو بس فعلا دا اسوا تجربة في حياتي كأكل
908,Sandwich was not fresh and not good ingedients
909,taste
910,دي اسوا تجربة اكل انا كلتها في حياتي اقسم بالله .. الاكل اترمى . انا مشوفتش كدا والله
911,الكفته كانت كفته جاهزه انا عارفه طعمها والفراخ متسخنه مش طازه
912,البطاطس بدون ملح والاكل بارد
913,Bad taste
914,جالنا اسهال و ملوش طعم ، تجربة سيئة
915,الاكل سئ للغاية والكفتة مش مستوية كويس والشيش طعمه مش حلو والسجق جابت قبل كده سندوتش كفته كان حلو ومش تخليت ان الكفتة تكون مش حلوة خالص زي قبل كده تجربة سيئة
916,الاكل المرة دي وحش جدا! الوجبة زي ما هيا، الفراخ بلاستيك بتشد . الرز بايت. شيش طاووق كله جلد . و مفيش اصلا كفته! مجاش ٢ كفته.
917,الطعام وصل بارد جدا
918,"I ordered from ""prego"" few days ago, and the bread was missing from the meal I ordered again today and I wrote a note ""don't forget the bread please like last order"" and again i recieved the order without bread"
919,الفراخ المشويه زفره جدا ، اللي مش سبايسي
920,طلب الوجبه عاديه الدجاج جالي سبايسي
921,"Chicken was great , kofta terrible !!!"
922,الفراخ مزفرة
923,الفراخ مش طازة وبايته ومش نضيفه بجد جودة الفراخ سيئة للغاية
924,الدجاج مشوي بزياده ومحروق ، ورز مو مستوي 😩
925,الطعم سئ للغاية
926,Each time order i notice a decrease in portions of either the rice or the chicken itself…!👎
927,We saw the driver eating some of our food in the cameras
928,❤️
929,Toooooo spicyyyy
930,الفراخ المشويه وحشه جدا جدا جدا فعلا (بايته و ملهاش اى طعم) تجربه سيئه جدا بكل م تحمله الكلمه اقسم بالله اسوء فراخ مشويه اكلتها ف حياتى
931,الكفته المشويه و السجق كلهم صويا ...مش بلدي و الصوص و البهارات في الرز المكسيكي كتير ...الاكل مكنش حلو =(
932,So bad frize
933,Both of the chicken were too salty that we had to throw the chicken! And the tahini sauce was missing from one of the orders
934,الشيش طاووق كان حلو اوى الفراخ اللى بعضم مش حلوة الكفتة كويسة بس مش احلى حاجة
935,ممتاز🤍✨
936,الطعام نئ
937,👍🏻👍🏻👍🏻
938,الاكل كولو جي ني ورحتو تقرف الكفته والفراخ فيهم دم الشيش ني خالص وحاجه منتهي القرف
939,Chicken wasn’t very good as before
940,اول مرة اجيب فراخ مشوية من بريجو وتطلع سيئة انا اتصدمت الفراخ زفرة وطعمها وحش كإنها بايتة كام يوم والله العظيم كنت هرجع رميناها اخر مرة اطلب بريجو
941,البطاطس سيئة جدا
942,Helw awe
943,جايلي ورك فرخة متاكله
944,The bread wasn’t fresh!
945,The delivery guy was really helpful
946,السندوتشات كانت سيئة للغاية
947,الاكل ساقع
948,It wasn’t a whole chicken! 3 parts only
949,Excellent.
950,الاوردر ناقص
951,I
952,Worst meals I have ate
953,الاوردر اتأخر او والفراخ كانت زفرة جدا
954,للاسف كانت التجربة سيئة حزين جدا رغم التقييمات العالية الشيش طاووق ني والفراخ نية وريحتها سيئه ومن جوا سودا الحاجه الوحيدة المقبوله السندوتشات
955,"Very bad taste, not good portions, not recommended at all"
956,الاكل كان ظفر و مش مستوى كويس
957,Small portions
958,الاكل كان في غاية من الروعة لاكن العيش كان مفرول شوية ديه من عادة prego فبرضه هو في القلب ♥️♥️
959,Food was not cooked well
960,الاكل كان كويس جدا
961,وصلني الاكل ناقص
962,Nenshshhshs shshushahahs shushsh shdhhsha ahsbbsbns shjshsh
963,بب
964,مش عارفة حاطين اختيارات في الصوص ليه لما في الاخر مش هتجيبوا غير طحينة و تومية بس مع الاوردر
965,الاكل وصل بارد مع انه وصل قبل المعاد
966,The meal was just perfect
967,The chicken was very bad
968,Nice food
969,delivery is not fast
970,الاوردرات بتتأخر بطريقه صعبه كل مره مش اقل من ساعه ونص
971,I love prego
972,وحش جدآ اول و اخر مره مش ها جربه تاني سيء جدآ
973,جميل
974,الأكل سيئ جدا.. الأرز وصل حمضان والفراخ مش مستوية وريحتها زفرة جدا. آخر مرة أطلب منكم.
975,الفراخ مش مستويه و السلطه فيها دود ياريت حد يتواصل معايا
976,Order was not including everything missing sauce
977,يافندم انا عاوز ارفع شكوى ،،،الاوردر جايلي بااااارد وحاجة ف منتهى القرف والفراااخ محرووووقة وقسم بالله دي مس طريقة وكده عيب على مطعم زي بريحو لان متعود على كوالتي احسن وللاسف المرة.دي خيبت ظني
978,الاوردر جه ناقص
979,معقول لكن مش زى كل مرة
980,شرائح الدجاج غير ناضجة والكمية قليلة جدا بينما كمية الصوص كثيرة جدا لدرجة تطغو على كل النكهات فتخفي طعم الأرز والخضار والدجاج ..
981,Missing all sauces ordered
982,j
983,الرز من احسن حاجة مالح والثومية مش الافضل
984,انا جبت النهاردة وجبتين الميكس الى ب٨١ وبصراحة كانت مهزلة لان كمية الاكل صغيرة جدا جدا وبصراحة دى قلة امانة
985,الكميه غير كافيه
986,The chicken was abit burnt and the chips was dry
987,العيش كان قليل جدا رغيفين بس مع الوجبة دي كلها
988,K
989,اصبح سيء جدا الطعم والريحه الفراخ الورك بينز زيوت وطعم الفراخ مخزنه سيئه والتوميه تقرف والكفته اسوء من المطاعم اللي انهارت للاسف
990,delicious
991,جالي طحينة بدل التومية
992,الفراخ مش حلوة المرادى
993,اتن
994,السلطة مش نضيفة و الطماطم حمضانة بس باقي الاكل كان حلو
995,ساندوتش الكرانشو كان بارد جداً و القشرة كان مفرولة
996,salad dressing is a hidden gem
997,الفراخ تحسها مستوية بالعافية و زفرة و مملحة جدااااا
998,اوجعني بطني بعد الاكل
999,You delivered to wrong address
1000,Tasty for good value. ---------------------
1001,السلام عليكم انا بتعامل دائما مع المطعم وكنت باكل من عنده احلي فراخ مسويه وارد بس اخر مرتين الرز مش موجود في الوجبه والاسعار غليت بطريقه مبالغ فيها والفراخ غير مستويه وداخلها دم وبجد قرفت من حاجه زي ده برغم الاسعار الزياده وشكرا
1002,الرز مجاش
1003,I recieved a completely wrong order from Prego
1004,سيء بكل شيء ، طلبت الساعة ١٠ ووصلني الطلب بعد الساعة ١٢ ، والأكل بارد جدًا ومالح وغير مقبول الطعم والمشروب حار ! لا اعرف ما المشكلة ولكن ما اعرفه بأنها ستكون اخر تجربة لي مع هذا المطعم
1005,أسوء خدمة عملاء على مستوى المطاعم . قمة في الاستغلال و الجشع و عدم المهنية
1006,غير مستوى
1007,الفراخ كانت سيئه
1008,تجربه سئيه
1009,Delivery was a bit off in terms of time
1010,ياريت لما تكون الوجبة عيش بس من غير رز بلاش يبقي العيش تحت الفراخ عشان بيتهري من فضلكم خلوه في كيس لوحده احسن
1011,مفيش ارز مع الوجبة ازاى
1012,طلبت الاوردر جالي بعد اكتر من ساعه ونص والابلكيشن يقولي اتواصل مع المطعم الاوردر ياريته جاي حلو الفراخ صغيره جدا ومن غير رز والفراخ مش مستويه
1013,"The order was wrong at first then it was delivered cold and unsealed. But at last, it was delivered good, sealed and hot."
1014,اين الرز في الوجبات
1015,الطعام ليس طازج كفاية
1016,The chicken was not cooked
1017,None
1018,احسن طعم مشاوي
1019,ا
1020,Food quality wasn’t that good
1021,الفراخ زفره
1022,الطيار تاة واتاخر جداً وكان بيتكلم باسلوب غير لايق خالص وقلة ادب وبقول لة مش عارف توصل خلاص ارجع بالطلب مش عاوزة قفل السكة وبعدين اتكلم تاني باسلوب غريب
1023,there was no rice and bread. last 2 orders did not fulfiled completely. they forgot putting rice 2 times. they forgot puttimg bread last time
1024,M
1025,بجد انصف واجمل أكل كلتو في حياتي اد ايه منظمين ومرتبين في شكل الاوردر وايه النضافه وايه طعم الاكل الحلو اوى دا انا مبهورة بمستواكم بجد روعه 😍
1026,طلبت سندوتشات كفتة كمية الكفتة قليلة جدا الكفتة كانت باردة جدا
1027,الفراخ حلوه بس كميه الرز بقيت قليله عن الطبيعي
1028,الرز كان معجن
1029,The taste was very poor and the portions were very little and I was very disappointed..
1030,V good
1031,Ok
1032,Chicken cooking wasn’t well done
1033,سلطه الطحينه ريحتها معفنه
1034,اكل سىء
1035,حرفيا ساعتين عشان يوصل وطبعا يوصل الأكل ساقع
1036,الاوردر بياخد ساعتين عشان يوصل وقمة قلة الاحترام
1037,No rice in both meals
1038,الرز مش حلو خالص وناشف
1039,the grilled chicken has unpleasant smell
1040,حلو اوى و سريع و الاكل سخن و الدليفرى متعاونين جدا
1041,الأرز مكنش كويس إمبارح
1042,الاكل جميل جدا و بيجى سخن و طعمو جيد جدا
1043,"The food tasted like it’s gone bad, and suffered from stomach ache the whole next day"
1044,الاكل جه مش زي الي طالبو كنت طالب سبايسي و جه عادي و كلمت المساعده مفدنيش ب اي حاجه
1045,السجق وحش جدا جدا... باقي الاكل حلو اوي
1046,لما يأتي مع الوجبه الارز
1047,ناقص طحينة طلبتها ودفعت حقها مجاتش
1048,الطحينة بايظه التشيزي فرايز معجنة !!!!!!
1049,كله تمام
1050,طعم الشيش مكنش احسن حاجه كان حادق
1051,الاكل طعمه سئ جدا
1052,الدجاج المشوي غير ناضج تمام وبه ظفاره واضحه اما باقي الطعام فجيد
1053,The food was amazing this time😍
1054,الطلب مش زي العرض جاي ٤ شيش طاووق و ٢ كفته و ٢ سجق وجاي توميه بدل الطحينه
1055,Food was not as i was always ordering it
1056,يوجد تعليق واحد وهو ان الطلب يجب ان يحتوي علي قطعتين صدور مشوية وقطعتين شيش طاووق ولكن الذي كان موجود في الطبق هو 4 قطع شيش ولا يوجد قطع الصدور المشوية كما كان موضح في المنيو
1057,placed an order and they canceled it from their side after 45 mins VERY UNPROFESSIONAL
1058,انا طالب نص فرخة والكمية اللي جت مش نص فرخة اطلاقا
1059,Good meal. problem i faced the order miss french fries but i call restaurant and send it.
1060,طعم المشويات مش حلو خالص مع تني جربت نفس الوجبة من شهرين تقريبا و فرق في الطعم كبير إنما الدليفري وصل بسرعة ، الأكل كان سخن و نظيف
1061,بصراحه كان اول اوردر اطلبه و كانت تجربه ممتازه جدا، الأكل متغلف كويس و سخن و الطعم حلو …شكرا
1062,جزيل الشكر للاستاذ محمود بخدمة عملاء بريجو لتقديم المساعدة الفورية بكل احترافية وذوق لكم جزيل الشكر
1063,ارجو من مطعم بريجو تفهم الظروف وقبول اعتذارى
1064,انا بحاول الغى الاورد من الساعة ٩:١٥ مع واحدة من المنيوز مغ واحدة سمها اميرة .. وكل اللى قدمته انها اتاخرت في الوقت وما حاولتش تساعدنى وانا عندى ظرف وفاة مع العلم انى نبهتها انى مادفعتش ومحدش في الييت ومش هستلم الاورد وده شئ الرجاء من الفرع الغ...
1065,"Kofta delicious as always, 5 stars. Crispy potatoes yammy! I like how you start packaging “tomeya” souse. Everything is very good and we got a perfect meal. The only minus - delivery took too long this time."
1066,للاسف الارز غير طازج
1067,Cold sandwiches
1068,الاكل مش جي مستوي خالص
1069,محترم وذكي
1070,طالب وجبة شيش فلامز ( سبايسي ) جالي وجبة شيش طاووق عاديه
1071,Need more promotions at all Restaurants as it’s too limited
1072,الأكل ولا اسوء نفس الاوردر طلبته مرتين قبل كده وكان مقبول الأكل بارد جدا والكفته والأرز بايتين واتسخنوا اكتر من مره الأرز فى نسبه تعجين من كثرة التسخين ملهوش معنى ولا طعم وبجد مش عايزه أطلب منهم أى اكل تانى تماما
1073,value vs cost is not good
1074,the sandwiches were good but the fries were very oily
1075,"Portions could be a little bigger, otherwise good."
1076,عامل التوصيل تاخر جدا رغم التواصل معه و أكد على انه قريب و سوف يصل خلال ٣ دقائق الا انه تاخر لنصف ساعة ثم وصل لمكان خاطئ و تاخر ثانية حتى وصل للمكان الصحيح وصل الطعام باردا
1077,على غير العاده العيش مش طازه والفراخ ناشفه جدا جدا
1078,الاكل حلو بس الدليفري بيتكلم بأسلوب مش حلو خالص
1079,Googd
1080,طحينه وحشه والفراخ مش احسن حاجة خالص
1081,Worst food anx delivery time ever
1082,The food didn't taste good and the quality is bad
1083,الطعم غير المعتاد عليه من بريجو
1084,مطعم مصري قذر و سيئ و غير ملازم و لا توجد اداره و لا طعم و لا التزام و لا رقابه و لا انصح بيه تماما
1085,زفاره بس
1086,البطاطس بايته وناشفه الشيش كميته قليله جدا في العيش
1087,الطعم مش حلو ومتسخن
1088,👍🏻
1089,flames sandwich the chicken was burned
1090,الاوردر بالكامل كان وحش فى كل شئ (الرز معجن و الشيش طاووق ناشف و قطع صغيرة جدا ملهاش اى طعم و العيش ناشف لدرجه انه متقطع و المحتوى واقع فى الكيس) و تم عمل شكوى عن سوء الجودة للاوردر و المطعم اعتذر و بعتلى اوردر تانى و كان اوحش من الاول و الحمدلله .
1091,Sandwich wasn’t well done cooking
1092,There was a fly in the rice.
1093,غير مورضي
1094,الفراخ زفره جدا اترمت والله
1095,علبة الطحينة غبية جدا وصعبة الفتح كم الأرز اللي مع الوجبات قليل جدا بشكل ملحوظ الشيش طوق مش متنظف ومعظمه جلد او قطع مقسومة اتنين علشان العدد طريقة التغليف والتوصيل سيئة الوجبة بقت عاملة زي الكبسة قطع الشيش فقلب الارز ومع صغر الوجبة مقارنة بطبق التقد...
1096,I love it
1097,بس العيش مش طازه
1098,الطلب جه كده وده غلط استعباط يعني وكل ده ب٢٠٠ جنيه والاكل غلط
1099,Food is good but so spicy specially tehina
1100,الاكل كان بارد جدًا وجودته سيئة
1101,ال Mexican rice سيئ جدا و الفراخ زفره جدا جدا فيه
1102,لم يتم قراءة الملاحظات و العمل عليها
1103,slow delivery
1104,المطعم مش كويس
1105,للقطع صغيره جدا وازر المكسيكي طعمه وحش جدا الفراخ. اللي فيه زفره اترمت زي ما هي تجربه مش هتتكرر تاني ابدا
1106,Small size
1107,food was not hot
1108,انا طالب الفراخ اسبايسي جت عاديه و الكولوسلو سيء سيء سيء تجربة فاشله
1109,اكل جميل جدا
1110,الرز وحش اوي و بايت
1111,االشيش ناشف ومحروق
1112,السجق كان وحش جدااا مش مستوي وحاطين نص كيلو فلفل
1113,الطعام ناقص
1114,الاكل كله كان ني و السندوتش كان فقير و وحش جدا جدا بقي من اسوء المطاعم يقرف
1115,اسوء مره طلبت فيها من بريجو الفراخ المشويه زفره ومش مستويه والرز بالسجق عباره عن بصل وفلفل وصوص كتير جدا وكام قطعه سجق متسواش مبلغ ال ٥٠ جنيه والكول سلوو جات حمضانه المستوى نزل جدا جدا جدا اخر مره اطلب من المطعم
1116,الكول سلو سئ جداااااا
1117,Garlic topping is very very bas this time
1118,Raw chicken 🤮
1119,مافيش فيها رز
1120,اكله تحفه و نظيف
1121,very late not hot not tasty as usual!
1122,ممتاز ممتاز ممتاز ممتاز ممتاز ممتاز ممتاز
1123,انا انبسطت جدا من التجربة
1124,الاكل كان وحش جدااً و باارد
1125,الطعم للفراخ المقليه سيئ جدا مالح جدا الزيت طعمه وحش اووي بالنسبه للفراخ المشويه كانت غير مستويه اوي .... وكمان فيها ريحة زفارة
1126,محترمين حدا و اكل فوق الروعه ماشاء الله ❤️
1127,order delivered without the tomya sause.
1128,كل شئ جميل والله و مندوب اكثر من محترم و الاكل جميل
1129,فعلا تحفة جدا و نضيف جدا جدا ❤️
1130,الارز كان قليل جدا عن كل مره
1131,too late and cold taste. lier delivery person 2 hours to receive the order unsatisfied from the way of coordination
1132,اتاخر شوية صغيرين
1133,سلوك المطعم
1134,Hot food poisoning from it
1135,Very saltyyy
1136,Excellent!
1137,السندوتش كان ساقع والتشيكن مش فريش ومليان زيوت جامده
1138,الاكل متلج
1139,اسوا مرة اطلب فيها من مطعم في حياتي حرفيا طعم سيء - تغليف سيء - الاكل غالبا كان معلب في فريزر - للاسف اسوا تجربة
1140,Portion size was smaller than expected
1141,التوميه طعمها حامض الطحينه حامض الاكل كلو طعمه وحش
1142,كله بصراحه
1143,الاكل كان بارد وسئ جدا السندوتش مفهوش اي صوصات نهائي حتي البطاطس مفيش اي تشيز عليها بجد تجربة وحشة جدا
1144,it was salty and not well done :(
1145,The delivery was late but food good
1146,الابيكشن لا يعمل جيدا لم استتطع تتبع الاوردر من خلال الابلبكشن
1147,الصراحه اجمد مستويات كلاتها فى حياتى سندوتش برجر على الفحم جامد
1148,اولا الطحينه حامضانه وحقيقي بجد اسوء التجارب
1149,The order never arrived and no one answered the phone when calling the store
1150,الاكل سئ جداااااا
1151,الأكل لطيف كالعادة بس علب الطحينة الجديدة صعبة الفتح شوية، وكواليتى السلاطة الخضراء بينزل مرة بعد مرة وشكلى هبطل أطلبها.
1152,الاكل جيه بارد جدا انا اول مره بصراحه اواجهه المشكله دي مع بريجو بس تجربه سيئه جدا
1153,الشيش طاووق مش متبل خالص حرصاً منى على استمراركم بنفس المستوى
1154,the amount of the chicken was so little 😭
1155,السندوتشات محروقة ولون البانية غامق وطعم الزيت مقرف جدا يدل علي كثرة التحمير به وعدم تغييره والصوص قليل والفراخ بها طعم زفارة
1156,اوحش اكل فى العالم الرز كان بارد ومالح وناشف والبطاطس الكريسبي وحشة جدا
1157,الاكل سى جدا وكمية توابل رهيبة فى الاكل
1158,الطلب كان ناقص لان مكنش في رز في كل الطلبات الي طبتها
1159,Not the same as every time not the same quality and taste. Also Fries was missing.
1160,طعام جيد ووصل بسرعة
1161,كباب طعمه مش حلو اوي
1162,كان الرز البسمتي حلو جدا خلصته لآخر حبه😅 والفراخ كمان تتبيلتها قوية وعجبني السبايسي فيها والأكل وصل في اقل من ٤٠ دقيقة يستاهل المطعم 5 نجوم موفقين 👏🏻👌🏻.
1163,الاوردر جه ناقص هما غيرو الاوردر بس استنيت ٤٠ دقيقه تاني على بال ما جه
1164,A
1165,اسواء خدمه اقسم بالله العظيم وهعمل محضر في حمايه المستهلك
1166,excellent
1167,الاوردر جه من غير الارز مع اني دفعت تمنه تجربه سيئة مع المطعم ومش هكرر التعامل معاه تاني
1168,الاوردر جاي من غير الرز برغم دفع تمنه مش هطلب من بريجو تاني
1169,food was entirely burned
1170,ممتاااااااااز
1171,سعر الدليفري غالي جدااا جداااا
1172,تم الاستماع إلى ملاحظاتي و اضافتها
1173,الفراخ كانت زفرة ونية
1174,"excellent food, thanks for prego , hot , well done , delicious"
1175,Chicken was so small
1176,unclean
1177,y
1178,الاكل وحش جدا والفراخ متسخنه اكثر من مره حاجة استغفر الله
1179,اجمل واروع وانضف فراخ مشويه فى مصر بلا منازع والرز البسمتى تحفه والسلطه بالفلفل والكابوتشا او الطحينه وهميه
1180,Bery very bad! I got food poisoning!!!!!!!
1181,The order did not have rice even tho I paid for it
1182,So bad
1183,G
1184,السلام عليكم... برجاء كتابة أسماء السندوتشات على الغلافة او تعليمها بعلامة خاصة ان الاصق المستخدم يحوى انواع السندوتشات ويجب علامة نوع السندوتش حتى يسهل على العميل... ولكن هذا لم يحدث لجميع السندوتشات بالطلب
1185,order missed the rice instead i told the delivery man but no one send it or call me from the restaurant or application
1186,احلى اكل رائع 👍
1187,Excellent
1188,Not an enough meal to even one person
1189,بس العيش مش فريش بس الاكل طعمه حلو
1190,Dirty
1191,بيتاخر اوي
1192,الرز كتير اوي حرام نرميه قللو كمية الرز
1193,It was cold and the taste was bad
1194,كويس بس تاخر التوصيل
1195,the portions were little
1196,مجاش رز مع الوجبة
1197,صدور الفراخ كانت نية .. مش مستوية خالص حاجة زفت
1198,best offer can find for 4 burgers with cola &fries....................
1199,There was dead fly inside the bag.
1200,اعفن تجربه الفراخ جت مس مستويه و جيبين براقي البطاطس و الاوردر جه ناقص
1201,S
1202,It was nice food and good quality new experience and the delivery was fast
1203,7elw awy
1204,الاكل بارد وملح كيير والبيبسي حار
1205,10/10
1206,ولكن التوصيل بطىء جدا و بيتأخر
1207,كله ممتاز
1208,الجودة ليست كالمعتاد الكفتة والشيش مفيهومش التتبيلة المميزة والفراخ المشوية عادية ارجو رفع مستوي الطعام كما اعتدنا
1209,الاكل كان تحفه
1210,الأكل كان حلو جدا لكن القيمة مقابل السعر طبعاً غالي جدا
1211,الطعام بارد وغير طازج
1212,الكمية غير كافية
1213,الشيش فليمز كان بايت وطعمه سيئ الفرخه كانت حلوه جدا كالعاده
1214,الكفتة سيئة جدا و بتشد كأنها كاوتش الرز بايت و متسخن بس الاوردر وصل بسرعة وكان سخن
1215,taste is v good need more adds sauces .. more dressing souce
1216,Perfect
1217,more than amazing experience thanks
1218,تأخير كثير والدليفري جاي معاه ٣ على المتوسكيل
1219,الفرخه كانت سيئة جدا وبارده وناشفه
1220,Tasty
1221,وقت التوصل : الوقت اتاخر ساعه ونص الطعم : كويس سلوك الطيار : زي الزفت
1222,Their was cockroach inside the box ……
1223,بجد الاكل كله زفر و السجق حرفيا جاي محروق كله و طعمه قذر جدا مكلتوش و الكفته برضو كلها جايه محروقه و الشيش و الصدور طعامهم زفر جدا و قطع صغيرة جدا كلها دهن دا غير الرز المكسيكي بجد كله خضار طبق الرز كامل مفيهوش غير 5 قطع فراخ صغيرة و طعمهم زفر جدا
1224,"food tastes bad , fries was cold and very low quality and quantity"
1225,الفراخ محروقه وفيها زناخه و زفره فيها دهن العيش بايت و ناشف
1226,سندوتش البرجر سيئ جدا
1227,محلات كتير غير متاحه
1228,No comment
1229,the meat was good but the sauce was waaaay too much
1230,طلبت رز مكسيكي حاجة في منتهي البشاعة اللي ف الدنيا الفراخ زفرة .فرع العباسية سيء جدا
1231,meat was very dry and burned
1232,التوميه كانت منتهيه الصلاحيه و الرز زى الزفت
1233,كان الشيش طاووس محروق شويه
1234,اسوء مرة طلبت نفس الاوردر فيها والاكل بايت وسيئ
1235,the order not delivered 😒
1236,طلبت الاكل تسوية زيادة و جيه تقريبا ني و السقق بيشد
1237,رجعت منو
1238,أكثر من رائع
1239,الstar mix كان كلو حلو ما عدا mexican rice مكنش فيه فراخ تقريبا الportion صغيرة اوييي
1240,وحش جدا جدا
1241,ممتاز احسن من فرع الشروق
1242,"i hope next time better, thanks"
1243,السجق مكنش حلو ياريت يكون في منتج افضل منه
1244,It was delicious
1245,Missing items
1246,food was delicious but the garlic dip is tasteless. you guys to need to work on your dip and make it taste like garlic as its tasteless!
1247,grilled chicken very small
1248,جميع السلطات منتهيه الصلاحيه
1249,The order came after two hours and this is not the first time. The food is great but I will not order again.
1250,الاكل كان مش مثل جودة كل مرة
1251,favorite meal which was the 5 piece chicken was removed and its replacement 4 piece didn't taste as good.
1252,gooooood
1253,الاكل كان ناقص الرز حسبي الله و نعم الوكيل و كلمنا الدليفري محدش رد علينا منكم لله و الطعم زي الزفت
1254,سيء جدا الزيت سيء جدا
1255,خطير وجامد قوي
1256,الاوردر قعدت 3 ساعات ولسه ماوصلش والسيستم عامل انه وصل
1257,Kebab was really bad
1258,جامد جدا بجد
1259,نرجو تحسين الارز
1260,الاوردر كله جلد و دهن دجاج و الكفتة سيئة ، و السعر ليس بقليل للحصول على هذه الجودة الرديئة
1261,الاكل وصل بارد وكميه الارز قليله جدا
1262,الفراخ مش مستويه العيش ناشف الربع الفرحه مش كامل
1263,الاكل كان بايت
1264,The meal was so salty and the garlic dip was 👎. The Susage was awful 😖. That was not a meat at all. The 1st time with bad experience with prego. I'll not repeat it again.
1265,Bread s not fresh
1266,الكفتة ماكانتش مستوية كويس
1267,thanks
1268,سندوتشات السوبر كرانشي كان سيئة جداً و الفراخ محروقة في الزيت و مش متبلة كويس و مش صابحة و ده على عكس المعتاد!!!
1269,الفراخ المرة ديه كانت وحشة بس الباقى كويس
1270,الطعم سئ جدا الفراخ مش مستويه
1271,الفراخ صغيره جدا جدا جدا ،،العيش بايت ،،، الفراخ المقليه غامقه جدا جداجدا
1272,سيىء جدا والاكل مش مستوى كويس
1273,اسوء من وحش اول واخر مره اطلب من عندكو بجد
1274,مش فرخة كامله! صدرين و ورك بس
1275,"Poor quality of food, it was a awful experience will never order again from this restaurant"
1276,The French fries quantity and quality were very poor. The sandwiches were dry.
1277,الاوردر حلو جدا جدا بس الطحينة كانت مكبوبة للاسف نتيجة سوء التغليف بس
1278,الاكل جاي كأنو بقالو كذا يوم ومتسخن بس الفراخ مجلدة والبطاطس الهالبينو برضو مجلدة واللوتس وحشة اوووي وبقالها تسع ايام معملوه لان التاريخ مكتوب عليها ومش بسكوت لوتس دا بسكوت عادي وعليه قرفة وكمان فيه تراب حاجه وحشه اوووي يعني
1279,الرجاء معرفة معلومات عن الطيار وتفاصيله
1280,سيء جداً
1281,الاكل بارد جداااااااااااااا وجالي ثوميه مع الطلب وانا كنت طالب طحينه
1282,الاكل ساقع حرفيا
1283,الاكل كويس بس المشكله ف الطحينه بايظه
1284,الأكل قليل جدا مقابل السعر و تجربة سيئة جدا
1285,كنا طالبين توميه وطحينه . كل الاوردر جه طحينه
1286,السندوتشات كانت عرقانة و مكنتش حلوة و الفراخ و البرجر حجمهم كان اصغر من كل مرة بطلبهم و الرز المكسيكي كان ناشف و مفهوش فراخ و المشويات كان الا حدا ما كانت كويسة
1287,الارز المكسيكى مش قد كده
1288,اول مرة الفرخة تكون سيئة بالشكل ده باردة ومحروقة وطعم الارز مختلف حتى التومية اتغيرت للأسواء بشكل غير عادي
1289,حجم قطع الفراخ البانيه والشيش صغيره جداً جداً جداً
1290,العنوان غير مكتوب تفصيلي في الايصال مما صعب علي الطيار الوصول والطيار في منتهي الاحترام
1291,الخبز لم يكن طازج على الاطلاق و الاوردر بارد
1292,الرز المكسيكي بقى سيء جدا على الرغم انه كان أفضل حاجة، جودة مكوناته أصبحت سيئة وواضح انه مبقاش بيتعمل باهتمام زي الأول، ليا كذا مرة بندم كل ما بطلبه
1293,delayed
1294,Chicken wasn't boneless as per description.
1295,سئ للغاية
1296,اوردر زي الزفت
1297,الاوردر المرة دي كان بشع الفراخ محروقة و صغيرة جدا اصغر من الطبيعي و التتبيلة كانت شبة معدومة و اتصلت بخدمة العملاء و معملوش اي حاجة
1298,جااااامد
1299,4*4 البطاطس كانت عباره عن عجينه و فيها كمية زيت كبيره جدا و لتاني مره الاوردر جي من غير كوبيات للكولا
1300,الاكل وصل بارد وطعم سييء جدا
1301,للاسف الاوردر المرة دي سيء جدا. الشيش طاووق كله مستوي زيادة و محروق و الرز كله معجن مش مفلفل. تجربة سيئة جدا
1302,The kofta was so bad with all the fats in it
1303,اسوء حاجه ان مفيش كوبايات للكولا
1304,اكل نضيف وطعمه حلو جدا شكرا بريجو ❤️❤️❤️❤️❤️
1305,الفراخ استغفر الله وحشة جداااا و ناشفة وطعمها بشع وغالية جداا والرز ميتاكلش نهائي .. اخر تعامل
1306,"The chicken sandwich was ok, the burger was horrible"
1307,"chicken sandwich was awesome , burger is okay"
1308,الاكل كان بايت و متسخن للأسف دايما بطلب من بريجو وكان الاكل حلو لكن المرادي بجد كان سئ اتمنى تلحقوا تصلحوا لو في مشكلة الفترة دي 🙏🏻♥️
1309,الرز كان فيه شعره وفرافيت كفته معناها أنه بواقي اكل
1310,Great service and good food
1311,الاكل وصل من غير رز والكفتة بشعة كلها عضم والأكل وصل بارد جدا
1312,Under Rated
1313,"Food was bad and cold and delivery was very late because ( restaurant or app ) wanted to charge extra 7 LE because of delivery , very disappointing behavior!!! Because of 7 EGP : the experience is very bad !"
1314,حراميه سرقوني
1315,الاكل كان جميل جدا وبجد فرع عمارات المروه ارض الجولف من احسن فروع بريجو والناس هناك محترمه جدا جدا
1316,i did not recieve the coleslow however i payed for for it
1317,الاكل بارد ومش مستوي كويس
1318,حلو اوي
1319,سى
1320,الاكل كان سيء و وجع بطننا و فيه طفل صغير رجع للاسف
1321,ياريت لو يوصل سخن
1322,اكل سئ
1323,"Boneless chicken came with bones, one of the breasts came with too much bones and small portion of chicken in it a very small piece"
1324,Amount is low
1325,الفرخه بايته
1326,سئ
1327,رمالي الاكل و مشي
1328,الاكل كان جميل بس مفيش كاتشب مع الاكل والبطاطس مش محطوطه في باكيت
1329,👎
1330,ساندوتش عادي جدا ممكن يتعمل فى البيت مش واو يعني
1331,رفعوا تمن الدليفري ورفضت لما بلغوني وبرضه دفعهولي ع الباب هما والمنيوز الإتنين مش محترمين
1332,last time to order from that place
1333,البطاطس كانت قليلة جدًا
1334,الاكل جه ني سيء جدا
1335,سئ للغايه
1336,الوجبه صغيره جدا جدا علي السعر
1337,Rice was missing
1338,little amount of food
1339,كله حلو
1340,fries were just left in the box not packed in any way.
1341,شكررا
1342,I ordered twice the panne was good but the shish tawak was burned !!
1343,Missing item
1344,Low quality
1345,الاكل وصل بارد علي غير العادة و البطاطس سيئة جداا
1346,الطعم تحفه والأكل طازج
1347,تحفة
1348,The chicken sandwich was so empty
1349,"food was salty , and the quantity was not enough , and the delivery fees are too much"
1350,لية الارز المكسيكي مش عليه مشروم زي زمان
1351,الأكل جه سخن جدا وجه بدرى وكان حلو جدا❤🔥
1352,I canceled the order and the restaurant call me to deliver the order and I lose the promo code with 150 le
1353,للاسف الفراخ زفره جدااا وتجربه سئ جدااااا 😥😥😥😥😥
1354,The food is cold ☹️☹️
1355,missing an item: a whole liter of cola 👉👈
1356,الأكل لأول مرة سيئ جدا طعم الفراخ فاسده ورميت الأكل كله والارز بدون تتبيل واول ما تفتح الفراخ تشم ريحه زفره قوي مكلناش غير السلطه ودي اول مره معن كنت بطلب منهم كتير اخر مره أطلب منهم
1357,"Well uhm the order was all good, but yeah it was missing an item: a whole liter of cola lol"
1358,ناقص المعالق
1359,Rice was missing Food was burnt
1360,Very small portions and it's high cost vs value and quality
1361,الاودر اتاخر جدا و جه بارد
1362,كان حلو جدا بس اتأخر شوية
1363,الاكل كويس و الخدمة كويسة لكن البطاطس سنة جدآ و معجنة في الباكدج . كمان اسوء كول سلو جتلي من مطعم و حتي من بريجو هي حرفيا كانت عبارة عن قطع كرنب متقطعة كبير جدآ بشكل مقزز و بدون جزر و عليها مايونيز بشكل اول مرة اشوفه في حياتي .
1364,وصل في ميعاده والديلفري شخص محترم والاكل سخن ونضيف
1365,١- مكتوب بطاطس عائلي مع العرض و اللي جيه باكيت بطاطس صغيرة ٢- الأكل طعمه ردىء و بالذات البرجر و كمان و أنا ببص في الطماطم و الخس لقيت شريحة طماطم بايظة (حتة سودة فيها) ٣- الطيار جايلي من غير فكة و لما قلتله انزل فك رجعلي و قال لي إنه مالاقاش
1366,الرز اقل من كل مرة
1367,he was really very polite and respectful
1368,Very small portions
1369,اكتر من اوردر الطلب متلج وناقص ومش مستوي كويس وده بقي متكرر علي عكس السابق
1370,توصيل الطلب اخد وقت أطول من العادي بساعة تقريبا !!
1371,الاوردر وصل ناقص التومية و الطحينة وبارد جداااا
1372,بصراحة الطعم والسعر مناسبين جدا وافضل من اغلب المطاعم
1373,بردو بطاطس لتاني مره محروقه
1374,best restaurant ever
1375,Order didn't even arrive
1376,الاكل كان سيء وبارد جدا واخر مره اتعامل معاه بالرغم انه المطعم المفضل لدي
1377,أسوأ مطعم في مصر ومش عارف تقييمه عالي ليه ممكن بيشتري تقييمات وهمية لأن 90% ان اللحمة اللي بيعملها لحمة كلاب او حمير انا اكلت لحمة كتير في حياتي بس عمري ما اكلت زي لحمة بريجو ريحتها مقرفة ولونها غامق وطعمها يقرف وقاسية جدا مش عارف مطعم ليه فروع قد كد...
1378,الاكل طعمه يقرف ومحروق وبارد وبايت وريحته في حاجة بايظة
1379,chicken too salty beef had an unpleasant taste to it
1380,الأكل تحفة و سخن و البطاطس سخنة و الصوص حلو أوي المشكلة كلها في الدفع على الابلكيشن كان إجمالي ١٥٧ و لقيت حد من خدمة العملاء بتقولي الحساب بقى ١٧١ عشان مصاريف التوصيل زادت و اتفاجيء إن مندوب التوصيل بيقول الحساب ١٦٤ بس انا دفعت ١٧١ كاش تحسبا أنه غلط
1381,الفراخ المشويه كانت وحشه
1382,helalyeman749@gmail.com
1383,اسوء اوردر فراخ حرفيا ميكولهاش حيوانات فراخ من كتر مهيأ بيته و قديمه لحمها اسوددددد و ريحتها زفت و مدرينها بحروقت الشوووي و حجم فرخه ميكفيش عيل صغير ، حسبي الله ونعم الوكيل وانا مش مسامحه في فلوس و لوله اني كان وقت متاخر كنت بجته رماته في وشكو
1384,مستوي المطعم بينزل سنة عن سنة للاسف
1385,سندوتش الفراخ قطعة الفراخ صغيره جدا ونص القطعه عباره عن خلطه مقرمشه
1386,the beef burger was very disappointed
1387,الفراخ بايته مش طازه
1388,جميل جداً
1389,They didn’t deliver the coleslaw
1390,good food but slow delivery
1391,العيش بس مكنش طازة
1392,Ir came very late
1393,الطلب وصل بسرعة وكان سخن بس الفراخ مكنتش طازه قوى
1394,the chicken is not well done
1395,The meat was dry and cold
1396,البرجر كان سي
1397,شخص محترم
1398,Food not in time
1399,اسوأ جوده و اسوأ تغليف و الأكل جاي ناقص او متاكل منه
1400,طلبت 2 ساندوتش برجر و2شاندوتش تشيكن بصراحه البرجر كان أكثر من رائع لكن ال تشيكن كان متوسط ارجو تحين الجوده فى ال تشيكن
1401,الاكل بعد ساعتين و نص موصلش و حاجة زفت جداً وخدمة العملاء عندكم مافيش اسوء من كدا وفي الاخر تقفل المحادثة وانا بتكلم
1402,"Very bad experience, customer service not helpful and unprofessional, food taste is very normal and not hot and portions atr small than expected comparing with its prices finally order has been sent to me after waiting almost 2 hours"
1403,هوه حضرتك كان حلو بس زياده في الملح والأكل جاي بارد
1404,hh
1405,الكفتة مش حلوة خالص
1406,دون المستوى المره ده الكفته وحشه جدا ومش متبله كويس
1407,الاكل تحفه وبزات البرجر
1408,الاكل جالي غلط واتاخر جدا
1409,Missing
1410,👍👍
1411,رهييب
1412,جيد جداً السندوتشات مميزة وجميلة والوجبات جيدة جدا
1413,prego is really super delicious.. we all loved it. and prices are good
1414,تحفه جميله
1415,Do small chickens compare to the price
1416,one hour after estimated time
1417,الفراخ رمناها فى الذبالة
1418,generally food was good except chicken thigh was not good
1419,not bad
1420,the order arrived way too early at 5 pm and there were no forks or spoons with the order how are we supposed to eat the rice?????
1421,الاكل تحفة ووصل قبل ميعاده بجد عظمة👍
1422,الطلب سئ جدآ لا يوجد تغليف والحاجة واقعة في الكيس وتاخير في التوصيل تجربة سيئة جدآ
1423,الاكل جيه ناقص، البطاطس مكتوب انها فاميلي و باعتلي باكت اطفال، و اخيرا الدليفري كان المفروض يديني باقي ٤٠ جنيه، قاللي هينزل يفك و مجابش حاجه و حتي الان المطعم لم يتواصل معي
1424,شكله كان حرامي و فعلا طلع حرامي قاللي هيجيب الباقي ٤٠ جنيه و مشي مجابش حاجه
1425,مطعم زباله
1426,العيش بايت اوي
1427,delivery went to a different place
1428,السلام عليكم اولا اسم بريجو كبير جدا وانا احب جميع اكلاتة بس انهاردة زعلت الاوردر جية متاخر وجية بارد للاسف زعلان اتمني لكم جميعا التوفيق والنجاح الدائم وكل سنه وانتم طيبين وبخير وسعادة عيدكم مبارك ✨🎉🎁🎉✨✨🎉🎁🎉✨
1429,الاوردر اتاخر شوية بس مش مشكلة
1430,I did not receive my order
1431,The price was 73 egp in the app. The receipt came 80 egp. The food came without rice where i wanted it specifically with rice. I spoke to the costumer service while my internet was slow he left me mid chat thinking i didnt reply. Terrible experience....
1432,Thier chicken is probably my favorite chicken to order from in Cairo
1433,تجربه ممتازه والاكل تحفه الكولسلو مكنش احسن حاجه بس كان فريش الطعم رجعني سنين كتير ورا لما كنت متعود اطلب بريجو بحد تحفه
1434,Amazing
1435,العيش بابيت ووحش جدا والأكل جاي بارد
1436,التغليف جيد إلى حدٍ ما، ولكن جودة الفرخة والأرز مش عالمستوى إطلاقاً، والسعر غالي جداً بالنسبة لمستوى الوجبة
1437,goog
1438,الاكل جميل وجه بسرعة
1439,Worst burger I’ve ever eaten didn’t have any beef taste and the chicken had too much oil… very bad food from a dying restaurant
1440,الاكل كان سيئ جدا وبارد جدآ والطعم كان سيئ حتى طلبت شيل الجلد قبل الشوى لكنه شالها بعد الشوى على اساس انى مش هعرف اشيلها والفراخ ناحية منها مشوية والناحية التانية بيضا بالإضافة ان الكول سلو كان وحش تحس انه حمضان بصراحة ندمت انى طلبت
1441,السجق مكانش حلو لكن الكفتة تحفة
1442,السندوتشات كان متبهدلة ومهروسة
1443,الرز جالي معجن وشكله صعب وكانه ملموم من أطباق ناس مخلصة أكلها!!!
1444,وحش جدااااا
1445,الكفتة والفراخ حلوين.. الكباب كان سيء جدا واللحمة مابتتقطعش كاوتش
1446,الاكل طعمة سئ جدا
1447,Came to early for iftar delivery
1448,First time was better
1449,محتاجين التوصيل يبقى اسرع شوية
1450,التوصيل متأخر الاكل بارد لكن الاكل طعمه حلو والتتبيل حلو جدا ولو وصل ساخن كان الطعم اختلف لكن وصل متأخر جدا وياريت كان وصل ساخن كنا التمسنا العذر
1451,الطلب كله خطأ والدعم الفني سيئ جدا
1452,اتاخر جدا جدا مفروض علي فطار جي ٧ وربع ده هبل
1453,كان بارد
1454,"ordered two side sauses I only got one, order with cost 200 EGP with only one bread is not appropriate the taste was very good"
1455,اول مره اطلب الاكل ويجيلي متاخر وجي متبعدل وكميه صغيره علي السعر الي بندفعو وانا كدا ممكن مطلبش منكو تاني لو لقيت ده اتكرر تاني الارز المكسيكي طعمه حلو بس كميه قليله
1456,الفراخ كانت ناشفه ومحروقه
1457,Doesn’t look like the picture
1458,الساندوتش جاف والصوص قليل و الهامبورجر اللحم مش لذيذ
1459,I ordered all my sandwiches without mayonnaise and they all came with it
1460,الاكل وصل متاخر جدا والرز نى ..تحربه سيئه جدااا..بعد التأخير ده كله
1461,انا ميتلمتش اصلا حتى الان بقالى ٣ ساعات ونص
1462,iam not receiving my order soooooo late
1463,البطاطس غير صالحه لي الاستخدام الادمي
1464,الارز نىء و الطلب كله بارد جدا جدا
1465,طعمها مكنش مستوى اوى
1466,الطعم مش حلو ومش طازة والعيش مكانش طازة والطلب بتاعى كان اتنين فراخ واتنين بيف جالى ٤ بيف
1467,الاكل وحش والكميه بقت قليله
1468,Ranch sauce was outdated and almost poisoned
1469,احسن مطعم بجد
1470,I ordered 20 piece tawook flames and the order came as 10 piece kofta and 10 piece shish (not spicy as I ordered) also the order arrived 5 mins after iftar even though I ordered it 2 hours before
1471,سئ جدا والاكل بارد
1472,I havent received the order
1473,مستلمتهوووووش اصلا انت بتهزروووو
1474,not delivered after two hours !!!!!
1475,👏
1476,الطحينه موصلتش
1477,مطعم سئ وخدمه عملاء سيئه
1478,great
1479,الاكل جاى بارد وحاجة تقرف
1480,مفييش رز مع الوجبة والاكل وصل بارد
1481,جبت عرض ٤×٤ اولا الفرايز العائلي صغير جدا و مجلد و طعمه زي الزفت البرجر لحمه اللحمه بتقرش و طعمه زززززززفتتتتتتت و محروقه و برجر الفراخ الفراخ مالحه و مفيش فراخ اصلا تلات ارباعها طبقه القلي و السندوتش جاي عرقان جوا و مبلول و حتي ليتر الكولا فتحته فار...
1482,الطيار محترم وعلي خلق مع ان الاكل جيه متأخر ربع ساعة بعد الفطار بس سلوكه وبشاشتة كفاية،، والاكل جميل،، تسلم ايديكم
1483,احنا ساعه فطار وفطرت ساعه ٧.١٥ اكل يجي بارد جدا وبرجر محروق وني من جوه وعندي ضيف ولحمه نيه خالص يرضي ربنا ثانيا بريجو اول مره يجيب اوردر كده للامانه بس دي تاني مره ورا بعض المره الأولي بازوكا ودلوقتي كده وكل مره هنكلم حضرتك ونرضيك بمعرفيش ايه ولا
1484,الأورد ماجاش وبسببهم أقسم بالله مافطرتش .... منتهى الإستهتار
1485,الاكل اقل من المعروض والطعم سئ جدا والسعر غالي
1486,The chicken breast was a tiny piece. The delivery was super fast
1487,الاكل محروق
1488,Was very bad
1489,الاكل وصل بدرى قبل الفطار
1490,The food was very tasty and the price was pretty much reasonable
1491,الفراخ سيئه جداااا
1492,مش مستوي الوجبة كلها
1493,they forgot the garlic dip
1494,سي جدن
1495,الاكل زفت منحوا لله
1496,فراخ بايتة كتير ومدفينها وناشفة جدا حجارة ولا بتتبلع منصحش اى حد يطلب منهم
1497,وجبة الشيش طاووق وصلت من غير الارز الاكل وصل بعد اذان المغرب بس مش بوقت طويل
1498,الاكل جميل بس وصل قبل ميعاد الافطار بساعة
1499,All was good - but fries were not fresh cooked
1500,برجر سوبريم مش موجود في الاوردر وكلمتهم ساعه ونص ولسه مجاش
1501,سئ جدا للأسف
1502,I asked to receive the order on iftar and instead it arrived before 5pm and of course became cold and we couldn't eat it
1503,الاكل ردئ جدا جدا جدا فعلا حرام عليكو
1504,awful meat burger
1505,very filling
1506,الطعام وصل بارد
1507,"This was the fastest order i received from you, it was also hot and fresh 🥰"
1508,حلو وجه على الفطار
1509,الخبز ناقص عن الكميه المعتاده والاكل بارد وخصوصاً البطاطس لانه مش متغلفه كويس
1510,الأكل حلو اوى ربنا يوفقكم
1511,Thanks a lot
1512,Very slow delivery
1513,الفراخ استغفر الله العظيم محروقه خالص وطعمها وحش و الكباب بيشد ومش مستوي خالص و الكفته مدهننه و وحشه و شيش طاوق نوعا ما كان حلو بس التجربه كلها كانت وحشه ومعرفتش اكلم المطعم عشان خلاص انا كلت وقت الفطار معرفتش اكل ايه ايه تاني غير الوجبه دي 💔
1514,ممتاز واكله جميل وساخن ووقت التوصيل ممتاز
1515,So good
1516,"I ordered regular, but received spicy."
1517,ضحكو علينا
1518,تم تقليل كميه الارز وبرجاء معرفه السبب
1519,الفراخ كانت محتاجة تستوي اكتر من كده بس الطعم حلو عامة
1520,didn't take the order because it came after 2 hours.
1521,سيء للغاية والفراخ المشويه وصلت مش مستويه من جوا وفيها دم ولون أحمر وكانت بشعه بجد وقدمت شكوي بدون أي اهتمام اورد من المطعم
1522,ممتاز وسرعه التوصيل في الميعاد
1523,طلبت الاوردر و المفروض انو معاة ارز الاوردر جالي من غير ارز و كمية المكس جريل اقل من المكتوب
1524,ممتاز كالعادة
1525,"Missing items, As promised fries and Coleslow."
1526,الاوردر لم يصل من الاساس
1527,طلبت بريك ميل كان سئ جدا جدا وبارد وميدفعش فيه ٣٠ جنية
1528,Chicken and shista wook was average but kofta was bad. Ordered delivered one hour before iftar so i had to eat it cold. The delivery boy was dishonest. He took 20 LE above the order cost by mistake and when i called him he told me that he will return...
1529,زفت و الكميه قليله و اقل من المكتوب و بيتصلو يغيرو قيمه التوصيل بازيد من الي حطنها علي البرنامج
1530,للاسف نصب في التعامل زياده في الدليفري وعدم وصول الطلب المختار اول واخر مره اطلب من المطعم دا
1531,I ordered from prego because the delivery time was estimated to be between 30-50 minutes. I am still waiting for my food 2 hours later. Don’t bother.
1532,الاكل جاي قبل الفطار بساعة و ربع و الاوردر جاي ناقص و حاجة قرف
1533,سيء
1534,الرز مليان ملح و معجن فى بعض
1535,food is of terrible quality and tastes really bad. threw the rest of it away. im afraid id get food poisoning as my Stomach isn't feeling OK after
1536,معاملة سيئة... عايزين يخلصوا الاوردر وخلاص
1537,السلطة مكانتش طازة زى كل مرة
1538,حلو اوى ربنا يوفقكم
1539,أحلى مشويات
1540,no rice delivered as described in the meal
1541,"Worst ever they delivered from dokki branch to maadi food was cold, sent wrong pieces half spicy and half original packaging was messed up. I could tell by the chicken it wasn’t cooked well from the wing I returned all the food after 2 hours waiting ..."
1542,Really 32 Egp delivery!! The food is not as good as the old days.. Everything is overpriced compared to the competitors
1543,الاوردر جيه من غير الارز
1544,الاوردر واصل فى كيس مش مغلف كل ساندويتش فى البوكس بتاعه ...ياريت تراعى الحاجات البسيطه ديه بتفرق جدا فى كواليتى الاكل
1545,Price
1546,Always The best. Thank you
1547,العيش كان بايت و الفراخ مش مستويه حلو و شكرا
1548,ok
1549,الاوردر وصل بعد ثلاث ساعات
1550,مش زي ماخدته قبل كده الجبنه الشيدر وجبنه الامركاني مكانتش سايحه ومكنش متظبط زي متعوده من بريجو
1551,بس كان ناقص سلطه خضرا ي نجم
1552,العيش كانت بايت و مفرول خساره الصراحه و السجق مالوش اي طعم نهائي
1553,So cold
1554,B
1555,Great choice and always fresh and tasty
1556,gamil awi
1557,وصل بسرعهةوطعمه حاو جداأااا
1558,"I ordered 4 pieces ( 1/4 ) Grilled Chicken , And All is legs"
1559,الاكل كان بارد ومش فريش علي غير العاده من بريجو 🥵
1560,bad kofta quality and taste. will not recomanded or order it again.
1561,سيئه جدا جدا جدا
1562,فل
1563,فراخ كانت محروقه و ريحتها مش حلوه و كان المفروض تكون سبايسي جت عاديه
1564,الفراخ قليلة جدا
1565,Cold
1566,طاله سبايسي وجاي عادي كله
1567,الاوردر اتاخر اكثر من ساعتين وراح علي عنوان غلك في المساحة
1568,very nice driver
1569,البطاطس تحفة تحفة تحفة الميكس جريل ورك الفرخة لم ينضج حرفيا به دم كثير للاسف الشديد
1570,كمية الأرز قليله عن العاده والأكل بارد جدا جدا
1571,ربع فرخه كان صغيرررررر جدااااا كانه ربع عصفوره مش فرخه
1572,جميل جداً وبسيب كل مطاعم مدينتى واطلب من عندهم الأكل طعمه جميل والدليفرى ذوق والأسعار معقولة
1573,They deleted the prom
1574,the food is very cold and it tastes like sh!t
1575,الكمية قليلة جدا و الفرخة اصغر كتير من كل مرة و الرز قليل جدا
1576,اخره مره اطلب منه
1577,its very bad taste!!
1578,جميل جدا خدمه كويسه اوي و دليفري محترم
1579,الاوردر اتأخر جداااا وصل الساعه 8.10 وكمان الطبق الفويل مقلوبه ومتبهدلة والاكل على بعضه و بارد
1580,الاوردر جاء شيش طاووق وبارد رغم انى طلب صدور للاسف الخدمه سيئه
1581,الكفته تعبانه قوى و الفراخ المشويه على قدها
1582,وجبة ميكس جريل مش حاطين ٢ صدر لا حاطين حاجة زي الشيش طاووق
1583,They forget the tihina with both orders and the chicken was not hot and when I called them to complain they sent the tihina after three hours
1584,الرز بهاراته مش مظبوطة ، الفراخ تعتبر مقبولة ، التومية اترمت سيئه جدا طعمها لبن بايظ
1585,زفت الوجبةً جت من غير رز و باردة و الاكل مش مشوي عامل زي المسلوق اخر مرة اطلبة مقرف
1586,الكفتة سيئه جدااااااااااااأاااااااااااااا
1587,الوجبه جت من غير رز والتوميه طعمها غريب و متغير مش زي الاول خالص
1588,ميكس جريل.. غالي وسئ.. الكبتب ريحته وحشة جدا.. اول واخر مرك
1589,الأكل وصل بسرعة وكان سخن والدليفري كان ذوق جدا وعارف الطريق الحمدلله أول مرة أطلب من المنيوز والأوردر ميتأخرش .. في تقدم عاش 👏
1590,Sorry
1591,منصحش ابدا حد بيه الكفتة مقسومة على ٢ و حجمها قد عقلة الصباع و حاجة .....
1592,رسوم توصيل ٢٥ بعد ما كانت ١٥ ، يعني بياخدوا الخصومات توصيل !!!
1593,الفراخ ناية و غير مكتملة التسوية و الاوردر ناقص
1594,الفراخ مش مستويه والكفته مش مستويه وحاجه اقل جودة لا تصدق !!
1595,الفراخ مش مستويه كويس تفضل ف الاطباق الارز تبقي مشويه احسن والكاري طعمه مش حلو خالص الارز المكسيكي اخر مره كان فيه مشكله وبرده الفراخ اللي بتستخدمها مجمده ومش مستويه كويس تجربه سيئه
1596,حرام قوي يبقى الدليفري ب ٣٠ جنيه و كان ب ١٨ جنيه تقريبا و المسافة بين المطعم و البيت لا تتعدى كيلو و نصف ، ( المطعم في الدقي و انا ساكن في ش ايران )
1597,الاكل مكنش حلو
1598,جميل جدا
1599,جيدا جدا
1600,Food was very bad and uncooked
1601,الاوردر لما طلبته المفروض فيه رز مجاش رز وجه عيش بداله
1602,Good food
1603,الاكل سئ جدا وحرام فيه الفلوس ومفيش ضمير
1604,food was cold
1605,الفراخ المشوية مش مستوية كويس
1606,جود الاكل وحشه جدا زوقت التوصيل بياخد اكتر من ساعه ونص انا جبت اكل وطبعا عشان الوقت جايلي بارد جدا فرميتو
1607,اولا الاوردر اتأخر اكتر من نص ساعة ولا اول مرة اطلبه والاكل ييجى بارد والسندويتشات ناشفة مفيهاش صوص تجربة سيئة جدا
1608,الفراخ المرة دي كانت سيئة كإنها بايتة وناشفة... مش زي كل مرة
1609,انا بطلب كتير بريجو بي المره ديه الاكل جيه بارد جدا وطالبه الساعه 7 جالي الساعه 9 بالرغم الميعاد المحدد كان 8.10 دقائق واتصلت ببريجو فضلت علي الانتظار اكتر من 38 دقيقة وفي الاخر زهقت وقفلت وبجد كنت مخنوق جدا وفكرت مجبش منه تاني علشان اللي حصل
1610,الفراخ والرانش صوص ملحهم زياده اوى
1611,spite of reduced cost portions are less in size than photo
1612,الطعم واللحم مش قد كده.
1613,"Order received without spoons or any napkins at all, specially we received the order at the club not at home where we have no solutions in this situation."
1614,Taste so bad
1615,يقرف والفراخ مش مستويه وحاجه فى منتهى الوحاشه عمرى مشوفتش فراخ مشويه سيئه كده بصراحة بجد ميستاهلش خالص زفت ومتستاهلش حتى نجمه بس عشان التعليق يوصل مش اكتر
1616,الاوردر معاه بطاطس غرقانه ملح اترمت كلها مش المفورض تطلع كده من المطعم ابدا لكن الساندونشات كانت كويسه
1617,very very bad
1618,ملح وتوابل كتير جداااا
1619,الاكل كجوده وطهى سئ جدا جدا جدا
1620,value tasty meal
1621,الدجاجه صغيىه جدا وغير متبله جيدا
1622,انا طلبت قبل كدا كان جميل بصراحه المرادي جي مش حلوه خالص والطعم متغير
1623,Terrible food and terrible customer service.
1624,Food was too salty and the restraunt didn’t answer my calls
1625,جميل جدا هادي له خمس نجوم
1626,relatively a slow delivery compared to heliopolis delivery and the food was cold
1627,طلبت مكرونه صوص احمر وجت صوص ابيض وما قدرتش اكلها مع انى كنت جعانه جدا
1628,حصل تأخير حوالي ساعة الا ربع والاكل سئ جدا التومية طعمها بايظ والفراخ مش مستوية والكفتة سيئة برضو يمكن الحاجة اللي كانت كويسة الراجل اللي وصل الاكل كان محترم غير كده التجربة سيئة جدًا واريد تقديم شكوي
1629,الفراخ مش مستوية وسيئة جدآ
1630,Good deal
1631,بنحب بريجو
1632,للأسف الفراخ المشوية مش مستوية كويس مع ان الخلطة و الطعم حلوين بس كان لازم تستوي كويس و ده للأسف بوظ حلاوة الاوردر خالص و كنت باكل بالعافية
1633,I asked to switch rice with Salad and they refused although they always used to let me do it. They got me the order with no sides.
1634,الفراخ كانت نيه من جوه شويه لتاني مره
1635,the amount of dipiny portions should increase
1636,Very nice
1637,اكل سئ جدا حسبي الله ونعم الوكيل فرع زايد المستوي نزل و اللي عايز يجيله تسمم و يفضل في الحمام يجيب منه
1638,الاوردر جه متأخر جدا
1639,توحفة واتبسط جدا
1640,اكل سي جدا فرع الشيخ زايد برجر رديئ ميدتفعش فيه جنيه مفيش ضمير
1641,الاكل جميل والكمية كافيا جدا وطعم الفراخ لذيذ جداً شكراً
1642,بردو كميه الأرز قليله جدا
1643,الأكل بارد جدا
1644,الاكل مان حلو جدل بس الفراخ حادقه شوية
1645,الاكل وصل بارد جدا جدا
1646,معظم الوقت بيبقا على المستوى المطلوب واحسن ساعات
1647,الفراخ المشوي كانت طعمها غير المعتاد .. وغير مستويه كويس 🙂🙂
1648,The meal is smaller does not desirve the price
1649,The food was cold.
1650,الأكل كله بارد و بيتأخر فى توصيل الأوردر
1651,Was good value with good pricing
1652,excellent thanks
1653,حلوة جدا
1654,❤️❤️❤️❤️
1655,طلبت رز كاري كان فاسد وريحته وحشه وطلبت فراخ مشويه كانت كويسه بس مش هجرب المطعم ده تاني لا انصح به
1656,Not Tasty as before.
1657,اسوء تجربه اورظر متاخر اكتر من ساعه
1658,انا جالي تسمم في البطن بعد ما اكلت من المطعم الزفت ده و قعدت يومين حرفيا بطني تعباني جدااا.... بحذر اي حد ياكل منه الا لو عايز يعيش يومين في الحمام
1659,الكل كان نيه شويه المره دي
1660,بارد وسيء
1661,حلو اوووي
1662,very good
1663,الاكل حلو .بس ملح زياده فى الاستربس
1664,الاكل محروق وطعمه يقرف منكو لله
1665,غير مطهي تماما وزفر
1666,محافظ على الكواليتي بشكل مش بيحصل دلوقتي
1667,مبسوط ان في مصر خدمه ممتازه كده وأكل ممتاز وسرعه التوصيل..شكرا
1668,محاش اساساً
1669,الفراخ محتاجة تتسوى شوية كمان بس والباقى فلة اة وتزود العيش شوية
1670,Akl tohfa gedan
1671,the food was good but the delivery came too late
1672,كل حاجة perfect
1673,جميل ما شاء الله
1674,ليس جيد كما هو متوقع
1675,البيف برجر مالح جدا طعمو وحش جدا جدا الفراَخ احسن شويه بس برضو مش احسن حاجه
1676,كان موجود رمل في السجق للأسف
1677,No rice added 👎🏼
1678,كمية الوجبات قليلة جدا مقارنة بالسعر وخدمة العملاء بتتجاهل العملاء
1679,السندوتش بردو جي بررد
1680,تأخير اكثر من 45 دقيقة عن الميعاد المحدد ..والاكل باااارد جدا ولايمكن اكله ... كان من الممكن تغليفة بطريقة تحافظ على الطعام من البرودة .. انا غير راضي تماما
1681,تجربة سي سيئة للغاية جودة و سعر
1682,عروض حلومه
1683,gamed
1684,طعمه سئ جدا للاسف
1685,Late Dilevery
1686,رائع جدا
1687,الاوردر اتاخر عن ميعادة ساعة
1688,مش لاقي كلام اقوله الحقيقه سأكتفي بحسبي الله ونعم الوكيل الفراخ بايظه وريحتها من عند العضم تقلب البطن والرز ابو سجق والتاني النيله ابو فاهيتا الاتنين العن من بعض جتكوا أرف لما يقرفكوا داهيه تاخدكوا
1689,انا دائما بطلب من بريجو بس دا أسوأ اوردر وصلني منهم الكميه قليله جدا عن المعتاد صوص الكاري كان عباره عن شوربه وفيها رز عائم
1690,جميل لكن كان بارد
1691,الاهتمام بما ذكر
1692,التغليف علي اعلي مستوى
1693,الرز قليل جدااا بس كان جميل الدجاجة حلوة بس كمية الرز و٢قطعة فلفل رومى صغير ه جداااا ٢علبة طحينة اقل من نص العلبة طحينة يعنى تلت العلبة طحينة عيب على السعر
1694,Not fresh food
1695,الدجاج غير مستوي و به دم
1696,Chicken are with black spots
1697,الأكل اتأخر جدا وكان متلج بمعنى الكلمة... الطيار كلمني يعرف العنوان وكان حواليه دوشة وناس بتهزر بصوت عالي كأنه على قهوة.
1698,الفراخ فيها دم و غير مذهبه جيدا للاسف. برجاء الانتباه مش اول مره
1699,ممتازه وطازه
1700,الأرز المكسيكي سيء جدا جدا اي عك
1701,The WORST they sent me فراخ بايظة و معفنة not sure how this should be listed on your platform. This can result to a serious health issuess
1702,اخد وقت كتير فى التوصيل
1703,لقيت شعرة ف الاكل
1704,rice curry didn't taste good..it should be cooked with chicken breasts not red meat
1705,اللحمة وحششة اوي الطعم كويس بس احساس اكلها زي البلاستيك بس الفراخ لذيذة
1706,مجاش معاة ارز
1707,سيء جدا والدليفري اتاخر اوى والاكل جه بارد ووحش
1708,❤️🔥🥰
1709,Food was cold And they forgot to put the sauce on the sandwich
1710,الاكل جميل
1711,كان في ساندوتش فراخ محتاج يستوي اكتر شوية .. جزء من القطعة كان ني شوية
1712,الاكل كان ممتاز بس ضايقني حركه رفض تبديل الرز بسلاطه خضرا رغم انهم كانه بيعمله كدا زمان من غير ما اطلب اول اما اقول الطلب بدون رز
1713,الفراخ للاسف جات مش مستوية اول مرة اكل من بريحو ميبقاش حلو
1714,تكاليف التوصيل مبالغ فيه جدا
1715,تم
1716,عمري مكلت وجبه حلوه بالمنظر ده …وجبه حريف دي في حته تاني 😍😍😍
1717,الاكل عباره عن عينات لسعر مبالغ فيه للغايه لا انصح
1718,ممتاز، استمروا
1719,الرز قلبل جدا
1720,The chicken is wonderful but the meat was very very bad
1721,برجر اللحمة كان سئ جدااا
1722,محترم جدا
1723,الفراخ كانت محروقه ورميتها
1724,البرجر مكنش حلو للاسف و الاكل كان بارد
1725,..
1726,الرز كان مالح جداااااا
1727,الاكل. كان بارد جدا . واكيد طعمه اتغير.. مع انه وصل في ميعاده
1728,"The taste of the food is extremely awful, it is very bad experience."
1729,عرض مهرجان الارز .... ممتااااااااز جدا
1730,"Delicious food, fast delivery and the delivery man was so polite."
1731,الاكل بارد وللاسف حاجة مش زي ما أنا متعود من بريجو رغم إني كان بيني وبين أقرب فرع أقل من ١٠ دقائق
1732,El akl bard gdnn w el order mgash mazbot w na’s 👎👎👎👎
1733,الوجبات وصلت ساخنة..وممتازة..شكرا بريجو.
1734,"Excellent, thank you!"
1735,الاكل بارد و ديه اول مره
1736,طلبت الأكل عادي وللأسف وصل سبايسي
1737,عملت اوردر انهارده مدفوع بالفيزا بقيمه ١٤٢ج، وبعد ٣ ساعات من تضيع الوقت في المكالمات، ان الاوردر راح عليا عشان الرقم مغلق ورفضوا يتواصلوا معايا تاني لاني غيرت رقم التواصل فقط ولم يتم تصحيح الموقف باي شكل من الاشكال وحاجه في قمه قله الزوق والعنوان محط...
1738,"Delicious well prepared, good packing with good value"
1739,Worst time I’ve ordered from there. Rice was not fresh at all and the portions were very small for the price paid.
1740,"The order was without rice and cold , the taste is so bad"
1741,الاكل كان مالح جدا وحرفيا اترمي - فرع زايد
1742,Rice is not enough
1743,كان ناقص 😂😂
1744,الاوردر غير كامل
1745,وحش جدااااا و مش اللي طلبتو
1746,الدجاجة كانت زفرة
1747,الفراخ ريحتها زفرة جدا
1748,The kofta this time seems artificial not tasty at all and the fries 🍟 was cold
1749,Food poisoning!!!
1750,Jj
1751,الفراخ كانت غير طازجة
1752,Very poor quality of chicken and kebab .
1753,النص فرخة وصلت باردة شوية و السبايسى قليل العيش مش فريش
1754,مش مستوي قوي زي مطلبت
1755,مطلبتش منه بقالي يجي سنة و اكتر جودة الاكل اتحسنت كتير جدا انبهرت بالطعم بذات البرجر سوبريم و ال f35 برافو استمروا
1756,8
1757,الفراخ المشوية جت باردة وشكلها بايت وسندوتش الفراخ المقلية كان مقلي في زيت مش كويس بس سندوتش البرجر كان حلو
1758,"The order is good but without service ( katchub, knifes and tissue)"
1759,the new garlic dip is WOW
1760,الارز بالفراخ المكسيكية هايل
1761,متأخر جدااااااااااا
1762,بارد وسئ
1763,💯
1764,صغير
1765,bad portions guys very bad !
1766,البرجر كان محروق و بارد
1767,الفراخ مش حلوة زي كل مرة ومكنتش متبلة كويس ومش اسبايسي اوي
1768,الاكل بارد جد لايوجد منديل
1769,"The chicken sandwich was great but the beef burger was very dry, I didn't like the beef one. Overall better than average experience."
1770,انتوا مطعم جامد جدا و بروفيشنال جدا
1771,بطلب نفس الاوردر علاطول كذا مرة وكل مرة بديه ٥ نجوم ...اول مرة يجي سيئ الرز ناشف جدا والفراخ متسخنة تحس الاكل كله بايت مش طازة زي كل مرة دا غير انه قعد ساعة ونص بس مش مشكلة عشان الاوردر كان متأخر
1772,مطعم خره لان الاميرية اوت زون مينفعش سكان الاميرية ياكلو عشان خاطر عيون الدليفرى
1773,"Good chicken breasts, tenders a bit salty and oily, Very very slow delivery"
1774,جوده الاكل جيدا جدا كميه جيدا والسعر كويس
1775,تاني مره اطلب و يكنسلوا الاوردر، والمره دي بعد ما وافقوا ع الطلب كنسلوه
1776,سيء جدا وجالنا نزلة معوية حسبنا الله ونعم الوكيل
1777,الاكل بارد والاوردر جه زياده فى السعر
1778,الاوردر موصلش اصلا بعد انتظار ساعتين
1779,فين الاوردر لسه موصلش
1780,بارد بس
1781,الطعم سئ جدا وبارد
1782,"The food was not cooked good and not fresh. The chicken and potatoes were fried in an old oil. Bad experience, don't recommend Mokatam brunch."
1783,زي الزفت طالب اوردر معاه ارز وجاب من غيره واتصلت بيهم وعرفتهم وقالي خدمت العملاء هتكلمني ومكلمنيش ومخدتش معاهم عقاد نافع
1784,الحساب كان ١٢٥ جنية و اديت الطيار ٢٠٠ جنية و قولتله هات ٧٠ جنية و قعد يماطل كتير و كان عايز ينزل يفك الفلوس و هو كان معاه فكه و مش عايز يطلعها
1785,الفرخة صغيرة جداً ولم تنظف جيداً من الجلد الزائد وطعمها وحش
1786,الأكل سيئ جداً والكرسبي غير ناضجة والإضافات فقيرة جداً تجربة سيئة جداً ولن تكرر
1787,البطاطس كميتها قليلة وطعمها مش قد كده
1788,الدليفري مان كان في مشكلة مع
1789,ناقص للأسف
1790,the order that was listed was different from what came!
1791,البرجر كان محروق
1792,التوصيل جاء متاخر الاكل وصل بارد علب الأكل مش مقفوله و الارز واقع داخل شنطة الدليفرى حاجه تقرف
1793,اول مرة اشوف مطعم بيرمي البطاطس في البوكس كده من ميكون حطتها في علبة والتغليف بتاع السندويشات كان سيء جدا والاكل كان بارد والاوردر اتأخر كمان كانت اول مرة اطلب من المطعم واكيد مش هتتكرر تاني ابدا
1794,The chicken wasn't well cooked.
1795,جودة الاسبايسي قلت خالص
1796,"Thevfoodbquality is good as always BUT For the second time, Tahina cups was damaged and spilled everywhere."
1797,الاكل وصل بارد وطعم الفراخ ماكنش كويس
1798,المطعم بيشوف الملاحطات وبينفذها من المطاعم القليلة جدا اللي بتهتم بالملاحظات اللي تطلبها
1799,الاكل طعمه وحش
1800,كمية الرز الاضافي مش مستاهلة السعر ده
1801,السندوتشات كانت حلوه جدا كالعاده. بس النص فرخه كانت صغيره و تتبيله مش كويسه
1802,"Food was hot , portion is good and order came b4 time"
1803,الارز كان بايت تقريبا و جي مكتل و مش نضيف
1804,الكفته كان مالحه و الثوميه مش حلوه بس الباقي كويس
1805,perfect taste
1806,مطعم سيئ الاكل وصل بعد ساعتين و وصل بارد و الاوردر ناقص و لما اتصلت بالمطعم قالوا هنبعت اللي ناقص و مبعتوش حاجة
1807,Tamam
1808,Was cold
1809,هو الاكل مالح و الصوص الهليبينو مش حراق و مش طعمو عادي الي هو مش حلو وله وحش ونفس الكلام لي الصوص التاني العاش كويس و طعمو حلو البطاطس العاديه كانت فرش و حلوه الفرخ كرسبي بس ملحها و البطاطس المونزريلة طعمها حلو بس شكله محتاج تنظيم و الخدمة كويسه
1810,الفراخ مكنتش مستويه
1811,احسن اوردر بصراحة من فترة كبيرة
1812,الفراخ مجلده وسئه جدا و متلقي الاورد ر من المطعم غير متعاون
1813,طلبت 2 نص فرخة بدون عظم جالي نص من غير عظم ونص بعظم مع اني ماطلبتوش كدة
1814,الاكل مش نضيف..لاقيت دودة صاحية في السندوتش هم بعتولي اوردر تاني و اعتذروا و قالوا الشيف هيتحاسب بس ده مش.كفاية و دي حاجة مش مقبولة نهائي..
1815,Normal food
1816,الطعم تمام جدا ولكن الاوردر وصلى الأرز واقع خارج الطبق فى الكيس والساندوتش كانه مهروس
1817,chicken was not cleaned good
1818,الاكل كله بارد وطعمه وحش جدا ورميته
1819,الاوردر اتكنسل لوحده و المكالمات ربع ساعه ويتينج خدمه سيئة ومش هنطلب تانى
1820,صوص الرانش مجاش رغم ان ثمنه مدفوع و فى الفاتورة
1821,Chicken wasn’t as I expected
1822,the crispy chicken is so good and large piece of chicken the share meal is good crispy fries is exceptional❤️
1823,تسمم من البرجر والبطاطس
1824,الحمدلله الاكل حلو اوى
1825,الاوردر وصل متاخر جدا والاكل كله بارد اوي
1826,food was undercooked
1827,الكميه غير اللي فالصور
1828,Best spicy boneless grilled chicken
1829,الأكل حلو، الرز حلو والمشاوي حلوه والبطاطس كمان
1830,7waaaaar ❤️
1831,The delivery took so much time to arrive
1832,كنت طالب عادي جالي سبايسي
1833,الاكل بارد ومش زي اول ما طلبناه نرجو الاهتمام انه يفضل بنفس المستوي الاول
1834,The food was really good. Highly recommended👍🏻
1835,بجد مطعم انصح بيه الكل جودة عاليه وبيهتمو بالتفاصيل انا بحب بريجو
1836,السعر اغلى مما كان متفق عليه اخترت اوردر بسعر ووصل بزياده ٨ جنيه مع مراعاة أن ثمن التوصيل محسوب من قيمه الأورد يرجى مراجعة ثمن الاوردر قبل أن يحصل عليه العميل وإلا فإن هذه سرقه
1837,its the best restaurant in egypt and always improving
1838,كل شئ ممتاز كالعادة
1839,High quality food and packaging
1840,جميله
1841,Thank u
1842,ياريت كل الاوردرات الي اطلبها منكم تكون بنفس اخر اوردر شكرا جزيلا بريجو
1843,السعر زايد عن الابليكيشن كل مرة ليه كدا؟!
1844,very very good food 👌😉
1845,"Prego was literally one of my favorites, only to find hair that time."
1846,الطعام بارد والساندوتش لا يوجد به صوص تكلفة خدمة التوصيل أعلى من المذكورة في التطبيق
1847,فراخ كانت نشفة
1848,غالي شويه
1849,بحبه بحبه بحبه
1850,عرض تحفة
1851,الاكل بجد اقل من عادي
1852,روعة، فعلا من أحسن المطاعم فى مصر ودايما فى مستوى عالى
1853,كل حاجة كويسة بس الوجبة كانت مكوناتها القطع صغيرة الحجم جدا
1854,ممتاز جدا جدا
1855,مكنش سبايسي
1856,مش عارف مستواكم اية الحصلة كنتو احسن مطعم فرايد تشكين و فراخ مشوية دلوقتي الفراخ مقرفة و بتستخسرو حتي تحطوا فساندوتش ب ٦٠ جنية حتة فراخ كاملة فرع المعادي محتاج تظبيط
1857,الطحينة فاسدة لا تصلح للاستهلاك الادمي
1858,الاكل رائع
1859,الفراخ وحشة اوي
1860,الأكل كان بارد و الثوميه ادلقيت في الكيس
1861,The order took 2 hours and half and i was reaching the customer service they kept telling me there is a problem and they will fix it and by the end I didn’t receive my order as the restaurant obviously canceled by itself without even contacting me or...
1862,الفراخ مالحة جدا
1863,بجد معاملة سيئة خدمة العملاء مش متعاونين وكمان ال خصومات بعد ما يتعملها تفعيل مش بتتطبق
1864,الفراخ جت بايظه.اقذر مطعم فعلا
1865,food was not that good
1866,الطحينة حمضانة والرز بايت
1867,الرز مش مستوي كويس
1868,الكلوسلو كان سيء جدا
1869,مجاش فراخ مع الطلب
1870,زيادة الاهتمام والرضاعة مقابل السعر
1871,المشكله ان الاوردر وصل بعد ساعه ونص
1872,كله تمام وحلو جدا بس ساندوتشات الدجاج كانت التتبيله حادقه
1873,الفراخ صغيرة جدا
1874,الفراخ صغيرة جداا وناشفة ومش سخن خالص
1875,الاكل حلو بس ساندويش الفراخ المشوية محتاج يكون مور جوسي
1876,ياريت يتم تغيير العلب الكارتون اللي بيتحط فيها البطاطس بالشيدر و الهلالينو الي علب بلاستيكية ويتم وضع البطاطس فيها وبها كوب خاص الشيدر يتم اضافتة بواسطة العميل.
1877,Was very cold
1878,ThAnks
1879,السعر في التطبيق كان غير السعر اللي في الفاتوره الجايه من المطعم
1880,معظم الوجبه ارز والفراخ قليله جدا
1881,price is too high
1882,الرز كان وحش جدااااا
1883,Ghahaha
1884,food was cold a little bit
1885,Grilled kofta galy feh dabana f el akl
1886,Rice is not fresh
1887,تحسها ساندويتشات بيتي مش مميزه وملهاش بصمه
1888,الرز كان طعمه كأنه مسلوق مفيش أي بهار واتصدمت بصراحة من نوعية الطبق الفويل الرديئة المفروض بريجو أعلى من كدة إحنا متربيين على أكله من أيام الجامعة
1889,الطحينه كانت بايظه
1890,food was delivered cold
1891,الاكل تحففففففة
1892,The taste is good but the chicken was so small.
1893,الكل اخر كتير جدا وبارد
1894,الكمية قليلة جدا
1895,worst food for the third time respectively
1896,ليس حارا
1897,الاكل بارك جدا و علب البطاطس حاية مقلوبه
1898,التوميه كانت مفتوحة و المعلقة رغم انها كانت متغلفة بس كان جوا فيه وساخة و الطبق كان متطبق من فوق
1899,فين free combo?
1900,طلبت نص فرخة مشوية و بطاطس بالجبنه، جالي ٣ قطع شيش مع رز وملقيتش معاملة كويسه ولا تعويض
1901,الشيش حلو جدا كالعادة بس الكرسبى تشيكن كان فى زيت كتير
1902,الفينو بايت ووحش جدا والأكل بارد جدا
1903,chicken is so small.
1904,الطعم سيء علي غير المعتاد
1905,الفراخ تحفه وتتبيلتها حلوه جدا وسخنه والرز حلو جدا جدا
1906,الاكل مكانش حلو زي كل مره
1907,N
1908,جميل لكن البطاطس مش حجم عائلي برضوا
1909,To7faaa😍
1910,الاوردر اتأخر جدا والاكل كان بارد جدا لم استمتع به اطلاقا
1911,Very good Tasty
1912,انتو جامدين فشششخ
1913,الفراخ حلو بس البيف مش اوي ناشف
1914,I honestly love prego but the last 2 orders weren’t good a i expected
1915,طلبت طحينه ووصل توميه التوميه بايظه ( طمعها سئ جدا ) الاكل بارد
1916,الأكل حلو اوى وطعمه لذيذ
1917,البطاطس وحشة جدا و صغيرة جدا جدا
1918,الاكل سئ جدا خاصة الشيش كان ني
1919,The meals was very spicy and not delectably
1920,اكل تحفه وحجم مناسب وطعم جميل اجمل معامله وخدمه
1921,مطعم سئ جدا اولا الطلب كميته صغيرة جدا مقابل السعر المبالغ فية ولا يوجد سلطات كافية مع الطلب مجرد طبق رئيسى فقط والتسوية للاكل غير كافية والطعم غير جيد بالمرة
1922,الاكل جميل بصراحه وخاصه الكرانشو تحفه
1923,كميه قليله جدا
1924,"Good food, but long time for delivery"
1925,بارد
1926,Raw chicken from inside and burnt from outside
1927,الأكل حلو و وقت التوصيل ممتاز لكن الفراخ كانت صغيرة حدابالنسبة للسعر
1928,Order was very late and there were items missing. Restaurant did not call even though I contacted support multiple times and delivered the missing item after 2 hours. Will not be ordering again
1929,الطيار يتصل قبل ما يحضر و يقوللي امامه عشر دقائق و لا يصل الا بعد ٢٥ دقيقة.. و يكون متضايق لو انا اتاخرت عليه مع اني جئت اليه بعد خمس دقائق من وصوله الى مكاني... الطعام جيد و القيمة جيدة و مناسبة و النظافة و التغليف لا يعلى عليها
1930,Excellent food. Excellent restaurant
1931,Food was great but delivery was 40 minutes late
1932,الفراخ ملحها زيادة والتوصيل جه بعد المعاد
1933,Garlic wasn’t good
1934,البطاطس باردة جدا وما لها طعم وكميتها قليلة جدا
1935,delicious food
1936,الاوردر وحش جدااا واخطاء كتير واهمال شديد جدا بالعملاء اولا العيش جاي بايت ومتقمر ووحش جدا ثانيا الكفتة جاية مجلدة ووحشة فوق الوصف ثالثا انا طالب طحينة زيادة مش جايبين طحينة اصلا وجايبين ثومية رابعا الاوردر كله شيش طاووق مفيش فراخ اصلا جت المفروض
1937,الاوردر وحش جدااا واخطاء كتير واهمال شديد جدا بالعملاء اولا العيش جاي بايت ومتقمر ووحش جدا ثانيا الكفتة جاية مجلدة ووحشة فوق الوصف ثالثا انا طالب طحينة زيادة مش جايبين طحينة اصلا وجايبين ثومية رابعا الاوردر كله شيش طاووق مفيش فراخ اصلا جت المفروض...
1938,المفروض مع كل طلب اساسي معاه طلب اضافي طحينة او نوع تاني .. ويتم تحديدة في الاوردر .. ولكن لا يتم الالتزم بما هو مطلوب وتصلنا في العادة وكل مرة ٢ ثومية .. واضح اللي باقية عندكم .
1939,الفراخ صغيره جدا بس حلوه اوي
1940,Not as expected
1941,baadddd service 👎👎👎👎👎👎👎👎👎👎👎👎👎👎👎👎👎👎came after 2 and half hour !!!??! bad call center attitude lie alot
1942,الطعم مش حلو.. معجبنيش
1943,الملح كان زيادة شوية في الشيش طاووق
1944,❤❤❤
1945,الاوردر سى جدا الفراخ وحشة جدااااااااا
1946,انا طلبت اتنين Mexican rice واحد سبايسي و التاني عادي بس الاتنين جولى عادي
1947,حلو جدا لكن الشطه مبالغ فيها.
1948,نفسي يبقي خضار او شوربه او ملوخيه الاكل طعمه حلو و دايما مميزين
1949,الاكل بارد و كنت طالب طحينه جات ثوميه
1950,very bad service very bad taste and very late to deliver
1951,"frankly speaking it's the best, fast delivery superb taste very good portions, good price"
1952,Order delivered cold and not spicy as requested.
1953,اول مرة الأكل يبقي مستواة سئ كدة من عندكو حقيقي تجربة مش لطيفة
1954,الاكل مكنش سخن
1955,الاكل ممتاز جد لكن التاخير كتير
1956,الاكل جميل بس الطحينة كانت حمضانة يا ريت تخلو بالكم بعد كدة
1957,الكفته حلوه جداً والرز بس الفراخ رميتها مش مستويه نيه خالص حتي باين من التعليقات اللي قبلي ان الفراخ فيها مشكله مش عارف بقي الاداره مش بتحاول تحل المشكله دي ليه
1958,العاملين بالفرع نصابين
1959,بطاطس شيدر هاليبينو كل شوية حاجة فيها بتقل، في الفترة الأخيرة لما بقتوا تحطوها زي البرجر بتيجي مقلوبة على ناحية، المرة دي عليها مسحة بسيطة جدا جبنة، والهاليبينو قل برضه ... رايحين بيها لفين؟!
1960,thx prego
1961,لم يكن الحجم كالمعتاد والتتبيله
1962,Not as good as every time and it wasn't spicy as I ordered.
1963,كمية الرز قليل
1964,Taste is good but chicken was smaller than usual and too much rice.
1965,الطعام طازج لكن الكمية قليلة
1966,m
1967,فراخ سبايسى تحفه 😍
1968,Didn’t follow my order notes
1969,من الافضل للأسوأ
1970,الفراخ جايه متسخنه مش معموله طازه و طعمها المره دي وحش جدااا و صغيره اووووووى
1971,الارز المكسيكى وحش جدا
1972,الطلب عالابلكيشن كان ب90 الريسيت جالي 98
1973,الفراخ محتاجه تسويه حاجه بسيطه زياده عن كده و في زياده عن السعر المكتوب علي التطبيق
1974,Chekin taste is very very bad
1975,طعم ممتاز، سرعة توصيل ممتازه، packaging كويس ولكن الكميه صغيره شويه
1976,شكرا على الاهتمام بتوصيل الاكل فى أسرع وقت
1977,الفرخة محروقة وصغيرة جدآ جدآ تعمل كتكوت صغنن
1978,Representative collected full amount and didn’t apply el menus discount
1979,بصراحه الاكل المره دي استغفر الله العيش ناشف واافراخ زفره بجد ندمت
1980,Food was cold specially rice hence the taste was really bad
1981,"small chicken, little rice"
1982,The food was amazing everything was excellent quality and extremely tasty thank you ♥️
1983,غالي جدا علي الفاضي
1984,Was so badddddddd and i order alot from the restaurant and this time was not good
1985,quality of food 👌
1986,جاي بعد ساعتين الفراخ نية وحاجة تقرف
1987,"It was the worst the chicken was not cooked all the food on the another , cold as it was cooked from like 3 days ago and putted in the refrigerator and then they gave it to men , I am really frustrated"
1988,Mexican rice the portion is small
1989,اكل حيوانات مش اكل طبيعي الأوردر وصلني من غير معالق خالص و بعدها الفراخ لونها غامق و طعمها غريب و فيه قطع دهن كتير بطريقه مريبه و حاجه تخليك تقرف تأكل أساسا الاكل سبتهولهم و استنيت حد ياخده و يرجع لي فلوسي وولا عبروني حتى
1990,الاكل حلو ووصل في ميعاده بس بدل ما يجيب رز بالكاري جاب رز مكسيكي.
1991,الاكل كان سبايسى وانا طلباه عادى
1992,شكرا
1993,driver is excellent 👍
1994,Cheesecake was horrible The food came hot and was delicious but please I do not recommend the desserts in Prego Very bad desserts
1995,سي جدا
1996,All items are full of salt and no taste at all couldn’t able to eat anything.
1997,The rice is not spicy
1998,مش جيد والطعم مش مميز والفراخ مش مطهية كويس فى العموم الاوفر بعد الخصم سعره مش مناسب للمقدم
1999,الاكل ناقص و بارد مع إني ساكن في العمارة إللي جنب المطعم
2000,slow delivery but good food and value
2001,Super delicious Special thanks for the delivery man❤️
2002,الاكل سئ جدا الفراخ مش نظيفه وفيها ريحه والعيش بايت والكفته نيه
2003,الاكل جه سئ جدا جدا جدااا والفراخ مش نضيفه وفيها ريحه والعيش كان بايت وفيه ريحه بردو .. تجربه سيئه ومش هتكرر تاني
2004,Amazingly perfect
2005,The food wasn't fresh
2006,الارز قليل جداً جداً عن المرات السابقة
2007,بامانه اسوء تجربه ع الاطلاق و يعنى ايه يبقى الاوردر ب٥٥ و السواق معاه فتورة ب٧٥ و يحسبنى ع الفاتورة
2008,Chicken Mexican rice سئ و الفراخ مش مستويه w cury rice سئ جدا مش هجربه تانى
2009,more cost than application
2010,الاكل في المجمل تحفه بس السلطة مافيهاش طماطم شيري نهائي هي نص طماطماية بلدي
2011,وجبة الشير كان فيه عدد ه كفته جه ٤ والارز المكسيكى الفراخ قليله جدا وكان مطلوب سبايسي وصل عادى
2012,سئ جدا الاوردر ساعتين وصل والاكل بارد
2013,thank you
2014,طبق الارز الميكسيكي دا خرافي 🔥🤍
2015,مهذب
2016,الأكل حلو بس حجم القطع صغير جداً
2017,Delivery fee that you charge more than what’s displayed on the app
2018,هايل
2019,الوجبه صغيره جدا
2020,El order kan gai na2a mfrod kont talba colslue w mgtsh m3a order
2021,كنت مبسوطه من الاوردر لان كان عليه خصم حلو
2022,الاكل طعمه جميل ما عدا البطاطس واصلة باردة
2023,الاكل ممتاز
2024,تسلم ايديكو
2025,الاكل حلو اوي و جي سخن و فريش و الدليفري جه بسرعة
2026,fries and garlic dip were horrible
2027,الاكل بارد جدااا
2028,الكفتة مش حلوة
2029,صغيره خالص
2030,الاكل و صل بارد جداً و متأخر و التغليف مكنش مظبوط
2031,فىخة صغيرة جدا كيلو مثلا
2032,الاوردر ممتاز والدليفرى محترم جدا لكن توقيت اعداد الاوردر تخطى الساعه ونصف ودة هيخلى العملاء يختارو مطاعم اسرع
2033,Rude delivery man and very very very late delivery!
2034,"I ordered pane and grilled chicken sandwiches, both were good I prefer the grilled chicken the delivery was fast and the food was hot"
2035,جميله بصراحه بس ياريت يبقي الاكل بزيت زيتون عشان الدايت
2036,حلو جدآ
2037,مكنتش متوقع انه هيبقى بالمنظر ده وبالاخص اني بطلب منه قبل كدا الاكل جاي متبهدل والكميه قليله حرفيا مكنتش باينه من العلبه اللي موجوده فيها
2038,الطحينه عددهم 2 واحده حمضانه والتانيه حلوه والرز يوم كان كتير واليوم الثاني كان أقل بس المجمل الاكل حلو
2039,الفراخ مش مستوية كويسة
2040,الفرايز مزيته ومش فرش خالص وعباره عن بواقي متكسره ومحروقه حاجه تقرف للاسف مش عارفه ليه عملتوا كده الفراخ محروقه عالفحم .. وعالاغلب من كتر التسخين نشفت
2041,bad bad bad very very bad
2042,من اسوء الاكل لأكلتو بحياتي طعام سيئ جدا
2043,الطعم وشكل الاكل مش زي زمان
2044,الرز تحفه بس الفرخه صغيره شوي
2045,التغليف ممتاز ولكن السعر غالي جدا مقابل الخدمة.
2046,helw
2047,الكفته مش حلوه خالص
2048,تم استلام الطلب بعد ٣ ساعات وأكثر
2049,زفت فى كل حاجة استغفر الله العظيم
2050,ه
2051,الاكل طعمه حلو بس الروز جالى معجن وربع الفرخه الى مفرووض تبقى مع الوجبه. صغيره جدا جدا جدا
2052,ال تشيزكيك منتهي الصالحية
2053,الوجبة رز بس، مافيهاش غير قطعتين فراخ بالعدد… وجبة سيئة جدا ولا تستحق سعرها نهائيا
2054,very delicious
2055,ع
2056,حجم الكفته والفراخ صغير هو الاكل طعمه كويس لكن حجم الوجبه قليل
2057,مستوى الحلو ضعيف
2058,الفراخ حادقة جدا ومش باعت كاتشب
2059,تمام زي الفل
2060,الأكل حلو لكن السعر كان زايد ٣٠ جنيه عن سعر الابلكيشن
2061,الاكل كان فيه ذبابه ميته
2062,السعر اغلى ١٠ جنيه عن الاوردر على الابليكشن
2063,الاوردر وصل غلط و بارد
2064,small quantity of food compared to anas eldemashky
2065,طلبته سبايسي وجه عادي
2066,احسن مطعم في التطبيق من حيث جودة الطعام وسرعة التوصيل وثبات جودة الخدمة
2067,اكل طازج
2068,سئ جداااااااااا جدااااااا
2069,Very Good
2070,البطاطس كانت قليله جداااااوبارده ومجلده اوووي والاكل بارد
2071,Salty and cold
2072,مجليش اى بطاطس محمره اصلا
2073,الاكل كان سيء جداااا و مش مستوى كويس و من تعتبر اوحش تجربة ليا من بريجو من فترة كبيرة جدا
2074,Wrong extra order
2075,اخدا منى ١٠ جنية زيادة عبارة عن صدر بدل ورك وفي الاخر بعتين ورك
2076,المره الاولي كان حلو اوي... المره دي كان وحش اوي
2077,الفراخ كانت وحشه جدا
2078,الاكل حلو بس الطحينه كانت بايظه 😔
2079,الرييسيت مختلف مع الطيار عن السعر اللي علي التطبيق
2080,الوجبه متكروته والاتنين ورك
2081,لقيت دوده في السلطه يامحترمين !!
2082,Not good taste
2083,الطحينة حمضانة
2084,لا ميرسي جدا بجد الاكل جي سخن وجميل جدا
2085,اللوردر مظبوط والطعم مظبوط و مشوى حلو جدًا والباكدجينج زى الفل، التيراميسو بس اللى كان مش قد كدة بس التجربة كلها جميلة
2086,البرجر طعمه رهيييييب بجد تحفة وهاي كواليتي وشغل فاخر من الاخر ياريت تفضلوا تعملوا اوفرز علي السندوتشات كتير كده
2087,البرجر وهمي
2088,كويس جدا
2089,دايما مستواكم يشرف وطيارين الديلفري محترمين ووجهة مشرفة
2090,كان وحش جدا و كان اسباسي بي طريقه اكتر من الطبيعي
2091,جميل بجد
2092,الاكل مقبول و سعر العرض مناسب
2093,كنت طالب اسبيسى جالى عادى
2094,الاكل كان ساقع ياعم انتوا بتعملوا معانا كدا ليييية 💔
2095,fr3 el shrouk a7la bkteer bs da msh we7sh bardo
2096,كالعادة فراخ بجوده ممتازه و دايما طازه.
2097,الفراخ محتاجه وقت تسوية اكتر
2098,وحش جدا وارز معجن والفراخ زفره
2099,"It was overspicy, nearly not edible, however the overall quality of the meal was excellent! 4 stars not 5 because of the unreasonable spicy level."
2100,Kinda raw
2101,الفراخ كان فيها طعم الدم وزفره ومش مستويه كويس خالص بجد المستوى بقى فى النازل جدا
2102,the food was so cold
2103,the chicken was so small
2104,كل شئ كويس الطعم والسعر والتوصيل
2105,Slowest delivery ever had to cancel the order
2106,الاكل وصل بارد جدا ثانيا الدجاج عليها حاجات سودا بواقي زيت قليه وجودة الطعام كانت سيئة للاسف
2107,beef burger really bad chicken was perfect
2108,👍🏽
2109,الاوردر بعد اكتر من ساعة اكتشفت إنه متسجلش عالسييتم واضطريت استنى يتعمل من اول وجديد
2110,gg
2111,مش هقول غير ان كان في ظفر صابع في الاكل
2112,ممتاز جدا وهطلبه ع طول
2113,good taste
2114,البيوصل طلب مبلغ غير الموضح علي البرنامج وقالي مليش دعوة بالبرنامج.. دي مش خدمة شركة محترمة خالص
2115,very bad the worst time I ever ate a grilled chicken really I was disappointed
2116,كل شئ ممتاز
2117,عدم وضوع الصوصات مع الأوردى
2118,done
2119,خرا تسمم بس
2120,الاجمالي ١٢٦ الريسيت ١٣٣
2121,The whole chicken wasn't spicy as ordered but it was good
2122,كان جي مقلوب
2123,👌👌
2124,Extra money on delivery
2125,Rice with curry was not well done
2126,i've orderd same order before but this time it came cold and portions are less than the last one
2127,الطعم حلو بس حجم الفراخ صغير اوي
2128,اوك
2129,الطعام جيد بس كميه الفراخ غير كافيه والبطاطس هالبينو جيده جدا بس ياريت تكون مغلفه في طبق وليس علبه كرتون
2130,الاكل جميل جدا و طازة جدا الحقيقة...لكن الملح زيادة اوي للاسف شكرا
2131,ممتاز فى كل شئ
2132,يفضل أن تحرصوا على تغليف الاوردر بالاسترتش بشكل محكم لكى يصل ساخنا واذا اضفتم اغلاق الكيس الخارجى بإحكام ايضا سيجعل فيه اطمئنان لعدم فتح الاوردر بعد خروجه من المطعم
2133,الاوردر اتأخر و جيه سبايسي وانا طالبه عادي !!
2134,يحب ألا اهتمام بالمنتح أكثر من كدة الطمام والخس تعبانة اوى
2135,الارز جاي ناقص خالص يعتبر الوجبة جايا شيش و عيش بس و دا عكس اللي متعود عليه من بريجو
2136,ياريت الاكل يجي سخن شويه
2137,the pieces of the chicken and kofta were veey small
2138,ممتاز جداا
2139,الفراخ كانت صغيره اوي و ناشفه و بارده و
2140,الاكل جه سيء جدا و بارد
2141,سئ للاسف
2142,Below average
2143,الفراخ المشوية سيئة جدا جدا ..مطاعم اقل منكم مليون مرة وعمري ما اكلتها سيئة كدة ..لا تستحق غير ان تلقي ف القمامة
2144,مكان محترم
2145,وجبة جيت من غير كفتة
2146,الاكل رائع المندوب مهذب وشيك الكميه تمام الحمد لله كله جميل
2147,So yummy 😋👍👍👍👍
2148,Very very bad service
2149,was exceptional
2150,حجم الفراخ صغي جدا
2151,كذا مرة الحاجات تيجى نية ، مرة الكفتة مرة الكباب و اخر مرة الفراخ كانت نية بدمها و اترمت فى الزبالة
2152,بريجو ... الغالي ثمنه فيه
2153,Amazing restaurant
2154,البطاطس وحشه و بارده
2155,فراخ معفنة ومزيتة وملهاش طعم وحاجة ارف
2156,Very bad sandwiches
2157,delivary is so expensive
2158,طلبان عروض بريجو مش بتكون نفس الإتقان ف الاوردر العادى
2159,good driver
2160,I didn’t receive the order as it took 1 hour and a half
2161,the tahina was expired the rest was awesome as expected
2162,مستوي طبق بريجو ميكس ليس كالمعتاد. الكمية أقل في حجمها وجودتها.
2163,مالح
2164,الصراحة لولا خدمة الدعم من التطبيق كنت لغيت الأوردر، و أشكر الأستاذ عبد الرحمن على دعمه و متابعته الأوردر لغاية ما وصلني
2165,"I received 3 Kosta and shish tawok instead of 2 of the above and one mix grill, inaddition the chicken in the rice was smelly."
2166,الاكل حلو اوووي و الدليفري ممتاز والعروض ممتازة
2167,الطيار كان يحمل الطعام فى كيس بيد الموتسيكل بدون صندوق خاص لحفظ الطعام
2168,حجم الفراخ بجد كان صغير جدا مش اول مرة اطلب فراخ مسحب بس دي اول مرة تيجي بالحجم دا فعلا كانت عبارة عن ورق و رفيعه اووووي لدرجه اني معرفتش الصدر من الورك اصلا
2169,الاكل كان جميل جدا بس الملح كان زايد حبة في الارز
2170,الفراخ والشيش مش مستوية كويس... ومش أول مرة... مؤخرا بقى كدة
2171,البطاطس جايه كرسبى وانا كنت عاوزاها عاديه وكمان وحشه
2172,متعاون
2173,أنا اكلت كتير في بريجو بس المرة اللي عملت فيها الاوردر الفراخ ماكنتش بنفس الجودة اللي متعود عليها والسلطة ماكنتش حلوة خالص
2174,أسوأ اوردر طلبته منكم فى حياتى الفراخ و اللحم معاد تسخينهم واسوا طعم تماما للأسف اخر اوردر من عندكم
2175,v
2176,الوجبه كويسه بس انا مازلت متضايق من المكان ده عشان شال وجبات الكيلو من الفاليو ميل
2177,"Waited 2 hours for an overpriced meal only to get it half cooked and cold af. I used to be a regular months ago. Honestly, I shouldn’t have come back. Big L"
2178,الكفته بتاعتهم وحشه جدا قبل كدا كنت جبت من عندهم فراخ مشويه و عجبتني جظا قولت المره دى اجرب الكفته لاقتها طعمها عامل زى كفتة الرز مش لاحمه صافى حاطين فيها كذا مكون عشان تبان انها كبيره و غير كدا كانت حاظقه اور رفعتلى الضغط .. الصوصات و الكول سلو ...
2179,محترررم
2180,الرز معجن الفراخ كانت معقوله
2181,الطلب كان ناقص و الحلو مكانش موجود و كلموني و غيرته
2182,The coleslaw was disgusting
2183,food is not fresh
2184,Extremely late and food was cold and couldn’t eat it..
2185,i payed more than it was said on the app
2186,الطعام كان سئ
2187,it's tasty but very small portions ... I will never order from that restaurant again...
2188,chicken was very salty
2189,amazing 👏 🙀
2190,Food wasn't hot.
2191,طعمه ممتاز
2192,It took very long time
2193,الجبنه قليله جدا ف البطاطس
2194,part of the food was very salty
2195,ناقص بطاطس عائلي
2196,المشكله الوحيده تقريبا الفراخ مكنتش طازه
2197,الطلب جاى على بعضه والصوص مغرق الدنيا وخارج من التغليف وحاجه صعبه بس الطعم حلو بصراحه
2198,متاخر شوية
2199,مستفزين جدا شاله كل الفاليو ميل بتاعه الطاووق أو الكفته و سايبين بس وجبات السندوتشات و الكلام ده علي المنيوز بس ،باقي الابليكيشن زي طلبات و غيرهم الوجبات موجوده عادي و اشتكينا للمنيوز و ما حدش بيعمل حاجه اسوء خدمه عملاء بجد
2200,افضل مطعم بجد انا بحكم شغلي باكل بره كتير وفعلا بريجو نظافه واكل فريش واسعار مناسبة شكرا بجد وشكرا للشيفات المحترمين
2201,الاوردر جيه متاخر و غلط في الاخر و اعتذر مدير الفرع و كان هيبعت الاوردر الصح بس انا كنت متاخر و اضطريت الغي الاوردر خالص
2202,the chicken was not fully cooked
2203,جميل جدااا
2204,طلبت وجبه فارخه كامله مشويه الفراخ مشويه ممتازة الصراحه الارز جيد جدا وليس ممتاز الصوصات ممتازة كانت ثوميه و طحينه و طلبت كول سلو اضافي كان حلو جدا بس كان عايز يتزودله مايونيز عشان يبقي juicy صوص البنش فوق الخيال فرع المهندسين اشكركم على التجر...
2205,لذيذة جدا
2206,also taste and portion were not as expected at all .. so bad experience
2207,You always bring better quality of food but last time wasn’t that good & order came 2 spicy sandwiches instead of 1
2208,الفراخ فيها ريحة زفارة عكس المعتاد
2209,أسواء وجبه من المنيوز الاكل كله اترمي الاسف
2210,الطلب ناقص معالق وشوك وكاتشب ومايونيز
2211,الاكل كان بارد جدآ وتاخر لحد ماوصل
2212,Very salty
2213,الأكل عظيم..والطيار محترم ومؤدب وصل بسرعة ما اتصلش كتير وعارف الطريق بيعكس صورة جميلة للمكان شكرا ❤
2214,جميل جدآ
2215,حادق . ملح كتير
2216,الاكل جايه بارد رغم أن الفرع مش بعيد خالص عن مكان وصول الأوردر
2217,الاكل وصل بارد.
2218,الفراخ صغيرة...بس الارز كتير
2219,اسوأ تجربة طعام ، الاكل زفر جدا جدا جدا جدا جدا من غير مبالغة و ريحته بشعة و سيئة جدا نص الاكل اترمى ، و بيستخدموا نوع فراخ و لحمة رديء جدا جدا جدا ، لا انصح بالتجربة نهائيا
2220,There was little rice in the deshies
2221,الفراخ نيئه والكفته سيئه جدا
2222,برغم قرب المطعم من المنزل حوالي ٥ق فقط الا ان الاوردر وصل بعد ساعه وربع من الطلب
2223,good morning
2224,excellent food
2225,الفراخ مستوية زيادة عن اللزوم و الخلطة ضعيفة فيها شوية، بالنسبة لخلطة الرز المكسيكى فهى حراقة جدا جدا جدا، الخلطة جميلة جدا بس لازم الشطة تقل شوية فيها، الاكل نضيف طبعا
2226,ممتاز جه فنص ساعة و الاكل سخن ملهلب كمجمل جامد
2227,الاكل اتاخر أووووي و حااااااااار جدااااااااااااااااا
2228,الحمدلله بعد ما الاوردر وصل بعد تلات ساعات الا شوية الاكل طعمه يقرف .. الفلفل تقريبا كان قربوا يحطوه زي ما هو من مهر ما هو كبير و محشي ف الساندوتشات.. احنا مش طالبين محشي فلفل يا جماعة طالبين سانوتشات والله.. خدمة عملا زفت .. الاوردر ف الطريق اتقالت ...
2229,very bad treatment with customers canceled my order twice !!!! recommend not to order feom them
2230,بارد وحادق
2231,perfect tawook
2232,الوجبه الميكس الوصف والصور فيها صدور فراخ واللي وصل اربع قطع شيش مفيش صدور فراخ فخاب ظننا لان كان فيه توقع وبالرغم من كده الاكل كان لطيف بس دي حاجه كانت مش حلوه ياؤيت تعدلوها
2233,حلو اوي والاكل جي سخن و تتبيلته جميله جدا
2234,اكله جميل ودايما محافظ على مستواه
2235,some sandwiches had a huge piece of chicken and others a small piece. also why are you making me choose location on maps when still the driver will call me and ask about the location? what if im in a location for the first time and can't describe it?
2236,Is it normal that we get sick after eating yesterday ! One of us has نزلة معوية حادة You have serious issue with the food and apparently from the kitchen it self. Fix it or am gonna report it.
2237,الارز كان جايلي بالمشروم بس
2238,والساندوتش مكانش مقفول كويس
2239,الطعم كان سئ جدا جدا والبطاطس كلها زيت والاكل كل مره المستوى ف النازل
2240,الوجبة جيدة لكن الطحينة فيها طعم حامض
2241,التتبيله مالحه
2242,tawook excellent as usual but kofta tasted terrible
2243,جربنا السبيشيال و الكانتري تشيكن و صدور الفراخ و كانوا ممتازين
2244,good small portions
2245,very good 👍
2246,goooddddd
2247,الطلب موصلش و مكانوش بيردوا
2248,شكرا ليكوا
2249,طعم الدجاج سيئ جدا و ريحته غريبه
2250,"missing sides, as always."
2251,اكثر من مرة القيمة علي الابلكيشن تمون مختلفة عن القيمة المطلوبة الفعلية
2252,chicken was small
2253,طاووق ممتاز
2254,"I ordered it yesterday, I eated and I'm sick from yesterday . I have pain in my estomac and diarrhée. I didn't sleep all the night. I have food poisoning. I think i will not order from your restaurant again"
2255,the rice was good but the Oreo cake was so bad
2256,the shiish tawook was a little bit overcooked
2257,اخر ثلاث مرات الطحينة بايظة حامضة
2258,ارجوا مراعاة وضع الملح فى المأكولات. المرة السابقة كان الارز الاصفر. مالح جدا والمرة الاخيرة كانت الفراخ الاستريبس مالحة بزيادة ايضا وغير ذلك . كانت باقى الاصناف رائعة نكهة وطعم . . شكرا جزيلا .
2259,الطيار معهوش باقي
2260,Very late delivery 5th settlement branch is the worst branch
2261,خدمة ممتازة بجد
2262,رز كتير و٣ قطع صغيرة جدا كمان طلبت سلطه خضراء جالى توميه
2263,ليه فى الابلكيشن اتشال الارز الحجم الصغير وبيتشال العروض زى الجوكر ١ و ٢
2264,مكنش حلو
2265,الشيش طاووق كان في حتت ساقعة
2266,Crispy fries didn’t have sauce cup
2267,حاولوا تكبروا حجم الحلويات لأنها حلوة بس دي عينات صغيرة
2268,صدور الدجاج صغيرة جدا
2269,"half the chicken was burned, not suitable for eating.. no quality control?"
2270,الطحينة جاية حمضانة و المشويات بها طعم زفارة سيئة الاستواء .. للاسف لن اتعامل مع المطعم مرة اخرى
2271,طلبت الاوردر وكان الحساب 126 جنيه الدليڤري وطلب مني 183 جنيه وقولت له ازاي وكده وكلم لي الفرع وكلم واحد اسمه حسام وشاكه أن هو مطلبش الفرع + الفاتورة كانت عباره عن ورقه بيضاء مش تبع المطعم+خد مني 133 جنيه في الآخر
2272,The orders’ prices were 82 and 112 pounds but they asked me for 89 and 119 pounds.
2273,الطعام غير طازج و البطاطس باردة جدا جداااا
2274,كمية الارز غير كافية
2275,الأكل مالح، أسلوب المطعم unprofessional ، فلوس زيادة عن ثمن الطلب
2276,Rice was not properly cooked also very salty. My almost order from Prego but this time I didn't expect it. No comprising in the quality.
2277,قطع الطاووق بقت صغيره جدا
2278,Thanks a lot it came in a really short time and the quality was superior
2279,الكباب كان سئ جدا وبلا طعم نهائي
2280,الطحينه كانت حامضه و الفراخ محروقه لدرجه انه متفحمه
2281,مطعم عالمي
2282,كل حاجه كوبسة بس الطحينة كانت حامضة (فاسدة)
2283,مكنش سخن
2284,اسوء مرة بجد.. اكل مكنش حلو
2285,الاكل طعمه وحش وحش جدا و العاش بايت اوعى تسترخص و اطلب من محل نظيف نصيحة والله
2286,taste was much better from sherouk city branch
2287,Chicken not cooked well
2288,f
2289,Worst order
2290,كان في دوده في السلطه
2291,الاكل تحفة بس فيه أوردر شيش فليمار ٧ قطع طلبناهم عادي اللي وصل كان سباسي.. بس ممتاز
2292,nice & good
2293,الطحينة كانت بايظة
2294,الاكل بارد و محروق
2295,الاكل وصل متاخر و كان بارد بسبب توصيل اوردر تاني قبله
2296,تأخير في الاوردر
2297,الاكل وصل بارد و التغليف سئ للغاية و كمان البرجر محروق
2298,زوغوتا من كوتر الاكل😏
2299,كميه قليله و فراخ مش مستويه
2300,الأكل كان سيء لدرجة إن الفراخ طعمها زفر و رميتها
2301,"cheesy fries were cold ,cruncho chicken weren't crispy"
2302,"food was good, cheesy fries were so bad. like almost had no cheese on them and weren't good."
2303,Food was cold and dessert was very bad. I don't recommend this restaurant any more.
2304,The food taste was awful and all of us has stomach problem الفراخ كانت فاسدة بمعنيً الكلمة والاكل اترمي كله وحاجة مقذذة
2305,الاكل تحفه جدا وسخن والشيش حلو اوي والساندوتش كان جميل جداااا والفراخ والكفته بصراحه اكتر من رائع❤️❤️❤️
2306,too dry
2307,توصيل سريع طعم ممتاز
2308,هو في ايه انا جالي غير اللي انت طالباه الاول مولع نار
2309,الفراخ حجمها بقى صغير اوي و النهاردة كانت غامقة و طعمها مش زي ما انا متعودة من بريجو.
2310,the thigh of the chicken was a thigh of a pigeon!
2311,Mkan4 mstewy kwayes
2312,The last time I ordered crispy chicken was much bigger than this time
2313,جيد بس الفراخ في الشوي المرادي كانت محروقه
2314,حلو والتوصيل سريع والاكل سخن
2315,حكم الفرخة صغير جدا
2316,"actually the burger Sub-rem it was so bad as taste and there is no especial sous ,any restaurant can make same burger and same taste , the meals so cold and the coca was fallen on the ground while it is opened ,it was shake out . this is first tim..."
2317,وقت التوصيل بطئ
2318,الاكل كان وحش جدا جدا الفراخ كانت محروقه وناشفه تجربه لن تتكرر بصراحه الفراخ ميش بيضا كدا من جوه لا لا
2319,اشتكيت كذا مرة بسبب الرز المكسيكى الطبق بيجى نصه فاضى وكمان كله فلفل مفيش فراخ
2320,العيش قديم مفيش مناديل و كاتشب مع الاوردر
2321,الاكل سئ جدا طعمه غريب و ريحته اغرب و الفراخ مش مستويه كويس و الكفته مجلده
2322,عدد كفته اقل
2323,اتاخر جدا وقعد يلف ع فكه
2324,food wasn't good this time
2325,Too late but good food
2326,اسواء تجربه من مطعم على المنيوز ... الكميه قليله جدا وقسمين الكفته نصين حاجه مضحكه بجد
2327,يا ريت تبقى الكمية زيادة على قد التمن يعني ٨٥ جنيه القطع صغيرة مش كبيرة ... عادي نزود العدد مش ها يخسر لا سمح الله مش كفاية راضيين بزيادة الاسعار
2328,Vvv
2329,ليه الحجم الصغير اتشال
2330,جميل كل الحلويات جبتها وطازة ولذيذة بس ياريت حجمها يكبر شوية لان مش بلحق استمتع بالطعم
2331,من غير طحينه؟؟
2332,"Taste is bad, chicken is smelly"
2333,For the 3rd time the chicken is not well done there are pieces uncooked well still raw
2334,الفراخ كانت ناشفه جدا
2335,الفراخ المستخدمة بدأت ترجع سيئة.. انصح القائمين على مطعم بريجو التأكد من جودة الفراخ المستخدمة.... بالإضافة إن كمية الشطة المستخدمة على الفراخ مبالغ فيها لدرجة انها سببت أذى شديد اثناء وبعد الاكل... أنا زبون بريجو من ٢٠ سنة وعلى وشك اني ابطل اطلب منه
2336,"dont order from this place as they always arrive late, the driver was hanging the food bag on the motorcycle handle all the way"
2337,Packaging Need a fork and knife 🍴 Some tissues would be useful
2338,the was so good not perfect but i like it
2339,السلطه الطماطم كانت حمضت وطعم السلطه وحش جدا
2340,Vv
2341,The chicken was not well done
2342,تمام جدا
2343,الاكل كان كويس
2344,جالي تسمم تاني يوم
2345,كل شىء رائع خصوصا التعبئة بتاعة الاكل راااائعة جداااا
2346,طعم وتوصيل سريع
2347,التغليف كان سيء و صوص الرانش جه كله مدلوق و مغرق الكيس و طبق الطاووق
2348,"Amazing food, pretty much my go to restaurant for all things grilled chicken, shish tawook, and kofta. Their sandwiches are also amazing, I would highly reccomend the double country chicken sandwich (original and spicy are both good)."
2349,الساندوتش جالي اسبياسي وانا طالبه عاي وبارد
2350,العيش ممكن يبقي أحسن
2351,تكلفة التوصيل غير المكتوب على الابلكيشن شغل حراميه والأكل بارد
2352,الاكل بارد و العيش بايت
2353,"Used to like prego, but to order food 4 hours ago, not delivered and not receiving any customer service call regardong why the order is not delivered yet is somehow disrespectful, even after complaining to elmenus no action was taken"
2354,"Used to like prego, but to order food 2.5 hours ago and not receiving any customer service call regardong why the order is not delivered yet is somehow disrespectful."
2355,Hidden gem for real
2356,Too spicy
2357,Not beautiful as usual..... food wasn't fresh
2358,الفراخ كانت صغيرة جدا جدا و منهم نص فرخة من غير دبوس اساسا !!
2359,الطحينة بايظة حامضة
2360,Excellent food.
2361,👍 جميل وسريع
2362,الفراخ المشوية كانت سيئة جدا وناشفة على غير عادة.. جودة الفراخ المستخدمة هي السبب وليس التسوية واضح انها فراخ مجمدة من موزع رخيص الثمن. يرجى الاهتمام بجودة الفراخ المستخدمة لأن ده المميز عند بيرجو
2363,Baddest experience
2364,التسوية مكنتش حلوة خالص
2365,Great food
2366,الاوردر كان المفروض 5 قطع شيش و 5 قطع كفتة جه اربعة من نوع بس!!
2367,Order need to be faster
2368,الاكل مش مستوي كويس
2369,طاووق رائع
2370,الطعم جميل لكن القطع بقت صغيره جدا و سعرها غالي
2371,As always no ketchup with order
2372,the tiramisu was very bad
2373,Always perfect
2374,محترمين
2375,a bit salty.. there fabulous tomeya is no longer the same. eatable but not as good as I remember it
2376,"Very cold, late delivery & tasteless food."
2377,الاكل مالح.اوي والفراخ في دم.......... التوصيل كان محترم
2378,الفراخ مش مستويه
2379,الفراخ السبايسي حارة زياده عن اللازم 😅 بس الجوده وسرعه التوصيل ممتازه
2380,Vhhhs
2381,hhhhh
2382,food wasn't fresh
2383,التوصيل اتأخر جدا دا غير ان الكمية كانت قليلة جدا مقارنة بالسعر و تغليف الاكل سئ
2384,اتأخر جدا
2385,"great taste , always been reliable with quick service"
2386,Food was terrible never again
2387,Rice with curry could be better..
2388,الاكل سئ جدا جدا جدا .. بايت و حقيقي لا يطاق
2389,العيش كان بايت بوظ طعم الساندوتش
2390,مطعم عالمي فرع الشروق وأتمني الإستمرار … الشيش والكرانشو والكانتري والميكسيكان رايز عالميين
2391,ى
2392,الأكل كله جميل شكرا جزيلا والفيرز بالشيدر والجالوبينو جميل جدا
2393,الاكل كان بارد جدا و حه متأخر اوى
2394,الفراخ حجمها صغير جدآ
2395,كان وحش جدا والشيش وحش جدا ومحروق وحادق جدا
2396,الرز كان قليل جدا
2397,الطيار ممتاز وذوق جدا جدا
2398,انا لما اطلب فرخة المفروض تكون كامله مش يجي صدور الفراخ عضم المطعم ساخب منها بانيه
2399,"i ordered from (Prego) before, but this time the food portions were small, small amount of rice, they forgot the pickles, and both the food & tehina were very salty."
2400,الاكل كان حلو وسخن وسبايسي زى ماطلبته وجه فى الميعاد المحدد ليه بس الترميسو مش قد كده
2401,حلو اوب
2402,الاكل قليل جداا و الدليفرى غير نظيف
2403,Bread not fresh
2404,الطعم سيئ جدااا
2405,لا يوجد اى كاتشب
2406,الأكل جاي بارد والسندوتش مش طازة وحاطين مخلل بلدل الفلفل الأخضر وعيش السندوتش ناشف. فلوس على الأرض.
2407,مش حلو
2408,زفتتتتتتت بريجو مدينة نصر احسن من دا 100 مرةةةةة
2409,الاكل اول مره من بريجو يجى بشع كده
2410,سئ حجم الفرخة صغير جدا والطعم عادي
2411,الاكل سئ للغاية و كان بايظ ودي تاني مره الاكل يجيلي كده
2412,"green salad isn't fresh, specially tomatoes seem corrupted!"
2413,For the first time the food (chicken) wasn’t clean from inside and dark not like usual. Didn’t like it and i have stomachache.
2414,goood
2415,He is very good and professional
2416,Nice order
2417,طلب ناقص
2418,الاكل تمام وحلو بس كان مكتوب الحساب 83 ولما الاوردر وصل الطيار بيقولي 90
2419,علشان فيه عرض ترقى القطع صغيره بالشكل ده كاتبين ٢ صدور فراخ والاقى قطعتين قد الشيش طاووق وجبه ب٨٥ جنيه عباره عن عينات حتى الارز قليل خلاص بلاش عروض احسن
2420,الفرخة كانت محروقة
2421,very nice good so far
2422,مقبوله
2423,it s always too late
2424,طلبت فراخ مشوية الفرخة صغيرة جدا بالكتير 900 جرام طعم جيد لكن قيمة بالنسبة للسعر لا ينصح به فرخة و شوية رز ب 160 جنية بالتوصيل
2425,The order was cancelled
2426,All was good just bread need to be more fresh
2427,Quality
2428,late delivery and not not fresh
2429,الاكل جه بارد كل مرة كان بيجي سخن ، كأنه كان بايت من امبارح و سخنوه اي كلام و بعتوه
2430,ماشاء الله زي الفل
2431,late delivery
2432,Order was cancelled as the sandwiches weren't avaialable
2433,الاوردر ماوصلش بعد تأخير أكتر من ساعتين .. تجربة سيئة جدا
2434,انا كتبت قبل كده اكتر من مره رأي فى بريجو لكن هقول تانى من افضل المطاعم بالنسبه ليه ويمكن يكون افضل مطعم فعلا بالنسبه ليه شكرا بريجو وشكرا المنيو
2435,the bread isn't fresh
2436,طلبت كانتري تشكن وجاني بداله تشكن فيليه
2437,The receipt wasn’t the same one written here
2438,الفرخة العادية سيئة للغاية
2439,small lofts and shish portions
2440,Extremely horrible.
2441,late too much order at 2pm delivered at 3.45 pm
2442,السعر غالي
2443,poor quality
2444,بصراحه ممتاز جدا جدا بس كان اسبايسي اووووووووي
2445,Very
2446,very saltyy
2447,الاكل جي متأخر وبارد والطحينة حمضانه والسلطة أسواء ما يكون
2448,الاكل كان سخن وفريش ولذيذ جدااا شكرا
2449,Need to little bit faster and everything will be perfect and thanks 👍🏽
2450,وحش
2451,ih
2452,good food
2453,السلطه كانت بايظه
2454,الاكل كان تحفة
2455,الفراخ مش باين طعمها كل الي بيطلع طعم الدقيق
2456,👍👍👍👍👍👍
2457,وحشه جدا
2458,الفراخ اللى كانت مع الرز كانت نية شوية بس السندوتش كان جميل
2459,م
2460,break meal rice wasn't replaced with green salad as requested!
2461,كميه الارز المكسيكي قليله مقارنة بالطلب اللي قبله بيومين نفس الطلب
2462,حلو بس سبايسى جداااا
2463,خدمه ممتازه وطعم تحفه
2464,الاكل كان حلو بس الفراخ كانت محتاجة تستوي شوية
2465,الاكل كان بارد اوي
2466,كمية الارز قليلة
2467,ممتاز المره ديه كل حاجه كانت حلوه
2468,أسوأ مره كلت فيها بريجو
2469,too late
2470,اكثر من مره طلب اوردر والملح زياده جدا الاكل كويس بس ياريت تخفو الملح
2471,اكل سيئ و بعض المشويات فيها طعم حمضان كمية قليلة جدا على السعر البكيدج مش منظم و منظر علي الفاضي مفيش رقابة على الجودة
2472,⚡️⚡️
2473,زود فلوس من غير الرجوع لينا
2474,الاوردر إتأخر جدا
2475,محطش الطحينة و التومية
2476,شكرا لكم على الخدمة الممتازة
2477,Ygnn
2478,Top Quality and very good value
2479,الاكل مالح جدا
2480,مطعم محترم والاكل كان طيب ...
2481,كالعاده الي جايب الاوردر مش معاه gps ولا فاهم حاجه لما احاول اشرحله العنوان واضطريت انزل اقابله
2482,all the food tasted like a frozen food .
2483,الطيار ممتاز
2484,Okay
2485,قطع الطاووق غير متساويه و فيها منها صغير قوي جدا يعني المفروض لا تصنف علي انها قطعه اصلا و للاسف دي تاني مره تحصل و حصلت في الاوردر الي فات،هو ما ينفعش الجوده تبقي ثابته و الأحجام ،ليه بتضايقوا العملاء
2486,لكم كل الشكر ..
2487,They changed the order but the experience was awful
2488,توصيل بطئ وحاجه تخنق
2489,ممتاز جدا صراحه
2490,"The food was too oily and taste soo bad, so disappointed"
2491,الفنيو مش طازج
2492,Bdhdud
2493,ناقص البيبسي والبطاطس المفروض يجو مع الاوردر بس محبهمش
2494,a
2495,احلى حاجة الطحينية فقط
2496,الفراخ كانت صغيره جدا اخر مره
2497,I liked the order but one shish tawook was very spicy and I'm allergic to hot spices.
2498,اقسم بالله ابلكيشن مهزأ وسابوررت ولا ليه اى تلاته لازمة ووعد منى انا همسح الزفت دى من عالتليفون
2499,Order delivered after I left my place
2500,الاكل حلو جدا لكن الرز للاسف سئ
2501,Very delicious and fast delivery
2502,زي الفل
2503,الفرخه عباره عن 3 ورك و صدر واحد 😡
2504,طعم الرز مش حلو اخر مره
2505,الاكل ملحه زيادة شوية محتاجين يظبطوا الملح بتاع التتبيلة وانا قلت لهم فى التليفون قالو أن دى التتبيلة المعتادة بس التتبيلة دى محتاج ملحها يقل من رايى
2506,not enough cheese on the fries
2507,I found a ladybug in my salad!
2508,فرع فيصل الطيار كان زوق جدا و وصل على بسرعة الفراخ كانت حلوة جدا و سخنة و التغليف كويس و جت زي ما طلبت فالملاحظات شكرا ليكم
2509,الفراخ حلوة بس مش مشوية يوميها بتكون بيته او مشوية من وقت كتير و يسخنوها و يبعتوها
2510,Bad food
2511,الاهتمام بالملحوظات التي كتبتها
2512,اولا مبروك الفرع و نفس مستوي مدينه نصر و مصر الجديده بس للاسف فيه مشكله ليه نطلب تراميسو كل مرة يتبعت لوتس حتي لما بكتب برجاء عدم ارسال لوتس محدشفي البيت بياكله حاجه مستفزه جدا مفيش منتج يا ابلغ و اشوف العميل عاوز بديل ايه يا التزم بطلبه عدم ارسال ...
2513,Very little rice!!👎🏻👎🏻👎🏻
2514,الساندويتش صغير. الطعم مقرف و الشيش كان نئ
2515,اسوء نوعيه اكل ممكن حد يقدمها
2516,belissima
2517,مندوب التوصيل طلب فلوس زياده
2518,"it was so tasty and especially the crunchy fries, loved it"
2519,الاكل أجزاء منه محروق وناشف
2520,"grilled chicken is pretty good, however, deserts are always not tasty"
2521,اتاخر اكتر من ساعتين
2522,هتكلم عن فرع المعادى من احسن المطاعم اللى باطلب منها سواء وجبات أو سندوتشات الاكل طعمه حلو جدا وبيوصل سخن الكميه مناسبه للأسعار التوصيل بيكون في المعاد بالظبط وأحيانا قبل المعاد بربع ساعه الطيارين محترمين جدا وكمان التغليف ممتاز خصوصا بالنسبة للساندو...
2523,Could be faster
2524,بريجو افضل مطعم في مصر
2525,اوسخ مطعم طلبت منو ف حياتى والله طعم مقرف و خدمه زباله و حاجه زي الخرا
2526,So small chicken strips
2527,الطاووق رائع تسويه و طعم
2528,اغلب الطلب رز .....يعني ١١٢ جنيه في طبق رز !!!!
2529,أسوأ شيش طاووق ممكن تذوقه، لا يمت للشيش طاووق بصلة مصنوع من أسوأ قطع الدجاج مسلوقة ومحمرة ، طعم بشع ومدهن هذه أول وأخر مرةللأكل من بريجو.
2530,النص فرخة عندهم قد ورك فرخة من اللي بنجيبها في بيوتنا عادي
2531,Noel
2532,It's very satisfying
2533,i had a special request it wasn't done
2534,The food was little bit cold
2535,"They forgot the pickles, i ordered 2 meals (Mix Shish & Kofta), which come with small pickles jar, i should receive 2 jars for the 2 meals, but the order didn't contains an pickle jar. otherwise the meals were very delicious, somewhat small portion."
2536,from were would i start first the order arrived late the and it was the wrong order it is not what i requested when contacted prego thy sent me the right order after waiting extra 15 min but they charged me for the other one as well terrible experien
2537,they asked for more money than the amount mentioned in the receipt because delivery costs 30 le not 23
2538,الأرز مش كويس معجن
2539,الاكل كان اكتر من ممتاز بس كمية وجبة صدور الفراخ صغيرة قوي
2540,he asked for extra money for delivery. I told him I already paid for it
2541,اللاسبيسى زايد جدا لدرجه متتكلش
2542,TMa
2543,طعمه حلو جدا بس الصوص مسكر اوى
2544,عاملين تغلوا الأسعار!!! كمية البطاطس قلت عن ذي قبل، الجبنة كمان
2545,القراخ الكرسبي عباره عن فراخ بالملح و ملح كتير اوي لدرجه لا تأكل
2546,العيش الفينو كان سئ جدا
2547,حاجة فى منتهى قلة الذوق
2548,البرجر جامد جدا
2549,الاكل جميل بس السعر مختلف عن الابلكيشن بيبقي اكثر بي 10 جنيه
2550,Horrible service
2551,"excess sauce, make the rice as soup"
2552,حقيقي تحفه في كل مره بجيب جميل شكرا جدا
2553,روعة وطعم وفراخ طازة مش مجمدة
2554,I didn’t have my order yet
2555,the delivery guy was very rude
2556,Sesame sala was rotten
2557,الاوردر كان كويس جدا الفراخ والبطاطس بس للأسف الطحينه كانت بايظه
2558,الاوردر بيطلع بسعر مين ولما باجي استلمه بيبقي اكثر
2559,الطلب ناقص .والاكل جاى كلة مدلوق من الطيار
2560,Salad too small and no pepper in the meal
2561,love it
2562,aae
2563,كميه رز قليلة جدا جدا جدا جدا الطبق فاضي
2564,"Bad quality, the delivery missed part of the dessert in the first time & came once again after calling him"
2565,الاوردر مقلوب من الديليفري
2566,جميل٧
2567,الاكل مش احسن حاجه و الحجم كان صغير و البطاطس جاتلي بارده
2568,Basmati portion was very few. Fries portion too.
2569,احلى فراخ مشويه عند بريجو مطعمى المفضل
2570,البطاطس بارده وسندوتش الشيش مثلج ومش حلو
2571,one of the best restaurants that deliver very good food experience 👍🏻
2572,اكتر فراخ زفرة كلتها في حياتى ، الفراخ طعمها وريحتها تقرف الوجبة اترمت بزى ما هى، فعلا تجربة وحشة، السعر كويس بس الكواليتي مفيش
2573,The meal wasn't hot and the rice wasn't fresh
2574,No ketchup with the order every time
2575,الاكل سئ جدا و بارد و كميه قليله جدا جدا
2576,Nice and delicious
2577,اولا الاوردر جى البطاطس اول مرة اطلب من بريجوا والبطاطس متجيش فى بوكس جت فى باكت فقط و البطاطس كلها واقعة فى الشنطة طبعا معرفتش اكلها بسبب عدم مغرفتى لنظافة الشنطة لان اكيد مش بتكون زى العلبة السندوتش فقير جدا مفيهوش اى حاجه من مكونات الشيش عدم ...
2578,اسوأ ارز بالكارى ناقص سوا
2579,الاكل كميه قليله جدا والاكل بارد و ناشف ومتسخن الفراخ كرسبي كلها جلد الحاجه العدله الوحيده سلطه خضراء
2580,كويس اوي
2581,الفراخ قليلة جدا وصغيرة جدا مش زي الصورة الرز بس اللي كتير عالفاضي
2582,الاكل سيئ
2583,handy and delicious
2584,وجبة جيدة جدا ولكن كمية الارز اقل من ٣٠٠جرام
2585,"The spicy grilled chicken had no flavor , it only tasted like hot spice"
2586,مظهر المندوب وأسلوبه
2587,بصراحه تعامل الطيارين جيد جدا . والطعام بيكون حلو الحمد لله .
2588,Love it.
2589,الوجبة صغيرة جدا جدا والسعر كتير عليها وغير مشبعة
2590,الوجبة صغيرة جدا جدا جدا هو طعمة حلو تمام بس مش علي قد فلوسها خالص ومش مشبعة تمام
2591,جوده الأكل سيئة ما عدا الفراخ المشوية بس
2592,الدليڤيري سريع جداً مفيش ٥ دقايق ولقيته تحت البيت و معاملة المندوب معايا كانت ممتازة وفي منتهى الأدب و الإحترام .
2593,الفراخ كانت محروقة مش مشوية و طعمها مر من كتر الحرق و الفحم
2594,الاكل جيه بارد و الحلو ملوش طعم و مركون
2595,الاوردر كان ب 88 جنيه و حاسبني علي 95 جنيه ج
2596,الاكل كان استغرالله العظيم مبيتبلعش محروق الفراخ محروقة والطحينة حمضانه وبايظة وجي متاخر جدا بعد ساعه من وقت التوصيل اللي هو اصلا وقت كبير جدا تجربة تقرف
2597,طعم جيد جدا والاكل سخن وجه في معاده
2598,انا بطلب كتير منهم و بقالهم حوالي اخر ٣ مرات الفراخ بتيجي متقدده و البطاطس شاربه زيت اتمني يرجعو يهتمو بلquality تاني عشان دي الحاجه الكانت بتميزهم اما لو كملو كدا هيكون اكل غالي بدون سبب
2599,الاكل سيء للغايه كميه شنطه كبيره جدا جدا و الوجبه الثانيه كميه ملح كثير جدا بجد اكل سيئ
2600,كلن وحش جدا
2601,الخدمه جيده جدا
2602,كان مالح شويه ده غير ناقص البطاطس
2603,الكل ممتاز
2604,Helw
2605,wrong charging
2606,عادى جدا
2607,الاكل مش لطيف وقليل جدا عن حجم الصوره
2608,Sorry bad test
2609,شيك
2610,ممتاز خدمه التوصيل
2611,the food was great and the delivery man was fast and kind
2612,اولا الاورد جيه صدر وهو كان وىك
2613,Healthy fresh meat
2614,الطعام جميل جدا الكمية غير كافية لا تكفي طفل التوصيل بياخد وقت طويل جدا خدمة الدعم كويسة الي حد ما لا بد من الاستجابة للعميل على الفور علي ما اعتقد انكم بحاجة إلى المزيد من الموظفين لخدمة الدعم
2615,مطعم متميز سرعة فى الخدمة وطعم فوق الممتاز شكرا
2616,الفراخ المرة دي كانت حجمها صغير
2617,tu7ffa
2618,كان الأكل ممتاز
2619,*
2620,الارز المكسيكي كان سيء جدا و الفراخ اللي به فيها زفارة جامدة ماحدش اكله
2621,الفراخ كميته قليله مقابل السعر
2622,"recently prego quality has improved, the last 3 orders were exceptional. i order from dandy mall branch."
2623,"taste was really bad, not recommended at all"
2624,الاكل كان حلو اوي 😍
2625,Received something different than what I ordered. Have been waiting for more than an hour for them to send me the correct order. (They told me it would be 25 minutes).
2626,it was spicy and i didnt ask for spicy sandwiches
2627,Amazing taste
2628,The pieces were awfully smallllll
2629,طلبته عادى جالي حراء ياريت دقة الاوردر تتحسن
2630,مميزين جدا في الطاووق
2631,الترامسو تحفة جدااا
2632,ل
2633,The chicken was good but the rice was very bad
2634,ممتااااااااز
2635,Need faster delivery
2636,وجبة الميكس جريل رائعة الكميات ممتازة مقارنة بالسعر برجاء تقليل الملح بخلطة الارز
2637,الشطة بقت مبالغ فيها
2638,ماحدش يشترى منهم ارز مكسيكى بييجى كل مره من غير فراخ ومدير قمه فى قله الذوق والكولسلو ناشفه من غير صوص والكرنب مقطع كبير واترمت ومدير فرع سفير قمه فى قله الذوق
2639,many bones pieces found in boneless meal!
2640,الفراخ المرة دى نوعها و طعمها و تسويتها زى الزفت. بجد تجربة بشعة جدا
2641,"The portions were too small despite the fact that the price isn't that low. Overall, an okay experience but it wouldn't be my first choice."
2642,الفراخ وحشة جدا وفيها ظفارة
2643,التوابل والبهارات بتاعته جميلة جدا وممتعة جدا والأكل مستوى و مظبوط
2644,mohamedfekry450@gmail.com
2645,Food was too salty
2646,الأرز مستوي زيادة
2647,the meal was so delcious and I wish that you make some meals without rice for diet. only vegetable and salad
2648,الاكل طعمه بايت و مش فريش و حاجة في منتهي القرف والله
2649,كان حار جدا جدا ( سبايسي) زيادة جدا عن العادي مقدرناش ناكل منه اصلا
2650,تحفه الفراخ سخنه جدا والرز كتير اوى بس كان معجن شويه بس الطعم حلو
2651,حاطين 23رسم توصيل ولما يجى عايز 30والاكل بارد وقليل للاسف تجربه زفت
2652,Bad and raw chicken is not good !! Will Never try it again
2653,Salty
2654,حينما وصل الأوردر فوجئت بحساب مختلف وأكثر مما هو متفق عليه فى فاتورة البرنامج .. !!! وبالفعل دفعت فاتوره زياده .. شئ سئ جدآ .
2655,الاكل مش ادمي الاكل زفر جداً و الديزيرت كان تاريخ الانتاج ١٠ ايام فعلاً المطعم دا بقا بشع و هيقفل قريب
2656,The food was too cold to eat!
2657,كمية قليلة جدا بالنسبة للسعر، الكفتة شبة محروقة، والفراخ جافة في الاكل، الشيش بس هو اللي كويس
2658,Didn't enjoy like first time
2659,ده شيش طاوق مش صدور فراخ.
2660,الكميات قليلة جدا، بجد وبدون مبالغة اكبر وجبة عندهم يدوب تقضي طفل
2661,Eshta
2662,"bad food bad service the food was late, they got me a wrong order and when they brought my order the food was all spilled over. literally the WORST"
2663,Over spicy
2664,perfect shish tawook
2665,اعتقد ان كمية الارز اقل من 300 جرام فى كل علبة وكذلك فى الاوردر الاصلى . ودى الملاحظة الوحيدة السلبية
2666,Too bad
2667,الاوردر وصل بعد ميعاده بى ٤٥ دقيقة، الاكل بارد والطحينه مدلوقه جوة الشنطة والبيبسى سخن جدا
2668,الؤردر في ٤ صدور مشوية و ٤ شيش جالي ٨ شيش (طلبت نفس الؤردر ابل كدة و نفس الحوار)
2669,"nothing mentioned in my notes was taken into consideration I order boneless chicken,it came boned"
2670,اتغيرتوا عن اول ما فتحتوت
2671,لو التوصيل يبقى اسرع افضل
2672,وجبه سيئة
2673,الاطباق صغيرة و طعمه سئ للغاية
2674,The order was great but as usual very bad delivery
2675,waaaaw
2676,الأوردر كان فيه حراق واللي وصل كان عادي للأسف والتعبئة مش زي كل مرة الأوردر المرة دي مكنش موفق بصراحة
2677,للاسف الاكل كان مش حلو كانه بايت و الطحينه كانت بايظه وتاريخ صلاحيتها من ١٠ ايام !
2678,ممتاز جدا يا رب يستمر علي وضعة تحفة بجد
2679,الاكل سىء جدا و البطاطس سيئة جدا لن اطلب مرة أخرى منه
2680,"Perfect taste, nice packaging and delivered so fast"
2681,الاكل بارد والعيش سيئ جدا
2682,كانت سيئه والفراخ فيها دم اسوء مره كلت فيها بريجو
2683,🤗
2684,العيش مش طازه ف البرجر
2685,فشيخ
2686,كمية قليلة وجودة متوسطة
2687,طلبت وجبة ميكسيكان... الاكل كان مليان زيت و الفراخ مش مستوية ولا متبلة كويس و تجربة مش هكررها تاني
2688,اسوء مطعم و اسوء سلطه و اسوء توصيل
2689,salty and bery poor
2690,The food was perfect
2691,الكفته كانت محروقه جنب وجنب وصدور الدجاج ٤قطع صدور دجاج المفروض حاطط بدالهم ٤قطع شيش طاووق عاديين يعني عرض وهمي شكرا
2692,الفراخ كانت نية ياريت تهتمو شوية
2693,الفراخ و الرز ممتازين .. و التسوية ممتازة
2694,وحبة سيئة جدا
2695,super schnelle Lieferung und hat richtig gut geschmeckt! Danke
2696,اكل ممتاز ورائع ولكن خدمة العملاء سيئة والدعم اسوء
2697,its good
2698,best grilled chicken
2699,تجربة من اسوء ما يمكن ، الاوردر اتأخر أكثر من ساعة ونص و الدليفري اتصل وهو فى المطعم ويكذب ويقول انه قريب من البيت اما من ناحية الاكل و الطعم اقل من العادي والكمية قليلة مقابل السعر
2700,من اسوء المطاعم وتجربة لن تتكرر أبدا، تأخير الأوردر ساعة ونصف والاكل غير جيد وعدم المتابعة من الإدارة بالعملاء لا انصح احد بهذا المطعم
2701,الطبق حجمه كبر من بره، الأرز واخد راحته، إضافة قطع فلفل رومي عملت جو حلو للأكل. البطاطس بالهاليبينو بنقل كميتها، والجبنة اللي عليها برضه. شكرا جزيلا
2702,الأكل سئ جدا
2703,وقت التوصيل طويل جدا
2704,السندوتش صغير جدا
2705,so bad
2706,الطعم بتاع الفراخ مش اوي
2707,كله حلو بس كان سبايسي زيادة اوي
2708,أكل طازة ومتسوي كويس وسخن كله ونضيف .. كل مرة بطلب أوردر منهم بقول مش هاكل غير من بريجو
2709,الطلب جه ناقص
2710,"I always order the same meal, this time was horrible"
2711,Everything was very good except the Driver’s attitude. He was not helpful at all. He refused to provide the change.
2712,مستوى جيد
2713,السعر بيوصل اعلي من الي مكتوب فالابلكيشن
2714,Too much salt
2715,انا محتاج حد يكلمنى بسبب اخر اوردر حصلى تسمم
2716,طلبت حاجات و مجتش زي ما طلبت بظبط و كفتة كانت باردة و طعمها وحش اوي بصراحة
2717,Missed item
2718,مكانتش مظبوطة زي كل مرة كان فيها زفارة
2719,الاكل طعمه سئ جدا و الاكل مكنيش مستوي كويس 👎🏻👎🏻
2720,perfect taste and service and quality
2721,Really amazing food
2722,كمية الأرز قليلة. اقل حتى من 600 جرام
2723,the spicy in the chicken is too much
2724,الطلب ما وصلش أصلا، وخدمة العملا ما بيردوش.
2725,Worst food ever
2726,Nice & enjoyed
2727,جميل جدا....................
2728,Good 👍
2729,طلبت قبل الظهر و لكن العيش مكانش احسن حاجة
2730,كان الاكل بايظ و زي الزفت
2731,اقسم بالله اوحش فراخ اكلتها ورميتها وغلطه مش هتتكرر وتف في وشي لو قولت اجرب تاني
2732,أسوأ حاجة طلبتها من الابلكيشن وأسوأ مطعم الأكل غالي أوي وكميته قليلة أويييييييييييييي 😡😡😡
2733,الاوردر جه متلخبط وباردوحاجات متبدله واضح ان مفيش تركيز في تحضير الاوردر.وقررت عدم الطلب منهم مره اخري
2734,الفراخ مكنتش حلوة كانت محروقة وتقريبا كانت بايتة
2735,انا يطلعلى مبلغ ادفعه عالابلكيشن ولما الدليفرى جالى بيقولى لا فى فرق فلوس هتدفعه طيب ازاى ؟
2736,خدمه ممتازه
2737,"the driver was super friendly and nice,such people need to be awarded for their attitude"
2738,bb
2739,After 2 hrs they cancelled the order
2740,الاوردر جه ناقص سندوتش خدمه سيئة جدا
2741,very tasty 😋👍
2742,مش لذيذ
2743,الاكل طعمه حلو ووصل قبل الميعاد بكتير بس القطع صغيره الوجبه المفروض قطعتين شيش 2 كفته و2 صدر كانو صغيرين جدا علي السعر
2744,الاكل كان مالح جداااا
2745,بارد والعيش بايت والبانيه مملح جدا.. أسوأ مرة أكلت فيها من بريجو
2746,التتبيلة محتاجة تبقي احسن من كدة عشان تبقي مميزة
2747,كانت باردة والطعم مش حلو للاسف غير اول مرة
2748,الاكل بيكون مش مستوى كويس وبيكون العظم فيه دم
2749,I couldnt reach support
2750,الوجبات جااامدة جداااا ومطعم اكثر من رااائع لكن مشكلته كمية الأكل صغيرة يعني الطبق دا غالي اوي ب٤٨ جنيه لكنه طعمه تحفةةةة لو تزودو الكمية شوية هيكون جااامد انا طالب طبقين عشان اشبع وهدفع فوق ال٦٠ جنيه كتيير
2751,Very salted
2752,الكمية غير مناسبة مقارنة بالسعر
2753,كمية باكت البطاطس قليله جدا البطاطس فى المحلات مع الوجيه بس انا عجبتنى بشتريها الفراخ ناشفه و محروقه
2754,هناك خطأ في الحساب غير مفهوم
2755,علي غير العاده أسوا اوردر من فتره. وصل بارد والفراخ محروقه و نايه من جو ا و الصوص مدلوق في علبه البطاطس الاتنين. اترمو للاسف. برجا مراجعه الفرع اللي بعت الاوردر
2756,الفراخ طعمها سيئ جدا جدا و لحمها مسود حسبي الله ونعم الوكيل
2757,اتمني الشطة علي الطبق تكون اقل من كدا لانها كتير اوووي علي الطبق الصغير
2758,التغليف كان سيء جدا ووقت التوصيل كبير
2759,the food was dry
2760,طعم الأكل كويس
2761,بايته مش طازه وطعمها معجبناش
2762,الاكل سىء جداااا والجمبرى حجمه صغير جدااااا
2763,احسن تجربة ليا لحد الان اتمني تستمروا بهذة الجودة والاكل يصل سخن
2764,الارز كان حامض
2765,ممتاز جدا 👌
2766,بريجو ممتاز دايما
2767,دجاج مشوي سبايسي : الرز جيد جدا .. بالنسبة لي كان مستوي بزيادة الطحينة محتاجة تخفيف الخبز حلو الدجاج ٧/١٠ ليس الافضل ونكهة السبايسي فيه قوية بزيادة مزعجة قليلا .. يحتاج تخفيف حدة السبايسي واضافة بهارات اخرى لها
2768,الفراخ تمام لكن المفروض في ٣ طحينه مع الاوردر انا غيرتهم ل ٣ توميه جابولي مخلل
2769,الارز كويس بس قلل الزيت
2770,الطعم سيء جدا و الفراخ زفره
2771,Gr8
2772,"very very bad food quality , will never order again"
2773,الارز المكسيكي كانت الفراخ قليلة جدا مع انى طلبت الطبق الكبير هما زوده الارز بس أما البرجر العيش كان متبهدل خالص الحاجة اللى خلتنى اعطيهم ٣نجوم هو الطيار أسلوبه كويس وراجل محترم
2774,Order didnt come over after 2 hours :(
2775,"small portions, bad taste and no value for cost at all"
2776,البرجر تحفه بس الكفته وحشه والاكل كان بارد
2777,ربنا يحفظه.. كان جي باين عليه الاجهاد واصر يطلعلي ❤️
2778,آنا
2779,تحفه كالعاده فراخ مشويه سبايسي تحفه
2780,الصوص غير كافي
2781,شطه كتير جدا
2782,طلبت السلطة كلها ثومية وجت ٢ فقط وواحد مخلل وانا مطلبتش مخلل 😏
2783,طلبت برجر سوبريم ٢٠٠ جم ٤ مرات في خلال اسبوع واحد بس، اول مره كان احلى برجر كلته في حياتي من حيث كل حاجه حرفيا.. لكن المرات اللي بعد كده كانت اقل بكتير من حيث الكميه او الجوده او الاهتمام بالطلب.
2784,أكتر مطعم محترم اتعاملت معاه خلال البرنامج لكن مشكلته انه غالي😂😂 او الكمية صغيرة مقارنة بالسعر لكن الأكل لذييييذ جدااااا والخدمة فوق الممتازة
2785,هو الاكل كويس بس الكمية قليلة غير ان الكفتة ماكنتش حلوة
2786,الاكل جميل بس الفراخ الكرسبي مالحة سيمكا
2787,thena was expired
2788,الاكل حلو ونضيف ،، بس كنت طالبه ورك جالي صدر ،، وفيه علبة طحينة كانت ناقصه
2789,"A Very bad experience, we have been waiting for 3 hours to receive the order and didn’t come yet"
2790,g
2791,كان وحش اوي و مش هيطلب منه تاني
2792,ممتع. أحلى فراخ مشوية
2793,الاوردر كان بريجو مكس وبطاطس كرسبي وتشييز كيك، بريجو مكس والبطاطس كان حلو، ولاكن تشييز كيك كان في مشكله بطعم بسبب انه قديم أو أنه غير مصنوع جيدا، والمشكلة الأخرى كانت بوقت التوصيل، الاكل كان المفترض يوصل خلال ساعة واحدة ولاكن وصل بعد ساعة و ٤٥ دقيقة
2794,"mix grill or any grilled food shloud be very low fats nor full of fats, i order grilled food because is very low fats and healthy (very disappointed prego)"
2795,مش كويس خالص دة اصغر مطعم احسن منه
2796,ديما ممتاز
2797,horrible experience with a very loyal client كنت دايما بقبل اعتذارت من سنين و سنين فى المهندسين قبل ما نكون فى زايد مره فراخ محروقه مره اوردر ناقص و عندى ضيوف على السفره بطلنا فراخ مشويه و قلنا كفايه شيش طاووق مؤخرا زفر و مدهن على طول و زفاره
2798,الطلب موصلش
2799,لم يتم تطبيق الخصم
2800,Chicken was pink raw
2801,الاكل اتأخر بالساعتين غير أن الدعم الفني كل اللي عليه هيوصل خلال ١٥ دقيقة ومبيوصلش
2802,el akl ma3agabneesh 5ales makansh ta3mo 7elw w mabye3rafoosh ye3melo el roz😂
2803,الاكل كان طعمه مش حلو خالص اخر مره انا طلبت فيها
2804,الفاتورة جايه زياده عن اللي طلبته في الابلكيشن
2805,جيد، ولكن التوابل غالباً ما بتقلب بطني مش عارف ليه
2806,الفراخ فيها رائحة زفارة
2807,الاوردر كان بريجو مكس + تشييز كيك + بطاطس كريسبي الاكل كان حلو بس التشييز كيك كان قديم وفاسد أو غير مجهز جيدا بحيث كان طعمه سيئ جدا.، ولاكن باقي الاكل كان تمام بالإضافة إلى مشكلة أخرى الاوردر كان المفترض يوصل خلال ساعة ولاكن وصل بعد (ساعة و ٤٥ دقيقة)...
2808,Worst coleslow ever and i order tomya and i get tehina
2809,الطعم مش حلو خالص
2810,thanks prego the food are delicious I m order for first time & the delivery coming before time
2811,الطعم جميل زي ما عودوني منهم، السعر معقول شوية على شان فيه عرض. شكرا جزيلا
2812,حادق جداً جداً
2813,الفراخ حجمها صغير شويه، بس التتبيله كويسه و التسويه تمام
2814,اولا الاكل سيء جدااا وغير نظيف وكمية الشطه مبالغ فيها جداا لدرجه تسببت بحاله أشبه وأشد من التسمم والاوردر ناقص البطاطس والأرز بارد والطحينه حامضه
2815,اسوء كلوسلو اكلتها في حياتي بجد !!!!!!!!!!
2816,good 😊
2817,الرز وحش ي خي مش راضيين تحسنو من جودة الرز كل مره بتردد اطلب عشان عارف الرز بتاعكم مش كويس
2818,الاكل كان بارد اووي
2819,Food was too cold and bread was horrible. Fried chicken was too salty and grilled chicken was a bit dry
2820,الفراخ وحشه جدا ومش مستويه كويس ولاقيت فيها دم
2821,I've ordered garlic what I received is thiena packaging was very bad
2822,مطعم محترم وخدمة جيدة
2823,So bad meal and worst experience ever
2824,quantity
2825,الاكل كويس بشكل عام الفراخ المشويه ملحها زايد شويه و السبايسي حار بذياااده اوفر
2826,تم تغيير مبلغ التوصيل من المطعم بالزيادة وليس كما تم تحديده في الحساب على الابلكيشن.. ونصف الفرخة صغير جدا مقارنة بباقي المطاعم.. والتشيز كيك طعمه مش حلو بالنسبه لي
2827,الاكل كان حادق جدا ☹️☹️
2828,بريجو مابقاش زي زمان وماينفعش ينافس اصلا فgenreالمشويات، آخره محل فاست فود وخلاص بالمستوى ده، حاجة اي كلام تسد جوع
2829,أرز مكسيكي... الطعم لذيذ ورائع... والوجبه ساخنه.. والتوصيل تماما كما تم تحديده... الصوص رائع... يعيبه قلة قطع الفراخ نسبة الي المشروم بالوجبه... انصح بتذوقه... جميل
2830,الفراخ المشوية تحفففه بس الاسبايسي اوفر اوووى كانت مولعه بتتعب اووى فالاكل انما طعم التتبيله روعه وجبه الصدور ال٧ قطع كانت حلوة جداا برضه ومعاد التوصيل كان بالدقيقه
2831,الفراخ حلوة جدا جدا. بس متطلبوش طحينة 😂 كانت بايظة تقريبا.
2832,بارد و سبايسي وانا مطلبتوش كده و فيه مكونات ناقصة و الفراخ شبه نية
2833,الرز تعبان اوي
2834,الاكل شغال لكن مش احسن حاجه
2835,المطعم تاج الراس
2836,متوسط
2837,جامد جدا.اااالللللللللللللللللللللللاللللللللل
2838,احسن فراخ مشويه سبايسي ممكن تاكلها من بريجوو و مش ببطل اطلب منهم ابدا و اللي وصلي الحاجه راجل محترم بجد
2839,وحش جدا
2840,The order was perfect except the fries it was super cold and a very small portion الاوردر كان ممتاز ماعدا البطاطس كانت باردة جدا و الكمية كانت قليلة اوى على سعرها
2841,الارز رائع ولكن كميه الدجاج علي الارز والصوص وكمية الأرز قليلة تحتاج لمراجعه
2842,التومية الجديده بقي طعمها وحش جدا للاسف و مختلفة طعما و شكلا عن بتاعة قبل كده، بعد ما كانت تومية بريجو مميزه و اصلا الواحد كان بييشري الاكل بسببها عشان كانت هي الي بتحلي الاكل.
2843,الرز بالفراخ كان متخزن و بايظ و اترمى.
2844,الاكل بارد طعمه وحش سبايسى بغباء توصيل زفت بعد ٣ ساعات حرفيآ
2845,الاكل وحش اوي و وظفر
2846,✌🏼
2847,قليل الادب والذوق
2848,تمام كده يا فندم مش
2849,وجبه صغيره
2850,excellent 👌
2851,الأكل جميل جداً بس الorder إتأخر أوي
2852,very nice
2853,to7faaaa
2854,الرز المكسيكي وحش جدا جدا و الفراخ زفرة
2855,الفراخ المشويه جايه فيها رمل وقعت منهم قبل ما يغلفوا الطلب وبرضوا غلفوه حسبي الله ونعم الوكيل
2856,الفراخ ظفرة و طعمها مش حلو المستوي قل اوي
2857,طعم الاكل سء جدااااا
2858,الاكل مش طازة وحش جدا
2859,"salad came without a sauce or dressing, and the shish tawook was the most disgusting and greasy dish i have ever had"
2860,الكميه قليله وقطع صغيره فى مقابل السعر ولم يتم تطبيق الخصم المعلن من المطعم ولم يتم تطبيق الخصم اامعلن من التطبيق طعم الاكل جيد ونظافه وتغليف جيد
2861,تر
2862,الي حصل ده اسوأ موقف تعرضتله
2863,الفراخ جميلة فعلا
2864,مطعم محترم
2865,Me and my wife felt sick after eating your meal .
2866,The order was wrong and No body replied to fix the issue from el menus side
2867,سئ جدا و وحبة صغيرة جدا كلها ارز فقط و حلوى اللوتس صغيرة جدا بالنسبه لسعرها
2868,الرز كام معجن جدا
2869,طلبت اوردر المفروض يجي على الفطار ونفضو ومجابوش حاجه ومفطرناش
2870,شكرا جزيلا ممتاز
2871,It was a horrible experience
2872,حادق جدا جدا
2873,ماجاش اصلا
2874,المفروض كنت اخد الاوردر ب ١٥٦ لانه عليه عرضوصلني ب ١٧٠ ومندوب التوصيل قالي كلم المطعم والفراخ كانت سيئة جدا وواضح عليها انها مش طازة ولقيت فيها كتل دم مجمدة تجربة سيئة جدا ومش هتتكرر تاني
2875,رواعه
2876,The address was given wrong to the delivery which caused him some delay..
2877,الاكل كان ملح زيادة و قطع الدجاج لم تكن طازجه
2878,الله واكبر عليكو
2879,I had stomach ache and diarrhea for 3 days
2880,"Yall got some good food, but for some weird reason your cordon bleu somehow tastes like fish.. Idk how? It just does."
2881,الاوردر جاى منغير معلقه ولا شوكه
2882,Very Very bad
2883,الاكل سئ جدا جدا و لا يؤكل
2884,I ordered half a grilled chicken and paid for it and only got a quarter!!! Terrible.
2885,الاوردر مجاش معاه طحينة و الثومية إللى طلبتها و كانت موجودة على الشيك و المندوب طلب ٧ جنيه مع ان الحساب كان بالكارت. إنا عايزة أعرف كده إزاى.
2886,الاورد اتاخر عن معاده ، وفشلت فى التواصل مع خدمة العملاء ، وجيبت فطار من بره ولغيت الاوردر
2887,للأسف العيش غير طازج و لا يوجد الصوص اللي متعود انه يكون موجود على السندوتش للأسف تجربه سيئه جدا جدا
2888,if you can't send the food in the time that you mentioned then dont accept it.
2889,حاجه نظيفه بجد
2890,العيش بايت وسيء جدا
2891,Eat delivered cool not hot
2892,الشيش غير مستوى ولا الدجاج وصلصة غير جيده المطعم تغير جدا 👎
2893,تلج حرفيا وبطاطس بلاستيك وفوق كل ده جي الساعه ٥ ونص والمفروض يوصل عالفطار وجي اصلا ساقع فالمعاد ده
2894,اسوأ اوردر شفته في حياتي
2895,Worst experience bad service and cold food
2896,size related to price
2897,Was very late and got cold
2898,الكميه صغيره مقارنه بالسعر
2899,there was a row piece in the chicken
2900,أحلى مشويات وخصوصا الفراخ
2901,Hello
2902,"I ordered prego last 60 days, it was so delicious,, now quality was very very poor and not tasty! I wonder why big restaurants loose their quality... I'm very upset,, i have search for another restaurant instead"
2903,Sandwich stuff chicken was very small
2904,العيش بايت و وسيء جداً جداً .ودي اول مرة بالنسبة لبريجو عمرهم ما كانوا كده يا خسارة
2905,كان سئ غير كل مره
2906,اكلهم دايما نضيف وحلو وبييجي بسرعة
2907,wrong order and the one that came tastes awful
2908,أجمل فراخ مشوية وأحلى مشويات
2909,الوجبة سعرها غالى شوية
2910,التوصيل متأخر نص ساعه عن ميعاد التوصيل 🤔
2911,Worst grills i’ve ever tasted
2912,طلبته يوصل علي الفطار جالي قبل الفطار بساعه ونص - وطبعا لما جه وقت الفطار كان برد ومكنش احسن حاجة بالاضافه أن كميه الارز اللي وصلت غير المعلن عنها
2913,"Cola was missing, sandwich was cold and missing cheddar cheese and other stuff, it was just plain chicken pieces"
2914,اللوتس كان فية قرفة مخلية طعمه وحش اوي بتاع السنة اللي فاتت كان احلي بكتير
2915,الدليفري اسلوبه مش عاجبني بيتعصب في التليفون والله ماكنتش هستلم الاوردر
2916,👎🏻
2917,الاكل يقلب البطن اقسم بالله
2918,ت
2919,دفعوني فلوس زيادة بدون وجه حق و زيادة على المكتوب في الأبلكيشن ، و باعتين الأوردر ناقص
2920,الرز قليل ولكن الطعم ممتاز
2921,very good ☺️
2922,تجربة كويسة الاكل وصل بدري وكان سخن وطعمه حلو
2923,مكانش مستوي كويس
2924,I ordered just one kilo of Kofta ! But i received half kilo with yellow rice !
2925,Fresh and tasty
2926,الوجبةي جميلة جدا وبتكفي عدد كبير لكن سلطة المواساة عند بريجو أكثر من سيئة ولازم يهتموا بيها شوية، الدريسنج تقريباً مفيش والكرنب متقطع كبير جدا
2927,the sandwich tastes so bad
2928,الاكل كان بايت ودي اول مرة ييجي كده الارز ناشف جدا والفراخ طعمها بايت.. الساندويتش كان حلو
2929,حلو بس كان مش ساخن قوي
2930,كان طعمه مش حلو المره دي للاسف
2931,Chicken were not well cooked
2932,Need more offers
2933,الفراخ تحسها مش طازة على غير العادة
2934,worst experience.
2935,الصدور كانت عباره عن صدر منقسم لاربعه حرفيا و كان الطعم مش حلو
2936,للأسف تجربة سيئة جدا و الاوردر ناقص و مش زي ما كاتبين و آخر مرة اتعامل مع المطعم ده
2937,food gave my diarrhea
2938,Low quantities
2939,موعد مظبوط $ تم الغاء أورد. مصاريف التوصيل غير مطابقة للتطبيق
2940,الاكل مالح زيادة جدا
2941,الاوردر اتوصل بسرعه و كان ممتاز.
2942,انا من عملاء بريجو وهذا كان من أسواء المرات التي طلبتها
2943,So Good
2944,Expensive
2945,Very impressed with the fast delivery!
2946,الكفته مش احسن حاجه
2947,الرز معجن وبايت وطعمه مش حلو ومفيش مصداقية الفاتورة على التطبيق بمبلغ والفاتورة بتاعة بريجو بمبلغ اكبر والتوصيل كتير اوي
2948,Rude captain and order arrived so cold
2949,The order came too early before iftar and cold.
2950,very very bad taste and the food isn't fresh at all
2951,ماشاءالله الاكل حلو انا بحب الفراخ من عندكم بتبقي طريه جدا وجميله
2952,دايما بريجو لا يلتزم باجمالي الفاتورة لو طالب من تطبيق. عندهم مشكلة في الامانة، بخلاف المغالاة الشديدة في اسعار التوصيل التي تصل لحد الاجرام
2953,الدجاج غير ناضج و به دم و الأرز معجن
2954,the food took sooo long and it came very cold and didnt taste good
2955,الشيش طاووك قليل جدا لكن الرز حلو و الفرخه حلوه
2956,"Kofta was amazing, shisha tawook wasn't the best"
2957,سلوك الدليفري محترم جدا
2958,الرز كان قليل جدا وبارد
2959,"food quality wasn't good, the bread was not fresh at all, sauce cups was open and spilled the fries was the only good thing"
2960,قطعه فراخ ناقصه
2961,(الكمية غير كافيه) .. طلبت ٤ وجبات و كل وجبة النص فرخة صغيرة بعكس العرض بالصورة للوجبة علي البرنامج في المنيو الخاص ببريجو.
2962,"The order was 40 minutes late than the ETA, let alone that the sandwich was wrong and I received Shish Takwook instead of the Chruncho sandwich."
2963,اقسم بالله ما اقدر يجيلي نفس اشترى منهم فراخ مشوية تاني - انا ملكلتش منهم اوحش من كده في حياتي
2964,2 items were missing
2965,زودتوا الاسعار وقللتوا الكمية اول مره طلب النص فرخه باللرز ياحى صغير اوى كدا كمان التغليف كان سئ اوى اوى
2966,سئ جدا..
2967,الاوردر كان ناقص
2968,ده استعباط وجبه ب 100 جنيه عشان يبعت 9 قطع اقل من استريبس اسوا مكان اشتريت منه وعمري ما هشتري منه تاني
2969,All was great but fries 🍟 portion needs to be a bit more.
2970,amazing
2971,Delicious food
2972,الفراخ زفره شويه
2973,Not spicy
2974,انا بتعامل مع بريجو من زمان وحجم الدجاج المشوي معقول لكن اللي جيه المره دي كتاكيت تقريبا 😅 حجم صغير جدا معرفش عشان واخدين كود خصم ولا ايه اختارولنا حجم دجاج اصغر بس اول مره تيجي كده 😂🙂
2975,عينات صغيرة لا تكفي فرد
2976,Opened
2977,تسوية وحشة. ريحة غير مقبولة في بعض الطعام
2978,food was cold and not fresh
2979,"I have enjoyed the experience, the food was tasty, it was spicy and flavorful at the same time and it came on time, thank you"
2980,روعه
2981,السندوتشات مش بطاله بس السلطه كارثة
2982,من احسن المطاعم و افضل جودة و اسرع وقت توصيل
2983,مستلمتش الطلب
2984,الأكل مش مستوي
2985,hot food
2986,زفارة الفراخ
2987,تحفه جدا
2988,اللحوم مش مستويه كويس
2989,الفراخ زفرة اوي
2990,it arrived one and half hour later
2991,my Fries were burnt
2992,رائع 👌👌
2993,الاكل كان بايت و حادق و مش مظبوط نهائيا .. و السلطة قليلة جدا .. معتقدش هطلب منكم تاني
2994,مندوب التوصيل اخلاقه ممتازه الله يبارك فيه
2995,Too salty
2996,الطلب بارد
2997,طعم
2998,الثومية سيئة جداااااا
2999,زى الزفت الاكل و لم يتم الاهتمام بالشكوى اخر مره اطلب من المطعم المقرف ده
3000,الاوردر حلو جدا و الفراخ كانت سخنه و التغليف حلو اوي و جه بسرعة جدا السباسي بتاعهم حراااق جدا بس المشكله ان الديلفري كان حسابه ١٦ جه يقولي أن زودنا الحساب ل ٢٣ من غير محد يرجعلي و لا يقولي أن الحساب زاد لكن الراجل زوق جدا و تعاملهم لطيف
3001,البرجر تحفه بجد
3002,الورك صغير جدا
3003,الكميات قليله جدا بس
3004,حاجة زي الزفت
