,comment
0,بجد الكميه قليله اوي اوووووووي وجبه أطفال
1,I ordered extra chicken and payed for it and it came regular with no extra chicken
2,كميات صغييييرة جدااااا على السعر.. يعني طاجن مكرونة جاي كأنه عينة
3,chicken caesar salad without chicken!
4,Good
5,الدجاج فيه ريحة وطعم سيء
6,السعر اتغير بعد ما طلبت كان ٤٧٠ واصبح ٥٢٢
7,كمية مكرونه قليله ، كمية اللي مع المكرونه اقل بكتير ! دي عينات اكل !
8,"الفرايز بارد و مالح جدا ميتكلش و المشروم مع الباستا مش باين , مش حلو الاردر المرادى"
9,was below average for a simple order
10,عبارة عن ملح بجد مالحة جدا و من كتر الملح مافيش طعم لاى حاجة تانية و ماتكلتش للأسف
11,The food came very late and the taste was not as expected the iteams that were supposed to be spicy were original
12,الصوص حلو بس الفراخ كانت محتاجة تكون مشوية اكتر من كده
13,"no chicken, no problem 🥲"
14,اسوء مكرونة شوفتها ف حياتى و رمتها ف الزبالة كانت الصلصة حمضانة و باعتين الفراخ نية حاجة استغفر الله العظيم
15,الراب البطاطس كان معجن و ملوش طعم والمكرونة مش اوى
16,the food was very cold and very small portions
17,وحش اووي اوي اوي اوي كل حاجة سيئة اسوء حاجة كلتها بحد
18,الاكل بارد
19,I found an insect in my pasta
20,الاكل سئ جدا جدا جدا ميتدفعش فيه فلوس اصلا ، أسوأ طعم ع الاطلاق
21,taste is so bad .. and the order was missing some items
22,طعم الدجاج فيه زفاره الي اقصي درجه ومقززه جدا
23,The box has veryyyy small portions compared to the restaurant. Not worth the price at all. Also it didn't taste like the restaurant. The oven baked pasta came with the mozzarella stuck to the top covering
24,you should mention that it's mini size
25,كميه الفراخ قليله جدا و كمان زفره.
26,It was bad and cold
27,الاكل وصل سخن وكويس جدا والدليفرى محترم ربنا يوفقه
28,جتلي مكرونة منغير صوص
29,مستاء
30,خدمه ممتازه وجه سخن
31,نصيحة خليكم ف المكرونة متعملوش سندوتشات تانى عشان السندوتش وصلنى العيش بايت و الطعم سىء جدا
32,طلبت واحد حلزوني وواحد اسبجاتي جابلي ال٢ مكرونه ثالتا خالص
33,المكرونة الصوص بتاعها غلط والاكل بارد جدا ومفيش حتي معلقه او شوكة اكل بيها
34,المندوب مستكبر يديني الأوردر و باعت طفل!! المرة الجاية اللي مش هلاقي المندوب بنفسه مش هستلم الأوردر
35,كل مرة أطلب من عندهم و بردو أندم تاني. غالي على مفيش و الجودة صفرية.
36,اسوء تجربة و مش هتتكرر تاني اكل زفت و مواعيد زفت و كله زفت
37,they didn't make it spicy as i orderd and also it wasn't so tasty as i expected
38,حاكل مكرونة بصوابعي انا ؟؟ مفيش اى إهتمام ولا شوكة و لا معلقة ولا اى حاجة خالص.....خدمة تقرف....😠😠😠
39,هائل
40,الدليفرى قمة قلة الذوق ومش محترم شغلو ناس محترمة بعد ادنكم مش ندفع فلوس ونتقرف
41,بجد بحاول اتواصل معاكوا من امبارح الاوردار جاى فى شعر وبارد ومفيهوش فراخ أصلا والتغليف زفت فا كان جاى مدلوق أنا محتاجه refund أصلا للاوردار ده بجد سىء ده مش اكل بنى ادمين
42,الاكل كان بشع من اول صوص المكرونه اللى وقع على الكيس و كميه المكرونه اللى تتعد بالواحده و الفراخ اللى لاتذكر اصلا مش موجوده
43,قطعة البانيه جايالي بيضا يعني ماكلفتوش خاطركم تحمروها وقومت أنا حمرتها وطلبت مشروب وجالي مشروب مختلف باختصار تجربة زفت مع مكان فاشل
44,The order is really really bad !!
45,"The pasta was supposed to have extra white sauce while it wasn’t added, this is not the first time to do this"
46,The order temperature
47,طلبته الpasta spicy ولقيته عادي مع علبة هالبينو على جنب. كان المفروض يوضحوا ان دا قصدهم بالسبايسي!
48,الاكل جاي بارد جدا والبطاطس قديمه والبرجر وحش جدا جدا ووجعلي بطني والطعم وحش جدا تجربه سيئه معفنه
49,worst experience ever .. sauce was spilled .. portion is so small and crispy has no taste. order takes more than usual
50,كنت طالب الاوردر اسبايسي وجة عادي
51,طلبنا الاوردر طلبين منهم فيها الشيدر و الموتزاريلا متحطوش اصلا. الفراخ المشويه حادقه النوديلز مش مظبوطه فى طعم و الصوصات و كم الخضار قليل الخضار بتاعتها.
52,عادي
53,سيء جدا جدا جدا
54,"portions for the pasta are very small, if you want to eat pasta you should order from somewhere else."
55,الباستا كلها ملح حرفيا
56,"All is good , delivery is so fast Many thankss"
57,المكرونة طعمها فلفل والبطاطس كارفة
58,هايل الاكل جميل جدا
59,الاكل سيئا جدا جدا ولا طعم وبارد وكل حاجه الصراحه رميتو
60,مافيش بطاطس
61,the white sauce pasta wasd deliverd red sauce
62,كويس
63,small portions
64,الاوردر مكملش نص ساعه ووصل سخن و الصوص تحفه و كله مظبوط
65,Zeft
66,عجينة حرفيا و الصوص قليل جداا لدرجة تحس انك بتاكل مكرونة مسلوقة
67,Na
68,المكرونة بتبقي بتبقي نص سوا غير كده طعم الحاجة كويس و الكفتة كويسة
69,الاكل سئ للغايه وني جدا
70,sauce all over
71,الاكل كان واقع ومدلوق في الشنطة وااوردر اتاخر عن معاده ربع ساعه ولا عرفت اتواصل معاكم وكانت تجربه سيئة للغاية ولم اكررها
72,تغليف غير محكم والمكرونه وقعت داخل الكيس
73,The pasta was tasteless
74,The sauce was spilled
75,however it didn't taste like curry but it was good
76,تغليف الاكل زي الزفت ..والأكل واصل مدلوق في الشنطة ..ووجبة سخنة محطوط معاها حاجة ساقعه ازاي ؟!... كأن لعب بلاستيك برميها في كيس وابعتها للعميل !!!؟... ايه القرف ده ؟!.. شكل الاكل استغفر الله العظيم مش آدمي بالمرة
77,chicken was too oily and small piece and the pasta had no taste and was dry it needed much more sauce
78,العلبه كانت غير مغلفه بالراب. الصلصه انسكبت في الكيس مع الدليفري وكانت في وضع رأسي مع إنفصال الغطاء.
79,Food came cold and wrong drink which was not cold
80,the food is good but i found a hair in it !!!! accidents happen but please be careful next time. merciii
81,هو فيه ايه يا جماعة انا مش هستلم الاوردر كدا دى تالت مرة التغليف زفت و الاكل غرقان صلصة
82,الاكل كله اخر اوردرين مفتوح فى الكيس بالذات العلبة الورق الكرتون دى بتدوب و الاكل بينزل يا جماعة مش اسلوب دا مرتين كدا كتير اكلكم فوق الرائع بس مش كدا راعونا
83,الكشري باستا قليل و فقير و لا يستحق
84,Soft drinks in combo was not delivered
85,the pasta is not bad but the crispy chicken is not seasoned at all and soo dry
86,smaller portion for more money
87,الباستا مش افضل حاجة و البرجر ملهوش طعم خالص تجربة سيئة جدا بصراحة
88,It was an white sauce one not chinese and it tastes like shit
89,طلبت مشروم اكسترا والمكرونه جت من غير مشروم وحاسبني عليه
90,انا دفعت لاضافة فراخ كرسبي و صوص وعبايتي لم يأتوا
91,they gave a fries instead of pastaweesy bites
92,النودلز مش حلوة و فيها طعم زفارة فى الفراخ والفراخ قليلة جدا !!
93,"the food tastes very bad, it tastes rotten and not fresh at all. the white sauce mushroom pasta tasted like vomit and the asian noodles tasted very very unpleasant. all my family got sick from the food. never buying anything from here again"
94,المكرونه طعمها سئ و بايته والمشروم لونه اسود وغريب والفراخ طعمها مر وحمضان
95,بجد سئ جدا جدا جدا الطلب كله غلط ، طالبة إضافة حاسبنى عليها ولم يتم اضافتها، طالبة مرندا تفاح جاية بيبسى كلمت خدمة العملاء ولا فى اى مساعدة !!!! مستحيل اطلبكم تانى
96,طلبت 2 بستاويسي بايتس وجيه فرايز عاديه + الاوردر اتأخر جدااا
97,it was very late the pasta was putty
98,They’re unclear
99,1- small piece of chicken filled almost 1/3 of the sandwich 2- undercooked chicken
100,I
101,very bad
102,الأوردر وصل مفتوح و الدليفري دقوا عللسلم
103,ال large نفس portion ال regular
104,سيئ جدا جدا جدا مواعيد ديليفري سيئه المكرونه ملهاش اي طعم ولا نكهه السوسيس والله رميتوا نوعه سيئ جدا رديئ والصوص مش باين فيه خالص
105,we received the sauce pasta with crispy chicken is spoiled!!
106,last time for me ordering from this app. no support. delivery came very late with cold order. am deleting the app to make sure I won't order again
107,Ordered a Pepsi but it never came
108,لا طعم ولا نظافه حتي البطاطس متحمره في زيت حلويات و فيها حاجات مسكره للاسف كنتو زمان حلوين
109,Tastes like intentional throw up pasta sauce 🤢
110,Ordered penne got smth else
111,الاكل كان طعمة حلو اوى بس كمية الفراخ مش كتيرة
112,الاكل كان بارد جدا
113,الاكل سئ بجد
114,مكرونة ماتتاكلش اقسم بالله البطاطس تتبيلتها كويسة بس ساقعة مجلدة مع اننا في صيف
115,سي
116,جميل لكن ياريت الساندويتش الصيامي البطاطس يكون اكبر شويه انتو صغرتو حجمه
117,جالي قبل الفطار بساعة
118,تغليف زي الزفت والحاجة واقعة وقرف
119,"Food came an hour early. By the time we can eat it will be cold, you guys need to fix your operational issues."
120,Great
121,الاكل بارد و طعمه يقرف و الساندويش العيش مقطع و حاجه زي الزفت الحقيقه دا غير تاخير الدلفري المبالغ فيه مش هاطلب منه تاني
122,Didn't taste if anything the sauce and the cheese were mostly tasteless
123,everything was great
124,اسوء مكرونة شوفتها!
125,Ordered diet pepsi received normal one
126,الاكل كان سي جداا
127,الاكل سئ جدا وبارد واقرب لاانه حامض أو بايظ
128,the food was hot and tasty
129,Pasta could be better burger was good
130,الاكل مكانش زي الوصف و جيه بارد و اغلي من التمن المستحق له
131,"The food was cold, the portion was very small for a large order and it took so long to get the order."
132,بجد حاجة بشعة، المكرونة الاسباجيتي الريد سوس معجنة، و قطعة البانيه صغيرة و دلعة جدا و الاكل طعمه استغفر الله العظيم
133,السجق كان قليل جدا جدا فى الطبق البسطرمة كانت حادقة
134,The pasta tastes like they meant to make you throw up 🤮
135,الكميه مش احسن حاجه بس لزيزززز
136,الاكل سيئ جدا حاسه اني هرجع و جيه متاخر اوي و بارد جدا
137,تجربة سيئة للغاية الاكل طعمه وحش جدا المكرونة وايت صوص كانه دقيق محصلش بشاميل بيتي المكرونة ناشفه والاكل جه بارد بالتالي مكتل كانه بشاميل مش مستوي خساره الفلوس اللي ادفعت في اكل ما يتاكلش
138,هيا دي بجد فراخ ولا شيء مصنع ؟؟ جلده جواها لحمه بيضه مفصولين عن بعض شكلها عجيب ومالهاش طعم !! المفروض أكل بنتي منها ؟ انا باكل من عندكم من اكتر من ١٢ سنه اول مره اشوف القرف دا
139,للأسف كان من أفضل المطاعم بالنسبة لي مرة عن مرة الطعم اوحش لما بقى لا يطاق ومكرونة نيه وفراخ ناشفة وطعم وحش
140,الاوردر ناقص صوص الرنش
141,للاسف الطعم مش حلو خالص
142,Worst pasta I ever ate in my life. And cold.
143,التغليف كان سئ جداا جداا والاورد اتاخر وكان بارد خالص
144,ارجوا الاهتمام اكثر بالنظافه في المطبخ
145,سئ جدا جدا جدا المكرونه حرفيا مفيهاش اي فراخ خالص حتى والاسترسبس كان بشع
146,بيستخدموا مشروبات مقاطعة
147,the only negative thing is the delivery is slow
148,very bad taste not ordering again
149,الاكل سيئ لدرجة ان دا اول مرة اقيم الاكل بالطريقة ديه
150,الاكل سيي جدا المكرونه مش مستويه و الفراخ طعمها زفر و الاكل بارد تجربة سيئة جدا و ميستاهلش ثمنه خالص اقل اقل من العادي و الامل كمان وصل متاخر
151,في برجر ناقص
152,.
153,السجق مكنش حلو خالص و السندوتش كان في ريحه حاجه حمضانه
154,Bad taste and un cooked sogo2
155,كمية الفراخ قليلة
156,اي الهبل ده الحاجه ناقصه
157,ده مش أكل يا جماعة دي زباله و مسخنينها … المكرونة الاسباجيتي متكسرة كأنها شعرية و صلصة البولونيز دي مسممة
158,describe all the ingredients specifically
159,تاني مره الفراخ تكون فيها ريحة ظفاره
160,المكرونه نيه وكلها بكتيريا و الأكل سيء جدا
161,الكميه قليله جدا الطبق المكرونه ال L لا يكفي لفرد
162,الساندوتش مطلوب سبايسي، وصل عادي و الغلاف على الساندوتش غير مجكم الغلق كأنه انفتح
163,طالب مكرونة دجاج مشوي جابلي المكرونة وتقريبا نسي يحط عليها الدجاج المشوي اللي قايلين عليه تجربه سيئه انا طلبت اكل تاني
164,المكرونة بايتة مش طازة
165,اسوء اوردر ممكن اطلبه المكرونه عبارة عن بواقى اكل حرفيا وطعمها سئ جدا وكمية الاكل مقابل السعر شئ مزعج
166,الاكل كان ملوش طعم و الصوص يعتبر مكانش موجود كان زى البواقى فى الطبق دا غير ان الاكل جالى متأخر ساعة عن معاد وصوله
167,وحش جدا
168,Et2a5r gdn w geh bard
169,الاكل سيء جدا
170,الاكل وصل بارد و المكرونة كانت تقريبا من غير صوص و مستوي الاكل عامة سئ جدا و تجربة مش هكررها تاني
171,سيئ جدا جدا انتظرت اكثر من ساعه وبل اخير لغو الطلب وقبلها بمره وصل الاكل بارد وطعمو سيئ وتغليفه اسوء واسوء
172,الباستا و الفرايز حايين باردين جدا و الفراخ بقا جاية مش مستوية اصلا و بطنى وجعتنى اخر مرة هطلبها !!!
173,I want to tip the driver
174,"The quality of the meat in Bolognese Sauce is bad compared to the price. The Curry Sauce was bland with just a tiny hint of Curry. Their Idea of ""Spicy"" is just adding pieces of hot pepper to the pasta .. no modifications in the sauce to make it spic..."
175,كل اوردر اطلبه بيزودوا ١ جنيه مش فاهم ليه
176,الفرع ده مش زي باقي الفروع خالص
177,الطعم سئ
178,الاوردر جع كله غلط و بارد الواحد كره انه يطلب اون لاين
179,the spaghetti was not good at all not well done and there was no taste in it
180,"Item missing,the fries is missing"
181,"the food was cold and it take so long to arrive,the potatoes wasn’t like the picture"
182,"The drink wasn't what i placed in the order, i have ordered 3 7 ups and received 3 Pepsi instead!"
183,The food was so hot and perfect
184,The order was hot and very delicious. Thank you🧡
185,"My order was included two sauces, and I didn't receive them"
186,It was sooooo bad
187,مش واو .. عاديه زي اللي بتاكلها في اي مطعم مذ مشهور
188,الاكل سئ جدا صوص الكاري مش موجود طلبت اضافة جمبري ولما يتم اضافتها
189,الاكل جاي ناقص و طالب مشروب جالي حاجة غيره و الاكل جاي نص ساعة متأخر عن المعاد
190,..
191,سلطة سيزار سيئة جدا الفراخ محروقة و العيش طري و معجن
192,المكرونه معجنه و ملزقه
193,the penne was RAW very few and small chicken pieces
194,الكمية قليلة و جودة اللحوم أقل من المتوسط
195,الطعم مش حلو
196,الاكل تحفه وجميل 🥰😍😘
197,I payed for red sauce i received the order without red sauce
198,pasta is very bad
199,الأكل ملزق وبارد بسبب التأخير … الشوكة اتكسرت من كتر ما الأكل نشف من السقعة …
200,الي كان جايب الاوردر مش كويس دي كلمه قليله
201,الطعم وحش جداً الصوص الابيض قليل جداً والفراخ مش مستويه
202,الاكل وحش والواد النصاب عامل معهوش فكة عشان ياخد الباقي كله
203,Very bad quality and portion
204,The pasta didn’t taste good /the fires half the packet only and the pasta leaked
205,مستلمتوش … انتو بقيتوا مطعم سيء جدااااااا للأسف
206,ممتاز 🥰😍😘
207,البطاطس ناقصة و مش محطوط فيه فراخ و جمبري كتير سئ بجد
208,وصل متاخر جدا
209,أنا علي طول بطلب مكرونة فرن سجق وبسطرمه من عندكم اول مره تيجي طعمها وحش كده
210,الطعم جميل كالعادة ، فيما عدى ذلك من أسوأ التجارب بحياتي ، الأكل استغرق ساعتين وعشر دقايق للوصول ووصلني بارد ، الصوص قليل جدًا والباستا ناشفة ، الموزاريلا كميتها ما ادفع عليها 2 جنيه حتى رغم إنه بالسابق الكمية محترمة وجيدة ، تجربة لم يتم إحترام العمي...
211,اكل سئ و المكرونة معجنة و الفراخ حتت صغيرة جدا و البطاطس محروقة
212,الاكل سئ جدا
213,كويسه بس السعر كتير اوي عليها الحقيقه
214,مقاطعه بيستخدم كولا ومنتجات من شركة بيبسي🔻🔻 متشاركش ف دم اخواتك🇵🇸
215,بارد ومش مستوي كويس
216,الاكل مرمي و مقلوب !
217,الكميات غير متناسبه مع السعر
218,الاكل بارد والبطاطس متلجة البسطرمة كانت محروقة للاسف الاوردر لاول مرة يكون سئ
219,"Waiting time was short and the courier was nice, the sauce tasted so good and the chicken too…but pasta itself was cooked too much and it was all matted together"
220,الاكل كلو سيء جدا مش موضوع تجربة الموضوع باستا بتجيك بعلبة صغيرة مكدسة تكديس حسيت اني طالب عجين مش باستا وطعم الله لا يرويكن سيء جدا نصيحة لا حدا يطلب مطعم هاد عطيتي انا كذا فرصة الوضوع زي ماهو سيء للغاية
221,الباستا وحشه جدا اللي بنعملها في البيت احسن كتير و الصوص مش مندمج مع المكرونه و المكرونه كلها نشا و ماسكه في بعضها و بصراحه وحشه اوي غير ان ساندويتش البرجر وحش جدا
222,بجد شكرا قوي على ملاحظتكم للتوصية 🙏🙏🙏❤️
223,المشكله ان المكرونه وايت صوص الصوص قليله فيها الطعم مش غنى بالصوص فكره قطع الدجاج دى حاجه نسبيه والمكرونه مش مسلوقه بشكل كافى
224,سيء
225,السندوتش كان نصه فاضي طلبت تبديل المكرونه اللي بصوص احمر لانها بايظة قاللي مع الطلب القادم لان ميش دليفري الساعة ١٠ بالليل يا ريت يبقى في بدايل أخرى غير البيبسي زعلانة جدا على بسطاويسي لانه افصل مكان بيعمل مكرونة بالنسبة لي.
226,we did not get delivery
227,الطعم سئ جدا بالنسبة للسعر الصوص الأبيض طعمه سئ للغاية
228,👍
229,Chicken isn’t fresh 🤦🏻
230,مكرونة نية ، وايت صوص سيئ، كمية قليلة مقابل السعر
231,المكرونة ناشقة والصوص محطوط فوق المكرونة مش المكرونة كلها وطعمها وحش جدا هي والفراخ
232,الضرائب والتوصيل اكتر من ٥٠ جنيه لابجد السعر الاجمالي غالي جدا يخساره
233,اخر مره الجمبري كان قليل جدا كانت نفس كميه الطبق الاصغر تقريبا
234,اكل لذيذة الحجم معقول الحجم من غير ما يكون في فايض.
235,زفت الاكل جاي بارد و بعد ساعتين بجد حاجه اخر قرف
236,Food was a mess and no Ketchup or gloves were included.
237,Cold
238,T
239,"Bolognese didn't have the extra I ordered and it tasted so bad, also I ordered the sandwich without lettuce and it came with lettuce"
240,انا طلبت مكرونه صوص احمر بفراخ كرسبي الاكل جابلي تسمم عندي اسهال وترجيع ودوخه
241,كنت حابب اغير طريقه الدفع من كاش الى برومو كود وكلمت الدعم موصلتش لنتيجه
242,انا طلبت مرتين قبل كده بس المرة دي بجد سيئة طلبت عصير تفاح ومكرونة بنا بالكاري وفراخ كرسبي حجم كبير العصير مجاش وللاسف صوص الكاري مكنش له اي طعم الفراخ بس هي اللي تتاكل بس كانت قليلة وده غير الشوكة مش متغلفة ومرة مجتش اصلا
243,ممتاز
244,اسوء تجربة و هي الاخيرة، الباستا جاية حمضانة، اتقوا الله القرش بتاعكم حرام
245,السجق كان محروق ف المكرونة
246,"Paid 50 egp for extra crispy chicken, only got10% more than they always put by default 🥲"
247,دافع ٦٠ جنية زيادة على الاوردر عشان ازود الكمية .. وجالي نفس الكمية العادية
248,Very small and very bad taste. Not ordering from them again. Can't even cook pasta.
249,Very few shrimps in the regular pasta. Fettuccine was very sticky in the large pasta. I’m disappointed this time in the order.
250,beverage was warm pasta should have been more cooked
251,الفراخ مش مستوية جايبينها نية
252,الجمبري سئ جدا و ناشف و محروق
253,"Order is open not closing or packaging well Dry no adequate sauce, i ordered extra mozzarella topping but I didn’t found any mozzarella"
254,Payment came much higher than on app
255,very bad pasta an experience I won't repeat and the wrap was normal
256,الاوردر ناقص الكانز Shrimp is ivermectin cooked and so little quality
257,"Very bad quality of food, really bad pasta"
258,طلب إضافة صوص شيدر مش اتضاف ،الوايت صوص قليل جدا ،وطعم المكرونة مش افضل حاجة 😐
259,طلبت مكرونة مع فراخ مشوية كان طعمها سئ جداً و جاية مقلوبة
260,the food was too bad
261,"Very bad test, cold pasta and fries!"
262,بطلب نفس الحاجه كل مره(مكرونه فرن بالفراخ المشويه و اكسترا مشروم) و الجوده ثابته وجيد جدا
263,I’ve paid extra 15 le to get juice instead of pepsi and at the end delivered pepsi
264,الصوص قليل جداااااااااا والمكرونه ناشفه
265,The pasta was raw & this is not the first time & it was oily more than it should
266,Small portions
267,دليفري محترم اديته فلوس زياده و رجع رجعهم جزاه الله كل خير
268,مكرونه حلوه بس كميه الموتزريلا والماشروم قليله
269,سيء جدا والكميه غير كافيه مقابل السعر المكرونه وحشه
270,جميل جدا
271,It was late and i got sick and still sick from this order
272,Pasta was soooooooo dry
273,الطعم سئ جدا كأنه سلق شويه مكرونة ورمى عليهم شويه كريمة طهى مش حلوة ومش هجبها من هنا تانى للاسف .
274,Ok
275,الاوردر واصل ناقص
276,food was hot and fresh but bad taste
277,Taste is not as good as expected Price is a bit high
278,الطعم سي جدااااا منصحش حد يجيب سيزار سالاد
279,حاطين رائحة الماشروم المفروض الطلب لمحبي المشروم ومافيش ماشروم؟؟؟؟؟!!!!!!! خسارة الفلوس
280,The cost-to-quality ratio of the meal was unsatisfactory.
281,اوحش اوردر اكلته فى حياتى وميستاهلش الفلوس اللى ادفعت فيه ومفيش اى جمبري خالص والله ندمت ان طلبت منكم
282,المكرونة حلوة ككمية و طعم و لكن عجنت مع الصلصة. البرجر حرام فيه مليم بجد. كاوتش مش برجر.
283,الاوردر ناقص
284,pastaweesy is great but elmenues i have a big issue with them
285,المكرونة داوود باشا كانت حمضانة و ريحتها وحشة
286,اكلهم اسوء من السوء
287,صراحة توقعت طعم تاني، لكن الصوص مكنش لذيذ خالص والفراخ
288,"Wrong order ,no more chances MFs"
289,التوصيل متاخر
290,It was very Good it was creamy and the cheese was rich and the pasta was so good (thank you) gyus
291,مش مقاطع وطلبت عصير ودفعت 10 ج زيادة ورغم كدا جاه بيبسى وكاتشب هاينز
292,Burger bun was burned and bread was old
293,Awesome
294,أسوأ اوردر في حياتي
295,"The order was delivered by mistake to another driver without making sure the delivery code. that leads to preparing my order again and being too late to deliver. another thing, I had finally received my order with no fork or a spoon or any tools."
296,Highly not recommended
297,I ordered the red sauce with spaghetti it came with penna
298,معجنه وملهاش طعم والمشروب جه غلط..........
299,زباله شبهكم
300,فيه حشره في الاوردر
301,Portion each order got lesser than prev. Order
302,الكميه الصغيره
303,The order is not covered and opened with a dirty fork and cold
304,Too small
305,I had a food poisoning
306,زي الزفت لاني طلبت ميراندا برتقال جالي بيبسي وفي حاجات ناقصه من الاوردر ومش طالب منكم تاني وهعمل شكوه
307,سيئ جدا
308,there's a hair in the fries 🍟 🍟🍟🍟🍟🍟🍟🍟🍟
309,there was an insect in the food
310,Wrong pasta
311,Missing items Taste not as expected
312,انا طالب واحده سجق بسطرمة سبياسى مجتش سبيايسى و تانى حاجة الاكل بارد
313,باعتين بيبسي مكان جهينه
314,they didn’t deliver the juice
315,Order is missing
316,الكمية قليلة وداوود باشا ليست جيدة
317,ي
318,جميل جدااا
319,لذيذ
320,الطعم عادي جدا والكمية مقابل السعر غير عادلة 😔
321,اتأخر الاوردر للاسف غير كدا كله تمام
322,Excellent Cheese Burgers and Cheese Cake!!! 🌟🌟🌟🌟🌟
323,Very small portion
324,المكرونة بالكبدة سيئة للغاية ومفيش صلصلة يعتبر عالمكرونة وكانت ناشفة جدا
325,الاكل كان بارد و كأنه بايت
326,لأكل كان معفن و ريحته طلعه ولما اتواصل معاهم مرجعوش الفلوس
327,the order was a little bit late.
328,المكرونة كانت ماسكة فى بعض جامد
329,اسوء مكرونه اكلتها معجنه وناشفه ومفهاش فراخ خالص مع ان انا مزوده وايت صوص بجد حرام الفلوس اللي ادفعت
330,The cheese was rotted
331,المكرونة مش مستوية و وش المكرونة جاي لي محروق المكرونة عك
332,I ordered soggo2 as extra but it didn't arrive with the main order and I still paid for it
333,لو في صفر كنت حطيته! جالي لتر عصير جهينة تفاح العلبة بتاعته مطبقة ومفتوحة والعصير بايظ! المكرونة نوع رخيص جدا ومعجنة الوايت صوص عبارة عن مياه ودقيق ولا في لبن ولا زبدة ولا وايت صوص اصلا الفراخ عينات محدش يطلب!
334,اسواء تجربه فالدنيااااااااا 🤮🤮🤮🤮🤮🤮🤮🤮
335,"Very bad experience It was the first time to try Pastaweesy, and I came across rating but it was the worst Pasta I have ever eaten Will not order from them again But delivery was so fast"
336,المفروض ان تمن الاوردر ٣٤٩ الدليفرى طلب منى ٣٥٥ ممكن افهم سبب الزياده دى ايه
337,الأكل وصل بعد ساعتين و نص ، بارد و ملوش طعم ، حتي بالنسبة لانه بارد كان وحش جدا تجربة سيئة جدا
338,مؤخرا اي مكرونة صوص احمر بتبقى حرفيا حمضانة. طلبت بعد مدة طويلة وبعد نفس الacidic taste حاجة تقلب البطن ياريت تاخدوا بالكم من ان الجودة في النازل
339,I requested a plat to be a spicy even though what I got was no spicy in Also all microns were bad and not cooked well I requested Pepsi and they provided 7up It was a bad experience and won’t think to order again from here
340,سائق محترم
341,قعدت ساعتين ونصف عشان الاوردر يوصل جيه بارد جدا وغير المطلوب ده غير الكميه والمكرونة كان طعمها بجد من اسوأ المرات اللي جيبت فيها مكرنه والجمبري مكنش موجود تقريبا كله مكرونه وحشه
342,I said no veggies but my food had veggies
343,طلبت مخلل ومجاش وطلب عصير جهينة ودفعت فلوس وجبلي بيبسي بدل العصير
344,المكرونة بالكفتة.. بايتة و طعمها سيء للغاية للأسف اما المكرونة بالفراخ ف كانت بايظة و رميتها بحالها انا مصدومة و موش مسامحة فب الفلوس ال دفعتها و عمري ما هطلوب منكو تاني لعدم امانتكم...
345,الاكل كان فيه شعر !!
346,Food’s taste was really bad.
347,portion was smaller than expected but it tasted good
348,"the pasta tastes like metal, and the chicken is disgusting. horrible experience"
349,ازاي أوردر پاستا يجيلي من غير شوكة حتى؟؟
350,الاكل سئ للغايه ، حسبنا الله ونعم الوكيل
351,مطعم غير جيد بالمرة جودة الأكل سيئة والكميات ومحتواياتها قليلة ورديئة، لا انصح به بالمرة
352,very good
353,١ طعم الاكل اقل من العادى ٢ مكرونة داود باشا بالصوص الاحمر طعمها سئ
354,الاوردر موصلش!!!!!!
355,الاوردر غير الاوردر خالص
356,Three peaces chicken in curry pasta !! Totally ridiculous. Packing not supporting.
357,Pasta wasn’t very good
358,الطعم سيء جدا
359,"Very bad taste , i not recommend"
360,الاكل وصل بارد
361,I always order from you but this time is going to be the last Chicken is burnt and taste is horrible
362,المطعم والطعام زى الفل انصحكم بالتجربة ♥️باستاويسي
363,الحجم صغير جدااا والسعر غالي والأكل مش احسن حاجه👎
364,الاوردر كنت طالباه سبايسي ومحاسبه على الزياده وجهه عادي
365,كمية الفراخ قليلة جدا
366,Perfect order and driver
367,Too much sauce
368,داوود باشا المكرونة والصلصة ملهمش طعم والكفتة مش حلوة أبدا بعتذر بس كان متوقع جودة أحسن من كدا بكتير
369,الطيار فضل واقف تحت البيت ماسك الاوردر ف ايده تلت ساعه بيتكلم ف التلفون والاكل علي ماطلعلي كان بارد وكمان الاكل كان طعمه مش احسن حاجه خالص
370,الدجاج قليل جدا جدا جدا جدا ! ايه يعني تحطو خمس حبات دجاج !!!!!!!!!!! اسوء مره بطلب شو النصب هاد !؟
371,"EVERY FUCKING TIME YOUR HORRIBLE APPLICATION AND UR HORRIBLE DRIVERS, IM NOT USING THUS STUPID APP AGAIN"
372,the salad and the sauce were tasty but the only bad thing was the bread. it was white and not roasted and the sauce was watery so as soon as I put the sauce it absorbed the sauce and became goowy and mushed. they need to change the bread pieces.
373,They ignored my special request. طلبتها من غير سجق جاتلي غرقانة سجق 🤮🤮
374,pasta was cold and the sauce was too thick
375,"toppings needs to be a bit more, not only 3 or 5 pieces at most"
376,المكرونه مفيهاش غير قطعتين دجاج بالعدد و مليانه بصل كتير اوي طالبه حجم عادي و لارج الاتنين جم نفس الحجم طالبه سفن جالي كولا
377,"Horrible, they put like 3 shrimps only for the pasta and flavorless sauce and uncooked pasta"
378,The food came very cold
379,اكل بارد وناقص صوص وجمبرى قليل اوى مقابل السعر
380,Am trying to reach customer support with no luck! I receive fries with lots of pepper and it’s not the same like the ones we used to order or the one in the picture!!!! Am not gonna eat those 🍟
381,الاكل طعمه وحش جدااااا وخساره فيه الفلوس اصلا
382,مؤخرا مع الاسف الصوص الاحمر ببقى حامض جدا و كتير اوي ع المكرونة ياريت ترجعو زي الاول
383,Late Delivery & Taste not as expected after being all that late.
384,الاكل كان كويس لكن كمية الجمبري كانت قليلة جداً على اني طلبت exrta shrimps!! !!!!
385,جميل
386,الفراخ اللى فالمكرونه كانت قليله جدا على غير العاده. حرفيا المكرونه اللارج كان فيها اربع قطع فراخ بس. و طالبهextra مشروم ، حاطين قليل جداااا
387,The ranch sauce was rotten
388,The sauce was way too heavy and the pasta was way too overcooked Also the whole dish needed more pepper
389,Everything was great 10/10 but fries was mediocre
390,مجاش بسبب المنيوز 😂
391,المكرونه معجنه وسيئه جدا
392,The taste is horrible
393,"Cheesecake very bad taste, production date more then 25 days. Pasta, chicken samples."
394,"Price updated after i placed the order without confirmation from me, the food was so cold and not fresh"
395,المكرونه معجنه لاول مره
396,"I ordered oven baked pasta with mushroom. The only reason I ordered it was because of the ""mushroom"". While eating it, I found no mushroom whatsoever. Not a single one!!!! Plus the meatballs, which I paid to be added, tasted awful awful awful!!!"
397,بيبسي مقاطعة 😡😡😡😡 وأنا وصحابي مش هنطلب منكم تاني لحد م تلتزمو بالمقاطعة
398,ناقص البيبسي
399,المكرونة معجنة اوي
400,Literally 5 pieces of chicken
401,البطاطس عليها سكر مش ملح !!!!!
402,الاوردر ممتاز والاكل طازج وساخن والطيار محترم جدا وشيك ❤️❤️❤️
403,انا مكلتش حاجة وحشة زي ديه قبل كده انا حاسة انها يواقي اكل مكرونة معجنة جدا غير اني استنيت كل ده عشان يجيلي برجر طعمه بيض اوملت
404,المكرونة كلها معجنة، انا ميش فاهم بعتوها إزاي كده!!
405,Didn’t receive it!
406,مكرونه بالفراخ بس مفيهاش فراخ
407,sauce was soooo thick and excessively spicy
408,الفراخ و لقمة البوريو ممتازين لكن التشيز كيك جاية مجمده ليه و لما فكت بقت وحشة
409,Amazing meal
410,الاكل للاسف سئ و المكرونه وصلت معجنه
411,أورد الريد صوص كان مضبوط إنما اوردر صوص كاري و مشروم كان مكرونة بالوايت صوص جه غلط
412,المكرونة نية ..
413,الأكل جه مقلوب فى الكيس
414,They did not gave me a receipt
415,I found hair in the food
416,the sweet dishes are not fresh and taste bad
417,cold food
418,"quantity was good but Dawood basha was not fully cooked.the food was a bit sticky and all plates came as penna despite me ordering one as spaghetti,which was the Dawood basha.Please bring back a better cooked Dawood basha if possible."
419,لقمة الاوريو وصلتني ناقصه قطعه الصوص قليل جدا العلبة و الصوص غير مغلفين
420,الاوردر بقاله اكتر من ساعه ونص والاكل وحش جدا
421,package was leaking
422,هو فين الفراخ !!!!!! دافعه ١٦٠ ج عشان بالعدد يكون في ٤ قطع فراخ صغيرييييين جوه المكرونه !!!!!!!!!!!! متعصبه جدااا دا ميصحش و محتاجه تعويض عن الهبل دا
423,الجبنة كانت ريحتها غريبة شوية
424,البطاطس كميه قليله جداً مقارنه بالسعر ... ❌ التغليف ممتاز والطعم رائع ✅ ياريت ميبقاش اختيار المشروب من كوكاكولا اجباري او يبقا في صنف عصير ✨
425,day old soggy pasta for that order
426,Ok food and terrible delivery
427,الاكل كان فيه شعره والفراخ فيها طعم لمون ومعدتي تعبتني منه
428,انواع مكرونه غير الي طلبتها
429,مفيش غير ٤ قطع فراخ صغيرة قى طبق باستا كبير
430,اكل سئ للغايه البطاطس مش سخنه وطعمها وحش المكرونه معجنه وطعمها مش حلو المشروم قليل جدا جدا والسبايسي سئ جدا عباره عن فلفل رومي بجد تجربه سئ جدا
431,الباستا مفيهاش صوص كفايه الطعم غير متوازن. أول تجربة ومعتقدش هجرب تاني
432,الطعم كان سيء جدا
433,المطعم سلم الاوردر لطيار دليفري غلط و اكتشفوا بعد ساعة
434,المكرونه جاتلي مقلوبه برا العلبه والغطا مفتوح ومنظر بصراحه مش لطيف نهائي
435,الفراخ قليله جداً
436,علبه المكرونه وصلت كلها مدلوقه ف الشنطه
437,driver was really rude he us the worst person ever
438,الصوص قليل جدا الكرونة تعتبر سادة و دا عكس المتوقع منكوا بصراحة!!!!!!! تحربة سيئة
439,Low quality pasta and not enough sauce
440,صوص جبنة البطاطس كان باااااايظ
441,بجد بجد يعنى الفراخ الى محطوطه حتى مااسمهاش فراخ ايه ده بجد ؟؟ يعنى ادفع ٣٠٠ جنيه ف شويه مكرونه بجد ؟؟ حاجه يعنى استغلال بجد
442,بجد تحفه تحفه تحفه انا طلبت عرض كان فيه ٤ اطعمه مكرونه بالجمبرى / داوود / تشيكن / كرسبى الاربعه اروع من بعض بجد
443,The order took 2hrs to be delivered and was delivered wrong and there is no support in any way for a customer to complain (no one answers)
444,اخر مرة هطلب منه
445,الخضار قليل
446,تحفه جدا وجميل وطعم كل صوص واضح جدا ولذيذ
447,"Guys you literally the worst service I’ve ever seen , i have tried to give a second chance but you don’t deserve literally, i have received the pasta with literally 3 shrimp on it and its very small and tasted very bad"
448,There’s only 5 chicken pieces and sauce was very little
449,المكرونة مفهاش صوص والفرايز جت تلج وتخينة ونية !!
450,المكرونه جايه من غير صوص تقريباً
451,لقيت دوده في السلطة !!!!!!!!!!!!!!!!!!!!!!!!!!!!!
452,Driver very polite
453,Pepsi was missing
454,very bery bad
455,burger was not cooked well
456,needed more chicken
457,انا طالب نيجريسكو بس جت منغير فراخ و مكرونه بالكبده فيها بظبط ٣ قطع صغيره
458,كميه كبده لاتذكر مع كميه كبيره من المكرونه طب انا طلبت الحجم الكبير تقوم تزود مكرونه مع كميه كبده قليله جدا...
459,الاكل سئ للغاية من غير توابل ولا ملح ولا حتي صوص الكاري كما موضح بالاوردر، من اسوء المرات اللي طلبت فيها اوردر من مطعم Pastaweesy
460,الاكل كان حلو جدا بس كميه الفراخ في الباستا كانت شبه معدومه علي عكس السجق
461,the order came after 90 minutes and the driver came and left without delivering the order and the order was closed as delivered what a shame from the company and the restaurant this the last time to order from elmenus
462,"I got food poisoning, the sauce tasted really weird and so was the burger. I spent the whole night with an upset stomach and a nonstop diarrhea."
463,"The pasta tastes so badddd, will never order from you guys again 🤢"
464,قطع الفراخ قليلة جدا جدا
465,المكرونة غير مطهية جيدا الفراخ طعمها سئ و كميتها قليلة
466,الكميه قليله جدا
467,Driver stalled for over 15 mins away from normal delivery path
468,Oredered 7up and didn’t receive it
469,المكرونه كانت ناشفه جدا جدا جدا
470,طلبت اضافة صوص ابيض ولم يتم إضافته في الاكل ولكن هو مضاف في الفاتورة
471,الباستا مو متل يلي طلبتها
472,Meatballs were literally 3
473,It didn’t come with a drink The portions of the shrimp is so little
474,الاوردر جاي التغليف بايظ والصوص واقع بره كله في الشنطه انا مردتش ارجع عشان الطيار بس ميشلش حقه بس بجد تجربه وحشه جدا
475,الاكل وصل بكل الطلبات و كان بصراحه ممتاز جدا. المكرونه الريد صوص طعمه تحفه، وجبة البوريو بصراحه اول مره أجربه بس كانت جميله جدا. انا عجبني الاكل قوي و انشالله اطلب تاني منكم بعد كدا 😋
476,الأكل انقلب في الشنطة
477,They Missed the paid extras!!
478,No utensils provided
479,الطعم
480,الاكل مجاش برضو
481,white sauce was sooo thick and tasteless
482,4 جمبريات بالعدد
483,سئ جدا
484,The worst ever
485,طعمه سيء جدا
486,وحشة جدا ملهاش علاقة اصلا بالمكرونة بالجمبرى
487,مكرونه مهريه و متتاكلش
488,بصراحة اول مرة اكل يعجبني بالطريقة دي والمطعم يستاهل اعلى تقييم بامانة
489,"I ordered the same order around 2-3 times before, this is the first time I find the food very bland, badly packaged, a bit burned (lo2met el oreo), and even the meat balls were tasteless."
490,كمية المكرونة قليلة جدا جدا جدا لكن الاكل كويس
491,عرض ممتاز
492,الاكل قذر معمول من اكتر من يوم الاكل بايت و طعمه يقرف
493,Tasteless red sauce bad quality of shrimps but its cheap so that’s why it’s tasteless
494,Missing items
495,المكرونة كانت مش مستوية و الصوص طعمه مش زي كل مرة
496,اكلت مكرونة بالجمبري..الصوص لونه وطعمه سيء جدًا والجمبري زفر وبطني وجعتني. بجد وانا باكل بقيت بسأل نفسي هو صاحب المطعم ده ماعندوش ذوق في الأكل للدرجة! طب ليه اختار يفتح مطعم لو مش هيعرف يعمل شوية مكرونة!
497,Great driver
498,There isn’t extra motzarella as I ordered but the taste was very good
499,I ordered wi the crispy chicken and it came without any chicken
500,المكرونة بالكبدة كانت بايظة و حمضانة
501,White sauce wasnt enogh as the chicken portion
502,الأكل يحتاج إلى مزيد من إلا هتمام المكرونة الاسباجتي لم تكن ناضجة جيداً كمية كفتة داوود باشا قليلة بالنسبة للحجم وكذلك الجمبري
503,Packing is too low as all orders content are out from its pack
504,حلو جدا
505,الاوردر ناقص المشروب
506,"The meal was too heavy on the stomach and the taste wasn’t worth it . Even the quality of cheese wasn’t good . First time to order , probably also last"
507,Great taste but the portions are small
508,عباره عن مكرونه مسلوقه بس من غير اي حاجة
509,very very late order and not professional deal ..
510,المطعم كلمني قالي الاوردر ناقص كلم الطيار يجي ياخده كلمت الطيار قالي مش هوصلك حاجه ولا هرجع المطعم وعمل الاوردر انه وصل
511,Average
512,order came very few. then replaced with a very dry order and too many spices
513,And wrong sauce!!
514,المشكلة عندكوا اديتوا للدريفري عنوان مطعم مغلق وكان في مكان اقرب يروح ليه (فرع الطاهرة) وديتوه فرع مصر الجديدة ده غير ان الاوردر جه ناقص ملح وفلفل اسود والبطاطس كانت بردت علشان الاوردر جه متاخر بعد ماحولتوا الدليفري لفرع مصر الجديدة وكنت طالبة مير...
515,The chicken was extra fried and didn’t have any taste
516,meatballs كانت ناشفة جدا و اللحمة كانت قديمة مش فريش و طعمها كان سئ جدا للاسف
517,VERY BAD SHRIMPS
518,المستوي ضعف للغاية
519,The sogo2 in the pasta was very small and barely noticeable and the mushroom used was canned and not fresh
520,الاكل وحش جداا ميتاكلش اصلا مستحيل. اطلب منه تاني
521,المكرونة جاية مرة و الصوص مر جدا
522,Taste not as expected
523,طلبت عرض الاربعه جالي ناقص و الوايت صوص بالفراخ جت بايظه وريحتها سيئه بجدعيب مش اول مره اطلب منهم بحد اخر مره بجد لو في اقل من نجمه كنت حطيت
524,الاوردر جالي ناقص مش كامل وعيب يعني 🙂🙂🙂🙂🙂🙂
525,"All items were spelled out from its pack, really disappointing!!"
526,Small quantity
527,الطعم وحش جدا الاوردر جاي ني وحش جدا جدا
528,there was pastrami in my pasta
529,المكرونه مستوية زياده عن اللزوم و مهريه
530,Same old great taste and quality. The prices are a bit high compared to the portions.
531,Everything was bad
532,اسوء تغليف
533,less meat balls. الكفتة قليلة.
534,المكرونة شكلها بايت و الصلصة عاملة زي المياه و حطينها قليل و خفيفة
535,"I paid for spicy it came with no spicy , I paid for curry sauce it came with white sauce , horrible order service there ate like almost 20 pounds that was taken from me for nothing ."
536,الاكل سخن ووصل بسرعة
537,هو الاكل حلو جدا و الساندوتش العيش كان فريش جدا و البيف كان طعمه حلو جدا و المكرونه كالعاده حلوه اوي وكميه مشروم محترمه بجد الحاجه الوحيده الي معجبتنيش البطاطس جبنه بالصوص الحار الصوص مكنش موجود وكلموني ابدله و كميه البطاطس كانت قليله
538,the driver took the change he said has no fakkah
539,النكرونه جت من غير الفراخ ايه الهبل ده !!!!!
540,"great Food experience, fast delivery"
541,اول مره اطلبها و تكون بالسوء دا صوص قليل جدا موزاريلا أقل و حتى الجمبرى قليل و المكرونه نفسها مش مستويه كويس فيه فرق فى ال taste اللى متعودين عليه منكم فعلا
542,another toxic food
543,الطلب اتاخر اوي على ما يجهز في المطعم
544,الاكل سيء جدا و مفيش حاجه مخدومه و حاجه اخر عك
545,اسوأ حاجة كلتها في حياتي مكرونة مسلوقه بس من غير اي صوص ولا تشكين
546,"The food is not good at all, and highly NOT recommended"
547,المكرونه جت مدلوقه والسلطه جت وسيئه
548,salad was added even i chose not to add any salad in the sandwich
549,مقبول
550,وصل الأكل سيء معجن و الإضافات مثل الدجاج ب ٤٠ جنيه ضايف ٤ قطع
551,اسوء اكل وكلنا تعبنا الاكل جى بارد ومعجن ومتاخر جدا وملوش طعم
552,"Paid 12 extra pounds for spicy which is extremely over priced for some chilli powder, and the food wans't even that spicy."
553,taste was good maybe portions need to be increased
554,مطعم متخلف. .
555,The mushroom was expired and the burger is 100% of soya
556,الطعم عادي جدا وكميه الجمبري داخل المكرونة قليل جدا
557,البرجر محروق و رميت الاكل و المكرونه مفيهاش صوص
558,I ordered CURRY PASTA and u gave me WHITE SAUCE PASTA WTF
559,الاكل جميل جدا و جاى سخن مفيش اى مشاكل
560,انا طلبت باستا بصوص الكاري بالفراخ المشويه وضفت ماشروم بس الباستا جاتلي فيها ماشروم بس!!
561,انا رجعت بعد ما اكلت على طول ع فكره
562,some shrimps are not cleaned
563,بصراحه كميه الفراخ و الكميه قليله جدا على السعر
564,طلبى بطاطس بالجبنه والاورد طلع كميه بطاطس صغيره جدا جدا على سعرها
565,سيء جدا الاورد وصل كميه قليله ومكرونه فقط والبرجر كان بارد جدا
566,"sooo baaddd the fries was disgusting and i ordered alfredo chicken pasta, i swear it was anything but not the alfredo one😂😂 eveen the drinkk came wrongg !! i don’t recommend at alll"
567,"It's 2023 - how hard can it be to make a good red sauce? Sauce was watery, bland and zero flavor. I know bachelors who make better. Also the packaging came leaking sauce (that's how watery it is) from the bottom of the paper bowl."
568,الطعم مقزز ، البرجر كاوتش و المشروم ني ، الفراخ زفرة و بجلدها و مليانة دهون و الكمية ضعيفة جداً و مفيهاش مشروم ولا صوص و معجنة ، الاكل عامة ملوش اي طعم غير الزفارة تجميعة غلطات مستحيل تتجمع حتي لو قاصدين يعملوا اكل مقرف الاكل لا يصلح للاستهلاك الاد...
569,bland taste
570,early delivery
571,Chicken crispy was burned
572,"Pasta taste was simply made yet it was delicious juat like home made ones, also the salad was good."
573,طالب مكرونه باعتينها من غير شوكه
574,طلبت Mushroom lovers، الأكل من أسوأ ما يكون، البرجر طعمه وحش جدا والعيش بايش، المكرونة فيها مشكلة كبيرة فى التوابل، ريحتها وطعمها شبه الاندومى ومكونات الصوص مش طبيعية واضح انها رديئة جدا
575,"The order came with the sauce spilled all over the place and the whole sauce is out in the bag, what’s this? Order quality was really bad and this is not accepted at all.."
576,الدليڤري قليل الادب ومترباش ودا رقموا ياريت ميوصليش تاني 0103 2176201
577,Tasteless shrimp pasta. No spices not even salt and pepper. Would have done it at home better With only 4 pieces of shrimp Tried you when u first opened but didn’t believe myself today. Had better expectations for u. Last time to order.
578,كمية الجمبري والفراخ والكفتة قليلة جدا لا تساوي سعرها
579,I didn’t receive my Pepsi cola
580,"Very very small portion, not worth it at all"
581,و
582,كان في باقي ١٥ جنيه وقلي هنزل اجيبهملك ومرجعش باقي الفلوس ودا عيب فعلا
583,الاكل ناقص
584,ديما بطلب باستا اول مرة اطلب ساندوتش و الساندوتش كان مالح جدا (
585,الكميه ف البطاطس قليله جداااااا ال بجبنه و البايتس و الباستاكاليماري سوبريم زفره جدا و طعم مش حلو خالص بجد تجربه سيئة جداااا
586,المرة دي مكنش حلو خالص
587,المكرونه مش حلو خالص كلها نشا
588,المفروض يبقي يجي ريسيت من المحل بعد كدا بس فكره جروب الاوردر لزيزه بتقسم الاوردر علينا ودي حاجه حلوه بس ان الريسيت يجي دي مهمه برضو
589,يجنن 🥰
590,زي الفل 😁
591,سي جدا حسبي الله و نعم الوكيل
592,مش احسن حاجه و الكمية كانت قليلة
593,الاوردر فين بالظبط 5 قطع جمبري! بجد حرام فيه الفلوس!!
594,الكبدة مش مستوية كويس و ليها ريحة زفارة
595,طلبت برجر ومحبتش طعمه خالص كانه معمول بلحمه ضاني وكان معاه مكرونه جاتلي من غير اي حاجه جواها وطعمها مافيهوش حتي طعم بهارات يفتقر لكل شئ بجد
596,Salad dressing does not taste like caesar salad. Pasta had very little meat compared to pasta and sauce
597,The worst pasta ever ☹️☹️
598,الباستا كويسة علبة الصوص كانت محمضة للاسف
599,"i ordered an oven chicken pasta and hardly found the chicken, especially since i ordered extra chicken"
600,الفراخ كانت قليلة جدا على المكرونة
601,Pasta barda w mfish sous feha w bgd taste very bad
602,الاكل كان سيء جدا وكان بارد جدا وصلصة المكرونة كان طعمها مش حلو خالص
603,الفراخ طعمها زفر جداً جداً بشعة
604,proportion of shrimp is few to the pasta
605,the food is good but its so overpriced and expensive and the portions are so small like????
606,"We ordered white sauce pasta with chicken and mushroom and cheesy fries. The food was hot and tasty, cheesy fries were also tasty and the portions were more than enough Thank you for your efforts"
607,وحش جدا الاكل بارد و المكرونة مجلدة مستحيل اطلب منه تاني
608,Order take extra 1 hour
609,Past tasted really bad
610,جبت انا و العيلة امي اول ما كلت خدت شريط الانتينال من غير ميه مالخده ايه ده بجد الاكل استغفر الله وحش جدا
611,Very expensive tasteless super chewy kinda Cold the portions are small meatballs hard as a rock there’s no seasoning very bad experience wouldn’t recommend at all
612,I ordered extra spicy and didn’t get it!
613,"Order was missing one item Pepsi cola , so how it’s goes now and we are two !!"
614,بشع جدا و اامكرونه غريبه جداً اااااااااااااا
615,My pasta came without any additional ingredients!!
616,Missing item
617,Small shrimp portion for the price
618,للاسف الاكل مكنش كويس والمكرونة كانت معجنة والسي فود قليلة جدا ودي حاجة غريبة
619,جاي بارد
620,الاكل بارد والسجق مش موجود اصلا كله بصل و فلفل و الفراخ الكريسبي باردة اوي ومجلدة ووحشة
621,الجمبري قليل قوي
622,The order is Missing the molten cake !!!
623,الطيار في منتهي الادب والذوق راجل محترم واعتذر عن التأخير الاكل حلو أكيد
624,Great quality as usual
625,I got food poisoning!!!
626,مطعم وحش جدا والاكل اتأخر لمدة ساعتين الا ربع والجودة وحشة جدا واخر مرة اطلب منه
627,"Order delivered late, tasteless, un expected very low food quality. Pasta without mozzarella cheese, and barely with white sauce added and chicken added on it is not fresh. Chicken sandwich was so stale, bread not fresh. Disappointed. Last order."
628,"Not much pasta as usual... the fries were not good enough, they still had to be cooked well"
629,ما شاء الله زى الزفت .. الأكل طعمه وحش جدا والجمبري زفر وناشف والاوردر جاى غلط طالباه حاجة وجايلى حاجة تانية وطالبة 7up diet جاي بيبسى عادي وبطاطس عادية بدا pastaweesy bites منتهى العك وده كله بعد ما الاوردر أخد ساعة ونص ..
630,عالم متخلفه وخره حاطيين ضرايب على الاكل غير حساب الاوردر من نفسكم ومافيش اي مكان بيعمل كده انتو عالم قذره
631,Worst delivery ever
632,الطلب غير صحيح طلبت نوع مكرونه وجاني نوع ثاني !!
633,باستاويسي افضل مطعم باستا ايطالي في مصر ع الاطلاق
634,مش احسن حاجة خالص. داوود باشا وحشة جدا، و الجمبري باستا معقولة
635,انا طالب الاودرد سى فود مش جمبرى فقط للعلم جاالى كله صلصه و بصل و ٦ جمبريات فقط و المكرونه مش مستويه
636,Y
637,bad food low amounts and high prices the food was cold very small amount
638,The taste was so bad and the ingredients so low
639,المكرونة كل مرة بتبقى تحفة الحقيقة ما عدا المرة دي كانت يعتبر مكرونة مسلوقة بس والصوص مش مغطيها حتى ولا متقلب فيها ولا اي حاجة دا كدا وبعد ما زودت صوص الشيدر وبرضه نص الوقت حاسة بطعم المكرونة المسلوقة
640,"The food was cold, as if it was late 30 mins"
641,I ordered the chicken lovers offer it tasted very off and bland and the chicken smelt off . Sauces had no taste it’s like they used food coloring so all in all price for service is like -50
642,"Uncooked chicken sandwich, the worst chicken sandwich absolutely no flavor and let alone uncooked not under cooked. Red chicken literally. The past was okay. The bucket of fries is half full . I wish could post a picture of the chicken"
643,الاكل تمام بس علبه الصوص كان كميتها عباره عن نقطه صغيره جدااا 😊
644,The packaging isn’t good
645,اسوء اردر علي مر العصور
646,الاوردر وصل بارد
647,اتاخر جدا
648,زي الخرااااااااااااااااااااااااااااااااا باكيت بطاطس ب ٢٣ جنيه فيه ١٣ صوباع بطاطس يا اوساخ و الاكل طعمه زفت استغفر الله العظيم و حسبي الله ونعم الوكيل فيكوا
649,Very few shrimps in the pasta
650,👍👍
651,Colddd
652,الاكل جاي بارد و الاوردر غلط و كنت طالبة بطاطس ومجتش
653,الاكل سيء جدا ولا يصلح اكل كلاب المكرونة كتير جدا و عادية جدا و عليها بالعدد ٣ قطع صغيرة جدا جمبري او ٣ قطع صغيرة جدا فراخ و الطعم قذر و الناجتس عبارة عن ٤ قطع ناشفين جدا و في حجم البطاطس الصوابع انا ندمان على التجربة الزبالة دي
654,الاكل سيء جدا ولا يصلح اكل كلاب الموضوع كله عبارة عن طبق مليان مكرونة عادية جدا و عليه عدد ٣ جمبري او ٣ قطع صغيرة جدا فراخ و كمية غير طبيعية من الفلفل الحامي و الناجتس ناشفة و في حجم البطاطس الصوابع
655,الاكل زي الرفت بجد☹️☹️☹️☹️☹️☹️
656,اسوء تحربة من فترة كبيرة
657,Very poor quality…tasted very bland and had severe diarrhea afterwards….do NOT get anything from there
658,Very cold pasta its so overrated and i waited like for an 2 hours or so and after all very bad quality
659,مبهدلة والمكرونة مش مستوية كويس
660,الفراخ في الساندوتش وحشه جداا وناشفه ومش كوردون بلو زي ما مكتوب . شكرا
661,good very good ...........................
662,"I have never tasted such low quality cold food in a very long time. The chicken pasta was uncooked and cold, the omelette wrap was very very low quality, the new york hamburger was the worst hamburger I had the misfortune of ever tasting. Not to ment..."
663,Quality & taste r bad .. so bad
664,طلبت البولونيز سباغيتي جاتلي بينا👎🏻👎🏻👎🏻👎🏻👎🏻👎🏻👎🏻
665,الطلب حد تاني اخده
666,Hjj
667,لو فيه أقل من واحد للتقيم كنت اخترته.. صغير جدااااا و غالي علي الفاضي اسوء تجربه في الدنيا و الله الصيت و لا الغنى فعلا ميستحقش يتجرب تاني
668,وحش اوي اوي والكميه نصب واوردر غلط..........
669,wheres the order????
670,"وجبة ""نيويورك ميكس"" تحفة بس ياريت يجي معاها شريط انتينال... سندوننش البرجر بارد جدا و البرجر عامل زي اللحمة المفرومة و الجبنة اللي عاية لسة ساقعة من الفىيزر... اما اابطاطس ساقعة و مهروسة و.... أما المكرونة ساقعة برضو و عليها قطع فراخ تقريبا و صلصة ال..."
671,الاوردر جه غلط تماما
672,طعم الباستا بشع ومليانه زيت ومفيش صوص وكميه صغيره جدا تجربه سيئه جدا
673,في شعر فالاكل وحاجه قرف اوي
674,المكرونه مش مستويه كويس و الصوص وحش جدا و الجمبري قليل
675,الوايت سوس قليل مع اني طالبه اكستر والجمبري قليل جدااا وكان مع الاوردر بيبسي مجاش .وجبه الflex mix
676,اسوء تجربه لي
677,كثر الجنبري اكيد ماادفع ٨٥ ع خمس قطع ماينفه والله
678,مكنش حلو خالص الكريمه و الفراخ قليله جدااااا
679,تحفه
680,liked the shrimp white pasta & meat balls red pasta. The 2 remaining of that value meal weren't that pleasant.
681,وقت التوصيل زفت
682,"The portions are extremely small , no value for money."
683,محل مالهوبش لازمه
684,Bb
685,Ordered flusili got penne instead and it undercooked
686,الكبده كانت محروقه و طعمها يقرف ورميتها في الزباله!! داوود باشا كانت معقوله بس الكبده والله تقرف.
687,أوحش مكرونه كلته
688,انا طلبت عرض fantastic four اولا المكرونه معجنه ثانيا كميه اللحوم سيئه جدا و مقارنه بالسعر ممكن تقول مضحكه المطعم محتاج يراجع نفسه تاني الطعم مقبول بس حرام فيه الفلوس...مكرونه و بانيه من البيت ممكن تكون أفضل كثيرا بس شهاده اله الدليفيريوصل بسرعة.
689,المكرونة مش طازة و لا كفتة داوود باشا
690,الوجبات الطبق صغير وغير مشبع للفرد الواحد والفراخ مقطعه صغير جدا وكميه قليله جدا الوايت صوص وحش جدا والبطاطس كلها زيت
691,So bad
692,The driver is a very decent guy
693,Didn’t get cheddar sauce still payed for it
694,I ordered fettuccine pasta it came penne it didn’t taste good
695,Amazing wallahi the waiter was very kind and the order was finished quickly. It was also very hot and delicious and there is amazing variety in their pasta types. I'll give it a 10/10
696,الاكل بايظ
697,الاوردر كله جاي عليه بسطرمه و الاكل جالي متأخر جدا و كلمت خدمه العملاء قالولي الفرع هيتواصل معاكي حالا و محدش كلمني و الاكل حاولت اكله مالح جدا جدا
698,بجد اكبر غلطه ان طلبت منكم اكل ايه دا ٥ جمبريات ليه اول واخر مره اجيب من عندكم
699,they changed the pasta with pasta instead of the penna
700,could pasta be worse? could service be worse?
701,The pasta I ordered it spaghetti but it was pena
702,So satisfied at all.. The penne was very average.. The sandwich wasnt tasty.. I wouldn't recommend
703,الفراخ المقلية مش طازة وشاربه زيت كتير وكفتة داوود باشا ناشفه جدا
704,سيئ جدا جدا جدا
705,الاكل بارد و الفراخ مش حلوه خالص والمكرونه قليله
706,يا سلام لو مدة التوصيل تقل .. يكون افضل الاكل حلو وطازة وانبسطنا اوى منه
707,shrimp portion is little
708,the shrimp pasta is very bad!!!! zeroooooooo!!!!!
709,Everytime I ordered it delivered wrong!!!!
710,Pasta was so bad lack of sauce and very little amount of chicken but burger was so good 👍
711,Very small portion almost zero
712,الاكل وحش جدا وبارد و يكاد يكون مفيش صوص اصلا بجد
713,I've a Diarrhea and stomachache after eating the food
714,بشع لا كمية ولا جودة ولا سرعة. تحس إنك طالب تهزيء دليفري
715,الاكل طعمو وحش جدا
716,طعم المكرونه السى فود سيئه… ريحتها غريبه و صوص قليل جدا و شبيه السمك اللى حطينه طعمه سئ
717,burgur is shit pasta is nice
718,لاول مره الطيار يصل بالعلبه فى وضعها الافقى السليم و مش فى الوضع الراسى .... شكرا للطيار اللى بيفهم .
719,الاوردر موصلش اصلا
720,الاورد جاي غلط طالبه مكرونا بينا وكبده جت سجق واسبكتي
721,Not good as enough
722,اسوء اكل كلته بجد مقرف مكرونة ساقعة كانها من تلاجة وفيها قطعتين فراخ قد عقلة الاصبع بظبط
723,الطعم سئ جداا الاكل بارد ومجلد السامدوتش الفراخ جواه بتشد جدا تحربه متتكررش
724,الاكل طعمه غير جيد والكمية قليلة جدا على المبلغ. تجربة سيئة ولن تكرر.
725,خدمه ممتازه جدا. طعم الاكل. حلو. جدا
726,التوصيل اتأخر اكتر من نص ساعة بس الاكل كان حلو يسلمو هالايدين
727,Order didn’t come
728,في ماكرونه حامضه
729,الكفتة ٣ بالعدد و مش دفعة قليل و لا دليفري قليل فعلى الأقل الكمية تبقى محترمة لمحل محترم
730,مكرونة الصوص الاحمر لقيت فيها سلكتين مواعين … مش هاطلب من المطعم تاني ماكلناش المكرونة و رميناها
731,Order came without pepsi bottles
732,Delivery was very rude
733,صيف منهم مكرونه بالفراخ حمضان
734,Added to never order again or recommend to friends list.
735,مش حلو بالمرة والكمية الجمبري والكبدة والفراخ قليلة والجمبري زفر والكبدة طعمها غريب
736,الطعم سئ المكرونه بالوايت صوص والفراخ بايته و كذلك الفتوتشيني
737,الكمية . غير كافية
738,I didnt receive ketchup or even a fork
739,طلبت الاوردر الساعه ٨:١٢ دقيقه وصل الساعه ٩:٥!!!
740,الاكل زي الزفت كأنه فيه ميه في الصلصه وطعمه وحش جدا جدا وغالي علي الفاضي تجربه مش هتتكر تاني
741,في سلك في الاكل و معجن
742,الطعم كان سيئ
743,الأكل ميتاكلش
744,اخر 3 مرات طلبت منها كانت كل مرة اسوء من الي قبلها : 1- باستا غير مستوية 2- طعم باهت يكاد يكون خالي من الطعم 3- زيادة الصوص و كونها خفيفه و كثيرة بالإضافة لطعمها الباهت ممكن يجعلها كثير الغثيان 4- بطاطس مليء بالزيت بشكل يجعله صعب الاكل و مزعج للبطن 5...
745,اسؤء مره اكلت من عندهم حرفيا الباستا مش مستويه أو بايته تقريبا الطعم نفسه وحش جدا والبطاطس عليها كميه ملح رهيبه لا بجد تجربة سيئة جدا
746,الاوردر صغير جدآ مقارنة بالسعر
747,excellent
748,الاكل كان فيه صراصير ميته
749,الاكل كان بارد
750,الصوص مكلكع و المفروض الباستا بيبقى فيها بصل و طلبت دا و محصلش الباستا تقرف!!!
751,احلي مره اكل باستا سيفود من مكان و متبقاش زفره، حلوه اوي بجد ومش اخر مره هطلبها😍 بس احس الكمية قليله علي السعر ده كله👍🏻
752,كان في ريحه ظفاره تجربه منيله
753,حقيقي بيبسطني كل مرة بطلب منه ماخيبش ظني ولا مرة من جمال الباستا بتاعته
754,اكل سئ جدا ومفيش حاجه فيه جت صح الدليفري اتاخر اكتر من ساعتين الاكل بارد والاوردر غلط
755,ساندوتش بطاطس سيء
756,"Very bad, burnt fried chicken"
757,"the chicken was rotten, it gave me a stomach ache plus the portions are too small"
758,الصوص الأحمر كان حمضان
759,i get red souse not white 😡😡😡😡
760,قللوا حجم الطاجن ومش مكفيهم كدا لأ وقلل كمية الفراخ كمان الطاجن مفيهوش قطع فراخ نهائي قطعة او ٢ بالكتير
761,طالبة فوتوتشيني بعتلي اسباغتي والكايزر بتاع الساندوش محروق تجربة سيئة جدا
762,"the driver said he is waiting in front of the building for me to go downstairs, it would be appreciated by him to go upstairs as the other drivers do usually."
763,الفراخ كانت بايتة و مجلدة و متسخنة و حاجة تقرف و صوص المكرونة الوايت زي المياه 🙂
764,"small pasta portion, single burger."
765,worst experince ever wil never try it again
766,الأكل حلو بس صلصة المكرونة كانت بتشاور عقلها تحمض.
767,الحاجة جاية مقلوبة و متبهدله و مش اول مرة يحصل كدة ال delivery بيبهدل الحاجة
768,أطباق المكرونة فقيرة جدا سواء في الكميات او الطعم، تجربة سيئة
769,"it said chicken pasta, no chicken in it"
770,مش حلو وكمان الاوردر جه غلط
771,العيش كان ناشف اكنه بايت والمكرونة ناشفة وبايتة
772,Food wasnt that delicious
773,المكرونه نايه جدا
774,الباستا وحشة جدا كطعم والاكل بايت وكان قرب يبوظ
775,3 hours for the order to be delivered
776,سىء للغايه اوحش اكل كلته ف العشر سنين اللى فاتوا مكرونة بالفراخ بتاعتهم
777,The red sauce was all over the packaging Taste wasn’t good as before
778,الاكل بشع ورخيص وشعبي بشكل رهيب اول مره اجرب بس ولاطعم ولا ريحة وواضح جدا الخامات رخيصة جدا جدا والفراخ ذفره جدا او بايظة بجد من اسواء الحاجات اللي طلبتها في حياتي
779,الفراخ مش كرسبي علي المكرونه والسندوتش تحسه بانيه عادي مش كوردن بلو
780,اسوأ حاجة ممكن تاكلها والاكل جاي بايت كانه محطوط في الميكروويف مش لسه معمول
781,الفراخ اللي في الساندوتش بايته والعيش مش طازج وكان مطلوب واحدة باستا سبايسي وجت عادي
782,الاكل جي ساقع مش دافي لا ساقع
783,المكرونة نية و معجنة
784,الاكل بشع و انا هشتكي عليكوا بجد سئ و مش زي اللي انا بطلبواو كل مادا بتكونوا أسوأ بجد حرام ادفع كل دا و ارمي الاكل من كتر ما هو بشع
785,تجربه سيئه والاكل وصل بارد جدا جداً ومكملناش الاكل والفراخ لونها ابيض متحمرتش كويس والخس بتاع السلطه كان مُر ومش حاطين كاتشب مع الساندويتشات ولا مناديل ولا اي حاجه مظنش اني ممكن اجربه تاني ، خيب امالي مع انه كان حلو ف المكرونات بس من الواضح انها ...
786,الجمبري لم يكون مطهي بشكل جيد ولا حتى بنسبة 50٪؜
787,Food is not hot. Sauce is bad Bad experience
788,I ordered a large portion size of the shrimp pasta but only received a regular portion and the container was leaking sauce when it arrived. The jalapeño bomber sticks were exchanged with mozzarella sticks without my approval. Absolutely never orderi...
789,"Late delivery more than hour and half , the red sauce is spoiled (7amdan) and the food was cold."
790,الطعام كويس .. تاخير ٢٠ دقيقة من الطيار .. الدعم الفني محلش الموضوع اطلاقا و قالي هاشتكي الطيار للادارة زي ما يكون بيريح دماغه
791,الأكل سئ جدا دي مش فراخ ده حجر حقيقي مش مبسوط
792,الأوردر ناقص بيبسي
793,الاكل ملوش طعم
794,سئ جدا 👎👎👎👎👎👎👎👎👎👎👎👎👎👎👎👎👎👎👎👎👎👎👎👎👎
795,"Tasteless, overpriced, bad quality, delayed delivery and reckless customer service"
796,"Very small portions, tasteless Not worth the cost at all 👎🏻👎🏻👎🏻"
797,pasta smells like left overs not good
798,مش زى الاول والفراخ بسيطة جدا تعتبر مكرونه فاضيه
799,The order never came
800,الطعم وحش جدا جدا والاسعار اوفر حقيقي بلاش تاكل من عندة
801,المكرونة كانت حادقة جداا ومقدرتش اكملها والجمبري قليل قوي
802,Kept puking after eating the pasta 🤌🏻
803,الكمية للأكل قليلة جدا
804,الصوص الابيض كان خفيف جدا و الفراخ كانت طعمها وحش و المعكرونة كانت عايزة سوء
805,سرعة التوصيل خياليه . الطعام ساخن جدا . التغليف ممتاز . طعم الاكل جميل . يستاهلوا الاشاده بصراحه
806,الاوردر مجاش كامل
807,Not fresh food at all and bad taste
808,أسوأ مره طلبت فيها الاكل كان وحش اوي بجد زي ميكون بايظ
809,اسوء اكل ممكن تاكله من هناك
810,1. Wrong juice with red pasta 2. Wrong pasta ( white not red) and wrong juice 3 wrong fries normal not spice
811,الاكل ذات جوده سيئه جدا و التعامل من الناس في خدمه العملاء سئ جدا
812,very small
813,the amount of the pasta and the shrimps were so small and tiny
814,الجمبري ازاي يتحط معاه فراخ مش فاهمه بجد وحش جدا
815,الاكل بارد وطعمه مش احسن حاجه
816,سيئ جدا جدا سعر غاااالى اوى الكمية متكفيش طفل عمره 8 سنين
817,أسواء تجربة من المطعم الزيت كتير في المكرونة والكمية قليلة جدا للأسف أنا زعلان جدا
818,الجمبرى بايظ فى المكرونة
819,ساندوتش الفراخ قطعه الفراخ فيه صغيره والمكرونه مش سخنه والصوص اللي فيها مش حلو
820,الاكل كان سئ وبايت وغالي علي الفاضي......
821,الاكل كان بارد و سي جداا
822,الباستا طعمها مش حلو والبطاطس مجتش مع الاوردر
823,الستربس كان وحش و ناشف جدا العيش الخاص بي السندوتش كان بايت
824,زباله فلوس علي مفيش ولا طعم ولا كمية حاجة كده زباله
825,pasta is good not gr8
826,Not fresh
827,الاكل بايظ الكبده ممره و بايظه و المكرونه مجلده تجربه اكتر من سيئه و قدمت شكوي للابلكيشن و مخطحدش اهتم ف المجمل مطعم اكتر من سيئ
828,الصوص مش مستوي وكمية قليلة مقابل ١٥٠ جنيه يعني الله يسامحكو
829,بارد و وحش جداً الباستا جمبري ، و دافع سبايسي و جاية عادي
830,تمام بجد مکنتش متوقع یبقی بالطعم الجید ده ❤️
831,الاكل بارد ، والوايت صوص شبه مش موجود ، المعكرونة نفسها مش مستوية كويس، ناقصه ملح كمان، والفراخ الكرسبي ناشفة، اسوا وجبة اكلتها ، اول واخر مرة اطلب من المطعم ده، لا يستحق 240 جنيه ابدا
832,اوحش مكرونة كلتها ف حياتي والاكل جيه بارد
833,الأوردر لا يستحق يدفع فيه 120ج فما بالك لو كنت وخداه بدون خصم ودافعت فوق ال290ج!! الكمية قليلة جدا والحجم صغير، والطعم أقل من العادي! مستواهم نزل أوي للأسف، مش ده اللي توقعته من بستاويسي الحقيقة!
834,I got sick after eating this pasta and i was vomiting 🤮. Never gonna buy this again.
835,الاكل كان سي جدا والفراخ بيته وبايظه
836,الفراخ بايظة
837,سئ جدًا
838,الطيار محترم
839,انا طلبت اوردر من مطعم بستاويسي و لقيت حشره في المكرونة
840,المكرونه حادقه جدا... اول مره تبقي بالشكل ده
841,so bad
842,الصوص الأبيض كان قليل والمكرونة fusili كانت معجنة والصوص بتاعها قليل
843,The chicken wasn't nice
844,سئ وغالي علي الكمية
845,"not spicy as requested, which takes extra charge, the pasta type was not what we ordered, last time to order from your kitchen."
846,O
847,الاكل تمام باستثناء الصوص الأحمر ليس بالطعم الجيد مقارنه بالصوص الأبيض و المندوب سأل اذا كنت دافع فيزا و لا لا مع انه لم يعطني ريسيت و اكيد متبلغ قبل الخروج و لم أفهم المغذي من السؤال و الله اعلم بنيته و لكني رديت عليه بنعم فضحك.
848,مممتااااااز
849,chicken was very bad and not fresh
850,الاوردر اتأخر و لما جه البرجر كانت حرفيا بتخن ٣ مللي! و ياريتها كانت برجر... لأ كانت قطع صغيرة
851,بارد جدا جدا
852,الأولدر كان زبالة منصحش حد يأكل منه ابدا ابدا الأكل كله اترمي ، فلوس علي الفاضي
853,Chicken was too hard pasta was okay
854,الاوردر جالي بعد ساعه رغم ان كان مكتوب ٢٠ دقيقة و جه بارد و طعمه وحش
855,عيش الساندوتش كان ناشف اوي المكرونة بالجمبري طعمها سيء عكس المتوقع للسعر كإن الصوص لبن بدقيق فقط البطاطس مقلية في زيت وحش اوي تجربة مخيبة للآمال
856,There was an error in the prices and we called the delivery to get back the money he said i’ll come but he didn’t come back again The food was really too cold and taste bad
857,الاوردر اتأخر ٣ ساعات لحد ما جه و كمان كلمنى يقولى ان المنطقة خارج التوصيل بعد ساعة من الطلب و كلم المنيوز عشان يرجعلك فلوسك طريقة غير محترمة اطلاقا فى التعامل مع الزبون وطبعا الاكل جاى ساقع و طعمه وحش جدا
858,they didn't not send all what I ordered .. they didn't send large fries box
859,"VERY DELICIOUS FOOD , fast delivery the food was so tasty and the fries was so crunchy the pasta came hot and so creamy I liked it so mush and not the last time ordering from here😋😋😋"
860,السواق أو المندوب محترم جدا جدا جدا جدا والأكل يجنن
861,Overprice
862,😭
863,Drink magash w talbt pasta fetutchini gat penne
864,Chicken really dry ..not enough sauces in the sandwich Pasta had no seasoning whatsoever. الفراخ كانت ناشفه جدا و السندويتش ماكنش فيه صوص كفايه . المكرونه لو سلقتها في بيتنا طعمها كان هيبقى احسن من اللي جات. مكانش عليها أي نوع من أنواع التوابل
865,المكرونة قليلة
866,half the pasta sauce was spilled and order missing a pepsi
867,المكرونه ب كفته داود باشا مش حلوه اوي عاديه جدا جدا
868,I am so glad that I ordered food from pastaweesy because of that i will not make that mistake again
869,الاكل بارد و طعمه سئ
870,المشوي مش حلو اوي
871,مطعم اقل ما يقول عنه انه زباله عيش البرجر بايت و الفراخ بايته و ناشفه حجر رميت الاكل
872,بصراحه كانت تجربة سيئة وباكت البطاطس كان فيه شعراية المفروض تنبهو عالناس تحلق دقنها وتغطى شعرها والاكل كان بارد جدا والبرجر انا طالبه اكسترا تشيز ودافع فلوس زيادة علشان كدا بس جاتلى اكسترا بصل ومتلج والمكرونه كانت نسبيا كويسه
873,❤️
874,مش كل الباستا كانت حلوة اتنين حلوين واتنين لا
875,الفراخً كانت سيئه جدا بالذات علي المكرونه و الساندوتش كان دون المستوى غير الصوره خالص للاسف اول و اخر مره
876,الطعم سيئ و المكرونه معجنه و الكولا ساخنه
877,اكل بايت كله
878,وصل فى وقته بس كان متبهدل
879,كمية قليلة، جودة سيئة، سعر مبالغ فيه، لا انصح أحد به
880,Perfect
881,الاوردر لم يصل بقالو أكثر من ساعتين ونصف ومطلوب مني القيمه ولسه مجاش بدون اي كلام الاوردر هيكون سي تجربه لا انصح بها ولا يوجد احترام للعميل ومدير الفرع بيكلمني بيقولي الكول سنتر قالي اكلمك
882,الاكل سيء جدا و لافيه طعم و الفراخ زي الحجارة ما بتتاكلش قاسية جدا و الباستا عملت تسمم لثلاث اشخاص
883,اللحمة سيئة جدا مش عارف نوعها ايه غير قابلة للأكل ولا أنصح فيها أبدا
884,الاكل جودته اقل من سعره
885,أسوأ تجربة طعام
886,Very bad chicken and smells really awful
887,سيئ
888,انا كنت طالبة ٣ shrimp pasta red sous spicy بس ال ٣ وصلو مش spicy و اتحملنا cost ال spicy و هو جة original
889,"Chicken was from the day before and was heated; very dry. Tomatoes, not fresh. Will not order again"
890,The chicken was raw
891,Food wasn't delivered
892,Order received after an hour approximately hot and delicious I am very pleased ❤️
893,Order received after 2:30 hours from order time
894,"Late delivery, fries so overspiced we couldn’t eat them."
895,very very bad
896,the pasta was good .. but the burger was dry .. a total waste of money
897,"I ordered fettuccine pasta and received penne instead. The delivery was late but I understand this might have happened due to the unusual weather conditions today, but this should've been reflected in the expected delivery time in the app."
898,طلبت مكرونه بالجمبري و طلبت واحده من عير ملح الاتنين جم مملحين جدا و الصوص و اي صايص جدا و تاصوص اكتر من الجمبري و المكرونه و الطعم مش حلو مقارنة باللي موجود في السوق في احسن منهم و نفس السعر
899,طلبت نانشوز و بطاطس بالحبنه و الجبنه جت حمضانه
900,جالنا نوع بيبسي مختلف كنا طلبنا دايت وطعم الاكل مش أفضل شئ
901,"I asked for 7up diet, got pepsi instead, which I don't drink. Any other choice of Soda would have been fine except for Pepsi."
902,الاكل جيه بارد و سندوتش الكوردن بلو جي الفراخ ناشفه و بايته
903,it took 2 hours to deliver the food was dry and not well seasoned
904,انا كتبت بدون خص وطماطم وجه بيهم
905,مخ
906,الاكل جه بارد و الطعم مش حلو الله يديم النعمه بس
907,المفروض يجي مع ال٣ اوردرات ٦ بيببس جالي ٥ بس
908,أسوء فراخ اكلتها في اكتوبر بلاستك رميت الساندوتش
909,All good as usual. But PastaWeesy almost always delivers Pepsi instead of the ordered DIET Pepsi.
910,الاكل كله زيت و طعمه وحش و جالنا تسمم و ثلاث اشخاص مش شخص واحد
911,الاكل ممتاز والتوصيل سريع
912,بصراحه اول مره اجربه وبسمع أنه حلو. للاسف سيء جدا جدا الباستا عاديه والفراخ اللى عليها ناشفه جدا كأنها بايته والسندوتشات واحد فيه قطعه فراخ صغيره جدا والتانى الفراخ ناشفه اوى كانى بقطم عضم ومفيش طعم اصلا والأوردر مكلف فوق ال٢٠٠ جنيه. حسبي الله.
913,الاكل كله مكبوب جو الكيس ومرفق بالصور ومضايق اووى والله
914,الكمية مش متناسقة مع السعر تماما
915,محتاجه تواصل ضرورى
916,food wasnt hot at all
917,الاكل اخر و كان بارد جدا
918,الاكل وصل بارد البطاطس سيئه الكميه قليله علي سعر الوجبه
919,فى ملتون كيك وصل زيادة فالاوردر
920,Food was cold and fries were undercooked
921,no chicken in the mushroom pasta
922,الاكل اتأخر ساعتين ، الاوردر فالاخر جه غلط
923,wrong type of pasta too expensive for an average quality
924,طلبت انه يكون من غير طحينة لكن للاسف جيه بالطحينة
925,الفراخ مش مستوية خالص في الساندويتش وطعمها وحش جدا
926,he was mad and came back to get another money bill
927,Shrimp amount was little
928,استنيت الاوردر ساعتين و فى الاخر موصلش عشان فى مشكلة فى الفرع كان ممكن تقولو من الاول أن فى مشكلة و متقبلوش الاوردر بجد معاملة وحشة جدا
929,مجربتش أسوأ من كدا في محلات مالهاش اسم كبير كميتها وطعمها وتتبيلها وصنعتها أفضل بكتير من الجربته معاكم انهارده قطعة البانيه متقطعه رفيع اوى وناشفه جدا وصعبه على الأسنان والبرجر شريحته رفيعه بشكل غريب ومافيهوش أي طعم والبطاطس كلها زيت آخر مره
930,very good meal and the quality was cery good
931,الصراحه انتم بتوع مكرونه مش برجر خالص
932,اكلته جالي انا و اخواتي مغص كلنا
933,سيء جدا بجد و الاطل جاى ناقص مستحيل اجيب منو تاني طعم الاكل كمام سيء
934,بجد تحفة
935,really bad food quality really small portions overall very bad experience
936,حاجة تقرف فعلا لو الواحد اكل من عربية فى الشارع هايبقى احسن من كده
937,الكبده محروقه
938,اسوء تجربه في الدنيا البرجر جي حجر و المشروم بايظ و اكل يقرف مطعم اسم بس حاجه قرف
939,انا مش فاهم المحل دة فاتح ليه كل اللي بيطلب منه بيقول وحش عموما تجربتي المحل سئ بمعنى الكلمه فكر ١٠٠ مرة قبل متطلب منه ... البيت كله بطنه بتوجعه بسبب الاوردر.
940,محتوي حد بتعلم يعمل سندوتشات ...
941,الطعام كان سئ للغاية
942,طلبت سمبوسك نوتلا...و استلمت سمبوسك جبنه
943,يا جماعة حاجة خره ومفيش نظافة واخر مرة اطلب منهم تاني لقيت شعر في المكرونة وحاجة قرف زيرو نظافة والله
944,خضار السلطة مش مغسول كويس
945,Caramel sauce was spilled inside the bag Lo’met Oreo lacked icing sugar
946,الاكل كان سيء جدا ومحروق
947,One of the worst experiment!
948,انا كنت طالبة العرض الاتنين مكرونة بالفراخ وكان معاهم بيبسى والولد ماجابوش ومش معايا رقمه اكلمه يجيبهوملى
949,الاكل كان سئ جدا
950,اكثر من نصف الطبق فارغ!! لم يتم تعبئته بشكل صحيح.
951,I ordered any soft drink other than pepsi and they sent me 2 pepsis
952,so delicious so good...and the order has arrived before its time
953,الساندوتش جه غير إلى طلبته .. و حلقات البصل جاب مكانها بطاطس و وحشه جدا متتاكلش و المكرونه قطع الفلفل فيها كبيرة اوى و الجمبرى قليل جدا مع انى طالبة اضافة و مفيش ملح و لا توابل خالص
954,أسوأ فرخ في الدنيا ومستوى سيئ جدا لا انصح به
955,الاكل اتاخر جدا وبارد ومقلوب وسي جدا
956,سيء جدا وتم عمل شكوي للفرع
957,المكرونة سيئة جدا جدا جدا جدا
958,اكل سئ جدا جدا، و كلنا تعبنا بعدها و سعر مبالغ فيه، الجودة صفر
959,السعر غالي بالنسبة للجودة
960,هو لذيذ ولطيف بس غالي عن المطلوب
961,حامض الصوص معجن الفراخ فكت من التلاجه وحطها ع الاكل غير صالح للاكل في قمة السوء
962,الاكل سئ جدا برجر مش مستوي وصغير جدا ميستحقش فلوس اللي دفعت فيه وسندوتش فراخ ناشفة فلوس اترمت ف الارض
963,مش احسن حاجه الاكل مش حلو خالص
964,جامد جدا
965,it was cold and it took over 2 hours to get to my location even so the restaurant in mall of Arab and I am in Motammayz district
966,too late
967,سيييييييء الطعم مقرف وقديم وفيه ريحه … للاسف شكلهم يبعثو اكل قديم
968,اول مره اجربه وده اخر مره… الاكل سيء جدا حقيقا سيء جدا… الفراخ غامقه من الزيت و مليانه زيت .. وطعمها غريب .. مكرونه بالفراغ وايت صوص سيء. جدا … لا انصح بالتجربه
969,حقيقي الاكل كان وحش جدا جدا جدا وريحته وحشة اوي ووجعلي بطني اسوء مطعم جربته في حياتي
970,روعه روعه اول مره اجربه جامد اوي
971,كان سئ جدا لاول مره يكون كده
972,bad burger
973,أسرة كامله جالنا إسهال الأكل مش نضيف تماما وتم إبلاغ المطعم
974,البانيه ناشف جدا ساندويتشات وحشة جدا الحقيقة المكرونة وصلت باردة ومش حلوة للأسف
975,الفراخ كانت مش حلوه خالص وكانت رفيعه جدا لدرجه ان طعمها مش باين اصلا والبطاطس كلها زين
976,الاوردر غلط
977,Worst pasta I’ve eaten ever way too overpriced for the quality of the food crispy chicken were as hard as a rock and tastes like rubber and the white sauce penna is also really bad won’t recommend it to anyone
978,مكرونة داووووود رووووعة
979,جيد جداً
980,الاكل وصل متأخر بعد أكثر من ساعتين من طلب الأوردر ، و لاكل وصل بارد ، وطبعا كانت تجربة سيئة
981,العيش بايت بس الدجاج طعمه حلو و الباستا تحسها مزيته شوية و حجمها صغير اوي على سعرها
982,cold not even fresh 😔😔😔😔I don't recommend it to others
983,حجم الاكل صغير اووي عن الصورة الموجودة الوجبة
984,المكرونه مكانتش حلوة خالص
985,الاوردر سيء جدااا الفراخ ناشفة جداا حجارة و المكرونة كذلك الاوردر سيء جداا جداا جدااا
986,The pasta was the worst it tasted very bad i dont recommend
987,دبانة في الاكل
988,البطاطس كانت تحفه و الباستا كانت حلوه بس الكميه قليله جدا مقارنه باللي بيتقدم في المطعم نفسه، السندوتش رميته من اول قطمه، طعم الفراخ وحش جدا اكنها نية و ريحتها مش حلوه
989,الكبده كانت محروقه و محطوطه على المكرونه سيءه جدا المكرونه بالوايت صوص سيءه جدا والمشروم قليل جدا .. الطبق دا بنطلبه من بسطاويسى علطول
990,الاوردر جاي غلط
991,الاكل اقل ما يقال عليه لا يستاهل نص السعر و طعم بجد سيء جد و ناشف جدا و محروق
992,الجمبري قليل جدا
993,الكمية قليلة جدا جدا جدا
994,السندوتش مكنش حلو نهائى
995,الكواليتي مش احسن حاجه بس الاكل نظيف
996,فيه اختلاف في الاوردر والاكل وصل متأخر وبارد
997,طلبنا الأوفر اللى فيه كذا نوع باستا بالفراخ و الجمبرى و الكفتة حالنا كله فراخ و الكفتة بس و طبعا ملحقناش نبدل علشان كنا صايمين و غير كل دا تانى يوم بطننا توجعنا و نتعب جدا من الاكل اللى كلناه يعنى التوصيل غلط و كمان اكل بايظ اول مرة اكل فيه و اخر مرة
998,very very very bad
999,مطعم زبالة الاكل مقرف و الجمبري ني و الأكل كان فيه شعر و طعم سئ للغاية حسبي الله ونعم الوكيل فيكم
1000,horrible
1001,البرجر سي الطعم والباستا مش كثير
1002,جميل جداً ونضيف اوى
1003,cold and terrible
1004,مندوب ممتاز جدا
1005,thanks for the amazing service 💓
1006,سئ جدا الاكل بارد ملوش طعم المكرونة ناشفة و مفيش عليها صوص كافي تجربة سيئة لن تتكرر ان شاء الله
1007,المكرونة كانت نية
1008,المشروم الاسود وحش جدا
1009,المكرونة والوايت صوص والجبنة تحفة ومظبوطين انما الكرسبي نفسه سئ جدااااااا ياريت تغيروا النوع ده
1010,"We ordered cheese fries, mashroom pasta with white sauce and sougo2 pasta with red sauce. the pasta white sauce was okay however it used to be better. While for the other items, the fries and the sougo2 quantities were too small."
1011,Am so upset this is the second time to order from ur store the first time I order penna with shrimp and it was full of cheese and everything was perfect but today I ordered the same dish but there was no cheese and the portion was so much smaller tha...
1012,الاوردر جه بار برضه
1013,قرف الدليفري اتأخر 3 ساعات وخدمة العمله معملتش حاجه غير لما قولت مش هستلم الطلب بقا جالي بارد وميتاكلش
1014,Ranch sandwich was poor with over cooked thin fillet piece was hard even to chew
1015,Restaurant didn’t pay attention to the note
1016,زبالة. الأكل قليل جدا جدا جدا مقارنة بالسعر
1017,الفراخ الكرسبي اللي في المكرونه طعمها وحش جدا
1018,The taste was so bad and caused Abdominal distress to us. I don't recommend it at all.
1019,"chicken was left overnight and dripping in grease it was hard to chew the pasta tasted really bad, the whitesauce was absolutely tasteless we ordered a fanta apple and they got us Pepsi instead"
1020,سيء للغاية الفراخ ناشفه بجد سيء جداااا برجاء التواصل معي
1021,الفراخ فعلا اترمت سيئه جدا
1022,الفراخ بلاستك و بايظة و غير صالحة للاستخدام الادمي والباستا طعمها وحش زي ما تكون بايتة و سخونها تجربة مش هتتكرر لا انصح ابدا بالتعامل مع المطعم السئ ده
1023,طلبت عرض الميكس الفراخ بلاستك حرفيا و طعمها وحش جدا و الكمية صغيرة مقارنة بالسعر
1024,طلبت من خمسه ونص الاكل وصل الساعه تمانيه الا عشره الاكل جاي بارد جدا جدا جدا معرفتش اكله اصلا وكنت طالبه بيبسى دايت بعتولى سيفن اب تجربه سيئه جدا
1025,الاكل حلو جدا جدا جدا ، شكرا ليكم و لتعبكم
1026,كل قطع الدجاج سواء في الباستا او الساندوتش لا تصلح للاستخدام الآدمي ، مجلدة وناشفة ومفيهاش اي لحم بالإضافة الى تقليل حجم الباستا من خلال استخدام طبق فويل صغير ، تجربة سيئة جداً
1027,الاكل اتاخر اكتر من ساعتين و جيه بارد و المكرونه وحشه جدا و ملزقه
1028,الأوردر اسوء ما يمكن و واصل بارد و ناقص و غلط و حاجة فى منتهى الإستهتار انتم بتجبروا الواحد ما يتعاملش معاكم تانى
1029,Taste is very bad
1030,وحش جدا والاكل جه بارد ومتأخر ٣ ساعات
1031,too bad experience
1032,It was without chicken as i ordered
1033,Expensive
1034,الاوردر مكنش مظبوت
1035,اسوء حاجة برجر عامل زى الاستك ولا مناديل ولا كاتشب استربس بصوص البافلو حرفيا بايتة سيء
1036,الاكل كان ساقع جدا والبرجر كان فيه زفارة
1037,وحش جدا جدا و الاكل باااارد و خساره فيه الفلوس
1038,الفرايز سيئة جداا
1039,Portion sizes are a joke for a pasta spot
1040,I ordered extra mushrooms and didn't get it. I was charged for it though
1041,واضح انها كانت بواقي مركونة لأن كان فيها قطعتين فراخ على مشروم و انا اصلا طلبتها ساده! و الأكل كان بارد و الحجم اعتقد أصغر
1042,للاسف الساندوتشات طعمها فيها حاجه بايظه وحشه قوى
1043,الاكل جه بارد جدا
1044,يا جماعة خدوا بالكم طلبت اوردر من باستاويسى عن طريق موقع المنيوز نصبوا عليا حرفيا و لما رجعت لبستاويسي اكتر من مرة ما عملوش ليا أي حاجة و تقييمي ليهم صفر دا غير انهم بيوصلو الحاجة من غير وصل و الحاجات مكنتش احسن حاجة حاجة بصراحه سيئة للغاية
1045,الاكل اتاخر اوووي علي ما وصل ووصل بارد ، والاكل تعبت بسببه تاني يوم حاجة سيئة جدا
1046,الاوردر واصل بعد ما طلبتو بساعتين وشوية وواصل بارد جدا لكن الاكل عموما كويس
1047,احلا حاجة يمكن عندكم المكرونة بالجمبري... عظمااة
1048,انا طلبت تشيكن سيزار سالاد جالى سيزار سالاد من غير تشيكن
1049,سئ جدا الاكل مش مستوى و نى ووحش جدا لا ينصح بالشراء منه ابدا
1050,الفراخ مش تمام ومحروقة وبايته
1051,i didn't receive any forks with the order
1052,المطعم سئ وطالبه دبل جالي سنجل ومقرف حقيقي
1053,اقل حاجة تتقال ان الاكل يقرف والله يقرف طعم وشكل وجودة وكمان وصل بارد
1054,اددع
1055,الاكل جي بايظ باين و رحته توجع البطن حاجه تقرف
1056,ممتاز بس كان بارد
1057,"the fries seasoning was too much and the chicken in both the sandwich and the pasta were disaster ,too tough and couldn't chew it and it was for iftar we couldn't eat it well and the pasta size was less than expected. i'm disappointed"
1058,0/10
1059,انا بقالى يومين بطنى فيها مغص و بخش الحمام بعد ما جبت من عندهم حاجة خرة
1060,مطعم فاشل العنوان بتاعي مسافة ربع ساعة من الفرع يقولي مفيش توصيل للمنطقة عندي حاجة تقرف يعني ...
1061,اوحش فراخ دوقتها ف حياتي حرفيا
1062,the fried chicken was way overcooked
1063,low Quality
1064,😑😑😑😑😑
1065,طعم سيئ جداً
1066,سيئ جدا جدأ
1067,الطعم سيئ طلبت ٤ انواع مكرونه كله وحش جدا ساندوتش كوردون بلو ناشف جدا وطعمه وحش جدا طلبت ٢ بطاطس وصل واحد فقط كمية بطاطس لاتكفي بيبي صغير تجربة في غاية السوء
1068,"I wanted to mention all the points but 3 points only are available All are perfect Thank you so much And, please keep up your great efforts and job 👌🙏😍"
1069,برجر اللحم كان زي الصورة بالضبط والجودة حلوة،برجر الفراخ جه بارد، وعجبتني البطاطس
1070,missing items
1071,اكل زفت بجد مطعم غير لائق
1072,الجمبرى ريحته زفرة
1073,الاوردر اخر جامد لحد ماجه تقريبا ساعة وتلت ولما وصل كان بارد جدا والاكل مش احسن حاجة المكرونة زيرو ملح والسجق والبسطرمة ملحين جدا جدا
1074,كان طعمه زيت محروق والساندوتش فيه حتت ناشفة متير ومحستش بطعم رانش نهائي
1075,سئ على الاطلاق و بشع و جوده ردئيه جدا و غير نظيفه اكل ملوث و بايت و الطعم مقزز خصوصا المكرونه بالكبده مقرفه
1076,Bobo
1077,the chicken was hard and doesn’t have any flavor
1078,I ordered it spaghetti not penne
1079,Hhhhhhhhtrssssetu
1080,المكرونة الداوود باشا لقيت فيها دبوس من دبابيس الي بيدبسو بيها الورق و الحمد لله اني مبلعتوش. الصوص الأحمر طعموا زي صوص محلات الكشري و يمكن محلات الكشري بتعملو احلي. الفراخ وايت صوص الفراخ تتبليتها مش حلوه اكلت المكرونه و الموتزاريلا و سيبت الفراخ.
1081,under rated fa45 the quality of the pasta is amazing and the sandwich is amazing I will.try it again
1082,"The order was at Iftar delivery, but came cold. A bit overpriced compared to the quality of food, also small portions that could've been compansated by the quality of food but was not."
1083,مش حلو خالص
1084,الاكل جه سخن و الباستا كانت كويسه لكن المفروض معاها ساندوتش كوردن بلو جه سانوتش باينه عادي حتى مش عليه شريحه بيف و البطاطس متغرقه توابل لدرجه ان لونها بني
1085,الالتزام بموعد الإفطار
1086,حلو
1087,Worst pasta ever not recommended at all
1088,رأي ايه وخرا ايه طالب الاوردر فيه جبنه شيدر المفروض يجي لوحده زي كل مره المره دي اتحط ع المكرونه بقي طعمه خرا
1089,تمام حلو جدا
1090,اول واخر مره اجرب المطعم فعلا البرجر عباره عن فتات برجر القطعيتن اصلن ميعتبروش ايش حاجا ولا يجيبوا ٣٠ جرام علي بعض والباستا طعمها سيء للغايه تجربه سيئه جدا
1091,"Literally kids portion, food was cold, overpriced comparing to quality and portion. First and last time to order."
1092,Very very expensive for a pasta
1093,El shrimp red sauce taste like كشرى بظبط 😄
1094,مش حلو و كان أسوأ ريد سوس كلته و الفراخ ناشفة ماتتكلش أصلًا
1095,الاكل سئ جدا و طلبنا تشكن كرسبي كاري باستا المكرونه سيئه و الفراخ قليله جداجداجداعباره عن قطعه استريبس متقطعه فوق المكرونه بس والصوص طعمه وحش جدا و متقطع عليه فلفل هالوبينو عباره بكميه رهيبه مكرونه داوود باشا ريد صوص الصلصه خفيفه وطعمها وحش و اللحم...
1096,الاكل مش احسن حاجه و اتمني تشوفوا طريقه جديده
1097,المكرونة كنت طالبها ريد صوص جاتلي وايت صوص ومش سبايسي
1098,رديء جدا
1099,"I ordered with extra sogo2, but it came without the extra portion"
1100,تحفه احلى مكرونه الاوردر متاخرش جه بسرعه المكرونه بالفراخ كرسبي تحفه
1101,the worst
1102,"The eggs overcooked and that not an omelette, I ordered pepsi not Orange Miranda"
1103,مكتوب العرض ل 4 أفراد والكميه لا تكفي فردين
1104,بارد جداً
1105,i asked for bites they brought fries ! i asked for 7 up they brought pepsi !
1106,wrong order
1107,سعر الاوردر لو طلبته من المطعم مباشره ١٤٠ جنيه و لو طلبته من الابلكيشن ١٦٥ ده غير رسوم التوصيل ده ايه النظام العجيب !!!!
1108,Was so delicious
1109,٩٠ جنيه نص طبق مكرونه و٥جبري صغيرين فوق الوش ياحراميه
1110,not recieved oven
1111,i ordered the same oven pasta it came two types
1112,The white sauce is not tasty and the crispy chicken was burned
1113,perfect
1114,الكفته محروقه و نشفه جدا
1115,"i did not get my order nor a call , very unprofessional do not recommend"
1116,و الاوردر ناقص
1117,الصوص اللى فى المكرونه قليل شويه
1118,أسوأ تشيكن جربته بالحياة ،. بايت وبارد والخبز محروق محدش يطلب منه ولا يضيع فلوسه
1119,Thanks
1120,لم يوصلني الصوص حاسبت عليه !!؟؟
1121,اللسبايسي مش مظبوط
1122,الناس في المطعم مكسلة تشتغل تقريبا وبيقوليلي اني برة المكان الي بيوصلو فيه وانا بيني وبين والمطعم علي جوجل مابس ٨ دقايق
1123,white sauce chicken pasta and shrimp white was excellent. but meat ball dawoud pasha sauce tasted like kosahry sauce. delivered fast and hot
1124,الدليڤري كان ناقص يضربني عشان كان بيكلمني عالتليفون و معايا مكالمة ولا كان بيرن الجرس ولا حاجة
1125,طلبت ممرونة بينا بعتوها سباجيتي
1126,ارف ارف ارف الاكل جاي بارد وطعمه وحش وبايت وناقص نص الاوردر مجاش والنص التاني جه غلط مش زي ما طلبت وحاجة ارف
1127,طلب ناقص
1128,الاكل سيء جداً وصل بارد والفراخ مجلدة وبايتة وحادقة والصوص زي مايكون عليه سكر
1129,المكرونه الجمبري مملحه جدا والطعم عموما مبقاش حلو
1130,الاسعار وهمية بيحطلك الضريبة بعد ما تطلب الاكل والاكل مش للدرجة دي حلو ويستاهل السعر
1131,محتاج يبقه ليه طعم اكتر
1132,Cold food & low portion fries 🍟
1133,التسويه مش حلوة متستهلش الفلوس الاكل مش حلو
1134,Driver is very unprofessional
1135,Amazing
1136,حجم الطبق صغير جدا و حاسس اني overpaid الكواليتي كانت مش وحشة الفرايز محتاجة توابل او حتي ملح، كانت سادة خالص مستمتعتش بيها حاجات بسيطة بس ممكن لو اتعدلت تخليني افكر اطلب من المطعم تاني
1137,الصلصه طعمها سيئ جدا والاكل وصل بارد جدا
1138,طعم الباشاميل والصوص كان سيئ
1139,الفراخ الكرسبي قديمه او مش طازه و مافيش توابل و سعر الأوردر اعلي من الكميه ، غير كده الاكل كويس
1140,Food is too salty & not fresh
1141,I did not receive my order
1142,كميه الفراخ او الكفته قليله جدا فى الطلب
1143,الاكل بارد مش سخن الناتشوس مجلد المكرونة سيئة
1144,Very cold
1145,Best shrimp pasta ever
1146,"I ordered 4 different pastas, they tasted yucky (except the oven chicken one), extra little amount, I ordered few months before and it was delicious, I seems they downgraded the ingredients and the quantities, don't give it a try"
1147,Broken toy
1148,"Wrong order, cleanliness & taste not as expected"
1149,الاكل فريش وطعمه وريحته حلوة وجه سخن
1150,potato is very bad quality
1151,I ordered yesterday order came missing items and I called and no one cares also chicken sandwich was almost empty with barely any meat in them pasta is okay at best
1152,اسوا مكرونة كلتها في حياتي.. ده ليها طعم و لا لون و تقرف بجد
1153,أنا طالبه سندوتش جالي قطع ستيربس حاره
1154,المعكرونه كانت ملهاش اى طعم وكلمت الابليكشن عشان ارجعها ولا حد سأل فيا
1155,G
1156,الطلب غلط
1157,ما كانش في بيبسي مع الاوردر رغم انه مطلوب ضمن الوجبة
1158,جايب أكبر طاجن والجمبري جاي قليل وصغير رغم اللي في الصورة كبير.. يعني دافع مبلغ عشان أقعد أكل في مكرونة... من أبخل المطاعم لللي اتعاملت معاها... واخر مرة أتعامل معاه.
1159,Horrible taste - found metal in food
1160,البطاطس بشعه و عينه و بارده المعكرونه بارده و مجلده و ملهاش طعم
1161,جودة سيئة جدا وطعم يقرف والله .. اوردر كله خسارة فيه الفلوس
1162,"1 - if the restaurant does not have an item in their stock - they should call and ask for change, not just send whatever they want 2 - delivery guy was standing min 10 mntsnext to Kansas chicken with my order, it came almost cold"
1163,سيء للاسف
1164,الصوص قليل جدا والجبنة تكاد تكون مش موجودة أصلا
1165,we really enjoyed it so much
1166,very bad taste..... i won't try it again!!
1167,جالي فراخ مش بسطرمة
1168,👍🏻good
1169,العيش محرق من داخل الفراخ ناشفه جدا جدا الطلب كلو سيئ جدا
1170,quality not good and macaroni not as i imagine
1171,بشع وسئ جدا دي شوية مكرونه مسلوقه ملهاش طعم خسارة فيها الفلوس
1172,زقت
1173,الديلفري ماكانش معاه باقي وده عطلني في عملي إني الاقي فكة وسيبت ٦ جنيه برجاء إضافتهم للرصيد
1174,الاوردر وصل ناقص و طعمه سئ
1175,سئ جدا الاكل جه بارد و طعمه سئ و الفراخ زفره
1176,Extras were not added but charged for all of them
1177,الوجبة مش واقفة عليهم ب ٢٠ جنيه و بتتباع ب ٧٠ جنيه
1178,the order Was not as we asked from pasta and not spicy as we asked.
1179,شغلهم بقا قرف وغالي ع الفاضي، المكرونة جاية باردة ومافيهاش إلا ٥ قطع فراخ وطالبة عليها صوص شيدر باعتينه لوحده مش عارفة هشربه يعني ولا إيه ودافعة ١١٠ جنيه ف العبط دا
1180,Thank you for this amazing order
1181,الجمبري كان مش مستوي كويس والمكرونه كمان
1182,المكرونة كويسة و الاكل جاي سخن مش بارد لكن مكرونة بس تقريبا مفيش فراخ او جمبري كمية قليلة جدا من كل حاجة مقارنة بالسعر
1183,الرانش صوص متبعتش مع الاوردر
1184,المطعم لم يقوم بتوصيل الطلب لأنني خارج نطاق التوصيل ولم يتم إبلاغي الا بعد ساعه من طلب الاوردر اسلوب غير لائق من المطعم شكرا لابلكيشن المنيوز ع المتابعه والاهتمام
1185,حسبي الله ونعم الوكيل فيك مطعم اقسم بالله حسبي الله ونعم الوكيل بالله دي تحذير للناس جماعه طعمه كان يقرف كنت جعانه وبصراحه كنت مستغلياه ب ١٢٠ بعد التوصيل كلت ربعه وبالله جالي تسمم
1186,مش سبايسي اللي بالمشروم مش حلوة التانيه ناقصه فراخ والكواليتي زى الخرا بجد...
1187,جالي تسمم بعد سندوتش راب فاهيتا والأكل كان بارد حسبي الله ونعم الوكيل
1188,الجمبري كان زفر جدا وكان جاي بقشره!! اوردر مقرف مش هطلب منكم تاني !!! ومنت طالب بيبسي دايت جالي عادي قرف
1189,سلوك مش كويسه نهائي وقليل الذوق
1190,الصلصة طعمها صناعي اوي و مش فريش
1191,البطاطس ناقصها التوابل و الملح كلهااااا
1192,ممتاز مطعم و خدمة كويسة جدا
1193,الاكل كان حلو جدا بس بارد والصوص مش موجود
1194,الاكل تحفه بجد وسخن جدا رغم بعد المكان والطيار منتهي الذوق والله 👍🏻
1195,الاكل سئ مكرونه معجنه وفراخ محروقه ومكرونه الجمبرى فيها ثلاث قطع بس.
1196,مكرونه معجنه واربع قطع جمبرى بس ومكرونه الفراخ محروقه
1197,غالي
1198,I received my order after two hours from ordering because of no phone reach! Why they took my location so!!!!!!!!!!
1199,الباستا سيئه جدا جدا جدا و الراب وحش اوي و فراخ محروقه و معاها طحينه مش مايونيز حتى البطاطس الحاجه الوحيده المعقوله بردو مقليه زياده
1200,طعم سيء جدا والطلب وصل متاخر لا انصح تجربته
1201,الكفتة طعمها سئ جدا جدا
1202,Food was cold and pasta wasn’t cooked in sauce
1203,Food was very cold despite the restaurant being very close to where I live… and pasta wasn’t cooked in the sauce as it should be but they rather added the sauce to the pasta.
1204,التوصيل بقي كارثة من منيوز للاسف بيسوء اكتر و اكار الفرع قريب جدا ميكملش ١٠ دقايق وصل في ساعتين و الاكل بارد جدا
1205,سئ. الاكل اتدلق و الطيار قعد يلمه تحت و لما طلع و لقيت في حاجات مفتوحه بقوله يقولي لا ده تلاقي من المخمضه في الطريق الكداب(الامن اللي حكالي بعد كده انه كان عمال يلم المكرونه بايده و يظبطها ) قمه القرف و مش هقرب للمكان ده تاني للاسف تحت الصفر
1206,صوص الهاني ماستر جاي سويت شيلي انا لو عاوز سويت شيلي كنت طلبته !!
1207,الباستا كانت حلوه جدا بس المطعم اتاخر ف طحضرها
1208,الاكل كويس بس البطاطس كميتها قليله جدا زي وجبة الاطفال
1209,The pasta is not well cooked
1210,1 toy missing and another one broken do you know how kids feels when they get disappointed :/
1211,قطع الفراخ قليلة
1212,Wrote a comment i wanted the pasta well done it wasnt .. the pasta was spilled as well and food was cold
1213,Greedy management. Very few pieces compared to price. Nothing special.
1214,Order didn't arrive
1215,الاكل كان بارد ووصل متأخر جداااااا
1216,الطعم سئ جدا
1217,المطعم من سي ا اسوء
1218,كمية قليلة جدا
1219,الطعم وحش جدا و ال quality زي الزفت
1220,كمية الاكل قليلة جدا بالنسبه للسعر والباستا الريد صوص وحشه جدا حقيقي مستواكي قل جدا
1221,المكرونة كان فيها قطع بسطرمة في النص خلت المكرونة كلها بسطرمة و مكانتش مستوية كويس و الاكل جاي بارد و الاوردر واصل بعد اكتر من ساعة و نص
1222,الأكل طعمه حلو و كميته حلوة السلطة كبيرة تكفي فردين بس عايزة تتظبط شوية .. هي كأنها سلطة خضرا عليها فراخ.. عايزة يبقى مكونتها مختلفة شوية
1223,المكرونة مش مستوية كويس والجمبري فيه زفارة
1224,اكل سيئ منصحش اي حد بالمطعم نهائي لا طعم ولا تسوية ولامكونات فضلاً ان القيمة مقابل السعر ماتستهالش تماماً اول واخر مرة
1225,Fast experienced delivery but not as hot as wanted
1226,Good quality
1227,Labels are not available despite that I informed them .. customer experience is very bad.
1228,food quality was disgusting
1229,"it wasn't a good experience at all, the food quantity is not matching with the price (small quantities with big price) also the taste wasn't nice at all.. not as my expectations at all... a bad experience with all means"
1230,Bad
1231,مرتين شكوي منهم تأخير اكتر من ساعتين و اكل طعمه سئ وبارد
1232,غير قابلة للأكل مدة صالحيتها منتهية الأكل بايظ فاسد !!!!!
1233,الاكل متأخر قوي و ساءع و الراجل عمال يلف مش هطلب من عندكو تآني و كان الساندوتشات كانت كلها شطه و الطعم معمفن
1234,Didn’t arrive
1235,وصل متأخر جدا .. محاسبني علي ناتشوز بس بعتلي عيش محمص بس .. و كمان الاكل جه بارد
1236,Tastes bad.
1237,الباستا بالجمبري وحشة اوي ملهاش طعم اصلا
1238,الوايت صوص كان قليل جدا والباستا معجنة و الجمبري قليل جدا عكس العادة
1239,الباستا الغير معدة بالفرن سيئة للغاية ولا تستحق نصف ثمنها
1240,I order large with extra pasterma and I received regular pasta size with not extra pastrama and I paud for large and extra pastrema
1241,ordered extra mozzarella and didn't get it
1242,الاكل اتاخر ،، مش نفس الاوردر ،،، و لما اكلمت مع المسؤل في الموقع ،،، اعتذري بمنتهى الادب ، بس معملش حاجة ،،،،،، و انا فهمته أنهم نصبين عليا في الفلوس في حوالي ١٠٠ جنية من إجمالي فاتوره ٢٧٥ جنيه و متعوضتش
1243,الاكل زي الزفت الصراحه و بقالو كذا مره نفس الحاجه
1244,المكرونه اول مره تبقى وحشه كده وحشه جدا جدا
1245,طالب جمبري وصل ليا فراخ !!!!
1246,بص انا شايفة ان الخدمة زى الذفت اخر حاجة الاوردر حد كلمنى من الفرع و قالى الاوردر هيوصل و مجاش حاج من ٣ ساعات فيتجيبوا الاوردر يا ترجعوا فلوسه عشان دى كده سرقة و هنزلها عل السوشيال ميديا لو معملتوش حاجة
1247,الاكل جه من غير معلقه و كان هيحاسبني من غير برومو كود
1248,The worst experience ever! I ordered a red sauce pasta with cheddar sauce and fries. The order arrived at 18:30 without the paid sauce and with cold fries. I have contacted the chat support several times and they told me that the Restaurant was g...
1249,Very beautiful
1250,Worst thing ever…. not recommended
1251,"Very low portions, absolutely not for 4 people to dine"
1252,Pasta kant laz2a f ba3daha zy ma btnzl mn el kees kda please make sure enokom tfkohom mn ba3d other than that el akl gamel
1253,very Bad quality & smalll portions
1254,"Sogo2 pasta was cold, Value vs cost is bad, over priced with respect to portions, bad experience 😡👎"
1255,الأوردر ييجى غلط وكمان متأخر والمفروض استنى واطلب من جديد ، انتم مطعم كويس بس دليفرى لا لا لا لا
1256,عادى
1257,lack of white sauce
1258,الاوردر متأخر و مش spicy و بارد و المشروب صغير جدا
1259,الكمية غير كافية لفردين اصلا مش اربعة
1260,سيئةجدا جدا
1261,كان في صرصار في العلبه الكارتون بتاعة المكرونه
1262,"lately it's been so bad the white sauce is more water than anything, macaroni is low quality, ingredients in general are becoming more and more low quality and quantity!"
1263,Chicken pasta had no chicken AT ALL!
1264,اكل وحش اوي كميه قليله جدا مكرونه مفهاش اي مكونات.... الاكل جاي بارد جدا ال ٤ انواع وحشه جدا
1265,الأكل جايلي متسخن مش طازة و كلنا جالنا تسمم غذائي و بحضرلهم محضر جميل في قسم شرطة ٦ أكتوبر إن شاء الله
1266,French Fries portion was small
1267,Spicy tast wasn't cooked with the pasta. That gaves a different taste.
1268,الأكل مالوش طعم وبايت وغالي ومفهوش أي ميزة
1269,"Good taste, good quality yet very very small portions"
1270,انا طلبت مكرونة كاليماري دلهي مع اضافة جمبري ...مفيش جمبري خالص يعني انضحك علية في الاكل ومكرونة بولونيز ومفيش مكرونة تقريبا كمية قليلة وكلها صلصة
1271,الاكل سئ جداااا
1272,التوصيل تأخر شوية مع ان الطيار كلمني بعد الطلب بنص ساعة فقط ولكنه تأخر بعدها مده طويله
1273,الجمبري مش متقشر والمكرونة ملهاش طعم
1274,كان وحش اوي ومش سخن والعيش كان ني مش علي جريل
1275,too creamy but overall good
1276,I got food poisoned and was sick for one week. Never again.
1277,اسوء مرة يجيلي الاكل فيها و سببلي تسمم و روحت المستشفى و طعم سئ و قمة في الاستهتار
1278,الاوردر اتاخر ساعتين. و في الاخر مجاش خدمة سيئة جدا
1279,زى الخرا
1280,Not fresh food and not hot
1281,كل ماسبق
1282,الكمية غير كافية خالص والاكل كان بارد والبطاطس اكترها بايظ حاجة سيئة جداً
1283,الاكل جيه سخن بس بعد ساعة.. كان حلو اوي بس صغير عالسعر و الكواليتي تحفه
1284,الاوردر جه غلط
1285,جيد غير ممتاز
1286,الاكل جودة تحت الصفر وكمية قليلة اوفر
1287,the delivery was almost on time the amount of the chicken for the price not what I was expecting. it was almost not there .sauce was nice but a bit salt y
1288,بقي وحش بجد
1289,الفراخ سيئة جدا جدا الجمبري حلو
1290,سيء جدا ، واتأخر جدا ، وجاي بارد ، بصراحة كمان الكمية والأوردر غير مناسب للسعر
1291,سئ
1292,اولا الطعم مش احسن حاجة. ثانيا الاوردر مدفوع و محطوط عنوان بالتفصيل و لوكيشن، الاوردر اتاخر جدا و لاقيتهم بيقلولوي مش عارفين نوصلك لان فعلا رقم التليفون الي كان متسجل مقفول، مفهمتش كانوا عايزين ايه بالظبط، و محدش طلب اي حاجة. اخيرا الاكل بارد.
1293,They didn’t even get the right juice and the pasta was half empty
1294,الاوردر جه غلط و اتاخر و كانت تجربه سيئة جدا
1295,نفسي بس البهارات تزيد شويه الاكل مش متبهر كويس
1296,portions seem to be getting smaller and smaller everytime I order the same meal. the food tastes good but very small portions
1297,المكرونة كانت سيئه جدا و و قطع الفراخ كانت قليلة جدا جدا و بهارات كتير بشكل مبالغ فيه بجد اضايقت جدا خصوصا انها وجبه اطفال!!!!!
1298,زفت
1299,العرض سئ جدا. البيبسي صغير وليس كنز. اللعبه ناقصة. الطعم سئ. للأسف تجربة سيئة جدا.
1300,من غير كفر والاوردر مدلوق
1301,الاكل حلو جدا بس محتاج تزود مشروم
1302,أسعار مبالغ فيها جدا ع كميات محدودة جدا
1303,للاسف المطعم بيعمل عروض وهمية. اي عرض عندك البيبسي بيكون صغير الحجم وكمان الاطباق. الصوص ملوش اي لازمه. الاكل نفسه غير مميز. طلبنا لعبه مع الاكل للطفل مجتش. العروض وهمية والتجربة سئية والنجمتين فقط لأن خدمة العملاء بتحاول. مش هجربه تاني
1304,سئ جدا و بطئ في التوصيل و غالي علي الفاضي
1305,very low portions ..half the cups are empty .. meat balls are very small .. pasta type not as requested .. drinks are hot
1306,Pasta tastes rancid and metallic.
1307,كميه قليله جدا بالنسبه للسعر المبالغ فيه و الأكل طعمو عادي جدا ميستحقش ربع الثمن
1308,ماينفعش مندوب التوصيل يبقي مش عارف ان الأوردر مدفوع أونلاين!
1309,المكرونه مش مستويه ولا يوجد قطع فراخ
1310,food was cold
1311,المكرونة سيئة جداً وفيها كمية زيت رهيبة. عايمة في زيت. الطيار جايب المكرونة بيسلمهالي وهي مقلوبة عالجنب. بقوله إيه ده؟ بيقولي المطعم مسلمهالي كده!
1312,الطلب جه بارد والتأخر صعب جدا اتاخر عن معاده ساعه الا ربع
1313,the order without katchup
1314,"The order had abad quality, the pasta was a modest quality while the fries with cheese was really horrible, the fries was bad as if it was from a local low quality resturant and the cheese was awful"
1315,الاكل كان بشع جدًا و بارد و وقع من علبة و طلبته سبايسى مكنش سبايسى . اخر مرة اطلب اوردر
1316,معجبنيش الاكل وغالي عالفاضي وبس والله.
1317,Fingers cooooold though
1318,I ordered jalapeño bombers and i got mozzarella sticks. I ordered my pasta with extra thyme and oregano and there was nothing added!
1319,تسلم الايادي جزاكم الله خيرا
1320,جيد
1321,المكرونه طالباها وايت صوص جاتلى بالصلصه
1322,الاكل كان اقل من العادي ومش سخن 🥺🙊
1323,الطلب مبوصلش زي اللي بطلبه بيوصل بارد والصوص مش حلو
1324,Everything was perfect
1325,الكميات قليلة جدا بالنسبة للسعر الغالي للاكل 👎
1326,طعمه كان بارد والبيبسي اصغر من اللي طلبته قبل كده
1327,فى واحد مكرونة بالفراخ وصلت من غير فراخ جاية سادة
1328,"late delivery, the food was very cold"
1329,The food came a full hour and a half late
1330,Very expensive and almost no shrimp in shrimp pasta
1331,الأكل بارد و غير مكتمل الطهي
1332,تمام
1333,المكرونة صوص احمر وانا طالبة صوص ابيض وزيادة صوص ابيض كمان مجاش كدة!!
1334,بصراحه المكرونه معجبتنيش كان ف مراره ف الاكل وحاسه ان الجملرى مش ميتوى
1335,اسوأ باستا من بدايه اختراع الباستا ومش اول اوردر يبقا طعمها بالبشاعه دي للأسف قولت اديهم فرصه واطلب يمكن يكون المستوى اتحسن لكن للأسف بشعه تماما ومره تيجي مالحه ومره تيجي دلعه وده عمره ما كان وايت صوص ابدأ ياريتني كنت رميت الفلوس في الزباله ولا اني ا...
1336,الاكل كان حادق جدا
1337,I ordered minced fries and I got dry french fries and the pasta was fine
1338,?
1339,الاكل سئ جدا والأوردر غلط
1340,قاعد مستني الاكل 3 ساعت و الsupport بتاعكو مش شغال عتيز اشتكي مش عارف و كلمت الراجل بتاع المطعام قالي حكلم المنيوذ و خليهم يكلمك استنيت ربع ساعه و برضو محدش كلمني و اخر مرة الطلب منكم تاني انتو الاتنين مع اني متعود كنت بطلب من عندكو كثير اوي ،شكرا.
1341,Very bad
1342,الطلب ناقص سندوتش فرايز راب
1343,الباستا مش احسن حاجة بس شغال
1344,بيقللوا الكمية
1345,good
1346,Very Good
1347,الاكل كان سي جداااااا والكميه صغير جداااا والاضافات الفراخ والسوسيس والجمبري من كل حاجه حطين ٣ او ٤ قطع الاكل بجد كان سي
1348,very ordinary nothing special
1349,Chicken pieces wasn't good.
1350,الكمية قليلة جدا على المبلغ اللي اتدفع...اخر مرة وومش هطلب منكم تاني
1351,الوايت صوص عباره عن ميه ولا طعم ولا ريحه ولا شكل، المكرونه ارخص أنواع مجلده، الفراخ فيها دهون و قطع صغيره عقلة صباع، لما طبق يبقى واقف علينا ب 80 ج بالشكل ده يبقى حرام حد يشترى من الناس دى، كنت نزلت حبتلى كيلو كفته بعيش و سلطه و طحينه او جبت من اى ح
1352,everything was good except the mozzarella sticks it was dry
1353,كنت طالب اضافه بسطرمه و مجتش مع الاوردر مع اني حاسبت عليها في الشيك
1354,اكل جاي في ملح زياده جداااااا
1355,i dont order this i ordered macdonalds?!!
1356,كنت طالب جمبري وايت صوص بنا من غير ملح جاتلي مالحه جدا وكنت طالب داوود باشا ريد صوص اسباجتي جاتلي بنا
1357,الاكل سئ جدا والاوردر اتاخر فوق الساعة ونص وجاي ومبيخدوش الملاحظات اللي بتتكتب
1358,كل المكرونات جت مكرونة فرن وواحد بس اسباجتى مع داود باشا وده مكنش طلبي والساقع بيبسي وانا طلبت سفن والكميات اصبحت اقل حيث انى عميل دائم عند بسطاويسي
1359,المكرونه معجنه و الجمبرى ريحته وحشه و الاوردر واصل متأخر جدا و فعلا ميتاكلش
1360,الاوردر وصل متأخر جدا والاكل كان طعمو وريحتو وحش جدا
1361,الاوردر جي مخروم!!
1362,مجاش مع الاوردر عصير الموز باللبن اللى كنت طالبه ومحاسب عليه و
1363,Late and the order is wrong and missing 2 pepsi can
1364,الاكل جيه بارد جداً
1365,الكميه قليله جدا على السعر
1366,الباستا وحشه اوي
1367,"the food is really good, but prices are ridiculously high"
1368,كنت طلبه البيبسي دايت وجالي بيبسي عادي بسال الطيار يقولي معرفش مكنتش اعرف والاوردر مقفول مش عاوز افتحه والاكياس والشنط اصلا لونها شفاف مش محتاجه تتفتح واضريت استلم الاوردر وخلاص 😏
1369,"very late more than 40 minutes , bad taste , cold staff , never to order from them again"
1370,الكميه لا تكفي فرد عادي في الوجبة
1371,البطاطس حرفيا قليله كانها ب ٥ جنيه
1372,Got one pepsi can only
1373,k
1374,اسوء مكرونه طلبتها في حياتي واخر مره من عنده
1375,الكميه قليله في الوجبه دي بالنسبه لسعرها
1376,bad service
1377,حاطين جمبري االي فالفرن مفروض العكس والطعم مش حلو و وواحده من بيبسي مفروض دايت جابو الاتنين عادي
1378,الاكل جاي بارد جداً
1379,الصوص عادب جدا وبدون اي طعم نهائى ودي اول مره بكون كده
1380,"nachos should already be prepared with cheese and mushrooms not dry chips and chees on the side !! also , red sauce on the shrimp pasta tastes like tomatoes and not mixed with any spices"
1381,very bad service and slow delivery and i'm not recomend it to anyone
1382,they reduced the portions to the half. the plate is empty.
1383,Hh
1384,the portions was very small & not tasty at all
1385,الاكل بجد وحش جدا جدا جدا طعم ومنظر وكل حاجه مش اول مره اشتكي بس فعلا كده كتير
1386,المكرونه معجنه وغاليه على الفاضي
1387,كفتة داوود ماكنتش حلوة ابدا ابدا كانت صايصة و الكفتة بشعة ، اي حاجة ريد صوص ماانصحش بيها ، بس الباستا الوايت عندهم اغلبها حلوة بصراحة
1388,الطلب ناقص اضافة داوود باشا
1389,late
1390,Awful in everything Small Size comparing to price Hot pepper is not considered spicy as it is considered cheap of you when you call it spicy fettuccine
1391,I found hair in the order.
1392,l ordered mirenda orange and they came pepsi
1393,Fries was so oily
1394,سعر غالي كتييييير على الفاضي يعني لو بيستاهل مش مشكلة بس طعم مطعم اقل من عادي وسعر عالي وكمان في مشكلة بالطعم والوجبة كانت مالحة زيادة عم اللزوم
1395,جامد
1396,"Very little white sauce, and small fries portion"
1397,خدمه سريعه واكل جميل
1398,الكاليماري مالح اوي
1399,الاوردر سيء جدا .. البيض زفر و مش مستوي كويس … مفيش سجق تقريبا ف الساندويتش …و التاني كمان المشروم بردو مش باين!! تجربه وحشه جدا …
1400,"It's very bad attitude restaurant manager and the driver didn't have phone and also the price from the app 205.30 EGP and receipt from the RST 218 EGP different amount, so I searching today for The driver down the building , bad attitude for everythi"
1401,Res soas not good
1402,i ordered extra Bolognese sauce .. they didn't add !!
1403,"average taste, bit pricey for the portion"
1404,الاكل وصل بارد والطعم عادي او اقل من عادي والاطباق صغيرة على السعر
1405,تم طلب سجق زيادة وتم دفع الرسوم المطلوبة لذلك الا انه وللاسف كمية السجق لا تتناسب اطلاقآ مع القيمه المدفوعه
1406,حقيقي اول مره اتخيل ان يجيلي اوردر من عندكم بالسوء ده الصوص بتاع الباستا قليل جداا رغم اني طلباه اكسترا والفرايز تحس انه بايته ومش متسخنه كمان ..والاكتر السنتدوتش التشكن اللي فيه ناشفه وريحتها كلها زيت بس
1407,اسعار الاطباق مرتفعه مقارنة بحجم الطلب ..وشكرا
1408,اول هو مش في شطه خلاص كانكم رشين حجات بسيطه فامش حلو +انو طلبه زيده جنبري ومتحطش زيده زي ماهو كل مرا بيجي !!محبتش
1409,"Food was amazing, but delivery pilot was rude"
1410,"i ordered 2 sauces and paid for them ,and didn't get any of them"
1411,الفرع ده بقه سئ جدا المكرونه وايت صوص قليل جدا وكلها سمنه وده واضح في الصوره دي تاني مره وانا مش هطلب منه تاني
1412,أول تعامل معاكم المطعم جميل والأكل تحفة لكن الأوردر جالي فيه ساندويش ناقص وبداله فراخ استريبس انا مطلبتهاش لخبطة الاوردر هتخليني احط تلات نجوم لكن الأكل نفسه كان حلو جداً
1413,اكل ساقع و طعم استغفر الله العظيم حرام والله فيه الفلوس
1414,It was ok. Not awesome but not bad. Good for what you pay.
1415,الطلب ماجاش البطاطس فيه .. و جه ناتشوز .. لو سمحت حد يكلمني
1416,portion was minute eventhough I have paid for the largest
1417,Portion is too small compared to the price
1418,Happy
1419,تجربة حلوه جدا إن شاء الله لو ليا عمر مش هتتكرر
1420,الجمبري ني
1421,الاكل وحش اوي ولا في صوص ولا فراخ و لا اي حاجه و متأخر و طالبه سفن دايت يجيلي حاجه غيره و ناقص و الولد ياخد فلوس زياده و يضحك عليا و حاجه اخر زفت يقولي مفيش سفن متدفعيش فلوسه و يشتغلني و يمشي ، و البطاطس كمان ١٠ وحدات ب ٣٠ جنيه!!!!
1422,Very very expensive for pasta place
1423,"the worst restaurant ever, meals are sucks, delivery showing attitude, the manager is rude !"
1424,الفراخ قليله على حجم الطبق
1425,المكرونه ناشفه والصوص مش باين فيها
1426,There waas no sauce
1427,الكمية قليلة جدا سواء في المكرونة او المكونات اللي داخلها لا تذكر اصلا حتة سجق صغيرة في طبق مكرونة مفهوش اي كمية اصلا وطبعا البطاطس قليلة دي كلمة متديش حق اصلا يعتبر مكنش في اصلا بطاطس قيمتها اتمني تشتغلوا علي الكمية شوية واعتقد اني مش محبتش التجربة
1428,الصوص قليل لدرجه انه مش موجود والمكرونه كانت عباره عن مسلوقه فقط من غير صوص داوود باشا ٤ كرات لحم صغيرين جداا الاوردر بارد
1429,الاكل فريش و طعمه حلو والصوصات مظبوطه بس عندى تعليق ان كمية البطاطس قليلة جدا بالنسبة لسعرها
1430,المشكله الاساسيه تاخير التوصيل و كمان الاكل بيكون بارد
1431,العيب الوحيد هو تأخير التوصيل.
1432,Worst pasta ever
1433,المفروض انى طالبة الاوردر اسبايسي جاى عادى و الاكل ساقع جداً👎🏽
1434,طلبت الاوردر سبايسي وصل عادي طلبت ميرندا تفاح جت بيبسي الكميه قلت بكتير و جوده قلت واخر مرة اطلبو ده ملوش علاقه بفرع شيراتون ولا اي فرع جربته
1435,Yery small portions
1436,missing item
1437,كان جايلي بواقي اكل مش اكل
1438,All was fine.
1439,Not happy with this order
1440,didn't receive fries and drink only sandwich
1441,حلو بس محتاج الكمية تزيد شويه
1442,انا كنت طالبة اتنين باستا، واحدة بالجمبري وأكلتها على طول والتانية بقطع الفراخ وكنت سايباها لبليل، وفوجئت لما جيت آكلها إن مفيش فيها ولا قطعة فراخ واحدة حتى! اكلت مكرونة بس!! وأنا حقيقي مصدومة إزاي يحصل كدة
1443,very bad shrimp pasta. wanted to throw up while I was eating
1444,الكميه قليله جدا بالنسبة للسعر
1445,الحجم مش كبير
1446,السعر غالي جدا والكميات صغيرة جدا طلبت مع الاوردر بطاطس باللحمة المفرومة جالي باكيت بطاطس سادة فيه حوالي ١٠ صوابع فقط😂
1447,the shrimp portion was less than expected
1448,Gamed
1449,the omelet came plain without basterma as requested.
1450,الاكل بارد ومش حلو والكوالتى وحشة
1451,اسوء شئ الدليڤري مش عنده موبايل يفتح الموقع و فضلت معاه تايه لحد ما جاب الاكل
1452,the food was too salty
1453,الاكل فعلا وحش
1454,i did not receive my order
1455,high cost
1456,Pepsi was missed and re delivered after the order😒
1457,الاكل ريحته معفنه وبايظه انا رميت الاكل فى الزباله وكنت هرجع من الريحه وهعمل بلاغ فيكم حاجه تقرف بجد
1458,الاكل كان بارد واخد وقت ساعتين ع بال مالاوردر وصل والطلب ماكانش فيه فراخ ده غير اننا حاسبنا فيزا ولقيناه بيطلب مننا الحساب حاجه منتهي العبث
1459,I hot cheese omelette wraps only without hotdog or mushrooms
1460,price
1461,انا طالبه وجبه اطفال و جاتلى من غير اللعبه
1462,الاكل اتاخر ساعتين وخدمة العملاء بتاعة المطعم في قمة قلة الذوق الاكل نفسه جه سخن وطعمه مش وحش بس ال experience كلها زي الزفت
1463,we7esh awii
1464,i ordered miranda orange they delivered pepsi
1465,نفسي مره بسطاويسي دول يجيبو الاوردر صح
1466,amzing
1467,Taste was so bad
1468,the order was very bad than last once from safir branch I found four pieces of chicken and four shrimps and no herpes or chives in pasta it was bad experience this time
1469,مفيش شوك ده مبدأيًا والمكرونة الفرن بجد الجودة سيئة غير زمان ومش متغرقة جبنة خالص وجامدة وناشفة
1470,كميه غير كافيه وطعم عادي جدا
1471,زي الزفت والله اطلب اكل وميكيش
1472,ما لوش طعم ...مايع
1473,لا يوجد شوك ومعالق مع الاوردر
1474,جمبري و صوص قليل جدا و مكرونه ناشفه
1475,Wrong order and not the first time
1476,Wrong order
1477,"Very good food, good quality and excellent service. I will order again"
1478,زفت طالبها صوص زياده الصوص اساسا جاي قليل!! الكفته محروقه و البسطرمه تخينه و حادقه و متتاكلش و طلبت منهم المكرونه تكون مستويه زياده جت اساسا شبه نيه حاجه ارف
1479,مجاش اصلا فا الغوه
1480,مكرونة مسلوقة ناشفة و ملتصقة ببعض و بارده عليها باشاميل فوقها كثيف وبارد ايضا المفروض لما الطلب يجيلى اقوم انا بمزج المكونات . أسوأ تحضير ممكن يقوم بيه شيف فى مطعم . و استهانة بذوق العميل الذى وثق بكم . لن اكرر التعامل مه هذا المطعم مرة اخرى
1481,My stomach hurt after eating the pasta
1482,كمية الجمبري قليلة جدا
1483,شكرا
1484,مطعم سئ جدا
1485,Late for an hour and drive with my order for three blocks.
1486,Order was very cold and late. And the taste of the pasta wasn’t as usual
1487,the food was good but little bit small
1488,Good portion with very small amount of the main ingredients (sogo2 - shrimps) late delivery
1489,U put few chicken even tho i have paid more to get extra chicken
1490,فراخ سيئه جدا
1491,"The Oven Pasta ""Just Sauce"" wasn't somewhat Well-Done."
1492,taste not good
1493,Taste is bad and both shrimp and chicken weren't well done
1494,كميات الجمبرى او الفراخ قليلة و دى مش اول مرة
1495,الاكل حلو لاكن الكميه قليله جدا مقابل السعر
1496,مش قد كده
1497,very low quality shrimps and completely uncooked (raw. even more the chicken is unrecognizable and tastes very odd. very bad experience if not the worst. would definitely advise you to find another restaurant.
1498,the shrimp pasta playe only was 25% filled
1499,Shrimp pasta tasted so stale.
1500,الأوردر جيه عكس ،واي عرض بيعملوا ،هتاخد كمية صغيرة ،الضريبة زيادة والعرض كمان بيكي نئ ،اللي هوه انت غلطان انك طلبت عرض
1501,"perfect taste, very fast delivery, flawless 👏👌"
1502,"Not a single thing is good about it. It's cold, not tasty and portions aren't good enough compared to price"
1503,المشروم كان معلب مش فريش ومالوش طعم وانا طلبت نفس الطلب قبل كدة كان فريش وطعمه تحفة
1504,الطعم وحش ومن غير فراخ كرسبي مش فاهمه ازاي
1505,Fries wasn’t good
1506,الطبق جاي متبهدل خالص زي الي متاكل منه قبل كدة و كان مطلوب سبايسي جاي عادي !!!
1507,الكميات صغيرة .. المفروض الوجبة لشخصين لكنها تكفي شخص واحد جعان. المخلل قليل جداااا على سعره
1508,مفهوش طحينه غير فى الاخر مش متخدع اوى !
1509,وحش جداااااااااااااااااااااا و الاكل جاي غلط
1510,المحل ده تجربتى معاه كابوس، مرة رحت المطعم من فترة ومحدش جه أخد الاوردر لمدة أكتر من ١٠ دقايق وكل شوية أقول للى شغال عاوز أطلب يقولى جايلك حالا وبينفض، لحد ما قمت مشيت عشان محدش عبرنا.
1511,the taste is really not as expected
1512,didn't get the food 😞😞 worst day 🙄🙄🙄
1513,الفراخ كانت حلوة و الباستا كانت سيئة
1514,عمري ما هطلب من المكان دة تاني ب اي شكل من الاشكال المكرونة الريد صوص اكنها كشري و اللحمة اللي فيها طعمها سيء جداً ولا اكني باكل صلصة كشري بلحمة درجة 4 و الفراخ اللي جاية كلها خل و طعمها بشع ندمت اني دفعت في الكلام دة فلوس اصلاً 🤬
1515,كميه غير كافيه بالنسبه للسعر
1516,"It was really bad not oven as mentioned with almost no white sauce, really bad experience for an offer that supposed to be cheaper with the same quality"
1517,Bad quality
1518,very bad order one of worst experiences
1519,bad
1520,الكمية مش علي قد الثمن المدفوع … الكمية غير كافية
1521,"After they accept the order, they cancelled it as they said it's not in our zone, then why you accepted the order ?? and they refused to transfer the order amount"
1522,الاكل فيه نمل وحشرات وطعمه مياه مفهوش نكهه يااع كانت اسواء وجبه اكلتها ورجعت بعدها🤮🤮🤮
1523,The food taste is very poor & the pasta type is not what I ordered !!!!!! I will never order from this place again !! Totally not recommended
1524,الاكل كان وحش جدااااااا، و اتأخر جداااا فى التوصيل
1525,Crispy bread and the tehina sauce really bad but the past was great
1526,طعم الأكل مش حلو
1527,the food was good and value
1528,الكميه صغيره علي التمن بتاعها
1529,الباستا كانت تحفة والصوص كتير والجمبري بجد مكنتش متخيلة انه هيبقى حلو كده عشان عرض ❤️❤️
1530,The amount of chicken or seafood is too less in the dishes.
1531,Delivery attitude was very bad
1532,"the food is not hot ,fries so bad"
1533,جالي درينك غلط و مكرونه وحشه
1534,الكمية قليلة والاضافات قليلة ،،، السعر مبالغ فيه
1535,طعم وكوالتى كويسة بس كمية قليلة جدا على السعر الغالى حتى بعد العرض
1536,Shrimp Pasta was very good with mix of medium and small Shrimps & Hot real pepper not sauce. Chicken strips kids meal was tasty but in a very small portion
1537,"Shrimp Pasta was very good with mix of medium and small Shrimps, Hot real pepper not sauce. Chicken strips kids meal was tasty but in a very small portion"
1538,not bad
1539,A7a 4 pieces of shrimp???
1540,El food was so cold The fries was awful The restaurant was really good before
1541,الاكل وصل بارد ومتاخر والطعم يدوبك👎🏻👎🏻
1542,The food is disaster فعلا اسوأ اكل اكلته فى حياتى عبارة عن عينة مكرونة قلم بالفراخ فى الفرن و علية البيبسى الصغيرة اللى بؤ واحد ديه و الاكل كله عبارة عن ملح و حتيتين فراخ و بارد و حاجة بجد تقرف استغفر الله العظيم و المكرونة اللى بالجمبرى اسوأ و اسوأ...
1543,I ordered shrimp wrap and they got me chicken wrap 👎
1544,الاكل كان بارد و الكميه قليله جدا بالنسبه للسعر و السعر مبالغ فيه
1545,الاسعار مبالغ فيها
1546,المطعم مابعتش الاوردر و بعت للابليكشن بيقول اني رفضت الاستلام علشان اتاخر و هو اصلا ماتحضرش !
1547,السعر أزيد حاولي ضعفين لثلاثة أضعاف من أمثالة في مطاعم أخرى، القيمة مقابل السعر ليست جيدة أبدآ ،أنصح بمراجعة الأسعار لتكون مثل أمثالها في مطاعم أخرى!
1548,ياريت لما تعملوا اوفر تطبقوه 😡 ماتحطوناش قدام الامر الواقع اما نطلب منكم تاني عشان تطبقوه او تبعتوا واحد مخصوص ب ١٠ جنية عشان ده مش منطقي ابدا
1549,"the sauce portion was so little, so the overall taste wasnt good, otherwise the shrimp and pasta were good."
1550,أسوأ تجربه فالحياة.. الجمبري بالعدد ٧ وحدات من الحجم الصغير جدا قولت ممكن علشان الجمبري غالي مع انه صيني بس معلش هنقول غالي انما الفراخ كمان نفس القصه؟!.. حرام والله النتيجه فالاخر اني اشتريت طبقين مكرونه ب ١٥٠ جنيه وطعم كمان وحش
1551,الصوص كان محتاج يكتر شوية
1552,ناقص بيبسي
1553,"poor taste, veryyyyyyyyy overcooked pasta, it was the first and definitely the last time to order it"
1554,The worst pasta I saw in my whole life! 1 meal was without any sause at all. Shrimps pasta was with a disgusting sause smth between beshamel and glue. Crispy chicken was burned to black color. Total disaster
1555,Very small portion for the money even with the offer.
1556,Pasta sauce was very salty
1557,صوص الرانش مجاش والمفروض كان فيه باكت بطاطس ناقص كمان
1558,Horrible sauce i ordered oven baked pasta and it turn out to be red sauce with mozzarella cheese on top!! Very disappointing
1559,غالي في الفاضي
1560,forgot to send fries and sandwiches aren't great
1561,الفراخ قليله اوووي
1562,"Very small portions and the price is really high according to it, Don't recommend it"
1563,الفراخ في مكرونة البيضاء و قطع لحم داوود باشا مالح زيادة
1564,still Expensive
1565,The pasta is not in good state بايظه!!!!
1566,Need to talk to support!!!
1567,الأوردر ناقص وغلط مثال : طلبت مكرونة حارة مجتش حارة مع انك بتدفع فلوس على الحار البطاطس كانت المفروض بالتوابل مجتش كدا مع انك بتدفع زيادة على التوابل
1568,Number one 72e2y ♥️♥️
1569,بجانب ان الباستا كانت طعمها اقل من العادي وخالية من الوايت صوص طلبت سڤن أب معاها جابولي بيبسي
1570,الطيار عمل مشاكل ف الشارع وتعامله مش محترم والاوردر كان ناقص ولما كلمته فضل يقوللي اعمل اللي تعمله واتصل بالمطعم كده كده مش هيضرني ف حاجه ولا هتأذي
1571,اوحش دليڤيري و مطعم سيئ و خدمة دون المستوى منصحش حد بيهم والصاله اي كلام وحتى الكول سنتر متعنت و متصل يدافع عن مطعمه بالباطل
1572,الجوده طبعا لا يعلي عليها ولكن العرض غير موضح الحجم الصغير واضافه الضريبه
1573,i ordered Fettuccine and i had panne !
1574,الكمية صغيرة
1575,Very small portions price is higher than others compared to their portions delivery time 1.5 hours
1576,الصوص كان زي المهلبية كدا ودي حاجة مش حلوة
1577,الدليفري سي جدا كمية الجمبري في الباستا لا تذكر اساسا الطعم كويس الي حد ما
1578,absolutely horrible. food had no taste.. dropped to rubbish...
1579,جامد جداا
1580,Worst food ever!!!
1581,١/التوصيل اتأخر و تم الاتصال به ولكن بلاي اي جدوى ٢/الاكل قليل جدا جدا جدا وغير كافي لطفل ولا للقيمة الماليه له ٣/القيمة المالية اعلي بكتير عن المقابل وللأسف لم اكرر الطلب منه مري اخري
1582,الصوص قليل جدا جدا جدا جدا حسيت اني باكل مكرونة مسلوقة وطالبة المكرونة فتتوشيني جات حاجة تانية بدون الرجوع ليا
1583,اسوء اودر
1584,الاوردرات دايما كانت بتبقى كويسة جدا لكن المره دي المكرونة كانت جاية ناشفة ومش حلوة والفراخ قليلة جدا
1585,غالي أوي و الاطباق الكفته و الجمبري قليله أوي الصلصه الحمراء مملحه و طعمها شبه بايظ حقيقي كنت هرجعها للمطعم صوص الابيض محتاج يكون اخف بس كتير أوي ٢٠٠ جنيه علي مكرونه و بالحجم دا
1586,الكمية غير كافية
1587,Order took almost 2 hours! Terrible service
1588,بجد حرام تضحكو عاينا بالمنظر ده
1589,الاكل وصل سخن وزاكي جدااً
1590,الكميه قليله جدا .. نوع المكرونه مش حلو ومعجنه في بعضها فيه مطاعم تانيه بتقدم نفس الطلب الجوده والكميه افضل بكتييير
1591,الفراخ مش حلوة
1592,overpriced
1593,"Very Very Bad Pasta, shrimp not made well and little white saouce. Very bad experience and no good taste at all!!"
1594,Its the worst pasta ever the pasta i do at home is way more better the quantity of the shrimps or chicken is 0.5/10 and the taste is 1/10 and the delivery timing is horrible very very late not recommended at all plus i order a kids meal it came with ...
1595,الاوردر لسه ماوصلش اصلا
1596,كمية الجمبري او الدجاج داخل الوجبات قليلة جدا استحالة ان يكون هكذا تباع الوجبات خارج العرض
1597,"Not value for money, a little amount of pasta and shrimp"
1598,اااوردر كان مكرونه وايت صوص بالفراخ ، مكنش فيه فالاوردر بتاعي غير ٣ حتت فراخ صغيره
1599,i ordered large shrimp pasta and kept waiting for the order for +2 hours and then received the plate with only 6 small shrimps and the rest was a bowl of average taste pasta not even creamy enough .. so disappointed. not worth it
1600,Order delayed for more than one hour I ordered fettuccine pasta but I got spaghetti for both dishes.
1601,كل شي رائع عدا انني لم اجد ماشروم في الساندوتش، مع ذلك شهي وساخن.
1602,I didn't receive the order It's not okay to receive an order after 2+ hrs It's not okay for cs to lie abt the delivery
1603,٧ جمبريات فى الطلب و الباقى مكرونة يعنى المفروض اطلب إضافات ب ٤٠ج علشان يبقى طبق كويس
1604,order was 2 hours late
1605,Very little toping. Wrong pasta type
1606,food was fine .. good value for money but the delivery was almost 1 hour 45 min. and of course the same excuse with all late restaurants; the delivery man had an accident.
1607,Stomach pain
1608,I ordered diet Pepsi and they delivered original ones
1609,مش فاهم مطعم مكرونة ومش عارف يطلع مكرونة مستوية ازاي الاوردر جايلي غلط والطعم مقزز
1610,و الاكل كان بارد جدا
1611,Small meal not as i can see in the picture
1612,it was good i got the curry calamari but they didn’t give any utensils or anything ?? i just moved in to this place and had nothing with me so i had to use my hands 😒
1613,اتاخر وقاعد يلف نص ساعة
1614,a great experience
1615,أسوأ مكرونة فرن وأسوأ سجق كلتهم في حياتي !!!.. والبطاطس نية وطعمها كله زيت!!
1616,المكرونة طلع منها حشرة ايه القرف ده يعني المطبخ عندهم شكله عامل ازاي انا عايزه فلوسي لو سمحتم
1617,الاكل كله تمام ماعدا مكرونه داود باشا
1618,poor quality and very small portion tagroba zeft
1619,الاكل كويس بس كميه الفراخ والجمبري صغيره جدا
1620,Bad food quality!! did not meet my expectations!
1621,"The delivery took too long, but it was delicious"
1622,الكميه قليله جداً جداً على السعر
1623,الطلب جه على مرتين
1624,مح
1625,very small amount of shrimps and chicken
1626,الوقت بيخلي الاكل يبرد وكميات غير المتوقع
1627,الدليفري معهوش فكة خالص و الحاجة الساقعة طالبها سفن و ميرندا جايلي الاتنين بيبسي .. اخر مرة اجيب من عندكوا
1628,الاكل حلو بس الجمبري قليل يس المشكله ان بطني وجعتني
1629,المكرونة بالكبدة سيئة جدا جدا جدا لكن المكرونة الوايت صوص تحفة فراخ وجمبرى جميلة اوى
1630,الفراخ كانت محروقة فى الزيت، بصراحة من أسوأ التجارب مع pastaweesy
1631,الاكل ممتاز بس الأسعار غاليه علي الطلب
1632,"the portions of chicken or even the picture while ordering not even close to what I got, the worst order ever"
1633,Bad wet fries
1634,الاكل حادق !!
1635,ممتاز من كل النواحي ساخن طعم رائع سرعه توصيل نظافه وتغليف ممتاز الكميه جيده
1636,مكرونه جمبري حلوه . مكرونه فراخ حادقه وسيئه
1637,😒
1638,الاوردر متاكل نصه
1639,التجديد العملوه حلو بس البطاطس معجبتنيش كميه اقل من الاول وشاربه زيت ومكسره وصوص الجبنه الأول كان أحلى
1640,late for 2 hrs
1641,العرض بالأسعار المكتوبة للحجم الكبير... إللي جالي أحجام صغير وكمان طلبت مكرونة فوتوتشيني جاتلي إسباجيتي
1642,The order has been received so late than expected
1643,الاكل موصلش زي ما طلبت و في طبق وصل مفتوع و اتبهدل في الطريق
1644,Just the fries was not good
1645,كالعادة حلو بس الاسعار مبالغ فيها شوية
1646,جالي نوع مكرونة و مشروب غير اللي طلبتهم .. و السعر كتير على الكمية
1647,السجق المره دي مكنش طمعه حلو زي كل مره .
1648,طالب مكرونة فرن جت عادية
1649,it's not served in reheating pans
1650,Very Late delivery but food was good
1651,السعر مبالغ فيه ولكن الاكل طعمه جيد
1652,Forget briging 7diet and they bring pepsi instead
1653,Gth j
1654,very bad experience
1655,زبالة
1656,Overpriced
1657,was too spicy
1658,المكرونا كميتها على قد السعر بعد الخصم تقريبا هو ده سعرها اصلا وجالي عينات بيبسي ازايز ٢٥٠ مل مع انهم مش قايلين دخه عشان يوفرو ٢ جنيه
1659,I mentioned no red sauce and it was with red sauce
1660,الاكل بايت وسئ جدا أول مره اشوف مكرونه بالسوء دا من بسطاويسي
1661,l gambri 7lewa . l w mtlbtsh spaghetty w gatlii w msh 7lewa
1662,أكثر من ساعتين ولم يصل الطلب .. حاجه مستفزه الصراحه
1663,خدمة سيئة جدا ... لا انصح به ..اهدار للفلوس والوقت
1664,الاكل كان لطيف بس مالح شويه
1665,"worst ordering experience, the order never arrived and I'll never order from this restaurant again."
1666,مكرونة بالجمبري من غير جمبري اسوء مكرونة اكلتها و ساندوتشات جمبري وحشه جدًا
1667,المكرونة الفرن غير مستوية
1668,سئ جدا وغالي جدا
1669,كمية كبيرة . ولكن مش tasty
1670,حلو و جميل
1671,Wrong type of pasta
1672,كمية الفراخ و الجمبرى قليلة جدا على المكرونة
1673,الاوردر جه ناقص بطاطس وكلمت المانيوز محدش رد عليه للأسف خدمة العملاء بقيت سيئة جدا
1674,missing my meal and delivered after two hours from main order and support refused to even compensate me
1675,i ordered spicy dishes but they are not and tastes bad.
1676,الجمبري قليل جدا ف المكرونه و المفروض واخده وش متزارلا و مش حاصل محطوط عليها بس كدا و اصلا الطبق مقلوب وشكله بايظ و دي تاني مره اطلب فيها منه و يطلع وحش جدا برودا
1677,Too salty Fried chicken is not crispy And i ordered 2 7up diet and received 2 pepsi I’ll not try it again
1678,كميه قليلة مقابل لسعر الطبق.. و بدون اهتمام للاسف
1679,Unexpected white sauce taste in addition to penne instead of fettuccine that i previously ordered
1680,الاكل غالي جدا مقارنة بالكمية ده غير ان الطعم سئ
1681,وانتم نايس
1682,h
1683,didn't. get pepsi diet as I orderd
1684,لقيت سلكة مواعين فى الاوردر !!!!!! ازى يعنى مش فاهم لو مكونتش خدت بالى وكلتها كان اية الى هيحصل
1685,the sauce was not sufficient
1686,كميه قليله على السعر
1687,اول مرتين اطلب الباستا كان حلو جدا بس بعد كدا بالعافية في طعم كاري
1688,L order gy 8alt
1689,tasted neither bad nor good.
1690,no chicken in pasta
1691,البطاطس جات نيه
1692,I added extras mushrooms but they didn’t put and the chicken was very dry and not enough
1693,Zeft w akl ghalat w mo3amla te2ref.. Mn saye2 l aswa2
1694,الاكل اتاخر جدا ووصل بارد... ومصغرين الحجم جدا عن قبل كدا... فرع المقطم سيء جدا
1695,الاكل اتاخر جدا ووصل بارد... وكمان مصغرين الحجم جدا عن قبل كدا... تجربة سيئة زلا تستحق الفلوس ومستواهم في هبوط بالذات فرع المقطم سيء جدا
1696,كل مرة الاكل يطلع اوحش من المرة اللي قبلها مرة المكرونة نية ومرة الكبدة محروقة والسبايسي ملوش طعم والتوابل كتيرة
1697,اسوء شيء دوقته فى حياتي.
1698,الطلب كان ناقص بيبسي و الاكل كان وحش جدا
1699,تم الغاء الاوردر لتأخره اكتر من ساعتين
1700,بس في ملحوظة المشروبات كلها مش هي الي طلبتها كلها غلط
1701,Late- …….wrong order-………..bad quality…………………….
1702,جايب شوكة واحدة لوجبتين يا معفن
1703,The food was not delivered at all even after two hours of the order placement.
1704,الاكل سئ للغايه
1705,delicious
1706,الاكل سئ جدا ، كميه قليليه جدا جدا جدا العلبه دي فيها اربع جمبريات صغيرين بالعدد و غاليه جدا الديلفري جالي بعد ساعتين اسؤ سعر مقابل الكميه
1707,الاوردر سئ مفيش اي صوص و الجمبري قليل جداااا و جه متاخر و بارد صراحه اول و اخر مره اجرب المكان ده
1708,Delivery time
1709,هو إيه مشكلتكم مع منطقة البنفسج؟ قافلين عليهم ليه؟
1710,انا كنت طالب الاوردر سبايسى موصلش سبايسى برجاء الأهتمام لو سمحت لكن الباقى كله تمام
1711,الاكل مش مطبوخ كويس
1712,Soo good
1713,كان ف سلكه مواعين بطبق داوود باشا
1714,Expensive & small portions
1715,كواليتي محترمة بس يارب يفضل علي كده
1716,increase shrimps
1717,الاكل قليل
1718,Very good meal tried for the first time
1719,The Quality and the service is more than perfect 💖 really thank you so much
1720,⭐️⭐️⭐️⭐️
1721,worst service ever
1722,more tha three hours to receive an order
1723,The chicken are so dry.
1724,Its not as good as it was before. Not rich in sauce and taste.
1725,اكل وصل سخن و كان جميل
1726,الاوردر لتاني مرة فيه item ناقصه
1727,وحش جدااا بارد و الفراخ زفره و كميه قليله اوي و سعر غالي اوفر حاجه مقرفه
1728,Value vs money small pieces of shrimps 😒
1729,كميه قليله مقابل سعر مرتفع وطلب خاطئ في المشروبات بيبعت بيبسي جيب ب ٣ جنيه بدل من اللي انت بتطلبه
1730,"A bit pricey for the food quality. Need to adjust prices again. But overall, not a bad choice."
1731,طلبت صوص honey mustard جالى sweet chilli طاب بطاطس جالى حاجه لونها غامق معجنه طلبت اوريو بايتس جالى صوص الكراميل مدلوق طلبت مكرونه جاتلى مفتوحه. حاجه اخر قرف.!!
1732,الاكل بارد ومعجن والفراخ زفره ...تجربة لن تتكرر
1733,الكميه قليه جدا جدا
1734,cold food as well as poor display
1735,pasta was over cooked
1736,هايل جدا
1737,الطعم كان شايط
1738,Just Little penne plate
1739,سئ جدا الاوردر وصل متأخر جدداا والباستا وحشه بجد والدلفري قليل الزوق عشان مرضتش اديله تبس
1740,fghvvv
1741,very poor ingredients
1742,المكرونه والكفته كميه صغيره جداً. الاومليت ملح زياده جداً جداً جداً جداً.
1743,كان فيه غلط فى الاوردر ( بيبسى بدلا من ميرندا تفاح - تشيكن راب بدلا من هوت دوج راب )
1744,"Food and everything was exceptional, but please tell your drivers to not smoke while waiting for the customer to receive the delivery. my delivery was smoking when I picked it up from the ground floor."
1745,The sandwich tastes horrible and the fries is so oily
1746,Size👎🏻
1747,very small quantity
1748,The worst pasta with white sauce i’ve eaten in my life.
1749,البوريو مش زي الأول
1750,bad taste ..few susage and unmixed sauce with pasta
1751,كمية الفراخ قليلة جداً
1752,الفرايز قليله جدا
1753,I ordered tea with the sandwich and I received pepsi instead
1754,الاكل سئ جدا و السعر غالي و الكمية قليلة
1755,the order was missing the milkshake strawberry juice
1756,اسعار اوفر ، بيتأخر، والاكل بييجي وحش جدا وبارد والاوردر نفسه متغير
1757,الطعم كان حلو لكن جالي تسمم
1758,"Well taste does not belong to the pics, low quantity and not very tasty."
1759,سئ والدجاج الكريسبي سئ ولا يمثل للكريسبي بشئ وكميه الاوردر لا تناسب السعر تجربة سيئه ولن تتكرر
1760,زي الزفت قرف يترمي في الزباله فقط
1761,"I tried it before was good and well cooked. But last time was very messy and like just put the all things in the plate. No taste, no look, no anything. I won't order it again"
1762,د
1763,حسبي الله و نعم الوكيل فيكم الاكل زي الزفت حادق و المكرونه نيه و لحمه البلونيز حادقه جدا حاطين عليها خل و ليمون علشان تداروا انها بايظه و بطننا وجعتنا بعد الاكل ب خمس دقايق و عايزين نرجع منكوا لله و كنا جعانين جدا و اطفال و مضطرين ناكل الاكل غالي مش ...
1764,المحل رفض يسلم المندوب الاوردر.
1765,الجمبري مش بيتحط في toaster خلص الكلام
1766,تحفه كالعاده
1767,مفروض مكرونة بالجمبري بس الجمبري لقليل جداً و الصوص مكنتش مظبوط خالص
1768,"I ordered spaghetti n received penne, apple juice n received chocolate milk"
1769,الاكل ما كانش نضيف
1770,طعمها وحش جدا المكرونة مش مستوية ويعتبر مفيش عليها صوص اخر مرة ان شاء الله هجيب منكم شكرا
1771,baddddddddd
1772,Got food poisoning
1773,Shrimp curry and kids meal was bad Sauce wasnt enough and macaroni seems to be not freshly prepared
1774,الصوص الأبيض مكلكع والمكرونه نيه ودي اول مره يكون بالطريقه دي ارجو عدم تدني مستوي جودة الطعام
1775,the food was warm and nicely packaged the size of the pasta was good
1776,الطيار هايل . الأكل متوسط المستوي ومابقاش زي زمان
1777,The shrimp portions was too low for a big bowl of pasta !
1778,كمية الدجاج قليلة جدًا
1779,Taste was awful I’ll never order thus shit again
1780,portions
1781,Horrible
1782,الاوردر وصل ناقص ... الدليفرى مفروض يجيب باقي الاوردر ومجاش
1783,سئ جدا جدا
1784,Very good
1785,الاوردر اتاخر جدا الاكل جيه بارد الطيار استلم الاوردر من المطعم و بقى بيلف بيه في الشارع يوصل اوردرات تانية و يقولي اصل سيستم !!!! الاكل بقى نفسه يقرف
1786,I found hair in food
1787,المستوى والجودة بقت سيئة جدا
1788,الاكل جاي من غير شوك هل هاكل بايدي مثلا
1789,المكرونه معجنه
1790,I got sickness and my son because of food
1791,U need to come back to you know taste and quality
1792,الاوردر وصل قبل معاده وطعمه حلو جدا وسخن ولكن كنت طالبه بطاطس مع الاوردر موصلتش
1793,سلوك الرجل كان سئ جدا وقليل الزوق
1794,the red and green sauce didn't taste good and I didn't like the sauce on the buffalo crispy chicken or the curry sauce..the only thing I like in this restaurant is the white sauce cheese pasta with chicken or pastrami
1795,نتمنى تخفيض الاسعار فقط
1796,low quality food
1797,العصير طلبنا تلات انواع جالنا التلاته نوع واحد
1798,Not v delicious
1799,red sauce wasn't good and chicken portion was too little
1800,الكميات قليله جدا مع ان الاسعار غاليه عن باقي المطاعم حتي الساندوتشات صغيره جدا مانصحش حد يجيب منهم نهائي
1801,i ordered 1 grilled chicken pasta and 1 crispy chicken pasta but i got 2 crispy chicken the chicken was stale and hard to eat and the pasta was flavorless
1802,He talked to my mother in a bad way
1803,the most horrible experience ever . the restaurant withdraw the order money from my credit card and didn't receive my order .. also number of the delivery man was off and couldn't contact anyone at all . i am deleting the whole application after this
1804,"After almost 3 hoursb, the order wasnt received and the restaurant claimed 2 times that the order is out for delivery but they lied!"
1805,الكميه قليله جدا جدا جدا حرام فيها الفلوس
1806,مطعم خره، الأوردر بييجي ناقص ومتغير عن المطلوب، مطعم زفت واكله زفت زيه
1807,مش حلو
1808,السعر مختلف عن التطبيق
1809,موصلش اصلا
1810,الكمية قليلة جدا والسعر عالي اوي
1811,الاكل وحش اوي طلبنا وجبة حكايات بنات الاكل طعمه حامض و كمية الجمبري كانت قليله جدا حجم الوجبه قليل اوي بالنسبة لسعرها منصحش اي حد بيه الاكل بشعععع و اترمي كله في الزباله المفروض احط راتنج اقل من 1 بس مينفعش
1812,وحش جدا..تقريبا مفيش صوص عالمكرونة و الجبنة قليله جدا و طلبتهم سبايسي بسعر زيادة..جاتلي عادية
1813,اكل زفت وكمية قليلة جداً بالنسبة للمبلغ وبجد اسوء مطعم كلت منه
1814,طلبت وايت صوص جالى بالصوص الاصفر
1815,Amazing food ❤️
1816,طلبت اوردر الوايت سوس اسبايسي وجالي عادي وخصم فلوس الاسبيسي
1817,زفت مطعم وازفت منه تطبيق
1818,chicken is very little
1819,مفيش سجق خالص قطع صغيره لا تذكر بثمن مقابل
1820,الوجبة كانت أصغر من الطلبات السابقة ومختلف عن الوجبة داخل المطعم والطعم سئ جدا جدا
1821,اول واخر مره ! 👎
1822,الطعم ع حسب مزاج الشيف النهارده
1823,مجاليش الطلب اصلا بعد ما انتظرت ساعه
1824,كان طعمهم غريب و طعم الزيت اللي معمول بيه الكرسبي باين
1825,High price to its size
1826,الاكل ناشف نشفااااان مش طبيعي، فين الصوص ياخوننا ليه البخل ده، ده انا دافع حوالي 300 جنية
1827,to7faaa
1828,Bad service..... Bad service..... Bad service.....
1829,They don’t even have pesto sauce and they call it green pasta which actually tastes like shit
1830,الفراخ المقلية كانت باردة وزفرة ومجلدة مقرفة جدا
1831,اسوء مكرونه اكلتها في حياتي ، وحشه جدا جدا
1832,Test of food and mushroom was bad
1833,drinks is not what i asked food is too salty
1834,Wrong orde
1835,جمبررري جي نيي
1836,it was so bad
1837,"Food is not as good as other branches, the package plate is not full by any means although the prices relatively are definitely not cheap.. even the drinks are coming in the cheapest form possible, plastic bottles which cost 3 pounds (I have no idea ..."
1838,"it's not my first time to order from this restaurant, so I am used and I love their pasta. but this time it tastes weird and my stomach hurts after i ate it also the sauce wasn't made in the right way"
1839,كذا مره اطلب الاكل سبايسي وادفع تمنه والاوردو يجي مش سبايسي والله مش اول مره مش عارف اي السبب بصراحه حركه بايخه
1840,وجدنا ذبابه مطبوخه مع المكرونه بالصلصه الحمرا
1841,هو مش وحش. بس بالنسبالي التوابل و ملح الاكل كتير اوي. خصوصا انه كان white sauce. 🤔
1842,Delicious but a little bit salty
1843,الجمبري اللي بيتحط والفراخ بيكونو قليلين جدا للاسف
1844,الاكل حمضان كله تراب بيقرقش. وكفتة داوود سيىة جدا تسوء من كفتة الشارع. ومدير الفرع كلمني لما اشتكيت قالي هبعت حد ياخدها مبعتش ولا اهتم يتصل يعتزر أن محدش هيجي. اول واخر مرة هتعامل معاكم.
1845,اكل غريب جدا مفيش جمبري اصلا و حاطين حاجات غريبه و ني و الصوص شوربة و تأخير ساعة ونص
1846,0
1847,very bad taste and below my expectations الفراخ زفرة و كان فيه شعرة صغيرة في الاكل و البشاميل طعمه اقل من العادي و الموتزاريلا فيه اجزاء مش مستوية ، للأسف كان جميل جداا زمان مش عارف ايه اللي حصل ، كل يفتح يبقي خطير يقدم يبقي مستواه في الارض
1848,where is the shrimp
1849,ممتاز.
1850,A bit too expensive
1851,I’ve not received my order yet
1852,كان عباره عن دهن حله المره دي!!!
1853,الاكل وصل بارد و كنت طالبه حار كان نصه حار و نصه لأ و كان اللي حط الفلفل ماكلفش خاطره يوزعه في الطبق كله اخر مرة اطلب باستا منكم
1854,very bad taste
1855,الصوص الابيض قليل جدااا وطلبته قبل كده كان افضل بكتير يعتبر المكرونه مسلوقه بالبسطرمه والسجق مفيس صوص خالص والطعم وحش اوي
1856,water was open and filled from the tap
1857,الكميه بتاعه كفته داوود باشا قليله والمكرونة والكفته مستواهم متواضع جدا
1858,Never get my food!!!!! And never replied
1859,الاوردر مجاش اصلا
1860,محترم
1861,ناقص بيبسي البطاطس كانت وحشة
1862,الاوردر بدون شوكة أو ملعقة الفراخ كانت قليلية مقارناً بالمكرونة
1863,الاوردر وصل بسرعه وده حاجه كويسه لكن الاوردر نفسه مختلف عن الصور والجوده اقل من المتوسط
1864,طلبت تزويد للسجق وجالي قليل جدا وطلبت صوص حار مكنش فيه اي طعم للحار
1865,الطلب جه ناقص
1866,Very bad taste Very very late The order takes 2 hours
1867,I pressed a different size combo meal and it was ordered the same meal but different size and not combo .. the food was good but a diff order made
1868,المكرونة بالسجق كانت جميلة جدا ووصلت سخنة و في وقت قصير(فرع الرحاب)
1869,الأكل بارد و البطاطس لو قولتلك انها ١٥ بطاطسيه هتصدق حاجه في منتها القرف
1870,طلبت سبايسي وجه عادي طلبت زياده صلصه حمرا ومحسوبه في الفلوس وما اتحطتش
1871,no Sault in 2 pasta i ordered
1872,i asked for extra chicken but the order with it wasn't marked and the extra chicken wasn't added as there was no difference between both plates !!
1873,اوحش مكرونة كلتها في حياتي.. إسم الاكل حلو والطعم قرف و الفراخ مجلدة وحاجة تقرف..
1874,المكرونه السجق كانت وحشه و السجق مش مستوي
1875,المكرونه بالسجق و البسطرمه هايله و خطيره المكرونه بالفراخ مش حلوه كميه الفراخ قليله حدا جدا و تكاد لا تذكر البطاطس سيئه جدا و كميتها قليله
1876,مش المتوقع
1877,Delivery came very early
1878,Very very late delivery.. no receipt with the order .. the packaging was awful.. it has no spoon or fork .. and it wasn’t hot or even warm An awful experience and not worth it at all
1879,الاكل جاى بارد اوى و متأخر اول مرة اكون مضايق اوى كده 😔
1880,Excellent service 👌🏼
1881,طلبت من غير فلفل و جيه بفلفل
1882,Disappointed.... received Penne Pasta instead of my Spaghetti order at breakfast time. Was too late to change..
1883,The pasta tasted so bad and there were barely any chicken pieces as well as shrimp
1884,الاكل كان سيئ جداااااااا و محروق و شكله اصلا وحش و الطعم اوحش مكملناش اكل اصلا
1885,Chicken pasta was not good and the fries was cold and tastless👎
1886,The Food is SOOOOOOO GOOD
1887,الاكل معمول بغير إتقان والبشاميل ملحه زايد جدا
1888,hhkgoy TT in
1889,الدليفري منتهى الاحترام والأدب
1890,السعر غالي علي الطبق .. إما تقلل الفراخ و ترخص السعر و إما تزود مكرونة بحيث يكفي فردين
1891,I was food poisoned on the same day
1892,"The (Red Sauce) which was on the ""Dawood Basha"" Pasta:- Somewhat {Salty}."
1893,Horrible experience
1894,"received wrong order around 5 pm. and even after contacting support, the restaurant didn't call back until 6pm to promise to have it replaced. after that nothing happened , nobody came to replace it and I had to settle for a cold meal."
1895,طلبت اربع ازايز مياه واحدة جت ناقصة و مفتوحة
1896,"Cheese fries with minced meat (came without any meat, just cheese)."
1897,order was not delivered
1898,i asked for onions in the curry sauce pasta but the comment was ignored
1899,Delivery in 2 hours.. everything else is ok
1900,order made at 5:07 delivered at 6:45 .. just take care of timing .. taste is good 👍 packing is good 👍 recommend to order if they fixed the delivery time
1901,جميله ..لكن الصوص قليل جدا
1902,ال dessert كان تحفة
1903,الاكل سى جدا جدا و مش زى اللي في الصور اللي في العرض خالص
1904,معامله سيئه وتأخير في الاوردر مفيش احترام للعميل خالص اخر مره اطلب من عندكم
1905,الاكل كان وحش جدا
1906,الاكل وصل متأخر عن الفطار بنصف ساعة بالرغم أن عملت الاوردر قبل الفطار بساعتين طبعا لغيت الاوردر ، تجربة سيئة جدا بالإضافة أنه فيما يخص الجودة لاينصح به وفقا للتعليقات الاخري
1907,اكل بايت، بطاطس قليلة جدا ، الجبنة طعمها غريب، سئ سئ
1908,سعر المكرونة غالي جدا علي الكquality الوحشة بتاعة الاكل. اقل صلصة شوفتها في حياتي
1909,والله اوحش اكل ممكن تاكله في حياتك اكل والله القط مرضيش ياكله وغالي علي الكميات الي جت المكرونه بالفراخ كان عليها صوص مقرف والله مجرد ما فتحنا الغطاء كانت الريحه بشعه ومش ها اوصف الطعم واللله فضلنا نشرب بيبسي يفور القرف ده
1910,هو بس المشكله ان الاكل كان جاى كله متبهدل
1911,مطعم جميل ومدير محترم
1912,الاكل سئ جدا وبارد والطعم سئ للغايه
1913,اوحش اكل ممكن تاكله
1914,great
1915,So expensive
1916,الاكل مكانش فريش وكل اللي أكلوا منه تعبوا جدا وواضح انه كان فاسد او مش نضيف .. تحربة سيئة جدا
1917,The pasta was not fresh Smelled as if rotten Delivery took about 2 hrs
1918,الأكل جالى مدلوق ومتأخر
1919,كانت وحشه جدااا وجالى اصلا طلب خطأ واتاخر ومبدلوش الطلب
1920,the food was very bad .. overcooked and burnt taste in every bite .. not like the day before .. whoever cooked this food must not cook again
1921,الاكل ماجاش اصلا وده قلة تقدير من المطعم
1922,وقت التوصيل و الصوص قليل جداً و المكرونة زي متكون نية و اول مرة الاوردر يجي بالمنظر دة
1923,فين الاوردر ؟
1924,Everything went well thank u! its just that i contacted CS via chat on app&asked to add pepsi to my order! they told me that they did but i didn't receive it&the delivery guy said it didn't show up to him either so make sure this doesn't happen again
1925,The order was late for 2 hours and the restaurant called at the end wanting to deliver it as if nothing happened and I refused to receive to receive it and their excuse was that there were no bikers available !!!!
1926,طلبت الغيه لاني طالبه غلط و محدش قدر يساعدني ، حرفيا خدمه ملهاش لزمه
1927,it was horrible there is no sauce at all and the pasta was overcooked
1928,order is too late and didn't delivered for me due to late
1929,Worst experience ever
1930,باستا فراخ اكتر من رائعة و دليفرى محترم و سريع و اسلوبه كويس جدا و الاكل تحفة شكرا بجد ♥️♥️♥️
1931,ادعاء بعدم وجود عنوان بالطلب و اجرائه اكتر من مكالمه للتوصيل
1932,"a very bad experience, very bad quality"
1933,IT DIDN’T ARRIVE!!!!
1934,expensive with small portions
1935,Quality was on of the worst times
1936,"Didn't put no fork, no tissues poor quality of food"
1937,طعم سئ والاكل بارد جدا
1938,Missing extras
1939,ناقص واحد بطاطس
1940,"Runner was very rude, he called me to get down to receive my order, I went to him to found him talking in the mobile for more than two min then someone asked him for address he started to explain it to him and when I asked about my order he said ثاني..."
1941,Delivery has been lated for 2 houres
1942,Too cold
1943,الاكل جميل ومظبوط بس ياريت تظبطو السعر شويه
1944,اسواء مكرونة سجق و الموتزريلا نوع سئ جدا مياه بيضة مش جبنه سيحة
1945,"They are definitely getting much worse.. pasta is different and jalapeno was put out of the pasta a side in small cup ! add up to that, like 3 little pieces of chicken in like one third of the plate..."
1946,Chicken pasta was so salty
1947,ordered shrimp pasta red sauce. the pasta was good and the sauce too it had a little amount of shrimp wasn't as I expected but it was good any way.
1948,wrong soda
1949,Food is nice but ordered and paid for a large one and got a regular instead
1950,الكميه قليل وطالباه سبيسى قطع الفلفل الحار قليله جداً ( الاكل غير مخدوم )
1951,كمية الجميري قليله في المكرونا البطاطس مش احسن حاجه مفيش ولا باكيت كاتشب مع الاوردر وطالب كانز بيبسي جاتلي ميرندا تقريبا بيوفر ال ٢٠ جنيه بتاعت البرومو باين المميزات ان الاكل جيه سخن والمكرونه طعمها حلو
1952,الاكل مختلف خالص عن المطعم و قليل ع الثمن
1953,الاكل جه بارد و كمية الفراخ قليلة جدا اقل من بتاعت محلات الكشري فرع المعادي اللي في شارع النصر سيئ جدا جدا جدا
1954,حضرتك الاكل وصل واقع داخل العلبه دي خدمه سيئة في ابليكشن اخري بترسل مندوبين بروفيشنال انا كده مش هتعامل تاني مع الابليكشن بالطريقه دي
1955,كميات السجق رديئة جدا و الهوت دوج كأنه كاوتش و بواقي من قعر حلة. المكرونة كانت كويسة.
1956,غااااالي جدا مقابل السعر .. المكرونة محطوط عليها موزيريلا محروقة البطاطس مش احسن حاجة
1957,"The grilled chicken salad was great, albeit a bit overpriced. Good, clean packaging and fast delivery. Recommend if you can swallow the price."
1958,البطاطس مجتش
1959,سئ جدااااااا
1960,الجمبري كان قليل بالنسبة للمكرونه
1961,مفيش نضافه ولا تعقيم بيطلعو السندوتشات مش ملفوفه ب ورق من المطبخ علي الترابيزه بره بيغلفوها بره المطبخ علي الكاشير مكان ما كل الناس بتحط ايديها
1962,الاكل وحش جداا و حمضان
1963,very bad shrimp and how is it fried ?!
1964,small portion comparing to the price ..
1965,nice
1966,طعم مش لطيف
1967,high price
1968,الفراخ طانت قليلة الي حدا ما
1969,يعنى ينفع اوردر لفردين يبعت معاه شوكه واحدة ؟؟؟؟؟؟؟ 😡
1970,High prices
1971,the meat of the meatballs is of a very low quality! it's should improve be wise the dish isn't cheap thnx
1972,لا يوجد كاتشب وكان الأوردر من غير شنطه
1973,bad food and very late delivery
1974,حشو قليل جدااااااا
1975,أ عتقد أنه لم يتم وضع الإضافة المطلوبة وتم إحتساب تكلفتها
1976,وحش جدا...........................................................
1977,Ty
1978,❤❤❤❤❤
1979,سيئ في كل شئ
1980,Good quality is not good
1981,الاكل عادي جدا
1982,"I ordered Shrimp meal but guess what, the meal had no single shrimp. Miracles."
1983,Shrimp Pasta is amazing and excellent Pasta was delivered so fast and so hot Price is very good
1984,كله كويس ما عدا المكرونه الفرن للاسف كانت سيئه
1985,الاوردر كان حلو اوي بس الكمية قليلة حبتين
1986,اللوردر ناقص ٢ بيبسي من أصل ٤ برجاء الاهتمام
1987,الاكل حلو جدا شكرا
1988,المكرونة كميتها قليلة و الصوص فيها قليل جدا جدا جدا جدا .. البطاطس مش مستوية .. الطلب سئ جدا جدا
1989,الاكل أستغفر الله العظيم يا رب اكل قليل سعر عالي اقل من المتوقع لا انصح بشرائه
1990,Pasta was cold and sauce was milky and awful. Delivery was late. Fries were actually cold and wet! If your runner is late picking up the order you should have the decency to keep the food hot until he arrives. The food was not edible. Catastrophic e...
1991,الاكل جه بارد والمكرونة فرن وحشة جدا
1992,الاكل وصل بارد جدا والأكل معجن
1993,التوصيل اتأخر جدا
1994,الفراخ امشويه حدقة اوووووووي و البطاطس مجلدة
1995,The sogo2 was too little
1996,I ordered susage pasta white sauce there was so small number of sausage and the rest of the meal was pasta only 🐸
1997,الاكل وصل باااارد جدا
1998,انا عايز اعمل شكوي الاكل لم يصل بعد مرور اكتر من ساعتين و مافيش اي حد بيعمل اي حاجة خدمة سيئة و تعامل اسوأ و لا يوجد احترام
1999,Slow delivery but tasteful and worth trying
2000,i ordered pasta and a coca can .. I received only the pasta although i paid for it tgrough my card .. it is not even mentioned in the receipt .. i want the rest of the money back please
2001,I didn’t receive the order!!!!
2002,الاكل جيه من غير 1 لتر بيبسي و الباستا الجمبري كانت مدلوقة و الدليفيري كان اسلوبة رخم جدا و انا بكلمة و مشي و سابني و انا بتكلم
2003,مبتقبلوش تغيير ف الاوردر حتى بعد 5 دق من الطلب.. ومفيش صدق وتقولوا الاوردر كان خرج ودي الحجة لكن هو خرج بعد ساعة الاربع.. تجربة لن تكرر.. شكرا
2004,سجق وبسطرمة الوايت صوص معجن وتقيل والاكل كان بارد
2005,الاكل بارد جدااا مع ان الاكل بالمحل بيكون رائع
2006,وا
2007,دايما توصيل متاخر
2008,I need someone to call me now
2009,التغليف سيئ .والطعم غير جيد
2010,Few small chicken pieces
2011,"I expected the oven pasta with sogo2 to be with it only, without adding pastrami as i received"
2012,انتو حاطين ٢٠ بطاطساية بالعدد !! ولا دة علي حساب ال packing الجديد دة الغير لما طلبت و لما الاوردر جالي لقيت ال deleviery fees متغيرة ياريت حد يتواصل معايا
2013,تسلم اديكوو بس الأكل غالي
2014,الاوردر وصل متأخر بعد ساعة و ربع من الطلب.. وجبة الباستا بالفراخ كان عليها ملح كتييير جدا و كان صعب اني اكله لكن جودة الاطباق التانيه كانت هايله البطاطس مش احسن حاجه بس اتمنى تكون افضل
2015,طلبت مرتين من عندكو الصراحه وحلو جدا وان شالله ميكونش اخر تعامل ويكون الاوردر كل مره احسن من التانيه
2016,الاوردر في غاية الروعه وسرعة التوصيل
2017,يعني لو انتو حترفضو الاوردر من المنيوز ومن اطلب ومن كل حاجة اونلاين تقريبا افهم موجودين ليه اصلا في قائمة المطاعم؟!؟!
2018,السجق قليل جدااا ومتقطع رقيق جدا جدا جدا جدا بس الاكل تحفة بصراحة
2019,"The quantity of the ""Dawood Basha"" Meatballs is Little & the Food Prices are Expensive."
2020,"small amount of chicken, needs to be reconsidered"
2021,I didn’t receive the right order
2022,جيد جدا
2023,the tast isn't that good
2024,Driver was not wearing mask
2025,my bill is bigger than the actual bill
2026,i ordered a pasta and it was too salty i couldn't finish eating it😑
2027,i loved the food. delivery is so fast and the food was so warm and delicious. the whole experience was perfect. Thank you😊
2028,I need to know why the receipt is coming with 78.50 and I paid 115 ?!
2029,نصب
2030,انا كاتب note محدش اخد باله منها خالص و الاوردر جالي فيه فلفل
2031,الاكل وحش جدا والطعم مفيهوش طعم ومفيش فراخ اساسا ف الباستا وانا طالبها كبيره معرفش هو دا الكبير يتاعكم ولا اي بس انا شايف انه صغير جدا الاوردر سي جدا ومعجبنيش ومش هجربه تاني
2032,Alakl ndeef gedan w elta3m 7lew men a7san elmata3em
2033,Semt a sandwich instead of fries.
2034,الطعم زبالة
2035,ناقص بيبسي!
2036,التجربة كويسة بس للأسف الاوردر اخد حوالي ساعة ونص عشان يوصلي
2037,ال دليفري كان شخص محترم جدا
2038,الاوردر أتأخر
2039,"missing drink, and cleanliness wasn't as expected. ot had a plastic and hair in the food :( الاوردر جالي ناقص بيبسي، والأكل كان فيه شعر، وحاجة بلاستيك. :("
2040,"Needs more grilled chicken, borio also needs more caramel sauce."
2041,over priced
2042,حلو اوي
2043,the check was 125 LE and he asked for 135 LE
2044,Wonderful
2045,I didn't get the order
2046,Too much spices specially in omlette. Overall good but it will be perfect if the spices are less.
2047,كنت طالب المكرونة بالفراخ سبايسي مجاتش فين ال ٣ جنيه بتووعي 🤣🤣🤣
2048,The drink item is missing
2049,"Amazing food and value of money, please open more restaurants in Alexandria & cairo ❤️❤️❤️"
2050,received wrong order
2051,انا كنت عامله اضافات ع طلب من الطلبات انا احسن اني مكنتش طلبت اصلا بجد ان وصلي الطلب العادي ومش عليه الاضافات اللي انا مختارها وبجد سئ جدا
2052,طعم المتزريلا كان متغير و فيه حاجه غلط
2053,التوفير باين اوووووى فى المشروب وكل تفاصيل الوجبة علبة كبيرة وعلية صغيرة كمية الفراخ تاكد تكون قطعة فراخ ماحصلش ورك فرحة على الوجبتين باين عليها اقتصادية انصح بعدم التعامل مع المطعم لعمله عرض غير حقيقى
2054,one order came right the other one totaly wrong
2055,The chicken portion is not enough
2056,معلم
2057,Spicy potatos warent ordered as spicy
2058,الطعام جيد والطيار ممتاز جدا وسريع ومحترف ومحترم
2059,برافوووووووو
2060,اسوء مكرونة فرن فى تاريخ الكوكب كله، المكرونة والصوص الابيض طعمهم وحش وواضح ان المكرونة متجهزة عندهم ولما ييجى اوردر مجرد تتسخن ويتحط فوقها قطع الفراخ المطلوبة، والفراخ الكريسبى نفسها مجلدة وبايتة، اقل مكرونة فرن عند اسوء كبابجى افضل من عندهم
2061,اسوأ مكرونة فرن اكلناها فى الكوكب كله، طعم المكرونة والصوص سئ جدا، وواضح انها معمولة جاهزة ومتشالة عندهم ولما الاوردر ييجى بيضيفوا الفراخ عالوش من فوق وحتى قطع الفراخ الكريسبى ديه مجلدة وواضح انها معمولة من الصبح .. اقل مكرونة فرن عند اسوء بتاع مشويا...
2062,العلبة كانت مقطوعة من تحت و الصوص كله في الكيس
2063,Taste was very bad
2064,value for money is not good. The quantities is very low compared to value.
2065,The delivery man attitude was very bad and unprofessional
2066,Very tasty and delicious
2067,the order delivered hot 🔥 and fast ☺️...it was a good experience 👍
2068,الاكل سئ جدا اول مرة اكل من عندكم وده يحصل مش فاهمة ازاى الاكل يطلع بالطريقة دى احنا رمينا الاكل فوق ده كله الاوردر بارد
2069,جيد لكن مغالي في الأسعار بالمقارنة بحجم الطلبات و بالمقارنة بالأسعار في المطاعم الأخرى.
2070,الاوردر سئ جدا جدا للأسف وكمان كانوا ناسيين يضيفوا الجبنه الصفرا وانا كنت دافع تمنها
2071,الاوردر وصل من غير معلقه و طعمه سئ جدا
2072,✌️💯💯 excellent
2073,Fast delivery
2074,"bad and low class restaurant, cheap and little portion of food for a lot money."
2075,سئ للغاية من حيث كل شئ
2076,محتاجين الاوردر يبقي في طواجن او حافظة أقوي لسهولة التخزين والتسخين
2077,"The quantity was very little, especially the chicken. It’s not worth the money."
2078,Thank You
2079,Very little chicken on the pasta like 5 small pieces
2080,Worst thing ever
2081,مكرونه باالكرسبي فراخ كانت وحشه جدا والأسعار غاليه ع الفاضي
2082,التوبينج سواء فراخ او كبدة قليل جدا جدا و الفراخ الكريسبي سيئة جدا
2083,Hk
2084,ممتاز جدا
2085,مكتبوش اسم كل صنف على العلبة ومش عارفين نفرقهم
2086,الكبده قليله جدا جدا علي حجم الباكت و المكرونه ... مش عارف حاجه سيئه جدا جدا
2087,اسوا مكرونة كلتها في حياتي
2088,Salsa nashfa Faheta la7ma olayella awy
2089,Khara
2090,الاوردر بيجي بارد لانه اتأخر مع العلم اني قريب جدا من الفرع و الدليفري اخد الاوردر و لف به علشان كدة وصل بارد
2091,مطعم سئ جدا ف التعامل والأسعار
2092,مكرونه بالسجق سيئه مش زي التعليمات اللي طلبتها وتقريبا 3 قطع سجق
2093,الاكل مش مخدوم والاوردر جالي غلط اول تغامل وانا شايف المطعم سئ جدا
2094,I didn’t receive the cheese fries.
2095,Tmm
2096,Jk
2097,Amazing ❤️
2098,تحفة بجد مطعم نضيف جدا وتحفة بس كان الاوردر ناقص طقم شوكة تاني
2099,بطاطس طرية اوي او نية بس الجبنة و المكرونة حلوة اوي
2100,"The food came in a Very small quantity , very bad taste"
2101,"The food tasted very bad, the shrimp sandwich was almost empty, a total waste of money.."
2102,الفراخ قليله
2103,اسوأ حاجة كلتها في حياتي
2104,it could be better. the quality isnt the best.
2105,Taste was awesome and very hot quantity maybe a bit little for price but overall great taste
2106,التأخير غير العادي ف التوصيل أكثر من 3 ساعات
2107,the amount of chicken are little and dry
2108,worst customer services. the size I received is probably smaller than the one I ordered and I tried to contact the customer support but they didn't offer any help
2109,Nothing out of the ordinary and the white sauce was kinda watery and not really tasteful
2110,الاكل سئ جدا ، جيت في نصه و حقيقي مقدرتش اكمل ، المكرونة سيئة وال white sauce قليل اوي لدرجة انه مش موجود ، و الكريسبي قليل اوي
2111,التغليف سي جدا جدا جدا من المطعم و ليس من الطيار و الاكل مقلوب علي بعضه مع العلم أن الاكل محطوط عدل في الشنطه و بصراحه انا رميته و طلبة من مطعم تاني شكرا بستاويسي
2112,الاكل كان وحش جدا ووجع بطننا والمكرونة مكنش عليها صوص كفاية أصلا
2113,"The food tatsed bad , i ordered sogo2 and basterma and i found just one peice of sogo2 , soggy pasta and the pasta wasnot even cooked bad bad bad not recommended"
2114,too too bad
2115,i order extra chicken 🐔🍗 but i didn't get more in the pasta 🍝 it was cold 🥶 when i received it
2116,الاكل كان بارد جدا والبطاطس مش مستوية كويس وباردة جدا
2117,Very late delivery after one hour of ordering & food was not hot.
2118,الاكل كمية قليله بالنسبه السعر و كمان الاكل جيه بارد جدا و مكنش فيه سرفيس كويسه مع الاوردر
2119,مكرونة فراخ كان الملح فيها زيادة
2120,ramzytohamey@gmail.com
2121,الكمية معقولة جدا ولو يهتم شوية ب البطاطس تبقي صوابع أسمك وتبقي طرية يبقي تمام.
2122,"-Pasta taste was not good. -Fries was very hard, burned and cold. -Order was vey late. Bad experience, won't repeat it."
2123,مبالغ جدا في سعره مقارنتها بحجم الاكل والجوده
2124,food was not hot
2125,جالي اكل غلط مش اللي طلبته
2126,الاكل سئ جدا و للأسف اتواصلت مع المطعم ولم يتم حل المشكله
2127,wrong order 😠😠😠😠
2128,"Good taste, Very small portions and over priced, tried hard to find the chicken lol"
2129,اولآ الاوردر وصل ناقص ثانياً البطاطس مش سخنه ثالثاً المكرونه بالصوص الأبيض والفراخ مش حلوه تمنها خساره فيها وغاليه ع الفاضي 😔
2130,السجق مش مستوي و المكرونه مملحه جدا جظا جدا
2131,كل حاجة وحشة الفراخ جاية نية المكرونة نسي يحط فيها ملح تقريبو الاكل كله بارد جدا حداا بجد دا مش بسطاويسي نهائي .........
2132,يعني اية اطلب مكرونة بولينيز الاوردر يجي من غير لحمه مفرومه
2133,الاوردر جه بارد والبطاطس وحشة جدا ومفيش كاتشب !
2134,حجم اللارج قليل
2135,😍
2136,جمبري قليل ملح كتيرالمكرونه معجنه
2137,Nice Food
2138,very very small portions
2139,packaging was broken and that was ugly.
2140,جودة الاكل ممتازة و الطعم لذيذ
2141,الاكل كان سئ جدا طلبت من فرع مكرم عبيد طلبت مكرونه بالفراخ بنا وايت صوص اكسترا فراخ و المكرونه جت مفهاش غير 3 فراخ صغيرين جدا وكانت برده و الصوص تقيل و معجن طلبت ناتشوز بالجبنه النتاشوز كانت محروقه وملزقه مليانه زيت و طعمها سئ جدا
2142,"The food was cold, the pasta sauce was very thick and tasteless."
2143,مفيش اي اضافات على الطبق مع اني مزود ب 30 جنيه اضافات.
2144,بارد جدا
2145,الاوردر كلو متلغبط
2146,it's tooooo small
2147,never received order
2148,الاحجام صغيرة جدا ! ليه بتضيف البطاطس و البيبسي علي المكرونة علي الموقع مع إنك فاصلهم عن بعض في الفاتورة تجربة سيئة الصراحة
2149,حجم الطلب صغير بالنسبة لسعره
2150,انا مستلمتش الاوردر اساسا بس انا كلت عندكو قبل كدة مستواة الاكل كويس
2151,اكل بارد وزي الزفت والاوردر جاي متأخر ساعتين ونص
2152,كمية قليلة ، اكل غير مخدوم ، توصيل سئ
2153,الصوص محتاج يكتر
2154,"I order the large shrimp oven pasta spicy , it is really small and not spicy however they took extra 3 le for the spicy god knows why , this item costs 96.5 does not worth the price at all I am really shocked , 7amza pasta is away better larger and c..."
2155,I request spaghetti and they chose to make it penna I don't know why and the red sauce is so baaad and the meat balls are not even pure meat its just an awful meal
2156,السبايسى عندهم فلفل فقط، مجرد ما الفلفل اللى على الوش يخلص الأكل مش سبايسى، غير كدا الأكل طعمه حلو.
2157,"Horrible experience, my 2nd and last time, hot shot offer is big deceive, the pasta shrimp plate contains 6 shrimps medium size, the crispy chicken plate contains less than 100 gm of fried minced chicken ( almost 1 small piece chicken panne ). I orde..."
2158,ممكن نزود الصوص ف الفراخ بعد كده
2159,تأخير فوق الطبيعي ومستوي الاكل دون المستوي الحقيقه
2160,Was perfect
2161,very late cold food
2162,سئ جدا ، وكمان الدليفرى وصل بعد ساعتين
2163,الفراخ بارده جدا لكن الجمبري تحفه جداا
2164,Wraps are tiny now
2165,الحجم يبقى أكبر شويه
2166,الاكل بارد والبطاطس مجلده
2167,Everything is excellent..
2168,The food was late for 3 hours then canceled
2169,عرض فقير جدا مفيش حشو خالص
2170,يا ريت تزودوا الكمية شوية بدل علبة الكاراميل اللي ملهاش اي لازمة الصراحة. واعملوا الزلابية العادية بتاعتنا احسن علي الطريقة التقليدية بالعسل او بالشوكولاتة او السكر. شكرا.
2171,"The shrimp pasta was great, the crispy pasta was tasteless with fried breading rather than actual chicken."
2172,they cheated on me by send wrong pasta
2173,البطاطس قليله و اشتكيت لهم كذا مره انها بتيجي قليله و مفيش نتيجه
2174,مكرونة كرسبي جودتها سيئة و الباقي جودتة متوسطة
2175,الاكل كان حلو جدا ولكن البطاطس مش جايه سخنه واقعه في الكيس
2176,Good with less quantity of chicken and shrimps
2177,انا زعلانه جداا لأنه انا جبت عرض ال99 كان سئ ميقضيش غير طفلين 5سنوات وحاطين 5جمبريات قد الدودة والفراخ قطعة بانيه للننه اكتر حاجه حلوه فيه طريقة تغليف الأكل تحفة جدا
2178,it was too bad this time!
2179,الكميات قليله جدا وللاسف معظم المطاعم لما بتعمل عروض بيبقي الاكل اي كلام
2180,Food packaging was very poor
2181,Excellent experience. Food was hot / ingredients were fresh / shrimp was delicious / pasta was cooked al dente
2182,الاكل وحش جداااا والسجق او البسطرمة محمضك والاكل اترمي كنت بحب باستاويسى وبطلب منه في القاهرة واسكندرية بس أخر مرة
2183,كفايه إن كان فيه شعر في الاكل ..بجد يع اخر مره اجيب فيها
2184,غير مشبعه
2185,كويس جدا جدا وسريع
2186,كمية قليلة مقارنة بالسعر و الطعم عادي
2187,اسوء مطعم
2188,lo2met oreo wasn't nice other than that perfect and exactly as i ordered it
2189,الاكل ممتاز و تغليف رائع شكراً لكم المكرونة كانت شهية و ساخنة و طازجة
2190,amazing
2191,el order geh 3'alat Ely y5os el meatballs
2192,the dawood pasha red sauce was not the best we can do better i am sure
2193,بارد والطعم مش حلو مش زى اول مره
2194,روعه طبعا باستاويسي
2195,الأكل غالي اوي
2196,المكرونه حلوه بس فين الجمبري حاطين ٤ وحدات بالعدد !!!!
2197,من احسن الطلبات على الإطلاق شكرا
2198,حلو آوي آوي
2199,البسطرمه سيءه جدا
2200,Careless and very bad ........ ...............
2201,amazing 😍😋
2202,"very cold, sticky and tastes frozen and old. terrible experience"
2203,حلو. جدااا
2204,وحش اوى
2205,I ordered oven baked pasta large size& I got small one even though I paid for large . also I asked for extra meat&you barely can find it in pasta. it was around 3 spoons of meat if not less . it was really bad and I was displeased
2206,مطعم مهمل
2207,المكرونة قليلة .. والكفتة محتاجة تتشرب الصلصة شوية
2208,"Food was terrible and Un eatable, it took too long to deliver. And it's overpriced giving the size of the plate"
2209,الاكسترا تشيكن مكانتش زياده زي ما توقعت لو بدون اكسترا كده مان هيبقي قطعتين ؟
2210,السعر عالي جدا علي الكميه و المنتج و محتوياته
2211,كفايه عليهم نجمه واحده وان كنت شايفها كتير عليهم
2212,مكنتش سبيسي كفايه
2213,fast delivery
2214,"not even worth the cheap-""er"" prices.. everything said here is exactly true."
2215,"not even worth the cheap prices.. 3 or 4 gum-sized pieces of chicken max in the chicken white sauce large. white sauce isn't really white sauce, more like bechamel."
2216,مكرونه وايت صوص لا تمت بصله للوايت صوص دي بشاميل مكرونه ريد صوص دي صلصه كشري والكفته داوود باشا ناشفة
2217,Food is very cheap. In every possible meaning.
2218,الفراخ قليلة اوي
2219,Quantity was fine but the chicken oven past had a small amount of chicken. It was mostly just pasta so it doesn't feel worth the price.
2220,السجق قليل جدا جدا في الباستا!
2221,not recieved
2222,it was supposed to be a compo but it's size was very small and with a tiny piece of crispy chicken
2223,"regular pasta taste, nothing special, passable"
2224,6.5/10
2225,الاكل حلو بس كمية الجمبري قليلة خالص و المكرونة لو بصوص الجمبري كان هيكون افضل
2226,زودوها شويه انا طلب اضافة سوسيس يعتبر مكنش موجود بس كطعم جميل
2227,مطعم تعبان و الاكل طعمه اقل من العادي و غير مطابق للصور
2228,الاكل جه نى خالص و تم تغييره مرتين و كل مره برضه نى و الحيوان يقرف ياكله كل التغيير اللى حصل انهم صغروا حجم الجمبرى و برضه نى و مقرف
2229,I ordered oven pasta shrimp the topping was damaged and the portion of shrimp was so small but the worst of all that I found a nail while eating it was disgusting and not acceptable at all
2230,Shrimp pasta is horrible. White sauce was so thick. Shrimp are tio small and count around 5 or 6 shrimps. Awful experience. Mexican hot dog wrap was nice and decent taste
2231,اسوأ مطعم ممكن تاكل منه،تجربة سيءة فعلا ،دمتم سيءين
2232,طلبت منه من الساعه ٢ لحد الساعة ٤ومجاش و فالاخر المطعم متصل بيا يقول معلش اتأخرنا شويه!
2233,"Quick, delicious and not so expensive. I love it!"
2234,ممتااااز سرعة التوصيل والاكل سخن جدا والدليفرى محترم ومؤدب والاهم من دة كلة الاكل جميل ومظبوط جدا والسعر مقبول لنوعية المطاعم ⭐⭐⭐⭐⭐
2235,الاكل ممتاز جداا والديلفري وصل علطول في اقل من وقته والطبق كان عبارة عن بنا بالوايت صوص والفراخ كومبو ومعاها كرات لحم وكله كان حلوو اووي وسخن وطعمه يجنن ومبسوطة منه ودايما هجيب من المطعم ده
2236,توصيل سئ جدا بتاخر عمال طول الوقت مكشرين في وش الزبون ومش حاطين لا قلفز ولا كمامات
2237,حرفيا عينات اكل مع اني جايب كومبو لارج طيب هو فيه حاجه اكبر من اللارج ممكن اجيبها؟؟
2238,Worst order there was no toppings they put fractions not chicken.
2239,عملت اوردر النهارده من فرع المعادي والاكل جه سئ جدا مالوش طعم وخساره فيه الفلوس تجربه سيئه مش هاتتكرر تاني بطننا وجعتنا من الاكل
2240,طلبت المكرونة عادية والاوردر جالي حراق جدا بس الحمد لله انا باكل الحراق برضه
2241,انا مش من الشخصيات اللي بجمال اطلاقا في التقييم الحقيقه ان الكميات كمكرونه كانت كويسه جدا بس المكون الرئيسي زي الفراخ او السجق بيكون قليل شوية و طبعا دي حاجه سيئة مقارنة بالسعر العالي لكن اديهم ٤ نجوم عشان الاكل وصل قبل معاده بنص ساعة و جي سخن و ا...
2242,سئ جدا جدا الطبق فاضي مفهوش حاجه الجمبري فاضي خلاص
2243,الاكل غالى جدا يعنى كنت باكل مكرونه والسجق بالعدد لو مشتريه طاجن من عند محلات الكشرى هيبقا مليان اكتر من كدا
2244,بيلغى الاوردر بعد م يقبله بفترة كبيييييييييييرة
2245,من سىء إلى اسوء الاكل تعبى وجالى اسهال منه وبطنى قلبت منه
2246,"Chicken Pasta, Bolognese and Dawood Pasha all are perfect from Safeer Branch"
2247,طعم الاكل سىء جدا . المكرونة فيها ريحة غريبة وتقريبا مفيش اى وجود للحم المفروم، والفراخ لونها اسود من جوا لدرجة اضطرينا نرميها
2248,Pasta didn't taste good for me. I expected better quality..
2249,الواحد دا كتر عليهم المكرونة غرقانة ف الملح لدرجة ان مقدرناش نخلص الاكل اللى اصلا عبارة عن عينات اكل ١٠ مكرونا ت بالعدد ف الطبق انا بنفس المبلغ دا كنت رحت كلت كميات قد دى مرتين ٣ وطبعا مفيش اى طعم لا بجد مقرف اول واخر مرة اطلب منه
2250,المعكرونه يمكن تحضيرها فى البيت ليس بها شىء مميز الwraps حلوة لكن سعرها عالى إلى حد ما
2251,I ordered my usual meatball pasta but this time it had chili pepper
2252,اسوا من كده مفيش بجد الاكل اترمي زي ما هو مقرف جدا
2253,لو في تقيييم اقل من صفر كنت اديتكوا بجد زي الزفت وايت صوص مقرف كله دقيق و مكرونه منشيه و نييه و المكونات كلها نيه مش مستويه و مكرونه فراخ و مشروم ممرره و صوص حادق و مكرونه وايت صوص بسطرمه و سجق زي الزفت و حادقه جدااااا رميت الاكل و الكميات صغيره جدا...
2254,الوردر بيترفض من المطعم من غير اي سبب اكتر من مرة مش عارف لية
2255,"Not the first time to order and it's definitely not the last! I ordered two pasta dishes, chicken and chicken mushroom and the food was really good, sauce, pasta and all, and the delivery time was on point. Thank you for making my lunch time yummy!"
2256,كاتبين انهم بيوصلوا لي الشيخ زايد و كل المناطق في زايد مش بيوصلوا ليها ليه مش فاهم طب متقولوش زايد اصلا و قول انك في المول بس و ابليكيشن المنيوز مسؤوله انها تشيل زايد كمان
2257,"Me ans my wife really want to thank you ! It was a Nice expérience : The food was delicious, hot and fresh. It took 35 minutes from accepting, preparing and delivering. Keep It up."
2258,انا اول و آخر مرة اطلب من المطعم ف (صفر) للمطعم و الاكل طلبت مكرونة كرسبي و كانت سيئة جدا جدا لاقصي درجة طلبت لارج جاتلي في طبق مستطيل صغير اومال الوسط هتبقي اد ايه ؟؟ و المكرونة بايتة و الفراخ حوالي 6 قطع صغيرة و بايتة من فترة كأنها متخزنة في الفريز...
2259,مكرونة البسطرمة والسجق حلوة جدا بس مالحة جدا جدا معرفش لية ...كفتة داوود الصوص كانه صلصة بدون مياة ومستوية بلسعة نار والكفتة حوالي ٩ قطع بحجم البلية غير الصورة شوية بس اقل جودة من مكرونة البسطرمة والسجق ...الديلفري تاخر قليلا ولكن في المجمل ٧٠%
2260,the food was delicious and delivered hot and fast as usual .
2261,Thé LR Livre Sauce and the Hot Dog Mexicano Sandwich were Delicious. Friendly delivery. Thanks
2262,نظام عقيم جداً و قمة الاستهانة بالعميل و عدم الاحترافية
2263,سئ جدا جدا والاكل جه بارد ومتاخر جدا حاجة في منتهى الاستهانة بالعميل
2264,الاكل وصل بعد ساعه ونصف ، كله باااااارد جدا والبطاطس رمتها اصلا ، الاكل مفهوش فراخ تقريبا وبطتني وجعتني جدا بعدها وحش جدا جدا جدااااا
2265,اسواء مطعم تتعامل معاه من ناحيه المواعيد والنظافه والجوده وكل شيء .. اديك ٥ نجوم في الفشل ساعتين والاوردر لسه مجاش !!
2266,تجربه سيئ جدا المشروم كان معلب ومخزز وطعمه بشع
2267,الفراخ قليلة جدا والمكرونة كانت معجنة وبايته
2268,the order was great and delivered hot and fast as always
2269,الفراخ قليلة جدا بالنسبة لحجم الطبق و البطاطس باردة و مكملتش نص العلبة حتى مع ان الاسعار مش رخيصة
2270,"Food was cold and bad. Even if i live 10minutes away from restaurant. I asked for extra chicken they only pit the extra chicken and didn’t put the initial one, there was no chicken inside, it was just on the top. No sauce, and cold. Dog food"
2271,حراميه ب معني الكلمه 65 جنيه في ربع كيلو مكرونه و حتتين سجق
2272,الطعم حلو و لكن كمية الفراخ قليلة مقارنة بحجم الطلب
2273,السعر غالى مقابل حجم قليل خالص، اول و اخر مره اطلب منه
2274,Nice.Nice.Nice.Nice.Nice.Nice.Nice.Nice.Nice.Nice.
2275,طلبت مكرونه داوود باشا بالصوص الاحمر والحقيقه ان كميه داوود باشا قليله جداااااااا جدا بالنسبه لحجم الطبق وسعره اتمنى الاهتمام بالموضوع دا
2276,طعم سيئ مايستهلوش التجربة الاكل بايت ومتسخن
2277,الجودة سيئة والطعم سيئ والاوردر اتأخر والسعر غالي ولم يتم الحصول على فراخ في أوردر الفراخ
2278,اكل سي جدا مكرونه مختلفه علي نوع المطلوب جمبري تقريبا نسيو يحطوه صوص ابيص تقيل جدا تجربه سي جدا جدا حساب طبب زياده بحوالي ١٠ كان طالع ٩٨ خد ١٠٥
2279,"the pasta served in red sauce is good, however the white sauce pasta was really bad, it tasted flat, and lacked flavors"
2280,وحش جدا جدا جدا.. زمان أول ما فتح كان ممتاز ياريت يرجعوا مستواهم زي زمان. منصحش حد بيه إطلاقا
2281,The pasta taste like shit - plus i didn’t get my water bottle as i ordered and paid for it - fr
2282,حقيقي الاكل وحش ومستواه من سئ لأسوأ لما اطلب مكرونه كرسبي وايت صوص تجيلي مسلوقه وااصوص قليل جدا ويادوب هي قطعه كريسبي واحده متقطعه ع الوش يبقي انتوا بتاخدوا فلوس ازيد بكتير من الخدمه المتقدمه وهتبقي اخر مره حقيقي ف التعامل معاكوا
2283,طلبت مكرونة كفتة داوود كانت وحشة جداااااااا النهاردة . المستوى بينزل كل مرة بطلب فيها من عندكم . لازم تشوفوا حل لو عاوزين تستمروا
2284,"Delicious past, nice serving, clean restaurant and prices are a little expensive above average"
2285,الوسط صغير جدا وجودة المكرونة سيئة جدا مقارنة بالأسعار الخرافية للحاجة الدريسينج بتاع سلطة السيزر سيء و السلطة كلها فلفل اخضر وطماطم
2286,Poor taste and quality and the food was not hot
2287,وحده من اسوأ المكرونات الي أكلتها في حياتي ده غير اني طالب Large و جالي طبق صغير جدا و بطاطس سيئه جدا و الاكل كان بارد و فوق كل ده سعره غالي جدا مقارنتأ مع الجوده ديه
2288,مكرونة بولونيز و مكرونة ماشروم الأتنين أوحش من بعض، و جالى تسمم ، متفكرش تجربه حتى!
2289,كان بيوصل لوسط البلد و مرة واحدة مش بيوصل مع ان ٣ مرات جابلى الاكل لنفس مكان
2290,الاكل اقل من العادي قليل جدااا مقابل السعر بعد العرض ٥٠ جنيه كمان كل الاقل اقل من العادى بجد تجربه فشله
2291,اكل كمية قليله جددا وطعم اقل من العادي خسارة فيه الفلوس
2292,مكرونة السجق عادية والسجق قليل جدا وكذلك داوود باشا دي اول تجربة ليا وبصراحة مش حلوة
2293,"The food reached me late, very cold and uneatable. I ordered and paid for the large size but I received a small size as the attached image. PLEASE avoid the downtown branch."
2294,"They dont even deserve this one star , The food was undercooked and the fries were very small and its was the worst pasta i hav ever tasted"
2295,Do not order from here baddest pasta ever
2296,مكرونة الفراخ معقوله اما مكرونة داود باشا في منتهي السؤ و اربع قطع كفته و طعمهم سئ اصلا
2297,"Pasta was good, but the chicken was rare in the dish"
2298,not tasty at all and.not worth it الاكل طعمه سيء جدا و اللكمية قليلة
2299,البطاطس قليلة جدا والاكل ناقص ملح في المكرونات عموما
2300,كميات قليله جدا رغم ان الاوردر كان حجم كبير وأسعاره عاليه جدا
2301,Food took more than an hour to deliver eventho I live 10 mins away from the branch. and the food was not hot
2302,طلبت مكرونة بالفراخ المكرونة معمولة كويس و الصوص تمام كمية الفراخ مش كتيرة صدرين بانيه صغيرين بالكتير لو مفيش خصم غالية.على سعرها
2303,ممتاز عملت اوردر جه بعد نصف ساعه بظبط والاكل سخن والكميه ممتازه انا مستغرب التقييمات السلبيه للمطعم بس من رائ ممتاز
2304,الاوردر سيئ و طعمه و حش اسوأ مره كلت منهم فيها
2305,من٢حض حد يشتري من عنده .. جودة الاكل سيئه جدا جدااااا .. دا بلاستيك مش اكل .. و الكميه تحلف عليها مش تاكلها .. مطعم بشع زفت
2306,chicken oven .. the sauce tastes good but it contains only 3 tiny pieces of chicken and they tastes awful
2307,كمية الاكل قليله جدا... نص العلبه فاضي :(
2308,Awful customer service not recommended at all
2309,و الله نجمة كتير عليهم كمان انا طلبت اوردر يوم الخميس بالليل زى اى مواطن سهران في البيت هو و المدام المهم الاوردر مجاش خالص إدارة خدمة العملاء بتاعت المنيوز ناس محترمة الناس فضلوا يتابعه الاوردر معايا لحد الساعة ٢ بالليل و اعتذروا اكتر من مرة و بكذ...
2310,"French fries pack was almost empty, fast delivery, chicken oven pasta and yellow sauce sausage pasta were nice and hot"
2311,سي حدا طلبنا مكرونة جمبري لارج وجاية زي عقلة الصباع تقريبا وجواها ٤ جمبريات ميتشفوس وب٨٠ جنيه
2312,Too expensive and food less than expected.
2313,عموما كويس ساعات بيبقى الاكل بيتعب شوية .. وكمان غالى جدااااااا
2314,Aw7sh mkaaan asm 3la el fady el pasta t2rff
2315,سيئ والكميه صغيره جدا بالنسبه للسعر طبق المكرونه الكبير طعمه سيء وكميته صغيره ومفيهوش فراخ خااالص تقريبا والأكل بارد
2316,اسوأ مطعم في احترام العملاء ولا الاوردرات بتوصل ولا بيردوا علي العملاء ولا حتي بيعتذروا
2317,الاكل بارد مع اني قريب من المطعم و اتاخر ساعة و ربع
2318,الاكل كان سئ جداً والفراخ كان قليله في المكرونه
2319,اكا سئ جدا طلبت 3 مكرونة بالفراخ سعر الواحدة 80 جنيه .. اقسم بالله كل واحدة كانت تحتوي علي قطعتين دجاج بحجم عقلة الاصبع ... والطعم والجودة زفت والأكل جيه بارد .... والله ولا تسوي الواحد 10 جنيه... نصابين
2320,طعم رائع جدا ، سرعه في التوصيل الطلب ، كميه جيده
2321,الفراخ قليله جدا ، و الطعم سئ ، و معظم الطلب مكرونه
2322,No delivery to 7 district in 6 october!!!! When i call its ok but online it wont allow it!!
2323,زى ما كل الناس قالت قبلى، غالى جدا وكمية قليلة جدا.
2324,أول وآخر مرة أطلب حاجة منه لأنه غالي جدا وكمية الأكل قليلة وطعمه سيء جدا.
2325,بصراحة كنت خايف اجرب المكان من الكلام السابق، بس قولت اروح اجيب الاكل من المطعم واشوف بنفسي. الاكل طعمه لذيذ سواء الصوص الابيض او الاحمر وكمان الكمية معقولة. يمكن السعر غالي شوية بس البلد كلها غاليه من ساعة الدولار. انصح الناس تطلب دليفري من المطعم م...
2326,الاكل سيئ جدا و نسبه الفراخ قليله جدا و الحجم صغير و سعرها غالي
2327,من ازبل الاكل اللي ممكن تاكله وحش جدا جدا حتى البطاطس المقليه اللي مفهاش فكره او صعبه بتتقلي في الزيت طالعه تقرف جدا وبتجيب مغص
2328,الاكل ضعيف جدًا جدا مستوي. المكرونة سي بالفراج و السجق
2329,أكل سيئ جدا وكمية قليله جدا وغالى جدا بالنسبة للحجم والصوص كان تقيل وملوش طعم وكمية الفراخ المتقطعه قليله والأكل بارد انا مكملتش اصلا الطبق تجربة سيئة جدا جدا لا انصح بها على الاطلاق
2330,يا جماعة اقسم بالله انا مش عارف انتو فاتحين ايه ؟ انتو اسوء محل اكل عدي عليا ، اكل ملوش طعم ، مفيش صوص ، مفيش حاجه اصلاً ! المكرونة بتيجي ساده حرفياًً خدمة سيئة و تجربة لا انصح بها بل مره
2331,"Worst food on earth, you need to close your branches or to hire a different stuff!!!!!!!!!!!!!!!!!!!"
2332,بصراحه كل مره الدليفري بيكون اوحش من اللي قبله وكل مره تكلموني واوضحلكم ان الاكل مكنش حلو و ان الصوص قليل مع اني بطلبه اكسترااا اصلااا .. والمكرونه نيه شويه وملهاش طعم.. مع انه في المطعم بيكون كويس ومفيش بعد كده مش عارفه اقولكم ايه تاني الصراحه..
2333,بصراحه كل مره الدليفري بيكون اوحش من اللي قبله وكل مره تكلموني واوضحلكم ان الاكل مكنش حلو و ان الصوص قليل مع اني بطلبه اكسترااا اصلااا .. والمكرونه نيه شويه وملهاش طعم.. مش عارفه اقولكم ايه تاني الصراحه.
2334,تجربة سيئة جدا جدا.. الصوص زى الزفت..لا انصح بيه تمام..
2335,الاكل مجاش حلو خالص الباستا جت نية و الوايت صوص جيه تقيل جدا و الاكل متاكلش
2336,انت و حظك.. يا تطلع حلوه يا تطلع****بس عموما مش دي المشكله.. الباستا كلها bland و يا اما overcooked. يا اما undercooked واضح ان كل الإضافات مجمده.. يعني و صوص مالهوش طعم.. يا كده يا اما ملح كتير جدا تحس انك وقعت في النصر للملاحات.. انت و رزقك ده شغل...
2337,الاكل سئ جدا وبارد وبيتأخر اوي و المكرونة الوايت صوص كانت تقريبا معجنه و الريد صوص طعمها كان لا يطاق دي كانت اول تجربه ليا في المكان و مش حكررها تاني
2338,بصراحة مستواكوا قل جدااااا المكرونة مش مستوية كويس البسطرمة ملهاش طعم وقليلة والسجق سئ وطالبة سبايسى مجاش سبايسى وحصل لغبطة فى اوردر المرة اللى قبلها للاسف بعد ما كان من اولى اختياراتى بقيتوا اخر اختياراتى
2339,محل قذر واكله سئ جدا جدا جدا جدا مممكن يكرن اسوأ اكل الواحد شافه ف حياته
2340,ممتاز الاكل بس الضريبه وخدمه التوصيل كتير اوووي
2341,اسوء مطعم باستا كلت منه في حياتي بجد سئ لاقصى درجة والباستا ليها نكهة وحشة
2342,الاوردر اتلغبط مع اوردر تاني وقلنا ماشي بتحصل انما لما يجيلي الاقي الشوكة مستخدمة ومزيته ومفيش مناديل والكيس متوسخ والاكل علبه مقرفة و مفتوحة ..مع انهم كلموني وقالولي هيتعملي اوردر جديد مش هيبقي نفس الاكل الي اتبدل!
2343,مطعم زفت و طعمه وحش و مواعيده زفت الزفت لسه طالب اوردر انهارده و لقيت في طبق المكرونة حتة سلك مواعين فا حاحة في منتهي القذارة
2344,نصابين وحرميه طلبت باستا الفرن بالفراخ الحجم الكبير لقيت بالعدد ٧ قطع فراخ يعنى ادفع ٦٥ علشان مكرونه وصوص ابيض وجبنه ده نصب واحتيال زمان كان حلو بس دى الوقت زي الزفت انصحكو لا تطلبو منه ابدا
2345,سيء جدا و التوصيل خد اكتر من ساعتين نصيحه بلاش التعامل معاه
2346,السندويتشات جت بارده الباستا صوص ابيض معجنه والفراغ اللي عليها عباره عن ٦ قطع في حجم عقله الاصبع ومحروقين تجربه سيءه ولا انصح احد ابدا بيه فلوس علي الارض
2347,فعلا حاجه مش كويسه جدا و اسوا حاجه حصلت لي السنه ديه لما طلبت اكل من عندهم
2348,"worest pasta ever, chicken wrap is made of freezed strips that being sold in supermarkets which is not even 10% chicken"
2349,اسوأ تجربه اكل فى الحياه . اولا الاكل بارد جداااا . ثانيا : مالوش طعم الصوص طعمه اقل من العادى و المكرونه لو عاملها فى البيت كانت طلعت احسن من كده . ثالثا : الفراخ الكرسبى جايبها فى كيس كده لوحدها و انت تحطها على المكرونه و كميه قليله جدااا جدااا ، ي...
2350,الاكل زباله بصراحه طعم مفيش و كميه قليله جدا .. انا بطني وجعتني من الاكل .. سئ جدااااااا .. جبت 2 مكرونه بالكبده و بطاطس بالجبنه .. المكرونه قليله و الصوص بتاعها مش معمول كويس خالص و المكرونه مش مستويه و الكبده نيه و البطاطس متكملش 20 جرام و مقايل ا...
2351,"Dishes are so small, and has too little chicken or whatever you order."
2352,Worst pasta taste ever Price very expensive compared to the bad quality Overrated place
2353,الأكل وحش جدااااااا حاجه في منتهي القرف ولا كفته داوود هتخليك ترجع ده لو حد جرب يعمل الاكل ده في البيت هيبقي احسن مليووووون مره
2354,الباستا من غير اي حاجة و حاطين ١ ستربس في كيس جنبها وانت حطها!!
2355,فاجر جدا جدا وخصوصا خدمه العملاء متميزين فعلا
2356,صغير فشخ بالعدد اربع ث قطع سجق واربعة قطع داوود باشا و الميديم اصغر من كف ايدي المنديل و الشوكة اكبر من الطبق و حسبي الله ونعم الوكيل
2357,"Never order from this place , The pasta which the restaurant is specialized at , is the worst pasta I ate before for real . A chef from koshary car is better thousand times from their chef"
2358,اسوء تجربه فى الدنيا ....أول و اخر مره اطلب منكم
2359,مافييش احسن من كدا بس السعر مبالغ فيه بس نظير النظافه والكفاءه يهون
2360,pasta is worst kan 7lw awl. m fata7 bs dlw2ty quantity w quality aw7sh haga w high price
2361,"worst pasta experience ever, missing Pepsi with the order, the shrimp pasta was tooooo salty with 5 or 6 shrimp max, natchos was anything else but natchos and was very bad taste, and the sogo2 pasta was over cooked. overall will never try it again :("
2362,الاكل سىء جدا و الكميات قليلة و الطعم سىء
2363,من اسوء ما يمكن الاكل وصل بعد ساعتين متلج
2364,"I was told the order was on it’s way, one hour later when I did not receive anything I asked and was told the order was on it’s way again!! I called the restaurant and they said they had a problem with the system!! So unprofessional and the menus sup..."
2365,مطعم فل اوووى و الاكل وصل بسرعة متاخرش و سخن كمان على الرغم انى مش قريب من المطعم
2366,للاسف كان الاوردر بارد على الرغم من قرب المسافة بين المطعم ومكان التوصيل غير ان الاورد جيه بعد ساعتين من الطلب والاوردر كان فيه ملاحظات كتير عشان بارد طبعا
2367,الوايت صوص كانت ممتازه بس اسعاره غاليه شويه
2368,انا حاليا تعبان من اكلكوا حاجه بشعه بصراحه
2369,بعد ساعه ونص من الأوردر وبعد ماطيار الديلفري وصل علي بعد ٥ دقايق من العنوان..اكتشفوا ان العنوان خارج نطاق التوصيل وقرروا يلغو الاوردر...حاجه في منتهي السخافه وعدم المهنيه بالرغم ان العنوان مكتوب بالتفصيل و مرفوع عالابلكيشن بالGPS
2370,اسوأ خدمة عملاء .. حسبوا الفرايز في الريسيت ومبعتوهاش ولما اشتكيت بيعملوا تحقيق في الموضوع واتصالات كتيير وقلة ذوق في التعامل وطريقة غير لائقة في الكلام .. وبدل ما يعتذروا عن الخطأ بيتعاملوا من غير مهنية بالمرة
2371,أوحش مكرونه ويت صوص الجمبري كلتها في حياتي وحشا جيدا جيدا جيدا مفيش اصلا صوص ويت ده بشاميل و الجمبري وحش و حاجه اخر ارف متستهلش الفلوس
2372,الاكل حلو و الكمية مرضية و الدليفري وصل سخن و طازة
2373,ليه ضريبه ع الاكل غير خدمه التوصيل كتير جدااا
2374,الاكل بقا كمايات قليلة جدا على السعر عن زمان ، عيب ده العيش الناشف كان بيبقا كمية حتة ده بقا ١٢ ١٣ وحدة بقوا بيتعدوا ، امته كدا بتخسروا الناس ،و اكلم خدمة العملاء ٤ مرات محدش يرد
2375,صراحة طعم مكنش حلو والفراخ قليله حرام السعر الي اخدوه انا كنت متوقع حاجه تانيه خالص مقابل الاسعار
2376,الاوردر جالي قبل ميعاده بتلت ساعة وكان سخن وتحفه بجد المكرونه سواها مظبوط ومتغرقه في الصوص والgrilled chicken طعمها حلو جدااا..شكرًا
2377,كنت طلبت منهم كذا مرة و حرمت اعملها تاني اسعارهم مبالغ فيها جدا و الكمية قليله جدا كنت بطلب مكرونه فرن بالفراخ كنت طلبتها كذا مرة السعر غالي جدا و الطبق صغير جدا و تقريبا مش حاطط الا قطعتين فراخ بس و طعمها سئ جدا و كل شويه كانه بيكلموني عشان ياخده fe...
2378,the food was great and hot and delivered fast
2379,جودة الأكل عادية جدا والكمية صغيرة والمكرونة فقيرة جدا في المكونات والطعم وغالية على الفاضي.. حتى التغليف تعبان جدا
2380,اتأخروا 10دقايق الناتشوز كانت كويسة بس طرية شوية بس كانت حلوة و داوود باشا كان كويس بس صلصة المكرونة بتاعته مكانتش لايقة عليه صوص احمر بتاع مكرونة عادية مش صوص داوود باشا بس عموما كان كويس
2381,the plate was so small but I chose the medium ......in the picture is seemed larger
2382,الاكل سئ جدا و المكرونة معجنة و طعمه سئ جدا.
2383,صدقني مفيش اسوء من نجمة ممكن اديهالة اسوء اكل معجن و المكرونة متتاكلش حرفياً و جاية باردة و جاية فراخ ٤ قطع بالعدد قليل جداً و غالي علي الفاضي و بطني و جعتني منة و هشتكية في الصحة
2384,الكميه قليله جدا جدا بالمقارنه بالسعر !! ٠
2385,غالي جدا مقارنة بحجم وطعم الأكل ............
2386,افهموا الصور اللي بتتكلم عن غباء المطعم واصراره ع الفشل
2387,انا طلبته دليفري سئ جدا جدا جدا ... طالب crunchy cheese topping ..ملقتهوش مع طلب بيقوللي دة ترجمته بقسماط مطحون بالزبدة ...جهلة احنا .. والطحينة جية حمضانة ...وهنكلمك تاني محدش كلمني ..اهوو العلبة دي ب25 جنيه...وطعم الاكل سئ جدا
2388,wa7d mn asw2 elamakn we the lowest quality ever .. elorder wsl na2s aktr mn haga we elchicken crispy m7ro2 we m4 mstwy elfries gaia barda we 2dema haga b43a gdn
2389,the place is very small the service wasn't so good and not fast the macaroni was good but very very heavy you will fill you stomach very fast but with no full fealing cheese fries was good
2390,الاكل كان سئ جدا يعني لو من عربيه ف الشارع كان هيبقي احلي - مستواكم في النازل طعم. الاكل مش حلو خالص باكل عجين
2391,الاكل غالي جدا جدا بالنسبه للسعر طبق مكرونه بالجمبري (فيه ٥ او ٦ جمبري) ب ١١٣ جنيه ومش عارف بيضيف ضريبه كبيره جدا جدا ليه مع اني طالب دليفري مش هاكل في المحل الاكل عادي مش واو ومش وحش الحقيقه بس ميستاهلش المبلغ ده
2392,ده اسوء اكل اكلته فى حياتى ظعم اللحمة مميت لدرجة انى رميت الاكل فى الزبالة حاجة تقرف جدا جدا جدا
2393,سئ جدا والاكل تحس انه معمول من فترة كبيرة الان لسه كنت بتابع الاردر لقيت الدليفري بيكلمني ويقول انه وصل في اقل من نصف ساعة
2394,لو في اقل من ١ كنت حطيته اقل ما يقال اسوأ تجربة اكل مكرونة مرت عليا
2395,المكرونة معجنة و الوايت صوص ملهوش طعم و الفراخ لا تذكر
2396,"كمية قليلة جدا بالنسبة للسعر المدفوع دى ""مكرونة"" و الكرسبى حاطينلى ٦ قطع صغيرين فى باكت !! قمة الاستغلال !! حرفيا استغلال اخر مره اجيب من باسطاويسى .."
2397,انا طلبت مكرونه فراخ كريسبى حجم كبير اولا المكرونه مستويه زياده عن اللازم ثانيا الصوص الابيض خفيف و طعمه مش حلو خالص و تقريبا مفيش جبنه على الوش مش عارف ده طبيعى و لا هو المفروض كده ثالثا كمية الفراخ قليله جدا و جودتها سيئه رابعا السعر مش مناسب بتا...
2398,اول تجربه ليا وغالبا مش هطلب تاني لان الكميات قليله جدا مقارنه بالسعر .. الاكل سئ جدا جدا .. البطاطس بالجبنه كمان سيئه جدا ..
2399,لك ان تتخيل ان مكرونه عاديه جدا ف طبق ١٠ سم في ١٠ سم او جايز اقل و عليها قطعه او نص قطعه بانيه متقطعه و بطاطس زي اي باكيت بطاطس ف اي مكان بس ده عليه شويه صوص حار ب ١٠٠ جم الاكل مستواه كويس بس السعر بالنسبه للكميه لا تقارن الصراحه
2400,الحمد لله الذي تتم بنعمه الصالحات النهارده طلبت اوردر وجالي في ميعاده وياريته ما جه .. بعد تجربتين اسوء من بعض جاتلي المكرونه الصوص مدلدق بره بس الشهاده لله الطعم كان ابشع من المرتين اللي فاتو والفراخ او بمعني اصح الـ 50 جرام فراخ مش مستويين وطعمهم ي...
2401,Very low quality and very limited amount of food you know like bysh7tny!!!
2402,"take too long , low quality and cold food"
2403,"reasonable prices, clean food, good variety, its a great deal"
2404,"Ordered Pasta red sauce with liver & sausages, pasta portions are ok but add ons such as liver & sausages were below normal portions exactly 2 pieces of sausages & few small pieces of liver and toooooo much green bell peppers. Didn’t enjoy not worth ..."
2405,الاوردر وصل فى ميعاده .. البيننا وايت صوص بالبسطرمة حاجة وهم المكرونة كانت غرقانة فى الوايت صوص.. شكرا ليكم بجد
2406,الخدمة تحفة والاكل رائع وبجد من افضل الاماكن اللي بتقدم pasta
2407,الاورد فى ميعاده وممتاز ، واتصال من خدمة العملاء لمعرفة رأئى العميل دى حاجة كويسه جدا.
2408,"Extremely terrible plate, sauce was bland and has nothing to do with white sauce cause its pachamel basically. Pasta is undercooked and small amount of chicken. I dont recommend eating there"
2409,التشيكن كريسبي جرين صوص بشعة و طعم الجرين صوص خبيزة ! و هي يا دوبك نص قطعه فراخ و قطعوها و خلاص الكمية قليلة جدا الجمبري بالوايت صوص طعمها حلو بس الجمبري قليل جدت الاكل جه سخن و في معاده بالظبط بس غالي ع الفاضي
2410,التجربه الاولي كان الاكل اقل من العادي فاتجننت غي عقلي وقولت اجرب تاني والحمد لله طلعت اسوء من اللي قبلها بكتييييير
2411,"pasta was very good, but when i ordered chicken oven white sauce it was horrible as they put chicken in pack outside pasta , so taste wasn't good"
2412,unprofessional...delievred me once before and now said my adress is out of coverage !
2413,طبعا هى غلطتى انى باكرر أوردر من عندهم بغض النظر انه جه بعد ساعه ونص جايلى حاجه غير الطلبتها المكرونه منغير صوص تقريبا غالبا كان قديم عندهم طبعا انا غلطت لما مرجعتهوش بس للاسف كان سكرى واطى وكان لازم اكل حاجه اخر مرة اطلب من عندهم بستا ويسى باظ يا جم...
2414,اسواء اكل اكلته . طلبت طاجن مكرونه بالسجق وطاجن مكرونه بالجمبري . استغفر الله العظيم طعمهم وحش جداا السجق يادوب حاجات محطوطه فوق بعضها ملهاش اي طعم ولا ريحه . وطاجن الجنبري زفر جدااا والله اترمي والسدق مكملته . لا انصح بينم نهائي
2415,سئ جدا الاكل وصل متبهدل زي م واضح في الصور ولما طلبت يتغير وصل ناقص ووصل غير اللي انا طلبه
2416,الاوردر وصل زي مهو موجود في الصورة ولما طلبت يتغير وصل اوردر جديد بس ناقص
2417,"One of my favorites bgd,quality el akl perfect wel packing wel delivery man kan zu2 gdn,it was late a little bit bas it’s worth the waiting"
2418,الاكل حلو وكانو في منتهى السرعه اتمنى استمرار نفس المستوى
2419,"Poor taste, no cheese in cheese nachos. Chicken soaked in mayonnaise."
2420,دا اول تعامل ليا معاهم والاخير ان شاء الله طالب اوردر اكتر من ساعتين ولسا ماوصلش حتى لحظة كتابة التعليق دا اعتقد انهم مش اد الشغل ولا الاوردرات و مانصحش بيه اطلاقا في التوصيل و ماقدرش اقيم الاكل لانه ماوصلش الحقيقة
2421,Taste was more than perfect and customer services was really friendly! Such amazing service
2422,the order was good and delivery time its normal
2423,"Pastaweesy is average it's for sure not the best restaurant to eat pasta and most certainly not the worst , You should go for it if you have no better options"
2424,"WORST PLACE EVER!! I received my order after 3 hours, cold and tasteless . First and last time ordering from there"
2425,الاكل سيء للغاية .. دي مش مكرونه خالص اكنها مكرونه بصوص ميه والله .. والسعر عالي
2426,المستوى في النازل.. ابدا مش زي اول ما فتح
2427,الخدمة بطيئة وسيئة في فرع مكرم عبيد ، الاكل كويس بس مبقاش زي زمان!
2428,Very good value for money and delicious food Recommended order: white or yellow sauce with sogo2 Unrecommended order: Golden sauce
2429,the oven chicken pasta was very delicious 5/5 the chessy wrap with sausage was very good 5/5 the chicken white sauce was good but there was no salt in the pasta so 2/5
2430,لو معاك برومو متتلبش منه بيغير الاحجام بيشتغلنا يعني
2431,"Average quality, good size and price, but not my favorite place."
2432,Apparently they don’t deliver salads And they ignore the complaints
2433,I ordered the golden chicken pasta and got severe food poisoning. very disappointed
2434,"Chicken Oven Pasta is perfect while the minced beef oven pasta is good but not perfect, and finally the cheese fries is really amazing, the cheese sauce is very tasty and juicy ,,,, Prices are average , Delivered in time."
2435,الدنيا تمام.. عندي تعليقين الاول إن في كل الفروع ال رحتها المكرونة مش مستوية التاني لما جبت البطاطس باللحمة .. الافضل انها تبقي ف طبق
2436,الأكل وصل متأخر جدا جدا ... وصلنى Notification ان الأورد وصل قبل معاد وصوله بربع ساعه !!!!!! طلبت باستا فراخ وإضافة مشروم وصلنى باستا فيها قطعه وربع فراخ قد عقله الصباع و مفيش مشروم! عملت شكوى كان الرد أسفين فقط!!! مفكروش حتى يردوا فلوس الإضافات أو...
2437,الشئ الوحيد الحلو عندهم النكهات والتنوع لكن الصراحة كنت متخيل انه احلى من كدا الطعم عادي جدا والمكرونة صغيرة ومش مستوية كويس موقع المطعم ممتار لكن الجلسات جدا سيئة ودورات المياه سيئة لا يوجد سوا دورة مياة وحدة مشتركة
2438,Med. quality & Over rated - not as expected
2439,الاكل وصل في معاده وسخن الكومنت الوحيد ان المكرونه مفيهاش ملح خالص وكرسبي تشيز طعمها غريب جددا
2440,My first and last order!!!!!!!!! I though the food tasted fine until i got food poisoning
2441,"Food taste and packing was nice and the delivery was fast. Only the fries with Cheese and meet was not as expected, it should be more gravy!"
2442,The liver was too salty and dry. The cheesy fries were also salty and not crispy.
2443,Still waiting for the missing golden cup for my golden chicken pasta.
2444,The food was too cold. I regret ordering it
2445,Very bad experience ... awful taste ...valueless... horrible one
2446,awful experience ... worst taste and higher prices i saw for just a pasta ... and size was too small really... and the most important thing is that the staff doesn't have any experience to how to deal wz problems ..
2447,Very Very small and the taste wasn't good
2448,The pasta taste good but it's little bit small but overall it was good
2449,The best branch for me is mast gdida branch Always hot fresh and delicious
2450,اكل كويس و دايما طازج و ساخن و مش غالى ف اسعاره بالنسبه لباقى المحلات
2451,very bad taste and small size order delivered cold strange things seen in the sauce !!! i will never order from it again!!!!
2452,مش عايزين يطلعوا دليڤرى و بيلغوا الاوردرات
2453,had chicken pasta only had 3 pieces of chicken the size of a finger tip.
2454,الاوردر وصل بسرعه ..طازه وسخن والكميه معقوله. والطعم روعه..شكرا باستاويسي
2455,Food excellent Fresh excellent Delivery in time excellent Quality of components excellent ⭐️⭐️⭐️⭐️⭐️
2456,فرع المهندسين حلو اوى المكرونة سخنة والمكونات معقولة جدا وطعمها تحفه والبطاطس مقرمشة ⁦❤️⁩ تجربة حلوة جدا
2457,جربتة ٣ مرات مرتين منهم كان روعة الصراحة و المرةة الثالثة كان سئ و المكرونة كانت نشفة بس تقريبا غلطة عامل جوه بس في المجمل مطعم ممتاز و اتمني انه يكمل و يبقي في اهتمام طول الوقت عشان المستوي يبقي ثابت علطول
2458,طلبت chicken pasta حجم medium جاتلى حاجة صغيرة جدا كدا ومفهاش الا قطعتين فراخ صغيريين جداااا قد عقلة الصباع كدا وكنت طالب 2 add yellow cheese وصلتني واحدة برضو اسوأ تجربه فعلا حصلتلى فال online ordering
2459,طلبت مكرونة وايت صوص .. كرسبي تشيكن مبدأيا الاكل جه بارد. ثانيا المكرونة مفيهاش ريحة الملح ولا ليها طعم للاسف وقطع الكرسبي جايه في باكت لوحده. دي اسوء مرة اطلب فيها من بسطاويسي الخدمة بقت سيئة للاسف. وليا تجربه قديمه مع الريد صوص انها من اسوء المك...
2460,حلوة و جميلة بس صغيرة صغيرة اوي بالنسبة لسعرها
2461,"Food was too cold Pasta was missing chicken which is the main ingredient !!! I got a call asking about the order and I told them it was awful, they said branch manager will call me and of course that never happened !!! Awful first experience!!!!! ..."
2462,Very overpriced and under average quality
2463,من احسن الاماكن اللى بتقدم مكرونة فرن بالسجق
2464,الكمية صغيرة جداً... وقطع الحشو 4 قطع بس
2465,I ordered a medium oven chicken pasta with extra mushrooms. the size is perfect for one. i love the fact that they always use fresh mushrooms that are sautéed in garlic. The chicken inside the pasta is also very well seasoned and not overcooked (just...
2466,got chicken pasta only had three chicken pieces the size of a finger tip.
2467,بعد تجربتى السيئة جدا لبيتزاريم كنت خايفة اجرب اى مكرونة من برة بس جازفت وطلبت من بسطاويسى مكرونة اسباجتى داوود باشا ومكرونة فرن سجق حقيقي اتفاجأت طعمهم حلو والاسباجتى زى ما انا بحبها مليانة صلصة ولذيذة والكفته حلوة اوى والبورشن كويس بس ممكن تزودو ال...
2468,الاوردر وصل بدون تأخير. _طازج وساخن والطعم رائع.
2469,ما عجبنيش نهائي مكرونه كتير و مافيش فراخ
2470,الاكل كان سخن وكويس جداا وسبايسي بجد والتوصيل في المعاد بس كان ملح قليل جدا
2471,الأوردر جه في ميعاده وكان طعمه حلو وسخن وشكله شيك، بجد تجربة جميلة
2472,عجبتني اوي مكرونه بشميل بالموتزيرلا بتاعتهم طعمها تحفه بجد
2473,ممتاز - شكل - طعم - جودة - سرعة في الوقت المحدد
2474,needs to be better. food quality needs to be improved
2475,Huge portions. Good quality. Love their signature lo2met el borio.
2476,Crispy chicken green. Sauce is more than perfect
2477,جربتة مرة واحدة حصل مشكلة ان المكرونة بالفراخ كانت مش مستوية صح و الفراخ كان ريحتها وحشة قوى مكملتهاش بعولهم شكوى و الحقيقة اهتموا و كلمنى superv. و قهم منى الموضوع كلة و قالى هيدرسوا الحكاية و يرجعوا يكبمونى و فعلا بعدها بكام يوم كلمونى طلبوا منى ار...
2478,كل يوم في النازل، مدير فرع اكتوبر اشتكيتله اني طالب موتزريلا زيادة، قالي ان اكيد الجبنه زياده فعلا وانا اللي مش واخد بالي!!
2479,جميل جدا بس القطع الفراخ قليله
2480,Swimming in oil. Restaurant refused to replace! Will never order from here again
2481,"Ordered pasta with sogo2, I think. What I remember is that the portion was good but it had too much cheese and a cheap-ish taste."
2482,الاكل حلو جدا بس التوصيل بطئ جدا جدا .جه بعد ساعة ونص
2483,Branch: 6 october Service: 10/10 Taste: 9/10
2484,دايماً بجرب اطلب منه من فرع المعادي، ماجربتش اروح بنفسي ابداً، بس الاكل عامةً عنده ع حسب انت بتحب ايه، الاختيارات كتيرة وحلوة، بس هو عامةً مكرونة السجق الفرن عندهم فوق الوصف، والاكل بيجي سخن وكويس مش متبهدل وعادةً مابيتأخروش قوي
2485,الاكل جميل بس تقيل اوي مش بيشبع بس بيلكم وبالنسبه للباستا في محلات تانيه اغلي الخدمه كويسه والاكل بيبقي مظبوط بس مش مميز
2486,جامد جدا الاكل رائع والمكان جميل تصميم حلو جدا بس المكان صغير جدا
2487,الاكل نزل بسرعة ما اخدش وقت الباستا كانت عظيمة بس الوايت صوص كان خفيف شويه والفرايز كانت نازلة باردة والتشيز صوص كان ساقع وخفيف اوى معرفش ليه بس الاكل لطيف
2488,Warning! Stay away from this so called restaurant. They never deliver on time and their customer service staff is worthless and unable to do their job. The branch manager is not honest and gives wrong information in regards to ETA. So UNPROFESSIONAL
2489,من اقر المطاعم الى قلبي بالرغم من ان مستواه مش ثابت
2490,اخر مرة طلبنا صوص ابيض سجق ومشروم جولدن صوص الصوص الابيض معجبنيش زي الفرن والحولدن صوص وحششش اوووي
2491,كنت اول مرة اجرب الجولدن صوص بالمشروم بجد طعموو وحش جداا
2492,احلى مكرونه وايت صوص اكلتها من زمان ، حلوه جدا جدا يعنى.
2493,Good food but a bit little expensive
2494,مفيش احلي من البطاطس الكرسبي اللي متغرقة ف الجبنة السايحة #wonderful ❤
2495,سهل انك تلاقي اي نوع مكرونة باي حاجة و دي حاجة حلوة و مطعم نضيف جدا
2496,Good portions in general. Great food quality. Good price range
2497,فرع مصر الجديده..المعامله محترمه جدا..طلبت الاوردر و استنيت و الاوردر جه علي انه take away مش eat here...كذا حد من ال staff اتاسف..الباستا تجفه جدا و مليانه جبنه بشكل مش طبيعي..البسطرمه و السجق طعمهم باين ف كل قطمه و الكميه مش قليله..nice experience...
2498,Amazing pasta Well done chef????
2499,"For The red sauce pasta, the pasta wasn't cooked well and the red sauce had too much salt & vinger. It takes them lot of time to prepare the order. It was the worst pasta and sauce I had."
2500,احلي باستا واحلي طعم واحلي صوص واحلي خدمة
2501,They refused to deliver to downtown and it shows delivers to you on elmenus.com . I really hate their customer service. The worst I've ever dealt with. NOT RECOMMENDED AT ALL
2502,دي باستا بالصوص الاصفر كنا فاكرنها هتبقي مليانة بهارات بقي وكدا لكن طلعت مظبوطة جدااا وطعم الكاري فيها مش كتير زي ما كنا فاكرين
2503,The food and portions are very good. Prices and service are suitable but the atmosphere is not good at mohandiseen branch
2504,دا اسوأ مكان ممكن الواحد ياكل منه باستا فعلاً.
2505,بصراحه الاكل جامده وفكره الصوص الجولد والجرين حلوه جدا رغم اني بعشق الوايت صوص
2506,باستا داوود باشا عظيمة وبطاطس بالجبنة حكاية والاجمل ان الاوردر وصل سخن مولع مبسوط جدا ومش هتبقي اخر مرة
2507,Ok so my friend and I ordered a golden sauce with basterma and a yellow sauce with chicken. It’s literally a soup and not pasta. Waaaaaaaaaaaaaaaaaaaaaay too much sauce that it’s ridiculous! I’ve never seen such a pasta in my life. The sauce itself...
2508,باستا حلوووووووة اوي
2509,حلوه اوووى الباستا oven بالفراخ و السجق و البسطرمه و العيش المحمص حلو اووى بس الطحينه معجبتنيش خالص حساه عايز توابل بس الاكل فى الاكل حلو جدا و المكان كمان
2510,Gebt oven baked chicken takeaway. I ate it right away in the car w kanet ta2reeban mafehaash ay white sauce wl el chicken olayela gedan. Another overrated restaurant
2511,"صلصة بتاعة المكرونة كان محتاجة تبقي زيادة عن كده شوية بس الطبق ككل طعمه جميل، أما التحلية بقي ""لقمة البوريو"" كانت حاجة كده خرافة وطعمها خيال."
2512,"الصلصة بتاعة المكرونة كان محتاجة تبقي زيادة عن كده شوية بس الطبق ككل طعمه جميل، أما التحلية بقي ""لقمة البوريو"" كانت حاجة كده خرافة وطعمها خيال."
2513,In love with the yellow sauce penna pasta (not oven baked) with extra mushrooms and medium spicy. Great quantity. Can be shared for 2 persons.
2514,أنواع الأطباق المقدمة محدودة على الرغم من كبر المنيو لأن كل صنف بيتقدم ب أنواع صوص مختلفة قد تكون مشلايقة عليه أصلا الصوص الأبيض هو البشاميل بشكل كبير الصوصات عبارة عن حدف دقيق و كريمة بشكل يضبع الطعم بدل ما يبرزه مكرونة الهوت دوج بيتى اوى كأن عازب س...
2515,ممتاز اوي والخدمه كويسه والمكان حميم اوي
2516,Best pasta i ever eat
2517,"The chicken oven pasta used to be good, not anymore."
2518,Good Place and i'd like to go again
2519,مكرونة بتيجي سخنة جدا .. الصوص طعمه هايل و الاسعار كويسة جدا بالنسبة لكمية الطاسة الكبيرة
2520,This my first time writing a review and unfortunately it's a negative one today I have ordered pasta with white sauce and chicken and the chicken was ( raw) it was the most horrible experience ever
2521,the pasta quality is very low
2522,"Most delicious white sauce pasta with chicken and mushrooms , i never get bored of it, totally in love with ????"
2523,الباستا هناك تحفة جدا جدا و نضيفة و المعاملة هناك كويسة جدا جدا ف فرع المعادي جربنا كذا نوع و كلهم كانوا كويسين جدا اتبسطوا ف المكان جدا جدا
2524,محدش يأكل في الفرع بتاع مكرم عبيد ، الباقي كلو حلو جدا لكن مكرم عبيد وحش جدا جدا
2525,طلبت من فرع المعادى الجديد مكروفة وايت صوص فراخ فالفرن كانت حلوة والصوص خفيف مش مليان جبنه ويخليك مش قادر تكمل كان بيتى وخفيف والجبنة معقولة بس الفراخ قليلة للاسف وطلبت تشير فرايز معجبتنيش لان الجبنة كانت نستو اكتر وشويه شيدر مش باينين اصلا فطعمه كان...
2526,The amount of cheese they put in their pasta is almost perfect Their food is really good It's a little overpriced
2527,bad quality for the price.
2528,الاكل في المطعم احسن من انك تطلبه علشان البستا لازم تتاكل وهي سخنة والباستا الماشروم احلى من الفراخ بكتير
2529,I used to eat from them many times I ordered two times one time was the best and the second was not good but the service is good the waiter changed the food but in vain
2530,أحلي مكرونه اكلتها من عنده وبطاطس متغرقه بالجبنه تحفه جدا كل ما بكون عايزه اكل مكرونه بروحله هو اول اختيار The besssttt
2531,لسة ماجربتش كل حاجه لكن المطعم ممتاز ويقدم خدمة ممتازة، لازم تجربه
2532,اناجربت الوايت صوص كان تتاكل بس مش اوى اما بقا اليلو صوص بالمشروم انا معدتى قلبت منها مش حلو خالص المطعم دا
2533,تحفة جدا تجربة الحمد لله مندمتش عليها المكان حلو ونضيف استف سريع وذوق والاكل فعلا جميل جدا.
2534,تحفة جدا تجربة الحمد لله مندمتش عليها المكان حلو ونضيف استف سريع وذوق والاكل فعلا جميل
2535,"The best white sauce pasta, The taste is amazing,"
2536,"بجد احلي باستا ف الكوون من اكتر الاماكن المفضلة عندي والتشيز فرايز حلوووة جدا دمتم My best palce احلى حاجة في pastaweesy بعد اﻻكل حسن الترحيب والمقابلة والذوق من فريق pastaweesy وبالذات ""يوسف"" شاب لذيذ اوي وذوق اوي اوي فرع مدينة نصر"
2537,الأكل طعمه حلو أوي بس الكميات قلة كتير عن زمان
2538,عنده الوایت صوص حلو الکمیه قلت
2539,Pasta golden sauce and yellow sauce is really bad and the penne wasn't cooked well I left my food
2540,Favorite pasta place!❤️
2541,"Pasta with yellow sauce (curry) & chicken, was delicious!"
2542,"They used to be good, they need to check their quality and quantity again"
2543,the taste is very good and the prices are good
2544,Sausage oven pasta with red sauce is still my absolute favorite
2545,الباستا بيتى شويه انا عجبنى الصوص الابيض اكتر لان الاحمر كان حامى جربوا الباستا الجولد
2546,اول تجربة واخر تجربه كبده بالوايت صوص ومشكل جبن وسجق جولدن صوص اولا المكرونات مش مستويه وبتعض وغير طعم نشا مقرف جدا ندخل على المكونات انا طلبت مكرونه كبده بالوايت صوص كانت الكبده مقبوله نوعا ما بس الصوص الابيض بشع طلبت مكرونه مشكل جبن جاتلي وايت ال...
2547,"Penne pasta with pesto & cream sauce and grilled chicken. Love this green sauce, the only negative thing is that sometimes they overcook the pasta."
2548,عندهم احلى fries bel bastrma و ال oven pasta احلى من العادى لانه بيغرقه جبنة اكتر و الطعم احلى
2549,"The yellow sauce is basically a curry sauce, probably my favorite there. However, the sausage wasn’t that good. Would recommend it with chicken or any other topping"
2550,"Red sauce pasta with meatballs, the tomato sauce was so delicious & the meatballs were decent."
2551,The pasta was good and the Lo2met el borio too Worth visiting again
2552,"bad taste , quality .. over priced"
2553,"chicken white, yellow and oven are tasty prices are kinda high didn't like the golden pasta"
2554,كمية الجبنه في المكرونه ال oven قربت تنقرض ، المشكله ان في حد بيتصل ياخد رأيي في الاوردر واقوله الملاحظات وبييجي المره اللي بعدها بنفس المشكله
2555,كالت الoven المفروض ان فيها جبنه بس مكانش فيها طعم الجبنه و كان الصلصله البيضه كان كتيره بغباء لدرجه انى موعت جامد و مكنتش قادر اكملها بسببها و الفراخ كانت قليله و طعمها مش باينةاوى من كتر الصلصه البيضه و البطاطس عاديه جدا و الجبنه برضه عاديه من الا...
2556,Very good pastas and the portion also the add-on all in all is going perfect ???? thr desert is not to the level.
2557,الصوص الأصفر حلو جدا جدا ،جبته مشكل سجق و مشروم و بسطرمة الصوص الاحمر كانت اقل كتير ، اللى فى البيت احلى منها
2558,تجربة سيئه للغاية... اولا استقبال العاملين لينا كان سيء جدا مفيش حد كان بيبتسم حتي ولا اي حاجة المهم انا طلبت مكرونة فرن بالفراخ و ناتشوس و بطاطس ب الجبنة اولا الناتشوس كان مقبول الي حد ما مع ان صوص الجبنة اللي كان عليه كان طعمة سىء جدا و هو هو نفس ...
2559,تجربه سيئه للغاية ... اولا استفبال العاملين لينا كان سىء جدا مفيش حد كان بيبتسم حتي ولا اي حاجة و قاعدنا انا طلبت مكرونة فرن بالفراخ و ناتشوس و بطاطس بالجبنة اولا الناتشوس كان مقبول الي حد ما مع ان صوص الجبنة اللي عليه بجد وحش جدا جدا و هو هو نفس الص...
2560,"عملنا اوردر بالتليفون و خلاص و فضلنا مستنين يجي... عدت ساعه و شويه و لسه مكنش جيه... لما اتصانت بيهم قالولنا ""اسفين يا فندم النور قاطع في الفرع من ساعة ما طلبت الاوردر و لغاية دلوقت لسه مجاش "" و قالو ان فيه حد كلمنا و مفيش ولا اي حاجه حصلت فا لغينا ا..."
2561,فرع جامعة الدول طلبت باستا فراخ وسيزر سالاد الباستا حلوة والجبنة جميلة بس السلطة كان فيها حتتين فراخ بالظبط وطماطم قليلة جدا وكلها كبوتشه الصوص بتاعها بس كان حلو
2562,"الفروع بتبقى مش واسعة قوى بس ما فقده فى الديكور رجعله فى الأكل و زيادة كمان. أنا دخلت أنا و صحابى و نحن نتضور جوعا لا فطرنا و لا اتغدينا و الساعة داخلة على ٧, يدوبك دخلنا و اتدلقنا فأول مكان فاضي, محدش كان عارف المكان أو سمع عنه بس كان عندنا فكرة ..."
2563,"Overall good experience and good place, food portion is so big for me I can't and not dare to complete my dish. Good to eat at restaurants but for delivery is not very well as the food containers wasn't good food. was attached in the covers."
2564,الاسعار كويسة جدا بالنسبة للكمية..و الكمية كتيرة و ممكن تكفي شخصين خاصة ال golden sauce..الضريبة و الخدمة هم اللي غاليين شوية بالنسبة لبقية المطاعم بس كتجربة حلوة جدا :)
2565,"الأكل بقي وحش بدرجة كبيرة عن قبل كده.. انا لسه طالب مكرونة بالوايت صوص و الفراخ من فرع المهندسين, الصوص عامل زي الشربة و خفيف جداً و كمية الفراخ قليلة جداً جداً جداً بالنسبة للمكرونة و كمية المكرونة كمان نفسها قلت.. ده غير ان الطعم نفسه مبقاش حلو زي ..."
2566,"The worst past I've ever had in my life. I tried safeer and dokki branches still, it sucks. Reallly sucks! My friend ordered pasta with sausage and she was poisoned!"
2567,فرع مدينه نصر . الجبنه سيئه جداا طعمها nauseating في مرتين مختلفتين . و مكملناش الأكل . خساره الفلوس اللي اتدفعت و تجربه مش حتتكرر.
2568,فرع اكتوبر الجديد جميل جدا جربنا اليلو صوص و الجولدن صوص و البطاطس بالجبنه كانوا جمال جدا المشكله فى الانتظار و اسعارهم الى حد ما غاليه والاستاف مش وحش بسمش واو اوى بالنسبه لفرع جديد
2569,تقييمي لفرع مدينة نصر : جودة الاكل : نوعا ما عادية مش ممتازة ومتحسش باختلاف قوي الاسعار: بالمقارنة بجودة الاكل .. اعلي شوية بسيطة لكن برضه مش غالية تنظيم المكان : ضيق قوي ومفيش خصوصية .. الترابيزات كلها لازقة ف بعض .. و وقفنا كتير علي ما لقي...
2570,Best macaroni I've tasted outside my house their meats need to be better though.
2571,مكان سيء واردأ من الرديء، سواء الاسطاف اسلوبهم او مظهرهم او خدمتهم ده غير الاكل السيء جدا جدا من حيث الطعم او التسوية او النضافة احنا طلبنا 3 باستات لقينا واحدة فيها شعرة وواحدة لقينا فيها حتة بلستكة وبس كده وطبعا سيبنا كلنا الاكل ولما بلغنا البهوات ...
2572,"Ordered an oven spaghetti with chicken and extra mozzarella and mushrooms. ended up having sticky spaghetti, what seemed like two fingertips-of-chicken along with a little amound of mushrooms and a hardly mozzarella. I paid the extra money charged fo..."
2573,"The staff is friendly. The beverage is clean and not bad .. I thins they have more to present, so may be I will revisit them."
2574,The staff is friendly. The beverage is clean and not bad .. they have more to present.
2575,فرع الدقي احلي بكتير من مدينه نصر بس الاتنين مستوي اقل عن الاول او اي مكان بيتشهر مش بيكون حلو و الخدمه وحشه جدا ّ
2576,I loved thr oven pasta and the green pasta ❤️❤️
2577,"Good food, but didn't get the best experience I was eectig"
2578,"Went last Friday to the new branch in 6 October. Me and my friends got chicken oven pasta , sogo2 and basterma oven pasta and yellow sauce sogo2 pasta. They were all amazing. We got cheesy fries too and it was great. The only thing that was bad was l..."
2579,El dish l size bta3o kowais msh keber awy bs kowais na kont talba Chicken Mushroom oven pasta bs kan ta2reban feh 4 qeta3 fera5 bas.
2580,7elwa w hya so5na bs t2ala gden
2581,زمان كان أحلى وطعم مزبوط . والكمية كبيرة مقارنة بالسعر. لكن دلوقتي بقى أقل واغلى والباستا مش حلوة خالص يمكن الovenهي الاحلى
2582,The crispy chicken wrap is amazing
2583,Excellent Pasta and Extremely Marvellous Lo2met elborio and high quality delivery service
2584,The chicken and mushroom oven pasta was really bad and so expensive
2585,خدمة ممتازة ففرع المهندسين .. الأكل تحفة اول مرة فعلا استمتع بمكرونات ... الأسعار ممتازة ..الوايت صوص بيتعمل بطريقة حلوة .. لقمة الاوريو ممتعة فأكلها جدا .
2586,مش هقول غير ان الاكل ملوش حل
2587,تجربة سيئة جدا جدا .... اسوء مكرونة في العالم تقريباً ... جربته مره و قلت محكمش من اول مرة بس دي تالت مرة .. المكرونة مهرية جدا الوايت سوس خفيف جدا السجق تقريبا ارخص حاجة في السوق
2588,المكرونة اللي في الفرن معجنه و نوع ردئ جدا جدا و الاختراع الcheesy wraps ده حاجه اي عك و استغفر الله يعني بجد مانصحش اي حد انه يجي المكان ده و ده فرع المهندسين
2589,الاكل حادق جداااااا وبيتاخر اوى فالتوصيل
2590,الاكل بقي وحش و غالي علي الفاضي ، منصحش بيه
2591,The best cheesy pasta in town do yummy I recommend it
2592,الاكل مليان جبنه بكرم فعلا بس الخدمه بطيئه للاسف
2593,روحت فرع اللي جمب الكوربه طلب الطاجن بس مكنش حلو
2594,جودة الأكل فيها مشكلة ما،طلبته مرتين وبعد المرتين الحمام كان ضرورة ملحة، الطعم نفسه كويس وخدمة العملا ممتازة ف2
2595,i'm in deep love with their pasta oven chicken mushroom was great & their pastrami & sausage was unbelievable ! just they need to make smaller pans so we can find an empty place in our stomach to try lo2met el oreo ????
2596,اكتر مكرونه مليانه جبنه و الكميه كبيره اوى و البطاطس بالبسطرمه و الجبنه حلوه اوى و السعر حلو جدا
2597,"Makram Ebid branch isn't good that much, waited much time for the order, but by the end they gave us ""lo2met El borio"" as a gift for free.. Somehow delicious taste"
2598,"I vomited 8 times yesterday because of their pasta green sauce with mushrooms, worst experience ever. I would never recommend it for anyone"
2599,فكره الجولدن صوص وطعم كل الصوص تحفه بصراحه
2600,انا رحت فرع مكرم عبيد كنت رايح اطلب تيك اواي وانا واقف قدام الكاشير فضل سايبني اخر واحد لحد ما اخد كل الاوردارت بتاعت الwaiters اللي بيخدموا الناس اللي في المطعم و لما بقله انا واقف قبلهم كلهم راح بصلي و قالي همشيهم الاول و بعدين هاخد الاورد بتاعك بط...
2601,Oven pasta with ferakh was very well but didn't deserve the price its too much to be for 70 le !! Then next time i visit them it was so crowded I ordered red sou pasta with sogo2 and fries with cheese it takes 40 mint to get the pasta then i finished...
2602,Not too tasty ... very normal
2603,"Very bad experience for the second time, so expensive and as you see it's almost pasta only despite it's (chicken pasta)"
2604,My pasta place *full stop*
2605,great place with reasonable prices
2606,لتاني مره تجربه زي الزفت بصراحه ومنصحش اي حد بيها .. فرع المهندسين النهاردة الساعة ٥:٥٠ دخلنا الفرع والاوردر اتاخد في دقيقتين لحد الساعة ٧ الاكل مانزلش مع العلم الترابيزة الي جنبنا طلبوا ٦:٢٠ الساعة ٧ كانو بيخلصوا الاكل قلنا للكاشير يكنسل الأوردر كان...
2607,احسن باستا فرن .. بس ال تشيكن عندهم مش اد كدة انما الباقي تحفة و كميات بمستوى الزبون الاكيل فاضل بس يعملوا باستا سي فود
2608,اسوأ مطعم دخلته فى حياتى فعلاً .. انا هحكيلكو و انتوا احكموا .. طبعا بداية كده عشان اقعد .. الترابيزه مش نظيفه خالص .. عشان يجى حد ينظفها من نفسه انسى .. تنده عليهم جم بالظبط بعد ربع ساعه.. دخلت اغسل ايدى ملقتش صابون اخرج انادى على اى حد ان فى حد ير...
2609,Pasta to remember Try spicy oven green sauce fettuccine with mushrooms and chicken
2610,Aw7sh sauce w aw7sh makrona
2611,The white sauce pasta with chicken in oven is fuckin breath-taking!!!
2612,It was one of my favorite restaurants i used to order every week but the last couple of times it was really bad the pasta was overcooked the sauce was bland and they changed the sausage they use which is now horrible the basterma is now very salty an...
2613,"At Nasr City branch. The staff is friendly, place is clean, food quality is good but the quantity of the chicken or mushroom needs to be much a little."
2614,"Ordered penna with minced meat, it had a strong taste of soap. Worst I ever tried."
2615,"Tried it in Dokki branch, which had small uncomfortable seating. Food was bland, average at best. Not worth it."
2616,مش كل يوم بنشوف مكان يحترم الناس زي بستاويسي والشباب للي شغاله دمها خفيف والروح حلوه بجد بيشتغلو من قلبهم والاكل ممتاز والخدمه كويسه والاسعار معقوله شكرا يا عم بستاويسي????????
2617,Aw7ashhh 7aga u could ever taste!!????
2618,"horrible food ,,, i don't like it at all"
2619,خدمة التوصيل سيئة للغاية، مرت ساعة حسب ما قالوا في التليفون ولما اتصلت الموظف بيقولي لسة الأوردر طالع حالا وان الساعة دي هي ساعة تحضير الأوردر. للأسف زي مطاعم كتير بتبدأ ممتازة وتنتهي بالطريقة دي
2620,Pasta was amazing ????
2621,"Best pasta in town, they deliver everything super hot and super yummy, my favorite of all time..."
2622,Not bad but a very slow service
2623,Worst hotline service ! Waited more than 10 minutes for someone to answer the phone !
2624,بعد ما عملت الأوردر من فرع مصر الجديدة بساعة الا ربع كلمتهم اشوف ادامه أد ايه قالولي كان في غلط فى العنوان والاوردر لسه حيطلع من الفرع دلوقتي، بعدها بتلت ساعة لاقيت الدليڤري بيكلمنى بيقولي العنوان فين بقى، قولتلو انتا بعد ساعة و عشر دقايق بتكلموني تق...
2625,فرع مدينه نصر ، الاستف زوق و المكان نضيف و الديكور لذيذ ، الاكل طعمه حلو جدا والكميه مش سهل انك تكملها لاخرها
2626,Very bad call center. They do not deliver to nozha ... Are you real?
2627,Sa3a 3ala el telephone mesh 3arf a3ml order very bad delivery service :(
2628,Best Pasta you can find!
2629,lo2met el borio is good thier pasta is amazaing ❤
2630,worst delivery ever... i got this call after an hour from ordering telling me that the order is going to be late due to some maintinance in the kitchen!!!!!!!!!!!!! very lame and unacceptable.
2631,زباااااااااااااااله .... وغالى عالفاضىىى
2632,محترمين جدااا وناس بتفهم في الزوق ومش بيبيعو وخلاص
2633,Best pasta ever
2634,el sogo2 bel basterma 7owaaar !
2635,"l akl feh t3mo to7fa w l 5dma feh kwysa, l mkan bs m7tag eno ykon akbr shwya"
2636,"Very bad experience, cold staff, slow customer service"
2637,مطعم محترم و نضيف و الاكل تحفة. من احسن الى عندوخم خدمة عملة فى مصرو ناس فى منتهى الذوق و الاحترام. حصل معايا موقف ان انا كلمة خدمة العملة و كنت عايز اطلب دليڤيرى لمدينة نصر بس هما لسه معندهمش الخدمة لمدينة نصر، بس عشان انا كان نفسى فيه بعتولى الاكل ...
2638,"The pasta are cocked well , taste great specially the one with pasterma . The place it self (seats ) very baaaaad like very bad . Delivery will be great choice"
2639,حلو جدا جدا الباستا اكتر حاجة ضيقاتني ان الموسيقى كانت عالية اوى بس كل حاجة تحفة
2640,"I loved the place , the service , the pasta .. Order ""Forn"" and you won't regret it"
2641,The service is good and the portions and quality and prices are pretty good to be fair but the pasta and the sauce have a really weak taste to be honest
2642,تجربه سيئه جدا الأمل وحش المكان ضيق السيرفس وحشه طعم المكرونة والاكل وحش جدا
2643,اسوء مكان ممكن تاكل فيه مكرونه اولا البطاطس اللي بالجبنه طعمها مش حلو خالص والاكل كميات كبيره من غير طعم ده غير ان المكان في هليوبلس ضيق جدا جدا والامل مبينزلش كله مره واحده انا وجوزي الاوردر جالي الاول وبعد ربع ساعه جاله الاوردر بتاعه المكرونة سيئه ...
2644,lazim tegrb pastawessy
2645,Al mkan gamil we Al Nass mo7trmin bgd we l all akl to7faaa I like so much
2646,لو محتار تاكل pasta حلوة فين متترددش ابدا في انك تديها pastaweesy! السجق و البسطرمة ديه حوااار! و ال chicken oven عليها extra mushroom ديه المزاج كله? الفرايز بالبسطرمة و الجبنة جامدة جدا بردو اسعارهم معقولة جدا و الquality و الportion اقدر اديهم 5...
2647,الoven حلوة بس تقيلة جدا ماكلتش غير خمس شوكات تقريبا بس حلوة البطاطس بقي هي اللي سيئة وطرية ومزيتة وسخيفة
2648,من حلى المطاعم .. شكرا باستاويسى
2649,mataam motamaiz gedn fe kol haga
2650,great pasta & wondrful restruant
2651,very delicious foodddd
2652,the best food in the world
2653,انا جربت الباستا بتعتكو بجد تحفه تسلم أيديكم والاسبوع ال فات عرفت انو ليكم فرع ف مصر ال جديده جربنا انا وأصدقائي وعجتنا الفكره جداااااااااااا يارب تفضلو ع نفس المستوى
2654,pastaweesy very good food
2655,good fast food restaurants naics
2656,pastaweesy creative
2657,pastaweesy excellent
2658,Oven pasta and lo2met el Borio ??
2659,amazing pasta and great desert (lo2met el borio is a must )
2660,"Although it has a marvlous oven pasta and customer service , but regarding the hygiene it deserves ZERO. For the second time I found a hair in my pasta. They have to work on hygiene standards."
2661,تجربة سيئة جدا..روحت مرتين فرع الدقي مع صحابي غير ان المكان ضيق جدا جدا..فالخدمة كمان وحشة والباستا اللي طلبتها واحدة من صحابي كان فيها دبانة ولما ندهنا الويتر راح اخدها بكل برود وجاب واحدة تانية بس احنا طلعنا ذوق ومرضيناش نعلي صوتنا ونعمل مشكلة بس ل...
2662,actually i don't see any reasonable prices..
2663,Worest pasta ever u can eat And it is over priced
2664,I got delivery from Heliopolis Branch today. Food tasted excellent and arrived really hot.(oven pasta and fries) Excellent packaging as well.
2665,"i love the pasta but club 33 branch is very bad, the delivered pasta also is not good"
2666,Good food but the place is very small !!!
2667,"I am sorry to write this but this place has lost me for ever my last 2 times there were Awful I hated it . The order was wrong , the pasta was over cooked and the sauce was very thin as if it was just water with color . I used to love the pasta there..."
2668,الاكل حلو بس مش مميز طلبت chicken pasta green sauce كمية الفراخ كانت قليلة و المكرونة مطبوخة زيادة. الحاجة الوحيدة الكويسة ان ال sauce كان فريش. الخدمة كويسة جدا و المكان صغير بس لطيف.
2669,مشوفتش مكان بيتعامل بعشوائيه زيهم اولا بتدخل تقعود ساعه محدش يعبرك فعلا قعدنا مده كبيره و طلبنا المنيو كذا مره !! الترابيزات مش نضيفه لازم تقولو ينضفها الحمدلله قررت ان امشي قبل ما استني اشوف الاكل بتاعهم انا قرفت من الاكل من قله نضافتهم الله ا...
2670,Incredible pasta and very tasty ❤️
2671,"Amazing pasta .simply loved it ,but I gave u 4 because We had to wait for more than 20 mins to have a table"
2672,"The pasta is really good, tried all kinds of it and it never failed me. The prices are fine too. The only missing star is for the hygiene, i wish the place was cleaner as it will be perfection. Mohndseen branch."
2673,Lo2mt el borio a7la 7aga momkn tdo2ha fb7yatk ?
2674,Breakfast is extremely bad
2675,المكان اكتر من رائع جربت فرع المهندسين و مصر الجديدة. الباستا حاجة م الجنة كده و الاكل كتير و السعر حلو بس يا ريت نهتم بالديليفري اكتر من كده عشان الباستا خصوصا اني مدمنة oven pasta with chicken and mushroom فبتجيلي الديليفري حجمها اقل النص من الفرع ...
2676,يعني كان نفسي بعد شياكة التغليف واختيار الاسم والتاخير ساعه ونص من الزمالك للمهندسين، والاوردر الغلط وصاحب المكان اللي قالولي هيكلمك يحل مشكلتك ومتصلش .... ان الاكل يطلع حلو اوحش مكرونه كلتها في حياتي والاكل دسم جدا كان نفسي محطش نجمه ..بس مضطر
2677,The pasta is really nice I tried oven pasta with chicken and asked for mushroom to be added to the dish. The taste was amazing. The dessert: Off course lo2metl tl Borio is so yummyyyy you must try.... I loved it For the location: I went to zamalek b...
2678,"Best pasta in town when it comes to taste, service and sanitation, these people really care about customer satisfaction. 2 negative notes: 1st place is really tiny, it's like you're just sitting ""3la 7egr el ganbak"" and it is kindda hot in there. 2..."
2679,"I Love pasta in all its forms.. you can say I am a pasta freak.. Honestly, I used to think that Dido's was the best to serve pasta since I have tried almost every other place that serves it untill I found Pastaweesy.."
2680,addicted to oven pasta
2681,very good experince ..
2682,pleasant .. I'm addicted.
2683,"I just ordered Pastaweesy, delivery was good, portions are excellent! we ordered the pesto sauce with mushrooms it was good and creamy, and Sogo2 red sauce which was okay. BUT Lo2mt el Borio is simply DELICIOUS! It had 3 little bites and and a delici..."
2684,Lo2met elborio. Bas keda
2685,I ordered pasta penna and it came spaghetti and it took the order to arrive 2 hrs from mohandessin to garden city obviously the guy who tool the order forgot to send the order till i called him for the second time. In addition the meatballs didnt tas...
2686,Very tasty items ...
2687,انا مبسوط .. .......
2688,"Pastaweesy really up-leveled their game! I used to order them, but stopped for a while and today since I was craving pasta and it's their specialty, I thought I'd give them a try. Ordered a white sauce pasta with chicken, spicy red sauce pasta, and l..."
2689,"Excellent pasta, very nice"
2690,"Great Pasta i really love it, and you deserve a nobel for ""Lo2met el borio"" :D"
2691,this place is really good.. nice pastas incredible portions its like a bucket of pasta and its only like 20 pounds or less.. loved loved the sogo2 pasta it was the best. the turkish one good as well the liver was ok. i tried the falafel wrap it was r...
2692,"An Awesome costeffective restaurant where u can enjoy ur meal and save ur money DNever leave this place without trying '""Lo2met el Borio""""So friendly staff"
