,comment
0,جاي باااارد
1,It's very small
2,الساندوتش بارد تماما وكأنه معمول من زمان والصوص اللي عليه ملطخ الساندوتش من كل الجوانب وتغليفه سئ جدا
3,الكول سلو مجاش
4,مفيش بطاطس وبيبسي
5,كان حلو وجاي سخن ، بس شكل المطعم نسي يحط صوص
6,انا طالبه الساندوتش ساده خالص بس جالى عليه كل الاضافات و انا مش عايزاها الخدمه بقت سيئه جدا
7,التيش كيك جايه في علبه مكسوره و المندوب بيقولي نزل السبت .. خبره سيئه جدا من الشركه و المطعم
8,البطاطس نية ومملحة زيادة
9,الاكل بارد
10,.
11,البرجر كانت لحمته بتشد
12,متاخر 50دقيقه
13,👏👏👏
14,طلب بقشيش
15,Food was good but they forgot the ranch sauce cup
16,سندوتش صغير اوي اللحمه شبه محروقة الصوصات معدومه تجربة سيئة مع اني بحب المطعم بس لا للاسف
17,ً
18,The food was so cold
19,Wasn’t hot
20,الاوردر وصل بعد ساعة و نص .. الساعة ٢ الفجر و بارد و مايتكلش
21,Thank
22,Got food poisoning
23,الدليفري بيتأخر جدا... والاوردر اترفض من المطعم بسبب اضافة هم حاطينها غلط، وولا المطعم كلمني ولا المنيوز يقولوا ان الاوردر اترفض، فبوظوا لي يومي ومواعيدي مستني الاكل على الفاضي
24,More than 1 hour to deliver fast food
25,مفيش V cola فى الطلب
26,يعني ايه ابقى باكل و الاقي حتة زجاج في بقي محتاج تفسير لو مكنتش خدت بالي كان ايه حصل مش فاهم !!!!؟؟؟
27,"Fries is not good for the past 2 orders, so oily & cold"
28,الديلفري استلم الاوردر وراح يوصل اوردرات تانيه اتأخر عليا نص ساعه والاكل وصل ساقع
29,البرجر نفسه كان محروق وطعمه محروق والخيار المخلل كان في واحده متاكله😂
30,الاكل واصل بارد جدا
31,الطلب ناقص بطاطس و البيبس
32,👏🏻
33,Gg
34,veryyyy cold
35,الاكل وصل بارد
36,حلو الاكل
37,Just the amount of the fries was so little
38,cold
39,The food came very cold which affected the taste not as expected.
40,السندوتش جاي من غير حاجة لحمة في العيش من غير الخضار اللي بيتحط على السندوتش ولا حاجة
41,بارد بسبب التوصيل متاخر جدا
42,the v cola didn't cake with the order
43,الاوردر مجاش معاه v cola مع انها من ضمن الوجبة ولا حتي استبدلوها ب اي مشروب تاني
44,الاكل حلو بس كان بارد و الفرع ف نفس الشارع
45,The apple was a disaster
46,صوص لم يصل مع الاوردر
47,worest order ever!! arrived late and so cold and i threw it !!!
48,السندوتش معمول بقالو كتير فالعيش طري اووي و ملدن
49,Too cold
50,اوردر بايت و وحش اووي
51,الاكل جاي بارد جدا
52,الاكل ساقع كمان
53,العيش وحش جداا
54,They gave me a classic sandwich instead of shiitake mushroom ordered I have no idea why! The value not bad yet the sandwiches are smaller somehow. Taste still I prefer it over a lot of brands
55,It was good
56,الاوردر لم يصل حتي الآن
57,البطاطس صغيره السندوتش مفهوش صوص
58,❤️
59,الاوردر مجاش اصلا
60,الاوردر نفسه طعمه حلو لكن التوصيل كان وفت طويل اوي والاكل وصل بارد
61,ممتاز
62,Fries were really bad & only received 1 salad instead of 2 although I ordered 2 combos
63,العيش كان مش فريش وفطيرة التفاح مزيته جدا وصغيره
64,Order was cold
65,One and half hours to deliver the order
66,الاكل بارد جدا والتوصيل اتاخر ساعتين
67,السلطة كانت عبارة عن طماطم و بصل بس
68,طعمه وحش
69,the burger was artificial
70,everything was perfect but they gave me normal chicken mattress instead of spicy
71,Ok
72,Received my drink broken and spilled everywhere
73,didn't arrive
74,جالي ساندوتش انا مش طالبه غير الي طالبه !!!
75,الاوردر سئ جدا
76,الاكل كان بارد و طعمه سيء جدا غير ما اتعودنا عليه
77,Horribly salty sandwiches. Caused heartburn.
78,شكرا بافلو الاكل تحفه
79,الاوردر وصل بارد جدا و الفرايز ساقعة و ناشفة
80,the fries were very bad
81,The order is late one hour from delivery tome and it was extremely cold when I got it
82,تجربة مش هتتكرر
83,Delivery was late
84,جميل جدا
85,الاكل كان جاي بارد
86,الاوردر تم تغيره بشكوى مني لانه كان جاي بارد وصل التاني بارد برضه ده غير الانتظار الطويل للاوردرين والساعه كانت وصلت ٢ صباحا عند استلام الاوردر الثاني.. وقت ومجهود ضايعين حاجه في منتهي السوء وفرع شبرا فعلا محتاج شكوى ومش هسكت الا أن يتم اتخاذ إجراء
87,"the sandwich tasted very bad, bun was very dry and not fresh.. fries was very cold. very disappointing"
88,البطاطس كانت باردة
89,جميل
90,الاوردر وصل متأخر جدا وبالتالي وصل الساندويتش بارد والبطاطس بارده وطريه وده لان الاوردر جاي من فرع شارع النصر وده بعيد عني جدا مع ان أنا جنبي فرع في شارع الخمسين بيني وبينه خمس دقايق وانا كلمت المطعم وقالولي ان توجيه الاوردر بيقي من الابليكيشن ب...
91,I received the order very cold
92,سىء
93,الطلب اتاخر ومفيش دعم فني الاكل جه يارد الطيار مش عارف يتعامل مع الابلكيشن وتايه في القريه
94,سئ جدا
95,Vhh
96,الطلب وصل ناقص سندوش و بطاطس
97,The was no box of extra vegetables.
98,الاكل ماكانش صابح اوي ساعتها بس المطعم ك كل كويس
99,حاطين ليا صوص غير الي طلبته
100,The sandwiches arrive drowning in sauce every time and they're very difficult to eat. Please pay attention to this.
101,Cold
102,العصير وصل مش فريش ومجمد ولما فك تجميد اكتشفنا انه بايظ
103,there were no pickles 🥒
104,لقيت شعر صغير واتقرفت والماشروم كان نى
105,ممتازة
106,"They covered the sandwiches with huge amounts of mayo that I could barely eat it , I had to remove almost half a cup of mayo from each sandwich."
107,تاخير في التوصيل
108,الراجل اللى وصل وحش جدا جدا
109,الاكل واصل بارد وطعمه مش احسن حاجة والسندوتش مش مخدوم الكابتشا مش فريش
110,👌🏻
111,The worthiest customer service around the world
112,Vcf
113,sauce was too oily many of the utensils didn't arrive the whole order wasn't at the normal quality of buffalo's
114,Missing fries didn’t come with order and was written in my receipt as I ordered combo.
115,عمالين تصغروا في الساندويتش مش عارف هتودوه فين تاني
116,سلوك الطيار مينفعش يكون واجهه لمطعم بافلو برجر نهائياً
117,the price of the order went up after I already placed it which I agreed to but the the food was poorly done. the Blanco fries were not cooked well they were soft and wet and the taste of the burger wasn't the best. I didn't finish anything
118,المشروب مجاش ولا البطاطس
119,Raw chicken
120,cold fries
121,excellent
122,الاكل ممتاز بس طلبت خيار مخلل زيادة محطوش اصلاً
123,I received chicken sandwich and not chicken fries for the second time
124,This branch is very bad service and not professional at all . They give wrong orders and missed items
125,كل حاجة وفت الاورد جاي فيه حاجات بتقرقش وجاي ناقص مفهوش غير شريحة طماطم وال فطيرة التفاح حطتنها ف علبه بطاطس لا في نضافه ولا في اهتمام دفعت 400ج ورميت الاكل حسبي الله ونعم الوكيل فيكو كلكو
126,المرة دي كان طعمه وحش والخل كتير جدا في التتبيله وملح البطاطس كتير جدا
127,Great taste
128,باااارد الطلب وصلني
129,cold food and very tough tasteless burger
130,It was warm
131,"one of the sandwiches was very wet and saggy and tasted very bad, It made me sick all day, plus one of the 4 VCola came empty because it was damaged from the side. So overall a bad experience"
132,مطعم زبالة مش بيردوا ولا علي الزباين ولا علي خدمة الدعم من المنيوز و اخروا الاوردر ساعتين و نص، زبالة
133,الطعم كان افضل من كده بكتير
134,👌
135,"Burger quality was so bad and chewy, cheese tastes like artificial cheese like the burger"
136,The bacon was soooo bad
137,حلو جدا
138,تحفة
139,B
140,يعتا. لينك من غير ضريبه وحسبوا ضريبه وقال اصله مش بيتكتب مع أنه في الوصل مش مكتوب ضريبه. سرقة علني. مقاطعة
141,الطلب وصل ناقص عرض الكينج مو
142,this
143,wrong item sent
144,Portions are smaller than usual
145,Very bad spicy and extra extra extra black paper
146,The order was messy and missing some items that was delivered later
147,الاوردر جيه غلط أصلا بس كلته و خلاص 🙃
148,burger was a bit dry and not juicy at all
149,👍
150,Late
151,Good
152,البرجر جاء مغلف ومعبأ بطريقة غير جيدة مما ادي إلى انضغاط الطعام
153,"very good burgers,i liked the bacon fries too"
154,gamed
155,chicken was not that good
156,تجربه سيئه الأوردر كله جه غلط
157,Amazing
158,"the sauce was less than usual, im a regular customer btw. other than that everything was good"
159,الكيس كان مفتوح
160,الأكل كان بارد جدا والبرجر تقريبا بايت او معمول من الصبح مش طازة والبطاطس الفرايز مجلدة ومش سخنة ... الاكل كان وحش جدااا مع اني طالبة اوردر كبير للاسف كله كان نفس النظام
161,الاكل بارد و البيبسي كانت ضاربة في الشنطة و بهدلت كل حاجه و المطعم قعد ساعتين عشان يبدل الاوردر
162,جميل جدا ولاكن خدمه التوصيل مش احسن حاجه
163,Very bad
164,There was a missing Orange juice. We only received one & paid for the 2 bottles.
165,The grilled burger (Charboiled) is overheated and the caramelized onions are not enough in the sandwich.
166,Arrived cold but not a big deal. The taste is excellent 👍
167,Order came without toy
168,gg
169,البطاطس كانت محروقة
170,ممتاز كالعادة 💕❤️🤩😘🥰
171,My food frozen
172,Tasty
173,Cool
174,المطعم ده كان كويس جداً بس اصبح من اسوأ المطاعم و خدمة العملاء اوحش من ما تتخيل
175,Most of the food frozen
176,kids order wasn't cooked well it was really bad she didn't eat it my order came without fries
177,بأختصار فرع العبور فرع غير مسئول وغير مهتم برضي العميل
178,الاوردر جه ناقص كلمنا المطعم وقال هيبعت الحاجات الناقصه ومبعتش حاجة ده غير ان الاكل مكنش احسن حاجة.....بافلو بقى سيء كواليتي اكل او تعامل الي شغالين فيه خصوصا الكول سنتر
179,حقيقي الاكل كان بشع وصل بعد ساعتين طبعا وصل متلج والاكل طعمه يقرف ومفيش اهتمام من اي حد وحلقات البصل متبهدلة الطبقة الخارجية واقعة من البصل نفسه وحاجة بجد تقرف ، ابلكيشن المنيوز دايما بتثبتوا قد ايه انتوا فاشلين
180,الطلب اتاخر جدا جدا قعد ٤ ساعات ومفيش رد من المطعم نهائي والاكل جه بشع حرفيا متلج ومجلد تجربه سيئه جدا
181,I paid for extra mushroom on the barbecue burger but I received no mushrooms at all
182,I received wrong order
183,Nice
184,مستلمتش الأوردر بتاعى .. و الفلوس اتخصمت من الفيزا
185,Never failed us🫶. Never failed us
186,كان ناقص السلطة
187,انا طلبت اكسترا تشيز واكسترا هالبينيو وحطو كام قطعه فى الساندوتش والجبنه محطوش اصلا المفروض يخلو الحاجات الاكسترا فى كب خارجى
188,الاكل كان بارد و الفراخ كانت بايظه تقريبا
189,دايماً بطلب نفس الطلب من فروع تانيه وبيجي حلو اول مرا اذوق طعم الوجبه وتكون سيئه كدا السندوتش فيلو نقطه صوص كاننا بنشحتها اما البطاطس مليان زيت وطعم الزيت سيء جداً كانو قديم اخر مرا اطلب اوردر من الفرع دا اتمنى يتحسن او يتقفل
190,it was very very very very very very very very very very skibidi and sigma rizz
191,It was very bad this time I don’t know why
192,Food arrived cold despite reminding them to send it piping hot!
193,The order came with a missing fries packet
194,اتأخر كتير عن وقت الفطار ، ناقص كاتشب
195,The best Caesar Salad ever👌👌👌
196,Thanks
197,اسوأ برجر من بافلو برجر
198,Maknsh a7san 7aga
199,PERFECT! Everything was freshly cooked and tasted delicious
200,I had a stomachache .
201,حلو بس الاكل جه بارد شوية
202,Burger and fries was too cold and missing V cola
203,fries are soggy
204,Not that good honestly
205,"I ordered two 200 grams beef sandwiches and received completely different two tiny sandwiches!!!! Because we were fasting, we discovered the mistake after an hour and were forced to eat them."
206,‘
207,Cold food
208,الاوردر كان ناقص الفرايز والكولا
209,I had a missing item the options were Either to wait for another hour to bring it !! or the next time I am going to order I have to call the support team of the restaurant and remind them that I had a mistake the last order so they can deduct the va...
210,h
211,🤍
212,order didnt come cause the delivery took from wrong shop
213,The chicken was not well cooked
214,cold food
215,The order was horrible! The sandwich was messed up and was soft from downside as if water was poured on it! The taste was awful and it was not even warm! This is one of the worst experiences I ever had with Buffalo Burger!
216,الساندوتش جه جزء منه مبلول soggy
217,Uggh
218,tmam
219,Coold food
220,Bad
221,quality is getting amazing and taste is really delicious
222,الأكل كان بايظ
223,i didn't even recieve my order
224,The food was great and driver was very polite
225,للأسف طعم َ و ريحه اللحمه مش حلوه
226,الاوردر كان لذيذ بس اتاخر التوصيل اكتر من ساعة ونص
227,الاوردار كله ممتاز كالعاده بس المفروض كان يجى فى شنطه مش البوكس لوحدها
228,BAs mafysh btates
229,Thank you it was delicious
230,جميل اوي و بحسه من انضف مطاعم البرجر في مصر بس للاسف اسعاره بقت اوفر خصوصاً بعد المقاطعة
231,The food was cold
232,The burger came very very soggy with really big chunks of mushrom that tasted really bad the bites were totally empty felt like im eating leftover fried chunks of bread
233,Meal was not any thing like the advertisement for that high price
234,تمام
235,الاوردر كان ناقص السلطة اللي بتيجي مع البرجر
236,Food come not hot
237,الاوردر جه ناقص السلطه والكولا وفي الاخر الكولا بس اللي جت
238,Fries wasn't fresh 🥺🥹
239,Not delivered
240,الاوردر مجاش
241,الاكل بارد جدا
242,Food was cold
243,nn
244,زيت ال دو باي كان كتير جدا.
245,دائماً بتيجي الحاجه ناقصه يا اما طلب مختلف
246,Very good
247,ok
248,البطاطس بارده وناشفه بس الساندويتش تحفه
249,Uncooked chicken 🤮🤮
250,مفيش ولا زجاجه بيج كولا وصلت مع الاوردر
251,مجاش اصلا، وبطلو خرا ي تطبيق عرا
252,Bb
253,في شعر في الاكل
254,K
255,زي الخرا
256,my oder regarding the sandwiches was (1) old-school & (1) cholo's but they both came cholo'c
257,العيش مش طازة وبيتفتت كله مش حلو خالص ومفرول
258,الطعم مش حلو
259,كان كل الساندوتش فلفل بجد الفراخ صغيرة اوي بجد احنا حرفيا رمناه
260,دبى باى وحشة جداً وملهاش طعم
261,wrong itesm/number
262,perfect
263,And cold
264,الطلب ناقص السلطة الطماطم و الخيار و البصل و الخس اللي دايما بيبقى مع أي ساندويتش
265,حجم الساندوتش محتاج يكون اكبر شوية
266,الاوردر كان بارد
267,كأنه برجر جاهز اسوء فرع لبافيلو برجر
268,"there was no cheese or sauce on the burger. I was just a meat patty and bun. also, there was no ketchup included."
269,الاكل موصلش فين الاكل اللي اقيمه؟!!!!!!!!!!
270,The drink didn’t arrive
271,sandwich very salty. FRIES was COLD.and out of its box.
272,thanks 😊
273,الساندوتش جاي بارد المشروم جاي اسود خالص الصوص قليل جدا البرجر كانها مشويه 100 الف مره اسوء تجربه بصراحه
274,Food arrived cold
275,Excellent beef
276,the food is good but the price is expensive
277,Horrible
278,"i ordered a chicken crush sandwich without sauce or cheese although the muneus application called me to confirm the order, the sandwiche came with cheese and sauce it was a bad experience."
279,Order was terrible
280,البرجر كان مقدد
281,الطعم سئ والبرجر كان محروق
282,The food came cold
283,Perfect
284,..
285,It become worse everyday please improve the taste and put more sauce!
286,Na
287,Bad taste and high prices. Felt like eating a piece of rubber not meat.
288,Prices higher than the website
289,وحش جداااا و مفيش مناديل ولا شوك و الخضار شكله وحش كانه متاكل منه او باقي من حد
290,الجبنه سيئه وتغير طعم السندوتش
291,The driver was so rude
292,الاوردر كان جميل شكرا
293,Missing 2 Pepsi and 2 fries
294,fries were cold
295,جيد
296,Worst experience ever this is the last time Im ordering from this restaurant Zero quality checks and useless management
297,Burger didn't taste like meat. Felt like I was eating a piece of rubber with a ton of sauce. Don't recommend it and won't eat from here again.
298,The onion rings were cold and not fresh
299,cover is not like before burger salad inside not like before it's like cost reduction theory
300,اول مرة يجيلي الساندوتش طعمه مش حلو و بارد 😞
301,I received burger instead of chicken for the kids meal
302,الاوردر وصل غلط وطعمه زفت ...............
303,IT IS NOT HERE YET
304,مطعم مش نضيف واكله سئ وخدمة زي الزفت والعمالة زي الزفت وعلي رأسهم مدير الفرع وطلبنا اخر مره اوردر ١:٣٠ بيكملونا علي ٤:٣٠ في التليفون يقولوا لسه مبدأناش الاوردر وهيوصلكم ٥:٣٠ وواخدين فلوسهم مقدم مرشحش المطعم ده نهائيا
305,gave us food poisoning
306,The fries were cold when they arrived. Also I was called 4 times asking for location. The delivery experience was very unprofessional.
307,The sandwiches were cold
308,الصوص كله و البصل و الجبنة برة الساندويش مفيش منديل او جوانتي او اي حاجة من الحاجات البتيجي مع الاوردر ساندوش الفراخ كان علية مايونيز كتير جدا زي ما يكون ساندوتش مايونيز مش فراخ و الفراخ مقلية زيادة اوي و ده مش العادي بتاع المطعم بس المرة دي الوردر ...
309,…
310,الاكل كان بارد
311,البطاطس كانت من غير بهارات
312,كواليتى ممتازة،سرعة فى التوصيل و سعر مناسب. الاكل بس كان بارد شوية
313,It was really bad
314,حلو
315,awfullllllll!!! the bread wasn't good or burger!! salad was only tomatoes and onion only with bad smelling it was sucks! yet i wrote in my notes to be fresh and well done
316,السندويش المفروض عليه مشروم وهو جه بدون مشروم
317,اللحمة اتغيرت خالص بقت حاجة كلها صويا تقريبا او دهن وناعمة كدة مش نفس البرجر خالص
318,شكرا جزيلا علي البرجر .. بس كان فيه أجزاء محروقه .. ارجو الإهتمام بتسوية بدون المبالغة في وضعه علي النار لكي لا يكون فيه أجزاء محروقة . شكرا جزيلا .
319,الصورة الخاصة بالمنتج فيها كوب مشروب غازي لكن غير موجود ضمن مكونات الاوردر
320,الفرايز سئ والساندوش
321,spoiled salad
322,الساتدوتش صغير
323,انا مستلمتش الاوردار و الديليفري حاولت اتواصل معاه محدش رد و الاوردار حسابه اتخصم بدون ما استلم
324,I ordered sandwich with lettuce and it came to me with normal bread
325,جدا حالي
326,I didn’t get the mozzarella sticks
327,I didnt get my order asln! And i paid for it.
328,الأكل جه بايظ وعاوزة استرد فلوسي لو سمحت
329,لم يصل كامل
330,الاوردر كان ناقص الapple pie
331,wrong size of fries and late delivery
332,:
333,The package was wet from the salad
334,الاوردر موصلش اساسا يا افندم
335,"portions are much less than before, the 150gm sandwiches look like 100gms only, the vegiie box for on sandwich was missing... not really what I was expecting."
336,I ordered 400 gm and they bring 300gm burger
337,لم يتم ارسال اي سلطات بجانب السندوتشات..والاوردر كان ناقص ١ فرايز لارج...وتم اضافه جبنه على سندوتشات طلبناها بدون إضافة جبنه
338,بارد . والخس والخيار مكنوش طازة واعتقد الخيار المخلل كان بايظ. والبطاطس كانت باردة جدا
339,So bad!
340,worst buffalo and el menu experience everrr.major miss communication and my order was missing the drinks and sides. I couldn't even call to complain as it was late not to mention that the customer service at el menu did nothing to help
341,حلو جداً
342,للاسف الشديد كنت اتعامل معكم و كنت من محبي الساندويتشات بتاعك بس للاسف لن ادفع مليم من أجل الفلسطن من أجل من قتلوا جنودنا و ضباطنا و اهالينا المصريين ابقى خلي عرة و الفلسطن ينفعوك تتحرق عرة و يتحرق الفلسطن بأوسخ جاز
343,الاكل كان بارد و الصوص كان قليل
344,Hello
345,البطاطس الديابلوي برده وطعم سيئ
346,شعر في الاكل.... اترمي زي ما هو
347,أسرع دليفري في مصر
348,الاوردر وصل ناقص الصوص و لما اتواصلت مع المطعم قالوا مالناش دعوة ارجعي لل المنيوز و انتوا ما ردتوش عليا
349,الاكل وصل بارد جدا حدا وجوده البطاطس سيئة جدا وكان الاكل مقلوب في الشنطه وطعم الاكل المره دي مش زي كل مره بصراحة زعلت جدا جدا من ان الجوده تنزل كده
350,"very expensive, no fries or cola,"
351,Slow delivery
352,واحد من الاتنين جه غلط وطلبت ماية جه بيبسي
353,زفت و الاكل موصليش و وصل لحد تاني
354,للاسف كنت احترمك و كنت افضل اكلك بس انا لن ادفع فلوس علشان تساند من يكره مصر و المصريين تساند من قتل أبناء مصر ابقى خلي الفلسطن ينفعوك
355,الاوردر لتلات افراد واصل حجات تكفي فردين بس
356,"Terrible food cheese tasted bland, the food was cold and burger wasn’t as it usually is overall really bad experience"
357,The sauces are not enough
358,الساندويتش كان فيه شعر لدرجة ان معدتي قلبت و رجعته كله بعد ما اكلت جودة الاكل وحشة جدا علي غير العادة من بافالو
359,I didn't get 2 pack of fries and 2 cola
360,انا طلبت ساندوتش ليه يجي قطعه برجر
361,great food and temperature
362,missing two of the meals vegetables addons
363,تم التواصل مع الفرع تاخر غير مقبول في التوصيل وعدم معرفة الديلفري العنوان ورفض الاوردر بسبب التأخير
364,شكرا على الاهتمام بجودة الطعام ونكهته
365,"very very late in delivery ordered 1:30 am arrived 3:00am hence food was delivered cold, fries not fresh, squashed & deterring to eat this is my 3rd time to order through different apps but same result always a late cold order!! very dissapointing"
366,الاوردر اتاخر و ماجاش و عايز ارجع فلوسى
367,الطعم اقل من المعتاد
368,Bad taste
369,Order took over 2 hours to arrive!! Definitely do NOT recommend if you are looking for delivery and not eating in branch
370,Order was over an hour late
371,علي application كان الاوردر ب491 ولما جيه الاوردر لقيته ب457 ودفعت اي علي app
372,تحفه
373,order didn’t even arrive
374,bad made me sick
375,"Very late order, cold food worst fries ever and very bad experience"
376,"The sandwiches ingredients was poor, the shitaki mushroom was nearly without mushroom and the beef patty was 150 gm instead of 200 gm, the chicken sandwich was not fresh chicken pieces"
377,"got the wrong sandwich, and the coleslaw tasted tangy and old"
378,تأخير ساعتين ونص وغلط في الحساب والاوردر جه بارد والخضار جاي مش فرش
379,ال order جه ناقص item ومحدش ساعدني من خدمة العملاء ومعرفتش اتواصل مع support ال app
380,البطاطس مزيته جدا
381,نصابين بياخدوا الفيزا ومبيجبوش الاوردر ....
382,Burned burger for both sandwiches
383,فاشلين وم عن ندهمش سيستم ولا ادارة محترمة
384,اجمد برجر ف الكون
385,ماجاش اصلا it didn't arrive and it is stated that's delivered
386,Amazing like always
387,طالب الاورد الساعة ٢ جالى الساعة ٤ الاوردر مش نفس سعر المكتوب فى الابلكيشن الدليفرى ادانى فاتورة اغلى و فضلنا وقفين اد كدا فى الشارع
388,الاودرد موصلنيش اصلا وانا دافع كريديت بعد انتظار 4 ساعات تقريبا بيحاوله يحله المشكلة
389,quality of the food was far very bad not my first time of course to order from buffalo but this time was the worst unexpected from them not worse the money and surely will not order any soon
390,Worst service being late for hours and worst food...never again
391,الاكل جه بارد و البطاطس اللي بيحطوها في العرض حجم صغير
392,the order was mixed up and some items were not correct!
393,"Cold, not tasty at all !! Really disappointed"
394,"Am still waiting for the food, now longer than 2 hours"
395,I didn't receive the order. وقالولي انكم اتبلغتم برفض الاوردر وسبتوني مستنية عالفاضي يوم صيام
396,This offer was available at the restaurant branch for 100EGP while menus is scamming their users and reselling it for 125EGP.
397,تاخر كثيرا من الساعه 11:30 ال 2 صباحا
398,كان ناقص طبق الخس و الطماطم و البصل اللي بيتحط على الساندوتش
399,الدجاج فيه ريحة زنخه
400,No
401,اسوأ اوردر طلبته من بافلو برجر الطعم بشع وريحه ال ساندوتشات وحشه ده غير البطاطس الديابلو كانت بشعه و الفرايز العاديه ناشفه الاوردر كله اترمي ومش هكرر التجربه تاني ابدا
402,the food wasn't hot
403,everything was amazing and super delicious
404,اكل سئ جدااا و beef bacon مش مستوى والفراخ بايته
405,to7fa
406,The order has arrived very very late and quality of food isn't as good as every time The food was cold and not tasty I recommend ordering from another application like talabat as it delivers more faster and easier rather than here
407,احلي برجر وبجد المندوب قمه ف الذوق والامانه
408,Wrong order Asked to amend it still wrong order
409,حلو جدا كالعاده وبجد بشكر اللي وصلي الاوردر هو تبع المطعم حد قمه في الذوق والاحترام والأمانة
410,the burger was gerges at the beging tb at the end was very easy and ty
411,كنت طالبه ١ بطاطس كبيره ز ٢ صغيرين البطاطس جات كلها صغيره
412,مكنش حلو زي كل مرة
413,مالح جدا
414,"It took a long time to get the food, but it was delicious"
415,very greasy and messy
416,Excellent
417,الاكل واصل بارد و الساندوتش متبهدل
418,No drink arrived- cold and small portions of fries
419,Burnt burger very salty to an extent unbearable wrong sandwiches chitakee mushroom instead of bacon jack & the other one don’t remember which one instead of which one the problem the receipt everything is right the sandwiches both wrong late over 20 ...
420,"Food was so fresh , very fast delivery, very respectful delivery guy . excellent service! Thank you buffalo family 🫶🏼"
421,برجر كله دهون ما فيش لحمة اول مرة اشوف محل يبعت الطماطم و الخس بره السنويش في علية مفتوحة و الجبنة سايحة في الورق اللي حول السندويتش مش في السندويتش بصراحة كانت اول و اخر مرة اطلب من المحل ده
422,الديلفري أمين جدا رجعلي ١٠٠ ج عديتها زيادة
423,Value vs cost
424,طعم اللحمة وحش جداً و ريحة اللحم بشعة
425,لم يتم توصيل المشروب واشتكيت للمنيوز ولم يتصل بي احد من المطعم!!
426,التاخير مشكله
427,I ordered a combo meal. The fries were COLD like it was cooked few hrs ago! Very disappointed.
428,You guys have a lot of reviews so mine might get lost in the mix which would be sucky because I have a lot to say about this place my gf loves it especially the shit ahke mushy Burg yo 😎🤌 she loves it but I keep trying to order it for her and she w...
429,received a UGO(coca cola) in disguise instead of big cola when i ordered.
430,missing item
431,الاكل اتاخر جدا و كان بارد
432,الدليفري جه متأخر وكمان بيقولي اطلعلي انت خد الاوردر وبقولو جوه ادخل يقولي لا اطلعلي بره وبعدين بيزود الفلوس يقولي ١٧٠ فلتلو مش ١٦٦ يقولي اه اه ماشي وخد ١٧٠ ومشي واتيتيود وحش جدا والاكل بارد جدا جدا ساقع متكلش ورميت البطاطس اصلا
433,The worst
434,وحش جدا
435,جالي تسمم من الاكل
436,مية البصل غرقت كل حاجه و شنطة بتاعة السلطة بالي فيها اترمي
437,الدليفري سيء جدا،بس الاكل جيد
438,I used to order the same order many times and it was awesome. but now after a like 6 month I wanted to remember the best quality I experienced from buffalo burger. I was shocked that the quality downgraded and the portions is not what it used to be.
439,L
440,The old school sandwich was so good and i like that they get the veggies in a box not in the sandwich
441,Burger was cold
442,bad packing
443,Order arrived late and was cold on a 40-degree weather day!
444,Missing item
445,جالي نزلة معوية تاني يوم
446,"Order was late, burgers were undercooked, fries were cold and the drinks were warm"
447,البيكون كان في عروق للأسف
448,للأسف الدجاج طعمه مش حلو زي آخر مرة وكمان الطلب وصل متأخر اوي
449,Bad price.
450,The taste was very bad and the packaging was not as expected
451,"Burger tasted very bad. Cucumbers and tomatos looked almost rotten i threw them, fries cold. Very unsatisfied won’t order from buffalo again"
452,صوص الرانش كان سئ جدا
453,The order came after 3 hours and it was delivered wrong the delivery person returned with the correct one after 15 minutes and after all of that the food was raw the beef burgers were red on the inside and whole experience was horrible
454,الاوردر جاي مدلوق.. الكولسلو واقع و مبهدل الدنيا و الساندوتشات مضغوطة و اللي جواها كله واقع تجربة الأسوأ ليا مع بافالو و مش هتتكرر تاني
455,some of the fries had a weird black color and tasted off
456,The worst customer service I’ve ever seen and the worst management
457,They forgot the vegetables for the sandwich
458,Got charged differently than the app noted
459,Sandwich combo without fries
460,Items missing
461,Delivery man was very rude
462,الاودر جه في ساعتين و جه غلط الدليفري رجع تاني يديلنا الاوردر الصح. الاكل كان سيء جدا البرجر كله ني و لونه احمر و حاجه تقرف و المشاريب غلط
463,الأكل كان حلو بس في برجر جه محروق جدا و الاكل اتأخر جدا قعد ساعتين إلا ربع. بس غير كدا الاكل كان حلو
464,unfortunately the sandwiches were a bit squashed in the bag
465,خدمة سيءة جدا الاورد جة ناقص وتم تكملة بعدها بساعتين علب السلطات مفتوحة السندوتشات باردة العلب
466,الطلب لم يأتي
467,Also i asked for it to be half cut it was not cut
468,اختلاف السعر بين المطعم وبينكم الاكل بارد جدا باكيت البطاطس يكاد يكون فاضي
469,الاكل كان بارد جدا و اكتر من سئ
470,-
471,الاكل كان سى وبارد وبطاطس ساقعه
472,البطاطس قليله وبارده والسودا صغيره وسخه
473,!
474,I never received the order
475,الاوردر جالي محروق!!
476,اخدو مني قلوس زيادة طلب مني ٣١.٥ مع اني دافع بالفيزا
477,good
478,البطاطس بقت بتتبعت نيه مش مقليه ومتغرقه بالزيت الصراحة بتترمي فين المشكلة لما البطاطس تتقلي كويس
479,Quality of food was very bad and came late
480,تمت محاسبتي بسعر غير المذكور خلال الطلب
481,الطعام بارد والخدمة زباله
482,الاوردر ماوصلناش اصلا و كلمت خدمة العملاء مفيش اي حل
483,received only 1 box of vegetables with 2 sandwiches
484,"Bad service from the restaurant. The restaurant accepted my order and after nearly 2 hours they found that my address is out of zone and cancelled the order, and I was waiting the food on iftar, why no one called me to tell me about the address, and ..."
485,تحفه بس غالى اوى
486,الاوردر وصل قبل الفطار بساعه وكان بارد وريحته سيئه بسبب البصل اللي فيه اخر مره اطلب منكم
487,order arrived early other than i ordered
488,Didn’t receive my order
489,H
490,I didn’t even receive my order and had to pick it up myself from the restaurant. Very disappointing.
491,The app said I’m getting a big cola but I actually got a very small cola
492,Sandwich content (tomato & onions) is missed
493,اول مره الاكل يكون سئ وناقص
494,the delivery man was great really it's my first time to meet such a person
495,Big cola missed
496,old school البرجر من غير بصل
497,D
498,I ordered an old school combo. The sandwich did not include any onion or tomato slices. Even with the combo there was a package of onion and pickles i think which wasn’t there also. Just No veggies were allowed in the meal supposedly
499,الطعام بارد
500,plus the food was cold
501,البطاطس وصلت باردة جدا
502,The chicken wings is awful Nothing could be worse
503,I didn't get any vegetable plate or ketchup with the order :(
504,The portions can be a little more
505,اتاخر عن ميعادة جدا
506,جامدددد
507,My favorite
508,The order came missing items and the courier was rude
509,No ketchup
510,Order missing tomatoes lettuce and onions
511,The delivery took 40 pounds extra and I did not receive my money back please see this problem through
512,مغص شديد واسهال بعد الأكل
513,"the food was good but my only issue was the delivery time, it was supposed to be 1 hour wait but then turned into 2 hours."
514,"Eslam, the delivery was very polite and helpful."
515,I ordered 3 coleslaw but I received only one
516,Missed items (Salad) like every single time.
517,حراميه
518,الاوردر كان حلو جداا
519,اقذر مطعم و اقدر معامله و منتهي الوطيان في التعامل زباله
520,i didn’t receive the sauce
521,الاوردر جهه غلط
522,Super late
523,ساندوتش ذا راستفاراي صغروا حجم الجبنة المقليه اللي فيه وبقت قطع صغيره ،غير كده الطعم كان حلو
524,الطلب جة ناقص وقدت ساعتين مكالمات وانتظار والحاجة بردة مجتش
525,الطلب جة متاخر وناقص وقعدت نصف انتظار على خدمة العملاء فرع غير محترف اطلاقا. على الاقل اخد خدمة محترمة يعنى اقعد ساعتين وبعدين الطلب ناقص
526,الاورد ناقص التشيز كيك
527,we didn't receive our vegetable with the burger
528,لم ياتي الكولا معه
529,الاورد ناقص البيبسي والفطيرة
530,لن يتم توضيح ان الخس بديل للخبز وليه يكون عليه فلوس زيادة؟ ما هو بدل الخبز اساسا!!
531,الاكل بارد شوية ارجو الاهتمام بالتغليف اكثر ليكون ساخن
532,no katchap in the order.the fries is cold.very bad order at all
533,Fresh
534,Perfect❤️
535,great
536,Y
537,I had stomach ache from the burger sandwich
538,meat
539,البطاطس كانت سيئة جدا
540,Worng order 😡
541,J
542,The fried buffalo wings doesn’t have side of buffalo sauce
543,الاوردر جه ناقص ساندويتش
544,too late delivery and food become cold
545,the order delivered after 1:30 mins the food was cold
546,comment.
547,الاكل وصل مفتوح
548,توصيل ساعتين دليل فشل الفرع
549,The food was cold.
550,👍🏻
551,I didn't receive the cola
552,Toooooo cold
553,الاوردر وصل بعد ساعتين تجربه لن تتكرر
554,The coke was missing
555,But food was cold a little
556,البرجر طعمه مش حلو ابداً وكانه بايت والخس بايظ
557,It’s not as good as it used to be I feel down honestly
558,الجودة قلت كتير و السعر اغلي طبعا
559,great service and good offers
560,الطعم
561,Poor packing very less fries
562,اسوأ تجربة الطيار كداب و قال هايوصل باقي الاوردر و ماجاش و ما اتصلش و مش بيرد
563,الباكيجنج، الكمية، الطعم، السعر كله ممتاز
564,Every thing was great with the order and delivery but i didn’t receive the kids toy i hope to receive it because my daughter was really upset for not receiving it … but i need to appreciate the idea of boycotting and exchanging the cola with a loca...
565,the driver didn't take time to deliver my order but the restaurant took so much time
566,I'd appreciate it more if you put the veggies inside the burger
567,قولت بدون بصل
568,الطيار اخد وقت طويل جدا و الاكل وصل بارد
569,The الفراخ مش مستوية
570,I ordered blueberry cheesecake and i got lotus . And I didn’t receive the cheddar cheese
571,جيه متاخر اويي
572,The kids meal was missing the toy
573,I ordered the burger plain and it came regular with everything on it
574,"I have been poisoned, bad experience"
575,the order came very late this time
576,El ragel zai el fol w mo7taram
577,It comes very very laaaate
578,"The driver was really nice, but the order was 30 minutes late and they didn’t send the sauce or the Coca Cola I ordered."
579,الاكل جاي ساقع متلج
580,The meal came without ketchup and the fries were soggy and cold
581,السندوتشات لا تحتوي ع ٢٠٠ ج ديه الحجم الصغير
582,I didn’t receive the fries of deal meal
583,الاكل حلو بس البطاطس قليله وجيه بارده
584,no response from the delivery and was very very late than the estimated time
585,الكمية كافية سرعة التوصيل
586,The food was terrible The fries with soggy & oily The chicken had very thick parts same for the bacon Terrible experience
587,كل حاجة حلوة
588,لو سمحت انا عندي مشكله انه اللوتس تشيز كيك مجتش اصلا مع الاوردر !
589,sandeich came as a piece of burger with no tomatoes no onion no additions at all it is just bread and a piece of burger
590,جالي مياه بدل العصير
591,العبه موصلتش
592,الاكل وحش جدا وبارد و المعاملة وحشة بصراحة و اتاخر ساعتين ونص عشان يجيبو الاكل
593,"Got here very very late, took more than an hour"
594,الاكل كله بارد جدا والصوص قليل اوى ع الساندوتش ومفيش كاتشب ولا مناديل.. اول مره اكلب منكو ويكون الجوده سيئه كدا
595,late 10 min than expected
596,So Cold and the taste is not as expected
597,Wrong order and the support told me the restaurant will call you but no one called until they colsed !!
598,No relish was sent for the four sandwiches and no gloves
599,Sandwich hichtker very very bad Too much mustard And the beef taste very bad
600,French fries are the worst in the world!!😡
601,nnv. cc
602,الاكل كان بارد و وصل متاخر في حدود ساعتين و البطاطس كانت مجلده الاكل كان ناقص منه السلطات اللي المفروض بتيجي مع الساندويتشات
603,order didn't came
604,"I asked for a big cola with the order, instead I've got a bottle of water. Not that I mind it that much, but I would've appreciated the heads up"
605,I ordered big cola and received apple juice!
606,Oder has arrived 50 min late
607,الاوردر موصلش ليا و مش عايزين بيعت فلوسي عشان دفع فيزا و كدا تم النصب عليا
608,لو في بعد شئ هقول و كان ساقع جدا الاكل
609,food was cold even though I'm a 5 min drive from the restaurant
610,مجاش اصلا واخدوا الفلوس فيزا ومش راضيين يرجعهولي
611,ساندوتش الفراخ عبارة قطع ستربس وليس قطعة صدر او فيليه كاملة
612,Love
613,الساندوتش كان صغير جدًا وغالي جدًا
614,Wasn’t as good as I expected
615,it is the best
616,Order was really bad and cold like it has been left for 2 days
617,ديليفري فاشل
618,الدليفري اتاخر نص ساعه
619,الاكل سىء جدا وبيوصل ساقع
620,i didn't receive the full order
621,تأخر التوصيل عن الموعد
622,الاوردر ناقصه 4علب الخس والطماطم
623,الاكل كله تمام وحلو جداا ولكن كل مره اختار اللعبه بنت ومش بتيجي مع الاوردر ف مش فاهمه دا اسمه ايه
624,there’s something missing in order
625,IT TASTE SO GOOD! KEEP UP THE GOOD WORK 💯
626,11
627,اتأخر جدا
628,اكل سئ والخضروات بايظه
629,الاوردر ناقص
630,الأكل فيه ملح زيادة، عدم توفر كاتشب مع الطلب
631,التاخير المبالغ فيه
632,قلت اجرب الفراخ من بافلو اكيد هتبقى جامده ومخيبوش ظني فعلا ❤️ بس السعر غالي ومش بتشبع بس حلوة
633,"zayed branch has been in declining performance, they donr mark the sandwich pavkage anymore, the salad was disgusting and not fresh and sandwish filling was in horrible state and taste was not as same, and finally got food poisoned.."
634,My order came not complete missing item
635,ناقص البصل والطماطم والمناديل وكل حاجه برجر بس
636,Sandwich is really spicy
637,خدمة زفت و الاوردر اكتر من ساعة و نصف و جاي من غير المشروب و من غير خضار ولا اي حاجة
638,"Sandwiches where great, but fries where really bad. Tasted like they where left out for a while"
639,This is literally burger from the supermarket. I always eat from Buffalo but this time the berger was horrible.
640,Never ordered from Elmenus and recieved the order on time
641,Taste is good but the food was cold
642,It is cold
643,الاكل وصل ساقع
644,الاكل حلو لكن بارد جدا
645,الطلب وصل بارد
646,اول مرة طعم بافلو يبقي بالسوء دا وبارد جدا
647,الاوردر وصل بدون علية الخضار والسندوتش نفسه مفيهوش خضار وبارد
648,مندوب التوصيل مستوى ذكائه منخفض شوية و جلياط قليل الذوق. ساندوتش الفراخ وحش و اكلته بالعافية
649,"Driver arrived late, and was rude"
650,The delivery was very bad in his attitude and he was not talking in proper way
651,the food wasn't hot and fresh
652,ال الاوردر ناقص واحده big cola
653,الاكل بارد جداً جداً
654,في حاجات ناقصه
655,tasteless
656,البطاطس كانت أقل من الحجم الكبير و كمان كانت برده لدرجة أنه واضح انها عندهم من الصبح مش معموله فريش و مكنش ليها طعم و مكنش فيه اي كاتشب أو مناديل مع الاوردر ولا حتي جلافز عشان يتاكل بيه السندوتش
657,فين البطاطس والمشروب وليه فيه زياده عالاوردر غير الريسيت
658,Cancelled
659,"Incredibly cold, as if it’s out of a freezer. Driver attitude is horrendous, he basically took the order, stood around for 30 mins in the cold, then finally delivered it. I had to accept it because I was starving, otherwise horrible delivery experi..."
660,الطلب ماوصل اصلا 😠
661,بارد جدا والطعم ماليان ملح
662,Very late delivery
663,"the sandwich wasn't great, packaging is terrible and the whole potato bag was thrown on the bag which is unsanitary. in addition they forgot the pickles and vegetables box so I ate a Completely plain burger. never ordering again from here."
664,"I asked the sandwich to be onion free, it arrived onion loaded 🙃"
665,طعام محترم
666,الاورد كله غلط و الدعم ولا المطعم بيردو ناس زباله
667,the restaurant cancelled my order so i didn’t receive it
668,الاكل جاه بارد جدا وخد تاخير ساعتين وناقص الجبنه بجد اسوء اوزدر زفت
669,The food arrived very cold.
670,Temperature as well
671,"order was very late, and the food was cold . Fries was all around the bag and was missing one vegetables cup"
672,Price was not accurate on the app
673,طلبت الاوردر واستنيت ساعه علشان يتقبل ! وبالاخر خدمه العملاء بتوع المنيوز معرفوش يوصلوا للمكان اصلا علشان الاوردر يتقبل
674,I order an old school and received cholos
675,this time it came very cold and late
676,Estimated time to get my order on the app was 10:15pm but i received the order 11:15 pm and only after reaching support team on the app.
677,the food tastes bad and it looks so dry and cold
678,The order was not ready when the corier arrived at the restaurant and taste was not as expected
679,الاوردر جاي متاخر الكيدز ميل مش جايه في البوكس بتاعها اللعبه مش موجوده الساندوتش بتاع الكيدز ميل و البطاطس مدلوقين في وسط الكيس بتاع باقي السندوتشات
680,quality bad plus cold
681,الاكل بارد جدا مع أن الفرع بيني و بينه أقل من 10 دقائق
682,الاكل كان بارد و مجاش معاه جوانتي ولا كاتشب ولا حتى مناديل
683,السواق اكل الساندويتش عشان الحساب كان بالفيزا بس بالتعاون مع الكول سنتر بتاع المنيو و مطعم بافلو برجر الاكل جالى الحمدلله الساعة ٢ بليل و انا طالباه من ١٠ بس اهو جه و الفلوس مراجتش عبسا
684,"Horrible experience, 3 hours and they cancelled afterwards. Money has been withdrawn from the account"
685,البطاطس كانت ساقعة وناشفة
686,أولا الأكل جاي بارد ومت آخر جدا أنا مش
687,Totally wrong order And missed the fries
688,The food was amazing
689,سيء جددا
690,"3 hours late, bad quality"
691,خدمة ممتازة
692,ومفيش بيج كولا جت
693,كان في كمامه مستخدمه جوه كيس الاكل
694,too cold
695,The order was missing some items
696,el sawa2 beta3ko haramy 👍
697,very very late
698,"My sandwich was a piece of chicken in a bun and thats it! No sauce, no lettuce,no cheese…. Nothing but disappointment"
699,there is one of the drinks missing and called the retaurant to inform the issue but they said to get back to the application
700,الاكل وصل بارد والبطاطس بارده جدا ومجلده والدليفري توقف طويلا في الطريق تقريبا كان معاه اوردر اخر مما تسبب في وصول الاكل بارد جدا
701,Less souse in the lotus pancakes + I didn’t receive the tomato or the lettuce
702,They didn’t put the drink in the order
703,تأخر أكثر من ساعتين والغيت الاوردر
704,Meat is raw
705,الاوردر ناقص وسيء جدا وخدمه سيئه آخر مره !!!
706,The fries was half empty
707,worst buffalo burger experience ever
708,لم يصلني صوص رانش الطلب نااااااقص
709,I ordered lemonade they gave me cola without even asking
710,beef bun was burnt
711,"The pancakes were cold and burnt, so bad"
712,I ordered the 4 in the box meal and only three sandwiches came. Nobody allowed a refund or gave us the missing sandwich.
713,بجد زي القرف
714,Received the wrong order
715,did not even arrive
716,كان مزيت اوي و العيش كان عامل زي المياة
717,so good thanks
718,The order came very cold and late 1 hour and 30 mins
719,late delivery and i did not recieve my drink and 2 ranch sauce that i ordered
720,بجد الخدمه بقت وحشه اوي و الاوردر بيقعد ساعتين علشان يجي و غير كده مش بيتعيين مندوب غير اما اشتكي و المندوب بيتأخر جدا و غير كده جايب الاوردر ناقص
721,Wrong order with no solution
722,It was do cold and came very late actually no one like and i am sorry to say that but its non edible.
723,شرطة فاشلة و قسم دعم فني فاشل جدا
724,تشيز كيك الليمون خطييييييره واكيد هحب اجيبها تاني 💕💕
725,It's packed well but they didn't mark the label As I ordered Different sandwichs which 150gm which 200gm which BBQ accordingly I have no choice to open all of them
726,3 sandwiches only arrived not four
727,مفيش بيج كولا انا طالب apple pie وجاتلي كاسترد ياريت حد يتواصل معايا لانهم كده يعتبرو مجبوش كل حاجه
728,Very bad !! Never again
729,السلطات الخارجية لم ترسل
730,البرجر كان محروق
731,missed the veggies
732,الطلب اتاخر و لما بكلم المطعم بتقلي كلم دعم التطبيق اللي طالب منو مع انو التوصيل من المطعم مش من التطبيق
733,الاوردر اتأخر جداااااااااا و الاكل جاي بارد جدا و البطاطس حرفيا متتاكلش
734,My order arrived after 3 hours and talking to 3 different customer service representatives and being given 2 compensation promo codes. And it was cold!! So unprofessional and unacceptable
735,الاوردر زى الزفت لتالت مره ومافيش خضار بردو بتاع السندوتش وكنت طالبه بيج كولا مجاتش مدام الفرع مفهوش حاجه بتقبلوا الاوردر ليه انتوا بقيتوا من سئ لاسوأ وفى مطاعم تانيه فعلا برقيتكم
736,الاكل بارد حجم الكولا صغير
737,oder was a little late
738,الاوردر جي ناقص
739,not delivered
740,للأسف انتظرت ساعتين على ما الأكل وصل
741,Fries wasn’t hot
742,There was a wrong sandwich in the order and rheir was no drink with the combo
743,Cold!!
744,Food was very cold
745,Late delivery
746,the food was really cold
747,الاوردر غلط
748,كنت طالب ذا سيكريت جه برجر عادى
749,So slow delivery and tge food was soo cold
750,Instead of big cola i got orange soda drink
751,"Horrible taste,"
752,الأجل بارد و مجلد،البطاطس مش طازة و المشروب غلط
753,The food and service were really nice but the price is a little too much I think
754,The order come very late and cold and the fries was very bad
755,قرف
756,I didn't receive the order
757,Didn’t arrive منتهى الاستهتار……….معامله لا تليق
758,Didnt arrive
759,خدمه سيئه جدا الاوردر موصلش اصلا منتهى الاستهتار بالعميل
760,"order came late, cold and with the wrong drink support didn't do anything to help"
761,البطاطس من ابشع ما دوقت في حياتي و البرجر لحمة ناشفة مغضرفة كانت وجبة بشعة
762,ديلفري اتاخر جدااا و انا استملت الاكل بنفسي و ابليكشن معلق و حاجة زي قرف
763,الاكل كان بارد جدا
764,"i had an important call so i didn't pick up right away and he literally yelled at me when i asked him whether the building's gate is open or not, he needs to have a better attitude"
765,Order was delayed 1.5 hours and it came missing items
766,"Very late, there was no salad"
767,وقت التوصيل الاوردر اتأخر . الساندويتشات جت بدون بوكس الخس والبصل والخيار وايضا بدون كاتشاب نهائي ولامناديل ولا جوانتي علي العكس عند الطلب من المطعم مباشرة .. !!!
768,VERY late delivery. Food was almost rubbish!! Very bad delivery service!! Terrible.
769,order with no cheese and again had cheese
770,very fast and helpful
771,"cold food,wrong drink apart from the above it's good"
772,I didn’t receive my food
773,"I didn’t get the tomato, lettuce and onion packs of the sandwiches !!!"
774,انا اخويا الصغير كان عنده تمرين واضطر يروح من غير مياكل عشان ميفوتوشِ الاكل اتأخر ساعة الا ريع. ساعة الا ربع. من مطعم على اول شارع بيتنا. حاجة غير مقبولة تماما. وتحرق الدم وكمان الاكل جاي ساقع.
775,Veryy bad quality sandwiches with nothing inside the burger except the sauce very disappointed and iwill never order from you again
776,الاكل كان بارد برجاء سرعه توصيل الطلب
777,Discount
778,الفرع اللي جه منه كان ابعد من الفرع اللي بيجيلي منه الاوردر كل مره اللي في سيتي سكيب الاكل جه بارد بسبب كده و حتى البطاطس طعمها وحش و مش نفس التوابل
779,الاوردر وصل متأخر حوالي ساعه من الوقت المتوقع ووصل مثلج والبطاطس مدلوقه في الكيس تجربه سيئه جدا
780,كان سندوتش حلو بس كبير في صورة جالي صغير خالص في الحقيقة
781,"The order was very late (took 1 hour 40 min) instead of 45 min, the food was cold, I made a complaint after 1 hour and all elmenus representative had to say is that he is sorry and will follow up on the order. Terrible experience."
782,الاوردر بارد جداً
783,V
784,الاكل سئ، ساندوتش مجلد و مزيت و بارد و عيش بايت و مفرول احلى ما فى الأوردر الديبلو فرايز .
785,Very poor taste
786,I ordered blanco but I received Diablo fries I’m trying to reach someone from your side but unfortunately the chat is not working I would like a refund immediately Thanks
787,never order from this place ever
788,They didn’t bring the drink
789,I’m
790,order missing item
791,الاكل اتاخر جدا وجاي تلج
792,Arrived cold
793,العصير مجاش والاكل بارد جداا
794,Very very very late delivery
795,M
796,الاكل كان بارد ومش حلو خالص والخس والبصل مكنش مع الاكل
797,Driver took so long
798,سئ جدا البطاطس لم تأتي كما طببت والبرجر ساقع والماكس كولا سخنة تجربة سيئة جدا
799,delivery is so bad
800,انا طلبت بطاكس بلانكو وصلت عادية
801,I received my order 2 hours after placing it and after many back and forth conversations with the support team and the branch and the runner. then I received it COLD AND MESSY. Horrible experience
802,ليه ادفع فرق لو طلبت عصير مع الاوردر والميه بس فري اكيد مش هشرب ميه !!!!
803,It was late and I didn’t get my full order
804,ناقص البطاطس
805,It was cold and not fresh
806,3 hours delivery!
807,I didn’t receive the cheese sauce
808,يقول باب العمارة مقفول (بيكدب) علشان ينزلني استلم الاوردر
809,Driver was very rude for no reason
810,Fries was cold
811,incredibly tasty and the driver was so polite
812,الساندوتشات كانت حلوة لكن البطاطس طعمه كان وحش جدا جدا
813,البرجر كان وحش و التوصيل اتأخر
814,مشبعنيش
815,ازاي تحطو mayonnaise فوق sauce shiitake mushroom ده عك و ارف و لحمه نشفه
816,الكل جي ساقع و طعمه مقرف
817,Ordered large fries Received cold small fries
818,الاوردر وصل بعد ساعتين و الاكل كان بارد الاوردر وصل الساعة ٩
819,سيئ
820,"Some1 call me urgently, order is wrong & missing for items i paid for already very bad experirnce last time to deal with menus"
821,the 2 packs of fries were spilled in the bag but overall good
822,سيئ جدا والأكل كان بارد
823,Not hot
824,اسوأ تجربة و الاوردر اتأخر ساعتين و خدمة العملاء كلموني ٣ مرات و بيكدبوا عليا و قلة ذوق والله كل حاجة في التجرية سيئة و بالنسبة لمنيوز مفيش حاجة اسمها تسيب العميل يتعامل هو مع المطعم اومال انا ليه طلبت عن طريقك من الاول ؟؟!!! تجربة سيئة بالكامل
825,amazing food 😋
826,ناقص بطاطس
827,الفراخ كانت متسخنة و ناشفة
828,the sandwich burger is very small
829,food came cold
830,Order not delivered
831,سي جدااا
832,horrible
833,The order missing fries and no response from delivery guy. Very bad service
834,الطعم كان وحش والسندوتشات كانت جاية باردة جداا
835,ممكن توضحلنا تقييم نعرف الاكثر. طلبآ شكراً جزيلاً
836,الاوردر مش كامل
837,The food was very cold
838,"I received the order very late, i was supposed to get 5:14 and I received it 6:44 , so all of the food was cold"
839,كان في كيس بلاستيك جوه الساندوتش !
840,The food was so cold and they didn’t bring the sauce! Complete waste of money!
841,Wasn’t even warm it was too cold
842,Arrived is not hot enough
843,The order didn’t arrive on time and the sandwich isn’t even 100 gm and it has a poor taste.
844,اوردر متأخر ساعتين وبارد ومقرف
845,Missing stuff from order
846,الاكل جاي ناقص والسندوتش مطبق وخدمة سيئة
847,"Awful experience, order is late for more than an hour and the driver took a different route guessing because he had other orders although i live 5 minutes away from the restaurant but he received the order and kept it with him for more than 30 minute..."
848,الساندوتش طعمه حلو بس كان المفروض عيش بني جه في عيش عادي للاسف
849,Veryyyyyyyy late order over 2 hours delay so i called and cancelled it! They never prioritize elmenues orders
850,Not hot meal!
851,الاوردر موصلش
852,اسوء اوردر أكلته الأكل سأقع والاوردر قعد ٣ ساعات ونص عقبال ما جيه اخر تعامل مع المنيوز
853,The food wasn’t fresh
854,A
855,توصيل بطئ
856,"Order arrived late, onion rings were old and very bad, burgers were super dry"
857,"The food arrived after 3 hours, i received the wrong order at first and then the food arrived cold"
858,I didn’t even get the order :) ordered at 5:15 PM and cancelled it when I didn’t receive it till 7:30 PM and elmenus and buffalo each one was telling me the order is with the delivery of the other! Shame!
859,الاون لاين مختلف تماما ع الاكل داخل الفرع
860,I didn’t receive the order
861,the food was very cold and the fries were hard to chew
862,البطاطس قليلة جدا وطعمها سئ كأنها مسلوقة فقط
863,I
864,"it was very very very salty and no taste , it’s only big sandwich , i will never order from this restaurant again"
865,الدليفري فتح الكيس و اخد محتويات الاوردر، كمان كان عنيف و اتأخر
866,Fries wasn't fresh and tasted like plastic. Sandwiches were barely acceptable.
867,البطاطس الكبيرة حجمها صغير جدا
868,وجبة الأطفال جاءت بدون اللعبة واتصلوا بيا واديتهم العنوان بالتفصيل ومبعتوهاش
869,Second sandwich got wrong
870,I ordered 400gm and I got 200gm
871,So delicious
872,Order came missing covers lettuce tomatoes onion and sauce box only the sandwich and fries in the order very bad experience
873,The onion rings are a disaster and they didn’t bring the salad and covers The taste is horrible
874,There was something wrong with the order
875,اتصل بى الدعم الفنى ليخبرنى ان المطعم قام بإضافة مبلغ مالى بعد الطلب
876,Was good
877,"Order is not completed There’s missing things like vegetables (lettuce, tomatoes onions &…..) The first bad experience with buffalo burger 💔"
878,Food is cold and fries is very bad and cold
879,"Food was so cold Prices are wrong on the app, they charged the order then asked for extra money as the prices are wrong on the app Took 2 hours to get the food"
880,السندوتشات كانت باردة جدا
881,الاوردر ناقص ساندوتش والكيس مفتوح ياريت حد يتواصل معايا
882,The food was cold.. they didnt send us the tomatoes and the onions thing!
883,BAs
884,Cold meal
885,الاوردر متاخر وبارد وناقص اللعبه ولما رجعت support المطعم مرضاش انه يوصل حتى اللعبه
886,All good 😋 Very Expensive price 😥
887,Wasn’t good this time honestly
888,الاكل وصل متاخر جدا
889,البطاطس سي جدا جدا
890,ألذ وانظف برجر
891,الاوردر جالى من غير الcheese cake
892,Food is cold and order delayed for more than 1 and half hours and order missing items of colslow
893,Fries had an aftertaste
894,"the driver arrived an hour late , the food was already cold and the sticker on the bag was taken off 100% the application and the driver fault ."
895,Burger very bad
896,Mn
897,Delivery was very late
898,Beef was slightly undercooked and cheese tasted weird
899,لقد قمت بالطلب من البرنامج بإستخدام برومو كود، ليقوم ممثل البرنامج بالاتصال بى و اعلامى ان المطعم قد رفع سعر التوصيل بزيادة ١٥ جنيها، و اما ان اقبل او يقوم بالغاء الطلب و على ان اتواصل مع الدعم الفنى لاعادة البروموكود .
900,food was excellent but the fries was cold and soggy
901,"the quality of the food was shocking!! mozzarella bites were extremely small in size, average taste and gold colour unlike how it's displayed in the picture and the chicken strips were below average as well!! never expected this quality from buffalo"
902,Bacon wasn’t well cooked
903,الساندوتش وصل بارد
904,There was supposed to be 2 juice with order but I didn’t receive anything
905,سلوك اللي وصلي الاكل سئ جدا و معاملته في منتهى قلة الادب و السفالة
906,Thank you it was very good
907,"the order was very late and we ordered juice instead of water, and they just delivered water although I paid the difference"
908,Driver was aggressive
909,Delivery was so late and food was cold
910,order was missing a fries and a drink
911,"order without napkins ,gloves or hand gel. Nobody from the restaurant call for clarification"
912,احلى بافلو فى مصر جميل
913,الاكل بارد جدااا و مش حلو
914,لو فيه اسوأ من تقييم 1 كنت كتبته 👎🏽
915,تحفه ياريت البطاطس تبقي سخنه
916,order took an hour and half and obviously was cost and i was charged extra fees after i made the order
917,اشكر مطعم بافلو على اختيار هذا الطيار سرعه في التفاصيل سلوك ومظهر جيد
918,من التأخير ف تسليم الاوردر وصل بارد و مالوش طعم دا غير ان كان الطلب اللي قبله اتأخر كمان و اتلغى من نفس المطعم و ف نفس اليوم
919,No bacon
920,جامد محتاجين اوفرز عشان نطلب اكتر 😂❤️
921,البطاطس زى الخرا زى الخرا زى الخرا اول مرة اشوف كدة منكم
922,Food wasn’t fresh
923,وحش جدااا و مش زي المكونات اللي كتبينها و البطاطس جزء فيها اسود بجد مضايقة جدا من الاكل و كمان ادفع ٢٠٠ علي سندوتش ميستهلش و باكت بطاطس صغير جداااااا
924,it was very cold salad not fresh
925,The food looked like it was opened.the seal on the packaging was loose
926,The food was delivered cold
927,الاكل جاي بارد
928,الاوردر وصل متاخر و الاكل بارد و طعمو استغفر الله العظيم
929,MISSING ORDER ?!!!
930,"Used to be much better , when they give you a deal 99 le the quality drops significantly !! Taste was not good meat was not good as usual like the use a different quality meat got the 99 Le burger deal than if you get the regular burger . The French ..."
931,ديليفري زي الزفت وجايب كل حاجه مقلوبه ياما المطعم قالبهم حاجه خرا
932,جالى تسمم
933,sandwich is good but cold
934,الاكل بارد جدا جداااااا
935,I ordered fries and i didn’t receive it
936,الاوردر كان جى غلط و الاكل وحش و خدمة توصيل وحشه جدا
937,U have to put an edit button even after confirming the order
938,bad
939,they miss lot things!!!
940,الاكل جه بارد جدا. الديليفري قال لي ان النور كان قاطع في محل من المحلين اللي كان بياخد منهم الطلبات. اتاخر وجه بارد جدا
941,الاوردر راح ع عنوان تاني تماما ف لغيت الاوردر
942,البطاطس جاية كلها برا الباكت
943,and cold
944,اسوء تجربه مع مينوز
945,"i did not receive all of my order , i did not receive the cheese chedder and my money didnot return back"
946,Missing item onion rings
947,"my order took more then the time expected, and came wrong. i didnt take the order and tge driver didnt take the money. the driver was co-operative. the problem is from tge menus and buffalo burger"
948,الأكل لو كان وصل سخن كان هيكون عظمة
949,the food was so late and cold
950,الاكل جه بارد بعد ما طلبته بساعة و نص
951,Not a single item of the order is fresh everything tastes pale and old and it was not warm nothing was warm i contacted support because the restaurant was taking too long to prepare the order i thought to myself maybe they’re taking so long because t...
952,Food is cold !
953,"First, the food was so cold and it tasted really really bad!! I couldn’t even complete it."
954,"late delivery, cold food!"
955,مجاليش حلقات البصل والاوردر اتأخر ساعتين وكان بارد
956,got two old school instead of my order
957,الاوردر بارد و من غير بطاطس ولا بيبسي
958,"fries came very cold, and it was filled to half of the packet"
959,الاوردر جه ناقص وبارد وده مش اول مرة بجد من نفس الفرع
960,"the onion rings were so bad, with 3 pieces only and some parts of onions! i had a picture for the order"
961,The food was great. But the burger paper wrap had a bad smell
962,الاكل بارد للأسف،
963,تجربة جميلة جداً واكيد هكررها تاني
964,Very bad at delivering the order it came late
965,بافلو حلو جدا و احسن من ماك الف مره انا اول مره اجربه و خلاص بقي مطعم البرجر المفضل free Palestine
966,العصبر جهه فواكهه وانا طالبه تفاح
967,والله سيء جدا جدا الاكل بااااارد وكأنه ليه ساعتين طالع والبطاطس كميتها قليله ومع ده كله وقت التوصيل تأخر
968,الاوردرر اتأخر جداااا ووصل بارد جدا واسوء كواليتي ف الدنيا ودعم منيوز علي الشات مش بيساعد نهائي واسوء اوردر طلبته في حياتي اون لاين
969,"i didnt receive the order i was keep waiting for it for more than 3 hours with no luck, the worst experience ever"
970,١ الطلب تأخر من المطعم ٢ طالبين عصير مع الساندوتش جاى مايه ٣ الساندوتش المفروض فيه هالبينوا و مكنش فيه هالوبينو و الصوص قليل جدا
971,The food is cold and very bad
972,Hh
973,الأكل اصلا مجاش ولا حد كلمني حتى بلغني ان الاوردر مش جاي 😡
974,Free Palestine
975,الاكل كان بارد ...
976,السندويش والبطاطس باردين ومفيش حتي كيس كتشب .. صح
977,taste is awful
978,late delivery. food wasn't hot
979,Food was so so cold
980,الساندوتش مفهوش خيار مخلل ولا بصل و جاي متلج و الفرايز مجلده تماما و ناشفه جدا
981,Great sandwich but terrible fries. Not ordering fries again.
982,الاوردر زي الزفت طعمه يقرف زمان كان احلى بس بقى سئ جدا
983,الاوردر جه ناقص المياه
984,الاكل وصل متأخر وبارد جدا للأسف تجربة سيئة جدا على غير العادة
985,they didn't send the juice and one fries from the combos
986,Order came very late & very cold
987,اسوء خدمه شوفتها
988,"Not a good taste,"
989,"How the order came without any gloves or tissues, taking into consideration the amount paid in the order"
990,تم ارسال مياه في الطلب علي العلم انه تم طلب اثنين عصير تفاح بيور مع الطلب لكن جاء مكنهم زجاجتين من الماء
991,Thousand Island Sauce Cup Was Missing
992,الاوردر بارد جدااااااا
993,الاكل قرف وتوصيل يقرف المنيوز ده زبالة
994,order came cold and an hour and a half late
995,للاسف جيه باااارد جدا
996,Approximately 2 hours to have the order
997,I got my order after 1 hour and a half from delivery time
998,The order amount was deducted and then they rejected the order … Always pay in Cash don’t use online payment you will not get your money back
999,الاكل ملويش طعم و بارد جدا
1000,the order was very very late and poorly packed and when i opened the sandwich it was all over the wrap
1001,Very bad experience
1002,fries very bad
1003,Had a shitty experience with the driver and support
1004,الأوردر غلط
1005,Very bad treatment from branch side So late order Bad behavior at all
1006,انا طلبت ٢ apple juice وجالي ٢ مايه البطاطس كانت مكبوبه في الكيس وكميتها قليله
1007,تطبيق زباله
1008,was cold and got late
1009,وصلني طلب خاطى والطعام لم يكن لذيذ
1010,الطلب اتأخر
1011,bery slow delivery
1012,جامد
1013,"Very bad patty, it feels and tastes processed meat"
1014,Order is missing
1015,Did not receive my order
1016,ليه السوفت درينك مايه؟؟ ممكن حضرتك تحط اي عصير او اي حاجه بس مش مايه لان الكومبو مفروض يكون معااه درينك
1017,the cheeder cheese taste was bad and the onion ring without any spices
1018,I got food poisoning
1019,Taste was so bad and the bread wasn’t fresh. So disappointed
1020,الاوردر جه ساقع والعيش بارد والطيار جرى لما بقوله الاكل ساقع، وخدمة العملاء بعد ساعتين بيقولى حضرتك عايز تاخد فلوسه؟ قمه فى البجاحة وعدم المهنية. تجربة بشعه
1021,Very very very very late delivery
1022,The order is incomplete !!!! Taste so bad not as usual
1023,فين الصوص وفين السلطة
1024,الاوردر وصلى متأخر جدا ، الاكل وصل بارد والكولا سخنة ،والبطاطس وحشة جدا متتاكلش ، الكيدز ميل جت بيف مع اني طالباها تشيكن .. للاسف تجربة سيئة !
1025,But bread was too bad okay.
1026,"Awful. They've been awful for a while now, but with the boycott and everything I thought I'd try it again, definitely won't ever again. It's sad how they became this awful."
1027,Food was bad and I didn’t receive the buffalo sauce
1028,sandwich was cold and dry
1029,ممتاز جدا جدا جدا
1030,worst food ever
1031,The food taste was sooo bad and poor quality!
1032,"The burger and fries was cold , coca cola is hot and there’s no thousands sausce"
1033,I didn’t received the caramelized onion
1034,مجاش الصوص والاورد جه غير اللي طلبته
1035,Iam not happy with the order
1036,البرجر وصل من غير العلبة اللي فيها الخس والطماطم والبصل و مخلل الخيار انا سمعت كتير ناس بتشتكي الخدمة بقت سيئة و طلع معاهم حق
1037,البرجر وصل من غير علبة الخس والطماطم والبصل و مخلل الخيار
1038,الاوردر جاي من غير الصوص اللي انا دافعة تمنع والبطاطس معجنه ولا طبق السلطة جه
1039,Terrribleeeeeeeeee serviceeeeeeeeee
1040,البطاطس قليل وناشف وكلو زيت
1041,الاوردر ناقض خضار البرجر الطعم مش حلو خالص تجربه سيئه المزادى حلقات البصل سيئه جدااااااا
1042,كولا وبطاطس
1043,the thousand island sauce cup wasn't there!
1044,هو حرفيا يقرف و اول مره في حياتي اكول اكل بالمنظر دا دا غير انو مش ٢٠٠ جرام و مفهوش صوص و البرجر شكله بايت بقاله اسبوع زفتتتتا
1045,"French fries were really bad and I was so disappointing , The sandwich was not fresh , very bad experience, I didn’t expect that at all 😏"
1046,The order arrived 45 min late and the sandwich was cold
1047,الاكل مكانش سخن و طريقة التغليف خلت العيش يطرى و البطاطس كمان 💔
1048,مطعم سيء جدا، اخر مره اطلب منه، الاكل دايما بيجي بارد و دايما بيتاخروا و اخر مره كنت طالب برجر ٤٠٠ جرام لكن جابولي ٢٠٠ بس
1049,"worest order i ever had from Buffalo, dont thin i will recommend it or even order again from them. it was a horrible experience!!"
1050,One Pepsi bottle was missing We received only 3
1051,الاوردر واصل بعد اكتر من ساعة و نص و متلج
1052,الاوردر سنذوتش مختلف تماما فراخ اصلا مش لحمة
1053,Order was more than 45 minutes late but the quality was good
1054,لازم كل الساندوتشات يطلع معاها العلبه اللي فيها طماطم وبصل ..الساندوتش مش بيكون طعمه حلو لما يكون ساده كده
1055,Worst experience from menus food is so cold and not fresh waiting about 2 and half hours for the order and lastly rude delivery boy!!!
1056,Didn’t send the Thousand island sauce with the order
1057,مفيش فرنش فرايز ولا هالبينو وانا محاسبه عليهم
1058,الكول سلو سئ جدا جدا
1059,sandwhich barely had any sauce. tasted terrible threw it out. fries were so dry and saggy.
1060,the 2 thouthands sauces cups didn't deliver with the order
1061,order delayed by 90 minutes. food arrived cold and old. driver blamed customer for not helping him enough to find address. ridiculous customer service
1062,90 mins to deliver the meal.
1063,انتظر. ساعه فوق الوقت المحدد ليه
1064,The driver came very very late!! so ofcourse the food came sooo cold !! plus every order I use to have before came with pickles and lettuce and tomatoes and onions and it wasn't in the package this time !! I'm sad about how the quality has become...
1065,Coca cola support israel 👎
1066,مندوب شمام حرفياً و قاعد بالاكل نص ساعة بعيد عن المنزل مش بيتحرك و بيقول لى هشرب سيجارة و هاجي!
1067,Good staff and tasty foods ... Thanks a lot buffalo burger Moaatam branch
1068,الاكل زفت و بارد و حصور الاوردر
1069,F
1070,food was cold and not tasty. ordered large chips did happen
1071,الاكل كأنه كان بايت والفراخ كانت صعبه جدا مجلده بشكل غريب ودي اول مره يحصل كده منكم
1072,sandwiches was good and hot fries were very cold
1073,"it was too late and took about an hour and a half, the delivery guy was seen on the map at so many places (like had many orders) the food was delivered cold and smashed. it was so unprofessional and humiliating."
1074,طعمه جميل
1075,delivery might be faster
1076,البطاطس كان قليل BBurger
1077,not the best + just 1 tomato and 1 onion and maybe 2 pickles per sandwich which is hilarious
1078,"The charbroiled was WAAAYYYYY too sweet, less sauce, more onion!!!"
1079,It’s not just the taser but the patty was a bit chewy
1080,الاوردر وصل بارد و متأخر والطيار مش جاهز ب فكه اتضريت انزل الشارع اشوف فكه تجربه سيئه
1081,first time to receive bacon mushroom jack without any beacon !? i will choose daddys burger next time
1082,مطعم زباااااله الطلب بيجي بعد ٣ ساعات حاجه تقرف و زباله في التواصل حاجه تقرف بجد
1083,السندوتش التشكين طعمه مش احسن حاججه
1084,البطاطس باردة و بايتة
1085,"Very Late order delivered after more than 2 hours , Missing item Very bad quality Cold and soggy The worst experience"
1086,الطعم كان سئ والاوردار اتاخر
1087,It was a bit cold.
1088,العيش بايش
1089,there was a hair in the cheesy fries !!!
1090,السلطة مقلوبة ومغرقة كل حاجة
1091,طلبت بيكين ماشروم البرجر جي بدون البيكين ، وبدون خس ، والبطاطس كانت ناشفه
1092,شكرا للمطعم و موظف المنيو اسرع و افضل ارورد وصل بتاريخ 11/10/2023
1093,what a miserable order delivered after delay 1 hour too cold very bad poor service
1094,لتجربة للنسيانI حقيقة
1095,"shortly after I ate some of the cold food that was delivered, I got very sick for two days. I eat Buffalo Burger and usually really enjoy it, but this time it was very cold and and the taste was not good which is why I didn't finish eating it."
1096,I didn’t receive the coca!!!
1097,الاكل فضل مع الطيار اكتر من ساعة مستلم الاوردر
1098,I didn’t get my coke
1099,مكونات الساندويتش ناقصة ( لايحتوي الا على البرجر و صوص بافلو و طماطم فقط )
1100,البطاطس طريه جدا والطعام بارد
1101,الاوردر جيه ف ساعتين
1102,s
1103,Didn't recieve the sauce and I paid for it
1104,The sandwiches were labeled wrong and tge fries came cold
1105,الكولا كانت سخنة الساندوتش لازق في التغليف
1106,علبة الخضار لم تكن موجوده
1107,انا حرفياً علي بعد شارعين من المطعم و الدليفري مش بيوصل للمنطقة دي ...ازاي بقي مع ان بيوصل عادي على طلبات
1108,Food was well prepared
1109,PerfectooO
1110,my order had missing items and i demand a call or a text message so we can speak about it
1111,Average
1112,Driver was so polite and the food was delicious
1113,Onion rings had green mold on it. The fries were clearly old. The burger was extremely dry unlike any other time i ordered from them
1114,السندوتش جايلي متبهدل خالص ومتفعص
1115,Missing thousand islands sauce.
1116,The sandwich was super messy and the fries were very cold and not edible
1117,missing 1 coca and order came 1 hour late than the estimate time
1118,the order is قرف
1119,The order was missing a drink
1120,الطعام كان بارد جداً
1121,الاكل كان وحش جدا جدا
1122,ناقص بطاطس و بيبسي
1123,Delivery was a bit late
1124,Gloves were missing and the burger quality not as before it was so dry
1125,Food was frozen and dont have any sauces
1126,وحش و حش وحش فاشل و سيء جدا محدش يفكر يطلب منه 🤮🤮🤮🤮
1127,"I ordered ""beef bacon"" to be add as extra and it costs 45 pounds and yet it was not added"
1128,تقييم سئ
1129,زفففففت
1130,السندوتش وصل غلط
1131,قليل الأدب. مسئ. جدآ جدآ جدآ لاي مكان يعمل فيه. بلطجي
1132,the order pachage was cut and the food wasnot hot
1133,1 بطاطس ناقص
1134,الساندوتش كان ناقص منه البصل المكرمل و الجبنه كان عباره عن ساندوتش برجر بس و الطمام اللى كانت ف الطبق كانت بايظه هى و الخيار المخلل
1135,Cold and bad test
1136,"DO NOT TRY CHEESY FRIES , THE WORST EVER"
1137,It was really BAD !!
1138,Food is great
1139,Burger is not raw beef…it’s processed meat …very disappointing 👎🏻😠
1140,Food was really cold
1141,The sandwich is amazing The fries was so bland
1142,Low portions against prices
1143,الدليفري مس عارف يوصل من ساعة والعنوان مكتوب والوكيسن اتصل قالي راح التبة والمنطقة التاسع و انا ف العاشر بعت لوكيشن تاه تحت ويبعت التليفون لحد يقولي فين مش عارف يقرأ العنوان ف ايده بقله ف العمارة بقابله سوبر ماركت بيتكلم بطريقة سيئة
1144,Difference in the price and no receipt received
1145,اطلب حاجه تجيلي حاجه تانيه خالص بجد مطعم سي جداااا
1146,الاكل كان اوحش من الوحاشه وبايت وبشع
1147,Cold sandwiches
1148,سييء
1149,😊
1150,الاكل بارد والبطاطس مش فريش غالبا باينة في المطعم
1151,The fried chicken smelled bad
1152,It was not served at all
1153,فين لعبة الاطفال ؟؟ انا اصلا طلبت هابي ميل عشان اللعبه والا عشان الحساب فيزا والله لو كان كاش ماكنتش دفعت انا مستنيه اللعبه ياريت تبعتوها
1154,تحفههههه
1155,Fries was so little and no veges
1156,The jalapeño bites didn’t have jalapeños
1157,"the sandwich didn't contain onions , lettuce or pickles"
1158,i didn't order Pepsi diet!! + there was no vegetables box no onion no tomato nothing! it was only full of jalapeno! DISLIKE
1159,احلى تجربة اكل بصراحة والطعم خرافة و فوق الوصف و يا ريتني طلبت بزيادة لاني مش ندمان من التجربة خالص خالص
1160,I didn’t get the cola
1161,طلبت بطاطس ثاور ايلاند و تم ارسال BBQ Souce
1162,The bun was so wet!
1163,الاوردر لم يصل الي الان ارجو التواصل لحل هذه المشكله
1164,خدمة عملاء زي الزفت
1165,"delivery was fast but the food wasnt good. no pickles, 1 small slice tomato, no lettuce and small piece of onion. i was disappointed."
1166,بشع
1167,البطاطس كلها مزيته و الاكل بارد و سىء غير المعتاد و كنت طالبه بصل زياده برا مجاش جالص ولا حتى جوا الساندوتش
1168,كل حاجة طالعة من السندوش والعيش مبلول
1169,الفراخ مقددة و البطاطس مزيتة، كان اوردر زي الخرة
1170,Order missing the dressing
1171,الدليفري ما عطاني باقي المبلغ يالي دفعتو و حقيقي قمه قله الزوق هي الحركه
1172,و
1173,I didnt get my sides (the box with onion and lettuce)
1174,الجودة أقل من مرات سابقة
1175,تعامل مش كويس ابدا وبيقول معهوش فكه على طول
1176,the food took too much time to be delivered and delivered cold
1177,كان كويس جدا
1178,I never got my order like today. so poor and bad. I always order directly from Buffalo. It's not the same ingredients?? why!!!!
1179,لو سمحتوا بعد كدا الطيار لازم يوصل الطلب الأول حتى لو كان على بعد خطوة من باب المنزل و بعدها يسجل إنه تمت المهمة، منعاً لأي مشكلة
1180,Bgd aswa2 mara kalt feha mn buffalo el burger w el beef bacon msh mstwyen kways w el burger taste wired msh 3arfa da no3 gded wla feh moshkla w el sauce olyl
1181,Coleslaw did not come with order
1182,missing items
1183,order wasn't delivered !
1184,الخضروات اللى على الساندوتش كانت غير طازجة ابدااا الخس جاى لونه اسود و البرجر نفسه طعمه سئ للغاية
1185,extremely bad taste & veryyyyyy cold with bad smell!!!!
1186,"1. Order was delayed over half an hour. 2. Beef burger was very weird. Felt like we are eating ‘كاوتش'. 3. Rastafari chicken barely had an sauce on it, and the chicken piece itself was not one big piece, it was a piece and a quarter. I’m a huge ..."
1187,I want someone from the support to contact me. I received wrong item.
1188,الديليفري ذوق جدا حقيقي ومحترم اوي
1189,الاكل بارد جدا ميتاكلش فعلا
1190,"Cold, wrong fries and very very late"
1191,El sandwich wa2e3 wel bun ma2som nosen
1192,الطيار استلم الاوردر و اتأخر عليا لدرجة ان الاكل برد و كلمني كذا مرة علي اني أوردر تاني ناقصه حاجة
1193,the driver was so polite and respectful.
1194,الفرايز جت طريه و ساقعه والساندوتش الطماطم وحشه جدا و بايظه اول مره تكونو كده وده بدايه السقوط بعد الرياده
1195,الساندوتش من غير الخس و الطماطم والبصل
1196,vegetables ingredients was missed
1197,مكونات الساندوتش ناقصة شرائح الهالبينو. الأهم أنا عميل قديم للمطعم ... هناك تغيير ملحوظ في طعم لحم البرجر. الطعم مثل طعم انواع البرجر المجمدة وليس طعم برجر بافلو المعتاد. الطعم السئ تكرر في اخر 3 اوردرات
1198,Driver attitude was very bad
1199,طلبت الاوردر الساعه ١٢.٢٣ صباحا تحدد وقت التوصيل الساعه ١.١٧ صباحا وانتظرت وصوله حتي ٢.٣٠ تقريبا ولم يصل حتي أن تواصلت مع الدليفري أخبرني أن المطعم أبلغه أن الاوردر الغي ممكن تطلب تاني لو عاوز لااناولا حتي خدمة العملاء أو المطعم أخبروني بأنه الغي
1200,لم يصلني بطاطس وبيبسي
1201,all perfect but i ordered extra jalapeno it was not there that's fine
1202,في نقطتين بس اول نقطة هي ان الحساب 480 الطيار معهوش 20 فكة يعني انا مديك 500 انت معكش 20 لكن عايزاني اديك الحساب بالظبط يعني 80 جنيه فكة وجاي ومعهوش فاتورة تاني حاجة الساندوتش حلو وسخن والبطاطس حلوة بس كميتها صغيرة جدا علي اني المفروض طالب كومبو يعن...
1203,the food was cold
1204,Taste
1205,السلطة ماجتش مع الساندوتش فى العلبة كالمعتاد انها بتيجى
1206,الاوردر جي من غير اي حاجة
1207,اول مره اطلب برجر يطلع سيء كدا من عندكم
1208,there is no quality control sometimes it's really good and some other times it's bad
1209,Delivered 2 hours after submitting my order and it tasted very bad
1210,ساعتين ومجاش الاكل في الأخر
1211,portions was not enough
1212,Wrong souse and cold sandwiches
1213,فرع مصر الجديده بقا سيء جدا
1214,Missing one item the mayo sauce
1215,اوفر و برمو كود خادع ، نفس العرض ارخص في الفرع و اونلاين او طلبات ارخص
1216,the delivery was very very late
1217,للاسف الفراخ كانت مش مستويه لدرجه انها كانت بتقطم اكني باكل كاوتش 😕😕 اول ترجه سيئه ليا مع المطعم رغم انه مش اول اوردر اطلبه
1218,شكراً 😍
1219,الاوردر ناقص زجاجة كولا والغريب ان الكيس كان مفتوح
1220,"the fries were all over the place, strewn around, and I got food poisoning from one of the sandwiches"
1221,Order was received incomplete
1222,طبعا الاوردر جه بعد وقت طويل و السندوتشات جت غلط
1223,"Too cold , very cold, freezes 😏"
1224,الديليفري سئ جدا جدا في تعامله
1225,vvnnl
1226,Was so cold
1227,اخترت سندويتشات وجت اختيارات تانية خالص
1228,Order didn’t arrive
1229,My order was canceled after i waited for it
1230,الاوردر جيه متأخر جدًا، وكان بارد جدًا ومكانش معاه العلبه اللي بيبقي فيها الخص والطماطم والخيار المخلل
1231,No salad
1232,"The fries are just too small , other than that , a great burger"
1233,اى اوردر بيبقي عرض بيقبي معمول وحش جدا و دى حاجه ملحوظه
1234,the meat was overcooked.
1235,البطاطس بايته بقالها تقريبا ٣ سنين والطعم في الكنافه لو في تقيم سالب ١٠٠ كنت قيمته بكدا
1236,Fries was not hot. portion of fries small even though I added extra.. Burger had too much sauce ruining the meat taste. burger was perfectly cooked MAJOR plus.
1237,الاكل وصلني بارد اووي مع ان الفرع علي اول الشارع بتاع البيت والتغليف مكنش الطف حاجة ال package اللي فيها المناديل والجوانتي كانت مفتوحة
1238,Fries arrived cold and soggy.
1239,برجر اللحم طعمو كانو سيء على غير العادة
1240,It was very salty. And I had food poisoning afterward! Might be the sauce!
1241,بقى سئ جدا بجد ومش نضيف .. للاسف اخر مرة افكر اكل منه☹️☹️☹️
1242,I have a very bad stomach ache since i ate here
1243,البرجر كان صغير و مفيش في الساندوتش حاجه غير برجر و سلايس جبنه
1244,2 pieces of onions!!!!!!!
1245,الاكل بارد ووحش
1246,انا جالي تسمم
1247,كالعادة الاوردر بال credit بيختفي ف طروف غامضة الله اعلم بيروح فين
1248,best burger but elmenus is the worst app to order from try Talabat is better
1249,I have received wrong sandwich
1250,small piece of chicken and fries not good at all
1251,الساندوتش كله مفيهوش غير قطعة طماطم و خيار صغيرين جدا جدا جدا و البطاطس حرفيا متكفيش طفل صغير حتي بجد انا مصدقتش اللي شفته والله كان ناقص متحطوش البرحر نفسه للاسف انتوا بقيتوا من سئ لاسوء اخر مرة اطلب فيها
1252,الاكل اتاخر جدا وجه بارد☹️☹️
1253,فرع كل حاجته تقرف
1254,order without Ketchup or tissues & fries was cold
1255,التوصيل تأخر كثيرا
1256,الاوردر ناقص بيبسى
1257,Food derived fast and hot burger is good fries is good But cheese sauce not that much
1258,"Dear el menus, I expect you to take serious actions towards my problem. The order was supposed to be delivered at 3.56 as it was written on the app, food came late by almost an hour, it got delivered at 4.41. Which made the food come cold and not in ..."
1259,"order arrived 2 hours after I placed the order and someone called me to charge extra 10 EGP and I refused. I am not happy with this service. Also I have requested not to add any tomatoes and I found it in my sandwich, the apple pie was not fresh&cold"
1260,I add note on this order to make sure onion and tomato will come with order and surprisingly the order came without them for the second time in a row...and for many times buffalo orders from menus worst than normal orders from their app
1261,"the burger was amazing , driver was nice, overall outsatanding"
1262,the fries size is tiny.
1263,لسة طالبة اوردر عمرى ماشوفت اكل وخدمة بالقرف دة بصراحة
1264,امجليش مع الطلب علبه الفيها الطماطم و البصل و الخضار
1265,الدليفري عامل مشكلة لانه لا يملك رخصة وقوله طيب يجيب الاوردر ويسيب الموتوسكل عند الامن يقولي لا عامل عملية في راجلي ونزلت رحت اخدت الاوردر ومش مش اول مرة يحصل الموضوع ده
1266,كان طعم الفراخ وحش جدااا وبقطم بصعوبه اوحش تجربه ومش هكررها تاني
1267,الاوردر غلط و خدمة بردة
1268,completely ignored the special requests and did not bring me the coca-cola
1269,الاكل كله كان مدلوق جوة الكيس و معرفتش اكله و رميته.
1270,مش زي دايماً
1271,The burger quality and taste were same as the processed beef burger in the supermarket!!
1272,"I ordered an Old School sandwich, it arrived with no toppings inside or outside the sandwich. I contacted support to send me the missing item and they are doing their best actually but what would that do while my sandwich became cold af. Awful exp."
1273,Forgot my thousand island sauce
1274,someone changed my jalapeno chedar sticks mozarrela sticks.
1275,الساندوتش طعمه بايظ
1276,the fries was terrible
1277,Chicken was cooked too much and dry no sauce added it was very bad
1278,drinks are all coke not as ordered .. Blanco fries were with french fries not as ordered and should be diablo...
1279,البرجر وصل من غير سلطة
1280,it was the worst. الفراخ كانت محروقة و الساندوتش نفسه كان مش ماسك نفسه، العيش كان بشع
1281,the worst onion rings that I ve ever tried!
1282,الطلب ناقص حلقات البصل.. و باعتين 4 سلطة بايظين و حمضانين برغم إني بعتت تعليق على السلطه بالذات.. . ده غير تأخير الاوردر عن معاد تسليمه
1283,order was cold
1284,Everything was good but they forgot to season the fries 🥲
1285,Fries to salty
1286,كان فيه بيبسي ناقص والشنطة كانت متبهدله والحاجة جوا مبلولة
1287,Super late delivery from El Menus and bad communication as well. I will never order that again Also the restaurant didn’t consider my comments for the meals
1288,البرجر وصل من غير سلطة وتأخر أكثر من ٤٠ دقيقة من توقيت التوصيل
1289,i got the sandwich not the combo
1290,I received the wrong order
1291,الاوردار وصل بارد و اتأخر ساعتين و نص
1292,order did not arrive
1293,الصوص قليل جدا يكاد يكون محطوش أساسًا
1294,"onion rings taste not good as before!👎 no tissues, no forks !!!"
1295,الفراخ ملهاش اى طعم و البطاطس سيئة جدا !
1296,"The burger was burned , and the order has arrived so late."
1297,….
1298,لاسف الاكل بارد ونشف والبطاطس سئ والدلفري جي بعجله كتر الله خيره بس العجله بتبرد الاكل لاسف
1299,I ordered blanco fries but I got normal love the sandwich
1300,raw food and poisoning
1301,the topping box was missed
1302,For the first time I received an order with an almost empty box of potatoes after over almost 2 hours
1303,COLD - fries is not freshly cooked
1304,الاكل بعد ما اتاخر ساعه جاي بارد جدا جدا
1305,الطيار فضل يلف فى كل مدينتى رايح جاى وانا متابعه.. وفى الاخر الساندوتشات وصلتلى بارده من وهى فى التغليف.. رغم حرارة الجو.. ده بسبب طبعا ان الطيار قرر يعمل كذا accept على كذا اوردر عشان يلم اكتر عدد مشاوير، وانا العميل مطلوب منى اتركن عشان خاطره
1306,Didn’t arrive. Support doesn’t answer.
1307,very late delivery but the food was good
1308,very poor quality and I was sick next day
1309,Not delicious
1310,اسلوب عامل الدليفري اسلوبه سي جداااااا لا يريد اعطاء الباقي و تم اعطاء جزء منه و الفلوس قديمه و مقطعه و عند الطلب ان يفك رفض و كان معه فكه و رفض اعطاء الفلوس كامله و عند الطلب بتغير الفلوس المقطعه تحدث باسلوب سي و رد هتخدي الفلوس ولا اخده و مش هديكي ...
1311,حاسس ان السندوتش ملوش طعم ذي ما يكون ناقص ملح
1312,الأجنحة زفرة اوي
1313,missing the usual toppings
1314,I ordered large fries but I received small
1315,الاكل كان بارد وم غير بطاطس ولا فرايز
1316,الفراخ اتحرقت تقريبا
1317,الساندويش غرقان صوص لدرجة العيش مبلول لايصلح الاكل والغلاف الورق غرقان مياه من كترة الصوص وحجم البرجر صغير
1318,"nice, but lettuce in the burgers is bitter and yellow"
1319,كان المفروض ليا باقي و السواق قالي هبعتهملك رصيد عشان كسل يفك و طبعا مفيش رصيد ولا حاجه
1320,الطلب اتاخر ساعه والطيار لابس شبش
1321,الفراخ مكنتش مستوية كويس
1322,غالى شوية
1323,الخدمه سىئه جدا الاكل جه متلج و الاورد اتاخر ساعتين و بحاول اتواصل مع حد مش عارف بيقولولى طلبك فالطريق و خلاص و حقيقي مستاء جدا من الخدمه
1324,الاوردر اتاخر ساعه عقبال ما وصل . وخدمه العملاء حافظين يقولي ١٠ دقائق ويوصل ... الاكل كان بارد طبعا لإنه اتحضر وفضل مستني السائق
1325,the sandwich and the fries were cold
1326,انا بعشق حاجة اسمها بافالو برجر، احلى كواليتي برجر في مصر ونضيف وتغليف وكل حاجة، بس اسعاركم اوڤر جدًا يعني ايه عشان اشبع اشتري سندوتشات تكلفني 300 جنية وأكتر ؟ ياريت تظبطوا اسعاركم او تعملوا عروض.
1327,سيئ جدا
1328,الطلب ناقص(علبه الخضروات ) والبطاطس سيئه وبارده وبرجر محروق
1329,السندوتشات جت من غير علبة الخس والطماطم والبصل .. ومافيش فى الساندوتش
1330,الأكل كان سيء جداً مش زي كل مرة وطعمه مش حلو والحاجة متبهدلة
1331,بطاطس كانت نيه
1332,amazing taste and quality!!!!
1333,"very bad experience with keto sandwich. the portion of cheesy fries is small vs the cost!!!!! packaging is the worst. I am shocked from the level of the meal, I have never seen Buffalo in this level."
1334,was less than 150gm
1335,الطلب وصل متأخر جدااا و الاكل بارد
1336,The most delicious burger 👌
1337,cold meal ❄️
1338,كالعادة بيبعتوا الاوردر بدون بوكس الخضار و على ما اتفاهم و يوصلولي البوكس يكون الاكل خرب مفيش مهنية و لا احترام للعميل
1339,السندوتش كذا مرة يجيي من غير بوكس الخضار و على ما اكلمهم و يتصرفوا يكون الاكل برد و باظ منتهى الاستفزاز و القرف
1340,البطاطس كانت جاية وحشة و محروقة
1341,بجد الاكل سى جدا و البوشنز قليله جدا و معايا و الفراخ مجلده و بجد خساره الفلوس اللي اتظفعت
1342,تاخير لساعه ونصف وعدم وجود حد من خدمة العملاء يرد على الواحد خدمة في غاية السوء
1343,البيبسي ماجتش
1344,مطعم ادارته فاشلة وغير ملتزمين بالمواعيد ولا يتم الرد على المكالمات طلبت اوردر وبعد ساعتين تم الغاء الاوردر من المطعم
1345,الاوردر كويس بس الوقت كان اطول من المحدد بساعة
1346,طريقة مناولته للاوردر غير جيده
1347,الاوردر اتأخر جداااااااااا تأخر غير مقبول
1348,2 hours late حسبي الله ونعم الوكيل
1349,Akl w7sh gidan all not cooked hurt my stomach disgusting save your money
1350,الأكل حقيقي كان بارد جدا و متلج
1351,الاكل بارد اووي
1352,It was very cold
1353,طعم سيء جداااااا
1354,الأوردر نقص كوكا و الساندويش ساقع
1355,"I received the wrong fries and expired orange juice, and the order was also cold Very bad experience!"
1356,الاوردر متأخر ساعه الا ربع تقريباً ومن غير حتى اى اعتذار
1357,Salad missing
1358,"The bacon should have been fries or something, it makes the taste not so good"
1359,"Burgers came hot, tasted so fresh, and were delicious. Definitely my all time favorite burger place 🫶🏼"
1360,الاكل بارد البطاطس مرمية في الكيس مفيش كاتشب ولا مناديل
1361,البطاطس و الكولا صغيرين
1362,برجر ريحته كانت سيئة جدا
1363,البطاطس تقريبا بايتة ومجلدة
1364,The food was cold and not fresh at all
1365,البطاطس قليله جدااااا
1366,I had the toy missing in the happy meal and that's not the first time
1367,الاوردر جه ناقص باكت البطاطس و جه بارد جدا
1368,The burger usually has tomatos onions and lettuce and pickles the burger came plain with nothing but onions this is unacceptable I'm utterly disappointed please take this into serious consideration thank you
1369,البطاطس كانت بايته مش طازجة وبالتالي ناشفه شوية
1370,"fries were slimy and not fresh, delivery was late also."
1371,Thank you
1372,الطعم و الكميه و النوعيه و التوصيل قل بطريقه ملحوظة وده مش مقبول و السعر زاد طبيعي لكن مع الجوده تقل مش مقبول
1373,التغليف كان مفتوح
1374,الباربكيو كان قليل جدااااا
1375,بارده ومش حلوه
1376,The order came with one coca cola bottle not two
1377,"Fries were so bad, slimy and cold."
1378,جه بارد
1379,لاكن بطاطس كبير فيه نص الكمية.. والساندويتس والبطاطس ساقعة مع ان الفرع ٣ دقايق من عندي. البيبسي دافي جداً.
1380,expensive
1381,there was no salad with it
1382,It took 2hrs to arrive
1383,الطعام وصل باااارد جدًا وبطاطا مش مقرمشه
1384,كان بارد
1385,excellent but i didn't get the BBQ sauce
1386,"Something was missing in the order, and I called hotline and the courier, they both told me “we will inform the branch and let them contact you” , and no one called , followed up or solved the problem. Totally ignoring!!"
1387,سيئ جدا اسوأ مرة اطلب و اخر مرة. اطلب حلقات بصل ب ٦٠ جنية و يجيلى اتنين؟؟ و اتصل يقولى ده المنتج كدة. طب لو رجالة اكتبوها. ٢ حلقات بصل ب ٦٠.
1388,الاكل بارد جدا والبطاطس مجلدة ومفيهاش اى توابل ومش طازة للاسف تجربة سيئة جدا مش هتكرر تانى
1389,not fresh and cold
1390,الاوردر وصل متأخر جدا اعتقد ان كان بيوصل اكثر من أوردر و ده واضح من التتبع
1391,asked for more money
1392,الاكل بارد وطلبت ميراندا جتلي كوكاكولا
1393,But you got the wrong sauce
1394,very bad experience
1395,جالى ساندوتش تانى غير اللى طلبته
1396,fries was so salty mattakl4 l sandwich mara kan m7ro2 w mara tanya kan me4 mask nafso w kol 7tta fe mkan plus en magale4 shoka ll btates .
1397,Forgot to add the extra pickles and most of my comments weren't added except for the spicy jalapeño
1398,🥰
1399,الاكل كان ساقع و البطاطس كانت مزيتة اويي و البرجر كان محروق
1400,طبعا منغير نقاش اللحمة طعمها حلو جدا، لكن للأسف انتو معفنين. صغرت اللحمة و بطلتوا تحطوا gloves و sanitizer زي ما من اول يوم انتو دايما كنتو بتعملوا. الخدمة هي الي بتعمل المطعم و اسف اني اقولكوا ان الخدمة بقيت زفت
1401,لم يكن مثل دايما ، ليس ساخناً ومش مضبوط
1402,الاكل ملوش طعم ، بارد ، أسعار مبالغ فيها
1403,Very cold
1404,the fries was half the quantity but the sandwich was good
1405,طعم اللحم كان سئ جدا بالرغم من الاسعار اللي زادت جدا
1406,the fries was half quantity in the order
1407,overpriced
1408,ما رجعلي الباقي و قلي هفك و ارجع و ما رجعش دا نصب
1409,الساندوتش عبارة عن قطعة لحم وصوص بس
1410,اللحمه مش مستويه عدل و ناشفه، أسوأ ساندوتش
1411,sooooooooo bad
1412,الساندوتش كان ناشف ومحروق
1413,الساندويتش كان من غير جبنه
1414,تأخير في وصول الاوردر و فيه أشياء ناقصه لم تأتي مع الاكل و كذا مره يتكرر هذا الحوار
1415,الحجم ماش بس الوجبة جميلة
1416,Still hungry
1417,The order quality very low
1418,ناقص سلطة العلبة الخاصة بالساندوتش
1419,I didn’t get the dressing
1420,جميل جدااا
1421,"charged for using visa , chatting was a waste of time"
1422,not well done
1423,البرجر ١٠ من ١٠ لكن تأخر جدا و نسى الكتشب و مناديل
1424,"Cola not cold , sandwich too messy"
1425,الاكل مكنش زي المتوقع وجي من غير بطاطس ولا مناديل ولا جلوفز
1426,"Too saggy, bread was falling apart and too salty"
1427,الساندويتش كويس، بس البطاطس حرفيا كل مرة أطلب تجيلي باردة و بايشة و ملهاش طعم
1428,All of my order came wrong!!
1429,T
1430,الاكل جه بارد جدا
1431,ممتاز كالعاده
1432,رائع جدا واتمنى تفتحو فرع في اليمن🥹🤍
1433,The overall experience is very good but the onion rings are dry and restless. However the burger was great
1434,Taste not expected Fries very bad
1435,Very big portions and very tasty meal😋 thank you buffalo burger
1436,It was the worst time i have ever eat a burger
1437,الفراخ زفرة
1438,the food was not hot
1439,البطاطس كان فيها حاجات سوده
1440,the delivery man was so polite
1441,العيش كان بايت والسندوتش كان سئ اول مرة اكل من بفلو اكل وحش كدة
1442,رائع
1443,الساندوتش جه غير اللي طلبته والبطاطس مجلدة
1444,البطاطس كلها برا البكت و الكمية صغيره جدا
1445,فديته يخربيته بجد ❤😿 يا رب يعملوا خصم للطلبة 🌚
1446,Tohfa
1447,لا يوجد كوكيز
1448,بارد من غير طماطم وبصل
1449,order wings with buffalo sauce received instead with ranch sauce outside wings. wings not tasty. regreted ordering it.
1450,تسلم ايديك
1451,الطلب نسبيا تحس انه معمول بسرعه من غير اهتمام
1452,الامل جاي حلو جداا وسخن وفريش والعرض كان حلو ب اللنسبة للأسعار دلوقت
1453,ناقص علبة السلطة
1454,كل الصوص وقع من السندوتش وغرق التغليف وخلى العيش مبلول كله .. ممكن الصوص ينضاف لباكت لوحده او الطماطم تبقى لوحدها
1455,الطيار مكنش معاه فلوس باقي الحساب و اضطريت اديه الفلوس اللي معايا منغير ما اخد الباقي بتاعي
1456,كله جامد
1457,الاكل بارد و طعمه مش احسن حاجه
1458,The food are so cold and too late and it was very bad experience
1459,"my order came 45 minutes late, the food came super cold and also missing the extra sauce i ordered!"
1460,best food ❤️
1461,Cola was missing and they refused to send it as it was last order!!
1462,عصير البرتقال ناقص من الأوردر ! .. ماوصلش معاه
1463,البرجر كان محروق - بطاطس غير متبلة - الخضراوات ليست اختيارية في علبة مثل السابق - تجربة سيئة وكواليتي ضعيف
1464,الاوردر كان ناقص علب السلاطة والبطاطس كانت طريه وباردة جداً
1465,الساندوتشات ناقصة صوص.. ومش مليانة ومافيش سلطة .. !!
1466,التوصيل كويس والطيار محترم وعرف السكة بسهولة لكن الاكل للاسف مكانش طعمه حلو اوي وده مش العادي من buffalo burger اتمنى ياخدوا بالهم المرات الجاية
1467,sltantmhmd07@gmail.com
1468,"fries were small , and I ordered Large"
1469,لحمه البرجر محتاجه بس تتبهر شويه كمان وهيبقي ممتاغ
1470,مافيش سلطه مع الساندوتش
1471,The driver late for 1 hour and after this the order is wrong !!
1472,Didnt get my sauce
1473,Late delivery No buffalo sauce came with the lettuce wrap however it is said in the menu it comes with buffalo sauce cup The fresh orange juice was changed by a pure juhayna apple juice without even asking!!! No tissues no forks or spoons !! No Ke...
1474,طلبت جبنة في الاوردر و صل علبة كول سلو بدلها و الاكل كان بارد جدا جدا و سئ
1475,استواء البرجر مش كويس ابداً وصوص الجبنة قديم
1476,Zefttttt sandwich bayzzzz
1477,"the food was really so delicious, never had a sandwich much better than this tbh i loved it 💗💗💗"
1478,كان كويس قبل كده المرتين الاخر منين كان وحش جدا للأسف كل حاجة كويسة مستواها بينزل طبعا عشان الادارة بتسيب العمال يعملوا لهم عايزينه من غير رقابة
1479,Thoysand island sauce حطولي بداله bbq
1480,I did not receive my cheese sauce
1481,الاكل اتاخر كتيييييييير قوي اكتر من 1/2 ساعه عن الميعاد المتفق عليه ووصل بارد
1482,الباقي ناقص
1483,Missing apple pie
1484,من منفى
1485,الطعام طازج وحلو
1486,مكنش احسن حاجة و البطاطس كانت قليلة جدا اكنها مش موجودة اصلا
1487,الاكل كان كويس بس كان بارد شويتين
1488,الكولا وصلت سخنه
1489,Blue cheese sauce is not good and very salty
1490,The portion was good but we need more fries for the prices
1491,"fries were unseasoned & tasted disgusting, and the wings were GROSS"
1492,The wings came plain without Buffalo sauce or any other dipping sauce..I'm disappointed in the food :((
1493,Lettuce sandwich was very bad and messy
1494,اسوأ خدمة عملاء وغير احترافية بالمرة مطعم بحالات
1495,"Delicious food , fast delivery , it was perfect ❤️"
1496,الاوراد اطلب واتكنسل اكتر من ٣ساعات مستنيه
1497,البطاطس مزيته و العيش بايت و طعمو سئ لو كان في صفر كنت اختارته و اخد ساعتين تحضير
1498,It was great. Every bite was awesome.
1499,Late one do late and the food is cold though
1500,سئ
1501,Didn’t receive a Buffalo sauce with the wings
1502,مكنش حلو زي كل مره 😡
1503,I’ve received a wrong item
1504,غيروا لحمة البرجر بقيت جاهزة مش طازة زي الاول نفس جودة برجر امريكانا الجاهزة و البطاطس بقي عجينة
1505,Delicious
1506,Cold and fries not fresh
1507,الاكل كان ريحتو وحشه جدا والكيس والكيس التاني ريحتهم كانت بشعه وعليهم سائل غريب كده
1508,The delivery was late for 2 hours and the food was very cold and the sandwich was not good at all . Really a bad experience and I’m so disappointed
1509,الأوردر وصل في ساعتين تقريبا الأكل كان بارد والبطاطس سيئة... وفطيرة التفاح مش حلوة خالص
1510,mga4 asln
1511,"The food was great and taste really delicious.. I will order again for sure .. clean , hot and portions are great.. thank you"
1512,"ETA was 12:47 Received my order 2:15 Food was obviously cold Delivery guy seemed overwhelmed with orders, restaurant assigned too many orders for the delivery guy to deliver on one take"
1513,الدليفري اتاخر و البطاطس واقعة في الكيس كله
1514,the order came 30 minutes late and i let it go but it also came cold and the burger was burnt. very unacceptable
1515,Different from described Never seen a burger so thin
1516,الاكل بايت والساندوتش معمول من غير نفس وفي حجات كانت بايظة كانت اخر فرصة لبافلو عشان بقالو فترة سئ بس خلاص عمري ماهطلب منه تاني
1517,كده عيب
1518,The order late and was very cold
1519,الاورد بعد ماتأخر ساعتين عن معاده في الاخر لغوه
1520,They took one an half hour to prepare my order
1521,سيء سيء سيء اللحمه محروقه والساندوتش مش متماسك مع بعضه وتاخير عن الموعد المتوقع ساعه الاربع وف الاخر الاكل وصل بارد مع العلم ا ن المطعم قريب مني
1522,Delivery was good
1523,طلبت تشيس كيك لوتس جالي بلو بيري البطاطس غير محكمه ومبهدله الدنيا الفراخ ناقصه ومش كامله البرجر اللحمه تقيل جدا ووجع صدري المرادي غير كل مره
1524,Delicious but was not hot
1525,الاوردر اتأخر ساعتين
1526,الأوردر متأخر أكتر من ساعة و المندوب امتنع عن توصيل الأوردر لباب الشقة و خلاني انزله و السندوتشات غير محددة فكان لازم افتح ساندوتش ساندوتش عشان أعرف ده إيه حاجة في غاية العك و القرف
1527,Bacon had a lot of chewing fat had to cut and throw it away also the sauce did not come with the order and no plastic gloves or tissues
1528,I didnt receive the order because the delivery guy called me to tell me that he had an accident
1529,أسوأ ابلكيشن ممكن حد يتعامل معاه فعليا
1530,بطاطس سيء جدا وممكن تكون فاسده
1531,الساندوتش مكنش يعتبر فيه حاجه غير الفراخ والصوص كان لحسه حرفيًا وندمت اني طلبت من طلبات حسيت انهم مهملين فيه غير العادي
1532,اوردر مختلف عن الي طلبته
1533,"Cold food, missing items, and way too late + no help from the app"
1534,Wow
1535,للاسف لقيت بلاستيك الجبنه بالساندوتش
1536,الاوردر بقي يجي دايما ناقص
1537,Application optimized No bugs or errors Better experience than talabat
1538,الاوردر وصل بعد معاده باكتر من ساعه وكان بارد جدا وطعمه وحش
1539,555555
1540,the salad had hair on it!!
1541,الاكل بارد و سي جدا و المشروب ساخن
1542,"This is not the usual quality, very bad. Cheese tastes different and texture is not usual and sauce was oily."
1543,الاكل بارد جداً
1544,There was no greens. No tomato. Just burger cheese and chicken nothing else.
1545,طعمه كان بشع
1546,الاكل مكنش احسن حاجه و جيه حاجه مختلفه عن ال كنا طلبينه
1547,الاكل اتاخر 3 سعات ونص
1548,المطعم جنب بيتي ب ١٠ دقايق مشي جالي ساعة متاخر و الاكل بارد
1549,Very bad and cold
1550,الاوردر جالى غلط
1551,I received only one small cocacola
1552,Bbq sauce was the there
1553,توحفه
1554,Order came missing items ordered 2 double trouble and a combo and only received 3 colas and fries
1555,Slightly overpriced but good quality food.
1556,Late delivery and the fries was soo bad
1557,الطعم تحفة و سريعين في التوصيل
1558,سئ اوي محدش يشتري في رمضان بافلو زفت زفت زفت
1559,"I ordered many times before, but yesterday’s order was terrible and caused me stomach pain although I only had two bites then threw the rest away!!!"
1560,الاكل تلج
1561,Bad sandwich
1562,الساندوتش غير اللي طلبته و البطاطس بارده جدا و مجلده و صغيره مع اني طلبتها لارج و اضريت أكل بس عشان الفطار
1563,علبة السلطة ناقصة
1564,"The order arrived 20 mins late from iftar time not before as requested and the fries was super cold and soggy , the sandwiches were cold . Really bad experience"
1565,السندوتش جى فاضى من جوه و مفيش مشروم و لا اى حاجه
1566,الاكل كان بارد و العيش كأنه بايت و كمان السلطه المفروض بتتحط من بره لوحدها المرادي كانت جوا الساندوتش و البطاطس مكنش ليها طعم و ساقعه بجد كانت آخر مره
1567,"Taste was so poor and so was the sandwich, and was cold"
1568,الاكل كان سي جدا وغير مطهي جيدا
1569,Good and very fast driver is extremely kind
1570,طلبت أوردر امبارح قبل ١٢ بليل.. وصلني واحدة و نص بعد منتصف الليل.. الاوردر مكنش زي اللي طلبته.. المطلوب كان عرض double trouble.. دوبل برجر و فراخ و اللي وصل كان زي الصور و الساندوتش الفراخ مكنش مليان. فيه فراغات كتير..
1571,البطاطس بارده جدا
1572,My order was missing one Cola😢
1573,Very decent driver❤️
1574,"i ordered it to be on iftar , and it came before it with hour and a half"
1575,عالمي فشيخخخخخخخخخ
1576,الوقت متاخر
1577,Very good and on time
1578,البرجر وحش جدا مفهوش حشو خالص. كنت طالب برجر هالابينو و مكنش حراء خالص. و ومكانش معاه طماطم و خص و بصل. و كنت طالب بطاطس لارج و مجاش جيه صغير ونبي نحاول منطلبش منه تاني نصيحه مني
1579,The food is awful
1580,"this used to be my favorite burger joint but not anymore, since Buffalo Burger decided to do a cheap move and save on packaging by adding their lettuce, tomato and onions to the sandwich instead of serving the condiments separately as they always did..."
1581,كواليتي البرجر سيئة جدًا
1582,"Taste was not as expected , also arrived 40 mins early before Iftar"
1583,Cold food.
1584,الاكل استغفر الله العظيم و البطاطس مدفعش فيها جنيه غامقه و بارده و مجلده بجد. اسوء اكل انا رميته في الزباله حرام حتي اطلعه ساعه الفطار
1585,Missing 2 diablo fries
1586,الاوردر وصل ناقص ولم يرسلوا الناقص
1587,Found hair in the food
1588,الفتره دي الصراحه من احلي الاماكن اللي باكل منها بس الدليفري بتاع المنيوز بيتاخر جداً خصوصا في رمضان
1589,الاوردر بارد جدا
1590,اللحم مش مستوي
1591,الاوردر جه ناقص صوص كب بس رائع كالعادة
1592,Taste not good
1593,الصوص كان قليل جدددا
1594,"Driver was friendly and respectful, food was really good but the fries were really hard and didn’t like it at all"
1595,Missing Coca Cola can
1596,الجوانتي كان مقطوع ومفيش شوكه بلاستك حتى عشان البلانكو فرايز والطعم عادي جداً
1597,Delivered after 2.5 hours
1598,جميل جدا وطيار محترم
1599,"Excellent food, high quality, distinct taste, thank you 🌹👍🏻"
1600,Bad delivery
1601,الاجنحة المقلية بصراحة حاجة ليس لها وصف في سوء الطعم
1602,اوردر جه غلط ولما وصل بعد الفطار بساعة ونص كان زي الزفت ومتسخن لما جلد وتعامل زي الزفت
1603,طعم سئ
1604,Food tasted good but wasn’t warm
1605,Too much time to come
1606,Late delving
1607,الاكل مكانش فريش
1608,طالب اجنحه بصوص البافلو جيالي اجنحه من شركة كوكي مقليه ف الزيت بس ولا صوص ولا حاجه
1609,Bad delivery time on the other hand the food was so good
1610,sandwich wasn't good .... bad experience although i know buffalo is a good restaurant
1611,Sandwich wasnt served well
1612,very bad french fries
1613,كنت طالب باربيكيو مجاش والبطاطس كان في منها مش مستوي
1614,Fries were not in a good quality and not fresh Sandwich was a little bit burned
1615,البطاطس كنت وحش اوي و محروقة
1616,Taste is not good
1617,الساندويتش جه بدون الاضافات بتاعته البصل و الخيار و الخص
1618,French fries was coldd 👎
1619,I ordered a cocalcola machine but it I received a bottle and the box of tomatoes and onions is missed
1620,The meat was super fat. They have changed the patty to make it cheaper to produce.
1621,Diablo fries is very bad this time not as usual
1622,طلبت بدل التشيز فرايز ديابلو و جابلي بردو تشيز
1623,تم خصم الفلوس و الاوردر مجاش وخدمه العملا لاتعمل
1624,اول مره يجيلي سئ كدا
1625,برجاء التواصل ضرورى
1626,سعر مبالغ فيه
1627,Very late delivery more than 2 hours
1628,Very few Fries as in kids meal😒
1629,الاوردر ناقص الكولا والصوص
1630,Moldy cheese
1631,Very nice driver and delicious food
1632,No fork to eat the coleslaw
1633,Wrong sauce
1634,Fine trial
1635,My special request wasn’t met
1636,I ordered a sauce and it didn’t came with order
1637,العيش مش احسن حاجه
1638,"High quality, hot and delicious Buffalo is getting better"
1639,افضل مطعم بيعمل برجر بجد ❤️❤️
1640,تاخير المطعم في قبول الاوردر وتحضيره
1641,حلقات البصل بالجبنه ماعجبتنيش طعمها بقسماط بس ولا ليها طعم تاني وبالعافية كملتها
1642,الحرارة التغليف غير محكم غير موضح نوع السندوتش وقت عمل الاوردر البطاطس مش حلوه
1643,I ordered a cheesy fries and it didn’t arrive
1644,Very cold fries
1645,WHERE IS MY SAUCE I ORDERED SAUCE AND PAYED FOR IT AND DIDN’T RECEIVE IT
1646,كان ناقص كلو سلو
1647,الاكلً كان تحفه و سخن و جميل
1648,It was not fresh
1649,الاكل سيء وحش جذاً و ميستهلش مليم ، البرجر كلة دهون و طعمة وحش اوي و كمان جاي بارد ، ملوش طعم
1650,Thank you 🙏♥️
1651,اسوء مرة اكل فيها bufflo burger بجد !! انا مصدومة من الاكل لان bufflo burger من المطاعم المفضلة ليا و طول عمرهم الاكل بيوصلى مضبوط و تحفة المرة ديه البطاطس جاية مفعصة و محروقة و طعمها زيت محروق حرفيا و السندوتشات وحشة جدا الhitchhiker الbacon جاية ...
1652,I was missing an apple pie
1653,Very Low quality . Less than standard Fries were very bad Bread was watery 🥴🥴
1654,Polite & helpful delivery man
1655,الاوردر كذا مره يوصل ناقص طلب وبنعمل شكوى ومفيش فايده
1656,البطاطس مزيته وطريه لو فىً ابعت صورة كنت بعت صورتها
1657,The bacon tasted so bad i had to remove it
1658,It was missing the extra salad
1659,The chicken wings was raw
1660,"الطيار مرضاش يطلع عشان ""خابف علي المكنة"" في شارع المطبعة فخلاني انزله، و مكنش معاه فكة للباقي فلفيت علي المحلات عشان اشوف فكة و لما ملقتش روحت طلعت بيتي تاني في الدور الثامن و نزلتله لأنه مش عاوز ""يسيب المكنة""، تجربة شخصية مش كويسة"
1661,الاوردر جاي ناقص البيبسي
1662,Quality not like before unfortunately
1663,حقيقي دليفري من اسواء مايكون مينفعش يطلب مني مبلغ زياده عن تمن الاوردر اذا كنت انا حابه ادفع زياده من عندي دي حاجه ترجعلي لكن انك تطلب اكتر من حقك ده شيئ مش لطيف ولا مقبول
1664,The chicken wings weren’t so good
1665,انا طلبت اضافه صوص شيدر و الاوردر جه من غيره ده غير ان الاوردر جه متاخر و الدعم كلمنى و اعتذرلى فقلت تمام بس الاوردر مجتش زى ما طلبته الاكل مكانش سخن و حاطينلى بدل الشيدر طبقين سلطه !!!
1666,"the food was incredibly amazing as usual and as expected, i loved it"
1667,الأسعار الموجوده خدعه ويتم وضع مبالغ غير موجودة في المنيو اصلا .. لم اكمل الطلب لان طلبي ب ٩٥ جنيه + ٢٠ جنيه دليفري = ١١٥ جنيه وليس ١٣٥ جنيه .. أسلوب رخيص جدا جدا جدا .. ولز مش قد العروض ماتقدمش عروض اصلا بدل الكذب 😠😠😠😠😠😠😠😠😠
1668,جيد جدا
1669,ان يصل الصوص
1670,الاكل وصل بارد و طعمه مش حلو
1671,One of the burger patties were uncooked throughly and we we’re basically eating raw meat
1672,Apple pie is missing
1673,غير راضي
1674,Chicken wings with no buffalo sous
1675,It was missing the external salad extras and there was a sprite requested replaced by a coca cola
1676,Missing item that I already paid for and this is not the first time.
1677,Magabosh gloves ma3 el order
1678,🥰🥰
1679,العيش معجن زي المبلول و المشروم مسلوق
1680,البورجر محروق والطعم سئ جدااااا والتغلييف اسوء
1681,"Very late delivery , cold food"
1682,The coca cola isn’t cold!!!
1683,"the food was great, tasted good as well thanks for this service 🤍"
1684,الاكل وحش ووجعلي بطني مش هطلب منهم ثاني
1685,الساندويتش مجاش سليم و الاوردر جه ناقص ، كان احسن بكتير زمان
1686,The whole order is very good but the fries was horrible
1687,Two wrong items
1688,الاكل ممتاز
1689,كمية قليلة جدا وسعر عالي جدا
1690,Food is not hot
1691,Goo
1692,الفراخ كانت محروقه وطعمها سيء
1693,The order never arrived
1694,no sauce
1695,الاوردر كان ناقص البيبسي و البطاطس
1696,كنت طالبه مع الاوردر صوص ايسلاند وجبنه و مجاش!!!!
1697,وقت التوصيل اتاخر جداً الاوردر جه بارد
1698,Pepsi was missed
1699,الاوردر لم يصل
1700,I wanna know why the tomatoes and onions didn’t come separately as used to be
1701,I paid extra 20 egp to mae the order 200 gm and i recive it 150 gm
1702,El sandwich metkarwet gedan w 7alto saye2a besaraha nadmana eny talabt
1703,It comes wihtout ketchup and its resturant fault
1704,The ranch sauce was expired !!!!.. the Fries are too bad
1705,الاوردار ناقص و الحساب غلط و حاجة اخر هزار
1706,الاوردر جاي واقع في الكيس و حاجة صغبة
1707,got food poisoning!!
1708,I ordered thousand island sauce and got ranch instead and it’s not the first time
1709,جاء يعد الوقت المتوقع باكثر من ساعة وبارد وسيء جدا
1710,I wrote that i didn’t want pickles and tomatoes but they came with them
1711,"The burgers were great as usual. And the cheesy fries were nice. But the onion rings had no taste, large and hard to eat. The delivery guy also had an altitude but okay."
1712,Meat smells bad and quality of food is really bad
1713,It was horrible very bad and very cold and the carrier called many times and go to many wrong buildings before coming to me
1714,الاكل اتاخر جدا وجاي بارد وسئ خالص
1715,Late order with missing items
1716,حيد
1717,سئ بدون أي مبالغة. البرجر مش لحمة أكيد زي ما مكتوب، هو حاجة مش مفهومة. كمان غرقان صوص علشان يغطي على الطعم وطبعا العيش بايش من كثر الصوص. ونسيوا حاجتين من الأوردر كمان.
1718,الديليفري قعد يعد يرن الجرس ويخبط علي الباب بشكل غير طبيعي خالص
1719,Water bottle didn’t came with order
1720,Sandwiches and potatoes weren’t the same as expected from Buffalo Burger. And the sprite bottle one of them wasn’t closed good.
1721,I threw up from the order
1722,الاكل كان سئ جدا و مجاش شوكة و الكولسلو مجمد و البيكون ني قمة في السوء لا انصح به
1723,I didn’t have my drink and my fries I ordered combo and i spend the extra money and didn’t get my order
1724,The fries were not good enough ﮼ but the sandwiches were amazing as usual.
1725,الأكل كان مفيهوش غلطه أتمنى يبقى كده علطول
1726,Offers
1727,الاوردر جاي غلط
1728,♥️
1729,كل الاكل وصل بارد جداً و اكتر من بارد كمان دا كانوا كان محطوط ف تلاجه سيء سيء سيء
1730,الطعم سيء
1731,إعداد ممتاز لطلب تشاربرويلد، وسرعة والتوصيل في الوقت المحدد. من افضل مطاعم البرغر في القاهرة.
1732,Taste was not good
1733,Food was so cold
1734,البطاطس ساقعة ومعليهاش ولا نقطة بهارات خاااالص وعشان يبدلوها رفضو ان يجيبو المظبوطة وياخدو البايظة كام لازم الطيار يرجع البايظة وبعدين يروح يجيب المظبوطة تكون الضيفة اللي عندي روحت اساسا نقعد ياعة نستني تبديل باكت بطاطس
1735,greatness
1736,ThNk you
1737,V.good
1738,من غير ببس
1739,"very bad taste ,,,,,,,,,,,,,,,disappointing"
1740,Chicken wasnt cooked well
1741,تاني اوردر يجيلي العيش عرقان وبايش من الميا بجد مش عارفه ليه انا بحب بافلو جداا بس مش عارفه ليه كده المرتين دول طلعوا كده
1742,Missing sauce burger was dry
1743,"most importantly why i’m giving a 5 star rating is because they listened to the special requests, on the talabat app they never listen but when i received my order from the elmenus app, the special requests delivered."
1744,من سيء لأسوأ
1745,The sandwich is good but the juice is +1 month produced so its taste sucks
1746,الاكل غير صابح و بارد
1747,الاكل جي بارد والاورد غلط مش كامل والوقت كتير جدا
1748,I’m still waiting my order
1749,تأخر في التوصيل الاكل مكانش سخن والبطاطس كانت مجلده وكانت الكميه قليله
1750,The food was amazing and the delivery was fast
1751,Cold food The restaurant was not ready to resend the order in a good condition and hot . They rejected and blamed the delivery person
1752,delicious food
1753,The wrap paper smelled horrible
1754,الاكل كويس كله تمام لكن الطلب جاي بارد
1755,ممتاز وفرع حدائق الاهرام مميز كوالتي وطعم
1756,قطعه برجر حسيت اني طالب من ماكدونالدز!!! البطاطس بارده
1757,"خدمة عملاء زي الزفت كل واحد بيرمي المشكلة لزميله و محدش بيحل حاجة ومش عايز يحل اصلا, انا شخصيا مش هاكل تاني من المطعم ده لانه مبيقدرش زباينه نهائياز"
1758,الطعام بارد جدًا رغم سرعة التوصيل
1759,بصراحة تحفة تسلم ايديكم ♥️
1760,البطاطس الي فالوجبه مجتش🤦🏻‍♀️
1761,الايس كريم مش محطوط ف كيس منفصل محطوط مع يوكس الطماطم و البصل ف نفس الكيس
1762,Missing fries Missing cola
1763,Taste was very good but it caused my severe stomach ache
1764,البرجر مكنش مستوي كويس
1765,الاكل وصل بارد و الكابتن اتاخر جدا
1766,Food came cold ( Sandwich and fries) and the customer service said thanks for your comment we will make sure this doesn’t happen again! Totally disappointing service.. this never happen at Talabat or other apps.. but seems here its normal.
1767,الاكل جالي في ساعتين والاكل بارد جدا
1768,جميل جداً والطعم حلو اوى بس الاوردر بيوصل مش سخن هيا دي بس الحاجه اللي مش حلوه
1769,كان مفروض الاوردر يوصلى 6:37 وصلنى 7:25 اسوء تجربه اكل بصراحه و لن تكرر
1770,الاوردر مجاش اصلا و اتكنسل
1771,غير المتوقع
1772,وصل بارد جدا و السندويتش كان متبهدل
1773,البرجر كان زفر اوى وطعمه بشع
1774,Fascinating quality and taste and delivery time was great
1775,Jalapeño sticks were literally empty. Just the fried outer crust with no filling.
1776,"They forgot the little package that has the gloves , ketchup and napkin , they didn’t leave the veggies in a separate package like usual but instead added them to the sandwich"
1777,Without vegetables
1778,Potatoes not good
1779,Delivery was late took over an hour but food quality was good especially chicken strips
1780,الاكل كان بارد جدا و البطاطس حرفيا اكنها جاية من التلاجة
1781,الاوردر موصلش و اتلغي
1782,Taste not as expected
1783,كل مرة اطلب الاكل يكون بارد
1784,Sandwich arrived wrong not what I ordered and it was cold
1785,"It was so bad , as the bread wasn’t fresh at all and the fries was really bad"
1786,اكل حلو بس فيو دهن كتير
1787,"It was not cooked well , side items missing"
1788,الاكل ساقع ومقرف ودي اخر مرة هطلب من الابلكيشن او المطعم ده
1789,طلبت صوص رانش جالى سويت شيلى البطاطس وحشه جدا الساندويتش مكنش مظبوط الطعم خالص
1790,I received a fork and a spork instead of fork and knife
1791,تم تجاهل الكومنت واضافة خضراوات
1792,Missing kids meal
1793,it was very cold
1794,جبت من الفرع ده دليفري و كان الاكل وحيش جدا و مفيش اي حاجه في السندوتيش و لما كلمتهم قالولي مش عنعمل حاجه ده الي عندانا
1795,Very Good
1796,"I ordered and paid for a coleslaw as a side dish, and it wasn’t delivered"
1797,Wrong order
1798,For the second time they forgot to put box with the lettuce Tomatoes and Pickles!! This is very disappointing. But the Delivery guy was nice and the food came hot.
1799,اسوء مطعم في الدليفري و من اقل جودة خدمة عملاء من المنيوز
1800,"The chicken in the sandwich was frozen and not done, very very bad. It was raw chicken حاجة مقرفة"
1801,Arrived quickly and relatively hot considering the cold weather and clean food
1802,I had severe diarrhea after eating the burger sandwiches and it was a very bad experience
1803,Packaging wasn't good
1804,"I need someone to contact me, there was 2 missed sandwiches from my last order and it was yesterday!!!!"
1805,Please contact me I’ve a problem with my order There’s a missed sandwich!!!
1806,There’s wrong with our order And the order takes too long time to arrive
1807,The food was cold and the order took 1 h longer than estimated time
1808,And it was cold
1809,الساندوتش جاي بارد ومافيهوش حشو زي الصوره خالص
1810,G
1811,الفرايز بارد جدا وتقريبا بايت
1812,I ordered buster chicken and I got Cholo’s
1813,الاوردر كان ناقص الصوصات و الخضروات المعلبة
1814,The worst time ! Fries super cold and almost no mushroom in the sandwich and cola very hot Extremely BAD meal but I didn’t have time for the returns if I opened it before paying I would never pay or take it
1815,The burger came without vegetables and 30 minutes late !!! Very bad experience
1816,الساندوتش صغير
1817,The beeg was bad this time
1818,Order is very cold and not fresh
1819,الاكل وصل متاخر وبارد جداً
1820,الفراخ اللي في السندوتش بتشد جامد والبطاطس وحشة جدا واللي عليها ده مش جبنة ده صوص مش دي البطاطس اللي انا باكلها من عندكم اللي بتبقى مليانة جبنة شكل الجبنة خلصت فبقوا يحطوا صوص بدالها
1821,worst food ever terrible experience taste so bad and cold
1822,"Worst buffalo sandwich I have ever try , cold and testy less"
1823,"It came cold , not fresh at all , fries as well wasn’t fresh so soft & cold, they forgot to put the separate salads boxes like usual not mentioning i confirmed with orange juice then they call me to say its not available!!"
1824,الاوردير بيجي ناقص و دي مش اول مره
1825,الاوردر نا قص حاجات كتير ررررررررررررررر
1826,There is one sandwich missing
1827,Excellent service
1828,"I ordered cheddar cheese sauce and didn’t receive it, fries so cold, sandwich was okay"
1829,Very cold and not fresh food
1830,الاوردر بارد الطاطس و البرجر مدلوقين و متبهدلين و معتقدش اني هتعامل مع الابليكشن ده تاني
1831,Food was cold and disgusting
1832,الاكل بااارد جدا و الجودة مش كالعادة جودة سيئه
1833,"Food was cold, fries was very bad"
1834,my order misses one cola bottle and the service is very bad
1835,Driver attitude
1836,اوردار اتاخر ساعه ونصف و اتعاد تسخينو ابل ميجلى و و بشع مش هطلب من الابليكشن ده تانى
1837,بصراحه الاكل ممتاز بس بيتأخر شويه بس دى مش مشكله قوى
1838,Late food
1839,Bread was not fresh Too much mayonnaise Cold food
1840,there’s no pepsi or thousand island cup and i ordered them both
1841,Missing item in the order
1842,كان الاكل بارد
1843,Amazing and polite
1844,لو سمحت جالي كولا بدل الاسبريت
1845,The order came 15 minutes later than estimated delivery time. The package was open which means the food might have been touched by the driver or contaminated in some way. The food was not hot! Disappointment
1846,Lazezzz
1847,من التاخير الاكل وصل بارد
1848,الاكل سيئ جداا و بارد اتاخر جدااا الاوردر مش زي ماطلبناه
1849,موصليش الكول سلو الي طلبتها مع الاوردر
1850,الاكل جالي بارد جدا بسبب تاخر التوصيل
1851,The best jalapeño beef fried in life
1852,Really awfull
1853,Found hair in the sandwich
1854,حلو جدًا و سريع
1855,Food poisoning
1856,"Food was perfect and the driver was so decent , prompt this guy !!"
1857,البطاطس سيئة جددددااااا
1858,الاكل بارد و متغلف بطريقة مش كويسة و السندوتش وصلتي متبهدل
1859,Burger was tasteless
1860,missing sauce
1861,الاكل كان جاي معجن
1862,السائق رجع الباقي ناقص عشرة جنيه و مشي قبل اما اعد الفلوس
1863,شكرا
1864,amazing food
1865,نوع الساندويش غلط
1866,زفت وتجربة زفت
1867,جالي اكل وانا ساكنة في المقطم ، وكان زي الزفت وبارد وتجربة مقرفة لن تتكرر
1868,Fast delivery and delicious food
1869,العيش كان باين وحاجه تقرف
1870,I ordered charbroiled BBQ and I received cholo’s…
1871,Order sent with no vegetables with it
1872,مطعم ممتاز
1873,بطاطس قليلة اوي
1874,البطاطس وحشة قوى
1875,"The order missing 1 orange juice. The fried buffalo wings with no buffalo sauce, cold and no taste"
1876,كل الاكل كان بارد
1877,غرقان زيت
1878,The order was 1 hour late and the food was soo cold even tho we are 10-12 mins away from the restaurant
1879,Great
1880,الاوردر جاي ساخن وجميل ومغلف بطريقه محترمه جدا احلي مطعم بيعمل برجر
1881,العيش كان بايت و الساندرتشات كانت لاول مرة طعمها سيء
1882,تحفه بجد❤️
1883,fries wasn’t fresh and cold
1884,Food was a little cold and late delivery
1885,للاسف كان جاي بارد جداً هو و البطاطس
1886,اصابع الشيدر الهالبينو مكنش فيها هالبينو خالص و مكنتش سبايسي غير كده كان كله جميل و طعمها حلو
1887,It took 3 hours to deliver the order?
1888,جودة معروفه لكن بعض العناصر بينسوها ، ياليت التركيز في الاوردر و بلاش نجوِّد
1889,I did the order 3 times and you guys canceled the order all those times because you didn’t have the sandwich available. Then when I got the order it was wrong but I had to eat it as I didn’t have any food. And the charges me more.
1890,"I've been hesitant to deal with Buffalo since forever, but since I did; I don't regret it. Their Charbroiled Burger is top notch, and the offers make it even more worth it. All has been great with this chain. However, my only dissatisfaction would be..."
1891,"The food was awful and it was cold, the beef was undercooked...."
1892,الاكل كان كويس بس ناقص السايق جدااا محترم وذوق
1893,You amazing when ate the burger buffalo But i loved say thank you so much menus
1894,I received another sandwich lower in price and i spent same amount of money they called me first but I thought they gonne deduct the difference between the two sandwiches prices
1895,الذ وانظف مطعم بس بتمنى يوفروا كولا زيرو
1896,البطاطس كانت محروقة ..والساندوتش كان فيه مايه
1897,🙂
1898,Food needs to be hotter
1899,The fries was burned I ordered a specific beverage it cane wrong And the taste of the food was not good honestly
1900,It was delicious but needs to be hotter next time 😋
1901,I ordered a sauce that didn’t come with the order
1902,👎 👎 very bad 👎 😑 👎👎👎👎👎👎👎👎👎👎👎👎👎👎👎👎👎👎👎👎👎👎👎👎👎👎👎👎👎👎👎👎👎👎👎👎👎👎👎👎👎👎👎👎👎👎👎👎👎👎👎👎👎
1903,الاكل وصل بارد جداً و متبهدل و طبعاً ملوش طعم
1904,Didn’t send the sandwich veggies
1905,Quality and taste + order missing the sauce
1906,The order was cold
1907,"Driver was so nice, the food was amazing"
1908,I ordered a Cholo’s sandwich & I received another sandwich but I eat it because I was very hungry & the order was late ..
1909,The wings were not well cooked
1910,للاسف كان ناقص الطماطم و الخس و البصل 😢
1911,I asked for diet Drinks & I received regular Drinks
1912,الاوردر سئ جدا جدا و وصل متاخر جدا و بارد و اسوا حاجه بجد
1913,Cold onion rings & no thousand islands sauce
1914,Fries not salty and cold
1915,best burger in town ...a place you could trust
1916,Food tasted expired
1917,سئ جد الدليفري تاخر نص ساعه عن المعاد المكتوب والاكل بارد
1918,Missing vegetables with burger for 2nd time
1919,very very bad. food is cold. extra fees charged without any reason. delivery fees is 27 EGP and I live in front of the restaurant.
1920,"Worst thing i’ve eaten , too oily , it’s like home made strips sandwich and even a home made sandwich is better"
1921,محطوش خضار في الساندوتش
1922,الفراخ طعمها سيء والاوردر جه ناقص للخس والبصل والطماطم
1923,Very Late delivery as I wasn’t expecting to get the order after 95 minutes which is extremely disappointing and unprofessional since i live 5 mins away from the restaurant
1924,Didn’t receive it
1925,الصوص قليل جدا
1926,السندوتش كان جاي من غير اي خس او طماطم او بصل
1927,No sauce
1928,Order is missing a sandwich and the support is not working i cant reach to anyone
1929,Add more pickles
1930,The driver was friendly
1931,انا كنت طالب 3 سندوتشات مختلفين جولى اتنين زى بعض
1932,Cold and not hot
1933,البطاطس بس كانت محروقه جدا بس الباقي كجوده جميل جدا
1934,وقع البيبسى فا انفجر واحنا بنفتحة
1935,البطاطس كانت كلها زيت و مش مستوية و الساندوتش كان عليه اضافات من غير ما اطلبها
1936,بعتولي كوكاكولا سخنة كانت بره التلاجة اكيد، والبرجر عليه صوص باربكيو اوفر لدرجة اني كنت حاسس اني باكل عيش بالباربكيو
1937,Sucks
1938,مطعم مميز وخدمه ممتازه
1939,مفيش بطاطس
1940,The buffalo wings are just wingss !! No smell of buffalo
1941,جالي بطاطبس عاديه مش زي ما طلبت و كانت بارده جدا
1942,الاكل بارد ويكاد ان يكون مش صابح
1943,معلش بس هو اولا انا مش راضي عن الطيار اطلاقا لانه ببساطة شديدة لما استلم الاوردر بتاع مراحش المطعم على طول ولا اتحرك اتجاهه اصلا كان تقريبا وراه حاجات و بعدين لما استلم الطلب اتاخر جامد جدا و المسافة مش بعيدة اصلا و فوق كل ده لما جه اتصل بيا علشان ا...
1944,Better than others could say not bad
1945,👍👍
1946,🙏
1947,تسلم ايديكم الاكل ولا احلا
1948,الاوردر اتبعت باهمال و اى كلام
1949,Just waaaw!! Love it ❤️
1950,المشروب الي في الاوردر ي مختلف
1951,Wan’t hot enough
1952,"For the second time, I recieved cola instead of fanta!"
1953,Literally amazing
1954,Bad packaging
1955,Food wasn’t as hot and fresh as expected
1956,ممتااااز
1957,كان بارد جدا
1958,I find that the portions for the french fies could be langer.
1959,تأخير غير طبيعي في التوصيل و مفيش متابعه لا من الطيار ولا من جهة المطعم و الابلكيشن
1960,ما وصل عندي الصوص
1961,الاكل جاء بارد و بدون السلطة و البطاطس باردة و الساندويتشات مضغوطة و الصوص خارج منها
1962,Food wasn’t as last time in quality. Driver forgot change and pepsi.. he had to return couple of times.
1963,الاوردر غلط محتاجه حد يجيي حالا
1964,The food is very cold
1965,"The vegetables tasted absolutely disgusting, especially the pickles and the tomatoes."
1966,البيبسي مجاش
1967,طلبت عرض ٤ ان ذا بوكس والاربعة كانوا بيكون مشروم جاك، البيكون كان بيشد قوي بطريقة غريبة وكان فيه حتت مبتتمضغش واضطريت افتح الساندويتش واطلع منه البيكون ارميه، ودي اول مرة اكل من بافلو برجر يوصلني بالسوء ده
1968,mozzarella sticks was so bad I can't eat
1969,There was no cheese in the sandwich just burgers and sauce
1970,اكتر مطعم ثابت علي جودته الكويسه🤍
1971,غلط في الاوردر
1972,The driver was very polite and helpful
1973,سرعه التوصيل - الاكل طازج
1974,Very fast delivery
1975,The fries was cold
1976,الاكل جه ساقع
1977,There is a sandwich came wrong in my order mind you i paid extra fees for it!!!!!
1978,استغفر الله العظيم ميتاكلش وحش جدا و البطاطس باردة وسئ جدا
1979,اسواء سندويتش برجر اكلته وبطاطس طلعه من الثلاجه
1980,الاوردر خطأ 😡
1981,"Order missing tomato and onion, pickles for both sandwiches"
1982,عظمة..♥️✌🏻 ........................................................................................................................
1983,Cola was to hot to drink
1984,"Fanta orange is without soda , how come !"
1985,O
1986,الاورد وصل 3العكس 3 اولد سكول و واحد ماشروم حاك بدل 3 مشروم جاك و واحد اولد سكول
1987,The thousand islands dip didn't come
1988,It came as great as the photos but the pepsi is so small!!!
1989,ناقص خضار البرجر علبه الخضار للبرجر
1990,لم يتم الالتزام بالملاحظة المكتوبة و هي ان السندويتش يكون بدون خضروات الفاير كومبو لم يتم التفرقة بين السندويتشات لسهولة تمييزها
1991,we got totally wrong order. it was cold and no lettuce and tomato in a box.
1992,Chicken wings is so so so bad ☹️
1993,مكانش عارف العنوان وطريقه كلامه واسلوبه مكانش كويس
1994,البطاطس سيئه جدا و الساندويش مبلول و ريحته سيئه جدا
1995,N
1996,very good Quality … above expectations
1997,طيار عالمي وصل الاوردر بسرعه و سخن يريد تعملوا ليه مكافا
1998,I got my order after 2 hours and halfffff 😡😡😡😡😡
1999,بارد و ملوش طعم و فاضي و مفيش خضار
2000,The beef burger was uncooked and raw this is not acceptable I need you either to refund me or I will contact my bank and cancel the transaction
2001,الفراخ محروقه و الصوص وصل غلط، الساندوتش سئ جداااا
2002,The order was not hot
2003,Not as expected
2004,I didn’t evenn receive the order !!!!!!! And no one is answering me from the support veryyy badddd service
2005,there was no buffalo wings but i was charged for them
2006,الساندوتش جميل لكن البطاطس للاسف بارده
2007,Missing ranch sauce cup😔
2008,Veryyyy bad experience msh hakararha Got me sick😰
2009,I didnt get the extra sauces i ordered and paid for
2010,Didn’t receive my change
2011,Very little mushrooms!
2012,الاستكس جاى فاضى breading only
2013,Terrible fries
2014,طيار محترم وكان لابس اليوني فورم
2015,الفرايز وحشة جدا و الباكدج اللي بييجي مع الساندوتش مجاش تجربة سيئة
2016,Missing sandwich from the 4 in the box offer
2017,"The order was so bad , it was cold & missing the tomato ,onions & lettuce box comes with it every-time"
2018,There’s no sauce in the order i received !!
2019,El akl kan to7faa wel driver sare3 as always
2020,No sauces with the order
2021,مهذب جدا وشهم
2022,كان طعمو مغير
2023,"I ordered 2 rastafari (150 , 200 gm) both came 150 gm only"
2024,الاكل حلو والفرنش فرايز وصلت فرايز عاديه ومش حلوة
2025,It was cold
2026,البطاطس كانت جايه بايته والاكل عموما مش سخن
2027,There was too much BBQ sauce in the sandwich (too salty)
2028,fries wasn't as expected..
2029,الطعم سئ جدا
2030,Not the usual quality from buffalo burger
2031,المفروض الساندويتش ما يكون فيه كاتشب..ويكون اختياري لاني جبت لابني سندوتش من بتوع الاطفال و كان فيه كاتشب وانا مش بأكله الكاتشب
2032,So bad
2033,الاكل غير طاذج
2034,هو ايه الاستعباط ده انا طلبت سبرايت وكولا مع العرض وجالى 2 فانتا؟؟؟؟؟؟
2035,Chicken in the sandwich is raw
2036,الاكل واصل متأخر ساعة والبطاطس باردة جدا
2037,"Cheese fries not good enough and potatoes not fried too as I have,,,,,"
2038,جاي بدون مناديل او كاتشب او اي شي
2039,the special request was ignored
2040,The special request was ignored
2041,poor
2042,"The elements are missing ,and it’s not the first time"
2043,الاكل تمام بس اتاخر جدا
2044,برد شوية بس ممتاز
2045,"Expired orange juice and cold food and delivery, extremely unpleasant experience, never again"
2046,الاوردر جه ناقص وبلغوني انهم هيجيبو الحاجات اللي ناقصة ومجبوش😡😡😡
2047,الأوردر بارد جدًا وجيه متأخر عن الوقت المتوقع
2048,كان جميل
2049,"Food it self was good, but it was cold"
2050,تااخيييير وحوار عشان الطلب يوصل
2051,🤩
2052,Delicious food like it
2053,Be
2054,It was horrible taste the bread wasnt fresh at all and they forget to add the small box with tomato and beckles one of the worst times i had
2055,.y
2056,taste becomes very bad
2057,very good
2058,Missing items
2059,Dx
2060,الاكل كان بارد جدا و الصوص كان طالع بره الساندوتش
2061,Was so bad 👎 worst time
2062,The food is too cold as menu call centre calls me to reorder my order because the restaurant forget to give the delivery my order so my order was hulk but I received order hulk and too cold with too many oil very very bad experience from elmenus and ...
2063,It was perfecttttt
2064,"After waiting for more than 2hours they cancelled my order , ever time I order from Buffalo burger it’s late or just cancelled after they passed the eta of delivery"
2065,الاكل جه ناقص
2066,We asked for one cola can and other bottle and we received two bottle
2067,الطيار وصل بعد معاده ب 10 دقايق و الاكل وصل بارد
2068,All the food was cold
2069,Hugged
2070,"Delicious, just a little bit expensive"
2071,But the food always comes a little bit cold
2072,انا طالب بطاطس ثاوزند ايلاند وصلي بطاطس عاديه
2073,الاوردر كله جه بارد جدا
2074,الاكل وصل بارد بالكامل
2075,Very salty
2076,التغليف سي والبطاطس مبعثره
2077,التحربه سيئه للغايه و الطيار بيرد بقله ادب و بجد انتو مكنتوش كده
2078,I just received cocoa instead of Fanta!
2079,اسوا اوردر و مندوب كداب واكل جي مفعص و بارد
2080,Cold order
2081,الاكل بايظ حرفيا
2082,الاكل متأخر جدا وبارد كمان معاد وصول الاورد أتغير آكتر من مرة
2083,في واحد بطاطس كان ناقص
2084,الاكل متاخر اوى وفالاخر جاي بارد يعني خسارة بعد الانتظار ده كله
2085,Undercooked
2086,Took a very long time and was a bit bland
2087,"Buffalo’s quality used to be much better , i dont know why they removed the vegetables pack from the order and the burger patty used to be more juicy and tasty"
2088,Order is cold
2089,وحش جدًا و بارد
2090,وقتً طويل جدا والاكل بارد☹️
2091,الاكل فريش ولكن الصوصات الملحقة بالاوردر جاءت خاطئة كلهم باربكيو والمطلوب كان رانش و ساوزند ايلند
2092,Incomplete order
2093,الفراخ جت regular مع ان في الموقع اصلا مش مكتوب عايزها regular ولا سبايسي و مزود صوص thousand islands ومجاش اصلا
2094,اللعبه مش موجوده لتاني مره اطلب بافلو بلاي وتجيلي من غير لعبه
2095,Wrong order one sandwich missing
2096,الاورد مجاش معاه علبه السلطه غالبا علشان كان في عرض
2097,i payed for bbq and ranch sauces no one contacted me that they’re not available and i got the thousands island instead 😀 not to mention i didn’t get my veggies this time..
2098,Fries were cold
2099,New cool experience. Not your regular burger. Must try. Heavenly dedicated.
2100,الاوردر لم يكن كامل
2101,عظيم كالعاده
2102,في تاخير ساعتين غير مقبول تماما
2103,The sandwich have no taste even the proportions is very good
2104,اتاخر ساعه وفالاخر جه بترد وطعمه وشكله يقرف 🤮🤮🤮🤮🤮
2105,Missing items Missing cola
2106,Was cold
2107,"The food was really delicious as usual, they never disappoint me! But the only thing the food was cold, although the restaurant is really nearby (2mins away from home)"
2108,I order was wrong
2109,البطاطس وصلت من غير الصوص
2110,راءع ساندوتش اولد سكول برجر فظيع مع الجنبة السايحة اه مفيش كلام تانى وعصير البرتقال طبيعى راءع
2111,I did not get the drink with my order
2112,الاوردر واصل غلط
2113,"Was not hot though we are just behind the branch, fries was LITERALLY HALF of the box Bacon was a little slice and few mushroom s not like we used to get it"
2114,البطاطس كانت ناشفة جدا ولحمة البرجر كان طعمها بايت وكانت تجربه سيئة جدا
2115,وبعدين العرض المفروض معاه بطاطس وكولا ماوصلش اى حاجة من الكلام ده هو ده مش اسمه غش ، الاوردر وصل عدد 2 ساندوتش بعدد 2 علبة بها طماطم وبصل الصراحة تجربة سيئة ولن تتكرر
2116,حضرتك الاوردر وصل بعد استلامه من جانب الطيار بنص ساعة الاكل بارد وسىء والله انا لولا دافع بالفيزا ما كنت استلمته وعمومًا تجربه وعدت
2117,لم يصل الطلب اصلا
2118,"Burger and fries were cold and they didn’t send the salad boxes. There were no covers, gloves and ketchup."
2119,الاكل كان طعمه فيه زفارة ، اللحمة مش طازة و البيكون مكنش مستوي كويس فيه سمين
2120,اسوأ فرع فى الدنيا كلها الاكل بارد ومؤرف والعيش بايظ بجد فرع زباله ومش اول مره ومش هسكت تانى عن اى اكل معفن
2121,The food is cold
2122,السندوتش كان سئ جدا
2123,The order was sooo late and was delivered cold and the bread and fries weren’t fresh. Actually it is my first time to get unsatisfied from Buffalo burger
2124,دي تالت مره اطلب من فرع حدايق الاهرام وبجد الاكل كل مره اسوء من اللي قبلها البرجر ناشف جدا واساسا مفيش اي طعم ، انا جربت اكتر من فرع . فرع الحدايق اسوء طعم وعادة البطاطس مزيته وبارده جدا دي اخر مره هطلب
2125,مجاليش صوص باربكيو جالى حاجة تانية
2126,طالب كوكيز شوكلاته جالي زبيب
2127,"Chicken size small and not crispy and not tasty tastes like panee,i ordered 2 sprite and 1 cola i got 3 colas,And the vegetables of the sandwich I didn’t received it with the sandwiches"
2128,Order came without cola or sauce i payed for
2129,طلبت واحد تشيكن وواحد بيف جالي الاتنين بيف برجر
2130,Bad french fries
2131,الاكل بارد جدا لكن الطيار محترم جدا
2132,Chicken cholo was very bad “not well done”
2133,الأوردر كان ناقص
2134,الاوردر جالي منغير الكولا و الصوس
2135,"Food was good, but wasn’t hot enough"
2136,Driver was a very honest person.
2137,فيه شعر فى السندوتشات و حاجه منتهى القرف
2138,السعر مرتفع مقابل القيمه
2139,"The food is cold, the sauce cup is wrong, the ketchup mini bags are DIRTY!!? What the hell?"
2140,الاوردر وصل غلط كنت طالبه بلانكو فرايز وصلت فرايز عاديه بالكاتشب ؟؟ لو الخصم مكنش موجود بيتهيئلي كان جيه صح
2141,كالعادة مش بيجيبو الخضروات الخاصة بالطلب. بتتكرر كتير اوي.
2142,Very very very bad! Bb
2143,Missing fries!!!! Missing buffalo sauce!!!!!
2144,I didnot receive the soda drinks that i ordered and i was clear 2 sprite and i received 2 cocacola
2145,Burger was so stiff and not tasty at all
2146,الطلب ناقص في عدد البيبسي الطيار طلب مبلغ زيادة ولم يحضر الفاتورة
2147,There is no sauce in the order
2148,But the food was kinda cold
2149,Little bbq sauce and no onions
2150,"Cheesy fries was perfect , Coleslaw not the best."
2151,كله حلو الا البطاطس كانت متتاكلش
2152,طعم الساندوتش كان سئ جدا والبرجر ناشف جدا
2153,المخلل اللي مع البرجر فيه ريحه وحشه
2154,الاكل جاي متاخر وبارد جدا بجد تجربة سيئة
2155,I got sick because of the food
2156,Burger is very dry
2157,Very small portions
2158,There is missing sauce And no single ketchup packet
2159,I didn’t receive the order!
2160,الاكل وحش جدا تجربة وحشه
2161,الدليفري سرق باقي الفلوس ١٠٠ جنيه حسبي الله ونعم الوكيل
2162,الاكل ريحته بايرسول
2163,Excellent food quality and delivery time👌😊
2164,I ordered 2 sandwiches and it came with only 1 vegetables box
2165,"I ordered a buster Chicken, the sandwich was half empty with only one small piece of chicken"
2166,Cold fries
2167,The sauce didn’t even arrive to me and the food was cold
2168,Didn’t come with fun bag though but food quality great
2169,The delivery guy stole a bottle of cola from the order
2170,The bacon was not cooked very well
2171,بافلو مش محتاج رأي بجد
2172,اتت
2173,الفراخ مجاتش والسندوتش مفهوش حاجته
2174,طعم البرجر سىء جدااااا بجد وشريحه البرجر استحاله تكون 200 جرام بجد اول مره يجى الاوردر بالطريقه دى وفعلا مضايقه جداااا
2175,الاكل كان بارد خالص ومجلد
2176,Burger is so yummy but fries need to be more tasty
2177,Its awesome
2178,الاكل كان بارد البطاطس مجلدة
2179,"The bacon was absolutely disgusting and inedible . it literally tasted like plastic, we threw it away. Disappointed in Buffalo burger"
2180,❤️❤️
2181,The thousand island sauce didn’t came with the order
2182,Missing salad and sauces
2183,كمية البطاطس قليلة
2184,Delivery was excellent and the driver is very decent and polite
2185,الاوردر وصل ، ناقص صوصات،ناقص السلطه و الشوك الخاصه ، ناقص الكوفرات
2186,فقط سلوك الموظف الاكل
2187,ن
2188,اخر طلب ليا صدمني في المطعم بعد ما كنت بعتبرة واحد من الاماكن القليلة ال محافظة علي مستواها البرجر وصل متسوي سوا بسيط جدا (rare) و بيعض مايتكلش و خدمة عملاء سيئة و متزمتة و يقولي ابعت صورة و ردهم ان باين في الصورة انو مستوي وصلت اني اروح الفرع بنف...
2189,الاكل وصل بارد جدا و العيش وحش
2190,The worst chicken sandwich and fries
2191,Burger was awful
2192,Tomato lettuce onion was forgotten for the sandwich And the portion of onion rings is very little
2193,.yes
2194,Was amazing
2195,burger was burnt from sides overall smells burnt
2196,الاكل كان بارد و البرجر نفسه بايت و ناشف و مش حلو خالص مش متعودين على كده من بافلو
2197,ملقتش البصل والطماطم والكابوتش
2198,اكلهم حلووو جداً والطلب بيوصل سريع بس ي ريت يرجعو اكل الكيتو والناتشوز مع الجبنه
2199,الصوص موصلش اصلا البطاطس سقعه جدا
2200,Tasty fresh & hot ...shorouk branch
2201,"special requests always ignored, taste and portions are less than expected"
2202,My order was missing an item and they told me they will send it and they didn’t
2203,البرجر كان محروق :) الشيدر صوص عظيم ♥️
2204,"Fast delivery but order is missing lettuce, tomatoes,and onions."
2205,The sauces was not matching with the wings or even the onion rings… The wings has nothing special as I expected to be buffalo wings dipped with its sauce (the option in the menu is not clear need to be more detailed)
2206,Order received not all items!
2207,صوص الجبنة تعبان اوي
2208,الاوردر من فرع كونكورد بلازا كل مرة بطلبه بيجي البيبسي سخن مايتشربش ..مشكلة قد تكون بسيطة و لكن كل مرة بسيب ملحوظة انه يجي ساقع و لا حياة لمن تنادي…اخر مرة هتعامل معاهم بسبب عدم حل مشكلة تافهة زي دي
2209,كان الاوردر كانو طالبو من بسطة سئ جدا
2210,i think there must be an option for smashed burger
2211,تقليل جدا في المكونات الاساسية مقارنة بنفس الطلب من حوالي ثلاثة شهور وخصوصًا في السعر دة
2212,The food was so cold and the fries weren’t seasoned at all
2213,The chicken sandwich was awful and I throw it in the basket
2214,الاكل حلو اوى والدليفرى وصل فى معاده .. غالى شويه بس طعمه حلو
2215,كان في فرايز ف العرض ومجتش!
2216,"food was cold and so bad, fries was cold and not fresh, cheddar sauce was awful, very bad experience."
2217,I need someone to call me Right now! Worst app ever
2218,Beef bacon was kinda raw
2219,الصوص موصلش
2220,الاوردر اتاخر جداا رغم انو ساندوتش واحد و المطعم لازق في بيتي!! طلبت مع البطاطس صوص thousand island جالي باربكيو صوص!!!؟
2221,الاكل بارد مفيش حاجة كويسة
2222,Cold bad fries and warm almost cold sandwich i ordered the old school they forgot to add the packet of fresh vegetable sides with my order so the sandwich tasted so dry since it had less sauce too … not the best order
2223,"Very bad quality, zero taste i waste my money on this order"
2224,الكل كله حار جداا
2225,Very bad fries that cannot be even tasted-the sauce was missing
2226,الطلب وصل من غير كوكاكولا
2227,التوصيل بعت اني استلمت الاوردر والاوردر مجاش والاسلوب سئ للغاية والاوردر ساقع جدا جدا
2228,طعم سيئ👎🏻👎🏻👎🏻
2229,هو الطلب مجاش اصلا
2230,"i ordered chicken sandwich combo and while eating I found inside the chicken strips black lines in it , I don't what it was it might have been worms , i am totally disgusted by the food and if i could file a complain i would like to. ahly club branch"
2231,Missing thousand island sauce or even ketchup
2232,Potatoes are very bad and not well done
2233,البطاطس والكولا كانو باردين
2234,ولد محترم جدا و مودب
2235,مش اول مره اطلب منه بس المره دي البطاطس بااااارده جدا كغير العاده فرع مصر الجديده
2236,The portions were huge and the packaging was awesome! Definitely will order again😍
2237,The delivery charged me for extra and I didn’t receive the right order
2238,"My order was great 👌 Fresh , quality food and portions"
2239,"Fries is not fried well, also the sandwich was cold , iam very disappointed!!!"
2240,اريد ريسيت للاكل
2241,The cholo’s chicken sandwich was just chicken and cheese with no jalapeños and tere was no lettuce in the box
2242,soft drinks not optional
2243,الاوردر مفعص مالتوصيل بارد رميت باكيت البطاطس فالسلة الرينجز وحشة جدا و شار زيت من كتر اللف سى سى سى
2244,كنت طالب كوك زيرو وسبرايت جالي اتنين كولا عادية
2245,Fries didn’t arrive
2246,الطلب ناقص اكتر من حاجه!!!!!!!!!
2247,potato was cold
2248,البطاطس كانت نية !!
2249,Coca Cola is very hot 🥵 for the third time
2250,كابتن الدليڤري محترم جدا ربنا يكرمه هو وأمثاله
2251,اولا البطاطس سئ جدا جدا نصه محروق ومش فريش ثانيا المفروض ان ده عرض وجبتين كل وجبه ساندوتش ١٥٠ جرام و بيبسي و بطاطس في وجبه فيهم جايه ناقصه البيبسي ولما كلمت الدليفري قالي مش معايا وتواصلي مع المطعم ثالثا مفروض بيجي مع الوجبه خيار مخلل و حلقات ب...
2252,Didn't get the Thousand Island sauce
2253,العرض كان وحش و البطاطس طرية و بدون ملح و الساندوتش مكانش سخن
2254,one pepsi was missed from order and was in the receipt
2255,الاوردر جه ناقص حاجات كتير
2256,البطاطس جت مجلده ووحشه جدا اكنها بقالها سنه متحمره تقرف ورميتها في الزباله من سوء طعمها
2257,جالي ٤ باستر وانا طالبه ٣ وواحد شيتاكي برجر
2258,بعد ما خلصت معظم الاكل لقيت حشرة في البطاطس
2259,"The wings wasn’t surved with the spicy sauce Also the burger wasn’t surved with tomato,onions or lettuce. Very bad experience."
2260,تعرف على جميع منيوهات المطاعم محدثة لآخر الأسعار من خلال موقع منيو مصر
2261,The order arrived very late
2262,"Cold food, warm drinks👎🏼"
2263,the food was literally below average and also they wrote that the wings had buffalo sauce but they were plain and the worst i've eaten a long while ago
2264,بيجبلي الساندوتش من غير ملحقاته زي الخضار والمنديل ودي مش اول مره!
2265,"my order came missing the desert that I have paid for. I tried contacting the support, but the feature was not working. Called the delivery, he said that it wasn't his fault and the restaurant didn't give him the desert and there was no support numbe"
2266,"Cold food, unsalted and undercooked fries, burger was dry and assembled poorly"
2267,I did not receive the sauce and The order delayed too much
2268,"Sandwich was missing lettuce, the diablo fries weren’t fresh."
2269,No lettuce with burger. No BBQ sauce with onion rings Terrible experience. Never again!!!
2270,This branch is the BEST in nasr city well served 🥰
2271,Not delivered yet
2272,الاكل بارد و سئ جدا
2273,wrong order
2274,جامد جدا
2275,lots of things were missing and replaced with other products
2276,الاكل حلو بس البكجينج بقا مش قد كدة مفيش منديل او شوك او اي حاجة اكلك و بس 😂 و طبق السلطة الي مع السندويش مفهوش خس
2277,my chicken wings came without sauce food wasn't hot
2278,The food could be better
2279,اي خصم بيجي مش بعرف استخدمو زي خصم بكود fist50 للاسف الابلكيشن سئ
2280,"Add extra fees for fries which i used to order, menu’s agent told me order price and the order came with higher price, the sandwich wasn’t juicy and tasteless with nearly 1 gm sauce which was not expected from buffalo burger at all.. I think buffal..."
2281,it took too long !!!
2282,الاكل كان ناقص
2283,واضح جدا ف الاوردر اني طالب بطاطس مع صوص الف جزيره و رغم كده جالي صوص باربيكيو !!!!!!!
2284,الاوردر جاي ناقص ومش عارف اتواصل معهم ابلغهم
2285,overcooked
2286,الاوردر ناقص و مش عارفه اتواصل معاهم
2287,"this menu support to have fun bag, but it didn't come with. why?"
2288,الاوردر مش وصل اصلا لو سمحت محتاح حد بتواصل معايا
2289,But very expensive
2290,I did not receive the order.
2291,bacon mushroom jack is dryyy
2292,They bring my food without the sauce I ordered
2293,تم إلغاء الاوردر بعد الطلب بساعه بدون سبب
2294,"Missing drink and sauces where not correct, late delivery"
2295,"I don’t know what happened exactly, but in forty minutes after estimated time I got a call from BB with excuses because a delivery guy had lost. And they suggested me to wait before new order would be ready for delivery ( I had no time to cook someth..."
2296,was perfect
2297,it was cold
2298,ماكان فيها هالبينو
2299,فقط طلبت تقطيع السندوتشات الي نصفين متساوين (Cut)
2300,Fried buffalo wings smells so bad !!!!
2301,ناس محترمين جدا غير اي ابلكيشن تاني
2302,Order cold
2303,حاجه تانيه جت غير الي طالبها
2304,they said they don't deliver to my area and cancelled the order
2305,they charge you foe Diablo fries but never actually deliver it
2306,"super slow delivery took more than an hour while the restaurant is 15 mins away from home, however food is the best :)"
2307,Cocaclo was very hot
2308,It was late which caused the food to be cold
2309,I got my order wrong
2310,حجم البطاطس صغير جدا
2311,burger is not pure beef it is like the ones sold within supermarkets
2312,Plastic inside the sandwich
2313,"Order not the same every single time i order it, as it was missing items like the salad and cleaning tissue, burger wasn't deep grilled and tasted different this time due to too much sauce and not well cooked. sad bad experience this time. too bad!"
2314,روعة
2315,The sauce didn’t came!
2316,z
2317,perfect except I had barbecue sauce instead of thousands island
2318,my order was 200 g grungy and got 150 gm
2319,the food was too cold and da pack of fries was nearly empty .its my first time to order and it will be the last
2320,Good was great but we didnt receive gloves
2321,I received a really hot cola !!
2322,الطلب ناقص لم يتم. ارسال عبوه البسيبسي مع الطلب
2323,الاكل كان حلو جدا و سخن ويريت يكون كده علطول
2324,بافلو ممتاز لاكن شركة التوصيل سيئة
2325,مساء الخير الاوردر جي ناقص كان في بكت بطاطس طلبه زياده ودفع ثمنه مجاش !!! سلوك الطيار مكانش لطيف وعايزيني انزال استناه لحد ميجي
2326,الطلب مختلف
2327,إسهال 🙏🏻😍
2328,"The order took too much time to be prepared, the delivery took too much time while the branch is 7 minutes away from home"
2329,"I was given bbq sauce and not charged for it , so thank you and i will pay for it at their branch soon. Wonderful experience"
2330,Th
2331,I received only one coca instead of 2 potteles as mentioned
2332,اسهاااااال بسبب الأكل طول الليل .. صلاحية المنتجات فيها مشكلة
2333,order game late 45 min and came missing tomato and lettuce
2334,"thank you so much for the food quality, came fresh and hot also the fun bag is modern and beautiful"
2335,It was good just the beef was VERY strong and the smell stuck with me all week
2336,كل حاجه جميله . بس لما اطلب اسبرايت ييجى لى كولا . خايف المره الجايه اطلب لحمه ييجى لى فراخ . وبافالو برجر خارج المنافسه الحقيقه بالرغم من كده .
2337,طلبت 2 كولا و 2 اسبرايت الي وصلي بس كولا
2338,"Everything were perfect quality, and time 👍"
2339,"الاوردر جي كله غلط جايبين ساندوتشات على مزاجهم و ال fries زي الخرا ,اول مرة التجربة تبقى سيئة كدا"
2340,too much I paid for just one sandwich
2341,الطلب ناقص بيبسي وسلطة وكيس المناديل والكاتشب والجاونتيات الطيار رجع للمطعم ادوله البيبسي والسلطة فقط؟؟؟
2342,"it was a good burger, not much else to say"
2343,البطاطس باردة وطعمها سئ جدا الكولا باردة الخضار صلاحية منتهية كما هو مدون على العلبة
2344,الاوردر زي الزفت و ناقص و العش مفرول
2345,I have missing item and no number to call 😡👎🏻
2346,I ordered 2 coca. 1 sprite and 1 orange I got 4 coca. pls do read the order!!
2347,I was poisoned
2348,Veryyy lateeee
2349,الاكل وحش جدا غير كل مرة للاسف
2350,Not expecting
2351,Driver was really nice!
2352,الاورد ناقص البافلو صوص و الفرايز باردة جداً
2353,الصوص كان مكسور وبهدل الوجبة كلها
2354,طلبت ٣ تشيكن و واحد بيف وجالي كل السندوتشات بيف و منهم واحد مكنش هو اللي طلبته اصلا
2355,الأوردر جاي غلط
2356,The were excellent
2357,the chicken was not fresh at all and was chewy
2358,حلقات البصل طعمها سيئ جدااا والبطاطس باردة ومجلدة
2359,البطاطس ناشفة
2360,"I ordered chicken fingers, it was not cooked all the way through and smelled like uncooked eggs, been a long time customer but food recently was bad probably won't order for a while"
2361,بطاطس نية مش مقلية بس مغموسة بالزيت ومتطلعه
2362,كان طعم البصل وحش
2363,Taste very good
2364,الطيار البديل الي وصل الاوردر رجل في منتهي الاخلاق والذوق
2365,Good food and service
2366,الساندوتش يعتبر فاضى برجر بس و هو المفروض charbroiled bbq
2367,الكومبو جاي ناقص الكولا
2368,The sandwich has cheese n pickles which I did not order please replace the whole order
2369,الاكل اكيد مش زي في الاكل في المطعم
2370,الاوردر متاخر ٥٠ دقيقه والامل بارد
2371,الخدمه ممتازه
2372,فيه ساندوتش محروق
2373,Below average
2374,انا عاوز اعرف الكمبو من غير. بطاطس ولا بيبسي ليه
2375,thank you
2376,1000 islands sauce was delivered instead and fries was old
2377,ابقي حط مناديل واكياس كاتشب عيب قوي الحاجات دي تبقي ناقصة انتم مطعم كبير
2378,Not fresh
2379,لم تصل الصوصات كما طلبت بالرغم من انها مدفوعه و ليست مجانيه حلقات البصل سيئه جدا
2380,The order delivered to me was cold and of bad quality The vegetables used on the sandwich are of bad quality too And i didn't expect that from a big restaurant like buffalo burger
2381,الطلب جاي متاخر وناقص. ورفضوا يرجعوا الفلوس. طلبت 200 gm old school combo. واللي وصل هو اللي في الصورة. كلمت خدمة العملا طلبوا الصورة وبعدها، قالوا لي عايزين يبعتوا ياخدوه. يعني اتاخرت وانا بستنى الاوردر واتاخرت على معادي والمطلوب اتاخر اكتر والا مش...
2382,"Order arrived very late and cold. Charboiled bbq was missing alot of stuff, ot was basically plain burger with bbq sauce. Also my order had 2 colacola and i got sprites. Very terrible experience."
2383,the food take a very long time to be delivered and it was not the drivers mistake i call him and he was in the restaurant but the food was not finished even after an hour passed and this is the second time to make complaint about buffalo burger
2384,Bread and fries aren’t fresh
2385,This is my worst order and my last one from you
2386,"please make delivery to be more fast,cuz it's very long"
2387,التاخير وعدم الاهتمام بالاوردو
2388,بارد جدا و مش طازة و وحش اوي
2389,الاوردر ناقص ودي مش اول مرة
2390,Fries missed in compo order
2391,Arrived on time and was really good
2392,صوص الشيدر سئ جدا جدا جدا
2393,الاكل بجد وحش و لحمة بايظة
2394,كان هناك دودة فى الخضراوات
2395,السندوتشات مختلفه المفروض ٢٠٠ جرام جايه ١٥٠
2396,"Awesome, the fries should be larger though.."
2397,the sandwiches were great the fries were awful
2398,Buffalo wings came without any sauce!
2399,البطاطس كانت مالحة اوي
2400,الطلب كله غلط وناقص
2401,الاوردار بتاعى كله غلط محتاجه حد يتواصل معايه
2402,الدجاج غير مستوي بشكل كامل
2403,Really good
2404,no katchep
2405,I didn’t receive Coca-Cola
2406,ناقص صوص البافلو كان
2407,I did not receive the drink The driver said that the restaurant did not give it to him
2408,Very good food
2409,Gamed gamed neik bas el sandwich byetzahl2
2410,Tastless
2411,البطاطس بيته اترمت
2412,كان في مشكلة فالتسعير
2413,الطلب وصل متأخر جدا جدا جدأ
2414,الاكل بارد والكولا سخنة
2415,"It was a A Okay, the speed, packaging and taste, the fries should be larger and the the onion should have been a lill more.."
2416,الاكل اتاخر اوى وجه بارد
2417,البطاطس كانت ناشفة جداً و مقلية مرتين تقريبا
2418,الاكل كان سىء جدا جدا جدا والبطاطس مزيتة وطعمها وحش والسندوتش قذر
2419,الاكل بارد و الكولسلو مجاش مع الاوردر رغم اني طالبه
2420,الاكل ناقص البطاطس
2421,Disgusting gave it to the cat
2422,"The food was cold, fries were very oily"
2423,حجم البطاطس اصبح صغير جدا
2424,التشيز كيك طعمها حمضانة كانها expired
2425,البطاطس كانت مش مستويه والساندوتش مش طعمه زى كل مره تحسه مش مخدوم
2426,Cole slaw came without fork or spoon
2427,The order was without the fries and drink. So it had missing items I reckon!! But the sandwich was so tasty and fresh.. The salad was amazing!!
2428,Ingredients of the sandwich were not inside it but in an external box to make the sandwich more fresh. I really liked its taste and the coverage of the whole order. Food was fast and hot.
2429,جميل شكرا جزيلا
2430,البرجر مش جوسي
2431,لتالت مرة حاجة تبجى ناقصة من بافلو برجر و بجد بجد مش هتعامل مع المطعم السئ جدا ده و الحاجات الناقصة بتبفى حاجات كبيرة ياريتها صوصات
2432,بارد
2433,الأكل طعمه كان بايت وتغير
2434,طلبت واحده كولا و واحده اسبريت جالي اتنين كولا
2435,محترم جدا
2436,طلبت ساندوتش فراخ جالى لحمة
2437,ممتاااااااااااز
2438,بعد ما اطلب العرض ب ٢٠٠ الاقي نفسي دافعة فلوس زيادة تحت بند الضريبة ؟؟؟ مش كنا خلصنا من الموضوع دا وبقى السعر بيبقى مكتوب بالضريبة ؟ يعني حقوق المستهلك ايه الكلام طيب ؟؟
2439,Its frozen patty
2440,الوجبة وصلت من غير لعبة 🥺🥺🥺
2441,I received the 2 fries half the packet
2442,The delivery was so decent
2443,it's very good and the food is so dishes 💗💗
2444,"Perfect, thank you"
2445,الفراخ كانت مش مستوية كويس وطعمها صعب تحمله
2446,Cc
2447,الاوردر جه ناقص وكلمت خدمة العملاء وقالي هيبعتولي الناقص ومحدش جه
2448,Bad fries … was cold and soggy!!! Burger low quality not as each time
2449,late i waited fo 3 hours and the food got cold so i won't used this application again
2450,الحجم صغير ده مش 150ج خالص
2451,Package was open and as usual delivery keeps denying that he has money change to take more money for no reason
2452,the sandwich and the fries were cold and not fresh
2453,very nice food
2454,Wings without buffalo sauce !!
2455,fries were cold and very bad quality
2456,The burger was chewy and alittle burnt
2457,"I wish I could give you a zero star , after two hours waiting my order , the restaurant is asking my confirmation to start preparing my order ."
2458,البطاطس كلها مرمية في الكيس بطريقة غير نظيفة او حضارية خالص وانا طالب فانتا جاتلي كولا للاسف المرة دي الاوردر دون المستوي خالص للاسف غير متوقع
2459,جامد 😇
2460,البطاطس مفروض تبقي الكبيره هي اصغر من اصغر باكت بطاطس
2461,الطعم وحش جدا والخس بايظ وسئ والأكل بارد ومش صابح بجد حسبي الله ونعم الوكيل بافلو بقي اى كلام واخر مرة اكل من عندهم تاني أن الاكل يجي وحش وبايظ البطاطس وقعه كلها حوالين الاكل
2462,السعر غالي جدا مقابل الكمية
2463,Fries was’t good and sandwich wasn’t fresh
2464,Order delivered late
2465,good 👍
2466,بجد الاكل بارد ووحش جدا وحتي طعمه بايظ
2467,البطاطس كانت بايته وحشة و طعم السندوتشات سيء مش زي ما بنطلبها كل مره بصراحة اسوء أوردر طلبته من بافلو
2468,"Came on time, sandwiches were fine. Cheesy fries were horrible! Old, burned and oily!"
2469,!!
2470,بارد و صايص و حااااجه تقرف يعني منكوا لله بتخلوا الواحد يقبل بالخرا ده من الجووع بس حسبي الله ونعم الوكيل 😡🤬
2471,طريقة جديدة لاكل البرجر
2472,One of order came without comp fries and coca
2473,It was missing the 7 up can
2474,البرجر مش مكتوب عليه نوعه ليه وكمان مفيش فاتوره !!!!
2475,البطاطس وحشه اوي
2476,"Late delivery, driver marker him self at the restaurant and was not, did not pick the order till I called him, after failing to reach an y support, and because of the lateness the order was cold. and when tried reaching support, was notified that wil..."
2477,I ordered beef but I got chicken
2478,None
2479,طلبت صوص شيدر وحاسبني عليه ومجاش
2480,👎🏼
2481,كان حلو ومظبوط وسخن اتأخر شوية لكن فى الآخر انبسطت لكن نسى الصوص بتاع البافلو وينجز وأنا سامحته
2482,سندوتش صغير
2483,It was very good. The order arrived hot and everything was so fresh 👍🏻
2484,you forgot the vegetables
2485,sandwich came so cold and was so messy and the quality wasn't the best
2486,Very poor souce
2487,lettuce is bad quality
2488,البطاطس سيئة للغاية
2489,عظمة
2490,ممتازة طعم وشكل ووقت توصيل
2491,they forgot the ranch sauce I paid for and the sandwich was ok but had too much bbq sauce that it had no taste other than bbq
2492,الاكل مش سخن ولا طعمو حلو زي كل مرة
2493,didn't arrive at all
2494,"very small , but good taste , quick delivery"
2495,Not good
2496,"Food was delicious, but it came cold."
2497,كل شئ جيد
2498,Fries is missing!!
2499,الاكل بيوصل بارد
2500,Good quality of food
2501,Cholo chicken was awful the chicken was not cook enough
2502,الاكل كان سيء جدا وبارد واتأخر جدا وبصراحة منتهى السوء
2503,fries was mainly black and too small quantity for the packet
2504,كويسين جدا
2505,The fries was too salty but the food was good
2506,Well done
2507,Missing order!!!
2508,الساندويتش غير لما طلبته من الفرع الساندويتش كان جاي الصوص قليل اوي و كان ناشف جدا و الكميه قليله اوي المشروم كان قليل جدا
2509,طلبت الاوردر باضافة جبنه ومجتش ودي مش اول مره :-)
2510,البطاطس سيئة جدا
2511,Very expensive
2512,🤙
2513,Wonderful
2514,الcheddar jalapeño stick جات جوها جبنه بيضه
2515,الأوردر ناقص الsauce وانا محاسبه عليه
2516,اوردر جيه سخن جداً و في خلال نص ساعه فقط
2517,البطاتس بارده و مجلده مع العلم تم طلب فانتا برتقال جاتلي كولا زيرو
2518,I didnt reciever my full order
2519,مش اوي
2520,Food was awful
2521,The fries were a little cold though.
2522,food was cold and dry
2523,البطاطس سيئة + المشروب إلى وصل غير إلى مطلوب
2524,الفرينش فرايز مع أنه مصاف علي الاوردر وللاسف جاي بارد جدا ومجلد ولا يوجد به اي طعم أو بهارات
2525,Baaaaaad
2526,food very cold special potatoes
2527,I ordered barbecue sauce and it didn't come with the order
2528,المطعم راءعععععععععع بس غالي اوي
2529,مش حلو وابني بطنو وجعتو منو
2530,الاوردر جي ناقص مفيش الخضار اللي بييجي ك side دا اخر مرة نتعامل مع المطعم دا
2531,في اخر اوردر طلبته، الطماطم في طبق السلطه كانت جايه بايظه و بالتالي اثرت على طبق السلطه كله للأسف. ودي حاجه غريبه بالنسبه لبافالو برجر انها تحصل ومش عارفه الحقيقه العيب من فين. ياريت بعد كده تاخدوا بالكم من ان الحاجات كلها فريش ونضيفه.
2532,"order received incorrectly. no salads for sandwiches, no soft drink, no cutlery!!!"
2533,الاكل كان ناقص البطاطس
2534,مش زي فرع مدينة نصر
2535,I did not receive the bsf buffalo wings. I got a wrong Sandwich
2536,ناقص
2537,coca was open french fries is à very very little portion
2538,No Salad sent with the order
2539,محترم ومنضبط
2540,"wrong order, to correct it, it took 2 and half hours"
2541,خرة مش هطلبة تاني
2542,Didn’t like food quality
2543,Fries was bad and not hot
2544,Missing sandwich
2545,الاكل كان حلو جداً و التوصيل كان سريع
2546,الاكل وصل بارد واضح ان الطيار توقف بالاوردر في مكان ما قبل أن يحضر وذلك لمده طويله و ممكن لكم مراجعة التتبع
2547,باكيت الفرايز مليانه زيت و سيئه جدا
2548,الاكل اتاخر جدا جه بعد ساعة ونص و كان بارد و وحش جدا جدا
2549,Food was really small
2550,الساندوتش والفرايز للاسف كانوا باردين كأنه اصلا متسخنش من الأساس
2551,الاوردر ناقص و البطاطس تلج سيئة جدا
2552,منتهى قله الذوق والاوردر ناقص وجية متاخر اووى
2553,The sandwich was delicious
2554,البافلو صوص مجاش مع الاوردر بتاعي
2555,7elw
2556,Cola instead of fanta
2557,اسوأ اوردر عملته فى حياتى اولا اتأخر جدا الاكل بارد جدا البطاطس كلها واقعه
2558,جامد 😉😋
2559,it's fine but i ordered it chicken it came beef so ???
2560,Had one wrong side but other wise A1
2561,البطاطس ناشفه جداا ومجلده والسندوتشات مش سخنه بالرغم من قرب المسافه
2562,I received cola instead of sprite
2563,Orange juice was so bad
2564,البطاطس سيئة جدا جدا متسخنة اكتر من مرة
2565,الاكب جاء متأخر جدا جدا و بارد و طعمه وحش اوي
2566,الكولا مش ساقعه الفرايز بارده
2567,The order was very late and the customer support was not answering for the (where is my order) option and it didn’t connect me with a real person until i chose i have a compliant
2568,Buffalo burger is amazing but this branch not as good as other branches
2569,Late delivery and missing the coke
2570,الاكل كان بارد سنة ، بس يتاكل
2571,it's a very very bad experience the beef was so bad and I've been vomiting science yesterday
2572,بطاطس مليانه زيت
2573,it was so cold
2574,ممتاز حتي الآن
2575,البطاطس قليلة اوي و باردة
2576,"Food was very late and cold , delivery boy said he has many orders … i think this is not an excuse to eat cold burger"
2577,"That’s the worst burger sandwich I’ve ever had. Taste is so bland, mushrooms were too stale, and the sauce was just too runny. The patty also tasted like it has been cooked right from the freezer and it fresh at all. Fries were mostly burnt too. Neve..."
2578,"the worst packaging , sprite was missed and the bag was flooded with water"
2579,Thank u
2580,Gamed saraha thank you 🤭
2581,Exllant
2582,The delivery was 90 mins late than the expected ETA..!!!!!!
2583,Wings came without sauce and restaurant didn’t pick it up and refund me as promised.
2584,الاكل بارد جدا رغم إن الفرع قريب من البيت عشر دقايق بس
2585,The order didn’t contain the vegetables served with the sandwiches and they didn’t put ketchup.
2586,السعر عالى جدا
2587,الاوردر جه ناقص
2588,Nice ❤️❤️
2589,i didnt reach the coleslow salad and i paid for it
2590,الاكل اتاخر جدا بسبب عامل التوصيل و طبعا الاكل جه بارد اوي
2591,البرجر وصل محروق وطلبت اسبرايت وصل كوكاكولا
2592,I received a totally wrong order
2593,البطاطس بارده و مجلده و مش مكتوب ع كل ساندوتش اسمه
2594,لم يصل الصوص وال side items مع الطلب الى
2595,as usaual the fries was missing 😏
2596,It wasnt spice but its okay the sauce was good
2597,الاكل جاي مبهدل جدا مفيش مشروم اصلا في الساندوتش البطاطس مسلوقه وكلها مياه واول مره ببقي وحش اوي كده
2598,الفرايز كان مش مستوي اصلاً والx urban مافيهاش اي جبنة شيدر
2599,سلوك الطيار سئ جداا
2600,Coleslaw was missing (not delivered) Fries were stale.
2601,Worst Very Bad LATE
2602,Delivery man was very rude he asked me to come and get the food from the street and refused to go up
2603,من اسوء الي سوء وتطبيق فاشل ومش اول مره
2604,جالى اسهال
2605,they didn't put the 1000 island sauce and the sandwich wasn't as usual
2606,سئ جدا الطلب ناقص تشيزى فرايز مجتش معاه
2607,الاكل واصل بارد جداا والاوردر كان مفتوح و البطاطس ناقصه و مجلده خالص وطعمها سئ جداا
2608,الاوردر جاي ناقص
2609,بعتلي تاني مرة مش موجود الخضار اتصلت بخدمه العملاء قول ان سلمو الخضار مع الاوردر يبق العيد في الدليفري بتاعكم يعني حرميه بمعني أصح ابكلشن زفت والدلفيري زفت ومش هطلب منه تاني عشان انتو ناس مش محترمه ان حد يتعامل معاكم
2610,Very good driver
2611,الاوردر مش وصل
2612,Delivery is hilarious
2613,البطاطس كانت حادقه جدا و الساندوتش برضه كان حادق شويه
2614,very good ☺️ the only thing I don't like is the skinny fries 🍟
2615,Quality was very bad not as usual fries was so cold and wet
2616,الفرايز كان بارد والبرجر كان كويس بس كان محتاج يبقى سخن اكتر كان دافي بس
2617,سعر التوصيل بالايصال غير مطابق (ازيد) مع سعر التوصيل في البرنامج
2618,الفراخ كانت ناشفه
2619,I ordered directly through their website. The order was where I work in Mall of Arabia which I usually do with no problem but: 1- The customer service called me saying that the driver cannot enter and that I should go outside to take the order 2- He ...
2620,The fires was uncocked and so cold
2621,خدمة زي الزفت الاوردر اخد ٣ ساعات عشان يوصلي و اكلم المطعم يقولي المندوب مشي و ساب الاوردر و ده المفروض التعويض اللي باخده عالتعامل اللي زي الزفت
2622,الطعم مش تمام
2623,No Bread
2624,The fries is not fresh
2625,the juice wasn't fresh and it didn't taste good and I found a dead fly on the bottle😑
2626,not well tasty as usual
2627,الطلب اخذ ٣ ساعات يافندم
2628,البطاطس كلها كانت واقعه فالشنطه
2629,Burger is burnt and fries is cold
2630,الاكل وصل مش سخن
2631,البرجر كان ناشف جدا ومحروق ومش ميلان حشو كدا زي كل مره .....والبطاطس بارده.....للاسف ماكنش افضل مره نهائي
2632,"fries not fresh, rough and doesn't taste good like the usual"
2633,fries were too small and the bag was unpacked
2634,الاوردر وصل ناقص فرايز
2635,الاكل اصلا مجاش
2636,El chicken w7ish aweeeeeeeeee bgd
2637,الآكل وحش
2638,الأكل كان تحفه بس التوصيل الماب بتاعت الapp مدياهم العنوان غلط راح زهراء المعادي وإحنا كنا ف الهضبة الوسطى!!!
2639,الاكل سيئ جدا في فرع الشروق البرجر محروق والسلطه مش فرش اول مرة يبقا الاكل بالفظاعه دي في بافلو برجر
2640,very bad fries
2641,The paying was unclear
2642,Fries was little and cold
2643,The food came so hot and very very good the cheese sauce is not good at all we didnt like it The fries portions is small even though its the large size but the sandwitches were hot and juicy and big '200gm'
2644,The orange juice is expired
2645,El burger ma7ro2
2646,الوجبه ناقصه طاجن الخضار فين مش موجود في الوجبه
2647,The bacon mushroom jack was missing both of the bacon and the mushrooms
2648,The meal didn't arrive with utensils just some tissues which is very odd for buffalo as it's not my first order
2649,الاكل كله وحش وسيء
2650,the meat has a strange and bad taste !!! ana after taste
2651,الاوردر وصل متأخر جدا بعد ساعة ونص الخبز طري والبطاطس جلدت ونكلم الطيار يقول انا على اول الشارع اصلي رحت عنوان غلط اصل العجلة نامت وحاجه كانت في منتهى القرف
2652,late delivery
2653,كنا طالبين فوور ان زا بوكس..كان كله تمام ماعدا البطاطس كانت بيضا وماعليهاش اي توابل!!
2654,Food was hot and fresh
2655,باعتين الاكل بارد وحاجه تقرف
2656,صوص الثاوزند ايلاند مجاش
2657,"One Sandwich is Different than ordered. Also no salad provided I.e tomato, onion, lutes."
2658,The food tasted horrible
2659,الاكل بارد و الصوص قليل جدا والصوص الجانبي الي طلبته مجاش!
2660,الاوردر متأخر و البطاطس بارده وبدون ملح او توابل.
2661,Add
2662,مفيش كيس مجمع حاوي للطلبات
2663,تعبت كتير لما اكلته
2664,البرجر طبخها سيء محروقة
2665,الاوردر وصل ناقص ال chips بافالو
2666,very great and delicious
2667,Fries was very baaaad Sandwich nice 💜
2668,The fries came in half empty.
2669,Food was late
2670,اكل سي وتسمم غذائي لما جميعة لاانصح يهذا المطعم وادراه 0
2671,العصير اللي جه مع الطلب كان منتهي الصلاحيه من ٢٥/٥ يعني اكتر من اسبعوين
2672,missing items from order
2673,ماشي الحال
2674,Everything was fresh and delicious
2675,very tasty
2676,"Usually, when I order rastafari chicken, there would be two tall jalapeño bites covering all the sandwich, this time there were only two Very small ones, I barely saw them, they weren’t even clear in the taste, the whole order was poorly prepped. And..."
2677,الاكل تحفه بس الاوردر أتأخر جدا
2678,Coleslaw dropped in the bag as the box was not sealed well
2679,الأوردر اتأخر ساعة (عن معاد وصوله) واتصلت قالوا حصل مشكلة في الأوردر فمعلش اطلبه تاني وبردو اتأخر (حوالي 3 ساعات إجمالي من ساعة ما طلبت المرة الأولى) و بعد كل ده الأكل كان بارد والفراخ كانت ناشفة
2680,Bad curly fries
2681,I don’t receive the ranch sauce
2682,سيئ للغاية و تأخير غير طبيعي للتوصيل
2683,- البرجر ملوش طعم كل الطعم من الصوصات... محتاج مراجعه - الطيار سلوكه سئ جدا و بيبثق علي السلم كأنه في الشارع
2684,Didn’t even recieve the order
2685,the meat tasted artificial and was as dry as an old piece of a lifeless wood.
2686,"I didn't get all items, I requested at the same time."
2687,This is one of the worsttttt places to eat burgers from ! The patty is definitely less than 150Gm *not there usual * and the patty is burnt and hard to bite it! And when i called them they told me to press number 3 to talk to customer service and i'v...
2688,sandwich is cold fried is terribly bad.
2689,The driver opened my order and stole some of my order and i had gone to buffalo burger store and redeem my order
2690,terrible didnt even come
2691,الطلب مفقود كوكولا وسلطه
2692,بارد متاخر وحش
2693,الاكل مفتوح والكيس كان مقطوع
2694,The sandwiches weren't labeled
2695,عامل التوصيل اخذ قيمة التوصيل وفوقها بيقول معيش فكة واخذ عشر جنيه زياده على قيمة التوصيل
2696,كنت طالب 8 ساندويشات و جالي 6 سلطات بس
2697,It takes 30 mins over the estimated time
2698,thr fries were cold and not crunchy the burger meat was not good quality
2699,😉
2700,The lettuce wrap is really bad and difficult to eat
2701,وقت طويل جداااااااااااا باهمال
2702,افشل خدمه
2703,البطاطس المفرود اربعه جت ٣
2704,الاكل حلو اوى بس الدليفرى اتاخر
2705,ناقص سلطة والكاتشب والشوكة والجوانتي
2706,بدل اتنين اسبرايت بعت واحدة سبرايت وواحدة كولا واحنا مفيش حد بيشرب كولا
2707,لقيت شعر فى الاكل وحش جدا
2708,The behavior of the driver is excellent
2709,the chicken strips were so dry
2710,الاكل بارد تماما
2711,sald with onion and my request was no onion at all
2712,جودة اللحم رديئة
2713,"This is not my first time ordering from Buffalo Burger but my latest order was extremely disappointing and dissatisfying, the burger was very dry and burnt and the ingredients were very off and bland, the fries portion was smaller than usual."
2714,طلبت الاوردر اونلاين و دفعت فيزا و في الاخر محدش راح استلم الاوردر
2715,1:30 waiting order and finally its cold
2716,the delivery was too late
2717,Why you always forget the fresh salad???
2718,Didn't receive salad
2719,حلو بس الكميه قليلة
2720,He was rude
2721,الاوردر دائما بيبقى ناقص و غلط
2722,الاكل بارد جدا وسئ للاسف
2723,لم نحصل على الاوردر بعد انتظار اكتر من ساعه ونصف ولم يتم الاعتذار حتى 😡
2724,طلبت فانتا تفاح مش سبرايت
2725,good driver
2726,Amenities such buffalo gloves were not included Only one garnish box was received I order Coke Zero and received regular Coke
2727,الاكل بارد و كان حاجه زي الزفت ... الأفضل تروح تجيبه مباشر وكمان التأخير
2728,"not as written that the fries is large, the half of the pack is empty"
2729,"Food was really bad. burger has a wrong texture and kind of too sweet. chicken fingers were poorly fried , one i believe was undercooked i had to spit it out. very disappointing!"
2730,Delay delivery
2731,البطاطس كانت برده ومش حلوه خالص
2732,"was late, cold and the potatos was half the packet"
2733,الاكل ناقص كل سلطات السندوتشات
2734,One of them not similar to my choice
2735,اتأخر وحجم السندوتش عادي
2736,Missing 2 thousand island sauce
2737,very late delivery
2738,Food was too cold taste was great as usual
2739,Moderate
2740,مش راضي يديني فاتورة الطلب
2741,fries was very bad
2742,onion rings were great. way better than before
2743,Great stuff. order from here around the afternoon otherwise the food quality decreases considerably 😄
2744,They were late getting out from the branch
2745,I received a lotus ice cream instead of cookies and cream
2746,البيكون مشروم مش زي كل مرة
2747,poor burger
2748,الاكل كان معمول من زمان
2749,I ordered 8 boxes with 2 types of sandwiches each 2 beef & 2 chicken but most of the boxes were all chicken sandwiches
2750,I received a wrong sandwich Also the food was so cold
2751,everything is bad
2752,Order did not arrive and after an hour and half when I called them they told that power is off in restaurant!!!
2753,wings aren't well done
2754,Late arrival
2755,Jjjjh
2756,disrespectful restaurant
2757,حقيقي تجربة سيء من المنيوز الاوردر ده غلط و المفروض الساندوتش كومبو و مجاش كده و اضطريت اطلب كومبو لواحده بي ٧٠ جنيه تجربة سئ و مش هتتكرر
2758,"Didn’t receive the order after 2 hours of waiting, they said they will send another order and that I will wait 45 more minutes!!!! I said that I don’t want another order"
2759,i didnt receive it
2760,The order is missing the Onion and the tomato
2761,البطاطس مش حلوة و باردة
2762,"They sent me a bun with a piece of meat in it... That's it, no cheese, bacon, tomato or any of the items described on the bacon mushroom jack. And the fries filled 20% of the plate only and had exactly 4 pieces of bacon on it. SUPER disappointed."
2763,الاكل بااااارد جدا
2764,Food is cold and undercooked. What a waste.
2765,مفيش كولا لا
2766,في fanta موصلش ف الاوردر ثانيا الساندوتش انا طالبه ٢٠٠ جرام ووصلني ١٥٠جرام
2767,الاوردر وصل بارد ومجلد وصل متأخر بعد ميعاده بساعة... وخدمة عملاء معندوش حل غير معلش وبنعتذر واصل السيستم في مشكلة وحاجة بجد غير مهنية وغير مقبولة
2768,الطلب ناقص و لا يوجد تجاوب
2769,"My order was delivered missing a sandwich, and I never got it delivered despite promises from elmenus support that it will be delivered. Elmenus are extremely unprofessional & cannot be trusted to deliver what was ordered and paid for."
2770,The delivery wasn’t fast
2771,اوردر غلط و مفيش حد مهتم ولا المطعم ولا الدعم ولا الدليفري تجربه سئه و تطبيق سئ
2772,الخدمة زباله و الاوردر مجاش اصلا .. والدعم لا يوجد ولا اسواء
2773,"The bun wasn’t fresh at all, The burger wasn’t juicy am so disappointed"
2774,not good not bad
2775,للأسف اللحمة مش مستوية والريحة وحشة جدا رمتها من اول قطمتين
2776,متأخر و بارد جداً
2777,جمدان والله
2778,"tasted bad, smelled like shit, badly made"
2779,ا
2780,It takes an hour to arrive although I'm not far from the restaurant. I ordered coca-cola zero and they brought something else with my order.
2781,Missing item and the delivery associate was rude and slow
2782,شكرا جداً الدليفري ف منتهى الذوق والاحترام 👍
2783,البيف تحفة الفراخ اقل من العادى اطلب بيف و اتكيف بس بلاش فراخ
2784,The wings came RAW with blood inside
2785,زودو فلوس علي الاوردر و الطيار مش عارف لية
2786,I just received sandwich without additional salad 🥗
2787,السندوتشات جت بالبرجر والصوص بس و كل أنواع الخضار وكل حاجة تانية مكانتش موجودة و كانوا ناشفين جداً و طلبت فانتا جابوا بيبسي سخن 🙃🙃💔
2788,الطلب لم يصل الى الان ..... و مكتوب ان الطلب وصل
2789,The lettuce wrapped burger needed more lettuce as it had only two pieces holding the burger up and down. But overall everything was perfect and the meat was so juicy and tasty.
2790,لو سمحت الاوردر ناقص
2791,خدمه ممتازه
2792,the food wasn't hot .. and very late
2793,Fries was cold and not fresh
2794,الاوردر جيه متأخر وناقص
2795,تأخر كتير لوصل الطلب
2796,Tommy
2797,الطيار عايز ياخد فلوس ازيد من تمن الاوردر واما رفضت مرضاش يوصل الاوردر وظاهر في الابلكيشن الاوردر وصل وانا مجاليش حاجه!!! منتهى السوء حقيقي!
2798,thnx for driver ✌🏻
2799,البرجر كان محروق و طعمه وحش جدا و ساقع علي الرغم من ان الدليفري متاخرش،
2800,there was no vegtables
2801,The handkerchief and wipes wasn’t sent
2802,it wasn't good as everytime
2803,الاوردر ناقص بيبسي
2804,Still didnt recive my order after tow times of order since 2 PM
2805,المذاق مش زى زمان و غالى
2806,حلو جداا 🤍 وغني عن التعريف رغم اننا كنا ف رمضان بس الاكل جيه سخن و بسرعه 🤍
2807,جه بارد ومكنش حلو
2808,very bad condition
2809,موصلش لسه
2810,كنت طالب 2 ساندوتش 200 جرام جالي 2 ساندتش 150 جرام بصراحه احسن فرع هو اللي في ميدان لبنان فقط
2811,الاوردور غلط وكمان سبايسي
2812,الاكل اتأخر شويه علي ما جه لكن طعمه حلو جدااا طبعا
2813,مهذب
2814,خدمة سيئة للغاية مش متعودين علي كدا من بافالو
2815,didn't send me the toy and wrong juice is delivered
2816,"Late order, and cold fries."
2817,Food wasn’t even warm
2818,كان حلو بس استمتعت🥰🥰
2819,الاوردر وصل بسرعة جدا
2820,الطلب لم يصل بعد
2821,انصح اي حد ميشتريش ديليفيري منه لأنه مش هيجيلوا الطلب مظبوب ولا هيرجعوه
2822,"التوصيل سئ جدا"""
2823,الطلب جاي من غير الكولا للاسف مش عارف ليه
2824,الاوردر اتأخر ساعتين واتكنسل بعدين! حاجة في منتهى السخرية
2825,أسوء أوردر أطلبه في حياتي ٣ ساعات لحد ما الأوردر وصل ووصل بارد ومالوش طعم ديه أخر مرة أطلب من بافلو
2826,الاكل وصل متأخر ساعة ونصف و كمان بارد والعلبة مفتوحة من تحت
2827,food wasn't tasty bread and the mushroom were burned very ordinary
2828,Tasted awful will never order again
2829,Tastes like shit
2830,الاوردر جه البيت ف تلت ساعة بس وخدمة عملاء محترمين و حاجة آخر ذوق وعسل
2831,I received buffalo chips without island sauce!!
2832,طالبينه للفطار يعني قبل المغرب بحاجة بسيطة فجالنا قبل المغرب بساعتين ونص ... البطاطس كلها واقعة في الكيس مفيش علبة واحدة فيها البطاطس بتاعتها ... محدش يطلبه لفطار رمضان ... شيء محبط!
2833,الاكل وصل طعمه كويس و سخن و في وقت مش كتير .. اول مره
2834,ناقص ٤ بطاطس
2835,الاوردر موصلش اصلا والسبب أن الطيار حاول يكلمنى و مكنش فيه شبكه اللى مش قادر أفهمه هو انا بحط العنوان ليه !!!!! هو لو كان اتحرك على العنوان اصلا كان زمانه عرف يوصل لكن هو اتصل مره و لما كان موبايلى مش مجمع اخد قرار أنه يسلم الاوردر للمشرف بتاعه
2836,هو بس انا كنت طالبه علي الفطار الاوردر جه الساعة ٥ غير كده كله كان تمام
2837,burger was burnt! not a hint nor an aftertaste burnt and definitely not 'smoked' but textbook burnt!!!
2838,اول مرا يجيلى الاكل بالجمال دا و الجوده دى
2839,Delivered medium hot
2840,العصير الي طالبه جه انناس بدل تفاح
2841,I didn’t even get the same burger I ordered
2842,😆
2843,الاكل بارد جدا وللاسف الاوردر غلط
2844,wasn't good at all yuuuk
2845,الاكل بارد واللحمة مجلدة ومش مشوية كويس🤢
2846,الاوردر كان ناقص الخضار
2847,الاودر جاي ناقص طلب بطاطس بالجبنة وأنا دفعت اونلاين
2848,still full
2849,very bad very bad very bad very bad very bad very bad very bad very bad very bad very bad very bad very bad very bad very bad very bad very bad
2850,"Their food is tasty, and Their bread is the best of all."
2851,مش حلو اوي
2852,محدش بيشوف اي كومنت بكتبه نهائي و ده مش اول مرة
2853,a.azing5
2854,الاكل جي متأخر وبارد جدااا
2855,اقسم بالله اوسخ خدمه فلدنيا
2856,fries came wrong type
2857,البصل بايظ
2858,Fries were cold & undercooked. The burger was burnt & cold too. Burger quality is so so bad. Never again.
2859,Worst delivery and worst food
2860,Poor quality of meat and bacon
2861,amazing and the food is wonderful 😋
2862,الطيار ممتاز
2863,الاكل كان بارد و جه قبل معاده بتلتوالساعة ف برد اكتر مع اني كنت مأكدة عليهم
2864,الكلوسلو مجاش والسبرايت مجاش مفيش اي مشروب جه مع الاوردر
2865,Come damage not frozen just melted like big ball of mence
2866,Delivery man came 30 mins late
2867,بارد متاخر الاوردر جه غلط مش غلط
2868,Pepsi instead of sprite and no salad box with the burger
2869,Special thanks for the person who delivered
2870,did not arrive
2871,العيش في الساندوتش كان كأنه في حته متاكله كده
2872,الاكل تمام بس في مشكلة مع الدليفري
2873,البافلو الوينجز موصلتش مع الاوردر
2874,very bad bacon quality in bacon mushroom jack sandwich
2875,المندوب طلب زياده ١٦ جنيه عالاوردر و الدعم مقدرش ياثر عليه و اضريت ادفع الزياده المطلوبه بعد ربع ساعه مع المندوب فالشارع ان شاء الله اخر مره اطلب فيها
2876,Thank you 🥰
2877,So good
2878,التأخير من التحضير و ليس التوصيل التوصيل خلال ٧ دقايق فقط كلمت خدمة العملاء قالي الأودر خهز وطلع و كان لسه مخرجش
2879,"Very late , missing order , very upset 😠"
2880,I received a call from Elmenus and they informed me that the price changed and I agreed. However when I received the order it was on the old price?
2881,الاكل كان حادق جدا
2882,انا دفعت الاوردر مرتين بالفيزا وكاش
2883,البطاطس كانت قليلة جدا
2884,الساندوتشات ال ١٥٠ ناشفة جدا مش جوسي
2885,"did not deliver the whole order, called and asked to send and still never received the rest of the order."
2886,Food arrived after 2 hours... everything already got cold... and the ice cream melted..
2887,Worst service I don’t recommend this to anyone
2888,مستلمتش الاوردر و الدلفري مبيروديش 😡😡😡😡😡
2889,ال beef burger لا يعلى عليه جربت مطاعم كتير ، دا بجد بيرفكت و مفيش زيه ، اما الفراخ فعادية اوى و متستاهلش ، + ياريت ناخد بالنا من ان الاوىدر يجى سخن لان اول مره جه سخن و النره دى جه بارد اوى
2890,حاجة متتهى قلة الذوق لما يجيلي اوردر الساعة 6:45 ناقص والساعة 9 دلوقتي وبقية الاوردر لسه مجاش وكل واحد يكلمني بتأسف ويعتذر وفالنهاية الاوردر مش بيوصل!
2891,"The delivery was too late. The beef was too dry , i also ordered buffalo wings they came without the buffalo sauce and the fries were cold and inedible👎🏼👎🏼👎🏼"
2892,مستوى البرجر للاسف بقى سئ جدا. اونيون رينجز بارد و بطاطس معمولة من اسبوع. حاجة تقرف
2893,Did not get the cola. was really late. the food is cold.
2894,الاكل اتاخر جدا وقعد ساعتين ع ما جه
2895,late and the order was cold :(
2896,Order didnt even arrive yet
2897,انا باكتس البطاطس جاتلي فاضيه
2898,الاكل المرة الي فاتت جه متاخر جدا وبارد الايس كريم بس الي كان حلو.
2899,the order is delayed 2 hours and arrive cold
2900,الاكل وصل في وقته بس حصلي تسمم
2901,كان الحساب ٨٣ وعلى حسب كلام الطيار طلب المطعم ٩٧ جنيه
2902,"This is the second time to receive a very cold meal , fries is half the package , delivery took 1 hour and a half to arrive dunno why the ETA was expected 7:54 it was delivered nearly 8:40 , very bad experience"
2903,received the order with one item missing
2904,الاوردر جاى بعد ساعتين و كان ف حاجات ناقصه و جوده الاكل أقل من كل مره
2905,الطلب مجاش عشان الابلكيشن فاشل و مبلغش المطعم ان انا العنوان غير اللي في الاوردر
2906,الساندوتش ناشف جدا وبايت وبجد طعم سئ جدا اخر مرة اجيب من بافللو
2907,Salad didn’t come with the order
2908,كان ممكن يبقي ٥ ستارز بس البطاطس كانت باردة جدا ووحشة اوى وكأنها كانت بايته
2909,Incomplete
2910,اللي وصل الاوردر شخص محترم لابعد الحدود
2911,الاكل بااااااارد جدا كله
2912,i think this is the last time i will use el menus
2913,الاكل مجاش
2914,Didn’t arrive yet
2915,sanswhich was cold and missing one ice cream
2916,"It was not bacon mushroom jack, but another sandwich that i dont know"
2917,الطلب ناقص، جه بارد، بعد نتأخر ٤٥ دقيقة بعد الساعة اللى التطبيق قال عليه
2918,اول مره يجي بارد والصوص اللي كنت طالبه ما جاش معي بس سندوتش طبعا طعمه حلو
2919,الاكل وصل بارد وجه علي مرتين والفراخ ملهاش طعم خالص اسوا تجربه اكل
2920,تأخير دائمآ وأبدأ
2921,المشكلة انه اتأخر جدااااااا بس ممكن التأخير يبقى ضغط شغل بس الاكل جه بارد جدا وكان فعلا لازم ع الاقل يتسخن الاكل جيد جدا كالعادة .. اتمنى لو هيتأخر تاني يتأخر بس ياريت ييجي الاكل سخن وشكرا 💙
2922,The order came after the eta by 2 hours
2923,كاتشب وحد بس مبعود والبطاطس صغيره اوووووي فااماحبيت
2924,طلب منى انزله السبت!!!
2925,الاوردر جيه غلط اتأخر ٢٠ دقيقة و مندوب التوصيل يسألني عن العنوان و هو موجود قدامه! انا كدة استفدت ايه لما استخدم الابليكشن؟
2926,The burger was really bug
2927,fries were so small
2928,البرجر محروق و ناشف و الشيبسي كلله حروفه محروقه
2929,الأكل تمام زي الفل بس كنت حباه يكون سخن أكتر عن ما وصل عليه
2930,كل حاجه جات غلط
2931,It wasn’t as i used to the burger was burned and too much mayonnaise not tge best sauce as usual
2932,موصلنيش كولا
2933,good deal and good burgers. nice.
2934,the fries was not good
2935,Was really faaaast
2936,very COLD food and diablo fries new but not good and delivery cams late have not coins ..
2937,حلو اوي بس الاكل كان بارد شوية
2938,الاوردر مش اللي طلبته
2939,الاكل جاي ملغبط اسامى سندوتشات و البرجر بيكن محروق و مكنش مستوى والستدوتشات بارده و طلبت سبرايت جاى كولا
2940,طلبت سبرايت جاء كوكاكولا
2941,البطاطس جايه مهروسه ومش حلوه ابداا
2942,هو الاوردر جاي من غير الكولا وال toppings
2943,البيبسي ٣٠٠ ملي غير العرض
2944,I didn’t receive my order
2945,So baaad
2946,"Honestly, Buffalo burger was not as usual at all, burger is not juicy a bit dry and burned, moreover cold not fresh."
2947,اتصلتو ان مفيش فنتا تفاح قولتلكو هاتو كولا و رغم كدا جالي فنتا برتقال. و مجاش سلطة.
2948,Almost 2 hrs & did not deliver. They didn’t even call to apologize.
2949,غير مهتمين بمحتويات الساندوتش وفرق شاسع من اني بطلبه من هنا وان بطلبه من عندهم من الابلكيشن
2950,Order was never delivered after 2.5 hours and numerous messages with support Support rep was understanding but couldn’t help
2951,Didn’t Received Order
2952,the food quantity wasn't enough at all
2953,الاكل بارد واتاخر ساعتين
2954,I ate in a hurry this is why I didn’t rate or complain right away. I didn’t receive my drink. The chicken wings were not coated with buffalo sauce but bbq. Overall suboptimal experience.
2955,"Doesn’t deserve to be called a brand restaurant. First thing they served our order in 3 minutes with cold burgers, and changed it only when we complained. And an even problem occurred because of their own put policy, and their reply is that they can..."
2956,"there are missing salads, I always order from buffalo burger and I receive salad box, so I was supposed to receive 3 boxes as usual. There is no ketchup sauce and the fries was spilled and there is an empty fries pack."
2957,Driver is very polite Fries came more than half the packet empty.. Disappointed
2958,"Not tasty as usual, no sauce added and the bacon tastes horrible"
2959,الاكل جيه سئ جدا وبارد جدا وميتاكلش حقيقه وبعدين مكتوب ف العرض في ايس كريم مجاش بجد اسوء مره كلت فيها بافلو برجر ومش هطلبوا تاني
2960,i received a wrong order and after contacting with buffalo support to replace it they sent me the right one after 3 hours!! i'll never order from buffalo again
2961,الأوردر جه ناقص وبتاع الدليفري قال هيجيب الحاجة الناقصة ومشي ومجبهاش. عيب بجد
2962,بالنسبة للطعم ممتاز ويا ريت يبقي كده علي طوووووول بالنسبة للطيار يا ريت يكونوا علي دراية أكتر بالمناطق وإستخدام الجوجل ماب
2963,الاوردر ناقص و متاخر
2964,The diablo fries taste is different than usual
2965,F❤️❤️
2966,تحفة .. بصراحة الاكل كويس حداااا وكل شيء فوق الرائع .. شكرٱ بافلو .. استمروا
2967,"Order was delivered 30 minutes later than it should, and customer support didn’t support me at all"
2968,Order missing the ice cream
2969,feen om el akl
2970,التوصيل سئ جداا
2971,9\10 بصراحه ال sandwiches جميله اوييي والتوصي سريع والتغليف جميل
2972,البطاطس جاية نصها فاضي
2973,"Food was disgusting, bacon was raw. Had to return it as it was inedible."
2974,الديلفرى بطيق جدا ارجو الديلفرى يكون سريع
2975,احلا برجر كلتو بجد
2976,Small and cold fries
2977,مجاش اوردر اصلا ايه الكدب ده
2978,"Order Super Ice Combo, they sent the offer without the ice-cream, when I called them, they said this what we have, go back to the Application you have the offer from"
2979,there was a missing item in the order
2980,الاوردر جالي ناقص
2981,ةااتظ
2982,الللحمه كانت محروقه حاجه بسيطه
2983,الاوردر كان بارد جدا و وحش جدا على عكس كل مرة و كمان الاوردر اتأخر جدا عن المعتاد
2984,this was the worst experience ever
2985,"the food and ice cream was not good, people who ate had diarrhea, I never expected that from you"
2986,The food was cold because he late and the packaging wasn’t good and there was a water from the onion on the soft drink .. it was the worst experience from Buffalo burger..
2987,Bh
2988,الاوردر غلط اختارت كولا زيرو وكالعادة بتجيبوا عادية!!! اقروا المطلوب، انت حاطط اختيارات يبقى من حقي اخد اللي اخترته
2989,"I didn’t recived the ice cream , the order was late , and the food was very cold"
2990,why the invoice didn't include vat
2991,The meal was so late and i through it in trash because it was so bad quality and cold as ice the frise was like mash potatoes and very low quality
2992,El sandwich fady gedan w mfesh onion w burger m7ro2
2993,كان بااارد جدا
2994,i got food poisoning the very next day
2995,mushrooms gave me 2 days of diahrea :'(
2996,Delicious food but small portions
2997,Ice cream had too much cinnamon but ither than that geartttr
2998,ممتاز فى كل حاجة بس عايزينه فى وقت اسرع فى الديلفرى لانه بطيق
2999,they don't care about the notes i wrote with every order
3000,اكل بارد زمن التوصيل خرا
3001,amazing
3002,"Yesterday I received the order very late the delivery guy received a wrong order then after he arrived to me he went back to the branch to get my order, which made me received the order very cold and tasteless. Very disappointed with this experience"
3003,the Blue B was honestly 5 stars
3004,الاوردر جيه بعد اكتر من ساعتين
3005,very late delivery 40 minuy delay
3006,في واحدة سلطة ناقصة و الاكل اتأخر اوي و جاي بارد للاسف
3007,They cancel orders for no reason . I’ve been waiting for an hour and i just noticed that they canceled my order
3008,"I had the worst stomachache after eating buffalo burger , something just felt wrong while eating"
3009,المناديل باين عليها مستعملة
3010,This is a very bad drive and not polite
3011,تجربة سيئة جدا الاكل عدي ساعتين ولسة موصلش
3012,جميل جداً بس ياريت يبقي فية شوكة مع الاوردر الي فية بطاطس بالجبنة
3013,Fast delivery
3014,اول مره البطاطس تبقي وحشه اوي كدا
3015,delicious and hot
3016,Some item missing from the order
3017,i didn’t recieve pepsi with the order
3018,slow delivery
3019,First time to order. Terrible The chicken was not well cooked I had to throw it away And did not have anything to eat
3020,Almost empty fries box !!! No change with the delivery guy !!
3021,it's the worst app I ever used it takes more than 1:40 to deliver food and a lot of bugs I'll never recomeded to anyone
3022,تحفه زي ما عودونا
3023,Order was too late and not hot.I'm really disappointed.
3024,Delivery guy called me like a million times And Burger is freakin dry I ordered pepsi and 7up i got different drinks Very very bad
3025,Everything was really good I highly recommend.
3026,the fries were so bad as if it was done few days ago (diablo fries)
3027,💪🏽
3028,You lost your position
3029,الاوردر كان فيه حاجة بايظة أو محطوطة غلط
3030,Got 3 combos but one of the fries were missing
3031,not nice as usual..I ordered seven up diet I got Pepsi.. the total price increased after I confirmed the order!
3032,delicious 😋
3033,ال onion rings طعمها سئ جدا
3034,delivery was a little bit late
3035,الاكل تحفة نظافة ومكان رائع بنصح فيه وبشدة 😍😍
3036,"In fact ,I didn’t received the order yet . And asked many times for support but was no response"
3037,من احلى الاماكن بجد و الجوده بتاعته حلوه جدااا و كل مره احلى من التانيه♥️♥️
3038,الاوردر اتاخر غن ميعاده الاوردر فيه غلط فى البطاطس وفى غلط كمان فى المشروب المفروض سفن بعت بيبسى الاوردر مش متقفل كويس والساندوتش مش مكتوب عليه كالعاده التجربه سيئة المره دى
3039,طلبت عرض ٤ ان ذا بوكس (شتاكي؛هيتش هايكر؛بلو تشيز؛بيكون مشروم جاك) التوصيل موعده مظبوط اللحم كويس مش وحش وطعمه كويس والدهون فيه مش كتير يعني ما زعلتش وممكن اطلبه تاني
3040,الاكل بايت
3041,perfect quality 😊
3042,çok lezzetli !
3043,ازاي مفيش فيزا
3044,Amazing burger
3045,وحش اوي اوي بجد اخر مره اتعامل معاهم
3046,تسبب في نزلة معوية لمدة ٣ ايام...لا ينصح بالطلب من buffalo Burger نهائيا.. تجربة أقل من السيئة
3047,the sandwich was awful
3048,"late delivery, soda was missing from my order"
3049,انا باحب Bufflo جدا لكن للاسف فرع المقطم طلبت منه مرتين و كان البرجر نفسه سئ جدا مش الtopping و عشان كده مش هاطلب منه تاني
3050,"The bacon was undercooked, it was one of the badest experiences with them. It wasn’t worth the cost."
3051,"my order so cold , and salad not fresh"
3052,مطعم بلا هدف وخرورةرةرةرةرةرةرةرةرةرةرةرةرةرةرةرة
3053,تأخير الدليفري ٤٠ دقيقة خدمة عملاء مهزأة الاوردر وصل ناقص اللي ناقص في الاورد المتأخر ٤٠ دقيقة وصل بعد ساعة الاوردر وصل في ٣ ساعات ونصف منتهي السفالة وقله الادب في التعامل السعر المكتوب غير اللي تم تحصيله تم اضافة رسوم اضافية للدليفري
3054,تحفا
3055,This was the best experience ever thank you for the fastest delivery and the food was extremely delicious
3056,طلبت فرنش فرايز جالى دابليو بدون ماحد يبلغنى غير لما وصلنى الاوردر اتصلوا!!! و طعم مس حلو خالص
3057,مدة التحضير كانت طويلة
3058,It was not correct
3059,كان وهمي بجد
3060,استنيت ٤ ساعات والطلب مجاش اصلا
3061,الاوردر اتاخر و جه ناقص
3062,الاكل كان سيئ جدا كان بارد ومش طازه وغير مرضى بالمرا
3063,اتأخر وكان ناقص صوص
3064,they only gave me one sauce and i payed for extra
3065,الطلب ناقص
3066,Delivery Took so long
3067,The bread wasn’t fresh.
3068,طلبت الاوردر الساعة ٢ وصلي بعد الساعة ٤ وكان الاوردر جه من الداون تاون وانا في كايرو فيستفال يعني مفيش خمس دقايق بيني وبين الفرع ولما كلمت ال support اكتر من مرة قالي اصل الاوردر هيتاخر عشان جاي من كونكورد بلازا في شارع التسعين يعني بيقول اي كلام...
3069,it was late for an hour
3070,I DIDN'T GET IT
3071,fries came hot
3072,خدمه وحشه جدا .. اخر اوردر وصل فى ٣ ساعات
3073,الاوردر بيجي ناقص ودي تاني مرة تكرر
3074,الخيار المخلل زفر جدا جدا
3075,الاوردر بقاله ساعتين ولحد دلوقتى مجاش .. زفت
3076,الاكل وصل بعد ساعة ونص ولم يتم استلام الطلب
3077,الاكل عقبال ما جه كان ساقع جدآ
3078,الاوردر كان سائع وجالي غلط و١٥٠ جرام بدل ٢٠٠ اامطعم على وشك الهلاك والخسارة بالمستوى الفظيع ده
3079,Focus on the drinks at the other time☹️
3080,"They forgot to deliver my extra cheesy fries, although they promised the will re deliver it, but an hour passed and still no appearance"
3081,worst burger worst service stuff is too loud and place not clean at all
3082,bad taste
3083,Very good food and fast delivery
3084,الحساب جه ١٠ جنيه زيادة
3085,لقيت دبوس فالبرجر
3086,"Charbroiled was a bit smaller than every time but overall everything was really good, thank you"
3087,It was great order and everything was perfect. thank you!
3088,just a bit expensive
3089,التأخير في وقت الاوردر الخص اللي كان ملفوف بيه البرجر كان وحش وباين انه مش كويس خالص العلبة اللي بتكون مع كل سندوتش اللي بتحتوي علي طماطم وبصل وخص وخيار مخلل مجبوش منها مع اننا طالبين سندوتشين كان جاب حتي علبة علي الاقل معرفش ليه كدة
3090,was very late
3091,taste not as expected
3092,Driver’s attitude was horrible But the food as always was delicious
3093,order never arrived
3094,الطعام غير كافي
3095,وصل خطأ تماما وتم التواصل مع المطعم وتبديله
3096,I never received the Jalepeno sticks despite paying for them. I notified customer support. There was no follow up
3097,الاكل كان بايت وعملت شكوه
3098,Best burger
3099,The delivery is taking alot of time
3100,راجل محترم وامين 👍
3101,Need to be mre weld one
3102,Yes
3103,Driver didn’t have change and took a money portion
3104,الطعم والكميه مختلفه خالص عن فرع داون تاون بس الدعم الفني كلمني وكان بيتابع معايا علي مشكله وكانو ناس في قمه الزوق
3105,خدمة زبالة جابولي الاوردر ناقس و متاخر و لما كالمتهم اشتكي نيموني
3106,اوحش حاجة كلتها ف حياتى اكنى أكلت سندويتش بقالى يومين ناسية فى المطبخ
3107,انا طالب سندوتش انا جيلي البرجر في عليه من غير عيش طب هاكلو ازاي
3108,Excellent!!!!the sandwich was a little bit small or maybe I was too hungry 😋 any way it was another great experience with Buffalo burger
3109,البطاطس مجتش
3110,المشكلة الوحيدة اني مش هقدر أكل برجر غير من عندكم😁 بجد اكتشفت ان اي برجر اكلته من قبل كان بقابا برجر❤️
3111,السعر غالي
3112,"Soggy sandwich, no trace of Swiss cheese , melted all over the wrapping paper, carmelized onions was so little"
3113,Very late
3114,الخس المستخدم مش متقطع علي اد القطعه البرجر يعني شكل سي ومكنتش عارفه ااكل
3115,البرجر كان بارد
3116,الاكل اتأخر وكان بارد والكيس مقطوع !
3117,The app said the order was delivered and I called the restaurant and they said the order wasn't even accepted
3118,Missing a whole sandwich and fries from the order
3119,Al order na2s
3120,Jalapenno sticks were missing till now
3121,الاكل كويس بس وصلني بارد جدا خسارة 😓
3122,تحفة كالعادة
3123,Rastafari burger didn't have jalapenos in it.
3124,The sandwich was really cold
3125,"I ordered Shitake mushroom , the meal was cold ! Beside the buffalo fries was sticky together and not tasty at all."
3126,Chicken buster is not tasty at all need more progress in ingredients ❤️
3127,they forgot my 2nd cheese sauce
3128,Food was cold & the mozzarella sticks were old & cold
3129,اكتر ابلكيشن ممتاز اهتمام و سرعة و كل حاجه و طبعا المطعم نفسه ممتاز
3130,the order came missing the fries and with the wrong sauce
3131,took too long
3132,الاكل وصل متاخر و بارد
3133,8
3134,ال اوردر كان ناقص وملوش اي علاقة بالاوردر اللي انا طلبته
3135,driver is professional and friendly
3136,بقى زفت و يقرف يعنى ايه جوه الفرع و اقعد ساغتين عشان اكل و الاكل كمان يطلع بارد و يقرف اقسم بالله ما يستاهل فلوس ده غير النظام الى يقرف جوه الفرع و ٧٠ جنبه فرق خدمه الى هو انت اضلا الى بتخدم نفسك جوه الصاله
3137,البرجر جه محروق حرفيا من الأطراف و الorder جاى من غير الthousand Iceland sauce
3138,البطاطس الكرلي كانت محروقه شويه
3139,الاكل وصل بعد ساعة ونص
3140,الاوردر جه ناقص و البطاطس مش فريش خالص
3141,Late Delevery Madinaty branch sandwich cold and customer service below level
3142,لو كان سخن كان بقى افضل
3143,انا طلبت واحد double jab و بطاطس من فرع شبرا و بصراحة كانت افضل مرة فوق الممتاز بجد و الحاجات جات سخنة ياريت يفضل علي نفس المستوي الرائع ده عشان الفترة الاخيرة كان المستوي بدا يقل
3144,the order came to me without buffalo chips that i add to order
3145,The best restaurant that offer burger in Egypt 😋😋
3146,البطاطس مجتش كيرلى مع انى دافعه تمنها
3147,the taste was amazing but the portion was small
3148,great food. 4• because the fry's arrived cold
3149,Wrong order!!!i ordered it cholo’s and they delivered me barbecue.
3150,الفراخ نيه في الساندويتش
3151,الصوص كان قليل وطعم اللحمه مكنش حلو زي اللي ديما بطلبه من المطعم
3152,البرجر محروق والصوص قليل
3153,حلو بس بارد
3154,I loved it
3155,الساندوتش بقي سئ كأنكوا بتكروتوا
3156,Nothing came with the sandwich not even inside of it ! .. only a slice of burger
3157,The best fast food burger ever.. Every pound spent here is worth it to be honest. Keep up the good work and the quality guys
3158,The order came after 2 hours ( but was out of the restaurant after 1 hour so it sat with the driver for 1 hour and i live right in front of the restaurant ) Every time I order from here the order comes late (1:30-1:45)hours and the call center is no ...
3159,بافلو برجر مستواه قل كتير الاكل وحش اووووووي البرجر اللحم ال كان متميز بيه انه بلدي بقي زفت والفراخ زفتين والاكل بقي يجي بارد ومجلد ولا طعم ولا شكل ولا نيله دي اخر مره هطلب منه عشان الاوردر ال قبله كان بنفس القرف بردو
3160,Very good keep it up 😊
3161,They gave the order to the wrong house and I waited 4 hours for my order
3162,الاكل كان بارد والساندوتش طعمه وحش جداً
3163,thanks for the free cookie
3164,العيش صغر اوي والبرجر محروق والصوص قليل جدا ؟
3165,الاوردر جه غلط و طعم سيء جدا
3166,إلغاء من علي المنيوز
3167,ثلاث نجوم عاشن وصلتوه بدري انما السندوتش كان الخضار اللي جاي معاه مفيهوش خس والطماطم كانت سيئة
3168,سندوتش انيمال ستايل كان ناقص صوص بس الباقي تمام 👌🏻
3169,received wrong order but it was fine 🙂
3170,Keto sandwich came in bread
3171,الاكل طعمه وحش قوي و البرجر تحس انه محروق
3172,Gaaaaamed ❤️
3173,العيش مهري و طالب فرنش فرايز وجالي ديابلو فرايز ومفيش جوانتي للاكل من الاخر محدش يفكر يطلب من بافلو بعد الساعة 12 بليل لان الجودة لا ترتقي لمحل فول وطعمية
3174,it arrived cold
3175,The order was 3 Animal style and 1 Umami The whole 4 sandwiches came only the burger with some sauce on it. That’s it nothing more.
3176,الاكل سبب لى تسمم
3177,تأخير الاوردر
3178,جامد جدا جدا جدا
3179,Some ingredients were missing
3180,السندوتش حاجات من مكونات بتعته اصلا يعني كاتبين حاجه وبعتين حاجه
3181,"The fries wasn’t fresh and was too oily, even though normally it’s perfect but yesterday wasn’t that good at all!"
3182,The fries were extremely cold
3183,طلبت الساندوتش ف خس بدل العيش ، جالى ف عيش برضو ! البطاطس بارد و مجلد جداا
3184,the food was so cold
3185,😍😍
3186,Tasted very good and the portions where great the delivery wasn't to slow and the combo is very good for the value
3187,الطيار جاب الاكل سخن و سريع ومحترم شكرا جدا
3188,The frozen burger is full of fat. They are not the same burger patties as in their burger sandwiches.
3189,"Food was so cold and tasted like a 100 year old burger , as well as too expensive and not even worth a nickel. Buffalo Burger was one of the top burger places in Egypt to me, but now I take it back im extremly dissapointed"
3190,I didn't get my voucher no one helped as they claim
3191,food came cold fries very bad
3192,الاكل كان حلو .
3193,اتحسنتو كتير عن اخر فترة كان الكوالتي باظ رجعتو تاني ظبطو الدنيا لكن ضروري ضروري تحلو مشكلة الوقت مش طبيعي حد يستني ساعتين كاملين عشان اوردر اكل
3194,Lovely
3195,ط
3196,✔
3197,كبير جدا
3198,وقت التوصيل كبير جدا
3199,جامد و نضيف
3200,احلي برجر ❤️ 😍😍😍😍😍😍😍😍😍جربت انواع كتيير. اكتر برجر عجبني برجر هيشتيكر فظيييع تحفه بجد
3201,الاكل حلو وطيار محترم
3202,لو يبقي سخن كنت هفرح اكتر
3203,زي الفل
3204,Came in a bit late.
3205,The sandwich buns were too watery as if someone poured water on it and the support didn’t help and nobody replaced the sandwich and I won’t eat that shit Definitely will report both menus and buffalo for this
3206,الاكل مكنش حلو خالص
3207,I chosd pepsi can with my order and what came was 7up
3208,w
3209,احلي برجر في مصر
3210,"fries were soggy, felt like they were cooked the night before"
3211,التوصيل بطيء جدا وبيتأخر
3212,Gave me food poisoning
3213,Poor food
3214,ابلكيشن ده اسوا دعم فني شفتو فؤ حياتي والاكل بارد مش دافي حتى لا بارد
3215,Fries were cold and melted cheese too salty. Couldn't eat it. Burger was fine.
3216,الاوردر وصل اااكل طازة و حلو و المندوب محترم ،غير ظبعا كانرفي هدية شنطة كانت مفاجأة حلوة
3217,مكنش فيه باج
3218,Not enough sauce
3219,I didn't receive the rest of the order
3220,قرف وتسمم حرفيًا، محدش ياكل عند المقرفين دول
3221,it was supposed to be 190 then changed to 215 at last minute and I couldn't cncl
3222,ممتاذ
3223,في صنف مجاش
3224,it was good but a little exspensive for the amount of food.
3225,الاكل سخن و جميل وخدمه ممتازه الف شكر وكل حاجه كانت موجوده جلافذ و صوصات ❤️
3226,السندوتش بارد
3227,Z
3228,It didn’t come with the gloves
3229,Order arrived very cold . Poor taste
3230,taste is perfect
3231,deliciously food. Thanks a lot Buffalo 🍔.
3232,الاكل واصل بارد جدا وملوش طعم
3233,شكرا على الاوردر كان حلو جدا
3234,م وقت ما اكلت و بطني تعباني جدا و صاحبتي ا‘قالتلي انو اخر مره اكلت م عندكوا تعبت بردو
3235,fries cold and food a little bit greasy
3236,االاوردر اتأخر عن ميعاده وصل تقريبا بعد ساعتين وربع من طلبه .......الساندويتشات بارده جدا وغير مخدومه بشكل جيد والبطاطس بارده جدا
3237,Excellent portions . Good value for money .love their potatoes
3238,Order came after 1 hour which is very late! And it came missing items that I had ordered!! And of course the food was cold. One of the worst ordering experiences I've had. Never ordering here again.
3239,Perfect as usual 🥰
3240,الاوردر كان ناقص؟
3241,مكان جميل جدا جدا جدا ونظيف جدا جدا جدا وممتع للغايه ووجباتهم روووووعه ومميزه وخدماتهم ممتازه وخدمتهم فى قمة الزوق والادب .. شكراً ل جميع عاملين مطعم Buffalo Burger
3242,Sandwich was too bad
3243,تسلم ايدكو 😋❤
3244,"Everything was good, but the bread was not as usual."
3245,"The vegetable box with tomato/onions/lettuce was almost empty for all 4 sandwiches, almost no mushrooms in all the 4 bacon mushroom jack, not their usual"
3246,اول تجربة ليا وكانت حلوة جدا
3247,انا لاغير الطلب
3248,الاوردر ناقص بيبسي والساندوتشات مدلوقه جوه الراب
3249,Burger was too bland..totally tasteless
3250,The mushroom sandwich was as burnt
3251,الأوردر وصل مش مظبوط عدد قطع الهوت دوج ناقصة والمشروم قطعتين حرفيا اسوا اوردر من بافلو بقابي كذا سنة
3252,Comments relayed back already
3253,الاكل كان كويس جدا و الكمية كويسة
3254,the shitske was bad . animal style was good
3255,didn't come / late delivery after one and half hour asked me to wait for more 45 minutes so I decided to cancel as they let me on phone more than 17 minutes to tell me the reasons of being late due to shortage of food packages and resources
3256,na
3257,انا اتمذجت
3258,طعم الاكل جميل جدا
3259,Order was VERY cold. And it’s all fried so almost none of it was eaten
3260,V good
3261,طلب مع اللودر بطاطس وماجتش
3262,الفرايز صغيره
3263,حاجه سيئه جدا
3264,The delivery man was rude!
3265,they didn't bring any sauces with the fries even the cheesa that i ordered
3266,it tastes like nothing. So bad.
3267,اول و آخر مره هجيب من بافلو بسبب التوصيل و الأكل كميته مش كافيه
3268,تقيم صفر يعني ايه لا يوجد توصيل حدائق المعادي هو بيختار الناس اللي هيقدملها الخدمة ومن فين
3269,الطعم مش هوه
3270,Order total on the app was 162 restaurant took 169 EGP
3271,I did not receive a lot of things with my order. The fun bad was missing for the second time!! No sauces although they are in the offer. There is a missing pack of vegetables as well. Not going to use the application again
3272,طيار غير متعاون
3273,Zeft
3274,I did not receive my fun bag
3275,Very bad and you didn’t follow my request to bring french fries instead of diablo fries check was 10 LE more however I didn’t get french fries Order was very cold and sauce was spilled on Pepsi can
3276,the food was really cold and not fresh .. and the bconon and mashroom is not fully cooked ... this is the first time to receive it that way from buffalo burger
3277,العرض وصل من غير بوكس والصندويش طالعة الصوص منو ومتخبص
3278,طلبت الشنطه لونها اسود ولم يتم الاهتمام ولم يصلني اللعبه مع العرض
3279,حلو اوي بس غالي اوي برضه 😂😂
3280,fydygui4d
3281,Wooow
3282,سئ والاوردر جه ناقص
3283,الطلب ناقص بطاطس 💔💔💔
3284,"the bacon was not cooked well and was too much , it should be a layer of bacon not stuffed with bacon also the burger was not well done, I am sorry to say it but you guys used to be the best in burgers , but you are loosing it !!"
3285,ba
3286,مكونات السندوتش قليلة
3287,وصلني بارد الطلب واللحمة ، أكره برجر آكله بحياتي
3288,اختلاف طلب السعر عالبرنامج 162 والمندوب خد 172 بيقولي توصيل
3289,البرجر كان محروق اطرافه
3290,delicious food and faster delivery
3291,"I ordered double diggler and it’s by far the worst sandwich I’ve ever had, the chicken strips were so bad, cold with black spots and I believe some were raw too that i threw it away."
3292,"They sent me wrong item and I call customer service, they said will send you a replacement but they didn’t"
3293,worst experience
3294,e
3295,البطاطس مش حلو وله سخن خالص وكول سلو وحش جدا مفيش مايونيز وله حزر
3296,الاورد جي ناقص
3297,للاسف المستوى ف النازل
3298,"Worst delivery experience I ever had. The order arrived after 2 hours and arrived cold. I refused to receive the order. The delivery guy was rude too. I called customer service who insisted to send a new order. The new order arrived in 20 minutes, an..."
3299,العيش كان مفرول اوى بس بغض النظر عن ده كل حاجة تانية كانت جميلة
3300,thanks for the extra gift
3301,رائع على عكس اخر اوردرات تم طلبها
3302,مش زي ما طلبت والتشيكن مش مستوية كويس وكمان مش اسبايسي
3303,الاكل مش بنفس جودة الي بيجي لما اطلب بره التطبيق او خارج عرض خصم
3304,وصل بارد ومتأخر جدآ
3305,No ranch sauce with onion rings
3306,the burger was awful I couldn't eat it. it was cold and the texture was terrible it was just a freezer burger from a packet. the cheese sauce was awful it was congealed and old I thre it away immediately. not clean gave me stomach ache.
3307,delivery man is a good one 👍☺
3308,"Order was not complete, no tissues or ketchup or sauce as written in the offer"
3309,The order was missing a sandwich and a lot of covers
3310,potatoes was very bad
3311,Fries before was good
3312,very good 🤍🤍🤍🤍
3313,مش معني إن الاوردر معمول بعد الساعة ١٢ انو يوصل بالمنظر دة و الطعم دة
3314,الاوردر اتاخر عن الوقت اكتر من نص ساعه
3315,The gift in the fun box is miserable
3316,"missing 2 buffalo chips, reported that to your team and the restaurant and was informed that it will delivered after that, it's more than an hour and nothing is here"
3317,الاوردر كله كان العيش بايش والبصل كان ناشف جدا ومكنش كده ف اي اوردر قبل كده
3318,vbnn
3319,ساعتان علشان يجيبوا اللوردر
3320,Fries was so bad and cold
3321,اوردر سئ ساندوتشات كانت سئ جدا واحد فيهم كان فيهم قطعتين حار وانا طالبه عادي شكلهم وطعمهم سئ كان باين انها بابته مش طازجة واصابع فراخ واحده فيهم فيها دم تجربه سئ اخر مره هطلب منكم
3322,الطلب اتاخر جدا وصل بعد ساعتين ونص وصوص الجبن بايز ورحته معفنه
3323,مفيش علب الخضروات مع الطلب وطعم مش كويس ومش سخن
3324,Late delivery + wrong order + very bad quality and taste!!
3325,الاوردر وصل ناقص من غير الصوص ومن غير علبة الخضار اللي بتيجي مع الساندوتش خدمة زي الزفت ومش اول مرة يحصل ارجو الرد ع الشكوي
3326,الخس ريحته كله كلور
3327,انا بطني بتتقطع حرفيا و صحيت من تلنوم التعذب من وجع البطن و خايف ليكون جالي تسمم حاسس اني عاوز ارجع الاكل حاسه مش نضيف
3328,PERFECT
3329,The fries was not cooked.
3330,مقبول
3331,البطاطس مكنتش سخنة ولا فريش
3332,delicious 😋 😋 😋 😋 😋
3333,الاكل كان حلو بس كان بارد
3334,very bad packaging
3335,غالي علؤ الفاضي
3336,Meh
3337,The order is missing please contact me
3338,الأوردر أتأخر جدا
3339,كل حاجه حلوه ماعدا السعر 😂
3340,ك
3341,الاكل مكنش سخن
3342,تشيزي فرايز طعمها وحش جدا و زفرا جدا
3343,اولا طلبت سندوتش زي طلبت عشرة هو هو نفس الوقت بيتاخر زيادة عن اللزوم بس النهاردة بقي حرفينا البرجر جالي محروق بمعني الكلمة لا الودر كان كوبس ولا وقت التوصيل كويس بصراحة حاجة زي الزفت وللاسف مكنيش قدامي وقت ارجع الاكل لاني كان عندي تمرين ومكنيش عندي
3344,متأخر ٤٥ دقيقة
3345,برجر اللحمه كان تحفه انما الفراخ مكنش حلو اطلاقا والفراخ مجلده
3346,"Worst experience ever. The order arrived after 2 hours, and was cold. I returned it and called the customer service, who sent a new order with full charge, no compensation, no apologies"
3347,الساندواش جميل بس البصل والطمام اللي معاه مكنوش فريش وسلطة الكرمب اللي. معاه مكنتش مطبوخة اتمنى يكون احسن من كده
3348,"Too much mayonnaise & mustard, too little size for the cost"
3349,الطعم حلو بس بيتاخره جدا
3350,Amazing experience
3351,perfect!! thank you so much
3352,The sandwich and fries were both cold The burger smelt bad Was horrible
3353,اخر اوردر جابلي تلبك معوي الحمد لله من امبارح مش عارف اكل حاجة
3354,الاكل محروق والشيدر طعمها مش حلو طعمها جبنه رومي
3355,عظيم جداا
3356,order not come after 3 hours
3357,missing thousand island sauce but other than that perfect quality and amazing taste.
3358,الاكل محروق
3359,"didn't receive the funbag, received only the contents."
3360,قالوا انه فيه صوص ثاوزاند ايلاند فري الي لصلا طبيعي بينزل مع البطاطس و ما جاليش خرا علي دماغكم
3361,it took FOREVER to arrive it was like 5 and it arrived at 9 and the food was so cold
3362,very good in all aspects.
3363,Did not receive mustard!
3364,ريحه البصل زياده عن اللزوم
3365,Was the worst food experience I have ever had Never buying from buffalo again
3366,cold sandwiches and freskies
3367,onion rings not seasoned
3368,الديلفري حاسبني على فلوس اكتر من اللي كانت ظاهرة في الابلكيشن
3369,طالب بطاطس ديابلو جاتلي بطاطس عادية وكلمت خدمة العملاء بيقولي مشكلتك مع المنيوز مش معانا بقوله ازاي وانا مختار ديابلو وف الرسيت مكتوب كدة يقولي برضو مشكلتك مع المنيوز مش مع المطعم وبعدين قالي خلاص هشوف المشكلة دي واكلم حضرتك وقالي كدة علشان يريح دماغ...
3370,العلب كانت مفتوحة و الصوص مدلوق بره، و الكيس الورق كان بايش من تحت و بينقط و مبهدل الدنيا
3371,Bad quality and missing items
3372,The price has changed
3373,الاوردر وصلني ناقص الصوص بتاع البطاطس
3374,meat quality has gone bad
3375,Great food
3376,الأكل جميل بس الأورد جه غلط سندوتش صح وسندوتش غلط
3377,الساندويتش جميل ومخدوم حلو بس حاسس انه كان ممكن يكون أحلى لو فيه بيض وخس اكتر
3378,The juice was open and spilled inside the bag and there was no ketchup
3379,تحفه تحفه من احلى واطعم البرجر اللى ممكن الواحد ياكله
3380,Love the meal
3381,They forgot my fries
3382,الاكل كان طعمه جميل
3383,الطماطم كانت بايظة
3384,❤❤❤
3385,تجربه وحشه جدا تاني مره في خلال اسبوع الاكل يوصل متأخر و مافيش اي متابعه من المكان غير بعدها بساعه !! طبعا نتيجه دا الاكل وصل بارد و طعمه يقرف الساندويتش معجن و جه حجمه اساسا صغير عن الي طلبته تجربه مش هتتكرر تاني ابدا !!
3386,اول مرة اطلب السندوتش ده و يطلع وحش مش عرفة المشكلة في مين في الابلكشين و لا فيهم لان علي طول بطلوب من اطلب بيكون حلو جدا
3387,الفراخ مكانتش مستوية وناشفة كأنها اتقلت كذا مرة والبطاطس كأنها مقليه من فترة طويلة
3388,غير مهني بالمره
3389,مجابشي بيبسي مع اني طالب كومبو
3390,Late delivery Good food
3391,الطلب وصل بارد يدي الغاثي
3392,حلوه جدا
3393,The driver didnt have any change on him
3394,"Delivery man was not professional, he came with another person and take more than written on the invoice"
3395,غير طازج وسئ جدا
3396,this is un proffesional overall
3397,اكتر من ممتاز جوده و طعم تحفه
3398,مش زي باقي الفروع الاوردر مكنش حلو وريحته مش لطيفه والتقديم مش حلو والمندوب اتصل بعدها يعاكس
3399,وقت التوصيل كان اكتر بكتير من الوقت المتحدد على الابلكيشن الاكل مكانش سخن، كان محروق شوية
3400,The burger w
3401,No lettuce but the food was amazing
3402,من احلا المطاعم
3403,The onion rings weren’t so good
3404,الفاتوره غير المكتوبه في الابلكشن
3405,البرجر كان محروق البطاطس كانت بارده وبها طعم زيت سيء جدا
3406,food was so cold
3407,البطاطس شكلها وطعمها وحش اوي
3408,perfect as usual
3409,Burger was great. Fries wasn’t good at all.
3410,Worst curly fries and cheddar cheese ever 👎👎👎👎👎
3411,البطاطس بايته و وحشه جدا
3412,awful fries
3413,It was deliverd cold!
3414,Best of the best
3415,ساندويتش الدجاج كان سبايسي وسيئ للغايه
3416,الطلب جه ناقص السلطه وكلمتهم قالو هيبعتوها ومبعتوش حاجه
3417,Food quality is not as good as it used to be
3418,البرجر محروق ومالح
3419,Taste was not as expected
3420,the cheesey frize have a lot of salt 😡😡
3421,received thousands island instead of mayonnaise
3422,Very very bad
3423,كويس، بس السندوتشات شبه بعضها..
3424,تم تذويد سعر الاوردر عن التمت المعلن والمفروض ليا خصم مع اول اوردر
3425,الأوردر وصل بدون طبق الخضار!!
3426,love buffalo burger 💙 but recently noticed delivery agents are not that hygienic anymore! and that was one of the reasons which made me order it nowadays! hope it returns to be good and selective as in the past! thnx💙
3427,مافيش خضار مع الاكل ولا مناديل سندوتش فاضي من المكونات
3428,البطاطس قاسية جدااااااا
3429,البطاطس كلها متجمعه على بعضها كل 3 قطع لازقة ببعضها عاملين كتل كتل والبطاطا مقرمشة وقاسية جدا
3430,"Delivery & taxes value are increased after ordering, overpriced according to value"
3431,Cold sandwich and tasteless
3432,Perfect as usual
3433,not as I expected at all unfortunately
3434,الطلب جه فى غلط
3435,ليه ما بقاش في فرايز عادية في المنيو ☹️
3436,حلو اوي ياريت لو تدوني سندوتش هديه😂
3437,اللحمة كان فيها ريحة زفارة
3438,"Amazing!!!! I ordered the hitchhiker and what surprised me is that it looked so close to the picture on the menu , it was a huge burger , it was not that hot which disappointed me a bit and also they took about 1 hour to serve the burger but it was w..."
3439,Didn't arrive
3440,*
3441,nice
3442,request no cheese and they couldn't manage this. cannot eat the burger. received no replacement or refund. so wasted my time and money
3443,عدم التوصيل
3444,the ckicken wasnt that good
3445,لاول مرة فى حياتى اطلب من بافلو ويجي الاوردر علبة السلطة فاضية ومغلفة فيها شريحتين طماطم فقط ده مؤشر خطير جداااا لمستوى وجودة المطعم وعلى فكرة الغرض لتصحيح الخطا معايا صور الطلب وهو مغلف وفاضى لو حبيتوا حد يتواصل معايا وابعته ليكوا
3446,عايزيين عرض ال120 جنيه تاخذ خصم 40 جنيه يرجع ياباافلوووووووو لييكم وحشه
3447,البرجر كان ناشف جدا و تقريبا مكنش فيه صوص
3448,Best burger very delicious................
3449,الكول سلو ماجتش 💔🤦🏻‍♀️
3450,الكيزر كان باين اوي انه مش بتاع المطعم و شكله بايت والبطاطس بالجبنة متتطلبش دليفري ابدا من الاخر منصحش حد يطلب منهم بدأ من الساعة ١١ مساء علشان الاوردر هيتعمل اي كلام وهياخدوا ساعة كاملة
3451,tggc
3452,"Very very long waiting time, even longer than when ordering from buffalo burger on otlob or from their hotline"
3453,ممتاز جدا
3454,مفيش صوص مع الشيبسي
3455,تجربة سيئة جداً جداً جداً، الفراخ بايتة ونشفة جداً تحس بيطلعوا بواقى الأكل، عمرى مهكلوا تانى
3456,good hjjjhhhh
3457,سيئين لاقصي حد... يعني الاوردر يتنكنسل مرتين out zone مرة فيهم اضطربت اروح عند واحدة قريتي واطلع ع الشارع الرئيسي عشان اعرف استلم وبردوا يتنكنسل دة يبقي عدم احترام
3458,worst experience worst customer service!!
3459,Ordered combo came sandwich
3460,السلطة جت حامضة
3461,the delivery took soooo long
3462,Chicken fingers didn't served with ranch sauce as described in the menu
3463,messed up my order several times got normal fries instead of onion rings and got my burger without the vegetables package
3464,I paid for stuff I didn’t get.
3465,وحش قوي وملهوش طعم وحاسه البرجر طعمه غريب
3466,طلب ناقص بيبسي وكاتشب
3467,El akl kan bard awii
3468,السندوتشات جايه فيهم حاجات ناقصة، والاورد جاي متأخر ساعة، وده اخر ريفيو حكتبه قبل مماسح الابليكشن اللي بقت تحرق دمك كعميل اكتر متقدملك خدمة. قلة فهم وعدم احترافيه وفعلا فشل.
3469,وقت كتير
3470,the delivery man didnt deliver the meal to the door step . i sent the office boy to take it from him which is totally unusual.
3471,ناقص خس ف السلطة
3472,السلطة كانت مفتوحة
3473,Taste is good but expensive and delivery took too long.
3474,الاكل بارد ومالوش طعم والبطاطس وحشه جدا
3475,Delivery time is very bad
3476,very cold
3477,This sandwitch B Dog should be removed from the menu. it is tasteless.
3478,the fries was awful and not made the usual crunchy way. the chicken sandwich was good
3479,very expensive
3480,للأسف المستوي انخفض جدا. ياريت التطوير للأحسن
3481,الدليفري كان سيئ
3482,حشره طأئره بالاكل
3483,not good as usual
3484,جالنا اسهال بقلنا كام يوم بنتعالج سئ جدا
3485,I order to change Pepsi to Pepsi diet and I receive Pepsi not diet as I ordered and they take extra money
3486,Good sandwich
3487,"Unfortunately with the reduction of some of you sandwich sizes, especially the 400 grams sandwich, it is no nothing but a shadow of it’s former self :("
3488,Was supposed to be chicken not burger
3489,"The food came cold , the delivery was late"
3490,Like
3491,اول مرة الاكل ميعجبنيش اول مرة كان احسن و كمان لاقيت قطعة بلاستيك داخل الساندوتش ايه القرف ده
3492,The whole food was very delicious but the fries wasn't fresh and disgusting but the sandwiches were perfect
3493,i payed for an order 200 EGP and they didin't even get a fries or a pepsi. should i pay 200 egp and pay for fries and pepsi too or what?
3494,الاوردر كان ناقص المعلقه وعلبه السلطه
3495,"I paid for the order with a voucher I had which was tailored to cost same value of the order, but there was a problem in the restaurant so they didnn't apply the whole value of the voucher."
3496,الأكل بارد و غير متبل
3497,I added cheese sauce in my commen but they didn’t get it
3498,"I haven't had it, never arrived"
3499,tasty
3500,Unpolite driver
3501,"fresh , hot & served well"
3502,البرجر كان متعجن فى الكايزر
3503,Stomachache!!
3504,"For second time, I received my order late for more than half an hour, after long conversation with customer service representative here in the app!!"
3505,The cheese on the muscular was terrible.
3506,missing food In the order and pepsi
3507,ناس محترمة وعمري ما اشتكيت منهم
3508,اسوء مره كلت فيها ومش هطلب منه تاني خالص السندويتشات معجنه و البطاطس معجونه خالص 👎🏻👎🏻👎🏻 كنتو احلي مطعم بالنسبالي
3509,the food was good. but ir arrived late
3510,الاورد جالي ناقص والساندويتش الورق بايش ولازق فيه
3511,الفراخ كان فيها حاجات سوده ومليانه زيت وطعمها وحش جدا، العلبة اللي فيها الطماطم والخضار كانت مفتوحه وواقعه جوا الشنطه
3512,الخضار كان سئ جدا
3513,الطماطم والبصل حمضان وظهرلي ف الأبليكيشن سعر وبعدين الفاتورة كان سعر أزيد
3514,forgot to pack the whole order and takes too long time to deliver the forgotten items
3515,The order took more than 1 hr to arrive 😞
3516,تحفه بجد
3517,I made my order at 7 pm and it was missing the sides. I had to call 5 personnel chat with 3 to get my order replaced. It arrived later that day at 10pm. Customer service/satisfaction has reached rock bottom. they're computer programmed and don't eve...
3518,البطاطس وحشه جدا جدا جدا
3519,Received items that I have not ordered. They tasted so bad and the meat in the sandwich tasted awful!!
3520,sandwich was good chips were not value for money
3521,Nice burger but the buns were so soggy.
3522,👌🏻👌🏻
3523,There was bbq sauce in my sandwich instead of buffalo sauce and i dont like barbecue.
3524,the order was missing cheddar cheese
3525,i think it doesn't taste good like before
3526,اسوأ خدمه و اسوأ واخر مره اتعامل معكوا حرفيا
3527,الأوردر وصل متأخر جدآ وبارد وناقص بيبسى وبطاطس
3528,Too late for delivering the order
3529,اطراف البورجر كانت محروقه اما الفراخ كانت ناشفه جدا
3530,Thé worst burger worst chicken strips worst mozzarella sticks
3531,المطعم كاتب انه بيوصل بس بعد ما ضيع وقتي و جهزت اوردر قالولي مش بنوصل يا ريت تبطلو تخلف بقى و تكتبو تفاصيلكو مظبوطة احنا مش بنستخدم الابليكاشن علشان تعطلنا زيادة
3532,الاكل كان مقلوب على بعضه
3533,الطلب جيه من غير gloves الجبنة بتاعت الفرايظ واقعة برا العلبة. الاكل مش سخن.
3534,So Good 🤤🤤
3535,Love it
3536,قرف ومكان معفن اوي كمان
3537,dry burger not juicy at all with no flavor whatsoever
3538,الاكل جه سخن وتحفه كالعاده 🥰
3539,order was missing an item
3540,Good service
3541,I didn't recieve the order at all
3542,It took forever
3543,No tissues No straw No fork or spoon for coleslaw
3544,الاوردر وصل ناقص من غير بطاطس وكلمت بتاع الدليفري قالي هشوف وكلمت خدمة العملاء مرتين ومحدش كلمني ولا عوضني بأي حاجة ولا حتى اعتذار ودي آخر مرة اعتمد فيها عليكم
3545,برجر سئ معجبنيش والبطاطس مش حلوه اوي دي كانت اول تجربة ليا زي الزفت
3546,"The worst burger , worst mozzarella sticks , worst chicken bites"
3547,البطاطس سيئه
3548,البيتزا كانت عجين فاضي والبرجر سيئ
3549,التغليف لم يكن جيد
3550,the driver took tips in terms that he doesn't have change very untidy not clean at all
3551,الاوردر جه غلط وكلمت الsupport قالولي هيبدلوه ومحدش جه
3552,l
3553,طلبت حاجة وجت حاجه تانيه
3554,The driver was not friendly
3555,خد ساعة ونص على ما وصل، الساندويتشات مش مكتوب عليها ان انواعها، الدعم ماعملش حاجة.
3556,Nicely
3557,Food was excellent
3558,مش حاطين الجلفز اللي بناكل بيها ولا مناديل ولا اي حاجه من دي وفالوصف بتاع السندوتش انه محطوط حبه مسطرده صغيرين ..كان بشع مش حاسه بحاجه غير المسطرده من كترها .. بثيت عماله امسحها من السندوتش مكن احس بطعم حاجه تانيه غيرها بس اتقرفت فعلا واللحمه مش طازه...
3559,Later arrival but good food
3560,The order was so bad quality
3561,البرجر كان محروق شويه والموتزاريلا ستيك مش فريش كان طعمها سئ الباقي جميل
3562,The sandwich didn’t look remotely close to what it looked like on the menu. It didn’t even look appetizing
3563,يعني ايه ادفع ٢٦٠ ج ف ٢ ساندوتش بعد الخصم ٢٢٠ج و معهمش بطاطس ولا بيبسي
3564,High value
3565,جالي كولسلو بدل التشيز كب
3566,طلبت فرايز بالجبنة كان فيها حشرة تجربة بشعة و حقيقي مش هتتكرر
3567,مش حلو
3568,البرجر كان متطبق و متهرس
3569,bring back the 2500 gm
3570,تحقة بجد
3571,الطلب جه غير مانا طلبت تمام .. مع اني دفعت فلوس لحاجات اكسترا .. الا انها ماتعملتش واخدوا تلفلوس
3572,good packaging
3573,البيبسي كان مفتوح و واقع على الاكل كله كان ميتكلش
3574,البفلو صوص جامد جدا جدا جدا و الاتشكن باسترز حلو اوي و صوص الرانش حلو جدا بس صوص الجبنة الشيدر مفهاش شيدر تعمها جبنة نستو خفو من الجبنة النستو و البطاطس حلوة جدا و الكورسلو احلي و الشبسي خطير
3575,Always top notch
3576,The burger is not good
3577,تشكين باسترز الفراخ كانت ناشفه والصوص فيه هو واولد اولد سكول كان قليل الطعم كان ضعيف
3578,شكرا الطعام كان جيد جدا
3579,It never came
3580,لتت
3581,Good app
3582,great!
3583,الاكل بارد و متاخر والبطاطس وحشه
3584,مش مستوى كويس ..اللحمة كانت بالدهن بتاعها ..
3585,HiHi
3586,I ordered a plain burger sandwich without additions on the kid's meal but it was full of additions like cheese. My son refused to eat it
3587,الطعم كان كويس لكن الكمية غير كافية بالنسبة لتمن السندوتش
3588,The food was very cold !!
3589,اتاخر جدا جه بعد ساعتين كان م بقي بارد و مجلد و يستاهل الرمي
3590,Driver asked for extra fees as he went to different location based on the app
3591,Old vegetables
3592,قللو اسعاركو شوية احنا مش ولاد سويرس
3593,تأخير مش طبيعي في الاوردر
3594,لقد طلبت تغيير العنوان من خدمة العملاء واكد انه غيره ولكن لم يغيره ولم يصل لي الاوردر
3595,واضح ان إدارة بافلو بقت من سيء إلى اسوء الفرايز لو عايزها عادية لازم أطلبها بالجبنه طلبتها من غير جبنة وفعلا يعني ما تتاكلش مستواكم بقى غير مقبول للأسف
3596,"I ordered ranch sauce along with my order but got a different sauce instead. Called customer service, they apologized and said they’ll send the right sauce this time however this next time i also got a different sauce and i got it almost an hour afte..."
3597,Gamed
3598,Taste was not good at all
3599,اسوء مطغم و اسوء طعم بجد الاكل محروق و مقرف
3600,Vegetables were rotten
3601,The worst customer service and delivery ever
3602,The worst customer service and delivery ever اوردر جاى غلط و كلمتهم اول ما الديليڤرى نزل و اعتذروا و قالو هيتصحح الغلط و هيبعتو فى اسرع وقت (ثمن الاوردر الصح اتدفع بالفعل) لكن أن الاوردر يفضل ساعه و ربع علشان يبعته و فى الاخر بعتو الفلوس الفرق فقط ...
3603,really good
3604,ليا باقي 5 جنيه
3605,"Awesome, but very slow delivery"
3606,بيبسي ناقص وطبق طماطم وبصل الي بيتحط علي البرجر ناقص مفيش تركيز للاسف اسعار عاليه علي الفاضي
3607,order took alot of time for some fries and onion rings till they arrived and they were very cold plus fries has no tatse no spieces and not crispy as usual totally was a very bad order
3608,Expensive
3609,the meal came without coleslaw.
3610,wonderful 😊
3611,The driver was too rude and treated me so impolitely
3612,البطاطس بارده جدا كول سلو بايظ
3613,I ordered the sandwich without cheese but it came with cheese and it was cold
3614,so good i live its
3615,not hot at all
3616,التوصيل اخد اكتر من قيمة الاوردر المتفق عليه واضح انه انسان غير مؤتمن
3617,هو حلو بس السعر اوڤر
3618,rff
3619,طلبت البطاطس كيرلي وجاء مع الطلب بطاطس عادية
3620,"Order was late, Food was cold and Soda was warm."
3621,"very small portions regarding to price, I don't recommend it."
3622,I wasn’t hot
3623,burger was't well made
3624,better additives are needed for chicken ditch sandwich
3625,الاوردر كان جاي غلط ده غير ان الاكل مكنش معمول كويس خالص
3626,not hot
3627,المكونات كانت معجنه علي بعض
3628,وقف على 3جنيه أقوله ثوانى ياخدهم من جارتى واحرجنى ينفع
3629,But they took a long time
3630,التوصيل كان متاخر جدا والاكل مكنش سخن زى كل مرة
3631,I asked it to be without tomatoes but he just removed everything you know except the chicken and the buns
3632,الطلب مش زي ما مكتوب الطلب جالي برجر و عيش و خص فقط !
3633,اكل سئ ، خدمه اقل ما توصف به انها رديئه ، فعليا لا توجد قائمه كيتو ، مجرد دعايه زائفه
3634,Myy faavvv🥵♥️
3635,"Food was disgusting and veryyyy cold and the worst food ever , worst meal in my life"
3636,The coleslaw was expired
3637,The food was perfect but it take so long to be delivered
3638,not good
3639,زى الفل
3640,الساندوتش كان محروق
3641,الاوردر وصل بارد جدا تلج و البطاتس الكيرلى كان طعمها مركونة بقالها كتير .. اول مرة اطلب و يجيلى الاوردر سىء كده
3642,The food was cold and burnt.
3643,الأكل كان بارد وطعمه مجلد ومش مستوى كويس وفيه ريحه وطعم زفاره
3644,Tohfaaaaa
3645,ماجبش كان البيبسي والطعم سئ
3646,the best burger ever
3647,they brought 7up instead of diet pepsi.. i contacted the restaurant with no action
3648,the worst order i’ve ever had the presentation is horrible the customer service are useless
3649,"I ordered cheese fries, and the cheese was a bulk of cheese over a mountain of fries, it wasn't cheese fries at all"
3650,"cole slaw was spoiled , curly fries aand sandwich were very bad and not fresh.. packaging was also bad they r not as good as before"
3651,❤
3652,كنت طالب سيكريت جالي هايتش هايكر
3653,customer service horrible and not useful
3654,الساندوتش معجن بطريقه بشعه
3655,الطعم مختلف عن كل مره والاكل جاي بارد والبيبسي سخن
3656,Coleslaw was expired
3657,الأكل بارد
3658,البرجر كان ناشف جدا over cooked كنت طالب بطاطس بالجبنة المفروض يببعت جبنة بس مابعتش الكول سنتر بتاع بافلو لما كلمنى قالى ان نوع البطاطس اللى انا طالبها ماينفعش يحط عليها جبنة وكان عايز يكنسل الطلب فمنطقيا المفروض يبعت الجبنة اوت
3659,تم تغيير قيمة الطلب واحباري على دفع مبلغ ازيد بحجة تعيير تعريفة التوصيل
3660,تسلم ايديكم
3661,Not the best meat. But correct order
3662,It's was cold and not tasty at all
3663,rude driver
3664,كله تمام
3665,الاكل حلو و كمية كفاية و الخدمة حلوة
3666,Got a serious case of food poisoning from the mushroom sandwich.
3667,The food was great but they need to respect the delivery time. The customer is not free all the day to wait for his order. Same time the delivery guy didn’t wear the mask.
3668,we received the sandwich very called how ever we have Buffalo branch in hadayek al ahram
3669,Helw aweeee
3670,everything is perfect. I hope you always keep this up!
3671,مستوي ثابت
3672,السندويشات كانت روعه وافضل من ماك وهارديز بمراحل
3673,"The lattice wasn’t fresh, was too wet and i had to remove it and didn’t eat it"
3674,Really have a bad taste
3675,Very nice
3676,سيء و غير طازج و بارد
3677,I found a plactic cover of cheese in side the sandwich
3678,The fries box was open
3679,"they neglected my note about writing the name of the sandwiches or even checking them on the label, everything else was good."
3680,Zay alfol
3681,الاكل غلط وجى متاخر جدا وحاجه صعبه جدا
3682,diablo fries not fresh and cold & sandwich cold
3683,لن اتعامل معهم مرة اخرى ، مندوب التوصيل حرامي واخد فلوس زيادة عن المطلوب و قالي انه لا يحمل الريسيت و اتصلت بالفرع لا يردون
3684,لخبطه في الحساب و في العرض مش المفروض تحمل على العميل، لو الابليكيشين في حاجه غلط مش مسؤوليتي ولا مسؤولية الطيار الليوصل الطلب التقييم السئ للابليكيشن مش للمطعم
3685,الاوردر وصلي بسرعه و كان ممتاز و طعمه كالعاده حلو جدا
3686,Worst experience ever ! I received a wrong order and I waited 3 hours and no one came and deliver the right one !!
3687,مطعم وحش جدا وبيعدلوا فى الفاتورة بعد لما تطلب وخدمة سيئة جدا والافضل لو حد هيطلب منهم ميكونش عن طريق المنيوز
3688,a little bit late but was really good
3689,وصل بعد حوالي ساعتين ونصف ودا شي غير مقبول تماما .. الاوردر وصل بارد
3690,Cheddar sauce not delivered
3691,وحش اووووى وكان بارد جدا
3692,I ordered the same combo x 2 but they forgot to deliver cole slo and the pepsi can
3693,Wrong drinks
3694,جيد جدا لاكن جي بارد شوية
3695,The order was so bad Sandwiches weren't as prescribed at all Very bad experience I will never order again
3696,اقسم بالله زبااالة وخدمة عملاء زبالة وسندوتشات تلج وتحس انة مش فريش ومعاملة وحشة جدا تجربة سيئة لاسف
3697,Every time u change the price amount after placing the order
3698,Everything's just perfect thank you.
3699,Late and cold The sandwich and also the fries
3700,It is to large to handle and slippery
3701,it's a pleasure to meet him he is a good man
3702,الاكل بارد والطعم مش زي كل مرة
3703,Mashroom wasn’t enough as well as the dressing. Salad wasn’t fresh with bad smell.
3704,"The order was received by restaurant but ignored. I was waiting for more than two hours, first tried to solve it by elmenues chat support, they said the order is on the way, which obviously was a lie."
3705,الاكل بارد وناقص وحاجة تقرف
3706,Fries were very cold and bad
3707,El batrawy best buffalo burger branch. very good quality and always arrives warm
3708,سيئ جداً وكأن بقاله في تلاجة تلات سنين😒
3709,الاكل حلو جدا بس الكميه صغيره وياريت الكومبو يرجع تاني ببطاطس عاديه
3710,الاكل حلو جدا ، جودة الاكل و السعر مناسب جدا ، فى اماكن أشهر و نفس السعر او أغلى بس اسوء جودة ، ف عاش جدا تسلم ايديكم ، اول تجربة ليا ترشيح من ناس و ان شاء الله مش اخر مرة ، التغليف ممتاز و الاهتمام بالتفاصيل و النضافة ، الاوردر وصل بس متأخر نص ساعة
3711,wow
3712,"All the food was delicious, hot and tasty. But I asked for a large Diablo fries and I received not more than 20 fingers of fries. The portion of the fries no way to bo large"
3713,محتاج يكون سخن
3714,awesome 👌
3715,الساندوتش كان معجن في بعضه ولون العيش واللحمه غامق ومزيت اوي
3716,السعر عالى اوى
3717,الاوردر اتأخر ساعة والبطاطس جاية باردة كإنها مش مستوية وقليلة جدا! وفالآخر العامل اللي وصّل الاوردر مافكرش أو كسّل يتصل بيا وبيدور بين الشقق!
3718,"i asked for no cheese on the burger, and the receipt clearly stated no cheese, but the burger still had cheese on it"
3719,الاكل جه ناقص باكت بطاطس 😃
3720,ممتاز فى كل شئ
3721,حلو بس تحس انه مش ٢٠٠ جم
3722,Order was super cold
3723,"Great burger, thanks"
3724,meat bad taste..
3725,Sandwish come not hot and not served as expected
3726,الاكل كان وحش جدا البرجر نشفه اوي و بتقف في الزور خذلني مع اني طلبت في وقت متأخر يعني الضغط بيكون مش كبير وحتى لو كبير مفروض في مستوي ماشي عليه بجد السندوشات أتاكل جزء منها و اتحطت في التلاجة و حتر البطاطس بارده و مفيش ملح حتى بجد اوحش تجربه وم
3727,الاكل كان حادق جدا ومالح بشكل مش معقول اسوأ اكل على الإطلاق اخر مرة اتعامل مع بافلو
3728,El pepsi mgash
3729,It was very good
3730,AFTER 3 HOURS THE ORDER DID NOT ARRIVE! Totally unacceptable!
3731,حلو جدًا
3732,"My Hell fries order was swapped for a Diablo fries order without my knowledge, but otherwise the food was good, usual quality of buffalo burger. However, the strips weren’t up to par with the rest of the chicken sandwiches at Buffalo burger, which us..."
3733,yummy
3734,I loved the sandwich
3735,Second time to order a cheddar cup and mot receiving it
3736,الاكل دايما حلو ولذيذ بس الطلب المرادي ناقص العصير اللي تبع وجبة الأطفال
3737,"i found someone's beard hair in the coleslaw, it was disgusting. you are a big restaurant and you have to pay more attention to quality!!"
3738,الاكل مش مستوي كويس و بارد
3739,Fries replaced!!
3740,Good food
3741,The delivery guy said it's 153 L. E but it was only 151.. So he added extra 2 pounds for no reason.
3742,الاكل تحفه وسخن والدلفري منتهي الزوق والأدب.. شكرا بافلو
3743,So cold
3744,توصيل سريع الاكل جاي مولع سخن لدرجة اني مكنتش قادر امسكه البيبسي ساقع تلج مشبر حاجة فوق الخيال الصراحة لو جبته من المطعم الاوردر مش هيبقا طازه كده
3745,حلو جدا بس اتاخر الاوردر
3746,انا مطلبتش جبنه ريكفورد عشان تحطها مكان بلو تشيز والاكل زفت الصراحه والبرجر مش كويس خالص لما بطلب من المطعم ع طول بيوصل جوده الاكل كويسه اما اطلب من الابليكيشن بتبقي الجوده ازبل من الزباله الصراحه واخر مره اطلب من الابليكيشن
3747,Delicious food and also high quality but the hitchiker burger this time was a little bit salty. Thanks.
3748,The fries quantity are less than normal although i did choose large size!
3749,روعة يا ريت كل مرة يكون زي كدة
3750,so bad
3751,الاكل فوق الرائع مفيش احلي ولا اجمل من كدا
3752,I loved the taste. All in all a hood experience.
3753,طعم البرجر متغير تماما وبيشد وكأن عليه نشأ... كان أحلى برجر ماباطلبش الا منهم.. بس دي آخر مرة
3754,🤩🤩
3755,not the usual taste very bad and burnt
3756,food was exceptionally good this time❤️
3757,An item was forgotten
3758,Very good but expensive
3759,وصل بسرعه والاكل سخن
3760,3.5 hours late I called the restaurant and it said that my order didn't show on their system so who's fault is that !!!!
3761,The order was wrong as they didnt give me sauce while it was included in the bill
3762,The food was good but I hoped to get the spicy spicy chicken buster
3763,Not as usual
3764,الاكل بارد جداا بالرغم ان بينى وبين المطعم ست دقايق السندوتش بلو تشيز عباره عن جبنه ريكفورد قطع كبيره مفيش احساس بالبرجر و والبطاطس سيئه وبارده
3765,الساندويتش جاي في منظر مقرف، خس مرمي جوة الورقة وجواه قطعة البرجر، يعني كانه عبى في الورق برجر وخس
3766,تاخير ساعه و10 دقايق
3767,ggg
3768,Not bad
3769,مش فاهم اطلب الاورد من 3دقائق وميرداش يلغيه لازم ادفع تمنه ليه
3770,The food was so bad
3771,Gy
3772,Food was tasting insecticides and so bad.
3773,"Extremely cold potatoes Order was wrong, wasn't spicy as I ordered Took 1hr and 20 minutes to arrive Price changed after 20 minutes of confirming the order."
3774,A very decent driver.
3775,Not available items of my order after Iam waiting
3776,ربنا ينتقم منكم زي ما بتاخدوا فلوسنا وتعيونا بيها! منتهى الاستهتار وقلة الذوق وانعدام الضمير!
3777,البرجر نصه نيئ والنص التاني محروق والاكل معجن وبارد والتوصيل بعد ساعتين والاوردر ناقص
3778,البطاطس مش حلوة والاكل بارد
3779,delivery can be faster in the future for better rating
3780,It was hot and tasty
3781,اوردر بارد
3782,كتير
3783,لطيف
3784,كل حاجة فيه جميله😍
3785,اسوء مرة وانا عميل دائم شبه يومي و كان السندوتش غرقان في الزيت و طعم غير مرضي بالمرة بصراحه اسؤا مرة اكلت فيها
3786,تغيير السعر بعد الاوردر ووصول رسالة بعد استلامته ب٥ ساعات مهزلة
3787,تمام جدا
3788,I wanted to cancel the order but the support team refused
3789,thnx
3790,The food was cold and the drinks were not cold
3791,الاكل كان بارد والاردر مكنش مظبوط
3792,Food came cold.
3793,I’m very sad for this order It’s very bad And no customer service
3794,very amazing but they deal with my kid in very bad way
3795,delivery takes more than 1 and half hour to deliver
3796,Perfecta
3797,الأكل ناقصه ملح شوية بس غير كده كان جميل
3798,"very nice experience the amount, Budget, offers, packaging all is good"
3799,Lettuce was not clean and lettuce wrap was very poor
3800,The courier was very professional and had excellent attitude
3801,the delivery was very nervous and his way of speaking bad
3802,السيستم سئ وكأنهم حافظين مفيش تفكير
3803,اسوء مطعم واقل خدمه ومبيحترمش الدكاتره ومبيوصلش طلبات للدكاتره
3804,Cost cost cost 😂😂
3805,اخد 5 جنيه زياده من نفسه
3806,لائق
3807,food is very good 👍
3808,didn't recive the order
3809,Nice one
3810,البرجر جالي محروق وناشف. المستوي في النازل.
3811,"Every time after ordering, the restaurant increase the cost"
3812,اسوء خدمه شفتها الاوردر جيه في ساعتين و نصف
3813,البرغر كان ناشف جدا جداااا
3814,الاكل كان حلو
3815,بافلو مش محتاج رأي حد لأنه في حتة تانية
3816,Too cold too late 😡
3817,اكل بارد جدا و كمية الاكل مقابل فلوسه وحشة جدا
3818,"not all branches provide the same quality , small pieces of onion rings , taste diffrent , bread very weak ."
3819,Fries replace is scam
3820,The order came without the fries and i tried to contact buffalo but they did not respond
3821,Total value isn't as estimated at checkout.
3822,"Worse experience in my entire life, waiting 5 hours for an order, had to order twice just to have it delivered, wrongly informed by the driver about his arrival time 5 times, had to wait on the street each time for 10 to 15 minutes only to find out t..."
3823,فرع مدينتي سئ جدا كذا مره نطلب يجي الاكل كده
3824,.....................................................
3825,i got food poisoning on the last order.. this is my favorite place for burgers but not anymore
3826,There was literally spots of sauces and little fries
3827,الأكل بارد جداااا
3828,food had some bugs
3829,hh
3830,٤ سندوتشات مختلفه و كلهم ملهمش طعم البرجر طعمه صفر مفيش طعم كفته
3831,food was cold
3832,جاتلي الشنطه مقطوعه والبطاطس كلها مقلوبه في صندوق الطيار وشايل الحاجه كاني كنت واقف في جمعيه خيريه مش دافع فلوس للكلام ده غير ان مفيش اي معلقه او شوكه للكلوسلو المفروض اشربها طيب ولا ايه الاكل
3833,we love u buffalo burger and elmenus♥️♥️
3834,cold foods
3835,الطعم حلو بس الاوردر نسيوا يحطوا معاه السلطه وكملت الطيار قالى هكلمهم فى المطعم وشكرا
3836,اتاخر وكان بارد جدا
3837,Bacon was very chewy
3838,بطيييييييييييييئ جدًا وكنت هلغي الاوردر
3839,الأكل وصلني متأخر وبارد حتى بعد تسخينه في الميكرويف طعمه كان بايت
3840,وجدت شعره قط او كلب في الاكل. كانت شعره لونها ابيض وطويله
3841,السعر مبالغ قليلا
3842,ساعتين عشان ساندويتش
3843,"the sandwiches was poorly prepared, the order toke way too long to be delivered, they didn't send any ketchup or utilities with the order!"
3844,The meat with a little dry but the overall taste was awesome as always
3845,quality needs to be improved
3846,they delivered me different fries that i didn't order
3847,الاوردر كان سيئ و الخدمه كانت سيئا جداااا
3848,El order wsl b3dha ba 2 hrs fa mohz2en
3849,"the driver told a wrong money amount for the food, and I realized I gave him extra money that I didn't want to give after he left. the food was good"
3850,very very bad taste and very very bad delivery elmenus never fails to surprise me with the bad quality
3851,الاوردر كويس،بس الديليفري بيجي من غير كمامه
3852,Small portions. Not even worth the value for money
3853,رفض التوصيل للمستشفى
3854,اتاخر جدآ
3855,food was good delivery was really slow more than hour and a half
3856,Alright
3857,To late
3858,الاوردر مجاش اصلا ومحدش اعتزر حتى او قالي انه مش حيجي بعد مفضلت ٤ ساعات مستنية خدمة سيئة جدا بجد
3859,خدمه زفت قمه قله الزوق والادب المفروض كمان ولا نجمه واحده حتي
3860,البطاطس كانت باردة وكانت نوعين مختلفين ديابلو وكيرلز
3861,Order never arrived
3862,مكنش حلو زي كل مره
3863,It was horriblee!!
3864,ال اكل وصل بارد
3865,The taste was nice but their 75 minutes of delivery is alot
3866,I ordered it combo i received single sandwich
3867,كان دون المستوى مش زي كل مرة
3868,بس التأخير هو اسؤ حاجه
3869,The burger was burnt
3870,الاوردر أتأخر جدا و كان بارد و متبهدل
3871,٠
3872,I ordered at 4:30 arrived at 7:40
3873,Small cheese slice Missing sauce with order. And not good taste
3874,so late
3875,Took long time
3876,"It took 1.5h to receive my my order , the staff was not helpful at all , the table wasn't clean, I had to clean it my self and the burger was burned , Very bad experience , not recommended at all !!"
3877,بس الدليفرى كش لابس كمامه
3878,مخدتش ٤٠ جنسه الخصم و الاورد جيه متاخر جامد و بارد و عبعت لل support كذا مره و بلغتوني انكو هتكلو و محدش اكلم
3879,perfect driver
3880,اللحمة كانت ناشفة كتير ومش جوسي خاااالص و الشاندوتش كلها كانت ناشفة كتيييييير
3881,i received a different sandwich with mushrooms and i hate mushrooms !! also the tomatoes and the salad's package was open and was sloped into the bag !
3882,بعد ساعة من طلب الأردر اتعمله rejected!!
3883,لما جه كان في الفاتورة سعر بدون الخصم
3884,The driver arrived two hours later to discover that actually the restaurant forgot to supply him with my order ! So disappointed
3885,الطلب اتأخر و كان متبهدل من الطريق !
3886,Perfect Thank you
3887,"The food wasn’t,t good"
3888,الطلب موصلش
3889,the order took 2.5 hours to arrive !
3890,the food was super good
3891,"drink can was opened screwed the order, the sandwich was basically a bun and a piece of chicken without any sauce or shit.....this was a horrific experience that is gonna make think twice before use the app again"
3892,الاكل مجاش اصلا
3893,الاكل ناقص واتحاسب عليه واستنيت ساعتين والاكل بارد جدا
3894,١٣٦تطتوذوذ
3895,"order came after 3 hours , i refused to deliver"
3896,كنت طالبة تغيير الصوص وللاسف متغيرش مع ان جالي اتصال بالتأكيد انه هيتغير
3897,nice food but the diablo fries amount is so little compared to its size whether the large or medium size as i tried both of them
3898,متأخر ٤٠ دقيقه
3899,All good and overall great experience
3900,عيب لما تبقوا بالشهرة و السمعة دي و تبعتوا اوردر بايت من يومين و طالع متلج من التلاجة .. حاجة اشبه بالتسمم حرفيا
3901,"I spoke with a customer service person that I have a discount and I did not get it, and he gave me the discount after contacting the restaurant, preventing the order from being canceled, and my charge was 185 instead of 215, and when the delivery arr..."
3902,Did not come !!
3903,hadn't received orderm...
3904,Quality is impacted in Ramadan
3905,طعمه سىء وبارد
3906,السندوتش تحفه تحفه تحفه بجد
3907,تاخير والاورد غلط وجه بعد المغرب
3908,الاكل كويس بس نسيوا يحطو الكول سلو مع العلم انها في الفاتوره
3909,The food was cold but it’s okay 💜
3910,It took 2.5h to deliver
3911,The food was reallllly cold
3912,very nasty
3913,جودة الاكل ممتازة في رمضان
3914,Taste was very very bad.. Not as usual .. No mushrooms.. No bacon
3915,بيلغو الاوردر بعد ما اطلبه من غير مايرجعولي و بعدين مدير الفرع يكلمني بطريقة وحشة جدا و يقفل التليفون
3916,الأكل بارد ، طعم البرجر سىء.
3917,"usually this burger is well prepared and delicious. This time, I don't know why, they were missing ingredients and overall bad preparation. They also took over an hour to arrive."
3918,Great experience as usual
3919,"The sandwich wasn’t available at the branch, so I had to change it when they called me to tell me that."
3920,الأكل كان بارد جداً ، البطاطس الكيرلي كانت سيئة باردة و ناشفة جداً مش بتتاكل اصلاً أكنها بطاطس بايتة ، انا رميتها كلها للاسف ، الأكل غالي جداً فالمفروض يوصلني أكل يستاهل مش أكل غير صالح للاستهلاك اصلاً.
3921,البرجر جاي رفيع وناشف من الآخر المطعم منظر بس تتفرج عليه
3922,"Really disappointed. The taste and smell of the coleslaw and the onion rings were terrible, as if it was made a week ago. Please do something about your quality."
3923,Order arrived earlier than Iftar
3924,The quality was zero the burger was burned and dry the driver took all the 250 without returning back the change and rushed to the elevator
3925,للاسف طلبت بطاطس كبير جابلي صغير وكمان سلطه وانا مطلبتش.
3926,very small fries. all sandwiches sauces were very low
3927,البطاطس بارده للاسف بطاطس كينج مو بارده فطعمها عامل زي العجينه
3928,🖤
3929,1- came the wrong size of patty 2- coleslaw was very old (rotten) (معفن) 3- when i called to make a complaint no one answered 4- i called the restaurant and no one called back. ps: i will never order from this place again
3930,Good they delivered before Ma3'rab thanks alot
3931,طعمه حلو جدا بس مشكلته ان كل مرة بارد ومحدش يطلب على الفطار لانه بيبقى سيئ جدا عايز تطلب اطلب من الساعة 9 بليل مثلا بيكون الضغط قل
3932,"the potato was very bad really , it tastes like fish and was very hard and not good at all we through it away :("
3933,الاكل المره دي مكنش فريش و طعمه مش حلو و مفيش علبه الخضار اللي بتكون معاه
3934,Very good order
3935,food arrived faster than expected but still cold and the bread wasn't fresh:(
3936,BBQ sauce cup was a signature.. but this time it was very bad may be expired shame on you
3937,البطاطس الكيرلي وحشه جدا جدا
3938,it was spicy 🔥and I didn't choose spicy
3939,"Fresh , hot and very delicious food, thank u✌🏻"
3940,"The fries comes in a very small portions, but everything else is awesome"
3941,الاكل مش زي كل مره سيء
3942,We waited for an hour after iftar for the late order we cancelled when we realized it was never going to arrive.
3943,الطلب طلع ناقص ساندوتش شتاكي مشروم مجاش
3944,البيف بيكون ني جدا و مش متشوح
3945,الاوردر موصلش في الميعاد
3946,late
3947,the portions are too small for the price .. the taste was good .. bit very small
3948,التأخير في التوصيل والاوردر وصل عندي وكان لسة علي الابلكيشن بيتحضر وهستلمه بعد ساعه
3949,"Limited offers, delicious meal though"
3950,قب
3951,عشقي عشقي بجد افضل برجر باكله من بافلو ♥️♥️♥️♥️♥️♥️
3952,missing the friess !!
3953,الاردر موصلش أصلا
3954,طبعا بافلو من احسن وانصف المطاعم الفاست الي بتقدم البرجر ف مصر و الناس الي بتفهم ف الاكل عارفين ده كويس ،،،،، تاني شي و ده بقي للابلكيشن فعلا انتو احسن وافضل ابلكيشن بيقدم خدمة الدليفري او غيره ف مصر بحييكم ويارب من حلو لأحلى دائما
3955,الاكل كان بارد جداً والسندوتش ملزق وكان سيء جداً
3956,الاوردر اتاخر ساعه كامله
3957,يجب ان يكون اسرع قليلا
3958,السندوتش مبهدل و مش كل حاجة محطوطة فيه بالكمية الطبيعية
3959,I ordered to be for iftar and then it comes 30 mins later
3960,The fries was stone cold
3961,خرا
3962,Dd
3963,كان غير ساخن
3964,"The food is delicious, but maybe because we are in Ramadan it was iced burger🤷🏻‍♂️"
3965,Ordered for iftaar arrived for Isha prayers 👎
3966,الاكل كنا طلبينه الساعه ٥ ولحد بعد الافطار بعد العشاء ومجاش
3967,لم يصل الاوردر
3968,One of the two sandwiches are not the right one but we had no time to complain so we had it for iftar
3969,كان بارد شويه
3970,The diablo fries were cold
3971,معجن و خرات
3972,"زي الزفت وحاجة تقرف ، بقالي ساعتين طالب وفي الاخر يقولي out of zone, بعد ما خرج للتوصيل، احسن والله بلاقرف ، اكل البيت انضف من الي كانوا هايجيبوه."
3973,بجد انا مش مصدق التهريج ده خدمة سيئه
3974,وصلنا لنص ساعة بعد الفطار والاوردر متحركش حتي ، والله اعلم هيجي امتي .
3975,سئ جدا جدا جدا اترمى في الزباله محروق وبارد ويقرف
3976,delivered order with losting sandwich which make me take my iftar meal at 9 pm
3977,الدليفري بيوصل متأخر جدا
3978,اسوأ مره طلبنا فيها من بافلو..بالذات السيكريت سيء جداااا
3979,kk
3980,خدمه زفت وما حدش عنده اى معلومه غير دقايق يكون عندك وجه بعد الفطار ب ربع ساعه
3981,The burger and the chicken were so bad.. Tasteless
3982,It was a delicious food
3983,fine
3984,Worth the money
3985,الساندويتش بارد و مش جواه صوص غير ف جنب واحد و قليل و مش زي الايام العادية خالص
3986,Cold food and raw
3987,تحفة، أحلى برجر على الساحة
3988,الاوردر جيه بدري اوي عن المكتوب فده خلاني علي ما جيه معاد الأفطار كان بارد جدا و كمايه البطاطس قليله اوي
3989,I ordered onion rings and didn’t receive it
3990,outstanding
3991,didn't aarrriiivvveeee
3992,طلبت اوردر قبل الفطار بساعتين عشان قلت مايجيش ع الفطار اي كلام وللاسف الساندوتش مهرري ومعمول بكروته ووحش جدددددا جداااااااااا..
3993,it is too much expensive
3994,W. Good
3995,My order was so bad the meat and the bacon wasn’t cooked enough and cold and the sauce inside the sandwich tasted different than it should be it’s not the first time to order from Buffalo but I don’t know why it was that bad this time so disappointme...
3996,their chicken sandwiches are so bad. the beef is good but the chicken is just appalling.
3997,1 hour and half to arrive
3998,The order was missing pepsi and fries
3999,very expensive and the size of the sandwich wasn't enough
4000,"normal taste and size, nothing special about it"
4001,tlbt shitake mushrooms w cheesy fries ll su7ur w bgd highly recommended ❤️❤️
4002,the sandwich was not at all as described on the menu and the portion of the burger and the additions on top was ridiculous
4003,i missed the juicy taste i used to feel with buffalo burger
4004,Very bad delivery i ordered at 4 and till 7:35 nothing arrived
4005,قرف قرف طالبة اللوردر من ٤ و ربع و قالولي هيوصل علي الفطار لغاية الساعة ٧ و لسة بيقولولي ده لسة فب المطعم.. دليفري تعبان اوي محدش يطلبه في رمضان
4006,شكرا جدا وشكرا للمندوب إلى وصل على معاد الفطار
4007,هو الاكل حلو بس نفس الاوردر من فرع المعادي كان أفضل بكتير
4008,Ya'll need thicker buns to support the weight of the burger
4009,طلبت توصيل الطعام وقت الإفطار و لكن المطعم أحضره قبل الفطار ب ساعتين الا ربع و طبعا كان بارد وقت الفطار وملوش اي طعم
4010,i
4011,طلبنا من يومين الاورد كان مظبوط ميعاد و توتال فاتوره و ان كان محروق شويه مقارنه بفرع مصر الجديدة ممكن عشان اول يوم فطار طلبنا النهارده السعر ثاني مره كان مختلف عن الفاتوره علي المينوز مزودين الديلفري ل 20 و المكان مش بعيد و جاي بدري ساعه الا ر...
4012,Ya'll are stingy with the pickles 🤧
4013,للاسف و علي غير المتوقع اللحمة كان ليها ريحة مش لذيذة
4014,الاكل سخن والبطاطس كانت تجنن
4015,Need more sauce
4016,it takes so much time and customer service is the worst ever
4017,معجبنيش
4018,"I recieved a phone call from the custumer service at the expected delivery time telling me that they will just start to prepare my order and it will take one more hour to be delivered to me, I understand that it was a rush hour for the restaurant, bu..."
4019,الغو السندوتش ده من المينيو والله طعمه خرا
4020,الاكل بارد و و حش جدا جدا جدا
4021,تم تبديل سندوتش ماسكولار بسندوتش سيكريت بيرجر
4022,Late delivery and it was the application fault
4023,zebala
4024,Missing item. Didn’t bring ranch sauce 😒
4025,اول مره اطلب من بافلو عن طريقكم و اسوء تجربه الاكل اتأخر جدا و بارد و الاوردر كأنه متداس عليه و للاسف كمان وجع بطنى
4026,it was sooooo good and I loved the fries too
4027,الهوت دوج علي الساندويتش مكنش مستوي
4028,Last time to order from you. Your food quality became really poor and also you steal from your customers without the app’s knowledge. Was promised that one of your staff will call me but nobody did! Very bad customer support and food quality.
4029,توحفه جدااا ياريت يفضل بنفس المستوى والاكل سخن و السندوتش ٢٠٠ جرام البيكون احلى ساندوتش
4030,البرجر سطحه محروق شويه
4031,الأكل كان بارد جدا ،.
4032,Loved itttt
4033,Woooo
4034,no spoons or fork for eating
4035,the burger is too cold and seems that it is cooked long time before order
4036,It arrived too late and The driver attitude is very bad
4037,got diarrhea tasted good but after it got sick
4038,Very helpful support team from the restaurant
4039,السندوتشات جت متبهدلة طعمها كان سيء كانت تحسها زفرة و البرجر مكانش ليه طعم و باردة
4040,"terrible delivery order. sandwich is not what I ordered, time is awful worst delivery experience ever PS. Management does not give a damn for what customers think of their product & service"
4041,كان سئ جدا مشروم طعمه غريب والبيكون اغرب ولا حتي كان في شيدر تشيز الساندوتش كان وحش اخر مره هطلب
4042,عظيم
4043,delay
4044,It was the second time to order 4 in the box and they brought it with wrong sandwiches.
4045,الاكل بارد و البطاطس باردة
4046,The food was not even warm!
4047,Delicious 🔥🔥
4048,معقول
4049,السندوتشات كانت بارده و نقصها حجات
4050,We need online payment
4051,الاوردر وصل متأخر
4052,Write the name of sandwich on the package
4053,للاسف الدبل ديجلر جيه مش زي كل مرة شبه فاضي للاسف. والاكل بارد وطلعلي عظمة بالاكل ياريت يكون في انتباه اكتر من كده
4054,مشوفتش اسوء من كده اكل طعمه بشع
4055,They sent me 1 pepsi can only instead of TWO;/!
4056,Pepsi is not cold at all
4057,مبيشبعش وغالي
4058,الاوردر جاي ناقص ساندويتش+علبة بطاطس شبة فاضية+مجاش معالق+مجاش جوانتيات+مجاش كاتشب+الاكل جاي بارد شكرا للاحراج امام ضيوفي
4059,One item was missing
4060,vg
4061,تم ارسل جبنه موتزيرلا بدل من المطلوب شي سيء للغاية
4062,Burgers were slightly burnt and kind of dry
4063,Good but it was late
4064,الاوردر جاي بارد
4065,البيبسي ساخن
4066,دليفرى محترم ومطعم جميل وطعم قوى ✌🏽👌🏽
4067,goood
4068,Was so goooodd
4069,الاكل كان حلو و الدليفري كان سريع
4070,"Delicious burger, reasonable price"
4071,الاكل تحفة
4072,الاكل طازه و ال service عالي جدا و حاجه نضيفة 😍 استمروا
4073,الدليفري كان زي الزفت جاي متاخر ساعة و خدمة العملا ملهومش اي لازمة
4074,meat was overdone didn't receive my fries
4075,v.good
4076,زي الزفت
4077,اصابع الموزاريلا وصلت غير محمرة ( لونها من الخارج ابيض وطعمها سيء جدا)
4078,كان مضيع الفاتورة
4079,The mozzarella sticks were awful.
4080,Food was great but the chicken strips are much smaller than the bun
4081,Too much cheese in the sandwich that i couldn’t taste my sandwich
4082,Hot god was very hard skin and the masterd was toooooooo much in the sandwich
4083,The amount of chicken in the chicken buster was very small
4084,Great service and delicious food
4085,البطاطس في وجبه كينج مو كانت بارده ومش طازة البيبسي كان سخن
4086,Good as fuck
4087,Thanksgiving
4088,the food was incredibly cold and the curly fries were almost inedible and took too long to come
4089,Hi
4090,Didn't recive the order
4091,لازم يبقى سخن
4092,Burgers were cold.. :(
4093,The Delivery Capitan Was Rude And Impolite
4094,order canceled and i had to re order again
4095,Wrong bill between menus and buffalo
4096,undone
4097,مطعم جامد فشخ مور ذان بروفيشنال
4098,El Nasr street branch is the worst buffalo burger in Egypt
4099,الأوردر موصلش و قعد مستني ساعتين يا شوية نصابين
4100,ال bdog كان سيء جداً جداً المرادي كان حادق جدآ وطعم المسترده اللي باين ولازع والمفروض مكتوب عليه كاتشب ومكنش عليه كاتشب خالص وبالتالي كان حادق جدا غير المره اللي قبلها كان تحفه، اعتقد اني مش هجيب من بافلو تاني قريب بعد التجربه السيئه دي اول مره ازعل
4101,Compo came with out cola Twice
4102,I dont like fries not good at all
4103,تاخير و بارد
4104,الطلب وصل بدون القفازات و البيبسي كانت سخنة اداء ليس معتاد عليه من بافلو انا مستاء للغاية
4105,حلو اوي و وصل بسرعه
4106,the fries without sauce although they write in menu this item included sauce
4107,العيش كان بايت بس الساندوتش في المجمل حلو بس مش زي كل مره
4108,exceptional in all the items I love the whole experience hope the vegan items are available to order online also
4109,الأوردر موصلش و حاجة آخر قرف و قلة ذوق من ناس مبيحترموش الزباين
4110,"Order was late for 2 hours and I didn’t receive it , 2 hours for making 3 burger sandwiches and it was 12 am which means the restaurant wasn’t in hour rush last time to order from their"
4111,الدليفري شخص اخلاق وممتاز
4112,Cheese was over the sandwich couldn’t taste it well
4113,The food was really good and the portion was huge 🥺💖
4114,"The fries were not fresh , and the chicken fillet piece was smaller than the bun little sauce too.."
4115,الطلب لم يصلني
4116,Delivery was too slow and the food needs to be hotter
4117,Only received sandwich not combo
4118,مكنش سخن
4119,didmt recieve the order
4120,Great quality of food thanks to all team
4121,الاكل كان بارد و التغليف سيء
4122,good quality
4123,none
4124,excellent burger
4125,الاكل وصل بارد جدااا و التغليف كان متلحوس وجيه متأخر عن ميعاده ومش اول مره يوصلي الاكل فيه مشاكل
4126,"Order was fine, however I ordered cheesy fries and received diablo cheesy fries. I didn’t ask for diablo fries as I don’t like it."
4127,The fries was bad as it is made in rancid oil البطاطس كانت مقلية فى زيت بايظ و ريحتها كانت وحشة But the sandwich was tasty
4128,YOU GUYS ARE AMAZING KEEP UP THE GOOD JOB!!!!♥️ HAVE A NICE DAY <3
4129,تحفه كالعادة والحشو جميل ومظبوط
4130,for the curly fries
4131,الفراخ في ساندوتش الأطفال كانت نيئة وبعد الشكوى لم يتم التواصل من المطعم وتبديل الساندوتش
4132,"Will never try it again , hatta law bebalash"
4133,بحبه جدااا
4134,Super fresh and hot. Cheese came hot on sandwich which is rare now. Portion is fair enough
4135,Order came late
4136,"I just want to add that you should write the exact address i wrote in here,,"
4137,"I ordered ranch sauce/cheese cup, i didn’t receive the ranch sauce and the cheese cup was used!!! I found a piece of chicken “someone ate” in the cup!!! That was so disgusting and I didn’t eat the sandwich"
4138,the best
4139,...
4140,To7faa
4141,طلبات ساندوتش العروض غير الطعم الأصلي وسيئ للغايه
4142,مفيش منيو على الابلكيشن ومفيش بطاطس مع الساندويتس زي اي مطعم
4143,الاكل بارد حداً
4144,البطاطس محروقة .. + الابليكيشن بيقولي سعر و بتيجي الفاتوره ازيد و لما خليت مندوب التوصيل يشوف الفاتوره عالابليكيشن قالي انا ليا الفاتوره اللي طالعه من المحل !!
4145,The order wasn’t hot
4146,I ordered it with no tomatoes or pickles and i found tomatoes in on sandwich and pickles in the other
4147,l batates mlyana zeet w soggy w l chicken sandwich kan plain kda
4148,"the food was okay, but I paid extra for one medium curly fries and fhe rest are small normal ones. I got 4 half filled curly fries!!!!! the amount was very small and I paid extra 15 pounds!!!! the offer clearly said 1 medium and 3 normal."
4149,Dc
4150,The food quality was not good..
4151,was not good at all
4152,Coleslaw had bad smell. Fries and onion ring were not cooked. They were very mushy!! The sandwich didn’t have enough mushrooms that I paid for as extra. Nothing was good. If I could I would ask for a refund. Horrible.
4153,thanks
4154,خطيرررررررر
4155,actually the food was so delicious😋 and the food came before the 50 minutes with 20 mins so I will give it 5 stars
4156,حلو بس الاسعار مبالغ فيها
4157,الساندوتش سئ جدا وبارد والحجم أصغر من اللي بيتجاب من المطعم نفسه
4158,وقت طويل في التأخير
4159,For the second time i requested a toy for a girl a you sent a Spiderman! Fist time i received a car for Batman while i mentioned that the toy for a girl! Is that too difficult to real the customers note to be satisfied.
4160,.j
4161,Sadly not same as before. I didn’t like my order.
4162,Bacon was raw and the beef patty was gummy
4163,ربع اللحمه محروقه
4164,الاكل حلو جدا كالعاده وصل بسرعه وكان سخن
4165,Delivery had fucking covid
4166,They changed the delivery fees when i received the order
4167,الاكل بارد غير ساخن
4168,The food was not fresh to be honest it was so cold and i ordered large fries the portion was the same as the medium!
4169,الطعم رائع كالعاده و اسرع توصيل
4170,مستوي الاكل عموما بقي وحش ..بالاخص الطعم و الجوده مستواهم بقي سيئ ..
4171,They got me wrong order and they didn't apologise for this issue
4172,Bad meat quality + very thin burger + no taste!
4173,الاوردر جالي غلط وعملت كومبلين ومحدش اهتم نهائي!!!!
4174,Loved it
4175,WOW
4176,الطعم المميز ، مع التغليف المحترم المعهود دائماً من بافلوا برجر شكراً لكم
4177,للاسف دى المرة الرابعة ال بطلب اوردر و مش بيوصل اصلا و يتصلو كذا مرة علشان العنوان و ابعت اللوكيشن و الاورد ميوصلش
4178,The burger was tasteless with no sauce!!
4179,burger was a bit raw
4180,البرجر أشبه بالبرجر المجمد اللي بيتباع في السوبر ماركت .. تجربة سيئة جدا
4181,حلقات البصل كانت بايته من اليوم اللي قبله
4182,طلبنا واحد بيبسي وواحد سفن جالنا اتنين بيبسي وسخن والبطاطس فريسكس واحنا طلبناها عاديه
4183,الأكل كان حلو جدا لاكن حصل مشاكل كتير
4184,Was not not and not well served
4185,"The blue cheese burger, it says crumbs of blue cheese, but it is blue cheese cheep sauce, burger over cooked, wrong fries size came, the veg pack totally not fresh, tomatos and lettice with smelly onion rings, bad not worth trying"
4186,اين البيبسي
4187,delivery was very slow
4188,Really don't recommend... Waste of money. 👎🏻👎🏻👎🏻
4189,الاكل بارد و مفيش سلطة و مكنش في خضار في الساندوتشات على غير المعتاد منهم
4190,كله تمام وجميل جدا
4191,بطابس برده والاكل بارد
4192,Driver’s attitude is very rude.
4193,احسن مطعم برغر في مصر بدون منازع +سرعة في الدليفري
4194,🙏👍
4195,Fries was really bad
4196,overcooked and hard as usual
4197,الاكل ممتاز جدا جدا كالعاده طبعا من بافلو ..
4198,"Wasn't hot, but acceptable 🤷🏻‍♂️"
4199,محدش كان عارف انهي سندوتش اللي طلبه ياريت تكتبو
4200,bacon was sooo bad less mushroom
4201,Theifs
4202,I asked for a 7up diet I get a regular 7up
4203,والله الخبز كان رائع بس اللحمه مكانتش مطبوخه كويس
4204,لم يصل
4205,delicious
4206,So bad taste
4207,Insnane
4208,ممتاز واكله حلو قوى
4209,الاكل كان بارد و طعمه سيئ جداا
4210,الاوردر سىء جدا الجبنه ناشفة جدا و طعم السندوتش وحش جدا جدا تحس ان في حاجه بايظة فيه و الدليفرى بيسلمني الحاجه من غير ماسك و ماسك سجارة ف ايدة وعمال يرزع ف الاكل ف الكيس لدرجه ان ال كولسلو جاى مفتوح ف الكيس تجربة سيئة جدا جدا
4211,وصل بارد جداا
4212,الشكوى الوحيدة هيا ان التوصيل اخد ساعة بس غير كدا الأكل كان حلو
4213,الاكل كان تحفة ياريت تفضلوا كدة علي طول
4214,البرجر محروق
4215,j
4216,"soggy, fatty and very bad quality"
4217,value vs cost
4218,Werenot fresh as usual
4219,very late
4220,طعم توابل اللحم ضعيف
4221,جامد و دليفري غايه ف الاحترام و المواعيد منضبطه و سهوله التعامل و حاجه ف منتهي الاحترام
4222,"The worst vegan burger ever. Very bad quality. The mozzarella sticks are of very poor quality as well. I don’t recommend it at all, it’s seriously overrated."
4223,اتاخر فا كان بارد
4224,الاكل بارد جداااا
4225,الاكل وحش جدا و سىء للغاية و وصل بعدها بساعه و نص و كان بارد و مش fresh و دي اخر مره هجيب منه تاني + انه تعبلي معدتي
4226,الاكل اتأخر جدا جدا يعني ساعه و نص عشان يوصلي من فرع بيني و بينه حرفيا عشر دقايق
4227,الاكل وصل بارد و طعم اللحمه و السندوتشات وحش وسيء للغايه....
4228,السندوتش صغير
4229,😘
4230,Expect better
4231,"The meat taste wasn’t really good nor fresh ... Loved the coleslaw , the cheese in fries didn’t taste really good .. it was a bit disappointing to me"
4232,secret burger is awesome 👌
4233,Hey bring shakati instead of xurban
4234,الاكل كان ساقع و البطاطس مكنتش حلوة
4235,done
4236,جة بارد
4237,البطاطس سيءع و نيه
4238,"Mushroom Jack is the best item, burger and extras 🤩🤩😋"
4239,ento wow
4240,الاكل ما وصلنيش لحد دلوقتي والدلفري كلمني من نص ساعة ايه ده
4241,"The Delivery was fast and the driver was nice , but the sandwich tasted bad and the fillet was hard to eat!! and the entire food was cold."
4242,ريحه اللحمه فيه و مش مستويا و طالبه cheesy fries و مكنش فيه cheese
4243,الاكل ما وصلش اساسا شكرا يا فاشلين
4244,الاكل بقاله مرتين مزيت قوي
4245,missing fries
4246,الطلب مش سخن الطعم قل كتير وقت التوصيل سيء جدااااا
4247,الاوردر أتأخر وناقص Bacon
4248,السعر اتغير قبل ما الدليفيري يوصل بدقائق.. وده غير مقبول
4249,Fries was fried several times. Very hard and oily.
4250,الاوردر مجاش اصلا واتكنسل من غير ماحد يرجعلي
4251,i didn’t receive the order they canceled it
4252,to7faaa awiii w
4253,البرجر النباتي بتاعهم رائع معمول حلو جدا جدا بس عيبه الوحيد الحجم مش كبير قوي و سعر السندوتش ١٠٠ جنيه غالي جدا جدا -البطاطس الكريس كت وحشه جدا و طريه مش كريسبي و مش باين فيها اي طعم توابل خالص
4254,عندما تذكر الكواليتي يذكر بافلو برجر
4255,U
4256,مافيش ولا مرة خاب ظني فيه
4257,بجد مش دي الجوده بتاعت كل مره ... الاكل بارد و السندوش مهرول و الطعم مش حلو زي كل مره
4258,بعد الاوردر بنات ساعة كلموني اني اوت اوف زون ومش هايوصل الاوردر وماكنسلوهوش كأني استلمته عادي
4259,Vccb
4260,He
4261,ساعة و نص كتير علي التوصيل
4262,I received a coleslaw instead of chedder cheese sauce then i raised a complain and then they sent a DA to give me the sauce i ordered after a long time such a bad experience but its okay
4263,The order didn’t come and after an hour they sent a message that the order is rejected because the curly fries is not available. Really inconvenient
4264,I love it
4265,ت
4266,v. cold order !!!!
4267,never received the order
4268,"The chedder sauce did not come, The order was so cold and the fries was terrible"
4269,"Looked bad, tasted not good, last time i’ll order from here"
4270,Picked miranda apple they sent me pepsi cola instead
4271,الاكل مكنش احسن حاجه و يعتبر مفيش صوص و البيكون محروق
4272,Kk
4273,It was so salty.
4274,I got the wrong order and the branch refused to compensate me in any way
4275,"food was really good, but they changed something in my order without telling me ."
4276,amazing thanks
4277,Food wasn't hot and fresh
4278,they changed the delivery fees after the total amount was calculated and order accepted without any notification
4279,GGG
4280,the ranch sauce is actually a mayo sauce. the sandwich was poorly wrapped most of the sauce leaked out on the paper wrap.
4281,food was cold and deliverer was rude
4282,The food was so tasty. thank you so much
4283,I didn't receive my order till now
4284,Good taste but cold.
4285,طلبت برجر animal style وزن 400G و السندوتش حرفيا جاي فيه قطعة واحدة بس onion rings و حجم البرجر استحالة يكون 400 جرام نهائى و سعره بالضريبة معدي ال ١١٢ ده غير التوصيل بصراحة خسارة فيه الفلوس انا اول مرة اطلب من buffalo و فعلا دي آخر مرة...مستوي سئ
4286,I got poisoned!!!!!!
4287,جود
4288,Low portions and no sauces
4289,ميتاكلش
4290,Okay
4291,اللحمة والفراخ طعمهم حلو..بس الفرايز ماجتش فرنش فرايز زي ماكنت عابز
4292,السلطه اللتي مع البرجر لم توضع في الطلب
4293,b
4294,الاكل جاي متلج
4295,كل مره الاوردر يجي غلط او ناقص و المره ديه كانت طالبه بايكون مشروم جاك حاطين البايكون نئ
4296,Helpful
4297,اولا الطلب جاي متاخر عن الموعد المحدد ثانيا الدعم الفني مستفدتش منه باي حاجة وجوده زي عدمه ثالثا الدليفري بيكلمني يسالني حضرتك فين من غير اساسا ما يقرا العنوان الي كانبه رابعا الاكل عبارة عن ثلج ثلج سواء الساندوتش او البطاطس حرفيا ميتاكلش من كتر ما ه...
4298,Potatos portion I ordered large pack for 35 and the box was large but inside there was SOOOO LITTLE PORTION (AGAIN ) !!
4299,السندوتشات مش مكتوب عليها حاجة ومكانش حد عارف السندوتش بتاعه فين دي حاجة سيئة جدا لأن هانضطر نفتح السندوتشات كلها عشان نعرف اللي جواها انا عملت شكوى في فرع مدينتي ولسه هتابعها انهارده
4300,البرجر مفهوش اى طعم جوسى خالص
4301,amazing taste as always
4302,انا طلبت وجبه كينج مو والمفروض ان الوجبه تشمل ٢ باكت بطاطس ، وكان فى اوبشن انى اخد تشيز فرايز لو دفعت ٢٠ جنيه زياده، لكن جالى باكت واخد بس مش اتنين.، حاولت اتواصل مع الديليفرى دون جدوى
4303,Elorder lesa magash aslun
4304,مش واو تجربة عاديه
4305,Food was cold and tasteless
4306,بعتين كيسين كاتشب فقط علي اوردر كبير
4307,اسوء تجربة فعلا و حاجة تضايق جدا
4308,Thx
4309,كان محترم ووصل قبل الميعاد
4310,سيئ جدا و حتي الاوردر لما طلبته جيه وحش جدًا البطاطس كلها زيت و الساندوتش بارد و ريحته وحشة و الجبنة وحشة جدا جدا جدا
4311,Zja
4312,the order was tasty but the fries wasn't good
4313,"cheese sauce was sticky and tasted funny , fries were dry and not seasoned . Burger was good"
4314,بطاطس جت من غير الصوص الموضح معاها
4315,سندوتش الفراخ كان سئ جدا
4316,the keto buger packaging needs to be more tight ...it tastes great and the lettuce was very fresh...but it is very messy
4317,Cold sandwiche
4318,But late delivery
4319,burger is average and not really worth the price.
4320,I ordered the sandwich brown bread and the order that I took it not brown bread
4321,got the wrong order
4322,الاكل ناقص و كنت طالبه مبتحطليش مايونيز ع السندوتش جالي فيه ميونيز
4323,علبة السلطة كانت ريحتها بشعة تقريبا مركونة بقالها فترة و اترمت في الزبالة و السندوتش كان مبهدل من جوة مش مظبوط و ده أول مرة يحصل من عندكم الصراحة احنا زباين من زمان
4324,كان الاكل فريش وطعمه حلو شكرا
4325,اللحمة ناشفة ومحروقة
4326,You don’t know hot to cook bacon why you add it 5ara awy
4327,الاكل كان تحفة ووصل بسرعة وكان سخن 😋❤️
4328,الدجاج تتبيلته خفيفة جدا بس حلوة الخدمة وسرعة التوصيل
4329,هو كان ممتاز الطعم ،ولكن كان ناقص الكريمي صوص للاسف 🙂
4330,فراخ نيه وريحتها وحشه مش هطلب المطعم ده تاني ابدا
4331,😍
4332,burger wasn't good at all
4333,"There is a difference between the total val written in el menus app and the one written in the receipt by the restaurant, i don't know who is responsible about that but i should be noticed sth like that before i met the delivery man by you."
4334,العيش كان ليس فى حاله جيدة مضغوط وليس فريش
4335,Burger is not hot and was not cooked well.
4336,The sandwitches weren't keto
4337,They forgot to bring cheddar sauce :)
4338,Service would be better if you added straw
4339,"Cold burger, bacon was not done."
4340,السعر زاد
4341,الأكل مسمم .. طالباه من يوم الجمعة لحد النهارده تعبانة منكو لله
4342,الاكل كويس بس مكانش سخن للاسف
4343,الأكل جميل بصراحه جداً ، العيش بس بتاع ال 400 جرام يكبر شويه ويبقي زي الفل اوي ♥️
4344,الاكل كان حلو بس بارد جدا
4345,great taste as usual
4346,Great experience. I loved it
4347,The mushrooms is expired it made me puke
4348,الكول سلو كان سيئ جداً ولاصابع الموتزاريلا كان بايظة اوي وصلصة كانت قليلة جداً
4349,it wasn't well cooked ! very bad experience
4350,The burgers weren’t this time as juicy as before. But it was okay.
4351,best
4352,كان طعمه تحفة بجد ما شاء الله و وصل بسرعة بس يا ريت لو تكبروا حجم الساندويتش شوية . وشكرا
4353,السندوتش كان بارد جدا
4354,It takes too much time
4355,Criss cut fries was without thousand island sauce as described
4356,Everything came nice and hot and everything tasted so good it was perfect wanna try all beef burgers out defo recommend🤍
4357,طعمه حلو جدا بس الساندوتش كميته مش كفاية
4358,t
4359,تحفه my fav
4360,I received a different price than the one i got on the app here
4361,its ok
4362,شكوة مستمرة من المحل ب قلة الصوص في اي ساندوتش بنطلبه علي مدار كل الاوردرات اللي طلبناها
4363,الاوردر اتأخر شويه بسبب عطل في السيستم
4364,worst order received
4365,السندوتش غير اللي في الصورة
4366,the fries didn't come with the sauce
4367,"I ordered Brown Bread, but regular bread was delivered."
4368,الباكون غير ناضج جيدا
4369,potatoes were very soft and oily
4370,Best restaurant ever. I loved the visit and the food.
4371,Quarter back burger was so delicious..thank you
4372,the offer was great
4373,The burger was great. But I didn’t like how it packed. Keto sandwich suppose to be in plastic box.
4374,"Taste very bad ,, Not as usual ,, Never order again delivery from Buffalo Burger ,, The apologize is not acceptable."
4375,The food wasn’t freshly prepared and delivered cold
4376,"I got my order little late and it was not hot or even warm,need to be more careful"
4377,الاكل سخن و الطلب غلط للاسف و مكنتش متوقع كدة
4378,Did
4379,the cheese dinot came
4380,Fries was very cold
4381,The sandwich waa burnt
4382,wrong order and took long time to get the correct one
4383,Tasty burger 😋😋 quick delivery.. enjoyed whole the experience
4384,"The only time I got a hot burger sandwich delivered was from you guys, and it's the best burger in town."
4385,i dont like fries
4386,تم ارسال الطلب بدون الايصال الرسيد وهذا تكرر اكثر من مره كما أنه لم لم يقم بارسال الصوص الخاص بالصنف الثاني
4387,The total amount was 70.10 le and he took 75 from himself without taking any permission from me then I took it and I gave him 1 pound
4388,Meal was a little cold
4389,Ordered a meto sandwich i got normal sandwiche waste of money
4390,🥰🥰🥰
4391,The sandwiches was very dry no sauces like expected
4392,انا طالبه زياده بيكون جالي العيش بني !!!
4393,Gggg
4394,onion rings were missing in the burger and the taste of the burger was not good
4395,اه حلو الأكل بس فين العروض يا بيه انا بدخل علي اي مطعم بلاقي عروض إلا انت مفيش دم خالص
4396,The french fries weren't fresh at all and the portion of the extra additionally requested cheese was below the average...less than half the usual amount
4397,the only fast food chain that seems to get better every time i order you should not have burgers from anywhere but here
4398,خد وقت طويل
4399,Patty was burned
4400,didn't recieve my order
4401,Order was delivered incorrect. Branch rep was speaking in an unacceptable way. Call center team got things resolved and were professional but still it is not acceptable the way the branch rep was speaking
4402,كان مش سخن اوي اما جيه
4403,Ma nn
4404,The soft drink was not delivered as ordered b
4405,too expensive
4406,"Topping 10/10, Bun 10/10, packing 10/10, Burger patty 5/10"
4407,Awesome
4408,محترم
4409,الاوفر كان حلو اوي وخلينا صحاب لينا يجيبو منه
4410,صوص الجبنة سئ جدا
4411,Everything was awsome except that they only send 2 ketchup sachets and i am a person who takes lots of ketchup with food though i wrote a note to aend more ketchup..
4412,very small piece of chicken it was nearly an empty sandwich filled with only mushrooms and cheese
4413,Only the fries box was only half the portion !not large
4414,and they didn’t check my comment
4415,وصل متاخر
4416,you should accept promo code as the meal is expensive
4417,Always good
4418,رسوم التوصيل غاليه اوى على المسافة القصيرة ديه
4419,اكل ناقص كالعاده
4420,"سعر التوصيل عالي جداا 28 جنيه واامسافه مش كبيره كمان السندوتش مكنش زي كل مره , الظعم مش حلو زي كل مره"
4421,potato was so bad
4422,everything is good without fries
4423,البطاطس ناشفة ، و الاوردر ناقص الكول سلو إللي مع الكومبو
4424,الطلب كان سئ جداً و اللحمه كانت محروقه و البطاطس ناشف. انا عايز تعويض.
4425,its awesome
4426,It was amazing meal bgd
4427,الاوردر كان ناقص البطاطس
4428,hg
4429,beef was sooo dry which was disappointing
4430,was so good
4431,The vegan burger is amazing the quality has become soooo much better thank you 😍
4432,"The fries wasn't fresh and smelled weird, also the sandwich was very cold and not fresh at all yet caused me stomach"
4433,It was cold!
4434,the bacon was raw
4435,very good quality
4436,Fries not as good
4437,الاوردر اخد ساعة كاملة وانا في فيصل والمحل في المريوطية بس الاكل جيه سخن مش عارف التأخير من ايه وكمان طالبه بعد ١٢ بليل
4438,طلبت الساندوتش مكتوب وزنه 450 جرام ولما جالي وزنته طلع 250 جرام واستحاله يكون 200 جرام دهون ساحو في الشوي يعني .. طالما قررتو تبيعو بالوزن لازم يبقا في امانه
4439,في سندوتش غير المطلوب
4440,The worst restaurant ever
4441,اكل حلو وجميل وسخن وفريش والطعم حلو جدا .. شكرا بافلو.
4442,الستريبس طعمها غريب وبتشد والأكل وصل بارد
4443,food was cold and very salty
4444,Change the phone number you have to only 01064618667
4445,goood.
4446,كان بارد عقبال ماوصل
4447,Excellent taste 😋😋😋😋
4448,the fries were thrown inside the paper bag spread every where. the taste was wierd and the sandwiches so stuffed in an ugly way
4449,الساندويتش سئ للغايه وبارد وطعمه وحش جدا
4450,اسوء خدمه الاوردر موصلش اصلا
4451,great and fast
4452,الأكل ممتاز طلبته الساعه 1:10 جالي الساعه 2 الا تلت يعن ف نص ساعه بس واتفاجئت انو وصل بسرعه كدا وكان سخن وطازة وكان الاكل تحفه مش هتبقي اخر مرة أطلب من المنيو♥️♥️♥️🔥🔥🔥
4453,But the bread is smaller now
4454,Excellent timing
4455,الاكل حلو لاكن كان جاي بارد اووي
4456,الساندوتش حلو والبطاطس اول مره تيجي سخنه
4457,order came without the drink
4458,البطاطس وصلت بارده جدا
4459,Amazing And the delivery guy is just awesome
4460,Good but not their best sandwich
4461,a little expensive
4462,الاكل كان بارد ووحش
4463,good service. but the order came missing my pepsi can.
4464,not hot enough specially we are in winter
4465,Great choices and recipes
4466,الصوص مش كفاية ال جداد مش حلو خلاص
4467,للاسف البطاطس جات باردة جدا ... بس الساندوتش كان كويس والتوصيل كويس
4468,"Cheesy fries is horrible, burger is good maybe less sauce would be better"
4469,Food came very very cold and wasn’t good although someone called and said that the order will be better than the last one and it came very bad
4470,the coleslow wasnot good
4471,السندوتشات فيها صوص وفيه شطه ومش مكتوب في الوصف انو حار
4472,Super
4473,الاكل حلو وممتاز والكميات كانت تمام ... حاليا الكميات قليلة جدا مقارنة بالسابق ومقارنة بمطاعم اخرى وبنفس السعر
4474,كميات قليلة جدا مقارنة بالكميات السابقة ومقارنة بكميات مطاعم اخرى وبنفس السعر
4475,تمام بس البطاطس بردة
4476,Greattt
4477,البطاطس بارده
4478,Beyond cheese was too small
4479,Too much cheese 🧀 for me
4480,الأكل حلو بس في مشكله حرفياً من بافلوا صغروا العيش تماماً ع البرجر ومش اول مره الموضوع دا!!!
4481,The food was cold and i was soooo late
4482,My salad was opened in the plastic bag from delivery i guess and everything was filled with salad but the sandwich was amazing.
4483,"The burgers were great but the fries were a bit too cold. The juice wasn’t juice, it was chocolate milk"
4484,Onion rings are very bad
4485,كله حلو جدا
4486,الساتدويتش اكنه بايت و زي طعم زمان و مش مخدوم
4487,الاكل جه بارد
4488,The sandwich was dry
4489,الاكل زي الزفت وبارد وقديم جدا جدا جدا وكنت قرفانه من التشيكين ورميته في الزباله
4490,الدليفرى غالى اوى والضريبة انتوا المطعم الوحيد اللى موجود عنده ضريبة للاسف مش هاطلب تانى الضريبة والدليفرى مبالغ فيه
4491,الكريس كات فرايز كان دهني
4492,m
4493,Good care
4494,Sandwich secret burger is delicious and the order came hot 👍🏽👍🏽👍🏽
4495,حلو كالعاده البرجر طعمه جميل باربيكيو تشاربرويلد تحفه هيتش باركر مش ماكنت متوقعاه .. مش احسن حاجه وياريت طبقه السلطه اللي بيجي معاه يتشال منه البصل 😅 عشان بيعمل ريحه صعبه جدا
4496,beydenee sandwich bacon mushroom jack msh mawgoud fel branch w lama kalemt el mat3am kan mawgoud 3ady
4497,طعم ممتاز بس غالى شويه
4498,كان حجامة جدا
4499,perfect 🖤
4500,رفض الطلب
4501,ممتاز جدا، بل رائع،، بالتوفيق دايما 🌷
4502,was cold
4503,the sandwich was messy ana the potato was cold and wet.. it tastes really bad ... i did throw it in the garbage
4504,The worst time ordering from buffalo burger
4505,الخضار الخارجية مصننة ريحتها تقرف
4506,The burger wasnt well done.
4507,the food game over 2 hours late
4508,"The burger was dry , the food was cold"
4509,مطعم جيد
4510,"It was more than amazing , food arrived before it was expected and it was hot and fresh , the sauces were on point and the sandwich was perfection"
4511,3gbny
4512,the chicken patty of chicken sandwich was to small . if you see the picture and compare with reality the difference is too big
4513,تحففففففة جدا بجد ياريت تفضلوا كدا علي طول
4514,perfect 🥰
4515,The food was tasteless and cold
4516,I ordered a regular sandwich and it came as a spicy one
4517,وحش
4518,بجد كان وحش جدا و برجر محروق و ساندوتش فاضي
4519,الاكل كويس اوي بس مش عارفه ليه وصل ناقص عاده بيجي معاه كول سلو والمخلل والخس والبصل بعلبه
4520,الوردر مجاش اصلا
4521,very Good
4522,"The food was hot and the delivery was fast, however, the Charbroiled was lacking caramelized onions."
4523,It was really un-delicious and with no taste
4524,الاكل كان سئ وواصل بارد والبطاطس كانت جايه مجلده
4525,الكميات قليله والاكل بارد
4526,متميز وجميل جدا
4527,The fries was very hard
4528,W
4529,انا رميت الاكل كله في الزبالة من كتر وحاشة الاكل و كان ساقع متلج و عليه لانشون و بطاطس عليها صوص جبنة ريحته و طعمه حرفيا عفن!!!!! مش قادرة اصدق ان الاوردر كان بالبشاعة دي
4530,was the worst order ever worst call center I will never order from them again mcdonald's is the best please try to teach your employees customer service and customer satisfaction instead of arguing
4531,It was awful
4532,Didn’t receive the side sauce cup and i payed it
4533,اخر طلب كان سيئ جدا غير ما انا متعود
4534,تحفة كالعادة وأتمني يفضلوا كدا🥰🥰
4535,الاكل بارد والسندوتشات واحدمنهم جه متقطع مش سليم 👎
4536,الاكل كان بارد جداااا
4537,very bad service
4538,Best chicken tenders ever! The fries were a too soft and the cheese too hard (should’ve been fresher) The extra sauces I ordered didn’t come.
4539,Missing utensils in delivery
4540,Was cold and not nice
4541,Too777faaaaaaa
4542,the food is so so so so so so perfect and good😋😋😋😋😋😋
4543,C
4544,Oj
4545,Delicious and totally vegan!! Great stuff!
4546,Yummy
4547,The order arrived an hour an 43 minutes late. It was cold and stale.
4548,بجد من احلي البرجر
4549,good but cold
4550,👍👍👍
4551,"the meat tasted really bad not like every time i eat it, there was something weird with the meat. overall good!"
4552,the restaurant sent the delivery boy with wrong order
4553,انا جربته مرتين من فرعين مختلفين ومكانش حلو فى المرتين وصغير وفعلا بتحس انك دفعت فلوس فى الفاضي
4554,perfect 10/10
4555,الطلب ممتاز ولكن تم استلامها ناقص السلطة وقام مندوب التوصيل بالاتصال بالمطعم وابلغني أنه سيتم إحضاره فورا ولكن لم يصل ابدا .
4556,first time to order chicken strips sandwich and the chicken was so dry and tasteless
4557,Take so much time The food was a little bit cold
4558,Order came wrong and was bad
4559,مش افضل حاجه
4560,tasty food
4561,الأكل حجمه صغير جدا جدا اصغر من الطبيعي حتي و غالي جدا علي الفاضي. الطعم حلو
4562,beautiful as usual
4563,كان البرجر جميل جدا
4564,بارد جدااا و قطعه البيف ناشفه و محروقه م الاطراف
4565,الاوردر جه ناقص 2 بطاطس
4566,Chicken sandwichs are very bad
4567,السندوتشات فاضية مفهاش غير البرجر و الجبنة السايحة فقط و البرجر كان محروق من اسواء المرات و اخر مرة هتعامل معاهم
4568,عجبني
4569,طلبت ساندوتش ٤٠٠ جرام،بعد اكتر من ساعه بعتولي ٢٠٠ جرام و كلمتهم عملوا حوارات و ابعتلنا صور علي واتساب و حاجه قلة ادب و قلة ذوق و متاكلش الساندويتش لحد ما يجيلك واحد يبدل الساندويتش، يعني غلطتهم و انا اللي اتكدر ٣ ساعات لحد ما اكل
4570,received wrong order and then I have received my order after complaining but with missing items and very cold!!!!!
4571,بطاطس ودجز بس ماكنتش حلوه ...الاوردر كله حلو
4572,Best restaurant ever 😍
4573,لاول مره من سنين .. يبقي زفت كده اللحمه مقرف وطعمها غريب ومش مستويه كويس ورميت نصه والبطاطس مجلده ومعدتي وجعاني من ساعتها .. بجد حسبي الله
4574,Actual delivery fees (28EGP) different from the fees showed by AlMenus (15 EGP).
4575,مصاريف توصيل مكتوبه ١٥ جنيه فاتوره تيجي لي ٢٨ رغم انه قريب ١٠ دقايق
4576,حلو اووي
4577,مش زي كل مرة المرة دة طعمها غريب وكان اللحمه لسا مستوتش
4578,very tasty and delivered very quickly. I love you Buffalo Burger.😍😍
4579,Tasty burgers and fries + quick delivery. However they didn’t put cheese on any of our burgers
4580,تمان
4581,the fries were so cold
4582,الساندوتشات صغيرة و متستاهلش السعر البريميوم...و طعمها و جودتها عادية مش الحاجة الواو...و شكلها غير الصور خالص
4583,كان حلو جداً .. ولكن النهاردة كان سيء والأكل بارد وأكنه متسخن مش لسه معمول :((
4584,شغال
4585,سيئ جدا والاوردر وصل ناقص
4586,أسوء مطعم بسبب السرقه اللي حصلت للأسف الاوردر بتاعي..
4587,مو حلو مره
4588,كله كان تمام 👍🏽
4589,the order was wrong and late
4590,الجودة قلت جدا و بقيتو تدخلو الصويا مع اللحمة مبقاش برجر صافي زي الاول
4591,IT'S VERY TASTE
4592,thank you ❤️❤️
4593,ال service جميله جدا وعامل الدليفري منتظم بملابس معقمه ومهتمين اوي بال details الموجوده مع الاوردر
4594,Really its my first time to order cuz im vegan I ordered a vegan burger the taste is good not bad Extremely expensive. very Small portion the bread is not fresh any more no potatoes really it was the first and last time for me
4595,ممتاز و رائع وخاصه الكيتو بس يا ريت لما يكون اكثر من ساندوتش يتم وضع كل واحد في كيس لوحده لانه بيكون لعدده اشخاص
4596,super fridge little bit cold but not bad they forgot to put ketchup and gloves
4597,it was so bad
4598,chicken wasn't fresh but all in all the sandwitch was ok
4599,the taste is great
4600,الدليڤري اتأخر شويتين بس برغم كدا الاكل مكنش بارد ، الصوصات محتاجه تزيد حبه عشان تقدر تحس بأختلاف طعم كل ساندويتش عن التاني وانه مش مجرد قطعة لحم و خلاص، و ال delivery guy كان محترم جدا حقيقي والاوردر كله كان حلو جداً بغض النظر عن التأخير
4601,الاكل مكنش بنفس جودة زي مابيكون ف الفرع الفرع اللى عند شارع المستشفى الاكل مخدوم حلو اووووى
4602,طلبت اوردر ووصلى ناقص ولما عملت شكوى عن طريق الابليكشن قالولى هيتاخر وهياخد وقت الاوردر الجديد .. مافيش احترام للعميل
4603,هو ده الدلال
4604,رائع بمعنى الكلمة
4605,سندويتشين ب١٦٥ج ..و الاكل جه بارد.. و الصوص ملحوس الدنيا ..و الكابوتشى مش هاين عليكم تحطوا ورقة كاملة... بصراحة ما حسيتش ان فيه قيمة اخدتها من الوجبة ده
4606,tu7fa
4607,جودة و طعم ممتاز
4608,they forget pepsi and coleslaw
4609,يجنن تسلم ايدكم
4610,"every thing was great from the food packaging and delivery to the quality of the food, really nice"
4611,The hot dog tasted weird
4612,احسن تشيكن برجر في مصر مش عارف اقول ايه دليفري محترم و سريع و الاكل احلى من كل ده بجد يستحق احسن برجر في مصر
4613,not bad الاكل وصل بارد جدا و مجلد زي العاده
4614,الاكل سخن جه بدري و الاكل جميل و الراجل محترم طعم حلو جدااا جدااا جدااا جدااا احسن تشيكن برجر في مصر
4615,الأكل أخر اوي ومكنش سخن
4616,Bot of the two burgers were burned in the way I could taste the burn taste. Not what was expected at all.
4617,تاخير في الاوردر
4618,There was missing sauces
4619,زي الزفت و الأوردة جيه غلط و انا مش هطلب منكم كانت أول مرة و عمري ما هطلب تاني
4620,more than perfect
4621,i ordered large fries but I got medium
4622,كان الاكل بارد و دفعت غير اللي مكتوب هنا
4623,البرجر ناشف و محروق والبطاطس ناشفه جدا مش المستوى المتعوده عليه من بافالو
4624,the food came cold and the fees were more than it appears to me
4625,ممتاز، لكن السعر عالي شوية، يا ريت العروض تكون أفضل من كده و خصوصا للعوائل و الطلبات الكثيرة، و يا ريت يكون في تمييز للعملاء الدائمين، بالنسبة للحلويات الكوكيز محتاج عناية أفضل، الآيس كريم ممتاز، الوقت بين الطلب و التوصيل لمدينة الشيخ زايد ساعة، كتير
4626,جايب الأوردر غلط
4627,جود تيست
4628,واللعبة عجبت الطفلة حدااااااا.. شكرا
4629,دي تآني مره أجيب في نفس الاسبوع.. اول مره كانت تحفه.. المرادي مش حلو بالمره.. البرجر محروق.. إضافات قليله جدا مفيش طعم اوي غير طعم اللحم بس.. اتمني الاوردر الجاي يكون أحسن لان المطعم أكله جميل فعلا بس المرادي ماصادفنيش الحظ
4630,Too late cold meal wrong drink
4631,Excellent taste
4632,was burnt
4633,اجمد برجر في مصر
4634,ج
4635,بصراحة من احلى الايام اللي كلت فيها كل حاجة كانت مظبوطة ، الغالي تمنو فيه فعلا :)
4636,جميل جداااا.. سريع.. الاكل محافظ علي حرارته.. باكينج تمام.. الاكل روعه 👌
4637,الاكل حلو اوبي بس وصل بارد و البيبسي سخن
4638,الصورة المعروضة غير اللي وصل نهائيا
4639,More thank 2 hours and half and didn't get the order. I pinged support on chat and each time says they on call with them and they are on way. At end they cancel the order and said your phone was not available! Chat support is bad as same as the res...
4640,It was cold and takes a lot of time to deliver
4641,"The ""Track Order"" feature wasn't working properly and the food arrived cold and extremely soggy."
4642,اكل بارد جدااااا
4643,عامل الدليفري لا يوجد اخلاق او زوق
4644,طبعا الساندويتشين حلويين و الباكيج كلها حلوة ما عدا البطاطس الجودة اقل من مطاعم كتير مماثلة لبافلو. النقط الأهم هي طريقة الدفع المفترض يكون فيه اختيار انه تكون اون لاين كمان مش كاش بس
4645,"slow, disorganized and misleading marketing"
4646,Order was wrongly delivered and no even feedback although I complained Worst service ever
4647,الأكل حلو بس زمن التوصيل كبير جدا
4648,"actually , i didn't receive it"
4649,"The food was a bit mashed up, other than that everything was fine."
4650,طعم ممتاز
4651,Don't like what I expected
4652,الناس اللي طالعين بيه السماء عمرهم ما داقوا لحمة بلدي في بيتهم لأن دي مستحيل تكون لحمة اصلا
4653,تاخير والاكل بيجي بارد وسئ وحاجة في قمة عدم الاحترام بتدفع فلوس كتير وخدمة سيئة للاسف
4654,Zero My food are not delivered
4655,salad and coleslaw were very bad and smelled bad
4656,The fries were old
4657,اختيار موفق ولذييييذ
4658,حلو اوى بس لو كان اسخن من كدا شوية كان يبقى احلى بكتير
4659,the fries wasn't fresh and the food was cold
4660,احلي برجر في مصر .... حلو جدااااااا 👌👌👌
4661,the coleslaw was bad.the fries was cold
4662,الطلب اتأخر جدا جدا و طبعا الاكل وصل بارد !!
4663,كان جاااامد
4664,السندوتشات كانت كويسه ،بس الكلسلو كان سي جدا
4665,"There was no sauce in the beyond Umami, and the cheese in the blue cheese sandwich wasn't actually blue cheese"
4666,طعمه هايل من احلي السندوتشات بس للأسف ال سجق مكنش مستوي
4667,hggg
4668,الاوردر جاه متاخر جدا جدا والاكل كن متبهدل وناقص باكت بطاطس
4669,very bad packing and quality of preparing the food
4670,food wasn't hot and fries was not very good
4671,وصل متاخر جدا
4672,very horrible service the order was late and not complete only one of the 2 sandwiches came
4673,أكل كويس يقارن بماك دونالدز 👍🏻
4674,After one hour and a half the food came cold
4675,worst place ever
4676,طعمه بشع
4677,it was delicious
4678,Very late and very poor serving. Cheesy mushroom fries had non-fried mushrooms
4679,جميل جدا ووصل في الميعاد مظبوط
4680,Amazing !
4681,Food was too cold i thrown it away it is last time to order from there
4682,"It's not like the usual Buffalo Burger, there were a little sauce in some of the burgers especially in the vegan sandwich which clearly needs a sauce to be tasty!"
4683,The chicken was so bad and not cooked
4684,والله تسلم ايديكم جميل خالص بالتوفيق دائما يارب و موصل اوردر في قمة الاحترام ربنا يجزيه كل خير يارب و اياكم
4685,طلبي كان بدون هالابينو وللاسف وصلني مليان منه
4686,لا خلاف ع بافلو برجر احسن برجر في مصر. التغليف ممتاز و الأكل ممتاز
4687,للاسف كان حلو اووووي الفرع ده يا خسارة الاكل بقى مش حلو وبارد
4688,very good I love this restaurant very much
4689,tooooo late
4690,للاسف الأكل مش سخن والبطاطس كانت ساقعه جدا
4691,جامد نيك
4692,"horrible, cold and disgusting. it took you 2 hours to get the order. it was my first time to use the app and for sure will be the last time."
4693,good but to deliver faster
4694,"Good taste, fresh bread and as usual very bad fries 😔"
4695,جميييل
4696,perfect I love the double diggler sandwich very much
4697,الشنطه اتقطعت تانى يوم
4698,اللحمة بتاعت السندوتشات صدمتنى ...تقريبا كلها شغت
4699,the sandwich was different from that i have chosen.
4700,فله شمعه منوره بس شوية تاخير بسيطه
4701,الاوردر وصل غلط، والمطعم احتاج اكتر من ٣ ساعات علشان فقط يبعت الفلوس وياخد الاوردر، ومكنش في تعامل مناسب ولا لامجزى يعوض التصرف البايخ ده
4702,الاكل كان ساقع جدا
4703,Great service fast delivery totally recommend it
4704,Tasty 😋
4705,البطاطس قليلة جداا
4706,البطاطس والساندوتش بالدين و البيف بيكون مش متشوح صح
4707,الاوردر جه ناقص ، تجربة سيئة
4708,the delivery guy was professional...
4709,الاكل كان حلو اوي بس زعلانه انه جيه بارد و انا كنت كاتبه ياريت ييجي سخن و ميرسي على الهديه :)
4710,7elw awi bs el 3eep wa7eed ano 5aly gdnn .. w bazt lw ray7 m3 s7btk :D bntklm fi 400 LE t2rebn :D
4711,غالبا بيشقلبو الشنطة و هم جايين
4712,"It was brilliant as always! Loved the bag with the offer as well (amazing quality). The only issue is that the order was missing the veggie boxes that come with each sandwich but other than that, amazing."
4713,الاكل كان كله بارد وكمان ليه مش بتقدمو جبنه وناتشوز مع الديليفري فري زي المطعم
4714,"Sandwiches are cold & of bad taste. It is the 2nd time to get the food by this quality, It was the best burger for me in the past but it is the last time to order it"
4715,lateeee
4716,bread quality
4717,Late delivery by approx half an hour. If you’re hungry try someone else!
4718,The best burgers.
4719,البرجر كان محروق جدا
4720,very poor managment. i live in west golf extension and they refuse to deliver although i ordered twice and i live exactly 10 min away from the resturant managnent with that mentallity shouldnt be trusted with food. worst customer experience ever
4721,رائع بجد
4722,حلو جداً لكن البطاطس محتاجه تتحسن
4723,الاكل جة بارد جدا على غير المعتاد من بافلو ومجتش الشنطة الهدية مع الاكل وبعد 3 ساعات بعتو الشنطة رغم أن الاكل كل مرة بيبقى حلو
4724,very bad
4725,"not enough sauce , dry sandwiches"
4726,عرض كينج مو سعره كويس لكن اللحمه المره دي طعمها متغير شويه مش عارف ايه
4727,The delivery man is so polite and decent
4728,جميل جداً الفراخ جمده جداا و الاكل سخن و كبير
4729,عادي
4730,هايل طبعا
4731,الحجم صغير جداا
4732,so cold and missing vegetable inside
4733,اسوء تجرلة طلب اكل اون لاين على الاطلاق، الاوردر ما جاش اصلا رغم انى كلمة خدمة العملا 5 مرات
4734,لذيذ
4735,"sandwiches was squished, lettuce was old, jalapeños was all in one side of the sandwich, bad experience"
4736,Taste was perfect as usual and everything was delicious 😋
4737,الاوردر وصل غير اللي طلبته انا طالب تلاتة نفس نوع واحد .جالي اتنين زي ماطلبت والتالت جه مختلف عن اوردري
4738,سندوتش ال vegan، العيش مكنش لونه بني، هل دة عيش نباتي فعلا؟
4739,Very good taste.
4740,سرعه الوصول ، جودة الخدمة عاليه جدا ، جودة المنتج حلوه جدا تخد تقيم ٥/٥
4741,متميز فى كل حاجه فعلا 💙💙💙💙💙💙💙💙💙💙💙💙💙💙💙💙💙💙💙💙💙💙💙
4742,سرعه وطعم جميل
4743,السندوتشات جايه بارده
4744,"everything was amazing today, the team is so lovely and friendly ❤️ the food is hot and the taste is great👌 the place is kinda small but very cozy❤️ thank you guys for making the place so cozy❤️"
4745,الاكل كان بارد 💔 مش متعود ع كدا
4746,Perfect. They have every single thing that you need. I would recommend trying the Meatfielder with the Cheese fries Combo.
4747,اختيار منتاز
4748,تمام حلو جدا
4749,الاوردر كان واقع
4750,نسيوا يحطوا باك السلطه
4751,Overpriced with a little portions Not recommended
4752,wondorful
4753,Delivery guy was awedul he didnot know how much and didnot wear a mask
4754,Thank you so much
4755,"I'm a fan of the Zamalek branch of Buffalo, but the Sheikh Zayed one is not at all worth ordering takeaway from."
4756,اللحمه غير جيدة البطاطس جميله
4757,رائع و مع استخدام العروض السعر ممتاز
4758,"order came, right, hot and delicious"
4759,حلو جدا البطاطس تحفه
4760,الأكل وصل بارد والفراخ باردة متتكلش تجربة سيئة جدا جدا
4761,Great ❤️
4762,waaaaaaw
4763,it took 2 hours and finally came cold. had to return it. zero customer service
4764,جامد فشخ
4765,الدليفري خد وقت كتير اوي
4766,انتو بعتو أوردر غلط
4767,البطاطس وصلت مش سخنة
4768,الاوردر أتأخر جدا عن الميعاد المحدد بالبرنامج
4769,The best place to serve such incredible burgers
4770,Burgers are never hot. Quality isn't bad. In a way its worth the price.
4771,good 🙂
4772,الأوردر اتاخر اوي ومكانش حاطط كاتشب كفايه وجوانتي واحد بس
4773,تحفه كالعاده
4774,السندويش جامد جدا
4775,"The order was barely warm, didn't taste good, totally disappointed."
4776,"Worst restaurant ever, period"
4777,"The worst service I have ever seen in my entire life, either the contact center employee or the delivery person both don't care about the restaurant reputation. Also the order was missing some items. Really a total mess, a horrible nightmare."
4778,البرجر ناشف جدا والسلطة وحشه جدا بسبب البصل
4779,فرع الهرم يوم السبت ٤-١٠-٢٠٢٠ الساعه ٢:٣٠ الظهر --جربت وجبه كينج مو و دي عباره عن اربعه سندوتشات ٢٠٠ جرام اخترت الانزاع دي --الشيتاكي مشروم --بيكن مشروم جاك --هودج بودج --كوارتر باك الاربعه اوحش من بعض نسب المكونات و الدىيسنج مع البرجر مش مظبوطه خا...
4780,"wrong order, not the requested sandwitches extra payment than the requested"
4781,the sandwiches were really fresh an tasty chili cheese fries was awesome
4782,✔️
4783,"not too big the 400 gm, I used to eat Burger King which is bigger and lower in price, in addition the potato was cold!! and I order tripple layers of Burger from Burger King less than you double burger price!!"
4784,"Food presentation is not that good, but generally it tastes delicious"
4785,الاكل كان حلو بس الفراخ كنت حاسة ان باكل سفنج
4786,Sandwiches came without salad basically it was burger and cheese
4787,Love the quality and the good service
4788,الاكل كان جميل جدا والمندوب محترم
4789,over cooked food
4790,الصورة غير الي وصل 😔
4791,"It was very good, and fast delivary."
4792,AMAZING 😌 Devine they even sent me plain french fries instead of my cheesy ones that i ordered they replaced them
4793,its not coming
4794,التوصيل سئ جدااا و متأخر اوي و الاسعار اوفر علي خدمه بتاعتوا بجد لاني بيعقد ٩٠ سنه حقيقي
4795,سئ جددا، ناشف، ملوش طعم ابدا، اسوء مرة الاقي طعمه كدة و الاكل جه علي مرتين بينهم ساعتين علشان الدليفري بينسي ياخد الاوردر كله ، حاجه مهزله والله العظيم وكمان اخر مرة جه نسي البيبسي الكان بتاع الكومبو و بجد من قرفي متصلتش تاني اطلبه،اخس بجد علي كدة
4796,not good at all
4797,they cancelled the order after 30 minutes of my order!!
4798,Avoid the keto range they use very bad lettuce leaves & in general they are not good like before
4799,the burger is so bad
4800,البطاطس مزيتة وباردة و الساندوتش بارد و مزيت و جايين ع نفسهم باعتين كيس كاتشب واحد و حتى البيبسى غلط !! الحسنة الوحيدة المندوب ذوق
4801,burger is not cooked well
4802,"delicious,clean,served hot,excellence"
4803,everything was so good .. quality and quantity .. ure the best 😍
4804,The onions rings are just a fried batter.
4805,it was good
4806,good quality and friendly stuff the order was delivered before time about half an hour
4807,البرجر لحمة حلو اوى و لكن الفراخ طعهما اخر مرة كان سئ للغاية لدرجة تخليك مينفعش تكمل
4808,Best burger in Egypt and fastest delivery
4809,"I ordered the food from your branch yesterday on 5:35 pm exactly and it was delivered on 7:30pm 2 hours and the food was so cold, really very bad branch, last order from buffalo at all"
4810,الاكل اكثر من رائع والتغليف ممتاز بس يا ريت يتم اضافه شاليموه مع اى meal بعد كده
4811,overall quality is good and clean .. delivered hot and soft nice bread ..yet delayed delivery and missing ingredients .. fried mozarella in double jab is really heavy I do not recomend.. hodge was very nice still missing some mentioned ingredients
4812,"The sandwiches taste great and always has been great, but the delivery time is awful and the fries are not good at all. It is my favorite fast food restaurant, so, I hope you improve."
4813,الاكل كله كان بارد والبطاطس جلدت من كتر ما بردت والبيبسي كان سخن والبصل اللي في السلطه ريحته كانت صعبه جدا
4814,اولا بافاللو لا يعلى عليه بس يا جماعة بالنسبة اعراض بافاللو مش موجودة ليه عرض 4 in the box ده انا بحبه وبيوفرلي كتير جدا عما اجيب كل سندويتش لواحده
4815,السندوتش جاي مش مستوي والبطاطس مش متحمرة وبيضاء وباردة مستوي ردئ جدا فعلا
4816,"Got half of the order wrong, and took them more than an hour to deliver the right thing"
4817,البرجر جميل والدليفري بيوصل في الموعد والوصفات زي الكتاب ما بيقول
4818,all sandwiches are the same taste. the bread so bad not fresh?!
4819,البرجر حلو، لكن التشيكن ستربس بشعه زفره وناشفه . وياريت صوص البافلو يتضاف عليه وصف انه الصوص الخاص ببافلو برجر لأن في صوص بافلو اصلا وده مختلف تماما
4820,"5 stars for timing, packing and freshness (Buster Chicken and Bacon Mushroom Jack)"
4821,مستواهم بئا في الارض للاسف و دي حصيلة 3 اوردارات بالنسبه للبرجر علي طول شبة محروقه و كاضافات الساندويتش عباره عن البرجر و متلحس اضافات بس و الفراخ حدث و لا حرج برضه مفيش اي اضافات و الفراخ ناشفه زي ما تكون بايته او اتعاد قليتها
4822,الاكل تحفة سخن وطازة وجميل سواء برحر او فرايز ❤️❤️
4823,مفيش احلى منه فى البرجر اصلا بس ياريت ترجع العروض بتاعته على المنيوز
4824,اكلOLD School وكانت اول مره اجرب بافلو هو اللي بيعشق البرجر هيعجبه الطعم لانك بتدوق طعم اللحمه بس لكن لو بتحب الصوص مع الاكل اطلب حاجه تانيه احسن بس المكان حلو وطعمه عجبني بس كنت حاسس ان ناقص حاجه اللي هي صوص مناسب يدي طعم اكتر ويخليني مستمتع اكتر
4825,حلو جدا الاكل و الخدمة و سرعة التوصيل ... الضريبة كانت أعلى من اللي مكتوبة على صفحة الفيس
4826,اول مره اطلبه ديليفري بس بجد خطير جدا كنت طالبه ساندوتش secret جاي سخن وبيني وبين فرع ٦ اكتوبر امريكانا ٢٠ دقيقه
4827,Awful customer service and customer care
4828,"Very bad customer service weird policy, an order is made and delivered in 30 minutes and a call center mistake in the order is more than 45 minutes till now with no response"
4829,worst sandwiches .. i couldnt even eat a bite came very cold and chewy...and even the customer service were not cooperative
4830,الاكل تحفة و الخدمة ممتازة فعلا يستحق خمس نجوم
4831,Sooo yummy. It's so fast in preparing and delivering
4832,"Best Burger ever, Delivery Good , And so Delicuious"
4833,They used to be good. I ordered as per my previous experience and it was the worst burger I’ve eaten in years
4834,"the best burger ever , fastest delivery , taste is delicious"
4835,اسوأ تجربة السندوتشات صغيرة و فاضيه مفهاش اي حاجة حقيقي الاوردر يقرف ياريت فيه اقل من ١
4836,سيء جدًا، اتأخروا تلات ساعات، والأكل جه بارد ومقرف وكنت طالب 400gm جالي 300 ومافهوش ولا حاجة من اللي طلبتها. اسوء مطعم برجر.
4837,مجربتش الفرع دا ولكن لطعوني ربع ساعة عالتلفون مش عارفين الفندق اللي قاعد فيه مع انه معروف جدا في الهرم!!
4838,و الله خسارة فيهم مجمة حتة الاكل وحش و زي الزفت و التوصيل المطعم جمبي و جه في اكتر من ساعة و نص و الاكل تحسه بايت و مش سخن و الجودة زي الزفت و فوق كل ده الاكل يوجع البطن
4839,رائع و طعمه حلو فعلا..و لازم نجربه تاني.. الأكل مستوي كويس و الأحجام حلوه
4840,الشهادة لله مطعم محترم والبرجر كويس جدا،، والتوصيل مش بيتأخر
4841,الاكل عمري ما طلبته و طلع وحش و لو في غلطه محترمين جدا و بيحلو اي مشكله و حاجتهم نظيفه ♡♡
4842,فككو من اي تعليقات ساندوتش Secret Burger ده وووهم واستحالة يجيلك وحش ولو جيه بارد تعالي علي نفسك وسخنه في الميكرويف عشان هتدوق طعم خراافي
4843,اقسم بالله عالم زباله اسلوب العاملين زفت والمدير الفرع الحمار معاملتو خرا والاكل زاي الزفت
4844,اولا ماتصدقش اي صورة تشوفها عندهم في اعلان او منيو، ثانيا الجودة ضعيفة جدا و البرجر مش قد كده و مفيهوش حاجة مميزة و الساندوتش شبه مفيهوش مكونات اصلا، الاسعار مبالغ فيها، و موضوع الطماطم و البصل و المخلل بره دا ممكن يكون كويس في الاول لكن لما الحاجة ت...
4845,السندوتشات باردة و البطاطس باردة جدا الاكل جيه سئ جدا
4846,ليه مافيش توصيل ل عمارات السعودية حدائق القبة
4847,قرف! حاجة في منتهي القرف! السندوتشات بتيجي باردة وفاضية ونص المكونات ناقصة منها! فلوس بتترمي على الأرض لشوية ناس معندهاش ضمير!
4848,الاكل وصل متأخر جدا جدا... والاكل وحش جدا.. الحاجه الوحيده الحلوه حلقات البصل
4849,اسوء مره الحقيقه .. حاجه نيله شكله اوردر كان باظ واتنسي وقولته تبعتوه وخلاص ..بجد عيب اوي
4850,سرعة توصيل وبوكس فور ان وان مشبع جدا و ساخن ورائع
4851,"Thhe order was delivered quickly, and it was generally really good. my biggest complaint would be the fact that buffalo's burger patties are considerably DRY, the amount of sauce in the sandwitch cannot fully mask that fact."
4852,طلبت وجبة فور ان زا بوكس وعليها خصم من المنيوز بصراحة كويسة بس غالية سيكا حتي بعد الخصم بس بصفة عامة جميلة لكن ويليز كيتشن وجباته حلوة اووي وارخص
4853,الاكل كان حلو بس الساندوتشات غير الصور خالص
4854,"order came in kind of warm even though I live close by, took over an hour. Food wasn't as good as I had it there before but acceptable."
4855,الاكل تحفه.. وسخن وسريع.. ومنتهي النظافه
4856,"Going down from one of the best burgers to one of the worst very quickly. Food was burnt, low quality burgers and very expensive. Last time."
4857,Mushroom sandwich was tasty with great fries
4858,جميل جدا وتوصيل سريع ونضافة وكواليتي شكرا بجد Buffalo Burger علي الخدمة دي وقت الحظر ♥️
4859,٣ ساعات وانا بنتظر الارودر ولا حياة لمن تنادى وخدمة عملاء فى الشلال حرفيا
4860,"Best burger in Maadi, clean, tasty, even the side items are great"
4861,عامل الدليفيري اللي جالي مكنش لابس جوانتي أو كمامة ولو اتكررت مش هستلم الاوردر
4862,The best burger ever the quality so good and very testy ❤️❤️❤️ it ever failed to make me happy really ❤️❤️
4863,Experience was fine Hot Meal mozzarella sticks not bad taxes was 5 L.e not 16 L.e for hitchhiker Sandwich
4864,Very bad unprofessional customer service
4865,best taste ever and very fast in delivery
4866,"Very juicy and tasty burger, highly recommended"
4867,الاوردر استنيته ٣ ساعات عشان يجي ! و اتعلملي أنه وصل من اول ساعه عمري ما هطلب منه تاني
4868,Worst Experience ever is to order and after 30 minutes you get a rejection on the order. Not recommended and not trusted. If there's anything below zero I was going to give it to Buffalo Burger for being unprofessional date 10th June 2020
4869,"Best burger ever fast delivery professional staff, I love the fresh ingredients, the cheese fries are amazing, last time the wedges was a bit over cooked though, but overall I was really satisfied, and the free dessert was a sweet gesture."
4870,طلبت بوكس ٢٥٠ج ٤ سندوتشات دليفرى جالى فى خلال ٤٠ دقيقه من فرع فيصل و كان كويس جدا و سخن. المشكله الوحيده كانت فى العيش انه مع سخونه الاكل بيبقى طرى فياريت الدليفرى العيش بتاعه يكون متحمص شويه.
4871,من أحسن المطاعم الي كلت منها سرعه توصيل واكل نضيف وبكدج مرتب واكل سخن وفريش
4872,poor burgers if u your kids decide to cook burgers it would taste much better
4873,"can't get bored of their sandwiches, they keep adding a new sandwich more tasty and juicy than the previous ones. keep it up"
4874,بالنسبه للاهتمام بالرد علي الناس فهي فيها إهمال كبير جداً انا اتصلت كتير دلوقتي مره ميردوش و مره يحطوني علي الهولد مده كبيرة بجد الخدمات دي سيئه جدآ
4875,Very good quality and tasty the best restaurant ever
4876,فرع المعادي ممتاز طلبت اوردر امبارح كان تحفه جدا جدا و تغليفهم محترم قوي و كان جاي سخن و طازه بس حلقات البصل كان وحش قوي ناشف و مجلت مع انه كان سخن
4877,فرع الهرم كان بقالي سنين ما اتعاملتش معاه بس جربته يوم الجمعه 15-5-2020 الساعه 1:30 الظهر جوده الاكل ممتازه و تغليف محترم جدا و الاوفر بتاع الأربع سندويتشات و اربعه بطاطس و بيبسي لتر ب 250 جنيه ممتاز في السعر و الكميه و الجوده و البرجر جوسي و تتبيلته حلوه بجد --بيف بيكن مشروم جاك و ده برجر عليه مشروم و كريمي مايونيز و بيف بيكون ،طعمه حلو و الميكس ماشي مع بعضه جدا --انيمال ستايل و ده برجر عليه حلقات بصل مقليه و بافلو برجر صوص و صوص مسترده وهمي مخترعينه عامل ميكس طعم لطيف بس فكره حلقات البصل مش لطيفه قوي مع الميكس ده --اكس اربان و دخ برجر و عليه بيف بيكون و حلقات بصل و باربكيو صوص و حلقات بصل،الميكس علي بعضه لطيف شبه سندوتش سموكد هاوس باربكيو عنى اي مكان --اسياجو تشيكن و ده فكرته حلو قطعة فراخ مقليه متبله حلو و سميكه و مش ناشفه و معاها بيف بيكون و صوص كريمي و صوص جبنه مدخنه ،ميكس طعم مميز فعلا و المكونات ماشيه مع بعض --الخلاصة فعلا محافظ علي مستواه جدا و عجبني في الخدمه و الجوده و السعر و العروض المميزه
4878,why no online deliver to el manyal ? yet it is there for garden city area which is next to el manyal
4879,اوحش خدمة، طلبناه علي ٤ و الطلب يوصل علي المغرب علي الفطار و وصل بعد المغرب ب ربع ساعة و الorder غلط كلمتهم ٧ مجابوش حاجة لحد ٨ كلمتهم قلت خلاص كلو اكل يبعتولي الحساب لحد ٩ مجابوش حاجة الساعة ٢:٣٠ الصبح بعتو الفلوس
4880,"Very tasty ana delivered at the time , i hope to you more successful"
4881,الاكل سىء جدا ساندوتش مفهوش اى ناكهة خساره الفلوس والله
4882,"First time the order never came, second order arrived including wrong items, generally bad organization."
4883,التوصيل و الخدمه في منتهي السوء و عدم النظام و بجد انا كنت من عاشقين بافلو دلوقتي فعلا بقي وحش جدااا
4884,food not as expected and wayyyyyy far from being good or delicious
4885,اتبعت الاوردر غلط، في ساندويتش اتبعت غلط غير الي طلبته
4886,الاكل كان محروق ومايستهاش الفلوس. و البيبسي كانت ناقصة. و الديلفري كان جاي متأخر. خدمة سيئة بكل المقاييس
4887,طالبة اوردر من ساعتين و كل دة متعملش اصلا عشان السيستم سقط الطلب اخر مرة اتعامل معاكوا و النجمة متستهولهاش اصلا
4888,ازاي بتقولوا ان فيه عرض و انتوا اصلا شايلينه
4889,سئ جداااا وحرام الفلوس اللي،دفعتها في الاوردر وصل بعد ساعتين وطبعا مفيش طعم انتم بتنزلو للاسف
4890,I order today the offer of 3 sandwich 150gr it came wrong sandwiches and cold and the taste not like buffalo anymore also the fries was very very cold and triple a
4891,انا طلبت اوردر و حد من خدمة عملاء بافلو كلمنى و اكد معايا الاوردر و بعد ساعة مفيش اى حاجة حصلت و لما اتكلمت مع حد من المنيوز توصل ليهم و كلمونى و قالوا ان فى مشكلة و الاوردر لسه هيتحضر و قدامه ٤٥ دقيقة
4892,Ya Ged3an Mariam msh 3ayza teshoof el logo
4893,احلى برجر فى مصر و الجوده عاليه و النظافه واضحه فى كل شئ من دخولك المطعم إلى جوده التعبئه والمواد المستخدمه
4894,طلبت اوردر ساعتين و نص و موصلش ولا حتى مكالمة اعتذار ولا اى حاجة.. وفى الاخر بعد الشكاوى يقولوا هيوصل خلال ساعة تانى.. بجد منتهى قلة الادب وعدم الاحترام
4895,الساندويتش مزيت واللحمة نفسها طعمها وحش وكل مرة باكل منه بطني تتعبني، تويلت واحد لكل الناس ومش نضيف بشكل عام مش مُرضي بالنسبة لسعره لكن يُحسب له وجود مقبلات مع الأوردر وإنه مش بيتأخر أوي في الدليڤري
4896,Tasty and juicy burgers fries are also tasty but the service is bad and took half an hour to get the food a bit late but the food was not cold
4897,"The City Stars branch is the worst branch ever ... The cashier is very bad and they supply the things that we do not ask for, unlike all the branches and the service is bad in the branch"
4898,"The food wasn’t tasty, and it got me tired"
4899,"One of the worst burgers I've ever eaten. I paid 260 for 3 meals and it was money wasted. The burger was so thin and it had literally nothing on it like it was supposed to, the ""large"" fries are smaller than McDonald's medium. I waited 40 minutes to ..."
4900,الطعم ممتاز واللحم جودته واضحه جدا ومميزه والخدمة ممتازه واصناف جميلة بس شالوا حاجات كتير من المنيو كانت حلوة جدا بس في المجمل من افضل المطاعم اللي جربتها
4901,احلى برجر فى مصر بجد و خدمه ممتازه و الاكل نظيف و كميته حلوه
4902,Don’t like it
4903,منذ سنة والجودة تنحدر إلى الأسوأ.. اللحم المقدم لا يبدو أبدا من نوعية جيدة فضلا عن احتوائهعلى نسبة كبيرة للغاية من فول الصويا الضار صحيا
4904,Best burger ever Double diggler my fav chicken sandwich
4905,افضل مطعم في مول مصر ❤️❤️❤️❤️❤️❤️❤️❤️❤️❤️❤️❤️❤️❤️❤️❤️❤️❤️❤️❤️❤️❤️❤️❤️❤️❤️
4906,I ordered old school combo meal and was very delicious :)
4907,تحفة ومن احلي المطاعم ونظيف والكمية كبيرة حاجة تستاهل التجربة
4908,أحلي برجر في مصر بجد ، طعم اللحمة رائع و كمية الصوص في السندوتش مش قليلة و مش كتير مغطية علي طعم اللحمة و الملح مضبوط و العيش طازة و الاسعار بالنسبة للجودة العالية دي حلوة جداا و في عروض كمان بتوفر، و الخدمة في الفروع اللي روحتها كانت كويسة I would ...
4909,Amazing good staff tasty good size need more offers like super hero for 4 personnes
4910,The service was good but the food is disgusting and fries was disgusting alsoo
4911,من اسوا الفروع. للعلم حاجة سيئة طعم سئ. اكل غير طازج. بايت. بطاطس الله يسامحهم
4912,I was starving so i ordered bacon mushroom jack the sandwich was cold and the delivery guy came after 2 hours
4913,"The sandwiches came late The service is TERRIBLE, i asked for cleaning the table and removing the food of the previous customers many times for about half an hour. The food came cold. We bought combos, they brought with no ice. We asked for cold..."
4914,"The worst food ever, my advice to everyone, it’s a trap, don’t eat there, they deliver in more than 2 hours and the big surprise sandwiches is almost empty, the worst the worst the worst"
4915,"One of my favorite burger places , the size is good compared to price and as for quality and taste it's really great!"
4916,Worst service ever I've placed my order at the branch been waiting for it over 30 min no one is checking the orders nor standing at the cashier most of the time other people ordered after my arrival & took their order & left.
4917,worst Experience on Earth. ordered food I Ramadan and got confirmation that it will arrive 30 minutes ahead of Iftar. it arrived over 30 minutes after iftar ... and came all wrong and I called them several times they told me it is out already which ...
4918,"I tried the new double jab and it was really tasty. I even got nachos and melted cheddar as a welcome. The experience was excellent as usual,but the only problem is that I waited for a bit long time although there were only 2 customers. This is a bit..."
4919,العيب الوحيد ان الاكل بيتأخر جامد اوي. اشتغلوا على الموضوع ده بجد و هيبقى احسن مطعم برجر لانه فعلا مكان محترم
4920,"✔✔✔✔ animal style , ✔✔blue cheese and hitch haker"
4921,Duble diggler الجديد روعة و تحفة جدا و الاستاف ذوق و محترم
4922,best burger in taste & quality both dine in & delviry
4923,تقييم ال5 نجوم بالذات عشان فرع الرحاب والاستاف اللي شغالين هناك ناس في قمة الذوق والاحترام والمكان نفسه روعة والقعدة جميلة طبعا البرجر نفسه تحفة والساندوتش كبيير وبيشبع ممكن يكون غالي شوية بس يستاهل بصراحة خصوصا عرض السوبر هيرو جميل جدا وبيوفر اما فر...
4924,من افضل المطاعم و الاستاف محترم جداااا والاكل طعمة حلو اوووي
4925,"Tried the Animal Style, Perfect! Honey mustard sauce was on spot, the vegetables coming with the sandwich surprisingly were fresh."
4926,اخز مره طلبت اوردر معجبنيش خالص و اسعاره بتزيد و مفيش اي تطوير في ظل محلات البرجر اللي سبقته بكتير اوي دلوقتي
4927,السندويتش صغير كده لييييييييييييييييييييييييييييييييييييييييييييه
4928,yom 24/1 l sa3a 7 awln l far3 kan za7ma gedn w mfesh mkan asasn wl akl wesl b3d aktr mn nos sa3a wl service we7sha gedn w t3amlhom msh latef 5als w kman l akl kan bard w msh tasty kan aswa2 mara aro7 buffalo w i think an de htb2a a5r mara
4929,من احلي البرجرز اللي دوقتها و الخدمة سريعة جدا
4930,"very bad taste, very slow delivery and so crowded"
4931,فرع المعادي عنده مشكله فعلا لازم الاوردر يوصل ناقص حاجه ولو وصل كامل يوصل مقلوب في الكيس ولو كله تمام لازم الاكل يوصل بارد مع اني دايما بوصيهم انهم يقفلوا الاوردر كويس عشان يوصل دافي على الأقل ده غير سلوك اغلب بتوع الدليفري الي شغالين في الفرع
4932,"this was really disgusting place, I ordered dilvere from their and when I eat I found papers on my sandwich plus the taste was horrible for sure, I can't imagine how this place so bad like that"
4933,"Wait, is this even a food? and we should pay for it as well? like how? I don't get it. The least you can do is to bribe us with more fries so we forget about the shitty overpriced sandwiches we just ate."
4934,"Buffalo burger never disappointed me. Very nice, fresh and clean."
4935,الاكل بجد مفهوش غلطه انا جربت تقريبا كل الانواع عندهم معادا الايت والبيكون بس بخلاف الاتنين باقي الاكل حلو بمعني الكلمه
4936,اللحمة مليانة فلفل اسود بطريقة تقلق أكنهم بيغطوا على حاجة. Burger was full of black pepper which made me doubt something is wrong with it.
4937,الاكل كان حلو جدآ و محترمين و ديكور رائع
4938,مميزا جدا في الطعم والديكور لكن يعتبر غالي نسبيا في الاسعار
4939,The burger is really great but sandwiche size is very very small and very expensive compared to other burgers restaurants that can make similar food
4940,مينس برقبته ١٠٠ مره... ده مش برجر حقيقي ده مصنع زي بتاع السوبر ماركت
4941,لو فية اقل من ١ كنت اختارتة! البرجر محروق محروووووق جايلنا محروق البطاطس باردة و soggy الصوصات كلها تقرف ال ranch و ال buffalo كانوا اللى ينفع يتاكلوا يمكن ANIMAL STYLE مفروض برجراية و قطعتين onion rings و جبنة و بقية الخلجة مفيش اصلا صوص و قطعة بصل...
4942,you guys cannot offer a good burger anymore!
4943,I can’t thank the team and chef enough for the delicious food and the excellent timing and the hygiene in this restaurant. It’s rare!!!! Stay awesome!!! Loved it
4944,احلي برجر دقته في حياتي و يستاهل تمنه الصراحه
4945,one of the best burger restaurants in Egypt
4946,"Delivered earlier than expected, very good burgers"
4947,bad delivery service
4948,Very good burger with very good offes
4949,"Best burger in town, great customer service."
4950,فرع شيراتون، الموتزاريلا ستيكس الفاضيه اتبدلت بواحده جديده بس خدت ساعه
4951,فرع شيراتون ، البرجر و كل حاجه عنده كانت جميله، بس النهارده المستوى كان سيء جداً. أولا واحد من ساندوتش البرجر كان جاي محروق شويه و ناشف جداً، و الموتزاريلا ستيكس كانت فاضيه، و ده معناه انها و هي بتتقللي فضت جوه الزيت، بس مع ذلك الشيف معملش بدلها و ب...
4952,Best Taste Ever :) and fast delivery...hot food Love love love
4953,The food came on time and heated... We ordered hitchuacker and old school burgers and the sandwiches were really good and tasty
4954,"It was the best burger I have ever eaten. Pure meat, clean ingredients, well made meal!"
4955,"First off, they charged me 26 egp for delivery even though i live 7 mins away from zayed’s branch. The pictures here are EXTREMELY MISLEADING. The sandwiches are not rich and they’re not as professional as they make them seem. The bread is good thoug..."
4956,Very good home made burger and also the chicken sandwiches both are great
4957,طبعا وكالعاده رائع بس هيا طبعا الاسعار بقت اوووفر ????
4958,"I really used to love this place but today delivery was disappointing ????delivery took too long over 80 min ,, packing is so bad ,it was too disgusting to eat , rasatfari has no jalapeño just fried cheddar ????????"
4959,"Unfortunately I was so disappointed, the meat patty is the same as McDonald’s or any junk food, not pure meat, nothing special. They’re just good in sandwich toppings and mixes. Meat patty below average."
4960,تحفه جدا بجدددددددددددددد
4961,"Seriously! you have the worst customer service, and now lying to your customers as well! Well done! every day you prove to me that you are the worst of all and never to call you again. And it's not only my review but alot of my Friends as well. Don't..."
4962,من اجمل مطاعم البرجر الي روحتها
4963,burger kwys gedan .............
4964,سندوتش اولد سكول معحبنيش اوي زي التشلي صوص كان حلو والصوص عحبني جدا
4965,"My fav place ever, thank you"
4966,ده slipers box ٣ سندوتشات بس حجمها صغير اوي بيجي معاها ببسي و بطاطس و بتختار الانواع عجبتني الفكره و البرجر كان حلو اوي باين في الصوره انه قطعه لحمه احلى واحد فيهم البيكون❤
4967,طعمه تحفه جدا البيكون الي جوه طري جدا و المشروم مستوي كويس البرجر ريحه الشوي فيه ودي حاجه تحفه جدا و حسيت اني باكل قطعه لحمه مشويه و ده عجبني جدا ❤ حبيييت
4968,للأسف كانت تجربه سيئه امبارح في فرع المعادي شارع النصر ، البرجر نفسه محروق وطعم الحرق باين فيه والطبق اللي بيتقدم فيه الاكل كان متوسخ وملزق مكان عميل قبل كده والكول سلو كلها مياه تقريبا وطعمها سئ جدا ..
4969,I like the taste it's so good
4970,تربيل وحلقات بصل وموتزريلا ستيكس وهاتش هايكر رائع
4971,Prefer not to order as it would be cool and yucky
4972,"The order was perfect, tasty, & delicious ????????????"
4973,محل ابن متناكه بمعني الكلمه و كل الشغالين هناك بيتناكوا
4974,"Food arrived 2 hours after the order was made, cold and no taste. Overpriced will never order again"
4975,"""Bacon mushroom jack"" ❤ Fazeeeeee3 i will absolutely order this over n over :D #thickness #juicy-ness #bold-flavor #mushroom #bacon #swiss-cheese #bread #perfection"
4976,Best burger ever Fast delivery Good quality
4977,البرجر بتاعه حلو اوي ... animal style is my favourite ... الonion rings اضافة حلوة ليها والصوص الي معاها مخليها حاجة تحفة بذلت نفسها... charbroiled كانت حلوة برضة وغنيةبصوصاتها Cholo’s هالبينو كتير بقى ... حاجةدا لو حد بيحب الشطة وبيتمزج بيها ?????...
4978,very good choose if you will go for standard burger sandwich (without extras)
4979,"If you go to the restaurant you get good food , but you order to your house for some reason it would taste bad , and the bun would be crushed."
4980,Feelin home Feelin Amazing Thanks buffalo for ur great food ❤
4981,It's the yummiest burger zonee Im in loveeee
4982,Buffalo is the best of the best!!
4983,One of the top restaurants❤
4984,Yum yummiiiiii❤ Best burger ever!!
4985,في حب بافلو برجر يانااااااس ينعشق❤
4986,مقدرش علي كدة و مقام السيدة❤❤
4987,سندوتش عظيييم دايما من اماكني المفضلة❤
4988,ايه الجمااااال دا بس يارب تبقوا دايما كدة و في تطور مستمر
4989,كالعادة يجننن..شكرااا بافلوووو
4990,واحد من السندوتشات المميزة البرجر كالعادة عند بافلو يجنن و حلقات البصل خطيرة جودة عالية و دايما طازة❤
4991,كان طعمه تحفة و كبييير اوي كفي ووفي❤
4992,WoooooW! Just wow!! It was a perfect sandwich can make anyone happy
4993,كان حلو جدااا و الاناناس مع البرجر حبيييييت❤
4994,It was a nice experience as usual it was a so fresh and so tasty sandwich❤
4995,We always have a nice time there The quality the size the taste and everything is wonderful!
4996,Always Amazing & Delicious
4997,For the love of buffalo❤
4998,Buffalo burger❤ you are awesomeee and yumiiiii
4999,"The most delicious, the most clean, the yummiest burger ever????"
5000,مطعم فخم و نضيف جداااا و السندتشات متنوعة كلها طعم و جودة جبااارة جربت هيتش هايكر و الريستفاري و التريبل كلهم كانوا جامدين جدا
5001,"I mean the food is alright, not bad but not the best. Definitely better than other fast food burgers though."
5002,ياخوانا الناس دول بقوا خمس نجوم، توصيل سريع أكل سخن بيبسي ساقع تلج، عيش طازة تغليف محترم سعر كويس وطعم بقا حاجة كده تخليك تنسى إسمك
5003,Got their latest offer last month. Burgers arrived in a terrible state. Burgers don't taste as good as they used to be when they first opened.
5004,لللأسف خدمتكم سيئة مفيش ربط كويس بين خدمة العملاء والفروع .. بعد ما اطلب الاوردر واستنى .. يتم ابلاغى ان الفرع فى اكتوبر فى ضغط ومش بيوصل للمكان !!!!!!!!
5005,Arffffffffffffffffffffffffffff
5006,El akl nedif we di a7san 7aga we portions kbiiiira
5007,حلو جدا ومشبع ووصل سخن. والعرض بتاع 2 ساندويتش وبطاطس و2 ايس كريم ده عرض تحفة.
5008,Old school sandwich was good
5009,النهاردة طلبت باكون مشروم جاك 200 جرام. الاوردر جالي ف تلت ساعة، سخن وكبير جداً وبيشبع ولسه محافظ عالمستوي، لسه افضل مطعم برجر بالنسبة لي. يا ريت كل المطاعم تبقي زيه فالـ consistency
5010,محافظ ع طعمو دايما والعروض بتاعتو بتبقي حلوة
5011,I tried it one time only and it was normal
5012,Buffalo burger is really one of the bests! I never regretted ordering from them ???? every time it’s fresh and delicious ???? and i think the price is also very good comparing to the others.
5013,Wonderful muscle burger
5014,برجر بالتشلي صوص حلوو جداا ومختلف والبطاطس حلوة جداااا
5015,بقى المطعم المفضل بالنسبالي لما احب اكل برجر بحق وحقيقي مش اي كلام .. الاكل ممتاز والاسعار غاليه شويه بس مناسبه بحجم الساندوتش والبطاطس كويسه جدا والخدمه ممتازه في الفروع
5016,2nd best burger after fuddruckers
5017,"My favorite burger place, always perfect."
5018,من الاماكن اللي مستمره علي نفس الكواليتي من اول مره جربتهم :)
5019,The best one out there
5020,The bread is fresh and the tomato and the lettuce were very good and the burger is awesome
5021,"Hands down the Best hamburger in Cairo! The menu is extensive and will satisfy the hungriest appetite. The burger are so filling and satisfying. My favorites are the Hitchhiker, Animal and more. Enjoy!"
5022,The Best Burger ???? I have Eat and quality service
5023,They always have offers that makes me so happy!❤️❤️
5024,فرع downtown الsandwich مش وحش بس service وحشة استنيت كتير جداً عشان الأكل يجى و الأسعار عالية آوى ، فرع concord plaza زى الزفت
5025,حلو بس منافسينه كتير و محتاج يطور من نفسه .. فكرة تجميع الساندويتش سخيفة بالنسبة لى و بتهدر المكونات، الأسعار عالية جدا جدا
5026,Shitak burger has been always the nicest treat in a cold winter night ( and in a summer breezy night as well) They do deliver so after the closure of Roma Cafe. You can still have the best burgers in town!
5027,Excellent ????????????????????????????
5028,البرجر بتاعه كويس جدا من اول المحلات اللي دخلتها و كانت بطبق نظام انك تختار ال size بتاع البرجر اللي عايزه و ده الفكره ده كانت عجباني جدا بصراحه...السندوتشات احجامها كويسة و طعم اللحمه هو الغالب في البرجر مش ال soybean او التوابل.... ال chilli souce...
5029,حلو اوي و الساندويتش عيشه فريش (مش حاجة بلاقيها في كل مطاعم البرجر)
5030,"Very nice burger , tastes like it's good meat ,, pure meat not mixed with soya beans like other chains of burger restaurants"
5031,Today i make an order and they late on me for an hour almost and when i wrote to their whatsapp complain number they didn't reply too. I will refer to Ackef to tell him about this bad situation.
5032,احسن محلات البرجر بجد بس في فروع بقت مش بتعتم بالجودة اوي فارجوكم بلاش تقللوا المستوى اللي ميزكم
5033,"Amazing food... I enjoyed Charbroiled, animal style and bacon mushrooms jack"
5034,اول مرة كانت وهمية.. عجبني وكان يستحق 5 نجوم.. سواء من الخدمة او الطعم و الكمية المرة الثانية طلبت دليفري ووصل محروق ومتٱخر جدًا كلمت خدمة العملاء وماحدا رد علي، تجاهل .. اضطريت استخدم قوة السوشيال ميديا ..وبعد كام ساعة من انتشار البوست اتصل عليا مد...
5035,One of the best burger places everrr..
5036,خطييييييييييييييرررررر
5037,"I love their toppings more than the burger it self ,, also the prices are a little bit expensive"
5038,"I burger bta3o 7lw awiii w mesh 3'ali w yashba3, Animal style, bacon mushroom jack , rastaferi, & Shiitake Mushroom wel fries b7b awii mean 3ndo...."
5039,احسن مككان بيعمل برجر اخر مره روحته قومت مش قادر اكمل الساندوتش بس اسعاره غاليه حبه
5040,وكمان من انضف واحلا برجر بيتقدم في اكتوبر
5041,من افضل المطاعم في خدمه العملا
5042,When its about burger surely no one can beat this brand of delicious burger Bacon mushroom jack always made my day
5043,الاكل ٧/١٠ السعر ٦/١٠ النظافه ١٠/١٠ السرعه الطلب ٦/١٠ المكان ١٠/١٠ فرع اكتوبر
5044,الاكل ٧/١٠ النظافه ١٠/١٠ السرعه الطلب ٦/١٠ المكان ١٠/١٠
5045,"Not the best burgers in Egypt , but its good for a try , do not order their meal of 4 though to over priced for the amount of food you will get"
5046,"Perfect meat, clean and doesn't hurt your tummy like every other restaurant in Egypt."
5047,فرع سيتي سكيب اكتوبر حلو كخدمة . البرجر حجمه بيقل مع الزمن معرفش ليه . لكن كطعم حلو بالذات باكون مشروم
5048,برجر تحفة وطعمه لذيذ جدا
5049,للأسف بحالات بس الاكتر انه بيبقى حلو
5050,It's a little bit expensive but it taste perfect
5051,Really amazing taste
5052,"Sometimes the perfect weekend represented in a movie night and couple of old school patties from @buffalo_burger . We had the most famous one on @elmenus and the most one without any complications. Bacon mushroom jack without any extra topping, cau..."
5053,البرجر عنده طعمه مختلف ده غير انه بيبقي juicy عجبني جدا
5054,"Very good burger, I like bacon mashroom jack a lot :)"
5055,حلو جداا مطعمي المفضل حاليا ف البرجر ????
5056,البرجر حلو جدا بس البطاطس قليلة و الاضافات مش حلوة و الاسعار مبالغ فيها
5057,طازج ولذيذ ورائع جدا
5058,البرجر بتاعهم مش حلو اووي زي ما كنت متخيل وفرع المعادي مش حلوه الخدمه فيه والأسعار عاليه اووي اووي
5059,البرجر طعمه حلو وبيشبع بس اسعاره غالية
5060,طعم البرجر حلو والاحجام كويسة بس الاسعار غالية
5061,طعم البرجر عنده حلو جداا والاحجام معقولة بس الاسعار غالية
5062,حلو جدااا جربت bacon mushroom jackوold school الطعم كان مميز والكميه كويسه ????????
5063,It was amazing experience. Every thing was just perfect and we enjoyed every bite.
5064,????????????????????????????????????????????????????
5065,"Downtown branch:The food is very good and tasty, the service is a bit low. The place is quite simple and calm, can be romantic or gathering of old friends."
5066,مطعمي المفضل في مطاعم البرجر كلت عنده آخر مره انا وصاحبي من أسبوعين بيف برجر و برجر تشيكن سبايسي مع بطاطس وبيبسي و ناتشو وكان طعمهم جامد اووي كله مره بروح أكني اول مره اروح عندهم من جمال الأكل عندهم والأسعار مش عاليه اووي بس غاليه مش رخيصه
5067,One of the worst delivery service i have ever ordered it took 2 hours to bring the order and it was sure soo cold. The manager comments was just sorry no more no less.
5068,"Very bad delivery service , i got my order in nearly 2 hrs and didnt look much like food ????"
5069,فرع الهرم* وتاني تجربة مع ال 'تو هيروز' ومعرفش ليه حسيت أني طلبت حاجة مختلفة عن اول مرة كلته فيها، كان أول مرة ادخل الفرع ده بصراحة، في البداية كدا.. فرع الهرم مهمل جدًا من نحية النضافة مقارنة ببعض الفروع الأخرى أو نفس محلات الفاست فوود اللي حواليه،...
5070,من احلى المطاعم المتخصصة في البرجر تأكل منه وانت ضامن طعم وجوده ممتازة فعلاً
5071,اول ما فتح كان حلو وبعدين مستواه قل جدا مش عارفة ايه السبب
5072,اول ما فتح كان حلو جدا و بعدها وقع و فاجئه رجع تانى حلو و حجمه حلو و طعم و جوده اتمنى يستمر على كده
5073,the burger taste is great
5074,كان الاول حلو بصراحه دلوقتي. مش عارف يظبط زي الاول
5075,البرجر بتاعو طبيعى جدا و حلو
5076,البرجر حلو بس مش احسن برجر ف مصر ؛ البطاطس الويدجز مميزة اوي عندهم. ارشحلكم Bacon Mushroom Zack
5077,Very tasty burger and high quality ingredients especially the muscular
5078,"the amazing taste always rules, Buffalo Burger remains one of my top 5 burger restaurants. love Buffalo Burger"
5079,Where's the beef? It's right here
5080,لما كلت في فرع التجمع الخامس وفرع اكتوبر كان عظيم لما جربت بقي فرع النزهة مش حلو خالص القاعدة وحشة جدا اه الاكل متغيرش وحلو بس القاعدة مش ظريفة خالص ومفيش باربيكو في المحل والكاتشب في بتاعك صغيرة كدا كانت تجربة وحشة اوي فرع النزهة مش حلو خالص
5081,More than an hour & yet didn't get my order & the branch is across the street ????????????
5082,"Don't get deceived by the high rating I have tried it through all it's branches if you like a over priced,over rated burger that has a low amount of seasoning and tastes like an fast-cooked burger Then this is the place you go to . And if not Dont ev..."
5083,my favorite burger juicy and tasty
5084,احسن مذعم برجر دلوقتي البرجر حلو و طري و متبل العيش تحس انه معمولك مخصوص .. كل ما اجرب حاجة منهم تطلع اكتر من ممتازة
5085,Great burgeer love it
5086,مش محتاج review هو معروف من غير حاجة برجر يعني بافللو
5087,Really delicious but they charge different prices for the same food each time we order...... I don't understand how they price their items differently per order.
5088,تجاربي القديمة كلها تقريبا كان فيها مشاكل مستمرة ومتنوعة مع بفالو، وكتبت فيهم قبل كده انهم ملهومش فيها، بس الصراحة جرابتهم اخر تلات مرات الموضوع اختلف تماماً، سرعة، الطلب بييجي مظبوط، الحاجة نضيفة وسخنة. يا ريت يستمروا بس إن شاء الله.
5089,مطعم فوق الممتاز والطلب دايماً سخن وبيوصل في ميعادة
5090,Very bad treatment and present fired food
5091,يعتبر واحد من أفضل مطاعم البرجر في مصر.
5092,بانا شايفة انه بقى مميز اكتر من ماكدونالدز و لو نافسه هو يكسب ! (مش باكل غير تشيكن بس ) مفيش ساندويتش وحش تقريبا ! اتمنى بس انه يحافظ على جودته و ينزل ساندويتشات جديدة كل فترة بالنسبالي العشق كله في راستفاري و باسترز ????
5093,Well its not my first time to order from Buffalo. I am a usual ristafari 250. This time the order took an hour and 10 min to arrive. As i opened the irder i was surprised they didnt get any service packs although i had to jalapeno fried and icecream...
5094,Buffalo burger is terribly amazing!
5095,Worst burger in town.. 3 times in 3 different branches I have tried it and everytime the bread smells bad and My stomach aches
5096,من احلي البرجر اللي ممكن اكله بصراحة و مش خسارة في فلوس بجد حجم البرجر كويس و يشبع و كمان اللحمه نفسها خلوة و نفس الكلام ف الفراخ كمان دة غير انه عندة كذا style للبرجر ودة حلو جدااا ❤❤
5097,"Moreover, we received the order without napkins or gloves or ketchup packets or anything!"
5098,"I like your burgers, but the last time when I made an order, you brought me a different order! I ordered bacon jack combo medium ( which is included in your offers) and then you brought me a large combo with a bad, really baaaad cold fries! And tha..."
5099,"Worst delivery ever,i never see delivery like this"
5100,أسوأ مطعم فى العالم بدون اى مصداقية او احترام ،بعد ماطلبت اوردر دليفرى وبعد انتظار ساعة كلمنى واحد من الادارة طلب منى مبلغ 10 جنيه زيادة على المبلغ الكلى والضرائب والدليفرى عشان انا منطقة بعيده !!ولما بستفسر منه قالى مفيش دليفرى لانى (out of dlivery ...
5101,I tried the bacon mushroom jack at the maadi platform branch .. I liked it very much .. The fries was also a blessing especially with the 1000 Island sauce ???? .. I totally recommend it ❤️
5102,"Liked the fries, still have a problem with the burger patty itself can't figure out why but the shitakee mushroom was definitely a nice treat on the road."
5103,Best burger in Egypt!
5104,الاكل حلو بس السعر غالي جدا
5105,I ordered the bacon mushroom burger and it was the best burger i tastedd
5106,"I ordered 2 burgers, I asked for medium doneness, they confirmed, but I got it crispy well done :D I refused the order after I checked it, they got me the most delicious sandwiches afterwards. Cheers."
5107,Great Tasty foods I really love it
5108,"Awesome bread, pickles and covers. The service and the seasoning of the burger weren't that awesome tho ( Master branch )"
5109,برجر سئ جدا حسيته برجر امريكانا بس اتخن شوية وخلاص اللحمة حتى مش باين انها مستوردة حسيته كله فول صويا تحربة سيئة مرتين كنت مستنية الاقى تغيير لكن للاسف مش حلو فرع الداون تاون
5110,Great burger with great spices and it is delivered hot with perfect quality ...
5111,"They were such a hit back then, hope they will fix things up soon as the quality isn't the same anymore."
5112,It used to be better in the past. Now not all sandwiches are good and the fries are so dry and tasteless. But I gotta admit their new philly cheese turkey burger is GREAT.
5113,Grbt far3 platform a7la b kter mn far3 shar3 nasr w 3gbny burger hnk gden kan fresh
5114,الاكل بيبقي يعله حلو اوي واخويا بيبقي سخن واحيننا مش سخن اوي بس الاكل حلو جدا واللحمة تحفة البطاطس مش قد كداً وَيَا ريت يعملو بيبسي machine بس قشطةً الاكل تحفة طبعا احسن حلجةً عندهم هوا 2plus احسن قيمة مقابل سعر والhich hecker حلو والبيكون ماشروم...
5115,جربت فرع سيتي سكيب. الاكل جميل بتقول كتجربة حلو جدا طعم البرجر حلو ومتبل وطري وفريش
5116,انا انهردة كنت موجود في فرع شارع سوريا في البداية انا طلبت 2 بيكون مشروم جاك و 2 بيبسي ماشين و 2 بطاطس واحدة منهم تشيزي فرايز قالي الحساب 190 قلتله اوك لقيته بعد ربع ساعة جايبلي 2 اولد سكول و بيبسي و ميراند ( كان ) قلت له انا مش دة الاوردر بتاعي وانا...
5117,بحب الافتكاسات اللي بيعملها في كل برجر دي
5118,Well what Can I say. I just love it
5119,That's the Burger <3
5120,The sandwiches were so tasty ???? and larg ???? I've got them by delivery they came quickly and were still fresh and hot ???? It was my first time but not the last ???? I really like it❤
5121,طعمه حلو بس الاوردر بيطول اوي يعني مرة طلبت من فرع الشروق قعد من ساعة لساعة و نص
5122,One of the best burgers. Price is not too high. I also ordered the Ramadan Box and it had absolutely gorgeous konafa b el nutella. Portions are good too.
5123,تحفه كالعاده ، احسن برجر في مصر
5124,"Worst delivery ever, I asked for an order it was not complete and when I complained they told me that they will send it to me with next delivery. Never had such experience with other delivery in Egypt"
5125,سئ للغايه،و لا احترام للعميل تم الاتصال مرتين في رمضان و لم يأتي الاوردر الا بعد ساعه و نصف من الافطار، اما عن خدعه العملاء فيكون الرد كل مره ان الطيار طلع بالأوردر و هيكون عندكم في دقيقتين وحاجات مؤرفه للتذكير فرع مدينتي ( المفروض الفرع جديد)
5126,To7fa weh se3ro msh 8aly awy bel nesba leh 7agmo
5127,طعم البرجر فى حد ذاته تحفة و نقدر نقول متخدم عليه كويس اوى بس فى الاخر بتتصدم بسعر تانى غير اللى فى المينو و دا العيب الوحيد
5128,من المحلات البحب اكل منها ، البرجر سواء بيف او تشيكن حلو اوي و اذا انت بتحب الحراء سنّه ارجح ذا راستفاري . للاسف اسعراهم ابتدت تبقي زيادة علي البيتقدم
5129,"I absolutely love it there, I feel like it is really clean and the sandwich is so filling and tastes amazing even though am not a huge fan of burgers."
5130,من أنضف المطاعم اللي بتقدم برجر في مصر اصلاً، البرجر juicy و حجمه حلو جدا بيبقى فيه ٣ احجام ١٥٠ جرام و ٢٠٠ و ٢٥٠ انا طلبت ال ١٥٠ بيشبع اوي وطبعاً هما اول مطعم فهم ان مش كل الناس بتحب البصل والطماطم في الساندوتش فالخضار كله بيحطوه في علبة لوحده اما ال...
5131,Perfect for beaf burger lovers
5132,"I ordered the Shitaki Mushroom combo and the sandwich was burnt and had about 2 or 3 mushroom slices. I also ordered a Caramel Cheese Cake, it tasted bitter and was awful. This is the last time I'm ordering from buffalo burger!"
5133,Great food..great service with highly qualified stuff and highly qualified product.. it's very delicious
5134,Best Burger Taste In Heliopolis ❤????
5135,"I love the burger, It is juicy and have alot of meat The fries was extraordinary and also the cheese fries, Maadi new branch is good and perfect stuff."
5136,"I am more of addicted to this place I order it at least three times a week, keep the good work buffalo team"
5137,"Low quality & quantity, high prices !"
5138,Very bad communication stuff It's the lowest service u can get
5139,Very tasty burger ????
5140,I recommend the rastafari chicken !
5141,"Quick, affordable and the food was just perfect ????"
5142,One of the best burger I ate in the last couple of months
5143,Great burger bbq and hitshtake mushroom is very good good quality good prices
5144,good quality and taste Bacon Mushroom Jack is so good
5145,"Triumph branch has a great service, immaculate, friendly and professional staff, delicious burger and ""coffee lovers"" ice-cream is one of the best ice-creams I've ever had in my life!"
5146,Best burger ever specifically the beacon mushroom jack
5147,احسن برجر حتى الان....
5148,"shiitake mushroom ,,the wedges and their chicken sandwiches are unique"
5149,Burgers are alright. Had better ones but overall wasnt that bad.
5150,Love It.
5151,amazing burger. worst service . never gonna humiliate my self to satisfy my hunger
5152,"It's one of the best burgers in egypt , really amazing you deserve more than 5 stars ????????"
5153,the taste of the burger is so good but the chessy fries isn't the best but it isn't the worst
5154,"service is very bad, I dunno how you can service 2 burgers in one plate, meat taste also was very bad."
5155,"Their 30 LE discount is just a lie !!! I have been ordering for the past 3 days from ""otlob"" application, and once I use the code? They call me to apologize that the sandwich Iam ordering is not available or the nearest branch is closed for a..."
5156,downtown branch was very good but mohandsen branch was bad
5157,"Burnt plastic burger, awful!"
5158,"Well for starters, only order a delivery from this restaurant if you have like 2 hours to spare of your time and if you like cold fries. The burger was ""okay"", but I have definitely tasted better."
5159,the best. ....❤❤❤❤❤❤❤❤
5160,"The quality of food is ok, the service is very poor, the staff is not helpful and lazy"
5161,i love their burgers ... very tasty
5162,When i order chili cheesy fries and there is nO fork does it mean pick with your finger because hello?? Chili cheesy finger duh?? Or something like return to your basic instinct human and use your finger either way i am confused could you add a note ...
5163,When you send me cheesy chili fries without any fork please tell me you are expecting me to pick them with my fingers because like hello?? Cheesy chili fingers?? Return to your basic instinct human: message received Also the plastic groves? Nice...
5164,Delivery and customer service are suckssss!! Waited two hours for delivery without even an apology ...... I will never order it again :(
5165,Unless you want to wait for 2 hours and thirty minutes for your food to be delivered without any apology. You should not attempt to try this place. Forgot to say that this after we called them about three times and every time they say it is 10 minute...
5166,fries were too much oily and i doubt that the grilled chicken was undercooked
5167,مستواهم بينزل أكثر في كل مره أروحلهم، وأخر مره قررت مروحوش تاني! بعد ما لقوا إن الناس بتجيب عرض ال 4 برجرز غيروه وزودوا السعر بدون ما يقولوا، وخدمة العملاء بقيت سيئة للغاية! وغير كده المفروض تتوقع إنك لما تجيب عرض عائلي تكون بطاطس عائلية! لكن طبق الب...
5168,"Worst burgers ever, the service is horrible"
5169,مكان عير محترم، ولا يحترم عملائه ولا مواعيده ولا عندهم اي نظام، استنا ساعتين وفي الخر يقولي ده الطيار سلم الطلب يا فندم، يا جدع انا بمكلمك اهو سلمه لمين، مدير الفرع بيقول كده يا فندم.
5170,"buffalo has developed recently, burgers are juicy, prices are relative to sizes, we tried bacon mashroom jack, bbq charbroiled & animal style. they were tasteful & the ingredients were fresh, worth trying (Heliopolis Branch)"
5171,Perfect burger i love it ❤
5172,The Muscular is the best
5173,"The Best Burger Ever , I love it so much"
5174,very slow service..had to wait too long to receive my order despite the low customers
5175,"service is bad, people are rude, food has deteriorated."
5176,"place is very bad, slow service and I found I hair in the salade disgusting"
5177,"Food : the food is great ,there is a variety of options for meat lovers Service : the staff is friendly ,great service ,very sanitary place Prices : reasonable prices for excellent quality"
5178,Worst Service Ever!!!
5179,"Worst Service Ever! Instead of apologizing for mistakes, Waiters kept on arguing and reasoning."
5180,very tasty and good service but a little bit high price
5181,مكان زبالة، سيرفس زي الزفت، الويتر بيزعق وبينفض وبيجيبوا اكل غلط
5182,My favourite place of all time
5183,"It's the best burger in egypt , it's amazing"
5184,Wonderful beef burger
5185,"You don't even should take 1 star worst service i ever deald with even el customer service talk unpolit way sandwitch not fresh and wrong delivery , i will not order again from youm"
5186,"Tried the Shiitake in delivery and it was only average. Dry, with canned button mushrooms, and generally bland. Then tried dine-in but service was a mess and the waiter forgot to put in my order. He kept telling me it was comig though, so make of th..."
5187,Tasty burgers .. Excellent quality ❤️
5188,طلبت دليفري من فرع تريمف..السلاطه حمضانه.وال bacon..مش مستوي كويس.السندوتش كله دون المستوى
5189,I love buffalo burger
5190,The best burger in the whole world if u know what I mean I enjoyed every time I eat from buffalo and every inch of my sandwich my fav. Is The BBQ one keep it up guys :)
5191,السيط ولا الغني فعلا مطعم سيء الخدمه الناس الي شغاله م فاهمين الشغل اصلا واعتقد اصلا بيعملو حاجه مش حبنها. بالنسبه للخدمه مثل تاخير المشروب بعد الاكل مش مع الاكل مع العلم اننا منا ٩ افراد وكلهم نزلهم المشروبات . ينزل المشروب مش بارد ف جو حر . تنظيم ا...
5192,the burger is amazing. but the service sucks . if you want to try it . you should go for the take away
5193,the iftar menu was terrible and the food quality is soo bad
5194,I can't be the only one here who thinks this restaurant's burger tastes like كاوتش عربيات..
5195,Amazing taste. I adore the animal style sandwich
5196,"You have got to be a crazy retard if you order in ramadan .. It cane 45 minutes after iftar , and almost every thing was a mess ! I ordered mixed fries ( french fries + onion rings) and i got wedges ! The pepsi was room temprature . The sandwich was ..."
5197,the worst sandwiches ever. the order had taken 95 minutes to reach... the order is uncomplete and the beef is adust.. the fries are putty..
5198,"great sandwiches, good offers."
5199,Very good burgers. Keep it up.
5200,Worst service in Egypt and unprofessional ppl replying the phone - probably stoned and not aware of their way of dealing with their customers and amazingly could call you back after an hour to tell you your order is out of zone .... Gomal awe !
5201,"Worst chicken ever !!!!! Not deserve one star in rating , very bad restaurant i found hair in salads the sandwich i order and the sandwich picture in the menu not matching !!"
5202,Worst chicken ever!!!!! Its my first time in the restaurant the sandwich i have eaten and the same sandwich in the menu not matching! I found hair in the salads very bad food veryyy baaaaddd!!!
5203,Delicious burgers and Friendly staff...One of the best in Egypt but prices are a little bit high.
5204,The way of packaging and attachments is amazing compared to the price
5205,excellent burgers....love the place
5206,great taste juicy great delivery
5207,makan 7lw kteeer mo7trmeeen akl to7fa.. my fav
5208,"great and valuable meal , very delicious fast delivery"
5209,I didn't like the meat taste in the burger I tried 3 times and not willing to try again . the fried icecream is the best either with chocolate or caramel sauce .
5210,"the best burger in egypt , bacon mushroom jack was fabulous , the meat was juicy and the ingredients was fresh , totally recommended place for burger lovers"
5211,مكان رووووعة خدمة ممتازة والأكل مخدوم صح واسعاره كويسة I ❤ it
5212,The perfect taste of a real burger
5213,البرجر طعمه كويس بس 1 - الدليفري بيتأخر شويه 2- الاكل بارد جدا لدرجه اني مقدرتش اكمله بسبب الجبنه ساقعه لدرجه مقرفه 3-اول مره في حياتي اشوف مطعم برجر مش بيجيب كاتشب مع الاكل. ربنا يسامحني اني رميت تقريبا نصه .اعتقد ان الدليفري فاشل جدا ممكن لو في ال...
5214,"Horrible. Story. If you're too lazy to walk to the supermarket and buy a shitty processed cheap burger, then this place will definitely do it, because the burger is just as the super market frozen ones that don't have real meat mostly soy and milk. I..."
5215,Excellent burger and the apple pie was so good.
5216,something completely disgusting. i think shits would be better. i ate bacon mashrom jack with cheese fries.اسوء برجر اكلته في حياتي. اكلت باكون ماشروم جاك مع بطاطس بالجبنة.
5217,"the maadi branch in the platform is awful, the sandwich tastes very plain and the price is even higher there than it is in the other branches. on the other hand the downtown, new cairo branch is stellar."
5218,Best burger in town.
5219,I love it.
5220,Very tastyyyy and freshly backed
5221,أحسن مطعم برجر في مصر و الخدمة ممتازة...العيب الوحيد أن أغلب الفروع تيك أواي بس
5222,best burger in egypt :)
5223,very bad taste and awfull service
5224,"Simply great. Considering the reasonable prices, it's simply great."
5225,"Perfect quality, try BBQ Charbroiled."
5226,Food is good but very bad service
5227,One of the best burger sandwiches in town....i dont knw why people dont see that.... Anyway love the bacon mushroom jack
5228,"I'd ordered baby bomber 200g, it was burned due to reheated, also the fries wasn't fresh and reheated, the only thing that was was the pickles, such an irony& mess."
5229,"(PART TWO) I slowly realized that the little ""salad"" which contained slices of onion, tomato, lettuce, and pickles really did. You were supposed to add the ingredients yourself to the burger, they had solved it! I no longer had to order specifically..."
5230,"I'll write a long review here. Most of the food I eat is delivery food, pizza, burgers, etc, etc. I have eaten from A LOT of the more-famous restaurants, and I believe that I am fit for comparing this one with the rest. The burger I ordered was the..."
5231,"excellent, tasty !!!!"
5232,المكان حلو جدا والخدمة محترمة والاكل كويس
5233,"Their burgers are cool, I like that they offer a diet section, But the cheese fries? don't get them. it's a waste of money, it's a pack of soggy fries with slices of cheddar on it. The fries are always soggy, and the burgers too come to think of it. ..."
5234,the first place serving burger in Egypt now . the burger is fresh & tasty . I love it . The 2 top sandwiches is beacon & old school . highly recommended
5235,awesome meat and nice packaging
5236,two hours late for delivery!
5237,Fantastic and very delicious food.
5238,"Fantastic burger sandwiches, special serving , with a very calm atmosphere , really it's a good choice for eating only all food menu prices is acceptable , but drinks I think is costly."
5239,nice taste with reasonable prices
5240,shiitake is the best
5241,"It has all attractions for a decent restaurant, Nile view, perfect weather, and excellent food taste."
5242,"bacon mushrooms jack is great, good quality and great taste"
5243,The best sandwiches in buffalo burger
5244,Good and clean food. I loved the burger.
5245,It was very good meat & meal and a nice customer service but in your menu this is a wrong prices it cost much more than this :))
5246,Soft And fresh meat and bun.
5247,The bread is soft and fresh with good meat.
5248,Do they use real bacon or is it just a mimic with cows meat.If anyone knows please answer asap
5249,normal burger.. with very unprofessional waiters
5250,"not the best meat, but for the price you are paying it has good value. amazing dippings though."
5251,Bacon mushroom sandwich is such amazing juicy and tasty but i disappointed as it was finished rapidly
5252,They dont deliver after 12am
5253,The bacon sandwich is not less than amazing but it's some how little bit oily but it's good choice guys
5254,Low quality burgers. They claim they are offering real beef. They are not. You can compare it with McDonalds at the most.
5255,"By far the worst of the new ""gourmet"" burger chains in Cairo. The quality of the meat is very poor and despite what it says on their menus the meat has non-meat fillers. It simply tastes like cardboard."
5256,Gamed especially bacon mushroom jack & cholos chilli
5257,"Good deal for your money, food tastes good and real bacon! Lol"
5258,Very helpful when you are hungry instead of eating from Mac which became disgusting . You can grab a burger from buffalo and you will not regret it
5259,"The Rastafari, The Muscular, Bacon Mushroom Jack ... these are what I remember when I go to Buffalo burgers. There are their trademarks. They have never messed a service or an order."
5260,"This by far is one of the best burger restaurants I ate in Egypt. It stands in competition with Fuddruckers however that is only because Fuddruckers offers a great salad bar and several other options including the awesome melt cheese and '""halepenios..."
5261,"one of the best burgers in egypt , with less soya than most of fast food resturants."
5262,"it would have been 5 stars a year ago.. the quality is less than it was then. Nevertheless, the juiciest burger in town"
5263,Excellent quality and tasty burgers. Finally a juicy burger in town.
5264,"Buffalo Burger is my favorite burger in town..yummy, juicy and fresh"
5265,I love Buffalo Burger very muchIt's just awesome taste
5266,"I love buffalo burger ,its the best burger in Egypt."
5267,disgusting!!!I just found fungus on my sandwich and all they offered to do was exchange it.I hope I don't get sick now for I ate one and I can't tell if it were clean or not.I am never ordering from here again!
