,comment
0,اول مره اطلب اكل و يطلع سي لدرجه دى بجد جبن من اردا الانواع و حتى الحلو وحش اوووى و طريقه التحضير كل حاجه بصراحه
1,pasta was bad
2,الطعم وحش جدا والشاورما ناشفة وقليلة جدا
3,الاكل تحفه ..خامات نضيفه ..لحمة الحواوشي ريحتها وطعمها تحفه فطيرة السجق جميله..عرض المناقيش جميل بالذات المحمره
4,كامت ناشفه اوى و عليها حاجه زى القشطه بس طعمها مش حلو
5,طلبت اضافات و بالفعل دفعت تمنها و لم تتم اضافتها
6,الاكل بارد جدا واضطريت اسخنه تاني حتى سلندويتش الاباتشي مش ماسك نفسه لان العيش كان طري جدا ..وساقع
7,"taste is poor and low quality and ingredients quantity, late delivery, cold feterr"
8,اسوء حد بيعمل بغاشة ميعرفش عن الفطير حاجه حرفياً شوية عيش عليهم لحسة لبن ورشة صغيرة سكر ب120 جنيه حرام فيها الفلوس
9,البيتزا جيدة الطعم بس باردة عند التوصيل
10,حلو جدا
11,The quality of the last order was not good
12,The portions are not worth the money
13,"Good ranch pizza, slow delivery"
14,Late Delivery
15,الاوردر وصلني بعد اكتر من ساعتين و وصل بارد و الفطيرة مجلدة و حادقة جدا و التغليف سئ
16,Tt
17,the restaurant took much time preparing the order the driver didn't have change so I was forced to leave extra money
18,تغيير تمن الاودر عن الموجود جوه التطبيق
19,مزيتة جداً
20,الأورد خد ساعتين و ١٧ دقيقة عشان يوصل ... حرفيا سندوتشين وصلوا باردين و منهم واحد كان ناقصه صوص باربكيو الي هو فاسم الساندوتش اصلا تجربة سيئة .. لن تتكرر تاني
21,فطيرة ب ٣٢٠ جنيه دافع فيها ٤٢٠ جنيه و اقسم بدين الله الحشو اللي جواها مايجيش ب ٣٥ جنيه، قولا واحدا، مطعم وسخ و شوية حرامية سواء انتوا او غيركوا
22,المطعم كلمنى واعتذر انه مفيش فطيرة ملوكي
23,مليان زيت
24,جودة الموتزاريلا سيئة وجابها سوسيس مش سجق
25,"الطيار اتصل عشان ياخد اللوكيشن بغض النظر عن إن اللوكيشن علي الاوردر - رن علي العمارة مرة واحدة و باعتلي علي واتساب تحذير ""اخر مرة"" بروح أمه الاوردر مطلوب بميكس جريل و اوردر تاني حواوشي و جايلي علبة واحدة طحينة و اتنين مخلل!؟ قرف."
26,فطيرة الكيري من غير جبن كيري و سيئه جدا فطيره السكر رقيقه و ناشفة جدا جدا اسوء فطير فعلا
27,مش مصدق المطعم ده بقى كده وصلني الحواوشي بايظ و ريحته تموت إزاي أصلا طلعتوا الاوردر كده!!!
28,فطيرة كيري بسطرمة مفيش اي نقطة كيري ، معمول بجبن مطبوخ و حادقة واسوء فطيرة اكلتها فطيرة السكر ناشفة جدا و بتقرمش و رقيقة جدا اسوء فطير ممكن حد يجربة
29,Very bad
30,اسؤ مطعم و اسؤ سندوتشات العيش مبرول و مقطع . شئ مؤسف
31,Worst feteer i’ve ever tasted 🤢
32,quality and items
33,اسوا اكل و اتاخر نص ساعة و الاكل فعلا وحش جدا
34,Poor delivery service. Had to wait 2 hours to get the order and that’s not acceptable.
35,الاكل سئ جدا جدا طلبت امبارح و على نص اليل بطنى كانت وجعانى جدا جدا وترجيع جامد ومش لوحدى واخر مره هطلب منكو انتو مكان مش نضيف
36,كريب الفاهيتا كان طعمه وحش جدا و مكنش في اي خضار لافلفل ولا طماطم ولا عليه اي صوص يعتبر مجرد قطع فراخ اه كتير لكنها بتنزل زيت و طعمها مش لطيف بصراحة رغم بجيبها م اماكن تانيه مش بتكون كده وقلت عايزاه سبايسي ولا الهوا الرانش كرسبي كان جميل ال ٢ كر...
37,nice one
38,Hawashy was ok but the feteera kofta and fries were very bad taste
39,عامل ضريبه زياده اوي ، يعني هو عامل اوفر كويس بيزود عليه ١٢٠ج زياده و المطعم كمان كلمني و قالي ان في زياده ٣٠ج ضريبه تاتيه
40,مش اول مرة السعر اللى على الابليكيشن غير اللى بدفعه فعليا
41,الحساب مع الطيار مختلف عن حساب الطيار تجربة سئ
42,ممتاز
43,الاكل وصلت ساقع و احنا فى الصيف
44,احجام صغيرة و سعر غالي
45,فطيرة البغاشة منظرها بشع
46,J
47,الكمية قليلة جدا لكن الجودة كويسة
48,الاورد كل مرة بيجي مقلوب
49,الاوردر اتأخر جدا والاكل وصل بارد
50,الاكل بارد
51,I waited toooo much and i payed more than i should
52,the last time using menus
53,الاكل طعمه وحش جدا والكريب الفراخ اكنها مقلية في زيت عربيات
54,Delicious
55,نصب في الوجبة
56,كميه صغيره جدا
57,الكواليتي ضعيف.... بس الدعم الفني كويسين ومحترمين لأنهم رجعوا الاكل بعد ماعملنا شكوي بسبب الكواليتي.... نرجو من المطعم يراجع الكواليتي لانه المنافسة صعبة
58,السعر علي الابليكشن غير ريسيت المطعم
59,يارتني جبت من اي حد تاني اوردر ب ٢٤٠ صابعين كفتة و٢ حواوشي صغيرين محروقين
60,جيد جدا
61,"i didn't like the meat shawerma at all, it was very dry with no sauce or anything added to be juicy as normal. also it was cold and I had to heat it in the microwave"
62,"it's not the first time I've ordered from Hamza, but this time was really terrible, the taste was horrible"
63,الاوردر لم يصل بعد ساعة تاخير عن ساعة التوصيل مندوب التوصيل بيكلم بكل تبجح
64,the portion is too small and very oily couldn't eat it
65,مقرف
66,أكل فاسد
67,اكتر من ساعتين ولغيت الاوردر ولا اوصي به تماما
68,0/10 worst experiences with the restaurant
69,وحش جداااااااااا
70,الاكل كان بارد جدا
71,سئ جدا والاوردر وصل ناقص وبارد دي اسواء مره كلت فيها
72,الاكل كان وحش اوي اقسم بالله اترمي حسبي الله ونعم الوكيل
73,طلبت اوردر ناو وكان سئ جدا جدا جدا مع اني مش اول مرة اطلب يعني استنيت ساعة ونص والاكل جه اقسم بالله عيالي رفضوا ياكلوا والاكل اترمي بحاله حتي البطاطس مكنتش فريش شكرا ع التجربة السيئة دي وان شاءالله مش هنعيدها
74,طاجن العكاوي ضغير جدا جدا، من حيث اللحمه، و حتي الخضار (طماطم و بصل)
75,طلبت الاكل ٤:٣٠ وصل الساعة ٧:١٥. بكلمهم من الساعة ٥:٤٥ بيقولو الامل في الطريق. بعد حناقات خدت رقم المندوب كلمته ٦:٤٠ قالي هتحرك من المطعم . كل موظفين خدمة العملاء بيقولو نفس الكلمة هو في الطريق وهو اصلا متحركش من المطعم.
76,طلبت الاكل الساعة ٤:٣٠ العصد وصل ٧:١٥ بليل. بكلمهم من الساعة ٥:٤٥ يقولو الاوردر طلع و في الطريق مسافة السكة. بعد ما كلمتهم ٦ مرات خدت رقم المندوب كلمته الساعة ٦:٤٥ قالي هتحرك حالا. الاكل وصل ساقع كأنه خارج من التلاجة و ميتاكلش
77,الطلب وصل ثمنيه الا ربع فطرنا بعد اذان العشاء وصل الطلب بارد ومجلد والبيبسي سخن والتطبيق مفيش اختيارات لعدم اضافة مايونيز او صوص كل زبون وله ذوق وحجات مبيحبهاش .. ١٠٠ دقيقة معناه ساعه واربعين دقيقه يعني ٦ واربعين دقيقه مش ٨ الا ربع نرجو تحسين الدلفري
78,التوصيل متأخر تلت ساعه مع إن الطلب كان قبل المغرب بساعتين
79,Very small compared to price.
80,الفطير سيء جدا بشع ولاديستحق السعر
81,الحمد لله ممتاز
82,all bad
83,The order did not arrive in the first place!
84,Very delicious and tasty sweet feteer
85,التوصيل كان متاخر
86,food was very cold delivery took over 2 hours to send the food worst delivery experience I have ever experienced never buying from here again
87,سئ جدااا
88,الاوردر جه غلط مدخلش الفرن اصلا !!!
89,اكتر من ساعتين الاوردر ماجاش مع ان ٢ مندوبين يبعتولي ياخدو العنوان.. خدمة سيئة جداً
90,الاكل كان بارد جدااااااا والسلطات سيئه
91,معقول لكن السعر عالي
92,فتة الشاورما طلبتها كبير جت صغيرة فطيرة النوتيلا جت مقلوبة و مفيش شيكولاتة عليها أصلا الرز البسمتى مفيش عليه جبنة موزاريلا غير كمية قليلة جدا
93,الاكل متطبق ومتبهدل
94,الاوردر لأول مرة جالي من غير رز.
95,الاكل مملح جدا
96,"Doubled the delivery cost , and brought 4 meat shawermas instead of 2 chicken and 2 meat"
97,الاكل بارد جدا وكمان الفطيرة سئ جدا جدا
98,Awful Bgd awhash service w awhash feteer I ordered four seasons sweet feteer and it came with literally no lotus aside from there customer service
99,الكفته سيئه جداا والحواوشي جايلي ناشف ومحروق وتيست وحش …الحواوشي الايطالي الي كان حلو بس
100,حلو اووى 🌹
101,الاوردر وصل بعد ميعاده ب ساعه و اكتر بارد جدا البيتزا وحشه جدا حتي الجبنه زي ما هي قطع .. تجربه سيئه جدا
102,ورق العنب سيء جدا جدا . ناشف وبايت
103,لا توجد غير 2 شريحه فراخ و مقطعه صغير داخل الأرز صراحه يعنى ... الطلب ده قمه الاستهبال نصب علنى و لو كنت فتحت الطلب قبل ما مندوب التوصيل يمشى ... كنت و الله رجعته تانى حسبى الله ونعم الوكيل
104,الاكل أولا جي بارد جداً تاني حاجه كنت طالب عرض اتنين كوفته شامي و اتنين حواوشي تقريباً هما عاملين عرض عشان اللحمه بايظه او ايه مش فاهم لاكن طعم و ريحه اللحمه استغفر الله العظيم ، ثالثا العيش جي يا اما مفرول يا مش طازه و الواحد مش متعود علي كده من ال...
105,"the driver was almost an hour late,the food was poorly packaged,and the chicken was stale ... last time im ever ordering from that restaurant ever"
106,تمام
107,انا صايم ،، و طلبت الاوردر من ساعة تقريبا ،، و الطيار قرر انه مايوصلهوش بحجة انه خارج الزون ،، طيب انا بقى ايه ذنبى انى ما افطرش ؟ و دى مشكلتكم مع الطيارين بيتهيألي انى ماليش ذنب ،، اثق فيكم ازاى بعد كدة ؟!
108,للاسف الاسعار غاليه والسندوتش صغير جدا كذلك كواليتي شاورما اللحم ناشفه والعيش سيء جدا النيجرسكو حلوه ولكن كمية قليله مقابل سعر كبير
109,ساندوتشات سيئة جدا وعرض سىء الحجم صغير والتسوية غير جيدة
110,"Very bad experience from 7amza , four season feterr it was very poor compared to the picture and price, it was not enriched with the sauces as it should be , the handling of it till delivery made the quality worsened High price with poor quality"
111,فطيره الكاسترد سيئة جدااااا
112,البيتزا طعمها سئ وغير مختمرة مثل العجين والتوبيج فقير جدا بالاضافة الاوردر جه متأخر اكثر من ساعة واربعين دقيقة
113,الاوردر ناقص
114,"worst food ever the chicken sandwich has nothing to do with the one in pictures , especially the portion and size of the sandwich kofta and hawawshi are so bad too I have been also charged almost 15 EGP over the price that was on the application"
115,حاسبلي 2 حواوشي جوة اوفر لخصم 48% ب113 واللي وصلني 2 ميني حواوشي مينفعش تمنهن يعدي نص المبلغ دا ودا اسمع نصب
116,السندوتش صغير جداً والفطيرة ناشفة لانها طبقة رقيقة غير جيدة والأسعار مبالغ فيها + الفاتورة اعلي من السعر علي الأبلكيشن
117,الدليفري قال لي الحساب 390 و الحساب أقل من كدا بكتير، و راح واخد ال400 و الاكل جي مقلوب و ملوش طعم
118,الكمية قليله جدا ع السعر وكمان المفروض انه كان عرض ودفعت قيمة الاوردر عادي من غير عروض
119,The chicken was over grilled and very bad garlic sauce
120,خدمني فلوس اكتر من حقه
121,Salted
122,food is good delivery is very late
123,الكفتة بتقرقش وفيها عضم
124,very dry chicken not good flavor not juicy just dry
125,the food was cold and not fresh
126,حوالى محروق وسئ جدا
127,الاكل جاي بارد والدليفرى اتاخر جدا طعم الأكل مجليط
128,الأكل حلو بس اتأخر أوي أوي أوي التأخير من المطعم والطيار
129,الاكل كان ممتاز زي كل مرة، لكن موضوع اني اطلب الاوردر من غير ثومية و برده تجيلي و تترمي عشان محدش عندي بياكلها لازم يتغير. لما اكون عايز طحينة و مش عايز الخرا التاني ياريت ده يتعمل.
130,there is someone who eat a slice from the feteer
131,السعر المكتوب حاجة ودفعت حاجة تانية
132,اسوء تجربه ممكن يحد يجربها
133,فطيرة السجق باضافة كيري مخدومه جدا فطيرة البسطرمة وفطيرة البغاشة حلوين لكن مش نفس خدمة السجق
134,ا
135,1 combo not two
136,مش هاقدر اكرر التجربة للاسف
137,الشاورمه بايته وناشفة وحاجه مش كويسة نهائي
138,Cold food delivered
139,مفيش اوردر جالي اصلا
140,جميل
141,THE WORSSSSTTRT
142,تاخير سعتين اكل بارد
143,Very bad fries taste and quality + big change in the quality of the mix-cheese fiteer (adding an alternative to the Kiri)
144,Took so long that it was cold and soggy
145,المندوب مش كان معاه باقي لفلوس الاوردر وقالي هعدي لما افك ومجاش غير أن الاوردر في التطبيق كان ١٤٠بالتوصيل لما جالي بيقولي ١٥٥ ليه مش عارفه
146,the food is came very late and cold I won't order from this restaurant again
147,الاوردر جالنا في حاجات غلط غير اللي احنا طلبينه
148,اسلوب الطيار وحش جدا و مرضيش يطلع و قعد يزعق
149,M
150,not the best food
151,الاكل ممتاز كالعادة لكن الديلفري المرة دي حقيقة كانت تجربة كارثية.
152,الاوردر وصل غلط و مش عاوزين حتي يبعتوا فرق السعر خدمة في منتهي السوء
153,الاكل سيء
154,محروق و سيئه جدا
155,الاكل كويس وكان فيه زجاجه بيبس هديه
156,"wrong feteer had been delivered. i ordered mix cheese, and i received chiken"
157,الاوردر جاي مقلوب فوق بعضه و متأخر و غيروه بعد ساعة ونص فرع الشروق حاجة صعبة اوي من اولها!!
158,even not Worth one star rating very bad restaurant
159,the fiteera mix cheese is by far the worst meal I had this year a cheese sandwich from a super market was to be much better bad experience
160,كنت طالبة وجبة جيبتها كزا مرة من عندهم والمفروض بيكون معاها فرايز بس جاتلي من غير فرايز، طلبت عيش زيادة الي هو المفروض فراخ مشوية طبيعي يكون معاها عيش بلدي بعتولي عيش برجر!!
161,اولا التطبيق قدم لي الحساب بسعر مختلف تماما عن سعر المحل مع الاسف ودي مش اول مرة تحصل يرجي تحديث الاسعار للن كدة امر مش كويس
162,الاكل حلو وصل بعد ساعة ونص
163,الشاورما نايه و الساندوتش يقرف الكلب الواحد رجع أعوذ بالله متعملو شغلكوا صح يمتعملوش انتو بتاكلو الناس فراخ نايه يا مقرفين
164,بجد و الله اوحش فطيره كلتها فى حياتى و صايصه و مش مستويه و حاجه صعبه مقدرتش اكمل ربعها حتى
165,الاكل بنسبه كبيرة فاسد مش طبيعي الواحد ياكل بعدها بنص ساعه بضبط المعده تتقلب والوضع يتحول لبهدله كده انا مش عارف ايه سبب الانحدار ده بس اخر مره هاكل من حمزه خاصة فرع اكتوبر
166,الاوردر سيء للغاية الفطير الكيري سجق بدون جبنة كيري و الفطير ناشف جدا و الحشو سيء للغاية ملفوف التونة أسوأ من الفطير 👎
167,greasy food bland and overpriced cream pie had 0 cream
168,الفطيرة كانت حلوة لكن كلها وقعت على بعضها
169,معانله زي الزفت
170,بعض الاسعار مختلفة ويطلب زيادة عند توصيل الاوردر
171,انا جالي فراخ باربيكو بارده
172,"The order came missing and late and i called the restaurant and they took a long time to respond and the manager told me that he will send the missing item and it didn’t arrive. It’s the worst customer service, i wont order from them again."
173,الطلب ناقص و المطعم لم يتوصل معيا و الدلفيرى جي من غير بوتشر
174,Too expensive for too little after i finished i was still hungry
175,طعم الحواوشى والكفته وحشين اوى وطعمهم غريب
176,مطعم سي
177,طلبت الاوردر عيش فرنساوي لكن اللي جالي عيش سوري الاكل مش طازه وقت التوصيل طويل جدا جدا جدا تجربه سيئة للغاية
178,We ordered a 4 cheese pizza and it came with peppers and olives. The delivery guy sat outside the wrong building and we tried to call him over. We ended up walking over to get our food from him. I tried to contact the help text and they were no help...
179,مكنش في طحينة في الوجبة
180,الملوخية كانت حادقة اوي المرة دي
181,Spicy tahini was nit delivered
182,G
183,الاكل مالح
184,The food was really good and the delivery was faster than I expected
185,البروست مش حلو خالص
186,they canceled the order as they can’t fulfill
187,مجاليش سامبوسة لحمة اصلا زي ماكنت طالبة بعتوها كلها جبنة
188,Worst experience
189,سيء جدا و متاخر جدااا ...
190,الكرسبي مش احسن حاجه خالص
191,فطيرة الشوكلاته بشعة
192,الشيكولاته سيئه جدا و الفسدق سئ جدا وحش اوي اوي اوي اول و اخر مره اطلبهم
193,Horrible taste
194,زمان لما كنت بجيبه الفطيرة كانت بتبقى مليانه صوص شيكولاته دلوقتى غلى السعر والفطيرة ناشفه مفهاش ريحة الشيكولاته
195,حجم الرغيف صغير جدااا
196,نصابين لا تشتري منهم اصلا و خاصه لا تشتري فيزا بعد ما يسحبو الفلوس يكلموك يغيرو الاوردر غيرو معايا مرتين و سحبو فلوس مرتين و في الاخر كله مش موجود ده غير ان اللي علي التلفون بدل ما يعتذر بيبلطج علي و يقولي شوف مع البنك و تقريبا قفل السكه
197,A
198,المكرونة كانت محروقة
199,الشوكلاته قليله
200,Nice fatta
201,I was charged more money than the application states
202,بجد البوكس صغير جداً و الاكل بارد و البطاطس بايته
203,very bad on quantity and quality. awful experience
204,بس الحشو كان قليل شوية...
205,حاجة بجد في منتهي القرف والطلب جاي كله مدلوق جوة الكيس والطعم سيئ اوحش كريب شوفته في حياتي ماتاكلش كله اترمي
206,قيمة الطلب على الابلكشن ٢٠٤ المطعم ارسل الفاتوره ٢١٢ دا نصب أما من المنيوز أو من المطعم تصرف غير محترم الفاتوره موجوده
207,اكل سيء جدا
208,اوردر غلط اسلوب قرف والاوردر ناقص اول واخر مطعم اطلب منه
209,لو أقل من نجمة هديله..فطيرة الفستق حجمها معدوم و ب ٣٣٠ جنيه ..أسعار زفت و استهبال و جودة متوسطة مش ممكن أكرر أي طلب منهم أبددددا
210,زفت خالص بيجيب الاكل بايظ ومش بيهتموا ابدا
211,شيش طاووق بالثومية مش طحينة ازاي؟؟! و بياخدوا فلوس زيادة عن سعر الاوردر
212,the size was smaller than expected
213,مزودين تمن التوصيل عن المكتوب هنا في الابلكيشن
214,الاوردر سئ جدا جدا، الفراخ محروقة جدا ومش فريش، الشيش محروق ومش فريش ، الفطيرة جاية ف علبة بلاستيك ومعجونة في بعضها، و الدليفري وصل بعد اكتر من ساعتين من طلب الاودار، الريسيت اللي طالع من المطعم اكبر من الابلكيشن بس انا م دفعتش غير الابلكيشن.
215,الاوردرا وصل بعد ساعتين، وجي اغلي من الابلكيشن بس، انا م دفعتش غير الابلكيشن، الاكل مش فريش، والفطيرة جاية في علبة بلاستيك عجينة مرفق صورتها. تجربة سيئة ومش هتكرر تاني إن شاء الله جودة سيئة مقارنة بالأسعار دليفري متأخر عن ميعاده آكتر من ساعة
216,مفيش توميه مع الشورما العربي . و الشورما فاضيه مفيهاش فراخ خالص . انا اشتريت و استخدمت كوبون بصراحة خساره الكوبون في المطعم ده.
217,الكريب بشععع و الشوكولاتة طعمها سئ جدا جدا
218,الاكل بايت
219,not as expected
220,الاكل بارد ودفعت اكتر من اللي كان موجود علي الابلكيشن
221,مجبوش باكت البطاطس مع الحاجة ورجعة جابوا والفطير مش زى ما طلبت
222,غالى اوى اوى بالذات الtaxes service delivery fees
223,delivery time and quality was not that good last time
224,they called to say the order will take an hour it took two hours and multiple complaints
225,الطلب مجاش اصلا
226,الاكل طعمه. سئ وتغليف مقرف وطعم استغفر الله مع اني مش اول مره اطلب بس خيبر ظني
227,Bad restaurant
228,الرز حمضان و فراخ بشعه
229,فطيره الجبنه او الفراخ كويسه اللحمه مش حلو خالص
230,مكنش مع الاوردر كاتشب
231,بجد ما كلتش اكل بالواحشه دي بقالي كتير خالص
232,"Food was horrible, worst experience ever. Definitely will never do again. Rice taste is horrible is like rotten food & chicken never marinated. Moreover, called the restaurant to complain and they said branch manager will contact you yet he never did..."
233,المطعم حاطط اسعار وبيحاسب على اسعار تانيه، طلبت ساندوتشات بطاطس عيش فرنساوي بالموتزاريلا على الموقع ب 43 ومحاسبني الواحد ب 60 وكمان جه عيش صاج اصلا، مفيش لا مصداقيه ولا ضمير وتعاملهم كان زفت
234,مطعم سيء لابعد حد الاوردر اتأخر ساعتين وتعامل المطعم كان قمة قلة الذوق وكمان الاوردر جه غلط بعد كل ده لا انصحكم به
235,Poor quality
236,الاوردر اتأخر جدا واحنا كنا طالبينه نتسحر بيه وجه قبل الادان بربع ساعة بعد ماكلمنا الكول سنتر واتواصل مع الديلفري وحرقة دم واعصاب
237,Extremely late (IT TOOK 2 HRS) Was forced to pay more than the amount on the app Fries are stale and soda is hot
238,Changed the order as the items were not available and didn’t change the prices on the application and paid for something I didn’t receive.
239,الطماطم فاسدة لكن الفطير جميل
240,"Usually its amazing, this time the feteer sucked."
241,ولا يوجد اي مقبلات مع الاوردر
242,كمية قليلة، وجود بيبسي مقاطعة تجربة سيئة
243,No cheese the taste is not as usual lower quality
244,كميه السكر قليله جداا بس الطعم حلو
245,نصابين وبيزودوا سعر التوصيل على مزاجهم عايزين ١٠٠ جنيه عشان يجيبوا لى اوردر ب ٢٠٠ جنيه
246,اسوء فطيره شوكولاته كلتها في حياتي مش كفايه أن سعرها بقا مستفز وحجمها صغر لا احنا كمان نحط اسوء واردء نوع شوكولاته ممكن على فطير وكله عباره عن زيت انا بطنى انقلبت بعدها بسبب رداء الشوكولاته للاسف
247,الأوردر مش كويس وجايبين مع الأوردر بيبسي هو مش المفروض مقاطعة
248,Very expensive
249,انا قولت مش عايزه مشروب من المقاطعه ازااي باعت بيبسي وحجم الساندوتش صغير ده ساندوتش ب ٢٠٠ شكرا جدا
250,ساعتين ونص تأخير
251,بعتوا بيبسى مع انهم قايلي هيبعتوا صودا مصريه
252,I ordered feteera kiri with turkey and received crispy and sojouk feteera and low quality cheese The chocolate feteer is very low quality
253,البطاطس كانت بايته مش حلوة وطلبنا بديل للبيبسى علشان المقاطعه برضو جاب لنا بيبسى
254,They said they serve egyptian cola with the order but they lied and sent pepsi instead!
255,The order is delivered after 2 and half hours
256,جالي تسمم من الاكل
257,الاكل اتقلب
258,الأكل سيء جدًا وطعمه مش حلو وبعد الأكل للأسف إبني رجع كل اللي أكله حسبي الله ونعم الوكيل
259,low quality ingredients
260,مش حلوة خالص
261,طلبت وجبة شيش ورز حطين عليها كاتشب ومايونيز من غير ما قالوا ولا مكتوب ان بيتحط عليها كده ورميتها كلها حسبي الله
262,فطيرة السجق والكيري تقريبا مكنش فيه سجق كفاية ضافوا فراخ ساندوتش الكفتة كان فيها شرايح طماطم ريحتها سيئة جدا كأنها حمضانة، علية الطحينة الطعم سيئ جدا أمي بتعمل أحسن منها
263,كمية قليلة مقابل مبلغ كبير
264,الاكل كان بارد وسي جدااا الدلفري اتاخر جدااا
265,took sooooooo long to get it and it was very cold and wround
266,مبلغ الفاتورة اكتر من المبلغ على ابلكيشن المنيوز و مفيش تعاون في حل المشكلة و اضطرينا ندفع اللي جاي من فاتورة المطعم
267,بيتزا الخضار سيئةً جداً ومفيش غير فلفل اخضر وزيتون اسود والجبنة طعمها غريب
268,the food was cold and tasted not so good
269,البيتزا حلوة بس حجم الميديام صغير بشكل استفزازي
270,الوجبات جاءت ناقصة
271,ازاي اطلب فطيرة سجق توصل فطيرة كرسبي ؟!
272,Stuffing portions so little
273,I ordered 1 meat shawerma and I got chicken
274,الحساب طلع زيادة و ال ١٥ جنيه توصيل طلعو ٢٥ و انا بحاسب
275,زفت ..اسوء مطعم ..الاوردر من الساعة ١.٣٠ لحد ٤ الفجر مفيش حاجة جت ولا بيردوا على التليفون ولا في اي نوع من انواع الاحترام
276,The order hasn’t arrived at all
277,جالنا تسمم غذائي من الاكل حسبي الله ونعم الوكيل بتحطو فيه ايه ده وطعم الرز يقرف والكمية اقل من العرض
278,الاكل وصل بارد و فى اختلاف بين الفاتوره من المطعم و من على البرنامج
279,اكل وحش موووت قرف سجق بلعظم ملقتش قطمه في الفطيره اكلهاو
280,بجد معندهمش اي ضمير و الاكل جودته تقرف والحشو يكان يكون منعدم جبت اوردر منهم ب 1300 جنيه اترمي كله ف الزباله
281,الاكل موصلش
282,الاكل كان بارد جدااا
283,الاوردر موصلش
284,الاكل وصل متاخر جدا وبارد ومافيش اهتمام
285,الطلب جالى بعد الافطار بنص ساعة ..معرفش دى غلطة المحل ولا التطبيق
286,طلبت نص كيلو كتفه وكباب و وصلنى اقل من ربع كيلو والاكل مش فريش وبايت بقاله كتير وبارد وميتاكلش
287,هو ماكان في غنوج واستبدل بي كول سلو بس كان الأكل تمام
288,الاكل يقرف.. اخر مرة اتعامل مع المطعم ده
289,i was overcharged on my order !
290,Very bad taste and bones in shawerma
291,Didn't receive the order
292,Sojouk Kiri feteer doesn’t have any kiri in it or even any kind of cheese so 👎🏻
293,قيمة التوصيل اكثر من المتفق عليه
294,Burned
295,اسوء app اكل فى مصر حرفيا اطلب الحاجة وبعدها بربع ساعة يكلمني. يقولى السعر المفروض زيادة ٥٠ جنيه عشان الاسعار غليت!!!!!!!
296,اسوأ مشاوي كلتها في حياتي + طالب نص كيلو و الكمية بتيجي اقل من ربع كيلو مثلا
297,Tasteless yuuk really
298,"order was very messy , delivery was awful , big dislike for the delivery man"
299,كريب فراخ رائحته فانيليا وطعمه مسكر
300,الأول أتأخر آكتر من 20 دقيقة. الشاورما كان كمية بصل كتير قوي في الشاورما و العيش بايت و طعمة وحش البطاطس العيش السورى طري و البطاطس زي ما تكون مسلوقة لأنة تقرييا مش محمص السندوتش .....ا
301,الاكل ليس قيمة مقابل سعر ومش انضف حاجة
302,Very bad taste Very bad size Very bad price to quality
303,اكل بارد
304,"Worst chicken ever, not recommended at all"
305,Cheddar cheese is not natural! It's a cream with flavour...
306,Sandwich came burnt
307,وقت التوصيل متأخر نص ساعة والأكل جه بارد
308,القيمة غير مساوية تماما للسعر
309,wonderful l
310,الاوردر مجاش اصلا
311,bad
312,الاكل جميل جدا وكل حاجه تمام بس في شوية اهمال في التغليف وناقص معالق الشوربه ودي اول مرة تحصل
313,وجبة الاطفال ناقصة عصير ودي اول مره تحصل!!
314,الاورد اتأخر اكتر من ساعة ونص و جالي فطيرة السجق الكيري أسوأ طقم فطيرة كله وكنت هرجع من الريحة و الكيري يعتبر مش حطينه
315,الاوردر اتاخر جدا جدا ز الاكل كان بارد جدا
316,استلمت الاوردر مقلوب ومعجن في بعضه، تجربة سيئة جدا
317,Very dry shawarma Small pizza Over priced chicken sandwich
318,فاشل وكدابين والحمدلله ان الأكل مجاش وموظفين طريقة كلامهم وحشة
319,حقيقي إدارة و مطعم فاشل الاوردر جالي غلط و و ناقص ولما كلمت الفرع قالي كان عندنا ضغط شغل و الاكل جالك صح وملكش حاجة عندنا بكل قلة ذوق حقيقي اسوء مطعم شوفتوا موجود
320,بيبسي ف مطعم مصري !! ايه يا جماعة ما تشوفوا بدايل يعني
321,الشوربة جاية مدلوقة
322,الحواوشى فاضى من جوه
323,"Working with just two kinds of processed cheese not real cheese, that have no taste and gave me diarrhea"
324,not warm
325,Cold
326,بيبسي مقاطعة انتوا ازاي لسه بتجيبوه وكان مكتوب ان الاوردر معاه ماكسي كولا مش بيبسي!! والحواوشي حجمه صغير جداا كمان والبطاطس قليلة وطرية اوي مش مقرمشة
327,الاوردر أتأخر جدا الاوردر لسه واصل وانا طلباه من الساعه ٥ مش منطقي يجي في ساعتين
328,The food not delivered yet
329,بياخد وقت طويل عشان يوصل
330,كابتن ايمن راجل توب التوب
331,Very good value for money
332,😡
333,Food was cold and soggy
334,الاكل سيء جدا جدا جدا محل خره
335,Y
336,too latee
337,el fetera bashi3aa wehshaa gdnnn bgdd w mgaledaa w el pizza akenaha feno bgdd zfttt
338,Was very cold and not fresh
339,Food was cold
340,انا طلبها l جايلي نص العلبه مفهاش اصلا
341,wonderfull
342,Didn’t delivered!
343,جبنه كتير بشكل يسد النفس مفيش فطير العجين رقيق جداً مقارنة بكم الجبنه
344,الفطيره جت مقلوبه ومعجنه
345,الأوردر إتأخر أكتر من ساعة إلا ربع. وبعد ماوصل أفاجأ إن الديلفيري ب ٣٥ جنيه مش ١٤ زي ما هو مكتوب في الابليكيشن رغم أن البيت جنب المطعم
346,المذاق سئ و الجودة غير مقبولة على الإطلاق و كمان اتأخر و جاي بارد... يعني ماستفدتش أي حاجة غير إني دفعت
347,الاوردر وصل متأخر جداً والأكل بارد
348,بارد
349,انا طلبت ميرندا تفاح ليه جات برتقال!
350,الفطيرة كانت باردة تماما لما وصلت
351,اقل اقل اقل اقل من العادي يمكن سيئ جدا
352,Delivery was so bad
353,very bad experience driver was very late and lying that he is at the restaurant the food was so cold and awful cheese taste never to repeat or use menus again
354,سيء جدا و اتاخر و حاجة تقرف
355,Not good
356,الاوردر مجاش بعد ما دفعت ارقام المطعم مش بيردوا المنيوز مش عارف اعمل منة حتي شكوي
357,Order is not delivered yet Please ask the rider to call me first before ringing
358,Order arrived one hour later than it’s supposed. The food was very bad quality
359,I didn’t receive the order
360,غالي جدا و طعمه مش زي زمان و الجبنه الكيري بتاعتهم طول عمرها حلوه بس المره دي جت نفس طعم جبنه كوبايات و كانت محدقه الفطيره بزياده
361,الاسعار عليت اوى
362,مليئ بالزيت
363,اسوأ مطعم واسوأ اكل مش هطلب منه تانى
364,الاكل وحش جدا و بارد جدااااا و الفطيره فاضيه و مفيش فيها اي جبنة و محروقه معأنى طلباها زياده جبنة و الاوردر اتأخر ساعه 😡😡😡😡
365,الاوردر سيء الوجبات المفروض معاها بطاطس كمان مجتش
366,تاخير بالتوصيل الأكل بارد جداً
367,تعبنا جامد بعد الأكل
368,الفراخ مش مستويةكويس الكريب أطرافه ناشفةوطعمه أقل من العادي فطيرة النوتيلا عليها شكولاتة عادية مش نوتيلا وحجمها بقي صغير جدا مع إن سعرها كمان زاد جدا وطعم وكواليتي ضايع.الفطير نفسه وحش وناشف كإنه شوية عيش عليهم شكولاتة وقليلة كمان الطحينة قوامها مياه
369,Mix cheese feteer is really bad
370,الاكل خربان وبايظ اتسممت اربع ايام الله لا يسامحكو بس
371,اسوء مره طلبت منها من حمزة السندوتش صغر جدا جدا الملفوفة بقي نصة تقريبا غليه وسيبه زي ما هو لكن متصغرهوش
372,i didn’t recieve my food
373,المكرونة فاسدة
374,الأكل كان بارد
375,الاكل حلو بس الفطير بقى حجمه صغير جدا جدا جدا عن الاول
376,القتة كانت باردة وقليلة والطيار لم يكن يملك فكة
377,الكمية قليلة جدا
378,كانت فطيرة كاستر .. الكاستر شبه مش موجود .. طعمها مش مسكر .. بصراحة مكنتش حلوة خالص
379,Cold food
380,bad taste not as expected 😕😕 bad experience 😖👎🏻
381,drivers hygiene
382,الفطيرة حجمها صغير اوي مقارنة بسعرها
383,مطعم سييء وخدمة عملاء كدابين وتوصيل متأخر
384,الفطيرة. كانت مزيتة جدا و كمان فيها كيري و انا مش طالبة
385,كان وحش قوي
386,الفطير سىء جدا جدا جدا و غالى على الفاضى
387,سيئ جدا
388,طالب فطيره بسطرمه كيري جايبها بسطرمه بس
389,One of the worst feteer i have ever had even the cheese what kind of cheese is this doesn’t deserve the price my dog didn’t want to eat it 🤢
390,الشوربه كانت واقعه
391,Sugar pie with little amount of sugar
392,الفطيرة بالسكر كانت ناشفة جدا و مفيهاش لبن و لا زبدة
393,الفطيره فيها شعره
394,kiri soujok was not filled with soujok the minced sojok was good note the delivery guy flipped all the feteer
395,الاكل وصل بارد و تحس انك بتاكل حاجة بايته مش طازه السبب مش من المطعم السبب من الدعم و الطيار لانه لف بيه السبع لفات
396,الاكل كان حلو قوى بس السلطات كانت قليلة
397,الفطيرة طعمها وحش وسببتلي إسهال
398,المفترض انها فطيرة سجق كيري لكن مفيش كيري ومحطوط مكانها شيدر
399,الفطيره مكنتش حلوه خالص كانها عجينه بالظبط
400,الاكل بشع
401,الفطيرة عبارة عم عجين فقط و كمية السجق سيئة جداً جداً جداً ... برجاء ارسال مندوب او عنوان الفرع لارجاع الطلب
402,Thank you for The driver 🙏❤️
403,كميه قليله وسوقه
404,بقالهم اكتر من ٣ شهور بيغشوا في الوزن. طلبت اكتر من مره ١/٢ كيلو وبجيلي ١/٤
405,ملفوفة السجق زفرة شوية واضح ان الموتزاريلا مش احسن نوع عشان مزيته بس الباقي تمام
406,الاكل دون المستوى ومبالغ في سعره تجربة سيئة ولن تكرر بإذن الله فطيرة البغاشة طعمها عجين بس
407,Extremely rude
408,👌🏻
409,الفطيرة مس حلوة المرة دي المخلل برضه وحش الباقي حلو .. شكرا
410,ملفوفة حلوة اوي بس الفطيرة كالعادة بتيجي بردة وبضطر اسخنها بس هي لية كويسة
411,فطيره بغاشه ناقصه لبن و سكر جدااااا
412,we had dirrerrah after eating the crepe
413,اسوء شاورما
414,الحواوشي مكنش سخن كفاية. طلبت بطاطس وصلت باردة جدا كأنها بايتة والبيبسي وصل سخن.
415,Already chatted with no reply
416,الاكل اتاخر جدا ، الدعم من المنيوز قاللى ١٠ دقايق بعد معاد الوصول و قعدو فوقها 40 دقيقه تقريبا ، الفطاير المفروض مش مختارلها اضافات بس محطوط عليها جبنه زى الكيرى ولكن طعمها سىء جدا لدرجه ان لو العيش و الحشو فقط يتاكلو لوحدهم هيبقى افضل، انا كنت متعو...
417,🙂
418,"The potatoes were cold, and the food in general was cold, and the potatoes also needed to be crunchy."
419,I ordered large i got medium 🤬
420,الفطير وصلت معجنة حاجة زى الزفت
421,بصراحه الاكل مش حلو و حاطط التوميه ع الفته إجباري
422,السعر عالي جدا بالنسبة للكمية
423,"The pizza was very sweet and had lunch sauce on it. It was very sweet, but it was very cold, and the potatoes were hot and sweet, but there was very little cheese."
424,مطعم سئ مش اول مره الاوردر يجي ساقع وزي الزفت وقلت اديهم فرصه بس مطعم معفن واخر تعامل مع اشكالكوا يمعر*ين
425,افضل فطير سجق شرقى بالكيرى والبسطرمة دوقتها فى حياتى يا رب تفضلو كده احلى حاجه الفلفل الالوان بصراحه كان طعمه جميل على الفطيرة مع الزيتون وشرائح الطماطم تسلم ايديكو
426,الاوردر وصل غير اللي انا طلبتو و بصراحه دي اخر مرا هطلب من مطعم حمزه كان اسوء اختيار حقيقي
427,Very very very late delivery and i wasn’t notified. Always a terrible experience ordering from elmenus
428,مافيش عندكوا اي احترام للمواعيد سواء انتو او ابليكيشن منيوز استحالة التعامل مرة اخري
429,اسواء فطيرة سجق كلتها فى حياتى و اغلى كريب فاضى شفته
430,The taste of Nutella chocolate was very bad
431,X
432,Bad taste
433,وجبة الفراخ كانت حلوه اوي الصراحة من غير تطبيل
434,Taste is not fresh and so bad we threw it
435,لقيت في الاكل شعر
436,طالبها مشكل جبن اضافه كرسبي جت العاديه والفراخ الكرسبي ناشفه اكنها مقليه من امبارح
437,الاكل كله كان حلو لكن البيتزا كانت الطماطم فيها حمضانه وبايظه الحساب ٥٨١ ج رغم الفاتوره جيالي ٥٤٤ ج
438,حواوشى ايطالى طعمه سئ جدا
439,غير ما كان متواجد في الصور
440,وحش وحش وحش منصحش اي حد بيه
441,طعم الفراخ كان غريب جدا كأنها بيتزا بالكبدة مش بالفراخ
442,جيد
443,"the orzo soup was open,it was spilled all over my floor"
444,hawawshi missing got fries packet instead
445,"7amza is no longer like before, I used to love everything they do but now from bad to worse"
446,الاكل متاخر جدا وجي بارد اوي وطعمه سيء
447,اوفر-ريتد اوي المطعم ده انا جبت منهم مرتين فطير شرقي و ماحستش انه جامد اوي يعني على كل الضجة دي.
448,Perfect
449,Good
450,bad experience too awful
451,الاوردر متأخر ساعة وكل ما اكلم الفرع يقولي حد يتواصل معايا ومحدش بيكلمني في الأخر الأوردر جه بارد وناقص وكلمتهم قالولي حلها مع المنيوز
452,طلبت كريب كرسبي كان سئ جدا جدا واول مرة اشوف كرسبي بالمنظر ده في حياتي كان لونه بني غامق لدرجة اني افتكرتهم جابوا الاوردر غلط وبعتولي كريب كفته وماكانش ليه اي طعم نهائي تجربة سيئة جدا ومش هكررها تاني
453,الشاورما مكنتش حلوة العيش كان بايت وطعمها سيء 🙄
454,Thanks😍😍
455,xx
456,Food is good
457,اسوأ دليفري حرفيا الفلوس اتسحبت و الاوردر موصلش و السواق مش عايز يوصلس الاورد و الابلكشن مش عايز يرجعلي الفلوس
458,الكريب بطاطس كان سئ جدا جدا جدا البطاطس نيه و العيش طري اووي بجد وحش اوي
459,The taste was very good but the portion was small compared to the price
460,طلبت ٧ سندوتشات شاورما كيزر للاسف اللحمه ناشفه جدا و محروقه و حشو السندوتشات كان قليل جدا تقريبا فاضي
461,الاكل كان سيئ جدا جدا جدا والفطيرة مقلوبة في العلبة ومش مستوية كويس وباردة برغم الجو حر جدا وكان فيه نواية الزيتون في الاكل تجربة سيئة جدا والسعر جاي في الفاتورة مختلف تماما عن اللي انا دفعته فرق ٤٠ جنيه
462,المخلل مجاش مع الاوردر
463,وحشة جدا جدا لا انصح بها
464,ORDER NEVER ARRIVED AFTER 130-140 MINUTES OF ME ORDERING IT AND MADE ME LATE TO THE WORK BUS!!!
465,الفطائر الحجم الوسط صغيره عن الوسط والبسطرمه قليله فالفطيره
466,النجرسكو فيها فراخ قليلة جدا جدا مقارنة بالسعر
467,طلبت فطيره سجق بلدى .. جاتلى فطيره سويس مكانها وفيها قطعتين سجق
468,الفراخ سيئة أوي
469,الفطيره جايه مقلوبه
470,الاوردر جاي غلط والاسعار مختلفه عن الابليكشن
471,الحاجه جايه متغرقه كاتشب
472,food was not delivered!
473,حجم صغير جددا عالسعر الميديم كانها سمول
474,المنتج سئ.. الصور ليس لها علاقة بالحقيقة .. الأسعار مبالغ فيها على الجودة الرديئة .. الاكل بارد في جميع اصنافه التي طلبتها وكثير جدا الزيت في الطعام (حواوشي بلدي.. مكرونة نجرسكو.. فتة شاورما)
475,"everything is bad: taste , order details I ordered banana with boughasha feteer and they didn't put it and they took its cost 😅😅😅"
476,تاخير
477,البيتزا مشكل جبن كويسه ٧/١٠ اتمنى الاهتمام بالسعى للافضل
478,Nice
479,الفطير وصل مقلوب في العلب بتاعته وكنت طالبة فطيرة كاسترد جت فطيرة سكر
480,الطعم سيء و ريحة وحشة في الفراخ، السمبوسة فاضية، آخر مرة أطلب من عندكم بجد
481,worst pie ever tasted 🤮
482,small portion for 130EGP sandwich..2 hours late..cold..under average taste.
483,empty parts
484,الاكل بارد جدا و وحش جدا
485,لاطعم ولاحجم نهائيا والأكل سئ وتعامل ادالدبيفرى
486,no custard in the pie
487,الاكل اتأخر ساعه ونص وجه متعجن على بعضه عشان الطيار جديد ومش عارف المنطقه
488,شكل خرا يقرفك تاكل اصلا و طعم زفت يا عم افل و افتح اى حاجه تانيه غير انك تعمل اكل
489,الطيار ممتاز
490,صوره الكريب تنبينلك أن هيجلك كريب عملاق لكن الكريب عادي الكريب كان بارد و العجينه مش حلوه دي عجينه كريب الحلو مش كريب الحادق تجربه المطعم في الكريب لا يمكن تكررها ولا انصح بيها ابدا
491,الاكل بارد وطعمه سئ نصه اترمى
492,الاوردر اخد ساعة عقبال ما وصل و كمان وصل بارد
493,الاكل بارد ميتاكلش واخد اكتر من الوقت بكتير
494,سيئ جدا و حرام حد يدفه فيه فلوس بجد فلوس على الارض بجد الاكل مايتكلش
495,الاكل للأسف مبقاش حلو زى الاول ولا جودته بقت كويسة كنت حاسة باكل كاوتش مش برجر
496,"I'm just disappointed with the drink sent. We have chosen th combo fries with pepsi, and they sent the smallest bottle of pepsi in the market! i was expecting the cans."
497,ب اختصار فلوس بتترمي ع الأرض
498,"I ordered ""baladi sojouk"", which is more expensive. I received processed sojouk and very low quality Kiri cheese."
499,الفطير ياكد يكون فاضي مش بس البروتين ده كمان الخضار قليل جداااااا العجينه كمان رفيعه جدا مفيش طبقات طلبه اضافه مشروم الفطيره كلها فيها ٣ شرايح و فطيره السكر ناشفه تمام و السكر و سمنه قليل جدا مستغربه الجوده جدا لانها مش اول مره اطلب منكم
500,"Very bad customer service and worst pie ever delivered Cold, burnt and filling is all out. And reached out to the restaurant and none called till the moment."
501,الطعم و الكميه مش حلو مش زي كل مره و الاكل كان بارد
502,طلبت اوردر كريب مكسيكانو وطلع سيئ جدآ وبصراحه كانت تجربة وحشه جدا وعايزة اعمل شكوي
503,taste is very bad
504,طعم سيء جدا جدا للأكل و انا كنت قايلهم يحطو ثوميه مع كل ساندوتش و ده المفروض يعني علشان كل أوردر ل وحدو حطو واحده ثوميه و كمان صغير جدا جدا جدا زي العينه .
505,لم يصل ولم يتم الرد من الدعم الفني
506,the fries was shredded pieces
507,بعد الطلب تم تغيير المنتج لعدم توافره و ذلك بعد ٤٥ دقيقه
508,فطيرة شوكلاتة جالاكسي سيئة جدا لا انصح بها علي الاطلاق .. وكانت جاية ملغوصة ومبهدلة ولا اكنها هتتقدم للحيوانات
509,"shawerma fattah is very bad , the chicken isn't clean enough, the Rice is very bad and overall a very bad experience"
510,"I absolutely love 7amza. The pies, whether sweet or savory, are always amazing. Try the white chocolate it's SOO GOOOODD"
511,الاكل وصل بارد والفطيرة ملهاش اي علاقه بالسجق البلدي ، طعمه سيء جدا حسبي الله ونعم الوكيل!!!
512,الفطير السجق كان تحفة انا في خلال يومين جبت مرتين من حلاوته
513,very bad
514,الحواوشي حلو والحواوشي الايطالي حلو كمان جدا والملوخية سيئة جددددا
515,الفطير كان معجن و مش سخن و السجق كان فيه حاجات بتقرمش غريبة
516,التيست المره دي مش احسن حاجه والاكل بارد واعتقد بسبب الدليفيري لانه اتأخر جداا . غير ان لسان العصفور كان بارد جدا و اتدلق في الشنطه
517,الطعم سئ جدا جدا جدا جدا والاكل حمضان تسبب لنا فى مشاكل وبسببه لم استطيع الطعام حتى الآن التقييم جاء لى بعد الطلب بأسبوع وانا واطفالى ومن اكل معى مازلنا نعانى حسبى الله ونعم الوكيل فيهم
518,الشوراما كانت مززه
519,اسوء طعم اكل حاجه تقرف
520,الفطائر والمعجنات ممتازه .. مكرونه هايله
521,كنت طالب سجق وجالي سوسيس
522,للأسف البيتزا وصلت بارده و مليانه زيت 👎
523,الرز كان جاي في طعم حامضان
524,السعر اللي في الابلكيشن غير اللي في الفاتورة و فطيرة السجق مكنش مستوي كويس
525,المكرونة برده جدا جدا
526,Msh ad kda
527,overpriced.
528,جميله وعجبتنى
529,the fattah is awfull the sauce is not good at all it is very low quantity and quality
530,طلبت بيتزا رانش وكانت حلوه جدا بصراحه بس صغيره جدا وغاليه غير كدا تحفه
531,اوحش حاجه ممكن حد ياكلها فطير شرقى سجق و بيتزا رانش الفطير مجلد كأنه بايت و متسخن و الحشو ريحته مزفرة و عادب و البيتزا نفس الشئ مجلده و ملهاش اى طعم لا انصح اى حد بيه
532,الفطير كان مقلوب
533,فطيرة الخضروات مليانة و حلوة و فطيرة حمزة شيكولاتة كواليتي حلوة و فواكة موز وتفاح جت دافية وطعمها حلو
534,جبت منهم فطيرة سجق و بغاشة و عجبوني جدا جبت منهم فطيرة سجق و بغاشة و عجبوني جدا
535,خدمه سيئه البيتزا لا يوجد معها كتشاب والشاورما سيئه للغايه اسعار غاليه بدون جوده
536,I ordered negresco and it can't taste worse than that!
537,Less appetizing than before
538,حد من المطعم اتواصل معايا و كان في منتهي قلة الذوق لوسمحتوا شيلوا المطعم دة من المنيوز ... بيقولي هو المفروض دي مسؤولية الديليڤري و بيقولي احنا عندنا كنت طالب فطيرة جالكسي الشوكولاتة كدة سايحة علي بعض 😡😡😡😡
539,I order large fattah and i think i received a small one
540,Fatir was very cold not even warm!
541,سئ فشخ
542,"Food wasn't clean and super late, i had it after iftar And i went to hospital because of it"
543,I asked for the food to be delivered by iftar time but instead I received it an hour earlier
544,The actual weight was 50% of the chargeable weight الوزن كان نص الكميه المدفوعه و بعد الاتصال بالفرع. اتصل المدير و قال ان الوزن قبل التسويه اما الوزن الفعلى بيكون نصف الكميه
545,وصل متأخر و بارد جدا
546,الفطيرة سجق كيري بقت فاضية جدا و صغيرة و جودة الشوكولاتة سيئة و الاكل وصل بارد بعد ساعة و نصف!!
547,اللحمه مستوردة و سيئة جداً
548,"The Quality of the ingredients on the feteer is extremely poor. Mixed cheese feteer was really bad.. and the soujouk Kiri definitely didn’t have Kiri in it, just some poor quality cream cheese."
549,الفطيرة مقلوبة
550,"amazing chicken, green salad is super spicy though, tahina is not very good"
551,got it in a very bad condition
552,The packaging was not good at all the food we over ba3d
553,"Their fteer is awesome, I love the Qonbla 💥🤩 and the grilled kofta . Pizza is really good as well. 💯👌"
554,اللفراخ طعمها بايظ ووحشة جدا
555,low quality sausage
556,الفراخ كانت سوده من جوه وريحة زفاره رهيبه
557,سى جدا
558,الفطير المشلتت تحفه و وصل سخن و سمنه بلدي
559,Great pizza but i wish it was larger
560,الفطيرة كانت سيئة
561,الديلفري محترم جدا جدا اديته فلوس زياده بالغلط ورجعهم تاني شخص نادر الايام دي
562,I got sick after eating and it was awful
563,The Honey and Qeshta Feteer did not have any Qeshta ..
564,"Best oriented pizza ive had so far, and the white chocolate feteer is INSAANEEE I LOVE ITTTT was a bit cold tho"
565,الاكل بارد الطعم عادي جداااا والاسعار مبالغ فيها جدااا مقابل الكميه غالبا تجربه مش هتتكررر
566,Only a small portion
567,Worst feteer and pizza ever. Feteer is mainly tomatoes and pizza is عيش بايت Last time to order from this place!!! Needless to say order was received cold
568,الاسعار ازيد بكتيير عن الموجود في الابليكشن
569,الأرز سئ جداً وبايت،، والطحينة بايظة،، جودة الأكل قلت بالرغم من زيادة الأسعار!!! تجربة اليوم سيئة بشكل عام.
570,الاكل كان سئ جدًا وورق العنب كان بايت وطعمه وحش اسوء مطعم كانه منو تجربه سيئه جدًا
571,وصل متاخر جدا
572,I ordered mix cheese and added extra sausage and kiri but then i get fetera sausage with kiri. Please review the order as i paid extra 90 pounds
573,Very bad restaurant
574,الفته قليلة الكمية مش مجزية بالنسبة للسعر
575,الفته كميه الشورما كانت قليله جداااااا
576,اكثر من رائع
577,كان الفطير حلو بس مزيت
578,.
579,كمطعم مش بيحترم زباينه نهائي وبيزود الاسعار بمزاجه وبيضفها علي العميل بدون الرجوع ليه اصلا تبقي بتطلبً اوردر بمبلغ والحساب يجيلك بمبلغ غير ان وقت التوصيل كفيل يخليك متتطلبش تاني انا طالبه اوردر الساعه 4 جالي 6 وربع غير مشكله الفلوس .. معتقدش هتعامل م...
580,السجق كله عظم و مشغت و طعمها سئ للغايه
581,الاوردر 87 والدلفري بقلي 93
582,Food was cold and didn’t taste good at all
583,المطعم قبل الأوردر وسحب الفلوس من الفيزا والطلب مجاش
584,Very bad taste Food wasn’t having any taste
585,ويوي
586,The pizza is undercooked and I found bones in the chicken
587,بخلاف أن أسعاره مش رخيصه وكوالتى مش احسن حاجه لكن كمان عينات يعنى فته شاورما لارج عباره عن 5حتت عيش و4 معالق رز و3 حتت شاورما فراخ بالعدد شاورما صاج عباره عن عيش بتوميه متلحوس شاورما
588,الاكل سئ فته الشاورما وحشه جدا الرز والشاورما ميتكلوش حرفيا والفطيره كمان وحشه والاوردر جالي متأخر بعد ساعه ونص مع أن الفرع مش بعيد عني
589,طلبت حواوشي بصراحه كان ممتاز . سخن وطاعم جدا وحجمه كويس. شكرا
590,الفطير السكر كان وحش
591,شاورما فراخ وشاورما لحمه الإتنين أسوأ من بعض .. او فى تقييم بالسالب حديهلكم والله
592,سئ للغاية اويي
593,جودة الاكل مقبولة وبارد وغالي مقابل الخدمة المقدمة
594,غالية علي حجمها
595,"Cheese is not Kiri as ordered, too much of a lower cost artificial flavored substitute whose taste is not good."
596,الاكل سيئ جدا جدا!! الارز بايظ و رحته وحشة أوي و الفراخ بايتة على الاقل بقالها ٣ أيام طعمها مقدد و سيئ. للاسف كنا جعانين و معرفناش نرجع الاودر و مكملناش الاكل اصلا اخر مرة هنطلب أكل منه. Totally not recommended
597,الفراخ كانت زفرة و البيتزا صغيرة
598,فراخ بشعة
599,الرز واضح انه بيتسخن ١٠٠ مرة قبل كده لدرجة انه جايلي بيقرقش الفطير الحلو مفيش عليه نقطة لبن وناشف الفراخ المشوية مش وحشة بس مش حلوة
600,So bad quality tho
601,The worst thing you could have is a cold cheese feteera
602,الفطير يجنن بس أتأخر
603,الفطير حجمه وسمكة اول مرة اشوفه في حياتي !!! ورقتين فلوسكاب فوق بعض !! مقابل السعر لاء اشتري من دسوقى اند صودا او ماچيستى
604,بيزودوا اسعار علي المكتوبة في الابلكيشن وغير المعاملة وحشة جدا وفضلت مستنية ساعة والآخر كنسلوا الاوردر كده من نفسهم حقيقي اخر تعامل مع المطعم والابلكيشن كله لأنها مش اول مرة
605,الاكل سئ جدا وناشف والعيش بايت والمكرونه مش افضل حاجه ب لنسبه للسعر والعيش باايت
606,"2 hours to deliver an order lying regarding the status of the order (2 different phone calls) one hour and a half from ordering to pickup disrespectful, telling customer that will have a call back, and the call never came average food quality, doesn'..."
607,الحوواشي والنجرسكو كان جميل سخن و وصابح والدليفيري جه بدري
608,الشوربة وحشة جدا كلها بصل كبير
609,الاكل كان بارد
610,مكنش في كيري فالفطيره
611,اكل سيء للغايه و عمري ما هطلب من عندكم تاني و حسبي الله و نعم الوكيل في الفلوس اللي خدتوها علي فطيره محروقه
612,الاوردر واصل كل رغيف تلت اربع بس !!!؟
613,الاكل وصل ناقص و طعمه سئ جدا و بكلم المطعم مرضيش يجيب الناقص و بيقولي ملناش دعوة
614,الاكل جه ناقص و طعمه سئ جدا و كلمت المطعم يبعتوا الناقص بيقولو مالناش دعة كلمنا متطلبش من المنيوز
615,ال
616,Terrible and the quality of the meat was terrible it was very chewy The order was extremely cold and there wasn’t enough cheese
617,طعم زفت استغفرالله
618,بيتكلموا قبل ما يوصلوا الاوردر علشان يزودوا عليك المبلغ و اكل طعمه وحش،و بارد
619,Diet mix grill is all grilled chicken!!!
620,القيمة مقابل السعر سيئة لابعد حد ، وكمان الصوصات اللي بتتحط ع الفطاير بيقللوها جدا عشان ديليفري
621,الفطيرة السكر كانت بيتك و بتشد جامد
622,بصراحه التعليق الاول كان مبالغ فيه خوفا علي انه يقفل لكن بصراحه الاكل سئ ولا كميه ولا سعر ولا طعم ماعادا فطيره مشكل جبن بردوا هي الحاجه الوحيده اللي طعمها حلو ولكن حجمها مش كبير زي ما اخترت
623,الاكل يعني شغال قيمه مقابل سعر لا الحاجه الوحيده اللي حلوه الفطيره مشكل جبن غير كده اقل من العادي
624,الاكل سئ جدددا جددا ووجعلى بطنى ........
625,انا غير راضي عن الاكل و عايز اقدم شكوي الاوردر جيه بعديها بساعه و نص
626,الوجبة سيئة جدا الرز والله معلقتين المنظر صدمني الرز مكفاش طفل سنتين ..والوجبة خسارة فيها الفلوس قطعة ريش واحدة ،٢ صباع كفتة،٢ قطعة شيش طاووق ، ١ قطعة كباب ٢٩٣ ج ليه؟؟؟ تجربة سيئة واخر مرة هتعامل مع المطعم دة
627,الاودار صغير جدا بحجم بتاع الاطفال
628,اكل وحش جدا جدا وحجم الطلب لا يتناسب ابدا مع السعر المبالغ فية اسواء مطعم كلت منة بجد زفت
629,كانت باردة
630,بعد ما عملت الاوردر اتصل يزود السعر في التلفون
631,اولا الاوردر وصل بارد و شكله مش حلو و الفطير ناشف جدا و غرقان سكر بطريقه زياده اوي للأسف الجوده لا تتناسب مع السعر
632,حلو جدا بس السعر غالي على المنتج + ده غير انه مش زي فيديوهاتهم اللي على الصفحة خالص
633,"طلبت ساندوتشات كفتة و شيش و فاهيتا و شاورما و سلطة طحينة و توميه و طبق بطاطس , الكميات حلوة جدًا و الاكل طعمه حلو و طازة و كان سخن و الساندوتش كبير و يشبع لوحده من غير اى حاجة معاه ♥️ و السلطات كتيرة انا كنت هطلب اكتر من علبه بس العلبة الواحدة طلعت ك..."
634,أقسم بالله زفت عينات اكل
635,البيتزا كانت باردة ومحروقة
636,الفتة سيئة جدًا و قليلة جدًا
637,المكرونة كانت بالمشروم وانا كنت طالب بالفراخ
638,👏🏼👏🏼👏🏼
639,اوحش المطاعم ف حياتي من سنه ونص كنت اخر مره اطلب وقولت يمكن اتعدلو لكن من سئ ل اسوء
640,the worst food ever and i won't buy it again
641,No custards
642,اسوء فطير ممكن تكلو في حياتك، منصحش حد خالص.
643,Slow delivery though
644,I did not recieve my order yet!
645,الجبنه كانت قليله اوي
646,اكل مفيش اسوأ من كدة وتغليف اسوأ كمان الساندوتشات مفتوحة واللي بيوصلهم فتحهم وكل منهم لازم يتغلفوا بطريقة افضل من كدة تجربة مش هتتكرر
647,الفراخ رحتها وحشه
648,"Food quality is too bad compared to the prices. Sojouq wasn't well cooked, chicken ranch pizza dough was awful and the topping was really poor."
649,"Low on sauce , meat and cheese …"
650,الاكل سئ جدا وإهمال شديد المكرونة والفراخ مش مستويين اساسا والحواوشي جي محروق حقيقي خسارة فيه الفلوس
651,زفت و خدمه سيئه جدا و تاخير و ناس مش فاهمه حاجه
652,I threw up because of how smelly the food was
653,Bad order bad quality
654,"One of the worst orders I received, full of oil, the chicken tasted really strange"
655,😃😃
656,سيء
657,الاوردر وصل متأخر ساعة و نصف عن موعد تسليمه العلب مضغوطة على بعض الاكل بارد
658,Not that good
659,الفطير كأنه بايت وناشف ووحش جدا والبيتزا مش حلوة والسعر غالي جدا والتوصيل غالي ومع ذلك الدليفري أخد زيادة تجربة لن تتكرر أبدا أول وآخر مرة
660,I ordered soogok kiri and got minced soogok with no kiri
661,كان زيت مش شوكولاته
662,2:30 hours for half a chicken
663,طلبت فطيرة مكس جبن و فطيرة كاسترد طعمهم حلو جدا بس فشخولى قولونى و جابولى اسهال ✨
664,الفطيرة جاية محروقة
665,الاوردر سئ جدا و ميتاكلش و لسه واصلي و انا عايزه ارجعه
666,العجينة زي بتاعة الفرن مش مميزة خالص .. ال topping و ال sause حلوين
667,الحواوشي كان بارد والعيش اتبهدل
668,Bad
669,full of cheddar no mozerella and very few veggies.
670,الفطيرة سيئة وبطني وجعتني بعدها
671,سئ جدا و مفيش اى اهتمام و مش فاهم ازاى فعلا معندهمش مشكلة فى ان الاكل يكون كدة
672,الكميه مش مضبوطه تماما غير المعتاد من حمزه
673,The worst ever and worst customer service
674,سيئة ومش علية شيكولاتة نيوتيلا دا صوص شيكولاتة ومتخفف جدا مش ممتعة خالص للاسف
675,الدجاج سئ جدا و طعمه مش حلو .. البيتزا كويسه
676,طلبنا فراخ وكفتة وحوواشي وشاورما للاسف الاكل سئ جدا لا جودة ولا طعم اوردر بكرة ٦٠٠ جنية نزلتو كلو للكلب وحسبي الله ونعم الوكيل
677,طلبت ربع فرخه مخليه سيئه جداا دفعت الفلوس ف حتت عضم باعتينلي اسوأ جزء في الفرخه اللي فيه العضم كله و صغير جدااااا متستاهلش يدفع فيها جنيه
678,الفطير سئ جداََ و طعمه مش حلو و بارد تجربه سيئه
679,Portions small for large feteer
680,Terrible
681,سيء جداً. ومخالف لطلبي
682,فطيرة الشوكولاتة عليها صوص شوكولاتة قليل جداً و متخفف جامد للأسف طعمه مش حلو.. مش متديين الفطيرة حقها و ثمنها مش فيها، في أماكن تانية أحسن بكتير
683,الفطيرة جاية حمدانة و سيئة جدا جدا
684,الحواوشي عليه كبدة وحشة جدًا
685,فرع المعادي فطيرة ميكس لحوم فيها طعم زنخ أوي او معدني كده للأسف إترمت .
686,الفطيره وحشه جدا والسجق طعمه وحش اوووي كلتها ورجعت وتعبت
687,0 البيتزا وحشه جدا والسجق طعمه غريب اووي وبجد تعبت جدا منه وتجربه سئ جدا
688,الفطيرة وصلت مقلوبة على بعض و باردة و مش مستوية و كانت مكس جبن اضافة بسطرمة..البسطرمة قليلة جدا جدا و الجبنة المستخدمة كانت المعلبة زى عبور لاند و بندا..حقيقى اخر مرة اطلب منكم
689,كلت بيتزا رانش من عندهم بقال يومين بطني وجعاني
690,الاكل سئ جدا مقرف اوي وكمان الفته قليله جدا ايه ده وطالبه لارج كمان اخر تعامل بجد
691,العيش فيه عفن واتقرفت وانا باكله
692,اخد وقت كتير ف التوصيل و الفطيره كلها زيت و مفيهاش كيري اصلا
693,الوقت كويس البيتزا احلى من الفطير الطيار مهذب
694,taste was very bad and late delivery very much
695,ليس افضل شي
696,السمنه او الزيوت والجبنه الكيري المستخدمه وحشين جدا
697,اسعار المطعم ارخص من المنيوز وفيه غش في الاسعار
698,Late delivery Kiri sojok taste good but kiri amount wasn’t sufficient at all
699,البيتزا الرانش كانت زفره الفراخ فيها
700,طلبت فطيرة حادق و فطيرة حلو و الاتنين خسارة فيهم الفلوس و الله سعر غالي و حجم قليل و تقريبا مفيش حشو و الفطيرة الحلو اللبن المحطوط عليها كان طعمة غريب
701,amazing so delicious
702,الحجم صغير بالنسبه للسعر بس لو الطعم جميل جدا بصراحه
703,قليل الذوق و غير محترم
704,الفطيرة ما كانتش متقدمة حلو زي المرة الي فاتت
705,طلبت نوتيلا لوتس » جاتلي لوتس بس
706,التوصيل اتاخر وجه من غير معلقه ولا مناديل ولا اى حاجه
707,the rest took more than the app
708,"Pie wasn't well cut, had to cut a lot of it ourselves, also it was very watery at the bottom and the driver was irresponsible with it as it came squeezed into itself at the back of the box, However mix chicke saroukh will always be a favorite item"
709,لايوجد بسطرمة رغم طلبي لاضافتها على عدد ٢ فطير
710,زيرو إدارة وخدمة سيئة جداااا اكتر من ساعه لنزول الاكل
711,الاكل تحفه وسخن جدا وسريع
712,الأكل فيه حشرات وكلمتهم مافيش اهتمام وهعمل بلاغ في حماية المستهلك.
713,الباستا كانت محروقة من تحت
714,pad food
715,"Great Food, very small cheese tho"
716,Normal pie not perfect
717,was perfect
718,شاورما دجاج سيئة
719,حلو
720,the topping of the cheese pizza was all stuck to the box cover.
721,الاكل سئ جدا
722,Order came very late and was very cold
723,جابلي سلطات مختلفه تماما عن اللي قلته للمندوب الفطيره سيئه جدا و غاليه و الحواوشي طالبه منغير خضار جاي مليلن زيتون طعمهمر جدا
724,طالب حاجه و الاكل جه حاجه تانيه خالص والاوردر جه ناقص ومفيش سلطات جت معاه و كلمتهم فى الفرع بيكلمونى بقله أدب ومدير الفرع يقولى ملكش عندى حاجه والى عندك اعمله وحاجه منهى قله الادب
725,اسوء اكل جبته فطيره المفروض جبنه كيري والي محطوطه محصلتش حتي جبنه قريش وكلها زيت وطعم يقرف لا انصح به خالص انا رميت الاكل كله في الزباله
726,"Just don't order Fattah from there. portion was ridiculously small compared to the price. the quality wasn't the best, just some amateur's work."
727,الضريبه عاليه جداا مش فاهمه ليه انا بطلب اون لاين ليه يكون فيه ضريبه عاليه كدا
728,اسوء اكل جبته فى حياتى ، والأوردر اتاخر اكثر من ساعتين
729,الموزه كانت ناقصه تسويه كتير وانا طلبت وقولت تسويه كامله الصراحه انا رميت الاكل للكلب حتى معاد وصول الأكل كان 2 ونص هو جانى قبل معاد وصوله بساعه كان ممكن ياخد وقته كامل بس الأكل يكون صح شكرا
730,Very bad quality and the taste was very...... !
731,تاخير الاكل و كان حادق اوي
732,طعم مش حلو
733,سيئه
734,اسوء مطعم والاوردر جاى غلط واخر مرة هطلب منه!!!!
735,السجق استغفر الله العظيم من ابو الكيلو ب١٠ جنيه للاسف اترمت
736,"the negresco was spoiled, taste, and smell was very bad !!"
737,H
738,مش قيمة مقابل السعر
739,الاكل قليل عن كل مره سواء بطاطس حمزه اللي حجمه قل كتير وبنفس السعر و حواوشي حمزه بقي فاضي شويه طبعا الاكل بيكون مش سخن شويه
740,النوتيلا خفيفه جدا مبااه
741,I ordered a nutella pie but What came was chocolate pie And I’ve been charged for the price of nutella
742,بقى سيء في الفطير
743,"The chocolate is not galaxy , and the sugar isn’t fresh"
744,..
745,الاكل كان سئ للغايه
746,بجد أوردر سئ جدا أول مره نستلم الاكل بارد جدا وزى مايكون بايت وطعمه وحش واتأخر علينا فوق الساعه
747,So bad experience and the food is so oily and dry
748,الفطيره مفيهاش كاستر خالص حرفيا يعني كنت طلبت بغاشه بدلها
749,قطع من الفراخ المسلوقه و ليست شاورما فراخ كميه الفراخ صغيره
750,. very expensive
751,اجمل فطير شرقي ❤️❤️❤️❤️
752,الاودر وصلي مقلوب ومتبهدل
753,زي الزفت، طعام سيئ جدا و فريق عمل غير احترافي. لا كيري ولا سجق و لا شرقي، بلح. و غالية، مستوى سيئ جداً.
754,مستوى سيئ سيئ سيئ جداً و حرام ادفع فيه فلوس. طلبت اعلى حاجة واخدة تقييم كويس عندهم ، بعتولي حاجة استغفر الله العظيم زفت و تواصلت معاهم لقيت واحد بيتصل بيه بيقنعني ان الحاجة جميلة مالك؟؟ المفروض ان دي فطيرة شرقي كيري بالسجق، نص الفطيرة تقريبا مفيه...
755,مع ان الاوردر مكنش حلو بس الاكبر من كدة اني كنت طالب فطيرة كاسترد و جالي مكانها سكر بلبن ايه الضحك ده؟
756,بقالي ساعتين ونصف ولسه الطلب ما جاش
757,لا انصح به تجربه سيئه جدا الفطيره حجمها صغير مع أن اللي طلبتها لارج و جت بارده و الجبنه مش كيري و البسطرمه قليله و اتاخروا في التوصيل كمان
758,الفطيرة مفيهاش جبنة كيري، فيها جبنة تاني غيرها وطعمها وحش
759,Gffjsjdjdjdjd
760,كنت طالبه حجم لارچ و جالي حجم الصغير
761,أسوأ اوردر ! وجبة نص فرخة ب ٨٨ جنيه واصلة نص فرخة صغير في رغيف عيش و علبة سلطة صغيرة !
762,Ok
763,unchewable pieces of meat
764,اسوأ اوردر جالى فى حياتى .. اسوأ مطعم .. اسوأ اكل ، مانصحش بيه حد ابدا ولا الكريب ولا الفطير ولا البيتزا ، الاكل كله طعه يقرف وكواليتى زفت .. والله رميته
765,cold food
766,"all taste wasn’t as original 7amza , and the meat doesn’t seem fresh and it doesn’t have taste"
767,الاكل جاي بارد ومجلد
768,اسوء تجربة ممكن تجربها شاورما مذاق سئ جدا جدا
769,كله على مايرام تحياتى اليكم
770,good
771,"Not the best, average"
772,الاكل بارد جدا و غير جيد كما هو المعتاد
773,طعم سئ
774,Grilled chicken wasn’t freshh.. also the hawawshii was so empty
775,الوجبة كانت اقل من نص كيلو ع اغلب
776,جودة الاكل سيئة والخامات المستخدمة لا تتناسب مع الاسعار
777,طعم الاكل كان سئ جدا كأنه معمول بمكونات بايظة
778,Late delivery and taste not expected
779,Not as before
780,Hy
781,اولا السعر ع الابليكشن حاجة وف الرسيت مع الاوردر ازيد من اللى ع الابلكيشن والدليفرى قال ان ملوش دعوة هو ليه بالرسيت اللى بيطلع م المحل ثانيا طلبنا 3 فطير وسط بالنسبه للسعر ع الحجم ده غالى اوى متستهلش ثالثا فطيرة الجبنه الجبنه فيها قليله +ان الاطراف...
782,الفطيرة وحشة جدا جدا جدا الفراخ وحشة جدا و الفطيرة ناشفة اوي و مفيهاش اصلا جبنة..سيئة للغاية ..شئ مقرف
783,طلبت فطيرة سجق بالكيري و طعمها بشع بشاعة غريبة،أكن في جثة فالفطيرة. و الفطيرة الكريسبي جافة جداً بصراحة و مش حلوة . لكن النجرسكو طعمها كويس جداً
784,زي الزفت
785,غالى جدا
786,الاوردر جالى بعد ساعتين
787,البيتزا كانت مخدومه فراخ وصوص رانش، بس العجينة سيئة والجبنة رديئة جداً جداً لدرجة اني حسيت البيتزا متسخنه، والسعر مبالغ فيه
788,نوع الشيكن المستخدم مش حلو والسمنه في البيتزا كتير
789,البيتزا صغيره جداً هي طعمها تحفه ولكن صغيره اوي
790,السجق كان ناشف جدا وملحه زياده البغاشه تقريبا مفهاش لبن خااالص وسكرها قليل
791,too long to arrive
792,"tastes good, average presentation"
793,الكميه غير كافيه كتير 101+19خدمه توصيل
794,اسواء تجربه اكل في جياتي واسواء وجبه واسواء كل حاجه حقيقي كرهني ف الابلكيشن
795,جربت فطيرة الميكس جبنه و فطيرة الكاسترد مخدومة جداً و فريش و طعمها حلو جداً سواء دى او دى مشكلتى معاه الاسعار بس
796,الحساب كان حسب البرنامج حاجة و اما جاء الطيار طلب مني حاجة تانية طلب فلوس اكثر
797,The food came very late and was very cold
798,الحشو كان قليل جدا
799,الاكل وحش جدا جدا جدا حقيقي بشع
800,تحفه
801,المطعم قريب من المكان اللي طالبه منه ولكن الأوردر جاي بارد و فطيرة اللحمة سيئة جدا جدا
802,تجربه سيئة للغايه الفطيره حرفيا عباره عن عجينه عيش مش عجينة فطير محدش يجرب الفطير عندهم علشان هتندم
803,very good
804,الفطيرة كانت بدون موتزاريلا اصلا، جاتلي سوسيس وشيدر وكانت ناشفة جدا. بعت امبارح صور الحاجة اللى استلمتها للكستنر سبورت ومحدش رد او عملي حاجة.
805,حلو جدا فطيره السجق بالكيري وبيتزا فراخ رانش 🤍
806,Price
807,البيتزا الايطالى كانت ناشفه جدا والحشو قليل انما البيتزا الشرقى كويسه
808,الأكل جي بارد و ناشف ، زي ما يكون بايت ، اول مره اطلبه من حمزه و يكون سيء كدا ، فطيرة المكس فراخ متكلتش لغاية دلوقتي
809,thanks
810,الطيار كان قمه في الامانه والاحترام
811,محتاج يكون اسرع من كدا
812,سعر مرتفع جدا و كميات قليله حدا
813,زفت الاكل طعمه وحش و كله اترمى حتى المخلل اللي مع الاكل جاي معفن حرفيا و الطحينه بايظه
814,متوسط الصراحه لا حلو اووى ولا وحش
815,الاوردر كله كان حرفيآ مقلوب فى الشنطه والطيار تحسهم مشغلينو غضب عنو
816,الخبز باهت و الأرز سيء و الكباب مقرف الله يكرم النعمة، هذا غير الكمية القليلة الي حصلتها رغم اختياري ل نصف كيلو، املك ميزان طعام بالمناسبة ولم يكن الوزن صحيح سواء قبل او بعد الطبخ، تجربة سيئة
817,الفطيرة كانت تقريبا بيتة ومتسخنة وكانت طعمها مش حلو
818,تجربة سيئة جدا الأكل جيه متأخر بعد الفطار و السعر زيادة عن اللي مكتوب في الأبلكيشن و في الاخر الطعم مش حلو
819,th pizza was delicious but small and expensive.
820,سئ جدا
821,جت واحده كويسه جدا والتانبه مش كيرى سجق ومحروقه
822,كيلو المشكل مش الطعم الي جامد اوي طعمه عادي جدا وكميه الكفته والسحق قليله جدا . وفطيرة البغاشه سيئه جدا لبن غير متواجد فيه ولا يجد فيه سكر غير في اول الفطيرة فقط واخرها لا يوجد وطعمها سيئ جدا
823,I chose the biggest size in feteer but it came in half of the packaging
824,الاوردير مجاااش
825,veryyyy badddee
826,المشكله الوحيده في التاخير بس الاكل تحفه
827,البيتزا كانت وحشة قوى معمولة من الصبح بدرى جدا وناشفة قوى وكمان متسخنه وطعمها سئ جداااا مش فريش خالص تجربة سيئه
828,انا مش عارفة اقول ايه داخلة اكتب كومنت سلبى لقيت ما شاء الله ولا كومنت بيشكر فى المطعم كلهم سلبين رغم انى اكلت فى المطعم دا يوما ما كان كويس بس اول ما فتح البيتزا جت وحشة قوى عالفطار تقريبا معمولة من امبارح ناشفة ومتسخنه والمرجريتا تقريبا مافيش طعم ل...
829,السجق بايظ وجالي تسمم
830,ونسي يجيبلي الكول سلو
831,الاكل جي نص الورك حاجه غريبه بصراحه هو محطوط علي الصوره صدور واول مره طلبت كان صدور
832,كيمه الكيرى قليله جدا تكاد تكون معدومه
833,طلبت نجرسكو و مكرونة بالفراخ من فرع اكتوبر حاجه قرف
834,Treat you like they’re feeding you for free!
835,الاكل كله بارد
836,الاكل طعمه غريب و الرائحه غريبه الكوالتي بتاعته وحشه ما انصحش اي حد يجربه
837,اولا الاكل مش احسن حاجه ثانيا المطعم حاسبنى حساب غير المطلوب منى زياده
838,فطيره سجق بالكيرى طعم سيء جدا وحجم الوسط زى زى الصغير في اي ممطعم محترم ورغيف حواوشى ب 190 جنيه ليه وياريت الطعم حلو فالحين بس في الصور على السوشيال
839,الحواوشي مكتوب لحم مفروم عادي جي غريب و فيه سجق
840,الاكل مجاش و الباشا اللي كلمته في الفرع قفل في وشي الخط و قفل الموبايل و الخط الساخن كلمتهم مرتين و في المرتين بيقولولي هانتواصل مع الدليفري .... كان ناقص اطلب منهم رقم الدليفري و استعطفه و اترجاه يحن عليا و يجي بقي .... خدمة مقرفة
841,فطيرة السكر سيئة جدا
842,اسهال
843,زفت
844,Oily and disgusting
845,الفطيره جت مقلوبه و متبهدله
846,خد وقت كبير جدا في طلب صغير يعتبر غير ان السندوتش اشاروما كان صغير جدا بالنسبه للسعر
847,El feter tohfaaa we bezat fetert el sogo bel kiri tohfaaaa 😍😍😍😍😍😍😍😍😍😍😘
848,اكثر من مرة اطلب واقول ان الاكل بيجي بارد ولا حد مهتم لسة لحد امبارح طالب اوردر وقايل كومنت ان ياريت الاكل ميجيش بارد فعلا استجابه والفطيرة جاتلي شبه مثلجة والجبنة مكلكعة
849,الاكل بشع حرفيا وحاي بايت ومجلد بجد اوحش فطير كلته في حياتي وسعره غالي وهو ميستهلش اسوء تجربه واخر مره
850,الفطيرة حاجه زفت ... عبارة عن بواقي فطير مرشوش عليهم قرفة من فوق .. والفطيرة كأنها اترمت في الطبق.
851,مطعم سيئ للغاية تأخير ساعتين و نص و كاتبين ان الاوردر وصل و مفيش حاجه جت و كلموني قالولي سعر غير الموجود في المنيوس و تهريج
852,the worst restaurant in the world 🌍 don't make any order from it.
853,did not state that it had custard
854,الاكل غالي جدا
855,الاكل وحش جداااااا و حامض و عملنا شكوي محدش رجع كلمني و كمان مدوناش تعويض و في ناس بطنها وجعاها من امبارح بسببه.
856,لا سعر و لا قيمه
857,اولا جت مقلوبه ومتنيه في العلبه وشكلها باظ من قلبتها وكمان زودو عليا في التوصيل ١٥ج ومحدش قالى و انا بطلب الاوردر ولما جالى قالى هو احنا مشوارنا كده ملناش دعوة بالابلكيشين
858,الاكل كان عادب و الوجبات مفيش معاه معالق و لا كاتشب ولا اي حاجه
859,Fteer had raw sojouk lotus was flipped upside down and the freer didn’t taste good at all all the food was destroyed from the delivery very bad experience
860,بيتزا الخضار متكروته و الاوردر كله بارد
861,الشاورما وحشة اوي
862,التأخير اوفر الصراحه اخر مره هطلب منه ساعتين توصيل ليه
863,طعم السجق مش حلو خالص
864,It took more than 90 minutes
865,very late
866,الاكل بارد اوي
867,Negresco very delicious but sojouk not good I'm not recommended
868,الاكل كله كان تحفه من هو مكرونه تقيله شويه بس رائعه فعلا 👏👏👏
869,جبت منه حواوشي في الشغل بجد عجبني جدااا وبقيت بطلي كل شويه منه
870,الطعم حلو جدا لكن التوصيل بطيئ جدا ، والسعر اختلف لما وصل الاوردر
871,الشاورما كميه قليله جدا جدا و الحواوشي الايطالي جاي مليان زيت اسواء اوردر جالي من حمزه
872,بيتزا عرقانة و مبلولة و فراخ مش مستوية كويس جوا البيتزا حاجة معفنة الصراحة
873,تم تغيير السعر وزيادته بعد الطلب بفارق ١٠ جنيه تقريبا
874,هو الاكل كان جميل بصراحة وحاجة ممتازة المشكلة بس فى حاجتين اولهم ان الاوردر جالى اغلى ب٥ جنيه عن ماكان حسابه على الابلكيشن ارجو الاهتمام وتعديل الاسعار زى اسعار المطعم وتانيهم ان الاوردر كان بارد بعض الشئ واحتمال يكون بسبب الجو نفسه
875,الفطائر تحفه
876,طلبت ٢فطيره سكر و٢ بغاشه جالي ٤ سكر علي الرغم من اني دافعه بسعر البغاشه الي هي ٢٢ والسكر ب١٦ .وكمان الفطير بارد اخر مره هطلب منه
877,the order was cancelled after 2.5 hours without notifying me
878,سئ جدا اسوء مطعم اكلت منه . الفطير بايت و حشو الاستريبس بايت و اتأخروا وحش وحش وحش
879,I didn't receive the order
880,اوحش فطيرة اكلتها في حياتي باردة و البطاطس باردة و العلبة تحسها مبلولة و كل دا والأكل جيه متأخر معنديش مشكلة الاكل يتأخر بس علي الأقل يتاكل و انا ملاحظ إن المطعم ابتدي الجودة و المستوي ينزلوا
881,قمة عدم المهانية مع العملاء.. طلبت اوردر وبعد ٣ ساعات بيقولوا انه اتلغي من بدري من غير ما حد يعرفني مع العلم اني اتصلت قبلها بساعتين قالولي ان الاوردر هايخرج دلوقتي
882,لسه مستلمتش اورد لحد دلوقتى
883,سجق وحش
884,فطيرة سجق وكيري خسرة فيها الفلوس والله حشو قليل جدآ باكل عجين وكمان عجين ناشف
885,order arrived after 190 minutes and the food was cold ❄️
886,الاكل سىء جدا اوحش فطير أكلته
887,"added more delivery fees than written here on ""elmenues"""
888,الفاتوره. مش زى اللى فى التطبيق
889,مطعم سيئي جدا والاكل غير مستوي
890,كنت جبت بيتزا فراخ رانش بطنى وجعتنى وفضلت تعبان تلات ايام ولغاية الوقتى كل اما افتكر اليوم اللى كلت فيه من المطعم ده احس بتعب
891,فطيرة السجق كان ناقصها فلفل اخضر و زتون
892,طعم الاكل مش حلو و السندوتشات صغيرة جدا بالنسبة لسعرها. الفراخ جوه الكريب مش مستوية. سئ 👎👎
893,Was not fresh and late !!
894,البطاطس كانت محروقه
895,فطير النوتيلا نصب شوكلاتة رخيصة مستخسريين يجيبوا نوتيلا و بينصبوا و يقولوا انها نوتيلا
896,"Very bad service, long time for delivery not recommended"
897,Food is not good (expired) Taste is change (pizza chicken ranch)
898,تم التواصل معى صباحا بخصوص الشكوى ولم يتم الرد حتى الآن..... على الرغم من توضيح كل النقاط ومندوب سيادتكم موافق على سوء تصرف مطعم حمزه و فطيرة شاورما الفراخ سيئه جدا جدا ووعد باسترجاع الاوردر او الرد باى نوع سواء من جهتهم او من جهه حمزه
899,Very cold
900,الاكل جاى بارد
901,طلبت اوردر فطيرة بغاشة باضافه لبن. جاتلي فطيرة عادية بدون لبن
902,السعر كضريبة مختلف عن اللي ظهر عن الأبليكيشن فبقي السعر المدفوع غير اللي علي الأبليكيشن
903,Italian hawawshi was very very very bad and expensive
904,الفطيرة جت مديام و انا طالبها لارج
905,الاكل بااارد
906,المستوى عمال يسوء
907,It was very cold and not fresh!
908,Very bad experience the food was too cold
909,الكمية قليلة
910,كانت محروقه
911,جبنه كيري مغطيه علي الطعم انا فعلاً مش دايق اي حاجه غير الجبنه الكيري
912,مفيش مناديل خالص ولا جونتيات المكرونة مفيهاش فراخ باقي الاكل كله تمام
913,Very bad taste and cold
914,انا طلبت فطيرة نيوتيلا وسط .. جت النيوتيلا مغرقه الدنياااا خالص مش معقوله .. وكنت حاطط اضافه موز .. ولا حطو اضافه ولا اي حاجة .. ولما بعمل شكوى او بكلم الدعم الفني لما بطلب بتيجي كويسة ومظبوطه ولما تاني مره بطلبها بتيجي متبهد خالص .. لازم اكلم ...
915,food is ok but the meat quality isn't much
916,الطعم سيء جدًا وقت التوصيل كتير اوي
917,الطعم جيد لكن كمية الدجاج داخل الفطيرة قليلة جدآ
918,الاكل دون المستوي و مواعيد اسوء من كدة مفيش
919,Food was great. Came on time. Very hot and fresh
920,Hhh
921,كيري سجق رائعه مشكل جبن وحشه
922,Delicious food everyone should eat 7amza
923,الاكل وصل بارد جدا و الجبن كانت عا بيتزا مش حلوه
924,"every thing is below good , except Shawerma"
925,the food was cold and fterq sausage test was bad
926,hwa fen el order
927,price of delivery not as you told
928,المرة دي جاية كويسه
929,الاكل غير جيد
930,هايل طبعاً بس ساندوتشات الشاورما مابتوصلش زي ما بنشوف في الصور و السوشيال ميديا لا من حيث الكمية ولا الاحساس إنها طازة.. شوف حل يا وائل و يا ريت زي ما بتقف في المطاعم بتاعتك تراقب الجودة ابقى اطلب اكل عالبيت عن طريق ناس بمسافات مختلفة و قيم فوق الج...
931,"Bad attitude ,he requested to settle down from 5th floor to bring my staff"
932,لكن الاكل جميل
933,الاكل كان بارد تماما و طعمه مش زي قبل كده و الفطير المسكر ناشف زي العيش المحمص
934,الفتة وحشة جداً
935,الاكل جاى معجن
936,الاكل وحش والحشو قليل
937,الاكل وصل بارد جدآ جدآ
938,الاكل جيه بارد وسندوتش الكفته ملوش طعم والحواوشى مدهنن
939,The food was cold
940,وحشه جدا
941,للاكل بارد جدا و نىء
942,Missed item
943,Not recommended this resturant quality very low
944,جبنه كيري وحشه جدا جدا جدا وحشت الطعم كله
945,very very bad taste .
946,بطييي
947,Kiri with Pastrami came cheddar with Pastrami Order delivered late for 1 hour Order delivered cold
948,كان بارد
949,الفطيرة حلوة و مخدومة في كمية الجبنة.. بس السجق إلي طلبته زيادة، كميته ممكن تتعد على صوابع الإيد
950,well I have ordered El Qonbela and supposed to be chicken as always .. and I found that I have received burger sandwish instead !!!
951,الفطير ناشف جداً
952,كله حلو بس عندهم مشكله في وقت التوصيل الاوردر جه بعد ساعتين
953,مع الاسف طلبت فته شاورما ساده و بالبرغم من ذالك دائما الاورد خاطى سىء
954,البيتزا ناشفه
955,order has not been delivered yet!!!
956,محدش يجيب منه اكله زي الخرا بجد بشع اول واخر مرة اجيب منه
957,طلبت بينزا فورتشيز الجبنه جايه مش مستويه اضلا وبدون كاتشب ولا حتي مناديل وقبلها موقف تاني بيتزا متبدله بصراحة حاولت ادي فرصة ثانيه لكن للاسف
958,الشاورما لحمة كايزر سيييئة جدا ناشفة وفيها دهن
959,حلو اووي
960,"the food was so delicious, however, it took more than 90 minutes and the delivery guy attitude was so rude"
961,best sosuage pie
962,احسن حاجه ف الاوردر هو سلوك الطيار محترم جدااا
963,الطعم كان حلو ولاكن جاي بارد
964,السعر زيادة عن ما موجود ف ال app والاكل بارد وغالي ع الفاضي
965,نص الاكل جه بارد ونص جه سخن والفطيره مجتش حلوه خااالص
966,حاجة زفت و نصب و كذب بيزودوا فلوس و وقت توصيل و في الاخر بجي غلط برده
967,انا و مراتي جالنا تسمم و بقالنا يومين مبطلناش ترجيع. لو السماء انطبقت علي الأرض و مفيش مكان بيعمل أكل غير حمزة و هنموت من الجوع مش هفكر اني أفكر أجيب أكل من هناك تاني، و حسبي الله و نعم الوكيل في كل واحد اشتغل علي الأوردر دة. مش مسامح.
968,"Honestly I didn’t like the taste of sojouk at all and the cheese wasn’t a kiri cheese, shame on you wallahy"
969,NA
970,بارده جدا جدا
971,worst food ever came
972,"Boghasha is awful kiri sojouk not perfect and not so bad, sojouk itself mefatfet"
973,Food wasn’t even delivered
974,جبت فطيرة سجق بالكيري و شاندوتش شاورما و شاندوتش بطاطس سوري و كلهم معجبونيش لأسباب مختلفه.
975,👍🏿
976,تجربة من أولها لآخرها سيئة جداً .. أسوأ تجربة
977,فطيرة السجق كانت عجينتها تخينه قوي على غير العاده والشاورما برضه مش زي الاول ناشفة شويتين
978,الطلب لم يصل وخدمة العملاء سيئة جدا
979,السلطة مجتش و ثمنها مدفوع
980,حشو الفطيره قليل جدااااا ووصلت بارده
981,Gg
982,الاوردر جاي بارد تماماً و الشاورما ناشفة. اسوأ فرع جربته المعادي.
983,the food was too cold and deliverd late
984,الشاورما كانت سيئة
985,فطيرة سجق كيري حاطيين بشاميل بدل الكيري 😂 و فطيرة سي فود مالهاش علاقة بالسي فود ماقدرتش احدد نوع الحشو والله جودة سيئة في كل حاجة حقيقي
986,فطيرة فاضية
987,جميل جدا وكميه حلوه جدا
988,مكانش احسن حاجه زي زمان
989,it came as hotdog not sausage
990,اكل نى وكيزر ناشف بايت وصوص غريب وطعم وحش معمول اى كلام
991,اتأخر اوي
992,رائع جدا
993,الاكل غير كامل التسوية
994,the food is very good but the delivery to too slow
995,اي حاجه علي يعض لو مبتفرقش معاك خلط اي حاجه علي اي حاجه
996,the worst order that time . it was very cold
997,الاكل وصل بارد وكمان مكانش في معالق للاكل مع ان الاورد كان معدي ١١٠٠ مفيش كواليتي فعليا وخصوصا احنا شركة وكانت ناس معزومة
998,طعم السجق مش احسن حاجة والكيرى قليل
999,👎🏼👎🏼👎🏼👎🏼
1000,"i received wrong order and tried to call el menu and they respond it's my fault i ordered sausage hawashi and i receive hot dog hawashi, i will not use this app. any time"
1001,Soooo baaaaaaaaaad its very low quilty food and very very very bad idont even pay one cent on this 🤮🤮🤮🤮🤢🤢🤢
1002,تأخير الاوردر وصلني بعد ساعتين الاكل وصل بارد و الفطير نصه فاضي كلمت خدمه العملاء منتهي البرود أكيد مش هطلب منه تاني
1003,الاكل وصل بعد ساعتين بارد
1004,اكل بارد وشورما نيه اكل مش حلو
1005,"no potatos, and little garlic dip"
1006,الفطيره كانت متبهدله جوه العلبه ده غير جوده السجق والمكونات السيئه جدا اللي مستخدمه فيها والسجق كان حادق جدا جدا جدا
1007,كله كان تمام ماعدا الحواوشي الإيطالي، مكنش عليه ملح
1008,الطيار محترم جدا و ذوق
1009,الاكل تحفة
1010,بجد اللي حصل في توصيل الاوردر ده كان مهزلة
1011,الاكل جاي بارد جداً جداً جداً
1012,الفراخ المشوية سيئة للغاية مش مستوية حلو و رحتها زفرة جدا
1013,ordering experience was the best part
1014,ً
1015,الطلب ناقص سلطات
1016,المطعم ممتاز و التوصيل رائع ، الاهتمام دائم بالنظافة و الجودة والتعبئة ، أتمنى لكم كل التوفيق 🌹🌹🌹
1017,"Very bad experience nothing is even eatable, we couldn’t eat the entire order"
1018,الاكل وحش حدا طلبنا فطير فراخ وميكس لحوم زياده كيري كانت وحشه وطعمها سئ
1019,Late delivery
1020,الاوردر حواوشي ب٥٥ وفطيرة ٦٦ يبقي الاجمالي ١٢١ هومحسابني ١٥٦ وضريبة ٢٣ 😡
1021,below average
1022,Tuhfaaaaa
1023,Taste not as expected
1024,وصل بسرعه والفطيره كانت حلوه جدا
1025,اسوء بيتزا كلتها في حياتي
1026,w7sh gedan bad bad qualtity bgd a5er mara atlob mn hamza d bgd
1027,تجربه سيءه جدا
1028,سئ جداً و خامات سيئه، لا أنصح به أطلاقاً..
1029,delicious
1030,سيء جدا
1031,Got the food cold
1032,الاكل مش طازه واتاخر جداااا
1033,الاكل بارد والبطاطس ناشفه والشاورما مختلفه عن العادى حقيقى اسوء مره
1034,ميكس الفراخ كانت جافه تماما ليس بها أي نوع جبنه
1035,الاكل مش حلو خالص
1036,الأسعار مبالغ فيها جدا و الكميات قليلة. الفراخ في النجرسكو معمولة بطريقة وحشة و الارز البسمتى ناشف و مش حلو.
1037,بيزودو فلوس علي الفاتوره بمزاجهم
1038,الديلفرى اتاخر جدآ جدآ جدآ
1039,1. الاكل بارد. 2. العجينة مش مستوية كويس. 3. ذيادة فلوس ف التوصيل غير المتفق عليها في البرنامج . 4. تأخير في التوصيل.
1040,وصل بارد وطعمه مش حلو صوص المكرونه كان وحش
1041,وحش جدا
1042,اللبن كان بايظ
1043,جه من غير اضافة القشطة
1044,بيتزا تحت الصفر و عجينة فينو
1045,الوجبه اصلا جت غلط و بعد ساعه و نص وبسعر اعلى لان المنيو مش مظبوط اسعاره
1046,انا مجاليش الاوردر
1047,It was very baaddd
1048,الاكل متلج وطعم الاكل بايت والدلڤيري مش متربي
1049,بيتأخر جداااا اكتر من ساعتين ونص والاكل جالنا متلج
1050,اكل بارد وخسارة في فلوس
1051,سلوك الطيار سىء جدا
1052,وحش جدا المره دي 👎🏻👎🏻
1053,"it was so bad this time, although it tried it before and it was perfect"
1054,الاكل سئ جدا والعلبه مبهدله من الدليفري وطعم الاكل مش كويس ووجع بطن🤦🏻‍♂️🤦🏻‍♂️
1055,تأخير مبالغ فيه والاكل وصل بارد
1056,شاكرين، منبسطين.. وكالعاده ...متشكرين على الطعم والportions .. وشكرا للمنيوز by the way
1057,الاوردر اتاخر اجدا و التواصل مع المطعم سئ جدا و الاكل جه بارد كمان بعد كل الانتظار ده
1058,كل الاكل حلو
1059,the food was cold and not fresh. very disappointing.
1060,اسواء (فطير كالتو في حياتي ) مطعم زبالة زبالة
1061,الفطيرة فاضيه مش فيهاحشو
1062,خمس خمسات والله... خمسه واحده مش كفايه!
1063,الحواووشي جه متفعص ف بعضه و العيش مهري و متقطع كله
1064,يا ريت لو في أقل من نجمة، قلة ذوق وكدابين وحاجة في منتهى عدم المهنية والإحترام مانصحش اي حد يطلب منهم.. الواحد يفضل جعان أرحم ولا انه يتعامل مع مكان مقزز وناس ماعندهمش ذوق زي دول
1065,انتظرت ساعتين ولم استلم خدمة في منتهى السوء
1066,لا انصح بالتعامل معهم تماما كدابين و الاكل موصلش لحد ٣ ساعات و لغيت الاوردر لان كمان كدابين يقولوا دقايق و مجاش في ساعات
1067,الاكل كان فيه شعر
1068,حلو اوي الاكل وسعرها كان مناسب جدا
1069,very expensive
1070,محترم و ذوق
1071,الشاورما كانت حادقة جدا و السجق مش بلدي و فطيرة الفراخ ناشفة شوية
1072,الاكل بفرع المعادي سئ للغاية وليس له أي علاقة بفرع التجمع .. ياريت إدارة مطاعم حمزة تراقب علي فرع المعادي لان الفرع ده حرفيا هيجيب سمعتكم الأرض وهيخسركم عملا كتير كانت بتثق في جودتكم
1073,زى الخرا و الاوردرات بتطلع منه متأخره و بارده و مقرفه
1074,added cheese was not kiri
1075,اوحش اكل طلبتو انا رميت الاكل
1076,الاكل جاى بارد جدا فده سبب أن طعهمه يكون مش حلو
1077,كان في شعر في الاكل
1078,late delivery and the food wasn’t hot
1079,حقيقي اسوء تجربة بيتزا وفطير طلبت ١ بيتزا رانش و١ فطيرة سجق كيري مفيش طبعا اي صوص رانش و وعجينة غير مستوية وده طبعا بجانب كمية الزيت اللي في الفطير والبيتزا بشكل صعب وسئ
1080,"great food , chicken is great"
1081,المكرونه بااسجق حمضانه والحواوشي مليان بصل والرغيف لونه ابيض من جوا والاكل جاي كله بارد والمكرونه الكرسبي سيئه جدا وريحتها مش حلوه وللعلم الاكل كله اترمى في الزباله 👎
1082,الاكل جميل بس كنت طالبة بيتزا تشيكن باربيكيو جالي تشيكن رانش اصلا 🙈
1083,Food is very fatty
1084,الاوردر اتاخر
1085,وحش لأقصى درجة والاكل جه اكنه قطع بواقى من الاكل ومش اكل بنى ادمين نهائى
1086,شاورمة اللحمة كان فيها الوان تشبه البسطرمة وهيا غير طازجة( نية ) وطعمها يجزع
1087,I got wrong order
1088,سيئه جدااا جدا الفطير معدوم الحشو و يعتبر عجين بس حاجه بشعه وتقرف
1089,وصل متاخر جدا والاكل بارد ومافيش معلقة او شوكة اكل بيهم
1090,Amazing
1091,"Is that cheese?!!! Oredering feteer from hamza is recless, eating their food is self hatred. it is more like cattle feed, than food. dont even think about it."
1092,The food was horrible!
1093,الطعم مش وحش بس مش واو.
1094,الاكل مقرف مش مستوى و مزيت و اترمى فى الزباله و فراخ مقرفه و حاجات بتقرقش ٢٠٠ جنيه ادفعوا فى استغفر الله العظيم زباله اشتروا من عربيه فى الشارع احسن لكم والله
1095,روعه شكرا
1096,الأوردر جه ناقص و كلمت الsupport قالولي هنبعتلك اوردر بداله ببلاش مطعم حمزة كلمني قالي هنبعتهولك بس مش ببلاش ، تجربة سيئة جداً !
1097,طالبه فطير سجق جايلي سوسيس 😁يعني مبحبش السوسيس اكله ليه انا 😠
1098,perfect
1099,العيش بتاع الحواووشي كان متكسر ومش ع اللحمه وكان متبهدل
1100,Oliy food. Everything is just oily
1101,مطعم فاشل
1102,الشاورما كانت محروقة
1103,الاكل جميل بس هما احنا كنا طالبين الاكل سبايسي وجالنا عادي 💔💔
1104,"Very bad taste, not deserve any star"
1105,جالى تسمم من الفطيره
1106,الاكل أتأخر اكتر من ساعه و نص و وصل بارد جدا و مجلد و للاسف موظف خدمه العملاء لم يفيدني بأي شيء و قالي هيتواصلوا معاك و محدش تواصل ولا اي حاجه و التجربه فعلا سيئه
1107,طلبتها سجق جت سويس
1108,بيتزا اابيتي احسن منه حاجه استغفر الله ولاراد متاخر وبارد
1109,بصراحه الشاورما وحشه جدا جدا والريحه كمان
1110,السلطه جاتلي مقلوبه في الكيس و المطعم كل ما اكلمه يقولي مندوب التوصيل جي في السكة.... حقيقي مكنتش اتوقع حاجه ذي كده و انا طالب من application بتاعكوا.. بس هي الحياه تجارب و apps كتيره
1111,Too late
1112,الاوردر متاخر و الاكل بارد
1113,شئ قذر ومقزز وجدت ذبابة فى الفطير
1114,Great
1115,زفت اكل بايظ الاكل وحش قوي تجربة سيئة جدا
1116,البيتزا طعمها سيئ جدا و مكونتها رديئه
1117,وحش جداااا وحمضان وبايظ السجق ومش فراخ رازش ابدا وغالي ع الفاضي
1118,"The worst time I ordered from hamza , pasta was bery bad , kindly communicate with me on 01153643054 to give you my feedback"
1119,Too salty
1120,the food was exceptional
1121,got coca cola not pepsi.. slow delivery
1122,مطعم مؤرف اسواء أكل اكلتوا ف حياتي
1123,واحدة من اسوأ المرات اللي اكلت فيها بيتزا، باردة وقطع فراخ قليلة و العجينة نصها مفرول، تجربة مش هتتكرر ابدأ
1124,the portions are quiet small
1125,Bad experience 👎🏻👎🏻👎🏻
1126,الاكل مش مضبوط والفطيره سجق من غير كيري
1127,العيش بتاع سندوتش الكفتة مش حلو
1128,طلبت اضافه ايس كريم وجت بدون اي اضافه مع العلم اني دفعت تمن الزياده وكمان طعمها مش احلي حاجه في احلي منها بكتير
1129,اول مرة اطلب منه يجي الاكل طعمه وحش الشاورما مش مستوية ومفيش ثومية ولا مخلل زي مابيجي على طول والاطباق كلنت متبهدلة
1130,كانوا ساقعين جدا و مش متقطعين كويس
1131,fries are terrible
1132,ناقص الرز فى الوجبه وبعد قطع الفراخ فيها دم بسيط
1133,الطعم مش حلو وخد وقت طويل
1134,الاردر وصل بعد 40 دقيقه من الوقت المحدد ومستلمتش الارد بسبب التاخير
1135,cold order
1136,الفطير وحش جدا ووصل بارد ومفيش اي طعم خالص تاني تجربه وبصراحه اخر مره اطلب منه
1137,Amazing taste and fast delivery
1138,Order not arrived
1139,الاكل مبقاش حلو زي الاول خالص و ساندويتش الكبده حراق لدرجه ماتتكلش من غير ماكون طالبه اسبايسي اصلا
1140,الشاورما الفراخ مش حلوة خالص
1141,حلو جداا ومخدوم
1142,it arrived cold which was a real disappointment ..
1143,النجرسكو كان فيها ريحه ظفاره ومكنتش نضيفه ومكلتهاش
1144,الاكل نفسه كويس بس الديليفري اتأخر جدا فا الاكل جه بارد و وحش
1145,المفروض ان فيه جبنه كيري تقريبا الفطيره كلها محستش بطعم الكيري غير في قطعتين
1146,السعر غالي جدا مقابل الحجم
1147,البيتزا كانت كلها ملح و حادقة اووووى
1148,روعة
1149,عجينة الفطيرة الشرقى كانت نيه !!
1150,😏😏😏😏😏😏
1151,بجد انا مش عارف الناس بتاكل اكل المكان ده ازاي تجربة من ٧ سنين وكانت زفت وتجربة النهارده وانا شايف انك بتفتح فروع في أماكن كتير فقولت يمكن فعلا جودة المكان اتحسنت بس للاسف كلمة سئ اقل حاجه ممكن حد يقولها على أكل المكان ده
1152,ابني جاله تسمم بعد ما اكل فتة شاورمه فراخ وبيتزا رانش
1153,حلوة الفطيرة بس تقيلة قوى
1154,ملوش طعم و بارد و الاوردر متغير فيه اخر مرة اجربو
1155,Me and my friend had a stomachache after eating it
1156,زياده في الحساب ٢٢
1157,ملهوش طعم ورز عالفاضي زيه زي غيره
1158,كنت طالبة فطيرة شرقي مكس جبن باضافة سجق شرقي ولم يتم اضافة السجق
1159,الأكل سئ جدااااا ونظمت انى طلب منه
1160,"the pizza so cold , and the chicken is not fresh, really bad"
1161,After waiting for more than two hours order is not received despite being told that the order is on the way for more than 45 mins for a distance that takes only 25 mins ! This’s not professional from el menus team.
1162,Waited for more than two hours for my order and it wasn’t delivered. Not recommend at all.
1163,The delievery was very late
1164,No one read my notes about my order.
1165,الشورمه وحشه جدا جدا جدا و عيش ملبد وبايت
1166,الاكل بارد و مش نفس طعم حمزة
1167,الحواوشي كله محروق وبايت وناشف
1168,المكرونة كانت قديمة ويعتبر مش سخنه اما المكس لحوم كان مقبل بس بارده شوية ومعليهاش جبنه يعتبر وبعض المناطق فيها دقيق
1169,اسوء شاورما اكلتها في حياتي تجربه لن تتكرر
1170,Delivery was never fast and that's the only problem with ordering
1171,بي
1172,الرز كان سئ جدا جدا جدا ..
1173,الاكل وصل متأخر وكمان الطبق اللى كان فيه الاكل كان مقطوع والاكل كان واقع ف الكيس لو الاكل ده لحيوانات كان هيبقى انظف من كده
1174,الاكل غير مغلف جيدا ، ادي إلى سقوطه ، وظهر بمظهر سيء جدا.
1175,I didn’t receive it
1176,it wasn't as good as always
1177,اوحش فته شاورما هتاكلها في حياتك الف هنا 😏
1178,الاكل جميل جدا ❤❤❤❤❤❤❤❤❤❤❤❤❤❤❤❤❤❤❤❤❤❤❤❤❤❤❤❤❤❤❤❤❤❤❤❤❤❤❤❤❤❤❤❤❤❤❤❤❤
1179,تجربة سيئة سعر عالي مقابل حجم صغير وطعم عادي يمكن سيء كمان
1180,اللوتس مش محشيه زي ما كاتبين ومقاسها صغير
1181,سلوك الطيار سئ جدا
1182,مكنش مع الاوردر طحينة خالص
1183,مطعم ممتاز والاكل جميل جدا والعاملين حاجة فى قمة الذوق شكرا حمزة
1184,Delivery is very late. Service is horrible
1185,Delivery is always extremely late. Comes within 2 hours!
1186,المكس جبن الموتزاريلا كانت من ارخص الانواع تقريبا والاكل وصل متاخر جدا جدا عجينه السجق كانت نايه من جوا
1187,المخلل بايظ!! عليه عفن!!! البطاطس مزيتة و طرية زي ما تكون بايته و سخنوها..الشاورما حاادقه
1188,عيش بايت وشاورمه ناشفه ومحروقه
1189,وحشة للغاية مش اول مره اكلها بس الي جت المره ديه استغفر الله العظيم
1190,الفطيره كانت كيري بالسجق وسط كانت هايله طعمها حلو جدا لكن صغيره جداااااا
1191,Told me the order was cancelled! Then it came
1192,طلبت بيتزا تيشكن باربيكو وصل لي بيتزا شيش طاووق تقريبا المطعم مش عارف الفرق بين الاتنين اخر تعامل مع حمزة 👎🏻
1193,سلوك الطيار كويس جدا ، الاكل طعمه حلو جدا
1194,عايزه ارجعو الفطير في شعر
1195,الفطير تحفة بس الشاورما مش اوي 🙂🙂
1196,الاكل بيتاخر جدا و بارد
1197,مش حلو و الكولا سخنه
1198,it gives me a diarrhea
1199,غالي علي الفاضي
1200,الأكل كان سيئ جدا جدا جدا والفراخ جوه البيتزا فيها عظم متكسر والفطيرة محروقة تجربة وحشة اوي مِن حمزة
1201,طعمها بشع
1202,فطيره الشيكولاته مش حلوه ومش بالمستوي المطلوب وسعرها غالي جدااا عليها .. البيتزا الايطالي فراخ رانش معموله بشيش طاووق ومفيش اي صوص رانش عليها محطوط صوص تاني
1203,حادق جداً
1204,البيتزا كانت العجيبنة رفيعة وناشفة وطعمها غريب وحجمها صغير
1205,نن
1206,The order was delayed for an extra 40 mins
1207,الكفته و الشيش طعم وحش جدا
1208,الاكل كان بارد بس طعم حلو
1209,دليفرى خرة
1210,فطير بجوده محترمه جدا بالمقارنة بمحلات الفطير العادية، تنوع كبير والحشو ككمية وجودة حلو اوي. الخدمة متوسطة كمكان متوسط في السعر وزحمه دايما بس مش سيئة على الاقل
1211,طالب ٢ كريب جالى كريب و فطير و اتأخر جداً فى التوصيل و كلمتهم و قالوا هايتواصلو معايا من الفرع و محدش كلمنى خدمه سيئه جداً
1212,بعض اصناف المنيو غير موحوده ف البرنامج… محتاج يتعمل ابديت ع المنيو بالكامل و اضافه الاصناف الغير موجوده
1213,برجر مش مستوي خالص وجودته سيئة
1214,الفراخ اللى فى ميكس جريل بايظة وكلها دم
1215,طعم سئ جدا جدا جدا ، المكرونه كانت بارده و مجلده ووحشه
1216,فطيرة الجلاكسي بإضافة الفواكه كانت سيئة جداً
1217,بارد جدا
1218,they sold me a small babaghanog for 16 egp.
1219,البيتزا كانت سيئه تماما ندمنا ندم
1220,the order came 3 hours after the estimated delivery date
1221,Very bad never order again
1222,النجرسكو ريحتها سيئه جدا مش عارف ازاي و طعمها سيء جدااا جداا و الفراخ ملهاش طعم و البيتزا مزيتة و اول و اخر مرة اطلب منكو فعلا
1223,tasted very bad and i had diarrhea because of it the sojok was really bad
1224,"The worst order I have ever received, very bad taste and quality"
1225,Very Bad
1226,الاكل عادي وسعره مش فيه بزات الحلى الطبق ب ٨٠ ومش حلو الصراحه وعادي جداً
1227,ده مش حمزة الأصلي و الأكل مالوش طعم و سئ جدا
1228,الاكل بارد وسئ جدا جدا
1229,الفطيرة البغاشة مكنش فيها أي حشو ولا على الوش
1230,طلبت فطيرة بغاشة مفيهاش اي حاجة ولا حشو ولا توبينج
1231,very bad taste....
1232,this time my order was very bad
1233,very low food quality
1234,El kiri bel sojouk kanet saye2a!! Ta3m l kiri kan we7sh awiiiiiiiii!! W akid l mix cheese 3lshn feha kiri we7sha awiiiiiii dh 3’er enno l feteret el custard kanet fadya w mafehash custard asln !!! I Don’t Recommend Them!!
1235,الاكل وصل بارد جدا، و اتاخر كتير عن المعاد المكتوب و المندوب غير وضع الاوردر انه تم التوصيل علي الرغم انه بعدها بدقايق اتصل بيا يسالني علي العنوان و بلغني انه بعييد جدا مسافة ٣٠ دقيقه
1236,بصراحه انا اول مرة اكتب تعليق سلبي على المحل بس بصراحه انا ما كنتش متخيله أن الطلب هييجي كده اي نعم الفطيرة طعمها حلو بس التغليف وحش جدا والفطيرة متبهدله وواقعه من الكرتونه والحشو كله واقع منها ده غير أن الطيار جاي يرمي الاوردر ويمشي وكأنه عايز يخلص
1237,واضح اني كان لازم اقرأ التعليقات قبل ما اطلب لانه فعلا خساره الفلوس في اكل زي ده بارد وغالي عالفاضي
1238,الاكل بيجي بارد والعيش بايت اول واخر مره اتعامل معاه
1239,it was so good and the food was so 🔥
1240,too much salt and the kiri is more water than kiri...too little portion of kiri or cheese ...fattah with no seasoning and the garlic dip is so small and empty...bad quality for the price...very bad experience
1241,i ordered fattah and kiri with sogo2 both are tasteless ...the kiri portion is little and the fattah seasoning is not there...the quality is not for that price i paid...bad experience not gonna do it again
1242,الحواوشي كان تحفه وده المقياس ب النسبالي والاوردر كله بصراحه
1243,الطعم متواضع جدا وتاخر التسليم جدا والاكل جه بارد
1244,مع الاسف انا طلبت قبل كدا من مطعم حمزه فتة شاورما وكانت جميله جدا لكن المره دى زى الزفت ارز الفته كان معجن بطريقه زباله حرفيا مش ده الى كنت متوقعه من مطعم زى ده
1245,اضافة البسطرمة كانت قليلة في الفطيرة
1246,سئ جدا ومش زى زمان
1247,custard pie was fine soujok and kiri pie was too greasy and thick dough
1248,الاوردر اتأخر جدا وكان بارد
1249,كان فيه حالة جفاف عامة في الأوردر؛ كايزر الشاورمة كان مفرول وبيفتفت والشاورمة نفسها كانت مجلدة وباردة وتقريبا مفيش نقطتين طحينة، الطرب كان أقرب للكفتة تقريبا نسيوا يلفوها بالمنديل، أما بقى عجينة الكريب فكانت مدعومة بالخرسانة؛ ناشفة وتخينة ومش بتتقطم ...
1250,المحل قام بزيادة سعر التوصيل عن السعر الموضح بالبرنامج ورفضت دفع الزيادة في قاموا بإجراء مكالمة تليفونية لي يطلبوا مني دفع مبلغ زيادة مدعيين أنهم قاموا برفع سعر التوصيل والبرنامج هو المخطئ
1251,اكلو وحش اوي جبلي تسمم حاجه منتهي التلوث
1252,الاكل بارد جدا
1253,"1 - Grilled Chicken taste was horrible. 2- Didn’t receive the grilled Liver, received ahish tawook!!!"
1254,الاكل سئ جدا والله ما يستهالش يدفع فيه جنيه تجربه سيئة جدا جدا جدا
1255,ازاى كميه الارز مع الفرخه الكامله يكون هو هو اللى مع النص فرخه
1256,الارز غير كافى
1257,فطيرة السجق كانت فقيرة جدا من السجق
1258,Everything was BAD AND the packaging was awful البيتزا كان فيها عضم!!!!!!!!!
1259,Worst feteer ever. Kiri with 'crispy' chicken came without normal chicken and the used cheese is not even Kiri. Mix cheese came without the extra chicken addition. Only the baladi sojouk was decent. Never again.
1260,الفطير وحش قوي وعدلوا الفاتورة باغلي عشان يزودوا الدليفري من ٣٠ ل ٣٥ جنية!
1261,Fast Delivery But Pizza Dough was not as good as it was before
1262,مافيهاش ريحه النوتيلا وصغيره وطعمها مش اد كده
1263,Too oily
1264,الاكل عبارة عن ملح صافي
1265,جامد جداا
1266,متوسطه
1267,الطلب وصل بارد وانا بيني وبين المطعم 100 متر
1268,Great 👍
1269,الفرع كلمني و زود فلوس علي الاوردر ٥ جنيهات ضريبة و دا مش موجود في الابليكشن بالنسبالي خدمة مش مرضيه و لا امينه
1270,بصراحه جودة وطعم حكايه وكمية كبيرة شكرا جدا ليكم
1271,سئ جدا، عبارة عن عجين
1272,الأرز تحفة استمروا على هذا المستوى
1273,السعر غالي شوية والأكل كان بارد
1274,الاكل فيه حته حديده بتاعت تغليف السجق.. اخر مره اكل من عنده
1275,الحواوشي العيش كان بايش نش حلو الفته ملح فيها زياده قوي
1276,. الفطيرة لم تكن لذيذة كالسابق
1277,The food came soooooo cold
1278,طعم الاكل زي الزفت
1279,وحش جداااااااا وسيء
1280,مش سخن
1281,الاوردر مش زي اللي طلبته
1282,فطيره السجق الكيري مش حلوه خالص هذه المره انا كنت اشتريها قبل كده من حمزه ولكن هذه المره مش حلوه خالص و محروقه من الاطراف والكيري فيها مش واضحه خالص
1283,كانت متبهدلة خالص مش زي كل مره
1284,معالمتهم سيئة اوي مع الناس معالمتهم سيئة اوي مع الناس
1285,الاكل كان سئ جداااااا
1286,وصل الأوردر بارد جدا وطعم سيء
1287,It was the worst mix cheese pie I have ever ate Very bad taste very bad
1288,الاوردر جه بايت
1289,بطني وجعتني جدا من الحواوشي و مش اول مرة
1290,الطعم عادي وليس الافضل
1291,محترم
1292,انا طلبت بيتزا دجاج رانش و مكرونة سى فوى الى حد معقول البيتزا كانت مقبولة على النقيض المكرونى السى فود كانت فى قمة السوء طعم غير مقبول و تقريبا كانت غير طازجة و هو اعاد تسخنها مرة اخرى
1293,I got food poisoning
1294,الطعم غير جيد
1295,the food was 100% NOT FRESH AND WAS EITHER FROZEN OR PUT IN FRIDGE TO SIT FOR COUPLE PF DAYS and was heated. SOME OF IT EVEN TASTED VERY WEIRD AS IF GOING TO ROT.I WOULDVE NEVER EXPECTED TO GET SUCH A BAD QAULITY FROM THIS PLACE BUT TODAY WAS HORRID!
1296,"great taste and good portions (ordered feteers: mix meat, crispy chicken, mix cheese, kiri sogok and lotus for dessert) but order came lacking 7amza hawashi and they delivered the hawashi 2 hours late"
1297,الاوردر جه بعد ساعتين الا ربع البيتزا دجاج رانش جت من غير رانش
1298,انا المفروض اني طالب sojouk with kiri pie السجق مملح جدا و حططلي لحسة كيري كتر خيره، انا رمتها اصلا مكملتهاش سيئة جدا
1299,الاكل عك
1300,الاورد مكتوبلى ب 68 جالى ب 74 الدليفري هيموت وياخد الباقى انا معرفش هو كان شحات ولا كان دليفرى محترم الاكل طعمو غريب جدا مش حلو اطلاقا
1301,I’m 2 mins away from the restaurant and all my order came very cold even the Pepsi wasn’t cold anymore
1302,الفراخ طعمها سئ جدا ومقرف وناشفة في البيتزا
1303,El sahwerma kanet barda we 3esh bayet awe kmn el colslow kanet 7amda Bad experience ever
1304,Extremely late
1305,اتاخر جدا جدا
1306,الرز طعمه وحش جدا
1307,Ana talbt el mix grill chicken breast w galy chicken thighs
1308,not bad
1309,زود على قيمة الاوردر 10 من غير سبب، الاكل كان بارد
1310,الميكس فراخ كان طعمها غريب جدا جدا كأنها فراخ بايظة او مرشوشة بحاجة
1311,الاكل سيئ جدا جدا غير المتوقع وغالى جدا بالنسبة لطعمه و الكمية.
1312,الطعم زفت .. والجبنة سيئة جدا دي اخر مرة اطلب منهم بيتزا شرقي تونه
1313,fattah was not good and so greasy
1314,"great taste , always been reliable with quick service"
1315,الاكل سيئ جدا جدا والاكل حامى رغم انى مش طالبة حاجة حامية غير عدم الالتزام بالتوقيت
1316,over priced but great quality
1317,الاكل كان مالوش طعم والفراخ زفره ممكن تكون بايظه وكميه الكفته لا تساوي نصف كيلو ابدا
1318,الطيار لا يعرف المكان ويتصل ويغلق الخط واتصل به لايرد طيار غير عارف بالطرق ولا يستخدم الموبيل لمعرفه المكان 😓
1319,اكل سئ جدا وجالى تسمم منه
1320,الاوردر كله أخطاء جوهرية وغالى على الفاضي وكتير الأخطاء فى الدليفرى ندمت انى طلبته
1321,late delivery not very warm and sending and why sending 2 pickles not tahina and pickles
1322,الاكل كان طعمه وحش و كان فى سلكة فى المكرونة
1323,food was not fresh
1324,الاكل كان في منتهي السوء .. شئ سئ جداً اما تبقي الفطيره بارده والجبن الي فيها مش كويسه ورديئه بالشكل ده .. حتي الفطيره الكيري كرسبي حاطين نوع جبنه من اردئ ما يكون لا تمت للكيري من قريب او بعيد حتي .. النجرسكو كانت سيئه .. مكرونه معجنه بشكل مبالغ فيه ...
1325,الميجا ده سىء للغاية لخبطيطا من حاجات كتير قوي وكمية مايونيز غير طبيعية مالوش طعم وعجينته مش حلوة الصراحه الفطيرة الشوكولاته ماشي حالها حلوة
1326,الفراخ فيها عضم ودهن في البيتزا
1327,the taste of food gorgeous
1328,اسوأ أكل كلته
1329,Worst Mix Grill experience ever. I've had a different plate than what I ordered with the same price and no anticipations made. Grilled items were full of sand that cracks while eating and the shish was medium rare cooked. Dry and burnt bread.
1330,غالى على الفاضىوالاكل اتاخر ساعتين
1331,الاكل مش حلو
1332,حرامي و اكل زباله معرفش كان بيطلع يخاجم الناس علي ايه
1333,the food is salty and it came very late with missing stuff
1334,الاكل فاسد ومنتهي الصلاحيه وحرفيا طعمه وريحته معفنه والله
1335,الأكل سيئ جدا ولا يصلح لأكل الادمي.. وكل الدعاية fake و كل الاوردر اترمى في الزباله
1336,العيش كان محروق
1337,كويس بس التاخير
1338,Our stomach is suffering
1339,المشويات عنده تحفة الطرب والكفتة احسن حاجة
1340,الاكل زي الفل
1341,أكل ميتاكلش ومطعم زبالة والعيش بايت ومش طالب منه تانى
1342,تمام زي. الفل
1343,تكلفة الاكل عالية جدا علي جودته و كميته
1344,"Good and delicious BUT Vegetables were a bit few for Sojouk, and the medium Boughasha is less than small and smells the milk flavour."
1345,Low quality ingredients compared to the prices
1346,اسوء اكل علي الاطلاق الفطير عجين وناشف مافيش حشو تقريبا وجبنه غريبه ايه ده احسنلكم تقفلوا
1347,نجرسكو طعمها أقل من المتوسط ، بيتزا تشيكن رانش أقل بكتير من بريموز مثلا و القيمة مقابل السعر لا تستحق
1348,طلبت مكرونة بالكرسبي طعمها كان سئ
1349,سيئة
1350,Kiri in sojok was very little
1351,اخد اكتر من ساعتين عشان يوصل ووصل بارد و الجبنة قليلة واللحمة المفرومة مكانتش حلوة رغم انه يعتبر أغلى خدمة دليفري 35 جنية. أول و أخر مرة أطلب منه بصراحة
1352,نص نص وتقيلة ، فطيرة نيوتيلا بالموز احلي😍
1353,عجينة البيتزا سيئة جدا طعم وحجم واضافات قليلة .. اخر مرة اشترى بيتزا من حمزة .. بريموس احسن الف مرة وتقريبا بنفس الثمن 😤😡
1354,الاكل كانه وقع من الراجل، الفطاير كلها متبعطرة و متكومة في طرف العلب. الاكل جه بارد جدا، و فطيرة منهم المفروض تكون شرقي جت عادي.
1355,Low portion !!!!
1356,الاكل اوحش من كل مرة زي ما أكون طلبت من محل تاني، الخلطة مختلفة (اوحش) و الفراخ مش نظيفة و الفتة ثومية زيادة جدااااااا
1357,مكتوب شيكولاته نوتيلا و جابوا شيكولاته عادية كده علي اساس اننا بهايم بتاكل و طبعا الطلب وصل متاخر جدا
1358,تحفه ماشاء الله
1359,الفطير رائع
1360,Very bad with huge stomach pain
1361,اول مرة اجيب اكل من حمزة بجد يطلع وحش كدة ووقت التوصيل وصلي متاخر جداً
1362,محترم جدا وياريت يستمر على طول كده
1363,سيئة جدا ومفيش جبنة موتزيريلا زي الصورة
1364,كان سيء جدا وبارد والسجق البلدي كان حادق جدا جدا جدااااا
1365,الكلوسلو ميتاكلش. الفطيرة جامده
1366,Thank you
1367,Gamed
1368,القنبلة كانت وحشة اوي ومفيش تشيكن كرسبي فيها عبارة عن سوسيس وبسطرمة بس .
1369,واخد فلوس ازيك وحاجه تقرف
1370,سئ جدا الاكل ملوش طعم وجاي بارد والفطير عباره عن عجين لما انتوا مبتعرفوش تعملوا اكل بتقرفوا الناس ليه حسبي الله ونعم الوكيل
1371,اكل وحش جدا ملوش طعم مفهوش ملح حتي تجربة سيئة جدا جدا
1372,bad hotdog good crepe
1373,طلب فطيرة سجه بالكيري اول شئ مفيش كيري أساسا ثاني شئ سجه طعم أستغفر الله عظيم ثالثا العجيبه شبه اللبان لا انصح بطلب اي شئ من حمزة ملحوظه هذه اول تجربة لي او آخر مره
1374,Few cream amount
1375,excellent
1376,حلوة جدا بس مقللين الاكل عن المرة ال فاتت
1377,found hair instead the food
1378,الطلب جي ناقص كاتاشب وناقص شوك وباعت معالق مع البيتزا 🤔
1379,Food was very good but I received it after 2 hours
1380,الاكل وحش جدا و الفراخ طعمها ملوش علاقة ب اي فراخ في الدنيا ، الفطيرة ريحتها زفارة و مزيتة جدا و الاكل وجعلي بطني بعدها
1381,الاكل كان وحشه لدرجة أن بطني وجعتني 😡
1382,Very bad taste
1383,ok
1384,the food was a little bit cold. the other thing Total here is not the total in the receipt.
1385,الاكل في حمزة اصبح اسوء ما يكون .. لا انصح به اطلاقا
1386,pizza is so small please make a bigger size for ranch pizza
1387,طرب وكفته ورز طعم ممتاز حتي الطورشي والطحينه والعيش حاجه نضيفه وشغل بضمير والدليفري محترم جدا
1388,جودة الفراخ والسوسيس في الكريب مش قد كدة، محتاجين تجيبوا من مورد نضيف شوية
1389,اقذر فراخ ممكن تاكلها في حياتك كمية زفاره غير طبيعيه في الفراخ والشيش والفراخ مش مستويه والطعم فوق الزباله تقريبا فراخ ميته .. والله لولا عدم التفرغ كنت شمعت المحل بسبب وجبه امبارح ... مكنتش متخيل كده خالص من مطعم حمزه
1390,Thanks
1391,اسوء مطعم كلت فيه فحياتي
1392,بطني وجعتني
1393,I did not receive the food
1394,ملح زيادة جدا جدا.. وصلت اني رميت الاكل بعد أو معلقة
1395,الاكل سئ جدا جدا
1396,جيد جداً
1397,فتة الشاورما جت ملاينه عيش كنت باكل عيش بس حرفيا الفراخ والرز والتوميه حاجة قليلة اوووي اووي بجد 🥲
1398,حلو اوي بس للاسف سوسيس مش سجق،، لو عايز سجق اختار سجق بلدي.
1399,حاجه اخر قرف وحاجه زفت رميته في الزباله بحد من اول قطمتين لولا اني مشيت بعيد معرفتش ارجع كنت رجعت رميتهولكم فراخ نيه و طريه وشكلها بايظ وريحته وحشه وشكله عك وبطني بتتقطع ولو حصلي حاجه مش هسكتلكم ،، خساره الفلوس اللي اتدفعت دي وعاوزاها ترجعلي ،،،
1400,Bad food
1401,الاوردر كله عجين وجالي تلبك معوي بسببة
1402,سيئ
1403,الأكل مكنش احسن حاجة خالص المكرونة مكنش. عليها صوص خالص كأنة مياة والكرسبي كان قليل وملوش طعم وكمية الاكل قليلة بس بجد من أسوا الأطباق اللي أكلتها الفترة الأخيرة
1404,My order never arrived
1405,اسوء مطعم طلبت أورد لمدينة نصر الدليفرى كلمنى بعد ساعتين بيقولى انا طلع من المعادى وفى غلط هكنسل الاوردر وهيطلع للك من مدينة نصر بعد ساعه كمان
1406,Not as I expected
1407,الاوردر جايلى حواوشى ساده
1408,مكتوب أن الوجبة بها ١/٢ طرب لكن كانوا حاطين مكانه سجق بدون ما يتم إبلاغنا بالتغيير في مكونات الوجبة
1409,مزيت جداااا
1410,الأكل موصلش ودافع اونلاين حسبى الله ونعمه الوكيل
1411,الاكل كان سيء جدا ومجلد كأنه مش طازه ومتسخن مايكروويف
1412,sojok kiri pie costs over 100 pounds and it doesn't have kiri cheese but rather a cheaper kind of cheese that doesn't taste good at all. not recommended
1413,OK High quality but very high price
1414,quality is very poor
1415,الأكل كان رائع ولكن فطائر الحلو العسل كان مغرق الشنطة وبينقط وبوظ الأرضية فى البيت
1416,Eddy
1417,الاكل حلو بس للاسف الاوردر تاني مرة يوصلني غلط
1418,ت
1419,انا طلبت و كان وحش جدا البيتزا محتوياتها قليله جدا و مكنتش حلو
1420,Feteer is not good at all and wasn't packed well. I ordered nutella feteer and it came crepe instead and it wasn't good at all. Nutella isn't worth the money at all and I threw it.
1421,اللحمه مش مستويه اصلا وفيها حاجات زى عضم كدا ولا مااعرفش فيها ايه اقسم بالله حاجه زى زفت ودى أقل وصف ليها والله رميتها كلها وطالب فطيره بإضافة آيس كريم مش عارف حاططلى عليها بسكوت اوريو ليه والله مستواكوا بينحدر
1422,فطيرة الكاسترد كانت سيئه جدا وبارده وعليها لبن بكمية كبيره وانا مطلبتش كده وكنت طالبه سكر بودرة عليها جه بكمية قليلة اوي.والله مأكلتهاش
1423,تجربة تقرف الشاورما شكلها وطعمها يقرف والفراخ مش نضيفة لا انصح بيه اطلاقا
1424,الاوردر اتأخر اوي بس
1425,الطعم سئ و الكيري لا وجود له في الاكل
1426,طلبت فطير سجق بالكيرى اولا ده مش كيرى ده صوص ملوش طعم كأنها جبنة مطبوخة او كيرى السايبة مش الاصلي وبيتزا رانش صوص الرانش مبوظ البيتزا طعمة سئ مش بتعرف تعمل الرانش متعملوش هاته جاهز وفطيرة بغاشة فيها مثلا معلقة لبن وناشفة تجربة مش حلوة
1427,استحالة يكون نصف كيلو إلا لو كان بيتم وزن الأرز مع الفراخ إعتراضي على الوزن فقط و ليس الطعم للأمانة لأن الطعم كويس جداً
1428,7lw awi
1429,الاكل وصل بارد
1430,نجرسكو شوية مكرونة وحتتين قراخ صغيرين ب 100 جنيه. زمان كان أرخص وأحلى.
1431,سيء جداااا
1432,الفراخ حمضانة
1433,filling portions is not as before specially kiri
1434,اهم حاجة متابعة الطلب علي رقم تليفوني مش تلفون حد تاني انا معنديش غير الرقم ده ٠١٠٠١١٢٦١٦٨ وكل مرة يحطوا رقمي غلط وبيتصلو بحد تاني خالص!!!!!!!!
1435,اوحش بيتزا و شورما كلتهم فى حياتى فعلا 👎👎👎
1436,جميل جدا
1437,اسوا اكل و اسوا جبن بجد مطعم مقرف انا عايزه فلوسي ترجعلي
1438,الاكل تحفه بس بييجي بارد
1439,good at all
1440,the tast of the chicken was sooo bad
1441,Was good tbh
1442,فته الشاورما سيئه جدا للاسف
1443,حلو اوي
1444,سئ جدااااااا
1445,I ordered sausage I got hot dog instead
1446,الطعم سيء جدااا تجربة مش هتتكرر تاني ابداأ
1447,الفطيرة دي بنفس الكواليتي لو اتعرضت عليا ب٥ ج مش هشتريها عشان هستخسر فيها ال ٥ ج
1448,الاكل بارد جدا و مش حلو و جاي متأخر جدا بعد ساعتين
1449,arrived cold
1450,"Special thanks to the Rest. Management in solving the issue I faced with the delivery man, the food was delicious as always"
1451,الاوردر جه غلط و بارد و الدليڤيري جايبلي فاتورة بسعر اغلى من الاوردر و الدليڤيري مش من المنيوز تبع المحل و تجربة سيئة الصراحة
1452,للاسف مكنش احسن حاجة من خيث الطعم و التتبيلة
1453,"Worst sojouk feteer i’ve ever eaten, the qeshta and honey feteer didn’t taste good either. And the food arrived after 2 hours!"
1454,حجم ضغير بالنسبة للحجم المتوقع قطع دجاج قليلة ومليئة بالزيت
1455,الفطائر جميلة الشاورما لا
1456,هقول شويه مقاط وياريت نركز فيهم قبل الطلب : 1- الفطيره 🍕 تمنها 55ج💷 بدون ضريبه ولا توصيل.... 2- الفطير🍕 باظت من اللي بيخبزها تقريبا وقعت منه وكمل عادي. 3- الفطيره🍕 جايه الحشو مش مستوي يا مؤمن محروقه من فوق والحشو مجمد :( 4- ربع الفطيره🍕 وشها م...
1457,mix cheese has no taste of any cheese as if i was eating a bread ..
1458,البيتزا صوص الرانش خفيف جدا الفراخ مش متبله كويس وزفره جدا
1459,السعر اغلى من الخدمه المقدمه
1460,الحشو مش متكلف السعر غالي بالنسبة للحجم الحشو طعمه بايت اوي و باين في البيتزا و انا مش راضيه تماما عن الاوردر
1461,الوجبات مالحه جدا
1462,Slow delivery
1463,بحب حمزه جدا بس ديما الاكل بارد ف الديليڤري
1464,سئ جدا جدا
1465,البيتزا مش حلوه وصغيره الحواوشي والشاورما حلوه
1466,الأكل بارد و بيتزا اللحوم المشكلة مفهاش لحوم و سيئة و حجمها صغير مش large ابدا
1467,"One of the worst experiences of my life in any restaurant ever, ordered a pizza, they sent out a different one than the one I ordered, and it was full of grease, didn’t taste good at all. Never ordering from you guys again."
1468,الأكل كان غالي و متأخر و الفطير ماكنش حلو و بألي ١٢ ساعة عندي حموضة، بالش تطلب احسنلك
1469,المشويات سيئه جدا
1470,الاكل مش سخن ومنظر الاكل وحش جدا والفطير لازق في العلبه حاجه وحشه اخر حاجه والحواوشي العيش مش حلو خالص ومتقطع
1471,a little late + an item was missing but was later delivered
1472,الاكل بارد وطعمه سي والحشو ضعيف جدا تجربه سيئة
1473,مجتش سخنة و طازة و العجينة كانت بايتة
1474,الكميات قليلة
1475,الاكل المفروض حلو بس كان بارد جدا
1476,كنت طالبه دليفري و الاكل جالي بارد جدا و اضطريت اسخنه عسان اكله
1477,الاكل وحش جدا جدا جداااا مقرف بجد و فطيرة السجق حادقة جداااااااااا بشعة و للبيتزا المشروم مجلدة
1478,too much delivery fees
1479,نص الفرخة كان محروق ، و الطعم مش مقبول نهائي.
1480,بارد ومالوش طعم وحقيقى اخر مره اجربه
1481,Order delivery was 1 hour late. Delivery service is very unprofessional.
1482,الحجم قليل لكن لذيذ
1483,delivery was late but I excuse him as he came from another area
1484,الاكل تحفه و الفطيره الحشو بتعها بيقع من كتره
1485,الحواوشي رغم انه غالي بس تحفة
1486,beside of kiri crispy and nutella feteer . the quality is very low
1487,very bad experience and the food has no taste and his taste is so discisting
1488,came very late
1489,"Small almost burnt chicken, weird flavor of rice. Never again"
1490,feteer wasn't that good (too salty ) ana delivery was late than the estimated time
1491,المطعم كلمنى و زودوا ١٠ج ليه
1492,Very bad quality of materials and high price
1493,التكلفه غاليه على مستوى الاكل و الحجم فى الحواوشى اما النجرسكو رائعه و تحفه
1494,Very very bad taste
1495,الاكل كان مملح جدا وغالي
1496,D
1497,I almost had a food poisoning from the grilled chicken
1498,Wrong item
1499,Exceptional
1500,Don’t like the tomato
1501,سيئة جدا وسببت لنا مغص
1502,الاكل جه على الوقت المحدد. الاكل ليه طعم مش عجينة و خلاص من ناحية الفطير بس سينابون السكر يفضل ميبقاش بودرة(رأي شخصي) و يزودوا القرفة شوية بس كمية متوسطة حلوة و مكونات كويسة جدا.
1503,over salt 🧂
1504,Very good
1505,الاوردر وصل بعد ٤ ساعات و دة كان اوردر فطار فى رمضان و تانى حاجة الطيار جايبلى ايصال بملغ زيادة عن الظهر على البرنامج
1506,Size is to small for the price
1507,"The honey and qeshta pie was really uneatable , I throw it all"
1508,حلو وصل دافى
1509,الاكل كان سئ جدا المره ده و اتاخر و الشوارمه كانت ملحها زاءد اووي
1510,"very low crepe , it was so sugary crepe paste"
1511,حجم الفطيرة السجق الكبيرة صغير وطعمها سيء والميكس جريل الاكل شكله بايت منصحش حد يجربه
1512,بطننا وجعتنا من الاكل
1513,الاكل كان ناشف و غريب و بعدها بطننا كلنا وجعتنا
1514,It arrived to hot
1515,الأكل سيئ جدا جدا جدا ، مستوي غريب لمطعم و لا انصح به علي الاطلاق .. طلبي كان 3 كريب الي جه واحد طعمه زفر و التاني محروق و الثالث نيئ كل واحد قطم قطمه واحده و رماه و علي القطمه دي بطننا وجعتنا
1516,الفطير كان مفيهوش حشو خالص وكان الاطراف فوق بعض وكلها عجين
1517,الاوردر اتأخر جداً والاكل كان بارد والطعم كان سئ جداً لاقصى درجة
1518,السجق جه مكانه هوتدوج والاوردر جه اغلى من الحساب
1519,الدليفرى طلب فلوس اكتر و انا رفضت
1520,سيئ جدا ، انا و كل الناس الي اكلت تعبانين جدا من الأكل
1521,"very bad customer service, not replying to phone call and took money from credit card and didn't bring the food"
1522,ساندوتش الشاورما والفته الفراخ طعمها حمضانه وبايظه ومش فريش اطلاقا والرز بايت حاجة في منتهي القرف والاكل اترمى بجد عمري ما هجربهم تاني حسبي الله ونعم الوكيل فيهم في الاكل البايظ اللي بيقدموه
1523,الرز محروق
1524,very fatty not the traditional delicious feteer
1525,الاكل كان بارد شوية
1526,really so bad order
1527,very bad italian hawawashi .. expensive
1528,المكرونه مهريه ومفيهاش اي جبنه موتزاريلا ولا الفطيره فيها أي جبنه والطعم مش حلو و بارده جدا الاوردر وحش جدا ولا ليه اي علاقه بالفيديوهات بتاعت حمزه
1529,Came cold
1530,سرعه التوصيل كانت الساعه سبعه ونص بعد موعيد الفطار !! وهذا لم يعجبني
1531,البيتزا سيئة جدااا
1532,"The order was literally horrible and the pizza wasn’t even sliced, it was cold and of horrible taste"
1533,تم تاخير الطلب جدااا
1534,there was live mosquitoes in the delivery pages 😣. please work more on your hygiene.
1535,Grat
1536,Very delicious
1537,The food came 2 hours late and it was not hot. Even though I ordered it to come before fetar.
1538,The order was good but an extra LE 8 was charged for nothing
1539,وحشششششش
1540,طلبت حواوشى موتزاريلا مكنش فيه جبنه خالص مكرونة حمزة بس كرسبى طرى و هوت دوج والمكرونة مكسره القنبله كان فيها مزازة زياده غالباً ثوم البسطرمة !! فته مكس اقل من العادى
1541,اوك
1542,الحواشي كان وحش جدا والفراخ فيه حمضانه
1543,"packaing was chaos, and food taste was very bad"
1544,الكمية قليلة مقابل السعر والأكل مش فريش بس طعمه حلو والتوصيل سريع
1545,قيمة مقابل سعر سيئة الفراخ طعمها وحش ومش طازة والعيش بايت والرز طعمه صعب
1546,Excellent
1547,Late
1548,"The food was really bad, it wasn’t hot when it came, Low quality even the green salad wasn’t fresh Really bad experience"
1549,الاكل جه بارد جدا
1550,فطيره الكيرى سجق .. تقريبا كان مفهاش كيرى اصلا .. ومشكل دجاج كان كلها تقريبا قطع استربس بس
1551,Order came very early before iftar and got cold until iftar time
1552,👎🏼👎🏼👎🏼👎🏼👎🏼👎🏼👎🏼👎🏼👎🏼
1553,👍
1554,طلبت فطيرة نوتيلا سيئة جدا جدا ومش نوتيلا وغالية غبي الفاضي زمان كانت حلوة جدا
1555,النجرسكو كان بارد جدا الكول سلو الكمية اقل من نص العلبة + فيه طعم لازع يعني قديم للأسف
1556,poor quality
1557,الكاستر اللي جو فطيرة النوتيلا كتير اوي يا جماعة بس مجملا الاكل حلو كالعادة طبعا
1558,اسوء شاورما فراخ او لحمة ممكن تاكلها ف حياتك العيش الكايزر نصه فاضي و الشاورما ناشفة كأنها معمولة و مركونة من اسبوع و الطعم ميتاكلش والله
1559,يستحق التجربة فعلا لإنك عمرك ما هتاكل أكل أسوء من كده في حياتك.. فرصة لا تعوض
1560,كان الطعام بارد جدا
1561,يا ريت الفاتورة اللى بتيجى تبقى مطابقة للمكتوب فى الابليكشن
1562,فراخ كانت نية مش مستوية وكلها دم الكفتة طعمها مقرف حتى الرز كان وحش جدا ، مفطرتش بسببهم ورميت معظم الأكل
1563,الفراخ صغيرة ومش متبلة والارز معجن وملوش طعم والطحينة مخففة بمية كتير تجربة لا تكرر ان شاء الله
1564,الاكل سعره غالي مقابل القيمه
1565,"food came cold, not done well and tasted very bad"
1566,Food not well done and order not received as requested - we requested a sojoq feteer which is different than balady sojoq and the perform it as balady sojoq
1567,the order late for 3 hours and someone called me from the branch to tell me that the cost will be increase
1568,البيتزا طعمها سيئة عبارة عن عجين بس ملهاش طعم و السعر الى جالى ف الفاتورة غير السعر الى كان ف الابليكشن
1569,♥️♥️♥️♥️
1570,اسوأ فطيرة طلبناها من اي مطعم سيئة لدرجة مقدرناش ناكل واتقفلنا والله مش فاهمه دي فراخ ازاي وطالبين باضافة جبنة كيري حاطين جبنه لونها ابيض متفهمش دي جبنة اصلا ولا دي ايه بجد تجربة سيئة جداا مش هطلب منهم تاني ابداا
1571,الاوردر بارد ومتاخر
1572,Discount not valid
1573,اول مرة اطلب و الاقي الاكل جش وحش كدا و مش مليان و طعمه غريب مش زي كل مرة! بجد بجد سيء جداً
1574,very bad taste
1575,للأسف كانت الفطيرة متبهدلة جدًا كأنها اتقلبت ومفعصة، وكانت باردة اوي سخناها مرتين
1576,الاكل طعمه مش حلو خالص
1577,كنت طالبة بيتزا ايطالى وفطير .. وفتحت العلب لقيت الاكل مدلوق على بعضه.. العلبة ضعيفة والدليفرى اكيد شال البيتزا غلط.. المنظر كان مقرف..
1578,So saltyy
1579,طعم مش حلو المرة دي
1580,"the chicken fteera was really bad, but the sojok and nutella nuts were perfect"
1581,"Too pricey, tasted average, was cold"
1582,every time the order is turned upside down
1583,الفطير جاي معجن و متني كله لتحت و منظره مقزز جداا
1584,الاورد جيه غلط والأكل مش حلو وكمان اخد زيادة فوق السعر اللي موجود في الابليكشن
1585,ew
1586,"Portions were a little too small compared to the price, but it was delicious"
1587,أسوأ اوردر جالى من حمزة .. فطيرة بارده .. و غلط .. كنت طلباها فراخ جاتلى فراخ كرسبى و كانت ناشفه و سيئه جدا
1588,"I throw all the food, I only ate fries. The sandwiches’ quality were worse than bad."
1589,الفطيرة رفيعه جدا جدا
1590,salty shawarma
1591,الاكل ساقع
1592,"bad customer service, they refused to send the order giving the excuse that ""u r too far (madinaty) and your order should be +500 egp, even my order was already +400 egp"" and they called me saying that ""we won't release the order, and elmenus won't r..."
1593,الاكل بارد جدا و الفطير عجينة
1594,Taste and quality not as expected
1595,بعمل تم التحضير و يقول جارى التوصيل و يفضل كد ساعة
1596,الاكل كان بارد مش سخن
1597,👌
1598,سيئ جدا و بارد
1599,food arrived too late and too cold
1600,I ordered a feteera with custard instead i got one with sugar
1601,البيتزا الرانش وحشة
1602,Pooor food
1603,This is the worst chicken shawerma I have ever eaten in addition to the Kiri Sojok not being the best and is average at most.
1604,احذرو يا مستخدمين المنيوز مطعم حمزه ولا يغرنكم البرومو كود و خصم ال30 جنيه
1605,شاورما كيزر مش حلوه
1606,Very cheap ingredients + unhealthy food
1607,اتأخر و الفطيره اتغلبطت في العلبه و الاكل برد
1608,فطيره الكريسبى الكيرى لم تكن جيده
1609,the food wasn't the best i dnt recommand
1610,The food came not in a proper way ..
1611,nice attitude with adding rice and bread and tahina with the chicken
1612,الكيرى كانت قليلة جدا والسجق طعمة عادى حلوة بس مش اوى
1613,طعم سئ، الاكل بارد جدا
1614,فطيرة سكر وحشة بجد وفتة الشاورما الرز كان ناشف زى ما يكون مش مستوى كويس او باقى من امبارح او محطوط فى التلاجة المهم ان طعمه كان وحش جدااا
1615,طلبت بسمتي فرن حمزه و حواوشي ايطالي سجق مشكل البسمتي عادي جدا و في اماكن بتعمله بنص السعر ده و افضل و الهوت دوج اللي فيه رديييييئ جدا اما الحواوشي الايطالي جاي فيه معجون سجق و لا اسوء اوردر اتكلف 172 جنيه في مطاعم عاديه ممكن تقدم باقل من نص السعر طا...
1616,الكريب الهوت دوج محروق
1617,"the fteer is Kiri with sojouk, I didn't find any kiri, it's just ordinary medium quality cheese"
1618,سىء
1619,خدمة غاية في السوء وعدم احترام مشترك بين المطعم (حمزة) ومقدم الخدمة (المينيوز) تجربة لن أكررها بكل تأكيد.
1620,I didn't get my order
1621,طالب شاورما فرخ طلعة وحشه جدًا وشاورما لحمه ناشفة وملهاش اي طعم . وقبل كده فطير سجق وحشه وفطير سكر بايت ومش مستوي
1622,غالي و السعر في الايصال غير السعر في الابلكيشن
1623,طعمو كان سئ جدا جدا
1624,Greatt
1625,الاوردر ماجاش بعد ٣ ساعات انتظار و ضيع علىّ فرصة طلب اوردر تانى، و تانى تانى مرة تحصل من مطعم مختلف الواحد مش هيطلب من برنامج منيو ده تانى،هم مالهمش حكم على المطاعم
1626,كويس بس السجق مفروم بزياده لكن اجمالي النوصيل و الكواليتي هايل
1627,انا منت طالب فطير شرقي الي جالي بيتزا شرقي
1628,لم يكن جيد
1629,مالح جدا
1630,الفطير سجق بالكيري مفيهاش كيري او جبن تقريبا ده تعليقي الوحيد
1631,طلبت كايزر شاورما فراخ بس جالي لحمة!!
1632,عاوز حقى يامطعم يازباله وياخدمه عملاء معندهمش ضمير
1633,الاكل من مطعم حمزه فلوس بتترمى فالارض اوعوا حد يجرب فرع ش النصر
1634,لو فى اقل من تقييم صفر ادهوله مطعم زباله
1635,ده شكل الاكل البى هتجيوه من حمزه وبما تتصلوا تشتموا هيقولوا انكم اعملتوا كده وميرجعللكشً حقك لاهو ولا المنيوز اللى رمانى وسابنى ليهم
1636,مطعم حمزه ياجماعه بيتهمنى انى بوظت الفطيره عشان جاتلى بايظه وطلبت ارجعها واخد حقى بقالى اربع ساعات
1637,حسبى الله ونعم الوكيل فصاحب مطعم حمزه وفكل جنيه دخل جيبه حرام منى
1638,مطعم حمزه شارع النصر بالمعادي افشل مطعم تاكل منه وتضيع فلوسك عليه هدمه عملاء فاشله وقليله الزوق
1639,اوعوا حد يطلب من المطعم الزياله ده هتر فلوسك فالارض يجد والله بو هيجيبولى اكل بيلاش مهاكله شويه نصابين والله وحسبى الله ونعم الوكيل فيكم واحد واحد وفصاحب المطعم اللى اقتكرته محترم وبيتقى ربنا
1640,ازبل مطعم تاكلوا منه وافشل برنامج المنيوووووز ياجماعه بجد الاتينن افشل من بعض
1641,تخيل ده فطيره مشكل جبن شرقى مطالب تفتح العلبه وتاكلها كده وبارده مجلده كمان واشتكيت وبقالى تلات ساعات مشتنى حقى وفلوسى وحد يجى ياخد الاكلً ومحدش عبرنى منهم وخدمه العملاء القذره بتقولى ميمكن انت اللى عملت كده ياوسخ خلق الله حسبى الله ونعم الوكيل فيكم...
1642,مطعم وسخ وكل اللى شغالين فين مش محترمين وخدمه عملاء قذره كلمونى بيقولوا ميمكن استلمت انت الفطيره وقلبتها وبوظتها بالشكل ده ورافضين يبعتوا حد ياخدها ويجيب فلوسى وحقى منهم اقسم بالله ازيل مطعم اتعاملت معاه عالم معفنه كلهم بصاحبه كمان اللى مشغل ناس ح ز...
1643,المطعم فاشل فاشل فشل زريع كلمت الابلكيشن وبلغتهم ان الفطيره جايه بايظه وكأنها دايس واحد عليها وقالو المطعم هيبعت الفلوس بقالى ساعتين مستنى وكل خمس دقابق اتثل ومجابوش حقى
1644,Always late
1645,الطلب وصل متاخر بعد ساعتين والساندوتشات بارده
1646,طلبت بيتزا سي فود جاتلي عبارة عن عجينة مافيهاش غير اربع قطع جمبو ريحته وحشة و دراي و البيتزا مافيهاش ملح و معجنة و باردة اسواء تجربة بصراحة
1647,الاكل بارد جدا وطعمه مش حلو بسبب البروده
1648,فطيرة السجق مالح جدا
1649,Good work
1650,عجبنة الحواوشي من الداخل لم تستوي كنت باكل عجينة دي مش اول مرة علي فكرة سئ للغاية
1651,الفراخ بايتة و مش مشوية اصلا في النجريسكو خدمة زفت!!
1652,you were asking for extra delivery !
1653,الفطيره بارده جدا وقيمه التوصيل عاليه جدا
1654,"الاكل بارد،الطعم سئ جدا, والسعر غالي علي الحجم و الطعم ده I don't recommend this restaurant"
1655,اكل سى جدا لاول مره الخاجه معموله متكروته وملهاش طعم ومكونات المكرونه لاول مره وحشه
1656,متأخر وغالي
1657,الاكل مبقاش حلو زي الاول خالص
1658,food poison
1659,جميل جداااااا
1660,زى الزفت
1661,The ranch pizza was so homemade and contained raw chicken The pastrami and kiri was too salty
1662,Ggg
1663,the food was cold
1664,الاكل جاي بارد و بايت و طعمه سئ جدا
1665,اسؤ اوردر
1666,zy el fol
1667,اسوء فطيره اكلتها في حياتي، مطعم قليل الذوق و محدش اهتم بالشكوى
1668,"Food was bad, service was really bad we made a complaint they said they'll refund us but nothing happened and no one came. Worst place."
1669,the food was too cold
1670,تجنن
1671,وصل الاكل بارد تلج وسئ جدااا وكميات الاكل قليله
1672,جوده الطعام سيئه جدا لا انصح بالتعامل معه اطلاقا
1673,شفت فيديو لعمرو شريف جاب الشجق و لقي فيها عضم.. قلنا يمكن خطا لكن اطلبها و تجيلي بالعضم برده لا يبقي كوليتي زي الزفت
1674,الفراخ اللي في النجرسكو كانت مش طازه علي غير العاده
1675,القيمة في الفاتورة مختلفة عن ابليكشن المنيو
1676,الاكل بارد جدااا مش كويس والسعر غير ع ابلكيشن
1677,الاكل جاي بارد جدا جدا ولاسف مش معمول كويس عالنار
1678,الاكل بارد جدا وشاورما قليلة جدا
1679,الكفته و الفراخ حاجه كده ملهاش حل تتبيله جامده بس الفراخ صغيره و الرز البسمتي ممكن يكون افضل من كده
1680,The chicken in negresco was so bad and the taste was so disgusting
1681,تانى مره الحساب بيجى اغلى من المكتوب هنا على البرنامج
1682,Definitely not worth it. Dough was inferior compared to majesty and amir al domiaty. Not the best to charge such outrageous prices.
1683,اكل سيء وميستاهلش الفلوس بصراحه ودي تاني مره مش اول مره اجربه ونفس الجوده السيئه
1684,الاكل وحش جدا مقارنه بنفس الاوردر من نفس المطعم طعام الكفته وحش جدااات
1685,مطعم زي الزفت الاكل جه بارد والبيتزا مفيش ريحة صوص الرنش واخر ارف ليه تبيعوا سمعة المنيو مع ناس مستهتر كده
1686,piece of shit
1687,I didn’t receive my order
1688,دايما الجودة سيئة و مفيش طعم
1689,الاكل كله كان بارد 😔😔 بس طعمه حلو لو كان سخن كان هيبقي احلي بكتير
1690,حلوة بس مش تحفة
1691,It was very bad wrong order and it was very late it took 2.5 hrs to arrive
1692,كب حاجة جت غلط و كلمتهم قالولى هنبعتواوردر تانى و مبعتوش حاجة
1693,I ordered pizza with extra cheese and it came without it
1694,جزء من الطلب مكن موجود وبدلته
1695,الاوردر موصلي اصلا قمه الاستهتار
1696,الشورما قليله والثوميه مش حلوه
1697,"Very bad ingredients quality and taste, 3 different delivery guys called me asking about my address which I think is clear bad experience"
1698,الاكل مش مضبوط المخلل سئ جدا
1699,الافضل يجب صوص احمر مع الفته وثومية مع الشاورما
1700,طالب فطيرة جاتلى حاجة كده زيى العجين والأسرة كلها جلها مغص واسهال. سئ جداااا
1701,I ordered mix meet with melted cheese but not added
1702,sojok was very salty
1703,إضافة سعر غير اللى موجود على الابليكشن طلب ناقص تغليف ينم عن عدم احترام على الرغم انى زبون قديم الا انى مش هطلب منه تانى
1704,صراحة مستوى المطعم والأمانة واحترام العملاء كان أفضل من كده بكتير....... طلبت فطيرة شاورما إضافة كيرى واللى هى ب100 جنيه (وده سعر مش قليل على فطيرة).....العلبة مفتوحة ومفيش الجبنة كيرى! ومفيش كاتشب ولا اى تغليف يحترم العميل...اخر مرة هتعامل معاكم
1705,ازبل مطعم تاكل منه و الاكل بيجي ناقص و ساعات حاجات تانية بتيجي تاني
1706,بصراحة جبتها كذا مره وكانت كويسه المره دي سيئة جدا جدا
1707,"My ordered came very late, very cold and very very wrong. They couldn’t even get the order right. Absolute disaster I will never order from them again."
1708,الاكل كان سيئ جدا فطيرة الكيري سجق كان طعم السجق وحش جدا و فطيرة الكريسبي الفراخ فيها وحشة جدا مقلية و شاربة زيت كتييير جدا
1709,so baad
1710,الحواوشي شايط شوية
1711,Food without cover
1712,Terrible!!!
1713,تجربه مش هكررها اطلاقا سجق كيري المفترض تبقي غرقانه جبنه طعم السجق وحش كمان الحواوشي كويس دقته في أماكن تانيه احلى سعره كان معقول لكن دا سعره لا يستحق تعامل خدمة العملاء منتهي عدم الاحترافيه الاكل اتأخر م الاخر اول واخر تعامل
1714,ثثث
1715,الاكل ممتاز ونظيف جداا وطعمه روعه بس الموزه الضاني تم تسويتها زياده فنشفت شويه
1716,المطعم بيعلي سعر التوصيل
1717,Delivery time for money value is horrible horrible just horrible
1718,terrible quality
1719,اتضايقت ان الفطيرة بالنوتيلا مش عاملينها بالنوتيلا اصلا 🤦‍♀️
1720,"Amazing, on time, and hot as usual"
1721,النوتيلا محتاجه تكون اكبر شويه بس
1722,جالنا تسمم
1723,البيتزا كانت سئ جدا جدا
1724,كنت طالب اضافة جبنه شيدر على وش الفطيره من فوق ، جاتلي الجبنه جوه الفطيره وقليله جدا مع اني دافع تمنها
1725,ملح زياده جدا
1726,عدم استخدام جبنة كيري مع ان وصف الفطيرة بسجق كيري و استخام نوع جبنة نباتي رديء ... مش هطلب تاني
1727,very little amount of cheese almost nil
1728,الفراخ مش فريش وبايته واترمت وماتكلتش و الفطاير فيها قطع بلاستيك والبيتزا فيها العجينه ناشفه و البورشن مش مستوي
1729,الطعم رائع بالتوفيق
1730,تكلفة التوصيل مرتفعة جدا المسافة لا تبعد اكثر من ١٥ دقيقة من المطعم لعنواني و التوصيل ٣٧ جنية مع العلم ان اقصي تكلفة في التجمع هي ٢٥ جنية و يوجد برنامح اخر تكلفة التوصيل اقل من المطعم ده تجربة سيئة جدا.
1731,awfullll
1732,النجرسكو مش حلو وفطيرة القشطة عادية
1733,شاورما لحمة طعمها سيىء جداااااااااا و تعبت بسبب الطعم و بيبسى جاى سخن ايه القرف ده
1734,Awful
1735,طلبت طلب ب 85 جنيه وجالي عامل التوصيل بفاتورة قيمتها 91 جنيه
1736,discussing pizza
1737,"the cancelled my dessert without telling me, and on my pizza i added extra crispy and nothing was added and i paid its price, and the packaging was too bad."
1738,الفطير كان بارد الحشو قليل للغايه الكرتون كان مطبق من ضغط الفطاير فوق بعضها طلب الفطير الحلو كان وسط .. وصل فى طبق فويل ( حجم صغير للغايه) كانت تجربه غير موفقه
1739,الاكل سئ جدا وللاسف الاوردر بارد واتاخر جدا اكتر من ساعتين الصراحه فكرتى عن مطاعم حمزه اتغيرت جدا
1740,"Ordered two times and both came with sand inside! If you don't meet the minimum health guidelines, u don't even deserve the one star."
1741,الاوردر كان تكلفته فى الحقيقه اغلى من كان هنا على البرنامج و لما بقول كده للدليڤيرى بيقولى هو كده و لو عاوز تشتكى اشتكى اكلملك المدير لو عاوز
1742,كل مابطلب دايما السعر مختلف عن الي مكتوب هنا فالتطبيق .. وطبعا اغلى معرفش ايه سر ف كدا مع اني دايما بطلب من مطاعم تانيه وهو هو نفس السعر بيجيلي ليه انتم كدا ياترا!!
1743,الاوردر مفيهوش ثومية
1744,الاكل كان مليان زيت بطريقة غريبة
1745,Wrong addresa and very bad experience with the restaurant and the app
1746,Delicious Nutella Pie
1747,الاوردر جي غلط انا طالبه بيتزا سجق وصلي فطيره سجق وطعمها سيء جدا جدا جدا وبارده فعليا وصلت ساقعه والفطير مجلد اكني باكل ورق وطعمها وحش جدا ده غير ان الطلب وصلي بعد ساعتين ونص فعلا تجربه سيءه جدا
1748,ناشفة وسيئة
1749,V
1750,فاضى
1751,لذيذ
1752,فطيره القشطه و العسل نسى يحط عليها عسل اصلا او حتى اى حاجه تخليها حلوه حتى سكر مفيس سيئه جدا
1753,XX
1754,الطلب كان سبايسى و كتبت دة فى الملاحظات و على الرغم من انة مكتوب فى الايصال لكن مافيش حد اهتم ! ارجوا تحسين جودة اللحم
1755,Terrible food
1756,بطلب حاجة تيجى حاجة تانية خالص طعم كويس خدمة زفت
1757,اخر اوردار كانت الكمية قليلة عن الوزن اللي الاوردار بقصد المشكل كفته وطرب وكمان كان في غلط في الحساب
1758,الاكل مالح شوية
1759,ممتازة
1760,😍
1761,Too bad
1762,More than excellent
1763,الشاورما اللحمه حادقه جدا ومفهاش صوص أو طحينه خالص الكريب مليان صوص كتير جدا
1764,قله ادب اقعد تلات ساعات طالبه الاوردر و مجاش استهتار
1765,للاسف المكرونه النجرسكو و المكرونه الكريسبى سيئه جدا..ملهمش طعم اساسا... زائد ان الاسعار اللى مكتوبه مش هى الاسعار النهائيه بيضاف عليها لسه ١٤% ضريبه و هو كده اغلى من مطعم (ابو حمزه) اللى هما المفروض بيقدمو نفس المنيو بالظبط... المستزى اصبح سئ و السع...
1766,elpizza helwa gedan w elchiken feha to7fa grilled kda w gamelaa🥰
1767,الفطير كان وحش جدا للاسف ارجو الاهتمام اكتر من كده
1768,Tohfa
1769,الطلب كان مليان زيت و اول مرة استلمها منهم بالطريقة دي
1770,متحطوش كيري في الفطيرة الرومي 🤦🏻‍♂️
1771,للاسف حمزه مش زى زمان خالص و الاكل بقى سئ جدا... المكرونه النجرسكو و المكرونه الكرسبى ملهمش طعم.. فطيرة السجق حادقه جدا جدا لدرجة انك متقدرش تاكلها
1772,بارد . سيء . ملوش طعم . حواوشي مليان زيت . شاورما بعيش معجن ومش سبايسي زي مطلبتها. نجرسكو كلها لبن بلا طعم النجرسكو
1773,سيئه جيدا و برده و معجنه ف بعضها و تقريبا وقعت من ال ديليفرى
1774,الشاورما الميكس جت فراخ و فطيرة النوتيلا يعتبر مجاش فيها ايس كريم و الي محطوط فيها نوع وحش جدا مش الويتس بتاع زمان أكنه بسكوت متكسر كدة و محستش جتى إنها نوتيلا و صغيرة جدا عاى إنها تبقى ب 75 جنيه كمان
1775,Chicken BBQ came without any sauce just a standard chicken feteer
1776,Always tasty and fresh and delivery arrives early
1777,مش حلو
1778,😍😍
1779,فطيره السجق كانت جميله و سخنه فطيره النوتيلا مكنتش بالنوتيلا كانت شوكولاته عاديه
1780,جامد فشخ
1781,حطين قرفة على خلطة السوسيس
1782,الاكل. سئ الي اقصي درجه فطير حادق وحلو وكريب سئ سئ
1783,سئ جدا مبقاش حلو زي زمان و معندهمش نوتيلا و دي تقريبا 4 مره خلال شهرين اطلب منهم موتيلاعو يقولولي معندناش و بعتهولي مكانها فطيره بالشوكولاته كده تعبانه و دون المستوى اوي
1784,انا طلبت فطيرة ميكس جبن اضافة سجق جاتلي اضافة سوسيس ده اولا و ثانيا كان السوسيس مش مستوي كويس و الطيرة كانت محروقة من الاطراف بشكل سئ و اطارات اني ارمي الفطيرة لانها سببت آلام بالمعده.
1785,El mafrod talbha kbier gya wast
1786,الأكل وصل بارد جدا و اترمى فى الزبالة. فطيرة سجق اخدت ساعة تقريبا علشان توصل للاسف كان مطعم كويس بس بااااااظ
1787,الاكل سئ و كواليتي زي الزفت ولا عربيات اكل الشارع الرخيصة
1788,كويس
1789,فطيرة كيري سجق وحشة جدا السجق اللي فيها ردئ و وحش جدا زي إللي بيتحط في المطاعم الرخيصة مع انها بي ٩٠ جنيه و الجبنة إللي فيها كانت قليلة اسوء فطيرة بالسجق كلتها كانت أول و اخر مرة أكل من المطعم دة
1790,الحساب كان مختلف في الفاتورة عن اللي مفروض ادفعه
1791,البيتزا وحشه جدا العجين سيئه والحشر الفراخ طعمها بايت
1792,the food is good my rating is because of the delivery guy was extremely rude and he was shouting at me and be asked me to come downstairs at 2 pm to take the food and he refused to go upstairs because the block door was closed I told him I will thro...
1793,ممتاز جدا
1794,الحشو قليل جدا
1795,"Overrated. A pretty normal pie, and delivered cold!"
1796,مبقتش حلوة زى الاول كانت الجبنة فوق البيتزا الشرقي
1797,الفطيرة مش مستوية
1798,I found a hair in the food !!!!! not worth it at all
1799,kiri flavor isn't good.
1800,وحش جداااا
1801,"Its been more than 90 minutes, didnt receive the order yet."
1802,very bad quality
1803,الفطير كان حلو جدا بس بارد شوية
1804,cool
1805,وجعتلى بطنى جداااا
1806,مبيهتموش بالاكل غير لو طلبت الاهتمام بس الاكل مزاقه رائع
1807,الاكل جاي بارد وكانت تجربه سيئه جدا
1808,البيتزا مش نفس الطعم اللي طلبته قبل كدا الدلفري زايد فلوس عن المكتوب والمبرر اتعاملي مع المطعم بعد كدا عشان التطبيق عليه اخطاء
1809,فطيرة السكر وحشة جدااااااااااااااا وفطيرة مشكل جبن زيها بالظبط
1810,الفطيرة والمكرونة غرقانين زيت للاسف كانت تجربة سيئة مش هتكرر تانى
1811,الضرائب مغال فيها جدا اكثر من ١٤%
1812,very good but not organised
1813,تحفة بس يارد
1814,طلبت بيتزا ميكس جبن، وجاتلي حاجة لاهي بيتزا، ولاهي فطيرة. الجبن نوع واحد ، وبقيت الحاجة عاملة زي المايونيز، وطعمها غريب. المطعم بياخد ٢٠% ضريبة، وفوق ده الديليفري. يعني تقريبا تلت إجمالي فاتورتك!
1815,Order didn’t deliver they updated it as delivered it and service was very very bad
1816,الاكل جنيل جدا
1817,في المرة القادمة برجاء عدم تأخير الاوردر و عدم اضافة اشياء غير مطلوبة في الاوردر و محاسبتي عليها من الفيزا...
1818,طلبت فطيره بالسجق ، و وصلت بالهوت دوج
1819,طعمه حلو لكن الاكل برد
1820,"very bad experience, not like they used to, the worst savory pie I have ever had"
1821,الاكل كله حلو
1822,بسمتى حمزه كان بارد وكان أغلبه ماشروم وقطع الفراخ قليله جدا
1823,الاوردر وصلني بعد ساعتين ونص
1824,كالعادة الأكل جميل وممتاز ولكن الضريبة كبيرة وبترفع السعر
1825,الحواشي كله دهن
1826,اسوووووووأ كريب شيكولاتة فى حياتى و منصحش نهائى بتجربتها
1827,"sojok feteer bad never do it again, hawashi francawy good"
1828,شاورما محروقه وبارده جدا
1829,كانت تجربة مش لطيفة و الاكل جاى بارد
1830,الاوردر جه متأخر وجه بارد الي حد ما وداخل في بعضة ومليان زيت
1831,مية مية اجمد بيتزا اقسم بالله
1832,worst delivery ever
1833,حادقه شوية
1834,الاكل سئ جداا
1835,ممتاز والأكل رائع ومرتب ش
1836,قمة في قلة الذوق و عدم الاحترام و اللامبالاه خدمة عملاء سيئة و عدم احترام للمواعيد
1837,الاوردر مجاش اصلا وخدمة عملاء ذي الذفت ولغو الاوردر وهما باعتين انه هيوصل في خلال ١٠ دقائق زبكده انا استنيت الاكل اكتر من ساعتين وموصلش ابلكيشن زباله
1838,دي مش ممكن تكون مكرونه ابدا مفيش اصلا لحمه فيها وطعمها مقرف وخدمه المنيوز سيئه للغايه مشزعارفه اتواصل مع حد
1839,الاكل سبب تسمم واسهال شديد لعدة ايام، وكان سيء جدا اصلا
1840,الحواوشي كان سيئ والاخص ال بالجبنه وتاخر عن الميعاد المقدر
1841,الاكل نصه محروق و الفراخ مجلده بالرغم من التنبيه عند عمل الاوردر
1842,الاكل نصه محروق بالرغم من التنبيه عند عمل الاوردر
1843,اسوء بيتزا بجد بمعني الكلمه واسوء توصيل اوردر البيتزا جايه معجنه في بعض طعمها رديئ جدا وزيت كتير وبايظه يعني تشكيله من القرف بجد انتو مش بتأكلو حيوانات احنا بنأدمين راجعو نفسكو واحنا مش بندفع قليل
1844,الفطيرة مجتش زي منا طلبت
1845,الاكل سيئ لأقصى درجة
1846,الخيار المخلل باااايظ
1847,chicken was bad
1848,very bad experience and unprofessional customer service
1849,الفطيرة خفيفة جداااااا
1850,الاكل جه مش سخن
1851,Beautiful ❤❤👌👌
1852,جميل اوووي
1853,الاكل حلو جدا وسخن والتتبيله تحفه والمواعيد مضبوطه
1854,الكريب كان تحفة فعلاً بس النجرسكو للاسف كانت ملح زيادة خالص معرفتش اكلها للاسف
1855,جميل جدا كالعادة
1856,مطعم وسخ مسلمنيش الاوردر و فى الاخر لغا الاوردر بحجة ان الرقم التلفون غلط و لما جيت اطلب الاوردر تانى قال ان المحل مغلق برنامج عقيم و محل اعقم 😤😤😤☹☹
1857,الشاورما كانت حلوة بس حادقة جدا جدا جدا للأسف
1858,الاكل كان طعمه وحش و الكريب صغير و مش مستوي
1859,الاكل تقيل اوى وملح زيادة فية اوى
1860,Basbousa extra pie is very tasty
1861,"Order came late and not that tasty they told me will compensate me the other order, was expecting better to be honest."
1862,كويسه ومليانه فراخ بس دايما بييجي الاكل حادق
1863,جت حجات غير الي طلباها
1864,الاكل تحفه والاوردر جه بدري
1865,كان في حاج صغيره كده ان الطحينه كان مدلوق منها شويه علي المخلل
1866,تحفه كالعادة
1867,K
1868,very good but too expensive for it's stuffing volume
1869,Low quality food. Every time the cheese hurts my stomach
1870,الأكل جميل جدا ولذيذ وخدمة رائعة
1871,بيتزا تحفة بس حجمها صغير بالنسبة لسعرها وبالنسبة لان ده أكبر مقاس موجود لكن تجربة جيدة جدا
1872,وحش اوي اوي اوي
1873,الأكل أقل من المتوسط وباين عليه إنخفاض الإهتمام والجودة.
1874,سيأ
1875,الاكل طعمه سئ و الملح زياده
1876,الاكل كان وحش جدا وفي حاجات مش موجودة في الاوردر والسجق بايظ والمشكلة أن خدمة العملاء بيحاول يقنعني أن السجق مش بايظ هو لما بيتحط علي الارز طعمه بيغير
1877,اسهال من إمبارح انا واللي اكل معايا🤢🤢🤢🤐
1878,مزيته و بطنقط
1879,الفطير كان مليان زيت للأسف وطعمه مختلف عن اللي بناكله في المطعم
1880,الفراخ مش مستويه نهائي
1881,بايظ
1882,الاكل وصل متبهدل و البيتزا كانت ساقعة
1883,طلبنا ايس كريم و الاوردر جه من غيره
1884,سىء جدا و دون المستوي المكونات غير جدة و طريقه التحضير ايضا الاوردر بيتزا و ساندوتش كبدة و حواوشي ايطالي و كريب كلهم وحشين
1885,الفراخ وحشه جدا جدا جدا، اطلب من اي حته تانيه احسنلك
1886,الفراخ مليانه دم وريحتها وحشه جدا ومغرقينها فلفل اسمر علشان ريحتها وطعمها ميبانش وبرغم كده كانت باينه جدا . انتو فعلا متستاهلوش تكونو علي ابلكيشن المنيوز عشان دي إسائه ليهم . اخر مره اطلب مكنم اكل يا مطعم زفت
1887,بيتزا ولا تتاكل و ريحتها و حشة و الفراخ عبارة عن دهن و عضم و حاجة تقرف حتي بيتزا الجبنة طعمها وحش جدا
1888,الجودة تحت الصفر معرفش ده في الفرع ده بس ولا الباقي بقى كده برضه القنبلة ده مليان كمية مايونيز غير طبيعيه والهوت دوج والفراخ بايشين جواه وملهمش طعم شاورما الفراخ الخيار فيها حمضان شاورما اللحمه ناشفه جدا وطعم الطحينة متغير كده وشبه حمضانه برضه فطير...
1889,البطاطس مش مستاهلة 20 جنيه خالص و خلى بالك الفراخ المشوية مش مخلية زى ما مكتوب فى المنيو و الطحينه اللى جات معاها الصراحة سيئة جدا رحيتاها بيظة و قرفت الواحد و هو بياكل انا قلت اجرب الفراخ المشوية عشان اكتر حاجة واخدة لايكات بس فكك منها و هات حواوشى ...
1890,الاكل وصل بعد ساعة تقريبا، كان دافي نسبياً ف تمام يعني الفطير الشرقي حلو بس مش اوي السجق لطيف والموتزاريلا كميتها كويسة اوي و بتشد لكن الفطير كان عبارة عن كتلة دهووون، مزيت جدا و حاجة في منتهى التقل، دا غير ان العجينة مكانتش حلوة، و مش مستوية كويس ...
1891,طلبت فطيرتين حجم كبير جاءت واحدة كبيرة والثانية متوسطة رغم ان تم احتساب الفاتورة على ٢ كبير ده غير ان الفطيرتين غرقانين زيت وطعمهم دسم جدا لدرجة من كتر الزيت الفطيرة عجنت
1892,لو في اقل من نجكة ف انتوا تستاهلوها عن جدارة
1893,....... .........../../........... تأخير والاكل مش حلو
1894,خدمه زفت ودليفرى خرا واخرى من الخرى ......الاكل اتأخر ساعه كامله وطبعا الاكل كان متلج وكان المفروض يترمى فى الزباله
1895,bad experience/ late delivery fel order btare2a bashe3a w service we7sha gdn
1896,"The savory pie wasn't the best I've tried but not particularly bad, shawarma Kaiser was very pleasent."
1897,الاكل خراا و هيترمي في الزبالة ياريت تقفلوا المطعم احسن
1898,سيء جدا و الفطيرة كان كلها زيت وطعمها مش حلو خالص
1899,اسوء بيتزا و فطير كلته في حياتي الاكل بارد و المكونات زباله و الاوردر بييجي غير اللي مطلوب انا مش هتعامل مع المطعم ده تاني ابدا و الحقيقه ياهد صفر مش واحد
1900,زى الزفت و نصب غير الضريبه الى خدوها جايلى الريسيت فيه ٧ جنيه زياده و تاخير و طعم سئ
1901,مطعم زفت و اكل زي القرف الاوردر جه متأخر و الاكل بارد البيتزا اطرافها محروقه و الشاورما ناشفه جدا ميستهلش الفلوس بجد
1902,لو في صفر كمان... الفطير بارد ومعجن غير التأخير... لا أنصح به اطلاقا
1903,هو علطول بيتاخر اوي بس المره دي الاوردر مجاليش اصلا و لما كلمتهم قالولي ضغط علي المحل !! لما هو في ضغط بتقبل الاوردر لييه ؟ و في الاخر طلبت من مطعم تاني بعد ساعتين
1904,يا جماعه مطعم زي الزفت وتاخير في الاوردر واسلوب زفت المطعم جنبي مش يكمل عشر دقايق وتأخر ساعتين
1905,لو في تقييم اقل من الصفر هاعمله الاكل مش واو بس خدمة التوصيل زفت وزباله ولو الاكل اصلا وصل هتلاقيه معجن والعلب بايظة لو بتاع التوصيل قاصد يبوظ الطلب هايجي انضف من كدة
1906,للاسف من اسوء التجارب اللي مرت بيها اول مرة بعد ما لغيت الاوردر لانه اتأخر ساعتين بتاع التوصيل بيكلمني بعد نص ساعة بيسأل علي العنوان والمرة التانيه بعد ساعة ونص بكلم المطعم بيقولي اصل مشكلة شبكة والاوردر اصلا ماوصلنيش
1907,الاوردر جه متأخر ساعة ونص العلب بتاعت الفطير والبيتزا متطبقين الاكل كله وحش جداً وجالنا كلنا تسمم
1908,الخصم غير مجدي يعني ايه خصم ٥٠ جنيه والاقي ضريبه ٢٠ جنيه ..
1909,"The worst most disgusting negresco I've ever eaten in my life. Just thrown to the trash where it belongs. You should never serve it unless you know how it's done. Packaging was very bad too, if I ordered from street food cart it would have better pac..."
1910,It was delivered even before the estimated delivery time
1911,اوحش مطعم طلبت منه ديليفري، قعد 3 ساعات وبعد كده عملت شحوة قالولي لسا هيتعمل ويوصلي بعد ساعه الكلام ده حصل مرتين معايا المطعم حلو بس الخدمه خرة
1912,طلبت اول مرة وجبات رز مع فراخ و لحمة ممتازة و كريب روعة و كميات كبيرة شجعني اطلب تاني تاني مرة قولت اجرب البيتزا ٤ اصناف ببتزا الفراخ حلوة جدا لكن باقي الأصناف مش اوي و مشكل جبن سىء جدا و حادق بطريقة غير طبيعية إنما فطيرة السكر ماتتاكلش تحس انها با...
1913,الفطير زي القرف كلت حتة و رميت الباقي و بطني وجعاني من ساعتها حاجة زي القرف ياريت تقفلو المطعم خالص اكلكو خرة
1914,لو اقدر الاقي negative كنت كتبت الاكل طعمة سئ و بارد و مزيت جدا السلطات جالي مغص و تلبك معوي بعدها شورما زفره جدا غير تاخير دليفري بعد ساعتين ! و قلة ذوق المطعم و خدمة وحشة نصيحة اوعى تطلب من مطعم ده مفيهوش حاجة واحده عدله
1915,لو مستعجل متطلبش منه....لو فاضي ساعتين تلاتة اطلب منه.......اكتر مطعم بيتاخر فى العالم
1916,الخدمه سيئه جدا و مفيش اى اهتمام بالعملاء و خاصه الدليفرى الاوردر بيتاخر اكتر من ٣ ساعاات و اتكررت اكثر من مره
1917,الاكل سيء جه بعد ساعتين والبيتزا ملينه صلصة والقبلية حشوها حلوه بس الزيتون مخلي طعمها وحش جدا ...
1918,سيء لا انصح به وخصم البرومو كود يكاد يكون وهمي
1919,اسوء اكل ممكن يتاكل و اسوء جودة مكونات مستخدمة في الأكل.
1920,الاكل في المحل احسن كتيرررر من الديليفري لان الاكل وصل بعد ساعتين مع ان الابلكيشن بيقول ساعه فطبعا جه بارد وكانت ليتزا في الجبنه اصبحت سيئه فارجو الاهتمام بالديليفري
1921,المطعم حلو مفيش كلام لكن احب اقول ان بيتزا شاورما لحم اوحش حاجه اكلتها في حياتي الحيوان اللي عملها نكد عليا ربنا ينكد عليه
1922,30 جنيه توصيل كتير اوي بتوصل لنا اوردوات من نفس المنطقة ب 10 جنيه بس
1923,worst delivery ever and worst customer service ever for anyone in New cairo DONOT ORDER FROM 7amza ... the worst delivery service you would ever experience and customer service 0/10
1924,order came too late... it took so long time food was cold
1925,لاول مرة اعمل review بس فعلا اسوء مما تصورت طلبت بيتزا بالبسطرمة و غلطت و طلبت فطيرة قشطة و عسل جالي العسل مغرق البيتزا و البيتزا نفسها ممعجنة و مقولبة فوق بعضها و لازقة في غطا العلبة من الاخر رميت فلوس في الزبالة
1926,أكثر من سئ خدمة التوصيل وحشة جدا و كود التخفيض وهمي للأسف
1927,سئ لأقصى درجة...أسوأ أكل أكلته يمكن في أخر ١٠ سنين.
1928,الديليفري مواعيده زي الزفت حاجه قله ادب يعني انا طالب الساعه ١ بليل اصلا مستحيل يبقي في ضغط و المطعم قريب ، كتبلي الاوىدى هيجي في ساعه و خمس دقايق و كتير جدا ساعه اصلا ، بس المشكله انه جيه بعد ساعتين و ربع و الاكل وضل بارد جدا ، يا ريت المطعم يهتم ب...
1929,التجربة كانت سيئة لدرجة انى مضطر اعمل ريفيو على اكل لاول مرة فى حياتى النجرسكو عبارة عن فرخة مشوية قطعوا منها كام قطعة فراخ بعضمها بجلدها بالحتت المحروقة فيها وحطوا عليها شوية مكرونة وشكرا على كدة وكريب شيش طاووق نفس الكلام .. مقطعين حتت من فرخة مشو...
1930,من أسوأ المرات اللى اطلب فيها اكل فى حياتى انا طلبت نجرسكو وكريب شيش طاووق .. الاتنين كانوا عبارة عن قطع فراخ متقطعة من فرخة مشوية وحطوهم ع المكرونة والكريب .. الفراخ محطوطة فى الكريب والمكرونة بجلدها وعضمها والحتت المحروقة فيها حاجة منتهى القرف بصر...
1931,اولا بتاع الدليفيري جبلنا اوردر غلط و استنينا لحد ما الاوردر الصح يجي ده غير انه اسوء اكل اكلته في حياتي حمضان و بايت و ملهوش طعم .. وجع بطن و جبلنا تسمم !!!!!!!!!!
1932,بيتزا تشيكن رانش سيئة جدا ناشفة و طعمها بايت و متسخن و الصوص مخففينه بمية و كلها زيت حرفيا
1933,الاكل جميل و فتة الشاورما ممتازة بس الاوردر جالي عليه طلب زيادة مطلبتوش
1934,الأكل كان وحش جدا جدا جدا. تتبيلة الفراخ وحشة اوي. الحواوشي حامي جدا جدا معرفناش ناكله و طري جدا. الطرب سئ و ملوش طعم. و سلطة الطحسنك جايالي بايظة و حمضانة. و الأكل كله جاي بارد و التوصيل اتأخر جدا جدا مع ان مفيش مسافة طويلة بينا. أسوء تجربة علي ال...
1935,كنا صايمين و طلبنا الاكل بدرى علشان نضمن ان الاكل يجى و نسخنه بس اتأخر جدا بعد المغرب بساعه و اتواصلت مع اداره الابلكيشن و اكتشف ان الطلب مش متاح عندهم اصلا ولم يعتذر المطعم وكان لم يحدث شئ.... حسبى الله ونعم الوكيل فيهم
1936,طلبت منه مرتين ، في المرتين الطلب اتلغى و موصلش، منصحش حد يطلب منهم خالص، الاكل مش هيوصلك اصلا، واضح ان عندهم ضغط بس مبيقفلوش السيستم، ودي حاجه غبية
1937,عادي جدا مقبول نسبيا متوسط طعم أسعار مقبوله
1938,"The food was very bad we ordered chicken and feteer and both were awful , plus the delivery was late , not recommended at all."
1939,كل مره اطلب حاجة استني اكتر من ساعة عشان الاكل يجي
1940,اقسم بالله الاكل جه وحش جداً و جالى نازلة معوية حادة تانى يوم و لسة بتعالج منها ، انا اقسم بالله عمرى مكتبت review ف مطعم انا بس مبطلبش منه تانى بس الوجع اللى انا فيه انا مش هطلب اكل من برة تانى و همسح الapplication
1941,لو ينفع اديلهم صفر هديلهم، مطعم زي الزفت ومفيش احترام للعملاء، اكتر من ٣ ساعات والاوردر مجاش ولا في اي اعتذار ولا حتى الاوردر جه منتهى القرف تجربة زي الزفت بصراحة
1942,الطيار يتعامل بطريقة غير لائقة والفاتورة بها 20 جنية زيادة عن اللى المفروض ادفعه
1943,الفطاير واصلة مش سخنه. مزيته اوي. طعم اللحمه والسجق وحش
1944,طلبنا رز بسمتي وباربيكيو وبسمتي مع شيش وحقيقي سيئ جدا وسعره مبالغ فيه جدا جدا بالنسبة للطعم والحجم بدأت أكره المطعم للأسف
1945,طلبت الاوردر الساعه ٣ و استنيت للساعه ٧ يعني أربع ساعات و مكنش وصل الاوردر و كل شويه اتكلم يقولوا الاوردر خرج و هيبقي عندك كمان عشر دقائق و بعد الاربع ساعات المطعم اتصل يستفسر عن العنوان !!!!
1946,بجد مطعم وحش جدا و اكله زي الخرا سوري في اللفظ الاكل وصل بعد اكتر من ساعتين ونص والبيتزا كانت اردء من الاكل البايت ووحشه جداا
1947,بيتزا تشيكن رانش حلوه اوي. والدليفري جه في خلال ساعه
1948,الاكل ممتاز و الجوده عاليه خصوصا الفطاير و الشاورما
1949,أسوأ اوردر طلبته في حياتي ٣ ساعات تأخير، أكل أقل ما يقال عنه غير آدمي تجربة سيئة و لا انصح احد بطلبه
1950,محدش يطلب منه ابدا سئ سئ المطعم سئ بيقعد ساعتين و نص يجيب الاوردر و فى الاخر جابه بارد و يقرف و مبدل حاجات فيه بمزاجه و حاجه قرف الصراحة
1951,عملت الاوردر الساعة خمسة وجالي الساعة ١٠ ونص. حاجة منتهى الاستهتار والقرف. عملت اكتر من ٤ شكاوى وخدمة عملاء المنيوز يكلموني ويكلموا المطعم ولاحياة لمن تنادي. الساعة ٧ المطعم قال انه الدليفري ف الطريق. يعني كمان كدابين. الاوردر لما جه كان مكتوب عليه ا...
1952,خمس ساعات علشان يوصل الطلب والفرع اتصل بييا بعدها بتلات ساعات وقالولي المشكله مَش من عندهم وهما كانوا بيكذبوا لانهم في الوقت ده بس قاموا بعمل الاوردر وكمان مَش يحترموا نفسهم وانهم اتاخروا تلات ساعات لا كمان اتاخروا ساعه ونص بصراحه تجربه مزريه معاهم و...
1953,مطعم سىء جدااااا و مواعيد التوصيل زفت برجاء حذف المطعم
1954,من اسوأ مطاعم مصر منصحش حد بالتعامل معاه عدم احترام لا للمواعيد ولا العميل واكل حرام فيه فلوس
1955,ارجو من ادارة المنيوز حذف هذا المطعم من الابليكيشن لانه يعطي انطباع سيء عن الابليكيشن
1956,انتوا مبتقروش تعليقات الناس؟ طب مش ناويين تحترموا العملاء؟ اسوء تجربة مع المطعم ولن تتكرر
1957,Ordered 5PM - Received 9:45PM!!!! Cold & terrible!!!
1958,اوسخ مطعم ولا انصح ابدا بالطلب منه بعد ٤ ساعات الاوردر موصلش و موقع اامنيوز من اسوء مواقع الاكل في مصر و التجارب السيئه دي مش بتتكرر الا عليه لكن اطلب مثلا عمري مواجهت التجربه دي عليه ز عاي فكره تدي ثالث مره تتكرر علي المنيوز في ثلاث مطاعم مختلفه
1959,اوسخ مطعم ممكن تتعامل معاه في طلب اوردر بقاله حرفيا ٤ساعات وبتصل بخدمه العملاء كل شويه واحد يرد عليه وبقولي تواصلنا مع الفرع والأوردة في الطريق وفي الاخر بعد الذين مني بعد ٤ساعات بيقولى معلش اصل الاكل منرجش اصلان من الفرع بصراحه اخر قله ذوق ناس مش مح...
1960,قمة الإهمال آيا يكن مينفعش أوردر ياخد أكتر من ساعتين عندك ضغط متصدعناش وتقولي فكل مرة بنعتزر وبسبب الضغط وقف الفرع الأوردر بقالة 4 ساعات وبقالكم ساعة بتقولوا إنه فالطريق تجربة بشعة
1961,٤ ساعات والاوردر مجاش برضو وموظفين خدمة العملا كدابين
1962,طالبة اوردر من آكتر من ساعتين ولسة ما وصلش!!!!!
1963,تجربة زى الزفت مع مطعم أزفت، لو انت عندك ضغط ومش قادر تهندل عدد أوردرات كبير بكل بساطة متقبلش الأوردرات لكن إنك تسيبنا مستنيين فوق ال 3 ساعات ولسه الأوردر موصلش فأنا مش عارف هنلاقى أسوأ من كده فين وأنا متأكد إن بعد اللطعة دى الأكل لو جه أصلاً هييجى ز...
1964,خدمة عملاء سيئة و اوردر بقالو ٣ ساعات و حاجة منتهي قرف
1965,انا طالبه الاوردر بقالي اكتر من 3ساعات ولسه ماوصلش ...للاسف تجربه سيئه جدا
1966,Takes them years to prepare your order and quality is often poor
1967,تجربة توصيل سيئة جدا.. عملت الاوردر من خمس ساعات ولسا مجاش ... قمة الاستخفاف
1968,انا طلبت اوردر عن طريق ال menus من 4 ساعات ولسه موصلش لحد دلوقتي ..تواصلت مع خدمة عملاء الابلكيشن اكتر من مرة ويقولولي ف الطريق وده من ساعتين ولسه موصلش..اسوء تجربة دليفري بصراحة وعمري ما هكررها تاني
1969,اول واخر مره هطلب من المطعم ده حاجه ده كرهني في المنيوز نفسها ٣ ساعات ولسه مجاش ويا عالم الاكل هيجي عامل ازاي
1970,الاوردر بيتاخر بال ٣ ساعات و بعد كده الديلفيرى يقولى معلش الفراخ طارت منى و انا جاى فى الطريق
1971,اسوء مكان ممكن تتعامل معاه لا انصح بالتعامل معهم الاوردر بيتاخر بال٣ ساعات و بعدين الديلفرى يوصل يقلك ان اسف الطلب بتاع حضرتك وقع منى و انا فى الطريق
1972,"Talabt feteer, gali 3agena shebh fadyaa."
1973,جاجه تقرف و فله ادب ساعتين و الاكل مجاش و مفيش اى استجابه مطعم يقرف و انا علطان انى اطلب منه
1974,اولا العرض صينيه مجاش صينيه جاء الاكل في اوعيه فويل مع ان فيه اكتر من مطعم عاملين عرض الصينيه وبيجي الكل عل صينيه ثانيا طالب مع الصينيه بيبسي مجاش كلمنه المانس وقال البيبسي هيجي خلال ٢٥ دقيقه وحتى الآن مجاش ونشوف موضوع الصينيه وحتى الن مفيش رد
1975,The food is perfectly cooked and seasoned. Price is reasonable. And the delivery was on time.
1976,Delivery fees not same as application 30 LE instead of 25 LE
1977,اقسم بالله بقي سئ جدااااا اخر مرة طلبته من هنا الاكل كان فيه صنف بايظ و صنف ملياااان ملح و صنف جي غلط .. والله العظيم دا الي حصل .. لا انصح اي حد يطلب منه نهائي
1978,اخر مرتين طلبت فيهم كانوا سيئين الاورد كان عباره عن فطيرة بيتزا شرقي سجق بلدي (جاتلي سوسيس! معرفش من اللي بيطلب سوسيس في فطيره) وكانت مزيته اوي والطبق الثاني كان فتة شاورما فراخ كبير، الاكل بايت وريحة الرز كأنه بايظ وانا واخويا بطننا وجعتنا جدا ب...
1979,"food quality was good, but delivery time took around 2 hours, although the recorded time was 1 hour and 20 mins"
1980,انا اكلت كذا مرة شاورما كانت كويسة، بس دلوقتى جبت بيتزا مارجريتا سيئة و مفيهاش اى طعم طماطم او صلصة ! هى شوية جبنة و عجينة !
1981,الحساب بتاعى كان ١٢٩ بعد الخصم الحساب جالى ١٧١ منغير الخصم و لم خصمت ال ٣٠ جنية بقا الحساب ١٤١ جنيه غير الكان مكتوبلى فى الابلكيشن
1982,خدمة سيئة جدا الاوردر متأخر ساعتين و لسة ماطلعش من المطعم و بيقولوا للمينيوز ان المندوب عمل حادثة و المطعم نفسه قايلى انه لسة ماطلعش يعنى عدم احترافية فى الشغل و كدب كمان
1983,اسوأ خدمه توصيل اوردر اتاخر اكتر من 3 ساعات و نص و أسوأ خدمه عملاء لان مدير خدمه العملاء المطعم بيحاول يحل المشكله بالكدب و و قمه قله الزوق و الادب الي في الدنيا بعني بكل المقاييس مطعم فاشل
1984,خدمة سيئة جدا الاودر اتأخر ساعتين و نص خدمة عملاء منتهي السوء
1985,من اسواء الاماكن خدمة العملاء و توصيل الاكل . طالب الاكل من 6 لغاية 9 وربع والاكل مجاش و مفيش اي اهتمام بالعميل
1986,اسوأ دليفري بمعنى الكلمه واسوأ تحضير اكل
1987,الاكل سئ جدا طالب شاورما جاتلي محروقه و طيار التوصيل اسلوبه سئ جدا جدا في الكلام من بداية التواصل بالموبايل حتى اخد الاوردر لدرجه انه طلب فلوس زياده و دفعتها لاحتياجي اني متكلمش معاه اصلا
1988,"Very tasty , properly prepared and a great value for the price. highly recommend it"
1989,worst experience ever from both the restaurant and elmenues. recieved a wrong order and they never sent me the correct one or even sent someone to pick it up and refund me. basically got scammed. and elmenues call center can't do anything about it. t...
1990,خدمة سيئة ومطعم أسوء لا انصح بالتعامل معهم
1991,خدمه زي الزفت وامل يقرف شوفوا شغلانه تانيه احسن
1992,مطعم زباااااااااااااااااااااااااااااااااااااااااااااله
1993,اسوء دليفري فى مصر كاتبين زمن التوصيل ساعه يجيلك فى ساعتين
1994,أسوء فتة شاورمة فراخ اكلتها فى حياتى كانت عندهم...اسم على الفاضى
1995,الحمدلله تاني مرة نجيب النجرسكوا و تطلع بايطة وتوجع البطن
1996,طلبت فطيره بغاشه بالسكر واللبن. طعمها سئ جدا و مغشوشه بميه و سكر و بالنسبه للحواوشي وحش جدا واتركي متاكلش و بقيت الاكل وجع بطن الناس و متاكلش
1997,Great taste. Reasonable prices. Only problem was hawashi's meat tasted weird but they gave us a refund.
1998,best pizza ever had very thin crust and glamorous cheese
1999,اسوأ فطير طلبته في حياتي و خدمة عملاء زي الزفت.
2000,فطير حادق عالمي فطير حلو حشو داخلي حواوشي بلدي خيالي ممكن بالجبنة وحبة فلفل شطة صنية المشاوي تتآكل سخنة من الشواية تجربة المعجنات حلوة خصوصا حواوشي إيطالي
2001,الفطير الشرقي مكس جبن مع شجق جميلة و الفطيرة الصاروخ كيري و بسطرمة تحفة، الطرب المشوي جميل برده، الكريب بصراحة مش حلو، لكن الفطير الشرقي و المشاوي جميلة، و الاكل بشكل عام نظيف جداً.
2002,الفطائر و البيتزا من أسوأ ما اكلت و عموما مستواه فى النازل بقاله فترة
2003,ماشاء الله عليكم المستوي دايما في تطور الصراحه من سيء الى اسوأ طلبت فطيره سجق طلعت نيه العجينه مش مستويه و الحواوشي الايطالي يقرف ده غير الخامات الرديئه جدا و كمان بتقدموا الأكل نئ والله لو فيه اقل من نجمه كنت حطيتها
2004,جاب اوردر غلط بس مع ذلك الاكل كان معقول جدا
2005,طلبت فطيرة بالسجق و بيتزا و حواوشي سيء لاقصي درجة الحواوشي حشينوا لحمة مفرومة شكلة غريب السجق شكلة وطعمة غريبة عبارة عن حتة لحمة حتة واحدة البيتزا ناشفة ومعجنة اسوء اكل اكلته من بره اول واخر مرة ومنصحش حد يجربه فرع التجمع التاريخ ١٩/٨/٢٠١٨
2006,تجربه الاكل في المكان نفسه فرع التجمع مكنتش حلوه
2007,اكل طعمه مش سيى وخامات كويسه
2008,For the second time in a row the food quality became very low for 5th settlement branch Thought to give them a second try but was disappointed and ended up with gastro
2009,حاولت اديكوا فرصة تانية بس للاسف بقيتوا اسوء فطير في مصر و ده مثال يا جماعة للصيت و اعتمد علي الاسم و خلاص دلوقتي الفطير زي .... تجربة امبارح تاريخ ٢٣/٧/٢٠١٨ اسوء فطيرة سجق كلتها في حياتي من حيث الطعم و المكونات زي القرف و السجق وحش وحش وحش فطيرة سك...
2010,للاسف من اسوا المطاعم جربته في اكثر من حاجة حتي فطيرة النوتيلا سيئه جداا للاسف مكنتش متوقعه بالسوء ده
2011,الاكل غير سخن ..غير جيد
2012,اسوء تجربة اكل وفطار رمضان فى حياتى كانت فى مطعم حمزة التاريخ 27/5/2018& 11 رمضان فى البداية مفيش عصير علشان الفطار وديه حاجة غريبة بس ماشى سهلة بعد كده الاكل بينزل بعد المغرب وبعد الاذان بفترة كبيرة وتفضل وراء اللى بينزل الاكل وتوقله اكتر من 5 مرات ...
2013,جربت اكل كتير اوي من عنده بجد اكله حلو جدا والدليفري عنده حلو جدا ياريت يرجعو بيتزا حمزة تاني للمنيو بجد كانت حلوة اوي
2014,الاكل سئ جدا النجرسكو معجنه جدا وملهاش طعم
2015,لما نقول فطير حادق يبقي حمزة ❤ رائع بجد ^^
2016,"يخربيت ام الجمال ايه كدا ازاي كدا كل مره الاوردر بيبقي احلي من المره الي قبلها , ربنا يبارك و يفضل زي ما هو كدا علي طول و احسن الكميات جميله و الاسعار جميله و الجوده رووووووعه"
2017,اكل ممتاز و طعم و نضافه لكن قعدته فى فرع الحديقه الدوليه و الخدمه مش ق كده
2018,تحفه مليانه طريه اول مره اجربها من حمزه ومش اخر مره
2019,جربت الكريب والنجرسكو بي محستش انه مميز اوي ولا يستاهل المشوار والضجه دي كلها
2020,كريب حمزة حلو جدااا والبيتزا هناك بالكرسبي جميلة وفطيرة الشيكولاتة بالموز حلووووة اوووي بجد بش الخدمة بتقل كل شوية
2021,جربت مره الكريب والمكرونه في الفرن ومحستوش مميز خالص
2022,الاكل مش حلو جبنه كيري ملهاش اي علاقه بالاصليه سجق نوعيه سيئه نوتيلا متخففه بزياده
2023,A Great Restaurant with amazing Food and nice Service ❤✋ I love this Place ❤????
2024,أحلى حاجة فيه هى الفطيرة بالنوتيلا بس مش أكتر
2025,فطيرة النوتيلا مقرفففه ... وفطيرة مشكل لحوم حادقه .. الشيكن كريسبي بتتبلع بصعوبه مش حلوه نهائيا .. فطيرة الشيكن باربكيو حلوه
2026,اختراعات مختلفة واكل يفتح النفس
2027,واحد شهرة على حس اول شهر فتح فيه، كان ممتاز دلوقتي ع الاقل ساعة عشان طلبك ينزلك، او تاخذه take away اسوء فطير اكلته،وكذلك البيتزا، مش مخدومين صح ومش عجينة مظبوطة ابدا الحاجة اللطيفة الارز تشيكن بربيكيو فرن على الرغم من سعره اللي زاد طبعآ Overall م...
2028,جربت معظم الحاجات عنده تقريبا انا مبيعجبنيش اوي بحسه صيت ع الفاضي و مجرد يزود الجين ع الطباق و ف رمضان بيبقي وحش جدا جدا و الاكل بييجي بارد
2029,Very tasty food but the service is really bad
2030,Excellent pasta but the delivery is late
2031,The worst delivery you can ever experience
2032,مع الاسف افتكرته حلو ولكن الفطائر الشرقية المحشوة سجق كانت مالحة وكان وشها محروق وكذلك الحواوشي محروق جدا وبطاطس حمزة كانت بردة فبالتالي مش استمتعنا بطعم الاكل وفطائر الحلو وصلت باردة وبالتالي طعمها وحش جدا غير الكاسترد الزيادة اللي في فطيرة الفواكة ...
2033,Great food and great portions and extremely awesome service also very very fast delivery
2034,Worst experience ever for two days on the row ... String in the pizza in one day and a banana peal in the sugar fteer in the second ... No way ever will order it again and it was one of the worst ever for me
2035,طبعآ مش محتاج كلام عليه اسمه لوحده كفايه
2036,راااااااااااااااااااائع
2037,طلبت فطيره بالفراخ كرسبي كبيره، قنبله، نجريسكو وسط المعروف عند حمزه و اخيراً حواوشي النتيجه ٠ من ١٠ الاكل كان وحش مزيت جدا فضل زي ماهو و كنّا ٣ أشخاص مش رأي واحد بس
2038,اول ما فتح كان جميل بس للأسف الجودة عنده قلت
2039,أسوأ مطعم جربته جبت منه ميكس جريل .. الأكل محروق، مش متبّل كويس، كُله شعر???? وطعمه وحش جداً بيتأخر في الأوردر معرفش ليه الشهرة دي كلها
2040,اولآ الفطيره الشوكلاته رفيعه جدآ و مش حلوه وطلبت مشويات الطلب الي ٣٥٠ جنيه سيءءءءء للغايه سمعه عالفاضي محل اقل من العادي. في الفطير او المشويات
2041,فطيرة البيض مليانة جبنة مفيش طعم بيض فيهامفروض بيض وخضار يزيد ع نسبة الجبنة الملحوظ بكثرة من الخضار هو الزيتون . المكرونة طلبت مكرونة كرسبي جتلي نجرسكو ف دليفري . الغلط ف الطلب د شيء غريب ! السلطة عادية . كنت مستنية انبهار عن كدا
2042,اكله مش متحيق كويس و الفطاير عنده عليها جبنة عجيبة من فوق لا ليها طعم و لا لون و بقى غالي اوي عالفاضي
2043,مطعم حمزه تحفه طبعا وأكله اللي كله جبنه وعمري ما جبت حاجه وخلصتها الاكل بيشبع جداا وجمييل
2044,فرع التجمع زحمة لا تحتمل و ده بيأثر على الخدمة و جودة الاكل
2045,زحمة زحمة بغباء . فبالتالي الخدمة وحشة
2046,فرع التجمع الخدمه فيه احسن بكتير من فروع مدينه نصر والطعم هناك غير الفرعين التانين علشان الناس اللي فيه بيأدوا بكفاءة عاليه وعارفين يعمالوا الزبون ازاي ودي أهم حاجه دع غير الجوا والديكور احلي
2047,I can’t stand their food anymore.. disgusting!!!
2048,مستواه قل اوي كنت بحب القنبله
2049,محل حمزه ده عليه اختراعات وأكل جنان وصاحب المحل المهندس وائل ربنا يباركله في سلسلة حمزه ويكتر منها يارب علشان يستاهل كل خير وأحسن اكلهم اللي أكلته فطيره النوتله و الصاروخ و الرز البسمتي بالكريسبي ودخل الفرن ❤❤
2050,مش ديماً حلو جربت من عنده فطير بالسجق مره كان مظبوط و مره كان حادق جداً فطيرة النوتيلا تحفه
2051,حمزة اول مره رحته من سنة كان اكله تحفه، الحواوشى كان حلو جدا بكل أنواعه و فطيرة النوتيلا بالايس كريم عظيمة. رحت قريب جدا لقيت كل حاجة اتغيرت، طلبنا الحواوشى و مكنش حلو الاول خالص، و الفطير كان عادى جدا، و ساندويتش الكفتة كان فيه قطعة واحدة و ميشبعش ط...
2052,اول ما فتح كان واكل الجو و اكل حلو و كميات جباره بس كلعاده لما حاجه تتشهر مستواها يقل حمزة مستواه قل جامد جامد
2053,اكله حلو بس الخدمة بطيئة و المكان زحمة جدا
2054,زعلانة جدا بجد على المستوى اللي وصل ليه كان عالمي وحلو اوي ودلوقتي مستواه قل دايما الفطير محروق وناشف وجربت الموضوع ده من فرعين وبقولهم قبلها بس بردو بكتشف انو الحاجة محروقة ياريت يرحع بمستواه تاني عشان حاجته كانت جديدة ومتنوعة
2055,مهما جربت مطاعم حمزة هيفضل التوب
2056,Tried Konbela it was very delicious
2057,الاكل كان وحش جدا و معدتي تعبتني جامد فرع الخليفة الظافر الجديد????????
2058,The worst! Never again.
2059,احلى سجق، احلى فطير .. باعتمد عليه لما احب أعك عك نظيف .. :)
2060,مستوى الاكل و نظافته عاليين جدا و تنوع الوجبات رهيب عيبه الوحيد الكميات في وجبات معينة ممكن تكون اقل من المتوقع و في وجبات فيها مكونات غريبة مش ظابطة مع الطبق
2061,اصبح غالي بعض الشيء لكنه مازال مبتكر خصوصاً في المعجنات و البيتزا. الجوده فوق المتوسطه و بيعتمد اكتر علي نسبة الجبنه عن الاضافة الاساسيه بس الطعم متوازن.
2062,فطيرة الفراخ ساعات بيبقي فيها زلط ياريت تاخدو بالكم
2063,الفطير احلي حاجة بكل انواعه سيبك من المشويات مش قد كده القنبلة كفكرة حلوة بس المكونات فقيرة طعمها مش جامد الحواوشي العادي مش الاسكندراني فوق الممتاز و الخاتمة فطيرة نوتيلا ب ايس كريم سندويتش تجنن
2064,أنا جربت عنده اكتر من حاجة للاسف الاكل كله سىء جدا جدا جدا
2065,"انهارده معادنا مع ريفيو مطعم كان مثير للجدل بالنسبة ليا طول الفترة الي فاتت ..هو مطعم ""حمزة"" ..مطعم حمزة على مدار 3 سنين بسمع عنه كلام غريب ما بين انه احسن مطعم في مصر وبين انه اسوأ مطعم في مصر ..بين ان الناس الي شغاله فيه مش محترفة وبيقلوا ادبهم وبي..."
2066,"Good pizza Not bad rice fajita And excellent ""Qonbela"""
2067,انا من اوائل الناس اللي جربت مطعم حمزه من قبل ما يتشهر و كان كل حاجه عنده و جميع الاصناف تاخد ١٠/١٠ بس من بعد ماتشهر كل حاجه اتغيرت و مستواهم قل تماما بسبب ضغط الشغل.
2068,I love this place! The food is good and good quality too
2069,مطعم وسخ اطلب الساعة ٢ عشان احجز فطار الساعة ٦ و عزومة و استنى لحد ٦:٤٥ ولسة مجاش منتهى القذارة و اخر مرة عالاحراج اللي عملهولي
2070,جبت القنبلة وللاسف مش حلوة ملهاش اي طعم
2071,Worst fetir nutella ever
2072,بسمتي مع مشويات مشكلة (كفتة و طرب) الرز خفيف و توابله مش تقيلة طعمة جميل و المشويات حلوة قوي
2073,أحلى فطيرة سجق بالجبنة الكيري
2074,المكان اللي كان نفسي أروحه من ٢٠١٤ و روحته في ٢٠١٧ ???? عمري ما كنت باكل سجق بس بعد ما جربت فطيرة السجق بالجبنة الكيري أدمنتها . جربت البيتزا كريسبي يعني حسيتها عادية و عندهم كمان الحواوشي البلدي على الفحم حلو قوي من الحاجات اللي عجباني قوي عندهم كر...
2075,"good quality food @hamza, their feteer was amazing! and theyre not expensive. love their new cairo branch"
2076,الكريب و الفطير المملح تحفه والفطير العادي اللي بالبسطرمه تحفه و الجبنه اللي فيه بتنفجر في الفم والبيتزا جميله و الكريب كان احلى كريب اكلته وعجينته تحفه و فرع الحديقه الدولية نظيف و الخدمة حلوه
2077,"Ba2a zay el.zeft, aswa2 fteer kalto f7ayaty"
2078,Howa el akl kolo 7elw bs byt2a5ro
2079,الفطير اللي عنده حواار خصوصا الحلو
2080,"Ba2a zay el zeft, aw7ash fteer kalto f7ayaty, w3'aly awi w7aga araf"
2081,"I didn't like it it is very ordinary, the best thing there i think is the feteer. It is a one time visit."
2082,تقريبا احسن حاجة هناك الفطير،، جربت البيتزا مكنتش قد كده،،، الحواشي بالجبنة كان اسوأ حاجة دوقتها في حياتي،، الباستا كان طعم الدقيق فيها باين جداا و مكنتش حلوه
2083,حمزة: ارخص اسعار باكبر كميات باحلى طعم كل حاجة في المنيو حلوة اوي و رخيصة بالنسبة لاماكن تانية
2084,للاسف مطعم حمزة جودة الاكل بتبقي ساعات كويسة وساعات لا مش عارف ده علي حسب ايه
2085,طلبت فطيرة سوسيس كانت حلوة بس المكان دايما زحمة
2086,بدون اجحاف نتكلم عن المشاوي و الرز الفراخ كانت محروقة مش مشوية .. و طبعا طعم الحرق كان فالرز .. و الرز البسمتي ناشف و حالته صعبة سبت الاكل في التلاجة ، تاني يوم .. الاكل بقا حالته اصعب الرز بقا بلاستيك و الفراخ زي ماهيا الطلب كان ٢ ميكس جريل .. و ...
2087,I ordered Nigresco and it was the worst Nigresco i have ever ate
2088,جميل طبعا بس مؤخرا الجودة بدات تقل خلي بالكوا
2089,Negresco is very tasteless and chicken was not good
2090,Great experience But Slow service
2091,الزحمة موجودة دائما - بالاضافة ان الاكل تحس انه مليان دهون كتييير جدا
2092,معنديش فكرة المكان مشهور ليه .. فطايره مش اوي و فيها عك جامد .. يمكن فطيرة النوتيلا هي اللي حلوة بس ... انما لو عايز تاكل فطير كويس روح احسن ع الحصيرة او اطلب من المحلات العادية اللي بتعمل فطير شرقي
2093,من المطاعم اللي تحتار فيها جدا .. مرة روحته انا واصحابي وكان الاكل تحفة ومرة تانية كان زي الزفت .. في كل الاحوال اكبر ميزتين هما تنوع قائمة الاكل والسعر المناسب .. أسوأ حاجتين ان الخدمة والمعاملة زفت والأكل مش دايما على نفس المستوى ..
2094,من احسن المطاعم اللى كلت فيها على الاطلاق اكلهم نضيفو حجم الحاجة المقدمة بالنسبة للمدفوع مناسب جدا جدا و المكان كمطعم نضيف و لكن لما الدنيا بتزحم اوى الخدمة بتكون مش قد كده بس تعدى يعنى
2095,مستواه بقا سيئ جدا جدا جدا ، مشكلته بيستقبل ناس اكبر من طاقته
2096,"when u r craving cheese w 3aleha hagat tanya like some pasta or mix meat or whatever u think of, but the base is cheese coz they r so generous with it :)"
2097,فرع التجمع دايما زحمه و دي بيخلي الجوده بتقل
2098,حمزه فرع مدينه نصر احسن كتير حواوشي القنبله و الكريب و الفطير النوتيلا
2099,جميل جدا بصراحة الأكل تحفة
2100,اوحش بيتزا اكلتها في حياتي ال ingredients مفصوله عن العجينه و كنا بنلمها بالمعلقه حاجه مش ممكن مش هكررها تاني طبعا
2101,الأكل وحش جدا و رز مكانش مستوي كويس و بطاطس بارده و الاكل بيجي متاخر جدا
2102,الاكل مش زي زمان للاسف بس الفطيرة الطلبتها كانت حلوه
2103,يا جماعة مطعم حمزة اللي عند الحديقة الدولية ده من اسوأ المطاعم علي الاطلاق في المعاملة . اطلب اوردر يقولي 75 دقيقة و هيكون عندك بغض النظر ان 75 دقيقة دي لوحدها بتعبر عن الفشل في التعامل مع البشر لكن قلتله اوك. يفوت ساعة و نص و انا مستني ومحدش بيجي اك...
2104,اسواء خدمه توصيل في العالم شفتها في حياتي وفي النهايه رفضت استلام الاوردر عشان اخدداكتر من ساعتين ارجو عدم الطلب منه نهاءيا
2105,"The kiri cheese is absolutly horrible, it tastes nothing like the oroginal one and a very bad service"
2106,Mbywslosh lel tagmu3 el 5ames w el call center mo3mlto w7sha 3omry mahfkr aru7lo 7ata
2107,delicious. .............
2108,Mix grill to7fa but service is bad
2109,"Though hectic on weekends, they have the most delicious oriental sausage pie ever. Has helpful staff, and a very attentive owner/manager (Hamza himself)."
2110,اسوأ فطير اكلته في حياتي
2111,كلمتهم عشان أطلب أكل بيقولوا أحنا بنوصل للأحياء بس. مع أني ساكن جنبهم. خدمة توصيل صفر.
2112,طلبت اوردر الساعه 6:45 قالي هيتخد ساعه و ربع وصلي الساعه 11 بليل و كل ما اتكلم يقولى كذبه شكل الساعه 9 قالي الاوردر طلع الساعه 9:30 قالي مشكله مع الدليفرى واتغير والاوردر طلع تانى الساعه عشره هنبعته مع واحد مخصوص الساعه 11 الاوردر وصل واكيد الفطيره...
2113,Overrated; food is very salty and bland ????
2114,"This place is the most overrated ever don't let the pictures fool you, I wish I could give less than a star. First of all the service was too slow and the place wasn't comfortable at all and it lacked sanitation and hygiene as the tables were dirty a..."
2115,"worst service, too much waiting time, not clean, food taste becomes very terrible"
2116,"Restaurant zballa , staff motkhalf by3aml el cusomers so bad w elback area mesh ndefa by the way"
2117,الاكل وحش جدا و كل اعتماده علي السوشيال ميديا فقط
2118,الاكل مزيت لدرجه بشعه. النجرسكوا ريحته زفره جدا وفيه شوربه معرفش ليه ومليان رجول فراخ وطعمه بشع. مقدرناش نكمله. والفطير مش متوضب كويس. المكان زحمه ومقفول مفيش تهويه وصوت الناس عالي جدا. ريحه الحمامات طالعه علي صاله الاكل يعني ازاي عايزين الناس تاكل و...
2119,They have like the worst food ever
2120,ماينفعش تجربه مرة واحدة .. احلي اكل ممكن تاكله برة البيت.. مستوي مميز
2121,Seriously very bad customer service and bad food
2122,من أحسن الأماكن اللي أكلت فيها بصراحة جربت حاجات كتير كلهم حلوين
2123,معظم أكله حلو جدا بس أغلب الوقت بينسوا المعالق ????
2124,Rating 5! Absolutely love it. Fteer is fantastic. Very reasonable prices.
2125,عادي جدا والخدمه بطيئه جداااا وغالي
2126,بجد مكان جامد و كل حاجه عندو حلوه. بالاخص فطيره سجق كيري و فطيره النوتيلا
2127,great gedaaaaannnnnnnnn
2128,m4 fahma mbiwslo4 ll tagmo3 al 2wll leeh ?? ko5aaa mslnn ???????? nass 8riiba
2129,تقريبا هما بيعملو الديليفري من غير اهتمام .. لان هناك البيتزا كانت حاجة ولما طلبتها في البيت حاجة تانية مع انها نفس النوع .. سيئة جداً
2130,"A year late, I finally got the chance to try Hamza. LOVED his hot dog and kiri feteera. The nutella feteer was devoured in chocolate and so delicious. Delivery took an hour and the prices are affordable"
2131,"in love with their pizza, Italian 7awawshi & fteeeer ????"
2132,Average food and not comfy
2133,مش عارف الناس شايفين فيه ايه حلو طلبت فطيرة وكان طعمها عادي جدا دا لو مكنش سيء كمان بالنسبالي وطلبت ميجا طعمها حاجة كدا استغفر الله المهم اني سبت الاكل المفروض ان الحاجات دي من اشهر الحجات الي عنده الشكل والصور مغرية بس الطعم منصحش ان اي حد يجربه الص...
2134,حبيت المكان بالاكل بالمعاملة بس المشكلة ف الزحمة وعدم وفرة الاماكن واننا بنقعد كتير وايتنج لحد ما طرابيزة تفضي .. بس الاكل حلو جدا ونضيف والمعاملة كويسةة جدا
2135,مطعم زباله الاكل بارد و بيتاخر و حاجه زفت الحمدالله
2136,"Mo3amla mo2refa , w el a3da msh ndifa , no plates , food is neglected"
2137,Bad service and worst delivery staff
2138,سعره كويس لحجم الاكل كان مالح حاجه بسيطه بس عموما كويس فكره جديده و حلوة القنبله
2139,excellent resturant ( mega )
2140,فطيره السجق. . و لا اروع فطيره السكر كانت فقيره شويه
2141,very nice restaurant. very crowded restaurant. amazing negrisco ..poor quality of crispy chicken. i love the ice cream chocolate Pie
2142,حاسه بالذمب اني اديتله 2 ستارز بس تجربتي مع المكان مضحكه في فرع ناصر سيتي روحنا الساعه 1 الضهر و مكانش فيه مكان نقعد فيه رغم انه مش وفت غدا اضطرينا نقف بره وقت شويه حلوين لحد ما دخلنا و قعدنا الاكل اتاخر طلبنا بيتزا و بطاطس حمزه و القنبله و رز كرسبي...
2143,المطعم جامد جدا جدا و احسن حاجه الفطيره النوتيلا بالموز و المكسرات قشطة
2144,I ordered but the delivery guy never showed up I don't understand what kind of restaurants do this
2145,"very bad one when delivered to my house they were so late , food was so cold & food was like scrambled egg"
2146,very good place :) go on
2147,اكل رائع و معاملة راقية..شكرا ليكم
2148,احلي فطير حادق احلي فطيره نوتلا اكل محترم جدا و السعر حلو جداً ،، عيب المحل انه بيتأخر و ده خارج عنهم من كتر الضغط
2149,it's takes long long time to get the order more than 1 hour and the food don't good at all
2150,بعد ساعه ونصف الاوردر غلط مأساه !!!! نصيحه بلاش حتى تجرب اقل من المتوسط
2151,I used to order from 7amza a lot and it wad my ho to but recently their service has been shit and my order was 1 hour late and also i got a WRITTEN receipt not a printed one and the amount was incorrect and they had to come back to give me the extra ...
2152,تجربه 1 .. البيتزا 3 كوارتر الجبنه فيها كانت مسحتش ازاي مش عارف ، و الفراخ قليله جدا ، و اللحمه كتير بزياده عن اللزوم ، و الحواوشي الفراخ فيه كانت فيها ريحه زفاره ...... تجربه 2 .. القنبله كانت حكايه و بيتزا 3 كوارتر كانت جميله برده و الارز بفراخ ...
2153,Too much samna in everything !! I just ate one piece of fetir and one bite of hawawshi and couldn't complete it :/
2154,مطعم ممتاز من احسن المطاعم
2155,"We ordered Hamza Tray, it was horrible. First: the price here is LE170 but the actuall is LE 247 with delivery. Second: we all had a Stomach ach all the next day, all of us. Third : the grill is really below average."
2156,'Ve been there like 3 times .. Great food but bad service .. Liked the Italian hawawshy very much
2157,Great food .. Bad service.. Liked the italian hawawshy very much
2158,Doesn't even deserve one star review with their facebook posts stating that last orders for take out are 5:30 and after iftar opening doors at 8:30; and when we took the road from sherouk to new cairo branch to order and arrived before 5:30 they said...
2159,مطعم سيء جدا الفطير مجلد و السجق حادق و المكرونة مفيهاش ملح و لا بشاميل غير اللي في الصور اللي بيحطوها خالص
2160,الاكل حلو جداً بس تقيل شوية. الاسعار هايلة و القاعدة حلوة.
2161,مطعم حلو وعندو حاجات جديده لزيزه انصحكم بالتجربه
2162,بحبه جدا ... اكل تحفة واسعار حلوة جدا ... مشكلته بس ف الويتنج دايما بيكون كتير
2163,راااائع فعلا بس المشكله مفيش توصيل فرع التجمع والزحمه قاتله
2164,DON't GO THERE المكان بشع ! كل البروبجاندا دي علي الفاضي و مفيهوش اي حاجة تميزوا عن اي مطعم تاني . قلة زوق عمرها ما حصلت معايا في اي مطعم تاني وصلت ان الاستاذ (اللي معرفش اصلاً و ظيفته ايه ) و احنا داخلين بعد انتظار تلت ساعة قفل الباب في وشنا و قال...
2165,خدمة بطيئة و نظام عقيم...على ما الاكل كله يجهز بيكون نصه برد طعم الاكل لا يشفع للهرجلة و قلة النظام و سوء الخدمة
2166,طلبت فراخ مشوية جاتلي فراخ بايظة و ريحتها معفنه .. مطعم زبالة
2167,V. Gooood place and food
2168,على وضعه الفاجر
2169,Prons : المعاملة هناك لطيفة ، و في اهتمام بالعملاء عندما يتعلّق الأمر بالنقد/الشكاوى. Cons: takes long to get your food served .
2170,"Crepe is lovely. But, delivery service is really bad! Food came after 2 and half hours, so I did not accept the delivery!"
2171,فرع فعلا غير منظم وخدمة سيئة ... حتى الدليفري. يغور الطعم من غير احترام
2172,"This place is really overrated, the service is bad, you have to wait too long to get your food and the food is not so special and doesn't worth the wait."
2173,اكل نضيف و بيشبع بصراحه و عنده تنوع كبير في الاكل لدرجه تخليك محتار تاكل ايه ولا ايه!!
2174,The worst service I have ever seen
2175,اكل حلو جدا بس مافيش نظام ولا نظافة ولا اهتمام اتمنى انهم يتلافوا العيوب دي في التجمع الخامس
2176,وحش جدا بذات المشاوي و الفطاير وحششششششششششششش
2177,"If there was less than one star I would have chosen it, worst food everrrrrrrrr."
2178,"really suckss!!! bad service, rude staff low quality and even rotten food!!! extremely overrated ,obnoxious experience!!!"
2179,"من اكثر المطاعم ال over ratted في القاهرة، اللحوم كانت حادقة جدا(مش) و متلاقيش مكان تقعد فيه، لكن فطيرة النوتيلا كانت حلوة, والمنيو كانت متنوعة."
2180,bad quality on delivery
2181,حمزه. لما تكون عايز تاكل كتير و بفلوس قليله .حمزه انا مقدرشي اقول اكله وحش بس اكله مرضي جميع الاطراف . الفطير عنده حلو قوي
2182,احلي حاجه في حمزة هو الطرب والكباب الضاني .. كمان فطيرة النوتيلا حلوة بس فيه احسن منها في اماكن تانية .. اسوأ حاجه الفطير الحادق والبيتزا والكريب وده عن تجربة لاكتر من مرة .. مشكلة حمزة هي عدم الثبات علي المستوي يعني تطلب الحاجه وانت وحظك ممكن تطلع ح...
2183,"The Food : very good and have taste you will never forget best thing there ""oriental pizza / Italian hawawshi / duplex Italian pizza "" the service : between bad to very bad they don't have a staff and employers is a kids very busy restaurant"
2184,Very bad quality as i wont try it again
2185,"Very well but wasting Ur time though waiting Ur order ,, very good pizza and Macaroni"
2186,احسن مطعم للمشويات وللفطائر
2187,The worst taste ever !!! JUST A FAKE PROPAGANDA !!
2188,"Good taste , fresh , polite treatment but take alot of time"
2189,احنا روحنا طلبنا 2 حواوشي ايطالي واحد بالسجق و التاني سموكد تشيكن كان طعمه يجنن و طلبنا بيتزا ميديام مكس لحوم كانت وهمية بس النظافة مفييييييييييييييييييييييييييييييييييييييييييييييييييش نظافة نهائي الحلو مش يتاكل من عنده الشيكولاتات مش نوتيلا اصلا ...
2190,too crowded with huge delay in the order
2191,"awesome food, alot of cheese"
2192,ana mesh adra afham el nass el bet7eb 7amza dol 3omrohom akalo feteer helw fi 7ayathom wala pizza helwa aslan? i would rather eat shit rolled in dirt. horrible taste . too heavy. no taste at all actually. horrible service. horrible delivery came afte...
2193,"Worst taste for burgers , Worst time & quantity for serving nutella feteer , the worst dough according to fillings for Hawawshi ''calzone'', For the admirers of Hamza : الصيت وﻻ الغنى"
2194,"Awesome, awesome foood"
2195,الاوردر اخد اكتر من ٤٠ دقيقة .. بس كواليتي عالية
2196,Beyond amazing restaurant..but do not go on weekends
2197,No star 3lshan el nadafa
2198,"Ana msh 3aref adylo kam star elta3m koys bs el nadafa ma3doma fi el makan, bs el nadafa aham so no star ."
2199,Worst place ever. Not good service at all.
2200,Eldelivery say2 lel'3ya.
2201,"Very bad service, and the staff doesn't know how to serve their clients"
2202,Awhash service ana aysha gambohom gali el order feh sa3teinw. Noss
2203,Begad awhash pizza w feteer kaltohom feh hayaty
2204,El hotline beta3hom mesh hotline khalis a3adt 17 mins 3ala el khat lehad ma rado w gali el order feh 2:30 wana feh madinet nasr gambohom! El pizza tekheena w me3ageana wel gebna 3adeya awi besaraha amlah zaye el 3agina el betetgab men el super market...
2205,el akl 7elw bs el service we7sha wel akl byt2a5r gdn :(
2206,After two and a half hour waiting for the order I called to cancel. They don't care about customer satisfaction.
2207,hamza is love hamza is life
2208,Terrible!!!! Elorder wesl b3d sa3teen! We elakl kan megalled we malyan samna! Elfries megaleda we elkemeyyat 2olayela te7s enk betakol 3ayenaat! Akl yesed elnefs bgd one of the worst places EVER!!!
2209,"ana sakn fe 3mart 7amzaa we a3rafo ayam ma kan french creep we lesa zay el 2araf zaya hoaa , kol el nas eli batgelo men kol 7eta leh mesh 3aref. creep fe a7san menoo pastaa fe bardo a7sen meno be. mara7el , grilled food sucks fattyr wag3tli batniii m..."
2210,The worse delivery ever it takes 2 hours and half and I refused to receive the order
2211,the restaurant is clean the food is very very very good. the serves is good . But they take a lot of time in making food
2212,the restaurant is clean
2213,Feteer is very delicious
2214,Good food but a very bad service
2215,"one of the best places to go for pasta & rice dishes, the Pizza & Feteer are Hilarious, crepes & sandwiches are good, but the portions of the grill dishes are so small & not recommended, This place is worth going"
2216,ملوش حل ملوش حل ملوش حل جامد جداااااااااااااااااااااااااااااااااااااااااااااااااااااااااااااااااااااااااااااااااااااااااااااااااااااااااااااااااا
2217,"Now serves sohour , homemade style, more than fantastic"
2218,"not good at all , alot of the items in the menu are bad"
2219,Great place you shoud try it
2220,sjshsjsjsosospsksjsijddjdjdjddjdhd
2221,جامد جدا واكله نضيف اوى
2222,"Medium quality food, worst service."
2223,"it's one of the best, the food is very delicious"
2224,Worst service & Bad Quality.
2225,"bad food quality,very slow and bad service"
2226,Quality say2a gdnnn gdnnnn .. La ansa7 blakl mn hnak ... A5r mara isA
2227,"Good price ,, slow service ,, low food quality ,, people working are kind of retarded"
2228,sometimes it is wonderful and sometimes very bad. not stable quality
2229,بصو يا جماعة الاكل. حلو جداً جداً ما عدا الكريب سئ بمعني الكلمة ،،، الخدمة سيئة
2230,الاكل جيد وليس ممتاز والخدمة سيئة جدااا
2231,"Went there on a Thursday evening. Well, it was very crowded back then, could hardly found a place for two. First advice is don't go there in a Thursday evening :) The place was full of teenagers don't know why and they made quite a mess but it's ok! ..."
2232,Worst delevery in the world 3 hrs i dnt recommend
2233,فطيرة سجق، كريب تشكين كريسبي،كريب شيش طاووق،كريب بريمو،ساندوتش كفتة جريل،حواوشي حمزة إيطالي،بسمتي فرن كل الحجات ديه جامده
2234,kofta and fter suga are great
2235,Kofta and Mix Grill are fantasticMix grill Hayel Hayel Hayel
