,comment
0,انا طالبة الوجبة عادية مش سبايسي .. ف ازاي بعتولي الصوصات عبارة عن هالبينو و شيلي صوص !!
1,ordered and PAID for 4 pieces and only received 3???
2,الاوردر جيه ناقص كولسلو
3,order has arrived faster than expected thanks alot Omnia Ayman for great help
4,زفت والخدمة سيئة والاكل بارد ومتاخر جدا جدا جدا
5,الاكل كل مره بيجي متسخن الل هو كأنه بايت وبسخنه ولا مره جه طازه حاجه بجد مزعجه جدا
6,الأوردر أكتر من 3 ساعات وموصلش
7,وصل ناقص الصوص
8,مفيش تنوع في الفراخ، رغم اني قايله اتوصي يا شيف الله يباركلك وحط صدور كتير
9,اسوء مطعم فرايد تشيكن تسبب لى بنزلة معوية
10,جاي سبايسي وأنا طالب عادي
11,الحجم صغير جدا
12,the sandwich was good not amazing chicken was a little chewy but not bad experience 👍🏻
13,الاكل زى الزفت بارد جدا العيش بايت و مفرول الساندوتش فاضى و مش حلو خالص
14,Usually very good but delivery guy didn't call me until 2.5 hours after I made the order. This is unacceptable so I refused the delivery.
15,كالعادة الأكل زي الزفت و مفيهوش ريحة الفراخ و حاجة ماشاء الله آخر قرف
16,ممتاز كله
17,temperature..food was cold and they sent normal v cola not diet
18,الاكل بارد
19,كل مرة بطلب منهم الاكل بيوصل بعد ساعتين وساعات بيتلغي
20,اسوء اوردر و اسوء فراخ بيته و ناشفه و مش في لا طعم ولا ريحه ولا اي حاجه و فلوس اترمت علي الارض و بجد اول و اخر مره و انا قولت لكل صحابي و هنعمل حملات عليهم عشان محدش يرمي فلوس في الارض تاني و بجد سئ جدااااااا
21,بطلب الطعم عادى مش حار ويجيلى وحار ومش اول مره تحصل والاوردر بيجى ولا معاه كاتشب ولا حتى منديل حاجه بقت سيئه جدا
22,مبدأيا انا مفيش مرا اكلت من هنا غير لو بطني وجعتني جدا و اتبهدلت!! ثانيا انا طالبة wings بال buffalo sauce جالي شوية وينجز على شويه دبابيس محروقة!!! الsauce قليل جدااااا. الفراخ الكواليتي بتاعتها سيئة . حقيقي متضيعوش فلوسكم ولا صحتكم على مطعم معندوش ...
23,انا طلبت كولو سولو جاني في الطب بداله بطاطس
24,in boss bogo offer they didnt send rizo only 1 sandwich
25,الرانش عينه
26,the order was very cold and not fresh although it took too long
27,Missing stuff
28,"I received the wrong order, and one of the sandwiches was missing dressing and vegetables."
29,الطلب جاي ناقص عصير و في سفن 😏😏
30,وقت التوصيل كويس جدا واسلوب الطيار
31,horrible
32,food is cold ...asked for diet v cola ..they send normal
33,الطلب ناقص v cola
34,جميل جدا
35,السندوتشات المرادى وحشه جدااا 👎👎👎👎 وكل مره الاوردر بيتأخر والاكل بييجى بااااااارد👎
36,الاكل وحش وناشف والفراخ لونها اسود
37,I got my order after 2 hours and 30 mins!! and I got so cold food of course
38,The driver was really good but the restaurant took alot of time to get me my order and the food turned out cold
39,الساندوتش ليس به دجاج يوجد فقط الطبقه الخارجيه
40,كل حاجة تمام بس كنت طالب تومية و مجاتش
41,انا رفضت استلام الاوردر، الاكل اتأخر جدا و وصل ناقص وجبتين من اصل ٣ وجبات، دى هتكون اخر مره استخدم المينيوز
42,الاكل بارد جدا جدا جدا والدليفرى جاى متاخر جدا جدا جدا
43,good taste and good quality
44,الفراخ محروقة و البطاطس قليلة و الاوردر اتأخر
45,سئ و بارد و طعم وحش جدا
46,orderd the chicken piecea spicy and it was original and no bbq sauce on the arizo
47,فراخ ريحتها وحشه
48,الأوردر اتأخر جداً من المطعم مكنش فيه معاه معلقة للكول سلو ولا كاتشب
49,chicken was not full cooked and felt like not clean
50,الفراخ مفهاش طعم اي تتبيله نهاااائي
51,The restaurant took very long time and the app chose a busy driver
52,اكل سيئ يعني بعد مطلبت اكل و كان غالي استنيت وقت كبير في الاخر ييجي بارد ولا طعم ولا جودة ولا اي حاجة في اي حاجة لو معاك فلوس عايز تضيعها دا انسب مكان ليك
53,بعد ساعتين كاملين مستلمتش الاورد ناس بدون مصداقية و
54,تاخير ساعه كاملة عن المعاد المذكور والمتوقع
55,الاكل كان بارد ومجلد للأسف
56,أسواء مكان روحته حرفيا فرع سيتي ستارز أسواء ناس شغاله هناك مدير حرفيا مش محترم معامله زي الزفت الرسيت بيترمي في وشك وانت واقف المدير بيزعق للجست ودي حاجه عمري ما شوفتها في مكان محترم وفي بنت من الاسطف هناك أسلوبها زي الزفت حرفيا ناس قليلة الزوق بجد ا...
57,it didn't arrive!!
58,i did't recieve a coleslow
59,"The sandwich was spicy while I ordered it original, the soda is different from what I ordered and I don’t drink it."
60,Disgusting
61,Bad experience
62,الساندوتش بارد جدا ملوش طعم والطماطم اللي فيه طعمها بايظ! وصل بعد المعاد المتوقع على الأبلكيشن بنص ساعة تقريبا!
63,الكلو سلو. كان مجمد و سئ جدا الاكل حلو بس بارد
64,جربت الناشڤيل مسحب وكانت من أسوأ تجاربي عند كنساس واخر مرة عندهم، الفراخ مش مستوية كويس، التتبيلة نفسها مش مقلية كويس ومن جوا كأنها نية كأني باكل فراخ بتتبيلتها نية، أسوأ من الفراخ اللي كنت باكلها في الجيش والله
65,chicken pieces are very small
66,Very bad
67,"delivery got very late , worst customer service ever 👎"
68,The order was not fresh & cold…
69,Gamdd
70,I think it was burnt
71,food was so cold
72,I ordered spicy and I received original and i really hate food thats not spicy
73,Very oily
74,معاملة زباله و مستلمتش الاوردر
75,The driver was so late
76,الاوردر زي الزفت
77,البطاطس ناشفه والاكل كان بارد وحتي الساندوتش طعمه مكانش احسن حاجه
78,سئ و الفراخ محروقة من برا وفيها دم من جوا وحاجة تقرف
79,they sent 2 pieces thigh and 1 drumstick and no breast pieces the food was of low quality
80,الاكل بارد.. و بايت مش طازة.. و الساندويتشات مش مكتوب عليها النوع.. و الساندويتش ملفوف فى الورق بالعكس لما تفتحه تلاقيه مقلوب و بارد و الفراخ مش طازة .. البطاطس قليلة و مش طازة.. الريزو مش طازة خالص
81,No
82,الاكل زي الزفت استغفر الله العظيم والله خساره الواحد يشتري منكم اي حاجه اقفلو المطعم الزباله دا
83,الفراخ كلها سوداء الجلد من الخارج و من الداخل العضم اسود ايضاً ولم يعجبني اللون و الطعم كان غير طازجه
84,Y
85,"Very very bad taste. Cold, dry sandwich. Dry fries"
86,الساندوتش جاى غلط انا طالب بافلو رانش جاى رانش
87,الاوردر تكلفته الاجمالى ١٦٠ المطعم دفعنى ١٩٥
88,Not as expected
89,The sauce was half empty Fries was cold and less than average portions
90,الطبقة الخارجية سميكة جدا وقطعة الفراخ صغيرة
91,Chicken was not fresh and smells bad Very salty الدجاج غير طازج و ريحته سيئه جدا الملح كثير جداااا
92,good
93,الاكل وحش جدً انا طالبة سندوتش بافلو ومجاش بافلو والفراخ ملهاش طعم والبطاطس قليلة جداً والرز طعمه بيروسول والكلو سلو طعمها غريب انا رميت الاكل
94,الأوردر جه متأخر ساعة و شوية السندوتش كان متفعص الكلوسلو كان فيها حتت جزر بايظة بجد تجربة مش هكررها تانى
95,The order is not spicy and it is already late for 1 hour
96,Cold
97,وصل بارد
98,Unfresh food
99,تمام
100,الاكل مالح جدا و بارد و زفت الزفت
101,طلبته عادي وجالي حار
102,الاكل وصل متاخر و كان بارد جدا و مش حلو
103,محتاج حد يتواصل معايا
104,Food was cold
105,انا طالبه عادي جالي واحدة من المسحي حراقة و جدا و انا عندي حساسية من الاسبايسي فا انا مش طالبو عادي من فراغ يعني ،انا كدة في قطعة رمتها بسسبكك
106,Tastless Food tastes stale
107,البطاطس كانت عباره عن زيت
108,طعم السلطه كان سئ والساندوتش فيه رائحه مخلل
109,كمية الرز قليلة جدا جدا
110,سيء جدا
111,الكول سلو طعمة سيء ولونة غامق وواضح انة منتخزن مش طازة
112,حرفيا الفراخ نيه وحاجه تقرف
113,order didint deliver and had to have money back through wallet not as the same payment method
114,الساندوتش كان بارد ومش طازا
115,الساندوتش عباره عن خس ومايونيز مفيش اي اضافات
116,مطعم وسخ ومش هتعامل معاهم تاني الاكل مزيت وكذا مره اشتكي ومحدش يهتم
117,it was really bad experience... the chicken wasn't cooked well and had blood
118,الفراخ كانت قديمة مش حلوه و الكولوسلو وحش طعمه كان بايظ و الاكل كان بارد
119,مليان زيت بشكل غير طبيعي وحش جدا و بيوجع البطن العلبه اللي فيها الاكل كانت بتنقط زيت very poor quality.
120,كول سلو جيه بايظه سواء الي في بوكس او علي سندوتش
121,"good sandwich but very bad coleslaw, small fries aswell 🤷‍♂️😞"
122,"The order was totally egp 458 and I paid egp 600. I told the driver to take 465, but he gave me the change of egp 125 instead of egp 135."
123,من اسوأ محلات التيك واى طلبت اوردر ٢ ساندوتش فراخ مع بطاطس وكانز وب سفن أب الساندوتش بارد والفراخ باردة والبطاطس بارد و حجم الكيس صغير جدا مايأكلش بيبى وبدل السفن احضر كولا وطلبت مايكونش سبايسى احضره سبايسى كل الاوردر غلط اول وآخر مرة المكان ده ف...
124,فوق الممتاز
125,اوردر زي الزفت يقرف استغفر الله العظيم مطعم معندوش سبات على التست اطلب مره حلو اوي ومره مزيت ويوجع البطن حاجة اخر قرف بصراحه
126,cold and the chicken isn't juicy and bad seasoning
127,الفراخ كلها محروقه و ناشفه
128,طلبت ريزو باربيكيو جالي ريزو حار وطعمه وريحته اسوء حاجة مقدرتش اكله وتفيت اللي كلته
129,The coleslaw was missing from the order.
130,"The food sucks, I got food poisoning"
131,الاكل استغفر الله العظيم بجد حسبي الله ونعم الوكيل في دا مطعم ازي الاكل بااارد كداا
132,مش فاهم ازي مطعمكم يقدم الاكل كدا و بااارد جدااا و المشكله ان مش اول مرا اتعامل معاها مش فاهم دااا اي بجد سيئ جدا جدا 👎
133,.
134,وجع بطن رهيب
135,بارد والاكل بايت
136,Cold Fries portion too small
137,Wrong drinks arrived for every item
138,الكميه قليله غير الصوره
139,"meal was cold, fries was a diaster and missing the coleslaw from the meal"
140,الطيار ليا معاه 70جنية قلي رايح اصرف واخدهم ومرجعش حاجة وبرن عليه مش بيرد بتمنى تردو علي بسرعه
141,الاكل سئ جدا والفراخ نيه وفيها دم والاكل بارد استغفرالله اول واخر مره اتعامل معاه
142,"Not recommended! The chicken club sandwich was dry small and not tasty, and it came missing the turkey. The fries advertised was Large yet I received a very small size fries."
143,البطاطس عايزة تكتر شوية
144,اول و اخر اوردر.. الساندوتش يقرف..و ريحته تقرف...و بارد و العيش متفتفت.. و المندوب سنه عشان يقهم العنوان (كالعاده) و عمال يعيد و يزيد ف كل حرف و حتى لما وصل العمارة و اتصل برده مكنش في نفس الدور و عمال بس يرغي وكل شوية اعيد في العنوان و العمارة و ا...
145,"The driver took forever to deliver the order, and kept on taking wrong exits"
146,كنت طلباة من هنا اونلاين و جة وحش جدا كان السندويتش الدابل مسحب و ريزو و الاتنين كانوا وحشين جدا
147,food was a little cold
148,The order of dinner meal combo was very small and and no bb or kachap I will never order from you again iam very disappointed
149,جه بارد
150,I need support
151,بعد التواصل مع الدعم وحل مشكلة الدفع وقالوا تم ابلاغ المندوب جه المندوب مش متبلغ بالدفع ازاي يعني !! في عدم مصداقيه ودا يتفسر بايه
152,شايفة ان التتبيلة حلوة مش مجرد دقيق و عجين بيقرقش زي غيره و جه سريع و سخن و العيش طازة
153,الفراخ كانت بايظة حاجة مقرفة جداً مطعم في منتهى السوء
154,التقييم بالسالب كمان فراخ بارده وصغيره طلبت الباكت ٦ قطع مياكلش طفل صغير وطعمها سىء وبجد بقيتوا وحشين اوووي اوووي
155,الاكل وصل بارد جدا
156,الاوردر جي ناقص مفيش كول سلو و لا تومية
157,الفراخ زفرة
158,the food was so cold
159,ناشفيل مكنش حلو خالص و ملوش طعم و كل حاجة جت باردة.
160,Thanks for your efforts
161,First I should receive the order at 6:11 and until 6:30 the app was saying the order is still being prepared and I contacted the captain and he said he went to the restaurant to pick up the order and they said yes it’s still being prepared and it was...
162,٢:٣٠ و موصلش اصلا
163,everything is perfect
164,الفراخ زفرة يا فندم والكمية اقل بكتير جدا من المتوقع بالسعر ده
165,No coleslaw came
166,الببسي جه غلط زي كل مره
167,missing item...
168,الاوردر جه ف ساعتين والكميات قليلة وبارد طبعا اكنه جاي من تلاجة وعاوز يتسخن
169,الاكل وصل بارد جدا والطعم ماسخ
170,i didn’t get the full order (missing coleslaws and fries came small not large)
171,سعر وجوده ممتازه
172,"i ordered one of the offers. The offer is you pick a sandwich and get a free medium combo, i didn't get the freis, and the branch manager wasn't helpful!! and of course, i got it late!"
173,"The wings were dry and needed more buffalo sauce. The fries were cold, and although the mesahb sandwich was good, it was also cold"
174,The food is flipped :)
175,وحش جدا و العيش ناشف
176,البطاطس كانت سودا هيا و الاجنحه و كانت الاجنحه مزيتا اووى
177,everything is more than perfect good job 👏👏👏
178,الاكل وصل بارد
179,الاكل وصل بارد و متأخر ساعه
180,زي الزفت بصراحه حاجة اخر قرف مش هتعامل معاكم تاني الاكل مزيت وجوده معدومه مره الاكل يكون كويس و10 وحش جدآ
181,Temperature
182,ليه استنى ساعتين عشان استلم اكل..؟ !
183,الاوردر غلط و جيه ناقص
184,الأوردر جه ناقص
185,"Tasteless food, poor quality and not fresh"
186,بضان اوي
187,The food is burnt
188,المطعم جيد بس خدمه التوصيل من منيوز سيئه ومتابعه الشكاوى اسوء
189,اسواء مره اطلب فيها منكم الاكل كلو زيت وشكلو وحش وملهوش طعم بصراحه كنت عاوز اروح المطعم ارميه في وشهم لانو ميرضيش ربنا يبعتو الاكل بالمنظر ده وانا بطلب منهم على طول اول مره يحصل معايا كده
190,"very late delivery, food was cold and i got the wrong drink absolutely terrible experience"
191,Worst service ever and unprofessional application
192,driver insisted I go outside to the street to receive my order. he refused to come to my door several times
193,El order akhd sa3ten
194,كنت طالب عرض ٦ قطع وطالب سبايسي كله جاى عادى ما عدا قطعه سبايسي خفيف وكلهم فخاد ودبابيس مفيش ولا قطعه صدر أكن اللى بيطلع للابلكيشن باقي الاكل عندهم مزيت وغامق وبارد جدا جدا بطريقه تقرف حقيقي و الفراخ مفهاش ريحة التتبيله مطعم سئ جدا واخر تجربه ليه بسب...
195,المسحب الفراخ بايتة ومليانة زيت. الطلب كان كومبو مع ٢ v cola دايت.. اللي اتبعت كان v cola berry
196,delicious food
197,The delivery was extremely late. The food was cold and not freshly prepared while it took hours to be prepared. I ordered corn ribs and i received onion rings. Extremely terrible treatment.
198,no breast in order all pieces is kela or drumbstick and i put a spicy and all pieces come original and cold really i really sad for this order
199,The order took so long to be prepared
200,هناك اختلاف كبير في حجم الساندويتش و نقص بعض مكونات بعض الساندويتشات
201,very very bad
202,الاكل بايظ ساندوتش صوص بايظ و سلطه بايظه غير ان السندوتش كميه قليله جدا
203,خره وطعمو زفت
204,الطعم سي للغاية اريزو غير متبل و قطع الدجاجة ملهاش طعم بالنسبة للراب العيش مش مستوي مفيش صوص و قطع الدجاج سيء جدا تجربة محبطة للغاية أعتقد اني مش حطلب منه تاني للأسف المطعم لم يستطيع الحفاظ على المستوى
205,"Chicken was a little wet and warm , seems not fresh or crispy"
206,الاوردر جه ناقص و المحل بيقولي انا مسلمه صح و السواق بيقولى انا مستلمه صح، فلوسي ضاعت، بس انا اللي غلطانة اني شوفت ريفيوز عنه زى الزفت و مع ذلك اشتريت منهم
207,Ur shit
208,tmm
209,so so little fries
210,ليه حاطين اوبشن الدرينك الي المفروض مع الوجبه v7 بس و اجباري ليه شالوا العصير الي هو بيبقي المفروض من ضمن سعر الوجبه؟؟؟؟!!!!!
211,The sandwiches this time came really small and not what we are used to!!!
212,Cold food
213,الأوردر جاي بارد جدا والأرز مزيت وكمان الأوردر جاي ناقص ٣ علب كول سلو ... حاجة بجد تقرف .. وتكلم خدمة العملاء .. يقولك نعتذر وهنبعت أوردر تاني ... عدي اكتر من ساعتين ولا اي رد ... يعني اكل زبالة وخدمة عملاء أزبل.
214,اكل سئ
215,Burned chicken
216,الاكل بارد جدا كل الاكل بارد اوي و كميه الجبنة و الكولسلو صغيره حدا
217,أسوء فراخ في مصر
218,الاكل بايظ و بارد 😡😡
219,they brought a different sauce
220,الأكل مش أحسن حاجة
221,كان الاكل مزيت شوية
222,The food was literally burnt
223,Mesahab sandwich was dry 10 potato chips
224,مستلمتش الاوردر
225,"Food was cold, rizo didn’t taste good khales"
226,Good but the sauce arrived was wrong and i didn’t enjoy it as expected because they gave me one depending on their taste
227,الاوردر كله غلط! كل مره اطلب يطلع اسوأ من اللي قبله والاكل بقى وحش جداً
228,Not good enough
229,سئ سئ جدااااااااااا كله زيت ومش طازه ويجيب مغص
230,food was cold cheese was stiff
231,لازم اختار v7 بفلوس شالوا العصير؟؟؟ ليه ادفع زياده علي تمن الوجبه علي حاجه مش عايزها
232,سئ جدا
233,زي الزفت و الاكل بارد و الاحجام صغيره جدا
234,كسم القرف
235,كسم النصب
236,Good!
237,الاكل وحش جداااا ومش مقرمش ومجلد
238,There was no sauce
239,"the order was late, cold, the bread is stale not fresh"
240,انا كنت طالب اوردار امبارح و موصلش و محدش كلمني ولا اي حاجه مطعم مش كويس خالص
241,The order was very spicy
242,الاوردر موصلش
243,Good
244,The order didn’t arrive and it was already paid!!!
245,The taste of bbq is bad and the fries was very very small
246,buffalo offer is very bad and doesn't have buffalo sauce
247,"Nothing was big about this drip, and there was no pickles in the sandwich and the brought me jalapeño instead of the pickles, and the fries it was dead fries yet very very small quantity"
248,delivery too late
249,5ara
250,الاكل مش سبايسى زى ما طلبت والبطاطس بايتة والاكل بارد كله
251,خدمة زباله الطيار عايزني انزل استلم الطلب طيب هو انا دافع رسوم توصيل ليه
252,The chicken quality was sooooooooo bad
253,السندوتش كان في حاجة غلط مكنش حلو خالص ووجعلي بطني
254,طلبت حار جيه كله اوريجنال الاكل بارد نوعا ما والجوده للفراخ ماكنتش قد كده
255,الاكل كان قليل جدا السندوتش المفروض لارج و جاى اصغر من البيج ماك الرغيف كبير بس الساندوتش فاضي الفراخ قليله جدا مش هطلب منهم تاني
256,الاكل كان سئ جدا الفراخ بارده البطاطس مش طازه الكول سلو طعمه استغفر الله وحش كدا الحاجه الوحيده اللي كانت الى حد ما كويسه هو الرز
257,"There were no spoons at all, Bad experience and disrespect."
258,الاوردر ناقص البطاطس
259,other than the tiny portions at least provide tissues and ketchup
260,wrongg orderrrr
261,Bad food and bad experience and not fresh too and not spicy at all
262,الفراخ قديمة والصوص كنت مختاراه بربيكيو مش بفالو مثلا عشان ميبقاش حراق بس جه حراق
263,الرز كان محروق و جه عصير غلط كل شويه يبعتوا تفاح
264,متأخر اكتر من ساعتين طالبة اوردر وفي الاخر الأكل عجين انا كل الاكل جالي عجين الساندوتش مش متحمر وعجين والمكرونة عبارة عن عجين مفيش طعم جبنة اصلا بجد اخر اوردر ليا من المطعم ده
265,I got hospitalised after i ate it
266,Worst food I have ever eaten🤮🤮🤮
267,الاوردر جاي ناقص حاجات وكله وراك مع اني كاتب ف الملاحظات انه ياريت يبقي كله صدور حتي لو هدفع الفرق طيب مش هتعرف تعمله كده خلاص خليه نص ونص لا باعته كله وراك برضو حاجه منتهي عدم الاحترام لطلب العميل وخدمة العملاء بتقولي هنعوضك ف الاوردر الجاي أنا مش ...
268,very very very late delivery
269,تحفة
270,"I wrote a note that i don't want thighs and only chicken breasts, and the order came with only thighs and i couldn't eat it"
271,"tasteless no sauces , even the Coleslaw in the sandwich was dry the tast over all is so bad"
272,الرز كان ني و الخضار في الساندوتش كان حمضان
273,الاوردار جاه بعد ساعتين و نص و جاي بارد و تعامل وحش جدا
274,The order took two hours to arrive while the restaurant is 15 minutes away from me and the food was cold
275,the food was tasteless
276,"The food was cold, rizo without sauce, and sandwiches too"
277,food was reheated and very stale and
278,الاوردر مجاش اصلا
279,Wrong order for the third time and cold food
280,معاملة سيئة جدا والاوردارت بتوصل ناقصه دائما
281,وحش
282,الاكل سئ جدا وجاي بارد كانه جاي من تلاجه
283,بطني وجعتني للأسف...و خدت مطهر معوي
284,Portions
285,الريزو كان وحش اوي صوص قليل و فراخ مجلدة و ناشفة و الرز مش احسن حاجة
286,الرز مكنش مستوي
287,"the mac and cheese tasted like they were refrigerated for a while, not fresh at all and smelled kinda weird when it cooled down. the toppings were more fresh and tasted better. the coleslaw wasnt sweet or saucy enough, very basic."
288,order not received
289,الاكل جاي بادر و متاخر كمان و انا طلبت مرتين يجي ساخن و برضو نفس المشكلة للاسف مش هطلب تاني 😠
290,الريزو كان سيء
291,الاوردر وصل ناقص ريزو و كلسلو كلمتهم ٣ مرات على مدار ٣ ساعات مستنيه باقى الاوردر يوصل !!!!!!!! منتهى الاستهتار و الفوضى
292,Order was missing a piece after waiting for more than 2 hours.
293,They send me 4 small chicken strips instead 3 chicken pieces in drip box bad experience
294,Food was of bad quality Not my order I called the manager after I took his number from the driver He was very rude and he didn’t want to deliver the right order
295,"worst experience ever, package came opened, rise all over the bag, fries already eaten, too cold, no spoon or fork for the rice, order was delivered 45 min late... i dont recommend it at all"
296,Was not very good
297,I ordered the box to be nashuvile but i got a ragural strips
298,فى كولا ناقصه مجتش
299,الفراخ مكنتش اسبايسي اصلا ولا كان فيها تتبيلة كويسة يعتبر منعدمة !! حقيقي كانت تجربة مش الطف حاجة خصوصا إن دي اول مرا اجرب من عندكم.
300,I asked for breast and I got kella so I didn’t eat it!?
301,البطاطس حلوه و عرض ٢ سندوتش طان جميل thanks
302,restaurant called me and asked for extra 30 EGP delivery fees I refused so the order was 50 mins late and missed salad which has almost the same value then they didn't close the order to avoid my escalation
303,"aggressive manager, poor management and outdated menus . horrible food"
304,After 1:30 hours of accepting and preparing the order. The restaurant called me to tell me i am outside of their delivery zone
305,very late
306,حجم الساندويتش صغير جدا لكن الطعم جيد
307,"The sandwich was not even warm. It was literally cold, and the order took too long until it arrived."
308,"I didn't get the extras I have ordered , so they took extra money for nothing in return."
309,الفراخ جايه نيه وفيها دم من جوه
310,انا كتبت مش عايزه خش و عايزه thousand ilsand جايبن توميه ليه
311,No ketchup with the order?!?
312,Wrong drink
313,الطعم
314,ابلكيشن حقير وخدمة سيئة جدا التوصيل دايما عن طريق الابلكيشن متاخر اكتر من ساعة رفضت استلم الطلب
315,الاكل كان كويس بس متاخر جدا والاكل غير اللي بلغت بيه خالص في التعليقات
316,قطعه الفراخ عباره عن بيردينج بس و ربع الساندوتش بس و الرز مش مستوي
317,الاكل وصل شبه متعجن و مهروس في بعضه بصورة لا تليق الصراحة
318,طلبت Original بعثت لي سبايسي كل مرة كده أنا ما بعرفش أكل سبايسي يعني الحمار اللي حط الأكل مش عارف يقرأ ال Tic
319,الاكل وصل بارد و معجون حرفيا
320,السرعه بس
321,Oil oil oil
322,خس دبلان و قديم
323,من اسوء المطاعم واول واخر تجربة منصحش بحد بيه اولا الاورد ناقص والدعم مبيردش ثانيا تم تنافى الملاحظات ثالثا الاوردر جيه الساندوتش سئ والعيش بايت
324,وصلى اوردر غلط
325,الاكل وصل بارد وطعمه سيئ لابعد الحدود بجد تجربه اولى واخيره ان شاء الله ك
326,دي أسوأ تجربة أنا مريت بيها في حياتي وان شاء الله مش هتتكرر تاني
327,Overpriced the sandwich wasnt even that big but acceptable
328,El order magash asasan w khedma mo'refa
329,الاكل وحش جداااا
330,Missed items late delivery this is ridiculous and unacceptable
331,بتاع الدليڤري سيئ
332,ORDER DID NOT SHOW UP!!!!!!!!!!!!
333,الاكل طعمه وحش جدا السندويش جوه صوص محمض الرز مزيت جدا جدا و سلطه كلوسلو ناشفه
334,The chicken was veru bad like it was cooked many times
335,The worst food I have ever tasted. My cup was just breading with sauce; no chicken. The nashville chicken was just normal tasted chicken.
336,الساندويتش من غير برجر
337,1- very late delivery 2- ordered spicy but got original 3- food wasn’t hot and drink wasn’t cold
338,حجم الفراخ صغير
339,Tasted good but took 2 hours to arrive
340,كان عرض ساندوتش والتاني هدية، جاني سندوتش واحد
341,جايبن ال كلو سلو بايظ و حمضان و مخلي كل ريحة الاكل وحشة
342,Terrible. Vs everytime this is the worst. The food is cold. The lettuce is saggy
343,Burger’s size was handful literally and the food was cold
344,بصراحه اول مره يكون كواليتي مع سعر حلو ياريت تستمرو ع كده
345,1. no breasts (selected 2) instead it was replaced by thighs 2. juices were missed
346,"the Sandwich is not what i ordered also i had ordered blueberry drink , and i got a regular Vcola"
347,الرز كان مزيت اوي
348,لم يتم توصيل البطاطس مع الوجبة
349,كميه قليله جداً سيي
350,الاكل سئ جدا جدا دا كان موجود عندهم مش طازة ياريت إدارة المنيو تبلغهم دا تم تسخينة وإرساله مع ادليفرى وحش وحش ما انصحش بيه ابدا
351,الاوردر وصل بس غير الي انا طالبه جالي ساندوتشات مش قطع واستريبس
352,Taste of food to bad chicken cup taste very bad also sauce not enough for chicken
353,They didn’t get my drink when I ordered combo.
354,يعني انا طالبه جمبري وقولت اني مش عايزه عليه صوص جايبلي فراخ ومحطوط عليه صوص ليه يعني بتأكلني علي مزاجك!!!
355,اولا الاوردر اتاخر وناقص ٢ عصير ولامعلقه ولا اي حاجه ايه ده بجد
356,Too cold
357,الطلب ناقص علبة عصير
358,amazing specially if you ordered it spicy
359,Was very bad
360,الرز اللي كان مع الاكل محروق و طعم يقرف اصلا محدش قدر يكمل الطبق بتاعه
361,طعم يقرف
362,الاكل مش بيجي سخن والساندوتش مش لارج زي ما مكتوب في العرض
363,الأكل طعمه وحش وبارد لكن الدليڤري ممتاز
364,طعم زي الزفت و الاكل وصل بارد و نعجن
365,طلبت الناشفل تشكن و حرفياً فراخ عادية جداً حتى لونها مش احمر و انا جربت الناشفل تشكن كذا مره و بفهم فيها لاكن دي مش ناشفل تشكن ابداً (افضل حاجة عندهم my cup)
366,البطاطس كانت قليله جدا و طلبت عصير مانجا جه تفاح
367,كل السندوتشات سبايسي و أنا طالباها عاديه 😡
368,الاكل جه بارد جدا و سيء جدا اخر مره اشتري من المكان ده و مش اول مره يتأخر و ييجي الاكل بترد و ميتكلش
369,This time the order was extremely bad.. I ordered only chicken thighs and all what came are breast pieces and the coating is very hard and dark and the coleslaw was not good at all. I’m really so depressed from how different Kansas now is.
370,cold
371,الصوص اللي طلبته ما جاش و اخد تمنه و الساندوتش بارد و من غير نقطة صوص بافلو والأكل كله بارد .. اخر تعامل 👎🏻
372,الاكل وحش اوي بارد ومزيت والفراخ كانت متحمره لحد ما انحرقت
373,الاوردر كان كله وراك مفهوش اي صدور زي ما مكتوب فى الأوفر و الكول سلو كانت ناشفه و مش فريش
374,سايبة ملحوظة اني عايزة الاوردر صدور و جيه دبابيس و مفي كاتشب و البطاطس ناشفة حاجة خرة
375,"Very late delivery it took 2 hours, over priced and wrong item"
376,الفراخ كانت برده و مقدده و الصوصات كانت قليله جدا تقريبا مش موجوده ف السنداوتش
377,The thousands island cup did not came with the order
378,قطعه الفراخ في السندوتش صغيره جدا و ليست طازجه و السندوتشات مفتوحه و كان أحد اكل منها ..أسوأ تجربه والطيار وصل بعد اكتر من نص ساعه من استلام الاوردر...بامانه لا يؤكل
379,I didn’t get vcola!! I got 2 juices
380,الاكل بارد جدا
381,very small sandwich
382,الفراخ في الريزو كانت مجلدة زي ما تكون قديمة وطعمها غريب
383,good food
384,The food came more than an hour late
385,missing item
386,ناقص رغيف كيزر وعصير
387,The delivery guy gave me attitude out of nothing.
388,from buns to ingredients to chicken all were very cold as if it was in the fridge not even medium heat... chicken pieces are small more like medium sandwich not large... also saw some purple in the chicken...
389,الاوردر سيء جدا جدا والفراخ مزيته وشكلها مقليه مرتين وريحتها وحشه والساندوتش الفراخ جواه ناشفه وبايته ووالله رميت الاوردر كلو ف الزباله واخر مره هطلب من المكان دا
390,الاكل كله كان جميل بس لقيت شعرايه ف الرز انا كل مره بطلب بيكون عادي الموضوع ضايقني جدا اتمني المره القادمه نراعي النظافه اكتر 😊
391,very good
392,الاوردر ناقص وجبه الاطفال
393,طلبته عادي لقيته حار وطعمه وحش والكولسلو جوا الساندوتش قليل
394,I ordered a plan sandwich but it was not
395,Bread package not good
396,اكل متاخر وجيه بارد وبدمه .. الدم كان باين في المسحب والاوردر جي غلط اوردر سئ جدا
397,الأكل كان بارد جدا + وصل بعد ساعتين
398,حلو بس كان محروق شويه واتأخر
399,وحش جداً والمسحب محروق و لونه محروق بجد وحش اوي مش هطلبه تاني عمري
400,الاكل كان وحش جدا
401,كان اوردر سي
402,Order not complete
403,الطلب ناقص وجبة بحالها واتنين كول سلو
404,الاكل جه كان ريحته صعبه جدا اكن عليه مبيد حشري او حاجه شبه كده
405,جي بارد الباكدجينج يئ للغاية كمية قليلة الصورة لا تناسب الكمية انصح الا تجربوه
406,"Great chicken, but I prefer the Musahab King Sandwich over the fried chicken."
407,سئ جدا جدا والعيش قطع كانهم مجمعين ع التوبيك والساندوتش ناقص كل حاجه ناقص جبنه ناقص طماطم والتوبيك ناشف وبايت والطعم سئ لم اكله اريد استرداد المبلغ كامل وسيتم نشر ماصدر من المطعم ومن طلبات على جميع مواقع التواصل الخاصه بي
408,Time
409,الفراخ كلها زيت والبريدنج ملوش طعم
410,ساندوتش واحد بس الي فيه بيف بيكن
411,ليس له علاقه بالمسحب للاسف 👎🏻
412,The zahraa el maadi branch has much better tastexthan Nasr road branch
413,Fries and double up were too greasy
414,الاوردر غلط
415,the salad was very bad
416,الاكل كان بارد وانا كنت طلبت القطع تكون سبايسي جاتلي نورمال والأوردر اتاخر
417,"the order took more than the promised delivery time to even be ready to be out for delivery, it's the restaurant's fault, not the driver's."
418,Bad
419,قطعة الفراخ في السنواش اصغر من حجم العيش بكتير
420,Missing items too
421,اولا خد وقت كبير جدا عقبال ما جه ثانيا الاكل طعمه كان غريب الكولسلو طعمه كان بايظ و الرز كان بايت و بايظ و سخنوه و جايلي سخن جدا الساندوتش نفسه كان فيه طعم حاجه بايظه الاكل اترمي متاكلش تجربه لا اتمناها ل الد اعدائي
422,للاسف الاكل كله زيت والفراخ ملهاش طعم كنت بجيب منكم على طول وكانت بتبقي كويسة اخر مرة من كنساس
423,"I requested a specific item, but I got a different one"
424,I ordered buffalo and ranch i got only buffalo
425,والاكل بارد اوي مش اول مره اطلب والاكل يجي كدا
426,بشترى على طول وكان بيبقى كويس بس المره ديه حجم الفراخ صغيره جدا والورك كان شكله بايت
427,الاوردر اتأخر ساعتين بس الاكل حلو قوي تسلم ايدكوا
428,very small portions
429,الاوردر وصل متأخر ساعه ونص
430,محروق
431,disgusting taste got plain sandwich instead of buffalo chicken with awful taste
432,الاكل مسمم والعصير منتهي الصلاحيه
433,الأكل كان بارد وملوش طعم
434,اكل فاسد حرفيا و محروق
435,trash food
436,The mesahab sandwich was not good at all
437,جبت سندوتش big Boss وبقيت حاسس اني الراجل الباع العالم
438,سيئ جدا الكواليتي قلت جدا ، وصل الاوردر بارد العيش وحش مش طازه الفراخ ناشفه ، تجربه سيئة
439,الاكل جاي محروق وساقع وناقص كول سلو تجربة زي الزفت
440,كان سبايسي و أنا كنت طالباه عادي
441,the order was almost 50 minutes late
442,المسحب كان محروق
443,"Despite the order being extremely late as I have received 1 hour after the ETA, The wings bucket didn’t arrive even though it was already paid for online."
444,This was the coldest sandwich I have ever ordered in my entire life—and we’re in JUNE. I’m never ordering from this restaurant again.
445,الاكل سئ جدا و ساقع و طعمه بجد بايظ و جالي تسمم منه
446,ممتاااااااز المرادي
447,السندوتش صغير مبيشبعش وطعم مش احلى حاجه زى معمالين يقولو و فى الصور حرفيا مشبعنيش وانا كنت واكله قبلها اصلا
448,أسوأ تجربة وأسوأ اكل قاسم الجناح قطعتين ويقول عشر قطع مع أنعم خمسه محروقين وساعة ونص توصيل لا انصح بيهم نهائى
449,الاكل طلبت بطاطس بالجبنة ولم تأتي ...وكمية قليلة جدا....والطلب كان سبياسي وحصل العكس...رغم التأكيد...والاكل مكنش بالنظافة الكاملة للاسف...وآخر مرة اتعامل معاهم
450,اوحش ساندوتش جبته بجد. حرام عليكم والله
451,المسحب كان متحمر زياده
452,اسوء تجربة اكل على الإطلاق
453,سأكتفي بحسبي الله ونعم الوكيل في الغشاشيين
454,الطعم سيئ و مزيت و محروق
455,Late delivery with a bad attitude from the restaurant and they lied to us on the delivery time
456,I ordered juice and got cocacola instead!
457,بشع
458,All perfect
459,the offer is 6 pieces but I got only 5
460,الاوردر وصل من غير الكول سلو وال مشروب
461,محروق و طلبت يحط مخلل زياده محطش اصلا
462,321 meal came with out the rice
463,"""king size🤣"" أكبر نصباية و ياريت ليه طعم حتى ، تجربة زي الزفت مش هتتكرر."
464,"It tasted like it was cooked beforehand and reheated. It was not fresh at all, and the next day, my stomach was hurting"
465,الاكل وصل متأخر جدا وبارد
466,اقسم بالله أحقر تجربه استغفر الله العظيم البطاطس اقسم بالله متتاكلشي و محروقه ثانياً الريزو جاي بدون صوص و الفراخ اللي فيه ناشفه و متتاكلشي أما بالنسبه للساندوتش العيش بتاعه كأنه بقاله فتره عندكم قديم وجاي متفرتك من بعضه ازا تكرمتم محتاج تواصل سريع
467,اكل جيه متاخر جدا و باردددد جدا ميتاكلش اخر مره اطلب من المنيوز
468,الساندوتش مش سخن😅
469,أنا طلبته حار و جالي عادي و الأكل بارد على الرغم إن اليوم الجو حر أنا مش مبسوطة خالص
470,Nice and tasty food
471,"Honestly the food is amazing and fresh. I don’t know why the reviews say otherwise and most of them are negative, but the burgers are really good, fresh, and the fries are amazinggg. 100% would recommend!!"
472,الطيار لم يرد المبلغ المتبقى اخد ٢٠٦ ج الباقى ٣٠ ج
473,للاسف كان مزيت اوي ومش اول مره .
474,غير الموجود بالصور المعروضه
475,الاكل وصل بارد جدا جدا جدا
476,الفراخ سيئه اوحش مره اكلت فيها فرايد اتشيكن باظ خالص
477,الاكل بارد وجي ناقص حجات والتوصيل زفت
478,Order arrived one hour late because of the driver and it was cold
479,السندوتشات حلوه جدا جدا بس هو كاتب لارج سندوتش وجالنا صغير اوي ف هو بس يقول انه صغير
480,البطاطس بارده جت وطلبت سبايسى جه عادى بس ماشى حاله
481,الاوردر سيئ جداً جميع القطع لحم احمر و غير طازج الكول سلو غير طازج العيش غير طازج الاوردر بارد تجربة لن تتكرر
482,The chicken sandwich had a weird consistency
483,وحش جدا .. الفراخ ريحتها زفرة وسودا من جوا . مؤرف جدا لا انصح بتجربته ابدا
484,Food wasnt hot
485,سئ جدا الفراخ وحشة
486,مفيش صوص في ساندوتش ولا طعم باين
487,الطلب ناقص
488,Delivery takes too much time
489,"The chicken is undercooked, and its taste doesn’t really stand out in the sandwich! The seasoning is very mild and basic"
490,Was not fully cooked
491,الاكل طعمه وحش جدا المسحب عجينة فراخ بجد والكلوسلو سئ الوحيد الي حلو شويه الريزو وحش جدا مع انه مش رخيص اسوء تجربة
492,Very bad and not fresh يعني سمعت ريڤيوز قبل كده عليكوا ان الاكل سئ لكن قولت اجرب الفراخ مقلية كذا مرة و طعمها وحش جدا
493,The cheese bad and spoiled
494,اوردر سىء وبارد والديلفري اسوأ
495,الفراخ في السندويتش رفيعهه جدا
496,الرز كان بايظ
497,الاوردر بس اتأخر شويه
498,اتقوا الله دى سرقة علنى السعر بالنسبة للكمية....٣٥٠ جنيه وجبة ماتشبعش طفل...ليه؟
499,أسواء تجربه والريزو بايت و معجن و الساندويتش به قطع واحده صغيره و البطاطس محروقه
500,الاوردر جاي بعد ٢ ساعه
501,الريزو أسواء ما يكون بجد بشع اول مره يبقي وحش اوي كده معجن و مليان قرفه
502,overpriced
503,A bit late
504,المسحب جاي محروق
505,Chicken was raw. Bread was cracked and not fresh. Sandwich and fries received extremely cold. It was my first and definitely last experience at Kansas. Not recommended at all do not waste ur money on poor quality like this.
506,"Chicken was raw. Bread is far away from fresh, it is cracked and cannot hold a sandwich. Order received after 2 hours delay and extremely cold."
507,اسوأ اوردر انا طلبته على المنيوز السنادي كلها الفراخ سيئه جدا و مالحه جدا
508,2 hours delay!!!
509,سندوتشات المسحب كانت سيئه
510,الساندوتشات كانت حادقه جدا اللي بصوص الرانش
511,للاسف الفراخ مش مستويه و حرام اوى بجد كدة
512,كمية الfries قليلة جدا حرام فيها التمن دا
513,الاوردر أتأخر ساعه عن ميعاد وصوله والساندوتش كان متبهدل والصوص خارج منه لدرحه ان اللون الاحمر بتاع العلبه كان طابع ع الفينو من فوق
514,No buffalo nor ranch sauce it was only mayonnaise
515,i appreciate their business
516,"not very helpful or respectful customer service, and very late delivery with no empathy or appreciation from the customer service"
517,Good so good the delivery takes 1 hour and half
518,مسحب سىء جدا البيج بوس كان ممتاز
519,not spicy
520,الساندوتش ملويش اي علاقة بالناشفيل تشيكن ولا حتى سبايسي والحجم صغير جدا
521,طبق الريزو كان كمية قليلة جدا والأكل كان بارد
522,unprofessional driver who doesn't have any attitude
523,Late for 2 hrs
524,الاوردر كله بارد جداً و طالباه بقالي ساعتين
525,الاكل جه بارد ومش حلو
526,الاكل سيء جدا جدااااا
527,انا مستلمتش الاوردر اصلا هو راح على عنوان غلط في زون غلط وانا فلوسي راحت عليا عشان دفعت ڤيزا
528,Got food poisoning and the rizo was rotten
529,we have item missing
530,Worst order ever
531,The order got cancelled without any notice and I found out later when the order was late for delivery. When called the restaurant to complain they clarified it was rejected by mistake and asked me to reorder. The reorder took more than an hour to be ...
532,الاوردر مجااااااش اصلااااا
533,لم يتم توصيل الأوردر
534,i ordered not spicy and it came spicy. and the sandwich has no clawslow inside
535,من أسو المطاعم اللي شفتها،خدمة سيئة جدا ،الأوردر اكتر من ساعة ،الفراخ مش نضيفة من جواها وكلها دم ،طريقة تقديم الخدمة من أسوء ما يكون ، موظفين في منتهى البطء ..منصحش حد ياكل فيه
536,بجد الاكل وحش جدا الفراخ مزيته وسودا ومش نظيفه خالص اسوء فراخ اكلتها ف حياتي الاوردر اتاخر ساعه و بجد اسؤء تجربه اتمني محدش يخوضها
537,تأخير كبير في تحضير الأكل زائد كواليتي متواضع للسندوتشات مقارنة بالمرات السابقة
538,3.5hr waiting for order
539,بايت و بارد و غلط
540,احقر مكان و أسوأ معاملة و الاوردر اتاخر ساعتين و شوية و ف الاخر كنسلوه و اتعصبو عليا كمان
541,The cheese sauce needs to be thicker. It was too watery. The chicken was perfect. Thank you
542,الاوردر ما وصلش أصلاً
543,The order was late and cold.
544,الكولسلو جاتلي حمضانه
545,بطاطس قليلة وباردة المسحب مش مقلى فريش و العيش مش فريش
546,مدير فرع كانسس المهندسين اسلوبو زفت مع الناس واسمو شعبان ده راجل مش محترم
547,The sandwich was small.
548,المسحب مش حلو أبدا عجينه و كول سلو جوا الساندوتش فبقى كله عجينه وملهوش طعم والعيش محتاج يتحسن عموما معجن اوي
549,التوصيل حاجه زفت ساعتين عشان الاوردر يوصل
550,the meal should contain 4 different types of chicken parts but it didn't in addition it tasted old and not fresh made and full of oil in addition i ordered apple juice and got mango
551,the food is cold and late and the chicken is fully raw
552,ده اسوء سندوتش انا كلته ف حياتي المسحب محروق من بره وناي من جوا الصوصات مش موجودة تقريبا ولا حتي الكول سلو كل الطعم الي ظاهر ف كل قطمة هو طعم الهالبينو فقط اكني باكل سندوتش هالبينو
553,اسوأ اوردر جالي من المطعم
554,ساندوتش كينج سايز مسحب ب ١٧٠ جنيه واقسم بالله صغير جدا واوفر ريتد جداااا ومش طازة خالص اسوء تجربة
555,الأكل كان مزيت وسيء جدا والاوردر اتأخر حوالي أكثر من ساعتين مش هطلب تاني
556,delivery was late for more than an hour
557,"I was specific in my pieces (1 Breast & 1 Thigh) , and I received 1 Thigh & 1 Drumstick"
558,food was hot which was very good. potatoes are not crunchy and does not have any taste. but the sandwich was very good
559,العصير مش موجود
560,هو طعمه حلو اوي وشبعني وخلاني مش قادره اكل تاني طول اليوم وتحفه وجه بسرعه واحلي من ماك واحلي ساندويتشات كلتها بجد
561,Mesaahab sandwich so small & doesn’t taste good
562,Late delivery taste delicious
563,الاكل بشع المسحب ده علية تركي وكلوسلو بايظين
564,Never came
565,الاكل كله وحش و بارد
566,الزيت كان كثير جداً، أكثر بكثير من المعتاد مع نفس الطلب
567,Packaging of the sandwiches wasn’t great though
568,Very very bad taste Very small portions I do not recommend to anybody
569,الساندويش مش زي الوصف مفيهوش غير كول سلو و الفراخ وتركو
570,The order came after 2 hours and came cold It was really disappointing and tastes bad
571,بارد
572,I ordered spicy and I got normal also the fried chicken wasn't really Crunchy and was really oily and I could tell that the oil hasn't been changed in a long time it tasted really weird
573,اسوء تجربة الرز كله جاى مقلوب فى الشنطة الفراخ ناشفة وملهاش طعم والاوردر اتاخر ساعه كاملة حتى المنيوز ولا عرفوا يحلوا مشكلة التاخير بجد تجربة سيئة جدا جدا
574,Very late delivery always
575,الاوردر جالي سندوتش غلط
576,Was bad
577,االفراخ كانت زفرة جدااااا والقطع كلها دبابيس ووراك وحجمها صغير ومافيش صدور نهائي
578,الاكل بارد و مفيش chicken breast في الساندوتش حاطين قطع ستربس تقريبا … مفيش اسوء من كده
579,..fde
580,كان فى غلط فى الاوردر بس تمام
581,كانت صغيرة اوي ومش شبه الناشفيل خالص!!
582,اوردر قعد ساعتين و تعاملهم مش كويس خالص
583,الطلب اتأخر ساعتين
584,اكل زباله والله
585,الجمبري جه غلط انا كنت طالبه جمبري بس جالي ريزو
586,الفراخ ملحها زياده وطعمها وحش والفراخ مش فرش بصراحة تجربة ومش هجربها تاني
587,Cheese sauce is so so little compared to its price
588,اوردر اخذ ساعة و ٤٥ دقيقة عشان يتوصل و دا شيء مش طبيعي ابدا و بعد ما اخذ كل دا وصل بارد جدا طبعا و ناقص كمان تجربة غير مشجعة بصراحة و كمان التطبيق مكنش موضح ان المندوب اتحرك او اي حاجة
589,البطاطس عاديه من جبنه
590,خدمة مميزة
591,missing items
592,Ice cream is so gooooooooooddddddd....try it guysss!! From malaysian here🌻
593,"the sandwhiches were alright, but very small to expected size, and taste was average. and price was not very worthful"
594,الاكل زي الزفت و بارد فراخ مش مستوية و فيها دم من جوه و طالبه ال٤ قطع عادي جايلي قطعة منهم سبايسي و طعمه يقرف غير انه قعد اكتر من ساعة علشان يوصل
595,الاكل بارد و الكمية قليلة
596,Gooooood
597,Got food poisoning
598,"My order was delayed for over an hour as the delivery guy sat at the restaurant waiting for the to prepare my order. Also, I couldn’t get in touch or get any kind of respond from the support of El Menus team."
599,سعر الفاتورة جه مختلف عن الابلكيشن و الساندوتش اللارج جه صغير جدا غير كدة الطعم عالمي
600,المسحب جي محروق ومن غير صوصات خالص
601,the sandwich i ordered beef and arrived chicken
602,Sandwiches came not as mentioned in the notes and without the packaging boxes
603,الاكل كان سيء
604,I found a dead fly
605,Order not cancelled or delivered or even called to apologize
606,الأكل بارد
607,الساندوتش جاي محروق و ناشف و وحش جدا
608,عباره عن برجع بتاع براند شهد حاطينة في سندوتش و غالي جدا
609,Terrible experience! I ordered from Rehab branch and the order arrived 3 hours later!! Not kidding! I ordered at 4:00 pm and the order arrived at 7:00 pm. I also called the restaurant after an hour and a half of making the order (because they were la...
610,طالب 3 سندوتش مسحب جايين محروقين كلهم واترموا
611,الاوردر وصل بعد ٣ ساعات و جه غلط
612,It was delivered after 1 and half hrs
613,طلبت ميجا باكت.. وحقيقي أسوأ فرايد تشيكن أكلتها في حياتي طعمها سيء جدا كأنها بايتة و اتسخنت وكانت ريحتها مش حلوة ومليانة زيت رميتها كلها متتاكلش والله.. وكنت طالب يبعتولي معظم القطع صدور بعتولي ٩ قطع وراك ومفيش ولا قطعة صدر!!! والدليفري اتأخر ساعتين
614,B
615,اوحش دليفري و اوحش اكل ممكن تكلة صفرصفر صفر
616,جايبين الاوردر غلط
617,أنا. طالبة ساندوتش و معاه باكيت وينجز جابولبي بطاطس و طلبت بدل العصير بيبسي جابولي عصير و دي مش اول مرة
618,الاوردر جاء في ٣ ساعات و الاكل بارد و اترمى اسوء تجربة
619,طعم سيئ للغاية والله
620,"I ordered ORIGINAL Mega Bucket and received a SPICY one! I sent the order at 05:30 and it was delivered at 08:00 pm, given that we live across the road of Kansas Restaurant!"
621,قلة ذوق طالب الاوردر ساعة الفطار و وصلنا للساعه ٨ مجاش الاوردر و بتصل بالدعم الفني و لا فائده من الاتصال لحد ما لغيت الاوردر اسوء اودر طلبته من ال app
622,I added that I only need chicken thighs and i got chicken breast
623,بارد جدا ووصل متأخر ملوش طعم اخر مره نطلب منه
624,اوحش مطعم الاكل بيتاخر و بيجي بارد و البطاطس متتكلش
625,انا هعمل محضر فيكوا وفى المطعم الاكل جيه بعد ٤ سااعات تاخير بايت وبايظ
626,اطعم كان سي جدا
627,صوص الجبنة خفيف جدا ساندوتش بيج بوص مقبول و الكمية قليلة جدا مقابل السعر
628,terrible restaurant food came after 4 hours cold disgusting drink was hot. management is continuously lying about the delivery and I got sick from the food
629,order price was 204 EGP in app after discount. Order receipt with delivery said 234 EGP. Fake food ad which means food was portions not like the picture. Late delivery. Packaging was damaged. Overall failed to meet my expectation.
630,Missing items
631,طلبت أورجنال جالس سبايسي معرفتش أكله
632,الرز و الكول سلو وصلو مدلوقين
633,ناقص
634,مش حلو خالص
635,الاوردر اتأخر جدا والاكل كله بارد ولا ليه طعم للأسف اخر مرة
636,I had food poisoning
637,Order not delivered
638,كنت ححب لو كان في gloves مع الاكل
639,I didn’t get the order for no reason
640,الاوردر كان المفروض يوصل في ساعه ونص مع انه كتير بس قولت مش مشكله ووصلني بعد 3 ساعات حرفيا وياريت الاكل جامد لا الاكل عادي جدا مقبول بس مش الي هو ابقي عايز اطلبه تاني حتي
641,"The absolute worse! Half of my Arizo was eaten, and the sandwich was opened!"
642,No as big as picture
643,الاوردر كان ناقص
644,Very cold sandwich and fries it seems like this meal prepared hours ago!
645,كان بارد و مش احسن حاجه
646,الاوردر كنت طالبه عادي و جالي اسبايسي و التغليف سئ جدا و الاكل نش سخن و بعد ما كلمت الفرع و بدل الاوردر برضو جه الفراخ نفسها اسبايسي هو غير بس الصوصات يعتبر تجربة سيئة و مش هتتكرر تاني
647,مفيش اى التزام بميعاد التوصيل . طالب اوردر فطار الطيار بيكلمنى على صلاة العشاء مع انى طالب الاوردر قبل المغرب بساعتين . استهتار بالعملاء
648,Order was missing items
649,worst delivery experience ever. order was 1:40 hours late and cold as if coming from a fridge. couldn't reach courier at all and couldn't even reach support by elmenus. the only reason I took the order is that I know you won't give me back my money
650,الاوردر ما جاش اصلن
651,اسوء مطعم اكلت منه الفراخ جايه مش مستويه مش هتكرر تاني ان شاء الله
652,الاورودر اتأخر جدا جدا و الأكل جاي بارد
653,الفراخ مش متبله حلو و طعمها زقر و لونها غامق اوي، بجد تجربة سيئه و مش هتتكرر
654,المطعم قبل الاوردر بتاعي عادي جدا و سحب الفلوس من الكريدت و بعد ساعة يقولي الاوردر مش هيجي انت out zone طب قبلت ليه من الاول ؟ خدمة وحشة و فرع حدايق وحش و unprofessional !! Not recommend to order it with this branch!
655,"I ordered the chicken pieces spicy but it came original. The packaging was bad, the coleslaw was upside down and leaking. The rest of the order was good. The driver was polite & came on time."
656,I ordered 4.30 pm and received 7.30 even if it was for iftar
657,The rice wasn’t fully cooked
658,الاكل كان مالح اوووى
659,سئ جدا واتمنى حد يتواصل معايا لان اللى حصل غير مقبول والأكل تعبنى جدا بسبب طعمو كان متغير
660,حاطين قطع الفراخ كلها ورك مش فاهمه ازاي يعني ٤ قطع كلهم ورك
661,awful
662,There was 2 missing sandwiches
663,"The chicken is very dry, didnt enjoy the taste as before, not the same texture and thickness and juiciness, it tasted like it’s leftover food and very very salty"
664,كل مرة الريزو يجيلى غلط طلبت يكون سبايسى جالى باربكيو
665,بطني وحعتني
666,Order arrived 4 hours late
667,Gamed
668,اكل بارد و الارز مش مستوي سئ جدا جدا
669,يوجد وجبة ناقصة
670,The food was so cold and it gets late with the delivery
671,great
672,order was 45 minutes late and came without the arizo although paid
673,طلبت صوص رانش ومجاش
674,دليفرى بجد مستفز ١٠ مكالمات ومنتهى قلة الذوق حاجة صعبه بجد
675,v good ❤️❤️❤️
676,Missing order + 2 hours delay Shame Very unsatisfactory
677,delivery 2hrs later cold chicken sandwich and terrible wings with shocking amount of spicy chilli powder stuck on it(not nashville sauce) i threw it away coz it was disgusting 🤮
678,ordered without pickles cane with the pickles on the chicken
679,"worst 260ep I've ever spent. chicken is dry and has NO sauce on it whatsoever, no Nashville, nothing, just a sprinkle of paprika and the fries looked and tasted like they were out in the cold for hours (dry - oily and tasteless). overall awful exp."
680,كنت طالبة حاجتين، حاجة واحدة بس اللي جت، ولما تواصلت مع المطعم قالوا انهم هيبعتوها لي فورا ولكن مفيش اي حاجة جت، ده غير ان الطعم نفسه مش احسن حاجة وكتير عليه جدا سعره بالنسبة لطعمه
681,Didn’t receive the order
682,The order contains 3 drumsticks out of the 6 pieces !
683,The rizo was so bad
684,القطع حجمها صغير جدا و القرمشه طعمها غريب خالص
685,I wish the order arrived at iftar. it was delivered too soon
686,توصيل المنيوز بطيء جدا حوالي ساعة و نص على الأقل
687,الملح زياده
688,No order
689,The coleslaw was expired and the chicken was not fresh
690,القطع صغيرة جداااا ومش طازة
691,الساندوتش كنت طاله دابل double جاي فاضي و الفراخ كانت قليله جدا كنت باكل عيش بالخص و الصوص و دي اول مره يعملوه وحش كدا
692,I did not receive the order
693,اسوء اورد اكل و اخد ساعه و نص تاخير من المطعم نفسه.
694,كان سبايسي اوي وانا مطلبتش اي حاجة سبايسي اصلا
695,"Sandwich value was not , i order tomya and paid for it and they disnt bring it"
696,الاوردر بقاله اكتر من ساعتين مجاش والمطعم غير مفيد اطلاقا ميعرفش الاوردر فين!!! واكيد طبعا الاكل بعد ساعتين هييجي متلج .. تجربة سيئة جدا
697,الريزو عليه حرفيا نقطة صوص و ٤ قطع فراخ بالعدد
698,Big boss was very small
699,سئ جدااااااا تأخير ساعه الا ربع و الاكل باااارد و ملوش اي طعممممم
700,"Bullshit order, customer service, delivery and call center"
701,No chicken. It’s just an egg cheese sandwich
702,♥️
703,العصير مجاش و مجاش و لا كيس كاتشب
704,الاتشيكن بصراحه نظيفه الارز مكنش افضل حاجه والخدمة متتازه
705,الساندويتش التانى كان بس فيه فراخ و خس ولا اى صوص ولا اى حاجة و المفروض انه buy one get one free
706,Really really liked it
707,Did not receive the order!
708,توفير رقم للاتصال بالmenus بدل support chat الاوردر ناقص قطعه فراخ ٩ قطع تم استلام ٨ قطع لا يوجد تعديل في الاوردر لا بد من توافر وقت للتعديل
709,اللطلب جالي ناقص سنداوتش و العصير مانجا ونا طالبو تفاح
710,الاكل متلج
711,الاوردر اتلغي من المطعم بعد ساعتين ! مطاعم زبالة
712,The food tastes bad and has extra salt and is very expensive and the sandwich is small
713,Delivery time was long
714,The chicken needs a better spices
715,الفراخ قديمه و ناشفه و فيها دم
716,مملح بزياده
717,الاكل مكنش احسن حاجه البطاطس كانت حجر 😡
718,I didn’t receive the order.
719,الأكل كان مالح جدااااااااا
720,fries were not cooked well and the sandwich was soggy. the experience was very disappointing compared to my last order and I doubt I will order again
721,Really late and extremely cold food condition with missing sauce
722,كان للاسف بارد جدا
723,the order was so spicy while it was not mentioned on the app that it would be spicy
724,الفراخ بيتا ونشفها جدا
725,الاكل حلو بس اللاوردر وصل ناقص قطعه
726,wrong choice of sandwiches and no drinks
727,There wasn't ketchup with the order. The fries were cold. The cutlery was opened!
728,very salty
729,اتأخر في التوصيل ساعة ونص الاكل جه بارد
730,الاكل سئ
731,جاي بصوص بافلو وبدون صوص ناشفيل وبدون مخلل
732,طلبت ساندوتش بصوص البافلو جالي بالرانش و الارز و الكول سلو سئ جدااااااااااااا مايتاكلوش 👎🏼👎🏼👎🏼👎🏼
733,باكيت الاجنحه لم يصل والفراخ سيئه جدا جدا جدا نشفه ونصف الاوردر اترمي
734,their spicy is not even close to being hot!
735,الاوردر موصلش اصلا بقالي ساعتين طالباه
736,Taste is very bad
737,الطلب ناقص بطاطس و رز و خدمة العملاء مش بترد الطلب وصل بعد ساعة و ثلث و وصل ناقص
738,الاوردر جالي ناقص والفراخ كانت سيئه ناشفه جدا ونص الاوردر اترمى
739,الصوص مجاش والباكينج غير التصوير
740,الاكل تحفه بس كان محتاج يبقا سخن شوية
741,❤️‍🔥❤️‍🔥❤️‍🔥
742,"the food was hot, and delicious , Highly recommended"
743,everything was perfect
744,البطاطس قليلة جدا رغم سعرها و الكول سلو صغيرة جدا
745,worst experience with kansas fried chicken. The food was 2 hours late and after waiting for that long. they called me stating that I was out of zone! after waiting for whole 2 hours!!! never ordering from there again
746,Amazing
747,البطاطس غرقانه زيت ومزيته وحشه جدا
748,الاكل مش حلو الفراخ زفره و وحشه ساعات الاكل بيكون احلي من كدااا
749,Ariza was not well packaged and dropped inside the bag covering everything
750,Bad bad bad bad experience and bad delivery and i not recommended any more your brand My order from 6:30 and till nw not delivered yet
751,جميل بصراحه وحلو بس ياريت متتأخروش عن التسليم
752,Great
753,الاوردر جالي بعد ساعتين
754,ماشاءالله زيت بالفراخ
755,الاوردر تاخر شويه ، الجوده و الطعم مش احسن حاجه ، الاكل بارد
756,"cold dry burgers, 37 minutes longer than estimated time(which was already long)"
757,food wasn't even worm.
758,الاكل بايت من امبارح وطعمه وحش جدا مالوش طعم اصلا والفراخ من كتر ما هي بايتة كانت ناشفة جدا تجربة وحشة جدا واخر مرة هطلب من هنا
759,الاوردر ناقص العصير وانت دافع ثمنه
760,الاكل وحش اوي والكولسلو بايظة والبطاطس وحشه وكان طعمها غربب ،بطني واجعتني و برجع ،اسوء مطعم بجد
761,a piece of trash attitudes from the support and the driver
762,الاكل كان حلو بس السندوتش صغير اوي
763,Restaurant took 2.5 hours to deliver order
764,اتصل كثير مش يجيب و متأخر من ٣٥ دقيقة
765,👍
766,ا
767,Food is very salty and sandwich is not good and very poor
768,الفراخ مش حلوه خالص
769,Order cancelled 🥲🥲
770,أسوء طعم دجاج اكلتها فى حياتي
771,The chicken have avery very bad smell unfortunately .
772,الاوردر اخد وقت ساعتين للاستلام واستلمتو متلج وطعم الفراخ فيه مش فريش خالص
773,I ordered a big wrap that is NOT spicy but the one I received was spicy and I was unable to eat it due to my low spice tolerance and I’m extremely disappointed
774,Sandwiches had a weird alcohol smell to them
775,الاوردر مجاش اصلا !!!
776,ج
777,الطيار ذوق جدا جدا جدا شكرا له شخصيا
778,"food was messy and squishy, cold and wrong order"
779,the meal was missing the calslow and the rice. they did not send forks wala 7ata gloves wala ay 7aga chicken tasted horrible and was not fresh worst experience ever
780,Very bad experience plus the temp of the food and the taste beyond zerooooos
781,"I ordered breast of chicken, I don’t found any breast in box"
782,مش احسس حاجه
783,بجد اسوء تجربة الاكل جي بارد و الفراخ معموله او مقليه من بدري جدا زي ماتقول مجلده و الا رز فيه طعم حاجه بايظه
784,"chicken had an off taste abt it,no forks or wipes were in the package but we did get an extra bbq wings we didnt ask for(thanks for that)"
785,في سلطة وعصير فين
786,Tasteless
787,verryyyy cold sandwiches and bad fries not fresh at all and no gloves
788,not fresh and smells bad
789,An hour and fifteen minutes late it arrived cold
790,للاسف المرة دي جالي مش فريش خالص متسخن و طالباه عادي جالي 3 قطع سبايسي مكنش حلو خالص
791,food arrived cold
792,للأسف الفراخ كانت كلها عظم واللحم قليل جدا
793,السندويتشات جت بارده جدا مش دافيه حتي و الطعم كله واحد
794,Very bad store👎
795,الاكل كله كويس ماعدا الريزو كان معجن
796,"The worst order I have ever have, firstly the order delayed more than 3 hours !! Then I have received the order missing item, then I have complained on the missing item and I got a promise that I will receive it immediately and they closed without de..."
797,Late order
798,very late delivery
799,الأكل وصلني بارد
800,اكل بارد وطعمه عادي والاوردر متاخر تجربة مش هتكرر
801,The chicken wasn’t cooked
802,Not good as quality food
803,Very bad experience
804,chicken was rather tasteless rice was undercooked wrong juice coleslaw was thin and had a sweet taste.
805,cold sandwich and fries
806,Very small amount of fries
807,الاكل بارد وبايت ومش سخن ولا فريش
808,I got the order after two hours! It was late from the restaurant not the delivery person and of course it wasn’t hot enough
809,very small sandwich. dry coleslaw.
810,مش حلو
811,بطاطس وحشه جدا جدا والعيش مش صابح
812,الاوردر وصل ناقص
813,الباربكيو كتير جدااا مغير طعم الساندوتش
814,الاكل بارد جداااا
815,جالي عصير مانجا وانا مختار تفاح
816,الاوردر معا عصير و سلطة كولسلو مجاش!!!!!!
817,الفراخ صغيرة جدا وجت باردة
818,total was supposed to be 259 it came 274
819,Order is missing stuff and took 2 hours ?
820,الاوردر موصلش والرقم ده اتصل من ساعه ونص و قالي المندوب جاي ومجاش 01090901725
821,missing items that i paid for
822,I need my order now
823,الاكل كله زيت و مقرف بشكل غريب و الفراخ طلعت بارده اكيد مش هجربه تاني
824,الاكل كان ساقع و العيش بايت وبطاطس ملهاش طعم بعد كل التأخير
825,Late order and missing items
826,Over-priced.
827,اسؤا مطعم بجد الاكل وصل بارد و طعمه سيئ والاوردر جه غلط بعد ساعتين وكل شويه اتصل بيهم وحاجه قمه الإهمال تجربه مش هتتكرر تانى
828,البطاطس بس قليلة اوي
829,لم يتم ارسال الاوردر
830,I just paid 250 for small sandwich and a small rizzo i orderd chessy fries and they just gave me a cup to dip it in that’s not what i wanted they call it an offer and it’s just not
831,للاسف الفراخ القطع مكنتش حلوة خالص أول حاجة زفرة تاني حاجة اكنها كانت بيتة والونجز مش حلوة خالص تجربة مش هتككر تاني الساندوتش حلو
832,الاكل جة بعد ساعة و نص من الطلب كان بارد جدا، و حادق جدا الصراحة مرشحش حد يطلب من عندهم
833,The sandwich very poor one sauce and the piece however the sandwich have a slice turkey but they didn’t put it
834,Delicious food Thank u
835,Incorrect order received!!!
836,الاوردر مجاش
837,ساعتين و نصف الان و لم يصل الاكل مطعم سئ إلي أقصي حد
838,"Food never arrived, and no one called"
839,I THREW YOUR FRIES IN THE BIN
840,They called 50min after placing order to ask for my address which they must received with the order. they are 10min away yet it took 100min to arrive.
841,الأكل كان بارد ومجبنيش خالص وكلو سلو حمضان وبرجر نفسه ناشف جدا حاجه اول مرة وآخر مرة
842,اسوأ فرايد تشيكن أكلتها ف حياتي
843,للاسف العيش كله بايت مش طازه وطالبه وجبتين اطفال جولي من غير عصير .. تتبيلة الاستربس سيئه
844,الاوردر جاي ناقص ومدفوع ثمنه
845,10/10
846,الاكل وصل بسرعه لكن السندوتش مش كبير هو طعمه حلو لكن الحجم المفروض أنه كبير لكنه صغير
847,الاكل بايظ و الفراخ بايظة بجد ، وحاطت الريزو فراخ عادية وناشفة لونها اسود
848,"Sandwich was cold and the chicken smells weird and wasn’t fresh, also the bread wasn’t fresh. I’m very disappointed as I used to love Kansas, now it’s my last time eating it."
849,Perfect order ♥️♥️♥️
850,الفراخ متاخرة جدا و باردة و الكول سلو كميتة قليلة جدا
851,جالي عرض واحد بس
852,meal was recieved not hot
853,the order was late though I've repeatedly called to make sure the order arrives on time.
854,الاكل حلوبس للأسف جه بارد
855,وجبه بايته بالكامل وتم ستخينها و كول سلو مش نضيف اوحش شئ عمري ماهشتري من كنسانس تاني مع انها مش اول تجربه منه
856,الاوردر اتاخر جدا بدون اي سبب موضح خدمة عملاء سيئه جدا جدا رد متاخر عدم حل المشكله الطعام وصلي بارد جدا غير مغلف باكيدج الاكل مفتوح وحقيقه دي اسوء تجربه ليا مع الابليكيشن و اكيد منصحش حد بالتعامل معاكو ومع مطعم كنساس حقيقي مطعم سئ بكل معاني الكلمه
857,الاكل حلو و جميل ووصل في التوقيت بالظبط
858,Cold and tastes awful
859,بكل امانة دا كان اقذر اكل كلتو فحياتي، الفراخ جلد ناشف مش قادر اقطمو دا احقر مطعم كل منو ومش هتتكرر تاني، انا مش فاهم ازاي في مطعم مش فارق معاه الناس للدرجادي، دافع فوق ٢٠٠ جنيه عشان اكل جلد فراخ ناشف.
860,Missing items and late delivery
861,الطلب طالع ناقص
862,الاوردر جالي بعدها ب ٤ ساعات ورفضت استلمه مطعم فاشل مش هجيب من عنده تاني
863,The portions is little bit small
864,checken and fried are so dry
865,الاكل جه بسرعة بس بارد كله حرفيا تلج و البطاكس سخنة و عادية !
866,الاوردر لسه مجاش🤦🏻‍♀️
867,الاكل جاى بارد جدا و اتأخر اوى ع م وصل والكميه قليله
868,it was all good
869,جي متاخر ساعه وبارد وفي بطاطس ناقصه والساندويتش صغير اوي على سعره والناشفيل مش حلو خالص really bad experience 👎
870,ايه القرف دا في التعامل اصلا الاوردر مجاش ورفضت استلمه لانه اتأخر ساعة عن معاد تسليمه مطهم مقرف و مستحيل اتعامل معاه تاني
871,nashville chicken sandwich with no nashville chicken
872,مزيت وناقص سوا بس البطاطس حلوة
873,الاوردر ناقص
874,معجبنيش وقيمة اقل من السعر بالنسبالي ارجو الاهتمام والتطوير
875,The hash brown was oily and i feel like i was eating oil that was there for 3 days so disappointed
876,رز معجن و ريزو الجمبري مجاش
877,"Excellent experience from accuracy of the order, the speed, and the quality. A shoutout to manager Afaf for being caring, friendly and professional."
878,Very small piece of chicken in the sandwich 😡 Size not enough for adults 😤
879,الاكل زفير
880,الاكل جه مزيت جدا لو عصرته ممكن انزل نص لتر زيت مثلا، حاطت نوت ان الوجبه تبقا صدور جالي كله وراك، زمان كانت الكواليتس بتاعته حلوه دلوقتي سيئة جدا للاسف
881,"the rice was raw, the coleslow was tasteless and the portions are very small for an adult."
882,الاكل طعمه غريب أكن الصوصات بايتة او الزيت مستهلك كتير
883,بطاطس باردة جدا جدا و السندوتشات مش مضبوطة و عصير بارد حتي مش ساقع ، تجربة سيئة
884,Nice
885,الفراخ كانت شبه بايظة والعيش كان طعمه جاز
886,The chicken taste was disgusting
887,There were no katcheb and no spoon and no breed
888,food was delicious. a bit too oily and fries is too too small portion
889,الاكل جه متأخر اووووووي وبارد جداااااا وطعمه وحش وياريت حد يتواصل معايا
890,الاكل ناقص الارز و البطاطس قليلة جدا
891,الناشڤيل مش زي الصور و لا الوصف
892,the order arrived after order by 2.5H
893,الاكل جيه في ساعه ونص وحرفيا جيه مثلج
894,Very small portion
895,"Very deceiving portion sizes not at all correlating with the one in the menu photos, and the taste is horrible as well"
896,"The mac’n cheese was a little bland, especially the chicken, needs more flavor/ spices"
897,The food was not fresh at all and the taste was horrible.
898,……
899,"I received a wrong item as I choose the buffalo ranch chicken but received the classic chicken and very little chicken in the riso , also the order was late around 20-30 mins from the expected delivery time"
900,الاوردر وصل بسرعه جدا ماشاء الله والأكل كالعاده ممتاز
901,Arizo tasted so bad the chicken pieces weren't even crunchy they seemed like they were under cooked or grilled and not fried
902,Bared awyy w t3mo mesh ahsan haga
903,"Food was great but arrived cold and very late. Also there were no covers, napkins, ketchup or anything, I was supposed to eat everything with my hands."
904,الاوردر وصل متأخر ١٠ دقائق عن معاده
905,The order was cold
906,الاكل كان لذيذ و الاوردر وصل دافي
907,It was spicy and i ordered not spicy
908,So so good but insanely spicy my tongue bled (Nashville)
909,اكل برد ومتاخر
910,The sandwich wasn't good
911,الاوردر موصلش تجربة زي الخرة
912,The strips was not tasty plus too much spicy- coleslaw was bad
913,الفراخ كانت مالحة زيادة
914,"First the order was wrong then they sent it again and food was cold , super late and the taste was so bad"
915,I found a fried fly in my meal
916,wasn't well fried
917,الأكل بارد ناقص چار الجبنة
918,زي الزفت و الاوردر متأخر ساعتين قرف فعلا
919,very bad the order came wrong the sandwich was very very small and order cheese fries and paid extra but it came as normal fries
920,الاكل مش حلو خالص والفراخ بايتة ومتسخنة والأرز مش مستوي والكلوسلو سيئة جداا بصراحة هو كان زمان كويس جدا لكن حاليا محبش اروحه تاني
921,The shrimp wrap has barely got shrimp in side….it’s all lettuce and fries and sauce and about 3 small pieces of shrip….it was really bad
922,العرض ناقص قطعة فراخ و البطاطس باردة جدا
923,الطعم استغفر الله يعني انا رميت الاكل ياريت يكون في أحسن من كده
924,Fries didnt even complete a palm of hand And the sandwich was awfull no sauces very cold and not crunchy
925,"very bad order , cold fries, cold sandwich, bad attitude from the delivery guy , iwll never order again from Kansas"
926,i didn't get my cheese friess
927,the order didn't arrive till now .
928,طلبه الأوردر من ساعتين و اتصلت بيهم أعدت ساعه و بعد كده قالوا دا في الفرع هيخرج حالا ، مش فهمه أطلب من الفجر يعني ولو جيه وحش هعمل رڤيو تاني زي وشهم.
929,عك
930,احلي مطعم وخدمه في المطعم او دلفيري واحسن اصتف ومزاق توحفه 🤭❤️❤️❤️
931,Bared
932,The chicken wasn’t well done
933,الاوردر وصل بارد
934,تث
935,Fries 🍟 need major improvements
936,chicken and coleslaw did not taste good.
937,المطعم حلو بس الابلكيشن زفتتت
938,الأكل وصل بارد
939,الاوردر موصلش؟!!
940,سندوتش حلو اوى أوى والتانى الفراخ ناشفة وبارد كأنها بايته
941,الفراخ مليانة زيت!
942,الاكل وحش اوي و مش فريش خالص
943,"The second sandwich was the same as the first ,Both of them were club sandwich ,please give varieties"
944,"Great taste and order came in a good condition, but the nashville sandwich is too small and the chicken in this sandwich is very dry"
945,Very bad taste
946,اتأخر عليا ساعة تقريبا ولما اتصلت بالمطعم قالوا انه التأخير من منيوز وانا وبكلمهم بس حتي اكد الاوردر
947,الخس غير طازج و لونه مصفر جدا
948,"One of the best restaurants i have tried , the chicken wings were more than perfect price is fair and for sure its not gonna be the last time to order i enjoyed the food to the max🤍"
949,وحش جدا جدا
950,food was good but it took 2 hours to arrive
951,one of the sandwhiches came without chicken!!!
952,الاكل بارد وقليل جداااا
953,الاكل وصل ناقص، باكت بطاطس وكولسلو والمشروبات
954,coleslaw was not fresh
955,As expected 👏
956,الطعام لم يكن طازج
957,للاسف الساندوتش الي ف الصورة اكبر بكتير من الي وصل
958,جلد الفراخ مقرمش بس مجلد
959,Coleslaw was a bit dark
960,To salty
961,Very cold very small very stale chicken plz don’t order from them
962,الاكل بارد و مجلد و ساقع و مش حلو خالص
963,حقيقي الطعم مفيش حاسه اني زي ميكون باكل وانا عندي برد مثلا وطلبتها سبايسي جت ملهاش علاقه بالسبايسي وحقيقي الكيه قليله اووووي علي السعر ومبدلين ليا صدر بدبوس كمان وعيش واحد بسسس بجد وكمان الدبوس مبيقرمش خالص وبارده بس لو هتكلم علي الفراخ نفسها في نضيف...
964,الاكل ممتاز بس باردددددد
965,"Absolutely disgusting food. It made my stomach hurt, I threw the food in the bin and this is the last time I’ll order from elmenus or from kanasas"
966,القطع كان مفروض فيها صدر بس جالي وركين ودبوسين والاوردر مكانش سخن
967,order is cold coleslaw is expired
968,It
969,لم يكن سبيايسي كما طلبت الاحجام صغيرة
970,Food was so cold
971,الحجم صغير جداااااااااا
972,"Taste like shit, I think shit can't be bad like this"
973,الطعم كان سيء
974,الطعم مبقاش حلو وطازه زي الأول
975,"The sandwiches were so small, the coleslaw was so so so bad!!! It tasted like water! Also the fries were oily and not tasty, for sure won’t order from Kansas again!"
976,الاوردر قعد ساعه و ربع عقبال ما جيه و في الاخر جاي بارد جدا حتي مش دافي و البطاطس مجلده و مزيته اوي مفيش منديل حتي مع الاوردر ولا كاتشب تجربه في منهي السوء غير طبعا حجم الساندوتش صغير جدا جدا
977,الفراخ ناشفه مش بتتقطم و حرفيا مكلتش منها حاجه و الدره بايته
978,"very late delivery 2 hours for breakfast item, with lying rude drivery"
979,i did not get 2 sandwiches as per your menu
980,Delivery takes more than 2 hours
981,كنت طالبة الفراخ الكلاسيك تكون سبايسي جه عادي
982,انا طالب المشروب مانجو وجايلي تفاح ياريت حد يتواصل معايا
983,سندوتش جه سئ جدا جدا مفروض فراخ ناشفيل تبقي سبايسي و عليه كلو سلو الفراخ بانيه عديه جدا مش ناشفيل وعليه صوص بربكيوا وكانشب وعيش وحش جدا بيفتت كانه عيش بايت بقاله اسبوع مافيش كلو سلو يادوبك قطعتين كرنب و بس ده غير تاخير اكتر من 2:30 ساعه اتمن...
984,طلبت وجبة ستريبس ٣ قطع جاتلى قطعتين بس، والبطاطس جايه بارده ومعجنة، والعصير محطوط مع علبة الكول سلو اللى مسربه على علبة العصير وحاجة منتهي العك، الواحد بقى يصعب عليه فلوسه، ليه ادفع ٢٥٠ جنيه قصاد اكل مالوش اى لازمة زى ده
985,الدليفرى جاى ومعوش فكة وبيبرقلى وواقف على عتبه باب الشقة بيخوفنى عشان ماقولوش انزل فك الفلوس من تحت وخد منى باقى الفلوس انا خفت منه بصراحه وهو ماشاء الله طول بعرض كده وقلتله شكرا وقفلت الباب.. غير ان الاكل العيش جاى طرى والفرايد تشيكن مش مقرمشة..
986,الفطار جه من غبر جبنه وملوش طعم..الهاش براون محروق ومزيت جدا والاكل كله عامة بارد..ساندوتش الناشفيل سئ جدا جدا حار بزبادة اوي طعمه مش باين من كتر الشطة ومتعب جدا المفروض يكونوا كاتبين انه سبايسي زيادة عشان مش اي حد هيتحمله ده غير انه مش كرانشي والفرا...
987,كنساس عامة كويس بس مش كل الحاجات طعمها حلو..ساندوتش ناشفيل اقل كتير من التوقعات..الطبقة اللي برا شبه محروقة ومش كرانشي..السبايسي بتاعه صعب اوي قوي زبادة المفروض يكون مكتوب انه سبايسي زيادة اوي..زيادة لدرجة انك مش هتحس بطعم اي حاجة بسببه ومتعب جدا للم...
988,من أفضل الفراخ اللي دوقتها من فتره كبيره اوي من وسط مطاعم كتير بجد ومش اخر مره اطلب اكيد🙏
989,الاوردار ساقع العيش ساقع والخضار والفراخ زي متكون مسخنه فى الميكرويف مش مقليه فريش
990,Did not receive my order
991,I received only one coleslaw not 2
992,The delivery person was very very polite and respectful
993,السندوتش عليه عفن!!
994,اصبح من المطاعم السيئة
995,الطعم في شطه بكميات كبيرة
996,rice's taste was burned
997,"cold, missing items"
998,الاكل زفر وفي دم
999,الاكل سئ جدا وتأخير في التوصيل
1000,الأوردر وصل فى عنوان مختلف و لما وصل العنوان الصح لقيت الأوردر غلط و كلمت المطعم و قالوا حيبعتوا أوردر تانى بقالهم ساعتين تجربة سيئة جداً جداًً
1001,اسوأ تجربة و آخر مرة أطلب منه الأوردر اللى وصل غلط و بعتولى أوردر تانى بعد أكتر من ساعة
1002,Late delivery amazing food
1003,"spicy, I ordered regular"
1004,البيض محروق ومجلد ومقزز
1005,الاكل كله مش فريش حتي الكلو سلو.........
1006,it's sooo good
1007,",ازاي كدا بجد بلغتين الرز بايت بقالو يومين دا انا بقولك فريش اوردر تروحون بساعتين الرز بشع بجد ايه الي حصلكم بجد"
1008,كان من المفترض يكون معاه سناكس بوكس هديه لم يصل
1009,the worst order i got from Kansas Chicken
1010,"my order came on time first but it was missing all the appetizers, only the sandwich and it was a miss inside the packaging, one hour later I got my appetizer if this was my first incident it would have been fine, but it's not"
1011,Bad taste
1012,نسيوا الاوردر وبعد ساعتين برضو مقدروش يحلوا الموقف ولا رقم الشكاوى عرف يحل وقمة في قلة الذوق.
1013,Wrong order
1014,Perfect 🤩🤩
1015,الاكل مش جاي سخن ليه ولا بطاطس سخن ولا الاكل سخن
1016,I didn’t receive it spicy as i ordered
1017,"This is the last time to order from Kansas fried chicken.. 1- No coleslaw came with the dinner box. 2- I clearly chose original and not spicy from both meals, however some pieces came spicy. 3- Dinner box covered an apple juice, yet it was never deli..."
1018,الاوردر اخد ساعتين و الدليفري استلم وو صل بعد نص ساعه و الاكل بارد ووحش جدا
1019,there was hair in the arizo the rest of the meal was great
1020,The cheesy buffalo was not there they put bbq sandwich instead The turkey in the club sandwich smelled weird and the sandwich was messy The order was too cold and it took more than 1:45 hours to arrive
1021,Didn’t receive the drinks with the order
1022,اخر مره اطلب من المطعم ده عملت الاوردر الساعه ٢:٢٠ ولسه موصلش والساعه ٥:٤٠ بجد مفيش حاجه اقولها
1023,"Worst customer service, awful experience"
1024,الاكل كان مش طازه زي كل مره وكان مالح زياده
1025,I required to be only white meat and it came with dark meat
1026,الريزو مش حلو خالص و صوص الرانش مش احسن حاجه والبطاطس كانت ناشفة
1027,worst food I ever ordered. the burger and wings had such a bad quality and taste
1028,i made a note for a wung not drumstick but i still got drumstick
1029,الأكل زي الزفت بارد ثلج والفراخ نيه وفيها دم والبطاطس طوب مجلده الاكل كله سيء وهابلغ حمايه المستهلك وعمل عنكم رفيو زي الزفت
1030,The order wasn't fresh and coleslaw was spoiled
1031,Was horrible Food was cold
1032,كان الاكل بارد جدا و مليان زيت بطريقه غريبه و البطاطس ناشفه جدا
1033,dinner meal missing
1034,Order was cold and not fresh
1035,"It’s nice.. Too much mayo! And I wish they sold the hash brown on its own,,"
1036,اسوا مره طلبته فيها طالب ريزو عادي جايبه حار والطلب مدلوق
1037,Order arrived without the BBQ sauce. The pieces were 2 thighs and a drumstick although the meal description on here said choose your own pieces .. the fries portion was too small for both meals
1038,food was ok but came late and cold
1039,mid
1040,"Worst meal ever. A total failure. Chicken cold, oily and salty. Fries moist and cold. Even the honey mustard sauce, they failed in its recipe. Never again."
1041,والله مش لاقي تقييم اقل من كدة. طلبت ناشفيل ساندويتش عبارة عن حتة بانيه معمولة من ساعات و مركونة و عليها شطة. آخر مرة اطلب منكم. خسارة فيكم الفلوس
1042,there was items missing
1043,Amazingg will order again
1044,لا تستحقوا أن أدفع لكم مليم من يساند من يكره مصر و المصريين و يقتل المصريين لا يستحق الاحترام و المساعدة ابقوا خلوا الفلسطن ينفعوكم يتحرق الفلسطن و تتحرق عرة بأوسخ جاز
1045,french fries are not nice
1046,"didn’t receive my order at all, and no one called to cancel and no one was answering the phone when i tried to call"
1047,الاوردر مجاش اصلا لم يتم استلام الاوردر، انا عايز فلوسي
1048,Worst expierence
1049,"Couldn't even abide by simple instruction, wrong flavor temperature critical items were sealed in brown bag caused breading to break and sandwiches had wilty lettuce due to heat dissipation Order time took more than 90 minutes back of house probably..."
1050,الفراخ بايته و مجلده
1051,اسوا تجربة ممكنة الفراخ سيئة والبيبسي جاي من جهنم غالبا والاكل متاخر وناقص واخر تجربة مع الابليكيشن والمطعم
1052,حاجة تقرف
1053,the order didn't arrive
1054,Slow delivery
1055,للطلب عباره عن أتنين ماي كب جمبري وصلني واحد جمبري وواحد تشيكن
1056,الفراخ كانت تحس انها بايتة ازاي سندوتش اطفال القراخ فيه مبتتقطعش يعني !!!
1057,The order didn’t arrive
1058,قديم
1059,الاكل سئ و بشع و بارد و البورشن بتاعه الفراخ داخل الساندوتش مش ممكن تكون طبيعيه !! العيش بايت جدا
1060,الأكل كان بشع! أسوأ ساندويتش أكلته في حياتي! بالفعل مافيش أكل أكلته قبل كدا كان أسوأ من دا! الفراخ بايتة و مجلدة و ساندويتش متسخن في مايكرويڤ. القطمة مش بتطقتع الفراخ من كثر ما هي بايتة و مجلدة. الخس منتهي الصلاحية و ريحته تقرف. علبة الجبنة الل...
1061,"I got the wrong sanwich, which was a really dissatisfying experience. Hence, I will stop ordering from Kansas anymore."
1062,It is not even enough for a child And it came 1 and a half hour late
1063,There was no coolslaw
1064,….
1065,الاوردر اتاخر عند معاده ساعه ونص ولسه مجاش واتعمل من الابلكيشن انه وصل والمصعم فى برود وقله زوق مش طبيعيه كل مااكلمهم يكدبوا ويقولو قدامه 10 دقايق ولسه لحد الوقت الساعه 4 الفجل ولسه موصلش
1066,In the whole buffalo burger there was one piece of chicken strips i ate half the chicken sandwich with only bread and a whole lot of sauce
1067,الخس كان دبلان و يقرف
1068,cold food and missing order
1069,"Delivery took more than 2 hours,food was not good Terrible overall"
1070,"The fries 🍟 portion is really small,not adequate even for a kids' meal"
1071,الاوردر جاي غلط وطالبين ٣ وجبات جاي ٢ عصير بس مش ٣ كمان الوجبات اللي طالبينها جا بدالها حاجات تانية وللأسف اضطرينا ناكل عشان جعانين
1072,2 hours late order
1073,The order took more than 2 hours to arrive
1074,لم ؤتم توصيل الاوردر
1075,وجبة الجمبرى قليلة جدا ومالهاش طعم والجمبرى مش فريش ووجبة الأجنحة حسيتها دبابيس كبيرة وكلها عضم والصوص سبايسى جدا مع ان مكانش فيه اختيارات الوجبة سبايسى ولا عادى او يمكن انا ماخدتش بالى عموما الأكل فى المجمل سىء واختيار خاطىء خليكوا ساندوتشات بس
1076,لم يصل
1077,الاوردر وصل بعد ساعتين و الفراخ كلها مزيته و مفيهاش طعم خالص. منصحش بيه.
1078,The order was horrible and cold and so spicy although i made sure to leave a note
1079,لقد كان الطعام بارد رغم قرب المطعم من مكان التوصيل وجعل هذا الطعم مختلف عن المعتاد
1080,طلبت أوردر في مطعم فرع مول مصر اول حاجه الاوردر عباره عن ثلاث وجبات .... حاطين الوجبات كلها بطريقه عشوائيه جدا فوق بعض... و لما طلبت منهم يحطوها في علب ... لاقيت اعتراض منهم و بعد كده عملي اللي انا عاوزه... بعد ما اكلنا ... جالنا كلنا اسهال من الأكل....
1081,الاوردر مجاش اصلا بعد ساعتين كاملين و المطعم قال حصل مشكله في السيستم
1082,Horrible experience waited two hours and nothing came i don't support or suggest ordering from this restaurant again.
1083,طلبت الاوردر سادة وجالي علية جبنة
1084,"delayed order ..tasteless , and it's little expensive"
1085,الاكل بارد ودى تانى مرهالاكل ييجى بارد
1086,عشان بنحاسب مقدما بالكريديت كارد يعني ده معناه انه يديكم الحق تاخدو فلوس حاجات و متبعتوهاش حاجة قمة في عدم الضمير
1087,I didn't receive my order after waiting 2 hours
1088,"Took them two hours to deliver my order. The food is very bland, no flavor. Chicken sandwiches felt like eating bread with bread. The meals had no fried breast piece or wing, I bought 2 meals that had 7 pieces, I got 4 thighs and 3 drumsticks !"
1089,Very bad experience Wouldn’t recommend it to anyone
1090,أوردر حلو ممكن واحد تاني بدون فلوس
1091,طلبت ريزو جاى من غير معلقه Spicy جدا وانا مش طالباه spicy
1092,الاوردر كان سئ ميتاكلش
1093,I was charged for the order while it was not delivered!!!!!!
1094,الأوردر جه ناقص البطاطس
1095,The order was late and I paid extra money to get mango juice but recieved apple juice
1096,خدمة الدعم غير مفيدة علي الإطلاق طلبت التحدث مع حد ومحدش كلمني وبيردوا بصعوبة وكمان الاورد اتاخر ساعة كاملة ومحدش فدني بحاجة والاوردر جاي بارد لانوا جاهز في المطعم من بدري وانا كلمت المطعم وعرفت ان مندوب المنيو موصلش بجد لازم يبقي فية دعم فني حد يتوا...
1097,chicken was very salty and the breading was soggy
1098,عدم ارسال الطعام
1099,الاوردر أتأخر جدا وبالتالي كان الاكل بارد
1100,Wings were nice fries were dry but wveryrhijg tasted good but the food tooke 1 hour and 45 min to arrive
1101,Worst quality ever
1102,الاوردار متأخر والأكل بارد اسواء ما يكون ، حرفيا ندمت انى طلبت
1103,طلب ناقص واتواصلت مع المطعم وبلغوني أنهم هيبعتوا الناقص سريعا .. وبعد اكتر من ساعتين لم يصل شيء حتى الآن
1104,Very good’s
1105,بقالي ١٢ ساعه طالب الاوردر و كل ده محدش كلمني اصلا و مش اول مره تحصل معايا حقيقي تجربه زي الزفت
1106,the chicken is all burnt and all the food was over cooked terrible experience 😢
1107,the order is too cold and I wait around 1:30 hour very bad
1108,Didn’t receive the whole order
1109,الطلب وصل ناقص
1110,غالى جدا وبقى فراخ معفنه وزفره ومملحه وقطع صغيره
1111,-الاكل سيء جدا وبارد ومجلد مع ان هو مخدش كتير في التوصيل -المطعم بيتصل عشان مش باين عندهم الخصم وفي فرق سعر وبيقولي ده بسيط ما تدفعوا عشان ده مش من عندي ده من عند الابليكيشن!! -زمان لما كان كانسس في مصر الجديدة بس كان حلو دلوقتي مع كترة الافرع بقى م...
1112,Where are my fries??!!
1113,good sandwich and came on time but it was not hot don't know why although it's summer. Fries tasty but with too much oil
1114,طعم الاكل سئ جدا جدا. و من كتر الزيت الاكياس بتنقط زيت. منصحش بالفطار عنده
1115,Not as good as other branches
1116,Very very very late. It was cold and not tasty at all. Will never order again
1117,الاوردر بارد طدا
1118,العيش مهرى والاكل بايت
1119,Wrong order Late delivery Packaging Driver’s attitude was so so bad
1120,"Very late delivery, the food was so cold and came after 2 hours"
1121,Order didn’t even arrive after more than 2 hours and their excuse was a database error!
1122,مفيش اهتمام ولا تقدير طلبت الاوردر بقالي اكتر من ساعتين ولسه موصلش ومحدش بيرد عليا خالص ودي اخر مره هطلب من المطعم دا
1123,الاكل مش كويس مش نضيف ، زيرو كولتي مجاش في الوجبه فريز
1124,خدمة سيئه جداا والاوردر بقالوا ساعتين ومكنش لسه اتحضر اسوء خدمة شوفتها
1125,المطعم دا ال quality بتعتوا بقي وحشة جدا في كل حاجة و فعلا ميستهلش الفلوس !
1126,I didn’t receive the order
1127,everything was so good portions and tast only the rice was flavorless and I didn't get spone and napkins.
1128,I want my money back very bad restaurant
1129,I didn't receive my order
1130,بارد و اكنوا من امبارح
1131,The portion of sandwich is very small!
1132,got food poisoning. most likely from the coleslaw. the rest of the food tasted bland and oily.
1133,"Terrible sandwiches, wings was okay but the fires and sandwich was very bad. I’m very disappointed"
1134,حجم الساندوتش كان صغير بس الطعم جيد
1135,الاوردر ناقص كلوسلو و حاولت اوصل لخدمة العملاء اكتر من مرة و كان busy
1136,بس الكولسلو كان حامض
1137,طلبت مره قبل كده وكانت الخدمه كويسه جدا وطلبت على أن ده مكان مقاطع ، دلوقتي جالي نفس الاوردر بتغليف سئ وكأنه مفتوح كزه مره والأكل بارد ومش طازة والسندوتش حجمه صغير مش زي اول مره والمشروب بدل ما كان بيج كولا جالي كوكاكولا
1138,بيتأخر اوي الاوردر
1139,Zeft
1140,I ordered the sandwich spicy and I got it original
1141,الوقت
1142,juice was hot
1143,Order came cold late as always and missing sweet chili sauce that’s why I rarely use this app and instead call or use talabat a huge waste of money
1144,زي كل مرة للمطعم ده لازم حاجة تبقي ناقصة وينكروا الكول سلو الزيادة الب٣٥ جنيه ماجااش
1145,مطعم سئ ولا انصح به
1146,Great !
1147,وجبتين الاطفال ناقصين
1148,I did not recieve the order
1149,saggy fries.
1150,الاوردر ناقص وجبه كامله
1151,"The chicken wings is so delicious, i ordered it 2 days in a row and still can’t have enough of it. The tiger sauce is super spicy but it’s amazing."
1152,Late for more than hour / missed items
1153,I didn’t receive my fries
1154,missed items
1155,It’s the worst thing i have ever eat!
1156,مطعم حرامي خصمو تمن الاكل ورفضو يوصلوه لانهن اكتشو فجأه انه اوت اوف زووون
1157,خصمو الفلوس ورفضو يوصلو الاوردرحراميه خصمو الفلوس من الكارت والديلفري قليل الادب
1158,حراميه اخدو الفلوس من الكارت وكنسلو الاوردر علشان اوت اوف زوووون
1159,حراميه خصمو الفلوس وموصلوش الاوردر علشان اكتشفو انه اوت اوف زون
1160,minus 1000000
1161,I ordered original fillet .. 2 fries .. mozzarella sticks and one apple juice I got spicy fillet .. 1 fries .. mozzarella sticks ( thanks god ) and 2 mango juice 🤷🏻‍♀️🤷🏻‍♀️ The food was cold and not tasty at all
1162,Low quality drink(بخيره)
1163,الاوردر فضل ساعتين ونص على ما يوصل
1164,Missing items I don’t get my juice and my Coleslaw
1165,Breakfast meals are terrible . I got food poisoned
1166,الاكل بارد جدا جدا وطعمه وحش واتاخر حرفيا ٣ ساعات لدرجة اني نسيت اني طلبت اوردر وجاي ١٠.٣٠ بليل او ١١ و بتاع الدلفري اسلوبه مكانش كويس لما لومته علي التاخير
1167,الطيار اتاخر ساعة من بعد ما اتحرك من الفرع
1168,Missing thousand island cup
1169,الاكل حلو جدا بس تأخير مش طبيعي بجد
1170,ماوصلش نفس الصوص اللي خترتو
1171,الاكل ناقص الصلطه!!
1172,"the worst customer service, I order and had my fodd cancelled without any confirmation for me to know that, and when I order again they leave me for 2 hour saying the food Is on its way then tell me that it's out of their zone and they had no intenti..."
1173,كميه صغيره جدا مقابل السعر ومفيش معالق ولا مناديل كأنها شحاته والله
1174,الاكل طازة و نضيف و التتبيلة مظبوطة 👌🏻 غير سرعة التوصيل
1175,Delivery time was more than 2 hours food is not that good at all or hot at all will not order from them again !
1176,The order is wrong Missing the buffalo wings
1177,مطعمي المفضل دايما بس ماكنتش احسن مره خالص الفراخ كانت بايته و مش نفس الطعم ولا الجودة لأول مرة بس غير كده كل مره كان ممتاز
1178,"It was so cold , the chicken wasn’t so clean + I ordered coleslaw and received rizzo 🤷🏻‍♀️ Its not the first time"
1179,The i didn’t receive yet
1180,"The value and the quality of the food vs the cost is extremely bad. The buffalo ranch sauce is very bad. The portion is very small according to the money paid. The coleslaw is extremely bad very poor taste, it is not even near coleslaw. The rice of t..."
1181,worst delivery experience Eveerrrrrrr Food delivered after 3 hours and half very bad customer service with no response to any complaints
1182,bad quality
1183,Chicken was very salty. Too much breading.
1184,The delivery takes over 2 hours
1185,chicken was too dry like it was cooked from yesterday but other than that very good
1186,I ordered the twist without tomatoes but it came with tomatoes. Food was cold and took too long to deliver.
1187,"I order white meat , all pieces were dark"
1188,كل مره الاكل بيجي ناقص معرفش ليه طالبه offer ناقص منه fries and drink ليه ؟؟؟؟؟
1189,It was too oily
1190,coleslaw was wasteful
1191,Love you so much
1192,It was once one of my fav restaurants but lately it has become the worst ...
1193,food was extremely cold & fries oily & not fresh
1194,لم استلم الطلب
1195,وصل بعد ساعتين
1196,قطعة الفراخ اصغر من السندوتس صوص قليل التوصيل سريع والطيار محترم جدآ
1197,الاوردر موصلش كامل
1198,No juice arrive with order as supposed
1199,"harrissa in nashville chicken sandwich? went in the trash, very disappointing."
1200,اسوء مره اكلت فيها من كنساس الفراخ زفره وريحتها صعبه انا مكملتش الساندوتش اساسا ورميت الباقي ومش مستويه والكلو سلو ناشفه وطعمها غريب بجد مش هكررها
1201,Didn’t receive my package!!!
1202,The food wasn’t warm but it tastes good
1203,اسؤ ابليكيشن اتعامل معاه و مخدتش الاوردر و طيار فى قمه قله الأدب ولا يوجد زوق
1204,كانساس فالاول كان كويس ومؤخرا جودة الاكل حقيقي بقيت فمنتهي السوء الرز في منه محروق والساندوتش قطعه الفراخ كانت ناشفه كانها بايته بقالها ايام حتي تتبيله الستربس طعمها مبقاش كويس
1205,"The wings to sauce portions is way off , there is a pool of sauce on the bottom of the box , regardless it was very delicious"
1206,"The chicken cover dough was not fully cooked and I found hair inside the chicken pieces, very disgusting! The same with the shrimps"
1207,the food is cold
1208,very very small portions and it arrived cold and it isn't tasty at all
1209,"the fries didn't arrived, and my order should have fries"
1210,The Mexican wrap wasn’t the Mexican wrap the tortilla bread tastes as plastic even it was dry no sauces and more importantly I have ordered Mexican wrap cuz of the cheese and got disappointed with no cheese !!
1211,الاوردر وصل سبايسي و انا طالباه عادي
1212,وصل اوردر غير اللي طلبته
1213,"Very very small portions, doesn’t even taste that good. A waste of money"
1214,تجربة سيئة
1215,cold. not fresh . no taste
1216,ليه الwingez جت سبايسي و كمان مجاش عصير مع سندوتش الO ranch
1217,الcup تاني مرة اطلبه جمبري و يوصل فراخ
1218,I didn’t receive the order and you took the money
1219,potato was missing
1220,Fries was so baddd can’t even eat it
1221,What is this size of the fries?? Its super small you should have mentioned this so i can order another big one.
1222,اول واخر مره… تجربه سيئه جدا.. طعم مش اد كده وحجم صغير وسعر عالي
1223,الاوردر وصل بعد ساعتين و الأكل بارد جدا تجربه اكتر من سيئه
1224,worst chicken ever sandwiches and pieces
1225,It was missing sauces and tissues the cover of wings was open also it came late
1226,كميه الأكل قليله علي السعر آخر مره اطلب من المطعم ده
1227,ساعتين و نص انتظار و الأوردر مجاش
1228,There is a wrong item in the order and the food was cold and not cooked enough
1229,اكل بايظ و سئ يجيب تسمم فلوس في الارض
1230,وصل بعد ٣ ساعات بارد و بايظ و سئ
1231,الاوردر جه ناقص وبارد ومالوش طعم للأسف خسارة فيه الفلوس.... لا انصح به ولن اكرر التجربة مرة اخرى
1232,الطلب بارد جدا و صوابع الجبنة ناشفة و باردة لدرجة أن الاوردر ده ماكانش له طعم..
1233,the chicken itself was not cooked well…had to throw the sandwich
1234,اولا وجبه الفراخ كانت زفره جدا وانا طالبه بشطه جابولي مخلط والساده بتاعهم زفر ده غير انها كانت بايته اضلا ومتسخنه ثانيا:وجبه الجوانح حطو شاطه صوص مش زاي ماهو مكتوب بجد كان سيء جدا والمفروض كنت ارجع الفراخ الزفره
1235,الاكل بشع وطعم اوحش ووفي حاجة مض مظبطوطة وفي حاجات ناقصة
1236,الاورد كان حلو الصراحة و التغليف كويس و الاكل سخن و طعمة حلو
1237,"too much time to deliver,almost 2 hours and wrong order . i have ordered 3 piceces orginal and i got 8 peicecs spicy !!! and i am trying to reach el menus CS with no response"
1238,التغليف سيئ الاوردر جالي مفتوح والبطاطس الجبنه لذقه في الطبق من فوق وشكلها سيئ جدا جدا
1239,نسيوا البطاطس الخاصة بوجبة الأطفال
1240,كويس جداً لكن العيش مش طازه اوي
1241,الاكل وصل بعد 4 ساعات و نص و ياريت وصل سخن وصل بارد و الطعم كان سيئ جدا و كمان السعر جيه اغلى مش فاهمه ايه الخدمة دي
1242,سىء جداااااا القطع صغيره ومملحه وغالى جدا
1243,celselow salad wasn't good ... as if it was quickly add with only some vegetables! no sauce. ...
1244,الأكل حلو بس وصل بعد أكثر من ساعة ونص
1245,worst experience ever late delivery careless 😪
1246,"Meal was not good , not fresh"
1247,So salty
1248,خس ريحته غريبة
1249,"cold food, bas taste"
1250,The picture in the menu is deceiving ....very small Quantity not enough sauce ...i regret buying it
1251,bad quality food was cold and came late after 2 hours and I didn't receive it
1252,Where is my order!!!
1253,terrible
1254,Food is cold Cheese is watery and looks old or expired Fries are not fresh
1255,الاكل متأخر ٣ ساعات وكان ساقع و الكول سلو مدلوقه
1256,اسوأ حاجة اكلتها في حياتي
1257,Great food And the fastest delivery service
1258,cold food very late tasteless very small portion
1259,coleslaw was spilled everywhere and food was late and cold
1260,قرف كل حاجه الاوردر جيه متاخر ٣ ساعات و متاخر و بارد
1261,الاكل كان بارد رغم اننا يعتبر في جو صيفي
1262,سيئ
1263,طلبت كولا وحطيتو لي عصير تفاح
1264,ناقص المشروب
1265,Never arrived
1266,السعر المدفوع غير المكتوب في المنيوز الاكل مكنش سخن دافي تأخر الاوردر في الوصول
1267,I didn’t receive the right sandwiches
1268,الاوردر ناقص الرز
1269,Order got cold as f because of the delivery
1270,I didn’t receive the order due to electricty issue in the branch and i didn’t get my money back!!!!!!!!! And when i called the restaurant after 2 hours of the order they said it’s not our issue it’s the menu’s u have to cancel the order with them aft...
1271,"very bad experience,the order arrived more than two hours late, it was missing some items, the portions were very small and unexpected, the food was very cold, the coleslaw was definitely expired and tasted horrible, the fries and sandwich were soggy"
1272,الاوردر اتاخر دي اول حاجه وكمان الاكل مش احسن حاجه خالص
1273,"Late arrival at a non busy time, order missing FOUR ITEMS and after calling the driver he said he will contact the restaurant but nothing happened after. yet from what arrived, taste was good."
1274,reported
1275,اوحش اكل جبته الاكل بارد و الطعم زفت
1276,do bad
1277,so bad experience
1278,تجربة زي الخرا ربنا ينتقم من اللي كان السبب الاوردر مجاش اصلا
1279,مكرونة بايظة و ريحتها طالعة....انرمت في الزبالة
1280,الاكل والعلبة زفره وريحتها زفاره الفراخ حلوة بس لو تهتموا بالنظافه الاكل حيبقى احلى التويتر بيطحطش عليه طماطم
1281,كل حاجة حلوة ما عدا البطاطس بالجبنة مش طازة والجبنة ملحوسة الكرتونة كلها
1282,طلبت كب جمبري جالي فراخ عاوزة فرق الفلوس
1283,the food was double cooked it was so oily I won't order from kansas again
1284,قطع الفراخ صغيرة مقارنة بالسعر
1285,"Hour and half late. Cold, dry chicken. It used to be very good. Unfortunately, the quality is going down."
1286,طلبت فرايز معاها جبنة زيادة و مجتش غيز فرايز عادية
1287,اوسخ حاجة في الحياه ده لو الاوردر ماكنش اتبدل بزبالة و جيه متاخر
1288,الاكل وصل بارد تلج بجد والكلو سلو سيئه
1289,قولتلهم مش عايزة جبنة وبردو حطوا جبنة ورميت الساندوتش
1290,اكل بارد ومجلد
1291,The chicken was old and dry and definitely not fresh... itself the first time though to experience this with them
1292,Coleslaw diluted by water Chicken parts not cleaned properly before cooking Bad smell & taste Believe it or not stray cats refused to eat it !!
1293,الاوردر كان بارد جدا
1294,Too oily
1295,متحطش فلفل اسود في الساندوتش
1296,الأكل جية بارد بسبب التأخير و الاوردر جية غلط
1297,asked for white meat and all pieces were red meat
1298,اولا الابلكنيش فعلا محتاج تعديل وتطوير طلبات افضل بكتير
1299,اكل مش حلو خالص وجه متأخر والفرايز بايته ومجلده اول واخر مره اطلب تاني
1300,"Taste was not that good, the food was too oily"
1301,Not delivered yet
1302,الاكل سيئ جدا وبارد
1303,the corn ribs were not fried with herbs instead they were boiled with mayonnaise and sauce! weird!!
1304,Arrived late and cold
1305,منتهى الارف بجد
1306,I didnt receive the order !!!
1307,مجاش
1308,Arrived in 2 hours instead of 1 hour Restaurant would not answer when I called Food came very cold
1309,اسوء خدمة عملاء في العالم ده بجانب اني عملت اوردر من الwebsite و نسيوه او مخادوش بالهم منه بجانب اكتشافي فرق سعر بين الwebsite و ال call center و حقيقي الأكل مايستاهلش الصبر على سوء الخدمة ده
1310,للأسف مش حلو . ثانيا الكول سنتر بيقول معلومات غلط و وصف الساندوتش اللي مكتوب غير اللي بيجي . مكتوب ال hot chick sandwich عيش بريوش و بيوصل في توست زي ريتش باك و لما اكلمهم يقولي هو ده و واضح انهم مش عارفين الفرق بين الاتنين
1311,سي جدا و بارد و الفراخ فاسدة للأسف
1312,اسوء مره طلب فيها وجبه و الفراخ مش طازه و و برده و تعبت من بعدها حاجه كانت مقرفه
1313,M
1314,wesel mt’khar awy
1315,شوية نصابين بيغيروا سعر التوصيل على مزاجهم وبيتلاعبوا في التوصيل حسب الأوردر كبير أو صغير
1316,Ordered the meal at 8.15pm and still waiting for it !!!!
1317,دافع ٣٠ جنيه زياده عشان جبنة ع البطاطس و الجبنة مجتش ولا البطاطس + السندوتش طماطم بالفراخ مش فراخ بالطماطم
1318,الاكل وحش قوي والرز صعب جدا والسندويتشات مش حلوه والفراخ مش مقرمشه
1319,الاوردر جيه متأخر شويه - سلطه الكول سلو والعصير كانو فى كيس واحد والسلطه الميه بتاعتها كانت مغرقه الدنيا - الاكل كان بارد جدا - طعم الساندوتش كان غريب والصوص مش حلو خالص
1320,there was a juice with the meal and you didn't bring it with the food!
1321,الخضار بايظ حسبنا الله ونعم الوكيل
1322,very oily and the chicken smelled bad and was not fresh .. not a good experience at all.. and also the Buffalo sauce was not sent to me though I was charged for it!!!!
1323,الاوردر وصل بعد ساعتين و الاكل بارد
1324,The chicken pcs were not fresh And the wings were like wet and not crunchy
1325,اوسخ مطعم انا محربتش الاكل عشان الاوردر مجاش اصلا
1326,اكتر من مرة بيجيلي الاوردر خطاء
1327,"Extremely late, had to call the damn delivery guy to get him to move"
1328,no extra cheese like I requested.
1329,الاكل بارد جدا والساندوتشات مالهاش اى طعم خالص وحجمه مش متناسب مع سعره... اول واخر مرة
1330,الاكل بارد جدا جدا و العيش بايت و الطعم سئ جدا
1331,Didnt my follow my cooking instructions —spicy lemon…
1332,سئ جدا جدا
1333,Hot and good but oily and just no that tasty
1334,didn't get my BBQ sauce.. made the meal kinda bland.
1335,food was tasteless
1336,المشكلة الوحيدة في mac n cheese الصورة ان عليه فراخ بس مجاش عليه فراخ فحاجه misleading شوية بس غير كده الاكل كان لطيف
1337,missing items (rayeb)
1338,Overpriced and portions are soo small. The Nashville chicken sandwich is tiny
1339,برجاء اضافه معالق لم يتم ارسال
1340,المفروض ان بيجى مع الوجبه عصير او رايب مجاش حاجه خالص
1341,لأول مرة الطلب وصل متأخر ناقص ، كان ناقص قطعتين الستربس و علبة الأرز .. و اخد ساعة و ربع فى التوصيل
1342,وحش جدا الاكل بارض و عرقان و جيه متاخر جدا و خدمه العملاء زي الزفت بصراحه
1343,not fresh
1344,اوحش كل دوقته في حياتي
1345,فيه قطع بايظه
1346,I ordered the sandwich large and spicy with extra american cheese but got it regular original and without extra cheese
1347,الاكل كان مملح بس كان جميل
1348,Honestly it was awful. Can't believe I paid that much for this
1349,"I paid the order in cash, and the amount was withdrawn from my bank account. What is going on? Why am I paying double the amount?"
1350,Got the fried chicken pieces. the crunch was too much but the marination didn't reach to the chicken meat. it was too bland and if u don't eat much of the skin then you won't enjoy. their rice is nice with cinnamon.
1351,oilyyyyyyyy can't believe it
1352,"Very late delivery, and food was cold. Taste was good though after microwaving it."
1353,Bad taste Ordered Buffalo sandwich but they don’t even know what Buffalo is
1354,للاسف الاكل كان مالح والبطاكس وحشه جدا وبايته
1355,ماك اند تشيز مفيهاش جبنه
1356,كنت طالبه مخلل باعتيلي هالبينو😑
1357,كلوسلو و عصير
1358,The food was so bad and tasted bad.. The chicken was almost burned.. The sandwich was so cold and not properly cooked
1359,الساندويتش صغير جدا جدا ملوش لازمة و الفراخ ملهاش علاقة بالNashville اصلا عبارة عن فراخ عليها شوية شطة و بس. حاجة تقرف
1360,خدمة سيئة لم استلم طلبي
1361,order should have had two fries but only cane with one
1362,Order recieved early before iftar more than 1 hour
1363,Absolutely horrible i swear its so freaking cold and chicken is probably not cooked well and it’s literally the same temperature as the juice maybe coolder
1364,Not the mac & cheese size I ordered
1365,very bad. I'm feeling sick since i ate.
1366,سيئ بشكل عام
1367,it tastes horrible I think I will be sick
1368,الاوردر جالي غلط وكان سحور فياريت تاخدوا بالكم.
1369,حصل مشكله ان الاوردر جه ناقص و تم التواصل من الفرع و حل المشكله سريعا
1370,Ordered on Iftar received the order more than 60min before iftar….food was extremely cold and some items weren’t eaten as they might have gotten rotten
1371,متاخر ساعتين و الاكل مش زى الصوره و مش حلو
1372,the food was good but they forgot the fries and the coleslaw
1373,It wasn’t large at all! And the coleslaw was horrible
1374,No nashville sauce at all
1375,Overpriced
1376,"I placed the order to be delivered at 5:27 not on iftar, it’s now 6:30 and it hasn’t been delivered yet!!!!"
1377,"cold and very smal pieces , bad experience."
1378,الاكل كان حلو اوي بس الكول سلو مجاش مع الاكل
1379,Late delivery although i ordered very early
1380,"I didnt get my 2 buffalo ranch sandwiches, i got 2 chicken sandwiches instead there wasnt any buffalo or ranch sauce"
1381,الاوردو اتأخر ساعة و نص و جي بارد و البطاطس مدلوقة
1382,I received the mega tasty sandwich single with only one layer the single Buffalo ranch was half price and bigger than the large one
1383,The chicken pieces was not as written
1384,اكل سئ للغاية بجد و البطاطس بايتة و طعمها بشع و الساندوتش ملوش اي طعم بجد اسوأ اكل اكلته
1385,الاكل بارد و اتأخر و جالي مشروب غلط منصحش بيه نهائي
1386,وصل ناقص عيش
1387,كمية الفراخ اللي في السندويتش قليلة جدا عن كل مرة
1388,الاوردر متبعتش الفرع اصلا و مشكله و انا كنسلت و عاير الفلوس حالا
1389,حاجة قرف اكل بارد وطعم مقرف وجاي متأخر
1390,الاكل اتأخر وبدل الكولسلو بارز
1391,V late delivery
1392,Kensas missed 4 chicken strips from my order that I paid in full..neither else menus support nor kensas staff took my complaint seriously
1393,الطلب لم يصل
1394,"verrrrrrrrrry salty and the rice is burnet and sticky, really worst meal ever ordered"
1395,"The order was missing 3 fries, and the chicken was old and re-heated. The chicken tasted like boild chicken, and it didn't have any seasonings. The chicken pieces were VERY small. There were no spoons, gloves, or napkins. Worst fried chicken EVER."
1396,food not delivered
1397,J
1398,بارد وسيء
1399,Cold food and delivered after 2 hrs and half
1400,4 قطع منهم 2 دبوس ب 255 ؟؟؟؟؟؟؟؟؟؟؟؟؟؟؟ لاتعليق !!!!
1401,الاكل وصل متأخر وكان بارد ووحش جدا تتبيله الفراخ سيئة وعملنها اي كلام وحطاين على الوش توابل غريبه ووحشة الريزو كان معجن وقطع الفراخ اللي عليه قليله،،مطعم مش بروفشنال خالص منصحش حد يجربه
1402,Attention to notes written on order
1403,مطعم قذر و اسوء اكل كلته فى حياتى . طلبت وجبة فراخ جاتلى بايظة و ريحتها معفنة حسبى الله و نعم الوكيل فيهم .
1404,الاكل سيئ جداً و وجع بطن تاني يوم اخر مره اكل من كانسس الصراحه
1405,ريحة الاكل كأنه سمك مقلي بزيت سيئ بس الطعم كويس
1406,الاورد جه بعد ساعتين جه بارد جه غلط جايبين ارز مع اني طالبه كولوسلو كل حاجه سيئه الصراحه
1407,Most of the food was good. Especially the chicken wings. But the coleslaw was had a bad small and was ruined. I had to throw it away.
1408,المفروض انه الساندوتش قطعتين جه قطعة واحدة مش دابل
1409,Perfect
1410,الفراخ زفرة وبايظة
1411,The order was supposed to include coleslaw It came with rice instead
1412,The restaurant canceled the order at the time the order was expected to be delivered - i ordered 5.20 they canceled the order 6.10 !!
1413,order arrived with wrong items
1414,"i ordered coleslaw, its not delivered with my food. what happened??????????"
1415,Very bad quality order ( Boss sandwich should be 2 pieces of chicken but I received only one small piece withe very bad quality and fries isn’t fresh and saggy)
1416,The order isn’t complete. I recived only one packet of potates. And I should have 2
1417,The food was good but the delivery was terrible as usual
1418,اسوء وجبة شوفتها فى حياتى مطعم مش محترم علشان الاكل بايظ و ريحة الفراخ قذرة و واضح ان الااكل مسخن اكتر من مرة و رميت الاكل كله . و انا منتظر حد يكلمنى عشان على وجة السرعة من حضراتكم
1419,الاكل كله بارد و و سيئ و ناقص كول سلو مفيش حاجه حلوه ف الاوردر و حتى مش عارفه اوصل للدعم اشتكي!
1420,I ordered a buffalo burger and got a tiny clubhouse one instead. I’m so angry right now
1421,I didn’t receive the rice please contact me
1422,ساعتين منتظر الاودرد وفي الاخر مجاش، قلة ذوق
1423,الاكل بارد بسبب تأخير الطلب
1424,توح
1425,إدي اللي بناخده منكوا قلة ضمير و قرف! الفراخ كلها طالباها سبايسي جايالي عادية مافيهاش نقطة بهار ولا شطة كإني باكل فراخ مسلوق ربنا ينتقم منكوا حسبي الله و نعم الوكيل في الفلوس اللي خدتوها و كلنا بيها طعم استغفر الله العظيم. مايتاكلش
1426,There was juice in the order but the order came without any . The chicken wasnt fried well
1427,"The order is late more than 1.5 hours, the delivery person didn’t know the address or the location. Very rude … very rude… worst experience ever… NEVER order from this restaurant, they don’t deserve a penny of anyone’s money. Terrible!"
1428,الاوردر جه ناقص ووحش جدا العيش قديم وجايب معلقة واحدة مع الاوردر كله
1429,They did not deliver my order
1430,There is no fries only 10 ones !!!!!
1431,كان معجن
1432,الفراخ ناية و وزفرة واصلا كنت طالبة الوجبة وايت ميت جتلى كلها دارك و الكورسلو حمضانة حاجة فى منتها القرف
1433,"Wrong order, instead of coleslaw you put rice. Bread and chicken and fries not fresh and super cold. So little sauce which made the sandwich tasteless. So disappointed"
1434,"food was late, cold and the order was spicy when ordered non-spicy. the customer service promises to call back but never does. avoid at all cost"
1435,"My order is rejected for no reason, very disappointed"
1436,"they never delivered the order and put me on hold for more than 20 minutes when i called them. i will avoid them, do not order if you want to get your food. you will not receive it."
1437,The food was cold
1438,It was very spicy & was not mentioned in the description. And why not have the regular & Spicy.
1439,Food was cold and not to standard.
1440,Very bad today
1441,جبت عرض اشتري واحد والثاني مجانا ولطيف جدا 🙏🏻
1442,Thank you
1443,The food was very late and very cold
1444,So much sault
1445,شكرا شكرا
1446,Food is cold and oily
1447,نجمة حتي كتير عليه بجد بقالي كتير مكلتش اكل سئ بالمنظر دة ولا طعم وشكل ولا نفس اللي مطلوب حتي المااك ان دشيز استغفر الله بس تقرف
1448,i need to change order
1449,أكل بايت طعمه سيء
1450,I ordered the arizo spicy not barbecue but it came with barbecue which made me very angry
1451,Wings were amazing
1452,"honestly, calling that a ""large"" burger is just a scam. Just say it's a medium burger so that I'd order something else alongside it..."
1453,Bash3
1454,I choosed none spicy food however the sandwich I’ve received was spicy!
1455,من اسوء الاوردر اللي طلبتها كمية البطاطس قليله جدا والسندتش صغير جدا غير اللي موجود في الصوره قطعه الفراخ صغيره جدا في السندوتش
1456,الأكل بايت
1457,الاكل جه متأخر ساعة و نص تقريبا و من غير العصير
1458,الأكل بارد ،البطاطس مقلية مليون مرة و مجلدة،الطلب كان سبايسي و اللى جالى عادى،كنت طالباه اوراك فقط بعتولى صدور. يعنى اختصارا النطعم بعو اوردر على مزاجة و ياريت طعمة كويس
1459,never got the order
1460,بسم الله ما شاء الله اوسخ حاجة اكلتها بعد ومبي فرع زايد
1461,الفراخ غير متبلة والاكل واصل بارد
1462,order came missing item and the restaurant didn't send it or even call
1463,Order was never sent to the restaurant i had to call them and they started preparing the order after an hour
1464,"terrible, chicken sandwich, patty was undercooked the dinner meal was terrible, oily, hard, unedible breading, that covers the real size of the chicken pieces"
1465,العيش بايت و قطعة الفراخ صغيرة و مالهاش طعم . الكول سلو و الأرز كويسين.
1466,الوجبتين كل واحده فيهم ناقصه قطعتين استريبس
1467,الخبز ليس طازج (بايت) و قطعة الدجاج صغيرة و ليست متبلة جيداً و الخس ليس طازج كذلك.
1468,"Save your money, worst experience ever I really do hope those chains go out of business"
1469,الاكل كان ناقص و بارد و اتاخر كتير
1470,الساندوتش طلع حراق وربنا ستر اني اخدت بالي من اول قطمه وماكانوا لاني ما بكلش الحراق ملحوظه مش مكتوب في الموقع انه حررررااق
1471,food was cold
1472,"this was my first order from Kansas and i was a little disappointed, i hope you guys pay more attention to the matching food images cause i thought the mac and cheese had chicken in it like shown in the pic or at least clarify it in description"
1473,الاوردر مجاش بي الشكل المطلوبة
1474,اسواء فراخ كلتها في حياتي و باين قوي انها متسخنه اكتر من مره و وجع بطن رهيب بعد الاكل منصحش بيه خالص
1475,الأوردر لم يأتي
1476,Worst mac n cheese bad fried chicken
1477,الطلب مكتوب يوجد رز و باربكيو و لا دة جه ولا دة جه
1478,Worst order from Kansas. This branches quality sucks! The one in Heliopolis is muuuuch better. Didn’t enjoy that at alll!!!
1479,321 mix meal the pieces tasted very bad !
1480,البروست مليان زيت ويتعب الصدر
1481,"I ordered one juniour fillet sandwich , I received kids chicken burger instead. And the order took almost 2 hours to get prepared and delivered although the estimated time was 50 mins!"
1482,الاكل موصلش
1483,food was cold and this is the second time
1484,food was awful ngl mac & cheese was tasteless driver was good (not that i ate him) waste of 311 pounds could have bought red dead on sale instead
1485,very bAd and cold
1486,"I ordered white meat, I got dark meat with black spots and blood.. I didn’t like it! For over 250 LE for a single order, it should get some attention!"
1487,The rice is missing and the order duplicated and support in this app also it was cold and late What the fuck u service here !!?
1488,اكل وصل بارد جدا وتاخير 3 ساعات وحجم الساندوتشات صغير جدا وطعم يقرف تجربة سيئة جدا
1489,جامد فشخ
1490,it came later than expected and the food was cold and one salad was missing plus the sandwiches were spice which is not what we ordered overall the experience was not as I expected at all
1491,الاكل بارد جدا والساندوتش صغير اوي اوي مع انه مكتوب كبير حقيقة تجربة لن تتكرر
1492,الأكل ناقص كولسلو
1493,البطاطس مش احسن حاجه
1494,الاوردر تأخر ساعتين.. في قمة الاستفزاز
1495,الاكل وصل متاخر - بارد - ملوش طعم - تحربة لن اكررها
1496,Too much spicy
1497,كان وحش اوي المرة دي ومزيت وكمان الزر متآكل منه.. مش عارفة بقى ده الدليفري ولا هو طالع من الفرع ناقص
1498,Very cold and stale
1499,chicken strips were tasteless
1500,Bad quality
1501,الاوردر غير المكتوب يعني اوردر ٦ قطع ٥ أوراك و ١ بس صدر و الصدر مش سبايسي ملهاش طعم مفيش اي توابل و الوجبه الاربع قطع ٣ أوراك و صدر واحد بس وده مش مكتوب فالوجبه و الرز معجن طعمو وحش و الكولسلو وحش جدا
1502,The Bread was so badd. مفرول
1503,ساعتين عشان يجي الاكل و اكلم خدة العملاء يا الcall center يهنج و ما يردش يا خدمة العملاء تكون فاشله و تحطك علي الwaiting تلت ساعه و مش من واحد ده حصل من كذا واحد الهو ولا في ناس شغالين بتفهم ولا في طيارين بتوصل و حاحه قلة ادب
1504,"Order took 3 hours and delivered cold and bad taste, wont order again."
1505,The delay tike was From the restaurant not the drivere
1506,Food was really cold and some pieces of the chicken smelled bad we did not eat it. Also it took more than 90 mins to arrive. Overall a bad experience to be honest.
1507,"3 hours to deliver a order, ordered at 6:15 till 9:15 and the order didn’t received yet,,, called the customer services 3 times and every time they said the delivery boy moved from the branch…"
1508,اكتر من ساعتين والاوردر لسه مجاش لحد دلوقتى
1509,الاكل شبه بارد بعد ساعة ونص انتظار
1510,I want refund
1511,الفراخ بشعه و ريحتها زفارة واترمت والله مايدفع فيها جينه
1512,بجد ايه القرف دا الاوردر متأخر و ناقص وبارد واحد دافع فلوس بتعامل كدا ايه دا بجد !!!!
1513,العيش كان وحش جدا سيئ
1514,I got my food at 7:30 and i ordered by 3 very bad not recomended unprofessinal branch manager
1515,اسوء تجرية
1516,H
1517,the food was cold and sandwiches were so small and no enough chicken added
1518,It is called large but it is not I did not required spicy but I got spicy sandwich!! I’ve required orange but received mango instead!!
1519,"the food was cold, instead of the rice they gave me a colslow and the large sandwitch was half a chicken piece and a size of a macdoo(so small) so if this is the normal service here i will never order again from this restraunt again"
1520,Didn’t even get the food
1521,الاودر وصل بدون كلوسلو
1522,للاسف اتاخر جدا وجه بارد
1523,العيش مفرول مش طازج
1524,Food is not delivered
1525,الاوردر بياخد ساعتين علي ما ييجي
1526,الاكل بارد ومتاخر وطعمه ميستهلشي المبلغ اللي ادقع
1527,"It is very cold sandwich, rice and fries"
1528,الكل جي بارد جدا
1529,الاكل وحش جدا ووجعلي بطني انت ومراتي وبنتي وبجد واحدة من اسوء التجارب في حياتي، اول واخر مرة اطلب من كنساس
1530,bad rizo
1531,it didnt have neither ranch or buffalo it was just a bun and the chicken and lettuce
1532,الاكل بارد جدا و البطاطس مجلده و الساندوتش ملوش طعم
1533,It didn’t arrive to me - very bad experience
1534,الاكل كله دارك ميت و طعمه مش حلو خالص .. مع اني متصل و موصي قبل الاوردر بس حتي الاستندرد اللي المطعم بلغني بيه مش هو اللي جيه
1535,The delivery was super late!! It took them hour and half to deliver!!
1536,Small sandwich
1537,الاكل وصل بارد جدا ومجلد
1538,There was a technical issue with our order and we waited for two hours and a half.
1539,the order came wrong
1540,"The food is very horrible, my daughter and I have been poisoned!! everything was terrible!! It is a disaster!!"
1541,i didn't received the order it came late 1 hour
1542,الاكل وصل متلج وطلبت المطعم دون جدوي
1543,Didn’t follow instructions. Food was very cold and the onion rings were undercooked.
1544,الفراخ من غير توابل نهائ
1545,Add the fries back to this meal
1546,"Cold food, not fresh"
1547,زمان كان كويس .. دلوقتي الاكل مالوش طعم والعيش بايت، التتبيلة مفيهاش ريحة الملح او اي بهارات.. انتم بتوفروا المكونات؟!!.. مش هطلبه تاني!
1548,The bread was burnt
1549,Never got an order I made as they take like 3 hours to make it
1550,الارز الصغير مجاش
1551,dry chicken and lacks seasoning and taste
1552,تأخير اكتر من نص ساعة و الأكل واصل ساقع
1553,Last experience was not good. Food was cold and the sizes of the chicken were funny. Also I got 2 cole slaws instead of two rices. Above all prices increased. Please be more reasonable
1554,cold food never again food tastes weird took so much time
1555,burger too small compared to the bread fries tastes weird
1556,the food was bit warm .
1557,I didn't receive the colslaw included in the order
1558,the delivery was too late .. it took too much time last time to order from here
1559,"I ordered large fries and paid extra money for the size, and then i got a very small pack of fries"
1560,The sandwich and fries came cold and the portions were tiny
1561,Order not even delivered!!!
1562,حسبي الله ونعم الوكيل في الاكل اللي جالي تلج و مجلد والطعم مش حلو
1563,مطعم زي الزفت وخدمة قرف زيهم بالظبط بعد انتظار 3 ساعات يقولي الاوردر اتلغى تجربة زفت ومطعم زفت زبااالة
1564,الاوردر المفروض يكون اربع قطع (صدر ورك دبوس كيلة) وانا طالبة جارليك صوص لارج مجاش والاوردر كان عبارة عن تلت وراك ودبوس Which is disappointing !!!!! Last time to order from you
1565,The food is very cold and it took almost 1 hr and half to receive it
1566,"order delayed 1 hour and came in bad condition not as expected, bad experience not recommended"
1567,الاوردر موصلش اصلا
1568,The order was very late and the food was as cold
1569,الاوردر لسه موصلش لحد دلوقتي
1570,يعني أنا كاتبة كومنت طويل عريض مش عاوزة خضار في الساندوتش ولا صوص ومأكدة ان الساندوتش بالفراخ بس ومفيش فايدة برضو !!! تجربة سيئة حقيقي !!!
1571,The order did’n come !
1572,didn't receive rice
1573,الاكل كان متلج
1574,Came late and was cold
1575,الاكل سيىء حقيقى و دية مش اول بس المرة دية قررت انى لازم اكتب رفيو وحش الاكل مزيت بشكل غير طبيعى بجد حتى البطاطس طرو جدا و مزيت و الفراخ مش مقرمشة خالص
1576,بجد الأكل جه بعد اكتر من ساعتين وهو اساسا قريب مني و كمان البطاطس كانت مجرمزة و باردة اوي كانت اسوأ مرة جبنا فيها اكل
1577,the order is not prepared for 3 hours and contacted the support twice then canceled the order
1578,مش سخن
1579,"Last time delivery was way too late , food was cold and has no taste , sorry"
1580,The order was TWO hours late! It was very cold.
1581,القطع كلها اوراك تقريبا قطعة واحدة فقط صدر و الباقي كله اوراك
1582,I didn’t receive the order!!
1583,Rice missing & bad coleslaw worst taste ever
1584,Worst experience from the restaurant and elmenus
1585,Two times there was missing items!
1586,طلبت عصير اضافي ولم يصل الا عصير واحد فقط ووصل الطعام بارد ومذاقه غير مقبول بعد ساعة وربع من التأخير
1587,the ordre supposed to be there 3 dumpstick there is no
1588,I didn’t receive rice
1589,the driver was very rude to me and insulted me because he couldn't read the Google map
1590,they did not deliver it to me and they that I'm out of zone after waiting 3hrs
1591,الاكل بارد والاوردر اتأخر
1592,ساندوتش هالك كان نصه فاضي او قطعه الفراخ صغيره جدا ع عيش
1593,الاكل اتأخر جدااا و وصل بارد .
1594,"the burger bun was much bigger than the chicken burger the chicken had no spices at all, didn't like the fries also , and why putting mango juice in the photo of the order like u are respecting boycott but u bring me a Coca-Cola instead so disappoint"
1595,Forgot rice
1596,Canceled due to late delivery
1597,small portion half of the fries gone
1598,الاكل بارد و عاوز اعمل شكوه بسبب ان الاوردر اتاخر ساعتين و كمان بارد
1599,after 3 hours of waiting my food came cold and i never got a refund
1600,The food didn’t arrive
1601,الاوردر اتأخر اكتر من ساعه ووصل بارد و غلط طلبت عرضين مايو بافلو وواحد رانش موصلش الرانش
1602,"I ordered coleslaw for 30 pounds, it came opened and is all over the bag. The fries were so oily so i didnt eat it. You sent one back of ketchup! It was a bad experience."
1603,Didnt arrive
1604,بعد اكتر من 3 ساعات بكلم المطعم اقولو الاوردر موصلش ومتأخر يقولي لا اصل حضرتك اوت اوف زون طيب محدش قالي ليه من وقت ماطلبت بعد 3ساعات والمفروض ان الاوردر خارج وانا استلمتو
1605,الطلب موصلش اصلا، ومكتوب تم التوصيل
1606,the chicken had blood in it was so late and was so cold and got me sick and vomiting worst experience never trying it again
1607,2 wrong sandwiches
1608,"very bad experience, taste was awful"
1609,💔
1610,"I added a comment they didn’t do it and they told me tell the driver to go back and exchange it, the driver refused and they told me we have nothing to do"
1611,الاوردر ناقص الأرز
1612,Very short portion
1613,I received 2 classic sandwiches with 2 rice no coleslaw
1614,الكابوتشا مش فريش الفراخ مش متبله ناقصه ملح وفلفل الكلو سلو طعمها وحش بصراحه
1615,الأوردر مجاش اصلا واتلطعت تلات ساعات والدليڤري روح بيتهم .. أسوء تجربة
1616,الكول سلو حمضانه البطاطس الوسط صغيره جدا العيش مفرول الفراخ حته صغيره جوا الساندوتش
1617,كان بارد وملوش طعم وجه بعد الميعاد اللي المفروض يجي فيه بكتير
1618,Missing order!!
1619,"The portions are not similar to the description and it comes very late, and there is no plastic cover"
1620,The wrap was too salty but not bad. The sandwiches were tasty but cold. The fries was tasty. And the dinner box was accepted. 4/5
1621,very bad
1622,الريزو كان ناقص من الاوردر وتأخير كتير
1623,طعم الاكل بشع والتغليف مبلول والطعم فى منتهى السؤ
1624,"The restaurant said menu should deliver the order and lied and after waiting for 2 hours, the order never arrived and they marked it as delivered without delivering anything."
1625,it got so late
1626,سيئ جدا وبايت والبطاطس بشعه كله بشع الباكينج مبلول اصلا وحاجه صعبه
1627,ال coleslaw طلبناه إضافي ومجاش اصلا و الفراخ كانت بايتة
1628,الفراخ مش فريش و بتقطع بالعافيه
1629,اسوء حاجا ممكن تتاكل التغليف خره الاكل عبارة عن خره ايه القرف ده السندوتشات مقرفة و باردة بطريقة بنت متناكة حاجا كسم القرف يعني ٣٥٠ ف الارض كاتكو القرف
1630,انا طلبت الاوردر من غير صوص وجالي عليه صوص برضو
1631,الاوردر وصل بارد ومتأخر و الساندوتش مفيش فيه اي صوص ولا جبنة و الفينو كأنه بايت دي نقط مهمه لازم تاخدوا بالكم منها بالتوفيق👍
1632,الاكل متأخر وبارد نافص العصاير والمول سلو
1633,Missing item
1634,the
1635,Ty
1636,انا كنت مستني الاوردر بقالي ساعتين الاوردر موصلش و لما كلمت المطعم بيقولي خطأ في قاعدة البينات
1637,"They had only one job which fry the chicken and they managed to make the worst fried chicken ever, plus the delivery time in el tagamo3 is over 2 hours😑bgad the worst meal ever"
1638,The delivery was slow but food quality was very good
1639,"The meal arrived very late and cold. The driver called around 4-5 times to check the address. I refused to receive the food. Someone called from the restaurant to apologize and promised to deliver another order, and he didn’t!!!"
1640,اسوأ تجربة على المنيوز الاوردر اتأخر ساعتين وكان فى برومو كود طبقوه على الapplication بس ولما جاتلى الفاتورة حاسبت وبعدين لقيتها من غير الخصم والدليفرى رفض يرجع الخصم والاوردر كان ناقص الكولسلو اسوأ مطعم واسوأ خدمة
1641,The worst tasting sandwich ever I hope I don’t get food poisoning Chicken is bland with weird tasting sauce and fries were very oily not worth paying even 10 egp
1642,The winner meal clearly says 2 pieces white meat and 2 pieces dark meat. They got me all dark meat! The mac and cheese just sucks!! The order was 35 mins late
1643,الاكل كله تمام و متغلف كويس بس طعم الاكل مكانش مناسب ليا
1644,The order was extremely late
1645,The sandwich was ordered to be spicy but it came original
1646,it was a very bad taste
1647,السندوشات سيئه جدا وحجمها صغير جدا والخدمه مش كويسه خالص
1648,سندوتش صغير بس طعمه حلو بطاطس تحفة الرز وحش اوي طعمه محروق
1649,bad portions
1650,انا رفضت استلام الاوردر لانه اتاخر فوق الساعتين و عايزه فلوسي ترجعلي من فضلكم
1651,The order is completely wrong i ordered a spicy meal but i got a regular instead and i’m not happy about it
1652,where is my coleslaw salad? u sent me rice instead and I don't like it ....
1653,The sandwiches were so cold and the rice there’s no ketchup
1654,الفراخ كويسة بس الرز كان بايظ و الساندوتش البرجر كان فيه صوص سبايسي ريحته و طعمه وحش اوي
1655,كان سي اوي
1656,The order came with 6 fries only
1657,"This is so unprofessional, i made the order waitied for two hours then called them said the order didnt go through, in the call center there were peole laughing in the background and leaving me on hold. After that, they said the order will be sent to..."
1658,do you have a shortage of fries or something?
1659,"Sandwich came cold and chicken piece was small and thin, the cheese sauce was lumpy and cold"
1660,الاكل كان مملح بزياده و طعم الخلطه وحش جدا و جابلى اسهال
1661,the order didn’t arrive
1662,أحجام البطاطس و السلطات قليلة جدا و الفراخ كلها بقسماط على الفاضي و قليلة جدا
1663,Received a wrong sandwich
1664,i disnt deliver my order
1665,Big bossاجمد ساندوتش فرايد تشيكن فى مصر حاليا
1666,طلبت القطع تكون صدور الاثنين اوراك وسبايسي مش هتعامل معاكم ثاني
1667,الاكل كان بارد
1668,الاوردر وصول من غير رز
1669,❤️
1670,الاكل طعمه وحش جدااااااا ومش جاي سبايسي !!! وزفر وجاي بارد جداً
1671,البرجر والبطاطس باردين جدا وطول جدا لغاية ماخرج الاوردر
1672,The food was very cold and there was a delay in delivery
1673,كاتبين ساندوتش كبير و هو صغير جدا !
1674,Worst fried chicken & rice ever
1675,الطعم وحش جدا و الفراخ مش مقرمشة خالص بجد تجربة بشعة
1676,تحفة احلى فراخ و احلى طعم و احلى مرة طلبت فيها
1677,Not worth it
1678,"Chicken was very dry, also coleslaw."
1679,جيد ينبغي تحسين الآتي: 1. جودة الفراخ 2. ان يكون الطلب اكثر سخونة عند التوصيل 3- حجم قطع الستريبس متفاوت ف نفس الطلب وبشكل عام صغير
1680,الاكل بارد و طعمه سئ وناشف و العيش بايت ومفرول و وحش جدا والبرجر الفراخ سئ جدا جدا من اللي هو برجر مجمد وبقايا فراخ و الرز ناشف جدا وحرفيا خسارة جنيه واحد يتدفع ف الاكل دا تجربة سيئة جدا
1681,The order was very late noting that I DID NOT order during rush hour and it was cold and tasteless. The fries were cold as well and had too much seasoning. NEVER AGAIN.
1682,حلو إن الكاتشب اللى مع الطلب منتج مصرى مش مقاطعة
1683,Very spicy .. i didn’t order spicy sandwich
1684,The fries were damn near frozen I demand a full refund I still have some of the food from how bad it is I refuse to eat it
1685,"missing kids meal drink, all the order items packaged in one small paper bag"
1686,food were cold
1687,اسواء تجربه حصلت و اسوء اكل كلته في حياتي فعليا مطعم سئ جداااااااااا ولا انصح احد بالطلب منه و الناس مش محترمه في التعامل ولا في الكلام فعلا تجربه عمري ما هكررها تاااني انا قولت الناس ممكن تكون ظلماه في الكلام بس طلعت الناس عندها حق ويستاهل ان النا...
1688,السندوتشات صغيره جدا
1689,The food didn’t arrive for me to be able to review it
1690,"very bad taste, cold sandwich and very bad rice, I don't know how anyone can make rice this bad"
1691,الاوردر كان فيه 2 ارز و انا طلبت يتغيروا بطاطس و فعلاً غيرهم بس بعت واحد بطاطس بس مش 2 و كنت كاتب عصير تفاح بعت مانجا يا ريت البطاطس اللى ناقصة تيجيلى
1692,الاوردر مجاش اساسا ابلكيشن سئ
1693,طعم الفراخ عاديه مفهاش اي تتبيله استربس الشركات احلي منها
1694,متأخرين و لغيت الاوردر بسبب تأخرهم ٣٠ دقيقة زيادة عن الوقت محدد الي هو ساعة
1695,very bad exp
1696,Food was cold and heated
1697,الاكل بارد وغلط وتاخر في التوصيل
1698,الاكل وحش جدا. بارد ملوش طعم اكنه بايت. العيش مفرول الفراخ ناسفة. الonion rings بشعة. البطاطس مجلدة
1699,وصلني برجر فيليه فراخ وكانت الفراخ العظم
1700,حاجة صعبة اوي بيعملو الاكل في فترة طويلة اوي ساندوتش طعمو زي زفت و الرز قولتلهم من غير صواص الفراخ و الرز بس في تعليمات و مفيش فايدة حاطتلي بردو مش فاهم هو علي مزجكو ولا ايه اقسم بالله انكو صفر علي شمال الحاجة الوحيدة الي يعني فيها الروح شوية بطاطس ...
1701,"cold , late & bad.Also terrible customer service"
1702,Wrong order and definitely the worst fried chicken ever
1703,"Food was extremely awful, chicken pieces were meatless and dry. mac and cheese tastes really bad and it was cold. The whole order was bad"
1704,Ordered original came spicy
1705,why the food in the morning is cold how someone eat cold fry chicken the 2 sandwiches cold and potatoes 🥔 😩
1706,Small portions
1707,الأرز ريحته فيها عفن وطعمه بايظ وحامض ورميته في الزبالة مارضيتش حد ياكله.. الفراخ مزيتة جدااا مش طبيعي.. الكولسلو مالهاش نكهة أو طعم ناقص كده
1708,الاوردر اتأخر ٣ ساعات و قله ذوق من خدمه عملاء لمطعم بجد و مستلمتش الاوردر و اخر مره اطلب من المطعم دا تاني
1709,البرجر صغير جدا جدا وليس كما موضح في الصورة ارجو استرداد اموالي
1710,السندوتش صغير جدا والعيش بايت وببفرول وبيتقطع وجايبين مع المنتج جهينه مانجا عايز تبدلو كولا يبقى تبدولها بمشروب زي big cola او v7 ويبقى في اني اختار المشروب مش اللي موجود يجيلي
1711,Not an honest restaurant it was offered as a large sandwich and got me a very small one with very small amount of fries.
1712,order was wrong
1713,الاوردر في حاجات كتير غلط الساندوتشات جاية غلط و الفراخ اللي في السندوتش نية و سندوتش منهم المفروض مكتوب انه قطعتين جاي قطعة واحدة
1714,"i want to report the delivery was late , and when he arrived rang too many times although i wasnt late to respond. worst time to order ever."
1715,الاكل جي بارد والفراخ الطبقه اللي بره نشفه
1716,Food was slight Cold not as expected. service is terrible branch manger doesn't know the basic decency of to run a conversation and trying to blame to the driver on their mistake as usual
1717,Wrong sandwich I ordered buffalo mayo sandwich I received classic filet sandwich!!
1718,الاوردر بارد والبطاطس بايته متتاكلش غير ان الاوردر جاي بعد ساعتين في مسافه صغيره جدا
1719,food was cold an item was missing and delivery took 1:30 hours to reach it was very bad experience
1720,طلبت اوردر و جالي متاخر عن المعاد+ جالي كوكاكولا (مقاطعة)
1721,The order delayed more than two hours and I canceled it
1722,"i was ordered spicy chicken, and i got original"
1723,العيش بايت و مش طازه خاالص
1724,الاوردر وصل بعت ساعتين و نص و كان بارد و ناقص
1725,food is tasty but it came after 2 hours and the food was extremely cold
1726,الاكل بارد و تغليف زى الزفت
1727,The fu*king restaurant says they deliver to me later on when the order is supposed to be delivered they call and say I'm not within the zone of delivery
1728,بعد ساعه من طلبي الاوردر اتصلو بيا يقولولي اصل حضرتك برا منطقة التوصيل و الاكيد اني عمري ما هقدر اطلب لو انا مش موجوده في المنطقه والمفروض ان الاوردر اتحضر ويجيني قبل معاد وصوله بخمس دقايق يتصلوا يقولي كده
1729,Been waiting for 2 hours and my order still hasn't came. The restaurant is 15 min away from me...
1730,الطيار واخد الاوردار من 7 ونص جيبهولي 8 وربع والفرع جنبي ولما كلمته بيكذب عليا وببقولي انا لسه ف الفرع وجبلي الاكل يقرف وبارد
1731,Did not recieve my order
1732,تم نسيان صوص هوني مسترد
1733,مش مستويه وحشه جدا جدا جدا جدا الاكل مااتكلش وحش لابعد الحدود
1734,الاكل بارد والفراخ ملهاش طعم والكميه قليله جدا عمري ما هاكلو تاني
1735,"Worst food I have had!!! Tomatoes were rotten, no taste, horrible fries! Very late delivery! Never ordering again from that terrible restaurant!"
1736,Didn’t try it
1737,الفراخ مقبولة بس مش مبهرة خالص الريزو معجن وطعمه مش أد كده خالص وصوص البربيكيو مسكر اوفر مطلبوش تاني بصراحة
1738,سيء جدا جدا جدا جدا جدا
1739,It was delivered late as well as cold food and very small portions
1740,الاكل كان وحش جدا الفراخ مش متبلة ومش متحمرة كويس والخس لونه اسود ودبلان تجربة سيئة
1741,Cold food and late delviry
1742,The food was very cold
1743,مش احسن طعم
1744,متوسط
1745,Order did not arrive
1746,"Chicken not fresh i didn’t eat some of pieces cause of very very very poor quality I threw some of them in the trash also the order is incomplete ( BBQ ) In addition, the order arrived late"
1747,cold as ice
1748,الطعم سئ جدا الوجبه بارد والطبقه الخارجيه منفصله عن الفراخ و طعم الفراخ و الطبقه الخارجيه سئ و غير طازجه
1749,الفراخ بدون اي تتبيلة
1750,Fe 7agat mgatsh
1751,I ordered buffalo but received regular chicken sandwich
1752,اسؤا مطعم و اسؤا ابكليشن خدمه عملاء زفت بعد اكتر من ساعتين و نص انتظار
1753,i ordered cheesy fries and it came little to none cheese on it.
1754,الاكل بارد تلج والعيش لازق ف التغليف وواصل متأخر
1755,my order Didn't Come
1756,Ggg
1757,ده أسوأ اوردر الواحد ممكن يطلبه
1758,الفراخ ساقعة و طعمها كان مجلد و مش حلو
1759,الاكل وصل بعد اكتر من ساعة ، و السندوتش صغير جدا بل نسبه للسعر ، و البطاطس كانت قليلة جدا ، و الكلو سلو كانت سيئة .
1760,"Worst delivery , worst customer care , they didn't take an action for complaint at all . Although i asked for refund"
1761,Very very very late arrival of food. Disappointing.
1762,"Horrible food, the food was too cold and mushy"
1763,Very cold sandwich and the honey mustard sauce is disastrous the order was almost 2 hours late
1764,Food was very bad and cold and they forgot to get my drink and salad
1765,الطب لغيته لان اتاخر اكتر من ساعة ومفيش حد اتصل ولا حتي وصل !!!
1766,الساندوش كان فاضي ؟؟؟
1767,الاكل حلو بس بارد شويه و البطاطس صغير
1768,Worst sandwiches ever
1769,"The rice was undercooked, the fries had no seasoning, and the sandwich had very very little sauce."
1770,The chicken full of oil
1771,الساندوتش جاى بارد جداااا والفرايز نفس الكلام وفيها بواقى دجاج اول مرة اطلب اوردر من المطعم ده واخر مرة إن شاء الله
1772,الاوردر ب ٩٠ج بعد تخفيضه عن السعر الاساسي اللي هو ١٨٠ج و حجم السندوتش و كيس البطاطس اللي مينفعش لطفل ميعملوش ٤٠ج هو ليه النصب في التسعير؟ دة غلط كبير من المطعم و من المنيوز
1773,"I received the wrong order so I refused to take it, the driver had to go back in cold weather to bring my order but I called him and asked him not to come back as i will cancel my order But the app is refusing my cancellation"
1774,أنا طلبت سبايسي وجالى عادي وكان بارد للأسف.. بس الطعم مش وحش بالرغم من كده
1775,Strips are much much better than chicken pieces with bone
1776,اسوء خدمه بعد انتظار اكتر من ساعه يقولى الخدمه غير متاحه ف منطقتك والتوصيل متاح قبل بيتى بشارع طيب كنت بلغنى وقت طلب الاوردر اتصرف مش بعد كل الوقت ده فعلا اسوء خدمه
1777,مفيش اى مهنيه وناس قله زوق شكلهم فاكرين أننا لما عملنا مقاطعه لماك وكنتاكى وكام مكان هنقبل باى حاجه وخلاص والمفروض اننا نقبل كنساس من النهارده مقاطعه هما كمان علشان يعرفه يتعامله مع المصريين إلى بيفهمه ف الاكل والذوق ومش بيقبله بمعامله سيء من اى حد
1778,كله حلو بس اتاخر
1779,My order was including colslow but it wasn’t delivered
1780,the order took more than 150min to be dileverd from a restaurant located in my street!!!!!!!!!
1781,الاكل طعمه غريب وسيئ جداً الفراخ مش متبله
1782,وحش وبارد والطعم وحش رميتو في الشارع مكلتش منو بسبب انو وحش جدا كونت هعمل مشكله بس عادي مافيش حاجه بس انا عايز حقي بدل ما انزل صور الاكل علي الفيس وكل حته
1783,Food tastes awful and disgusting
1784,I did not receive the order although I sent the driver my location on whatsapp twice
1785,Taste not as expected and was chilli
1786,هو اخدنا دبوس واحنا دافعين عشان قطع صدور وكان بارد جدا ووحش النكهة
1787,"Not recommend at all specially the chicken Sandwiches menu, the piece was very small and very bad taste. the delivery took about 2 hours and the food was delivered cold and not fresh."
1788,so bad two hours for delivery and bad portions and not as good as we expected never again
1789,Didn't even arrive
1790,سئ جدا جدا والاكل بارد وميتاكلش. .
1791,الاوردر كان ناقص قطعة الفراخ اللي مع بوكس راب
1792,Zero not even one !!
1793,food tasted horrible
1794,مش نفس الساندويتش
1795,"Very late delivery, the food was too cold not even hot and wasn’t good enough as expected."
1796,"2 hours late, food was cold"
1797,الدليفري مهذب جدا ولبق ومحترم الله يكرمه ويوسع رزقه
1798,Very bad no taste at all
1799,الاكل مالوش طعم وصغير جدا
1800,الاكل بارد جدا لكن طعمه حلو وجاي متاخر طبعا الصراحة المفروض يحسنوا الخدمة اكتر م كده
1801,"I waited for 2hrs, after calling they said sorry for not delivering it do u still want it? They didn't think of calling to tell me there is something wrong"
1802,الاكل أتأخر اوي و جي بارد و مجلد
1803,"it was very dry, mostly bone and skin."
1804,الاوردر مجاش اصلا والتواصل زفت واتكلمت 3 مرات وقالوا المندوب هيتواصل معاك والاوردر قعد ساعتين ونص وفالاخر مجاش واتصلت قولت لو جيه مش هستلم حاجه
1805,"Delivery came 40 mins late, food was very cold and soggy and the driver’s attitude was unacceptable, overall a horrible experience never ordering it again"
1806,No sandwich received
1807,Not the best
1808,طلبت سندوتشين بس وصل ساندوتش واحد فقط
1809,كان مكتوب أن المشروب عصير جالي كوكاكولا والمفروض اني مقاطعه
1810,I didn’t recive the order
1811,جيه متأخر اوي لكن الاكل حلو
1812,"Very very bad , The chicken smells bad, dry, burnt and very bad"
1813,وصل بعد ساعه ونص واكل متلج😡 كولسلو يقرف ومفيش حتى شوكه ولا معلقه اكلو بيها الفراخ فى الساندوتش كاوتش ومبتتمدغش ولا باكيت كاتشب واحد ولا حته منديل احسن حاجه فى الاوردر كانت تتبيله البطاطس
1814,ليه لغيت المقاطعة ؟
1815,Tast
1816,Worst taste EVERRRRRRRRRRR
1817,The chicken was super dry and the bread was old
1818,طلبت شيء في الاوردر ولم يتم
1819,الاوردر كان حلو بس التومية جات ناقصة
1820,Almost 2 hrs delivery
1821,late delivery caused food to be cold and bad
1822,الاوردر جالي واقع كله جوا الكيس ومتبهدل جدا
1823,البطاطس كانت حلوة .. ايه اللي حصل
1824,Too late delivery
1825,Everything tasted odd as if they’re yesterday’s food
1826,خدمه مقرفه و بعد انتظار ساعه تتكلم يقولك اصل لاست اوردر الساعه عشره بليل اقفلوا احسن
1827,i returned the order
1828,order was so late.it wasn't edible some of the lettuce was balck the sauce tased bad like it was old & sour and the fries were so cold.A really bad & strange experience cause it's the first time to eat smth so bad from kansas the food was thrown away
1829,وحش اوي و مستحيل اطلب منهم تاني و نجمه وحده اصلا كثيره عليهم
1830,Fried chicken was so bad
1831,it took 2 and a half hours to deliver
1832,Great service and the quality didn’t disappoint 8/10 solid !!!
1833,actually it didn't come
1834,one hour late ....cold fried food.... what a taste 🤢
1835,الاكل جاي متأخر ساعه وجاي بارد بجدد الخدمة سيئة
1836,Very late delivery
1837,It’s okay - it’s not as good as you’d hope it to be but it does the job 🫠
1838,الاكل كان سيء والاوردر اتأخر ساعه وكان من غير كاتشب رغم تأكيدي عليهم تجربه مش هتكرر تاني
1839,did not receive it!!! and no one called me to tell me it’s not coming
1840,very very very bad and poor quality was very cold delivered too late very expensive for this quality
1841,The order was completely wrong
1842,The food was great didn’t take a long time
1843,وصل متأخر جدا وبارد .. بس الاكل كان كويس جدا بصراحة .. التاخير بسبب ابليكيشن منيوز
1844,الارز سي الفراخ ناشفه
1845,"I received my order very late and the food was cold, it’s really very bad experience"
1846,كنت طالبه عصير تفاح جالي مانجا
1847,"Order came after 2.5+ hours without any apology. Food came cold too and bland. If the guests weren't hungry, I would have refunded the whole thing. though I should have still done so from the bad quality"
1848,poor packaging as well
1849,Very Very bad experience deliver cold food bad taste late delivery items not found disaster
1850,Strips was cold
1851,الاكل بارد و ملوش طعم
1852,تجربة سيئة توصيل متأخر جداابعد الا ٦٠ دقيقة اكل بارد اوردر ناقص كولسلو سيئة جداااااا بطاطس باردة و سيئة جدااا
1853,The order took 2 hours then I rejected to receive the order and the restaurant did not even call and apologize.
1854,الاكل بارد و البطاطس سقعه و الكول سلو بجد مش حلوه مش فاهمه ليه
1855,The god war god to be honest but you guys put heinz 🥲
1856,Please i meed someone to contact me
1857,"The worst service ever , didn’t receive order after 3 hours waiting"
1858,I didn’t receive the wrap or moza sticks
1859,الطعم جيد لكن الأكل بارد
1860,Delivery was an hour late but the food was good
1861,طلبت منهم اوردر ومجاش طلبت منهم اوردر ومجاش
1862,قرف
1863,الاوردر لم يصلني
1864,The food arrived so cold
1865,الاوردر اتطلب الساعه السادسه مساءا ،، والا الان للحظه والساعه ٨ ونص ولم يصل مع العلم تم التواصل من ساعه الا ربع مع مدير المطعم وابلغ ان المندوب تحرك وهو بالطريق
1866,أسوأ توقيت اوردر باستلمه في خلال ساعتين
1867,The crispy strips tasted good. Fries had spices on that I didnt like at all. The mozarella was not melted.
1868,Big boss sandwich was too small than before
1869,الطلب مش صحيح ابدا ، بارد جدا انتظار لمدة حوالي ساعتين ونص واكثر المطعم لا يوجد به اى ادارة صحيحة من حيث ادارة الوقت او ادارة المكان
1870,"Honestly this was the worst experience ever. I waited for 2:10 hours to get my food and after i received it it was cold, the chicken was damp and the fries were dry and cold. Worst experience ever"
1871,"Packaging, delivery attitude.. والاوردر جه غلط وخدمه عملاء ولا بتعبر نا وساندوتشات ناقصه وبدون استيكر كان الاكل مفتوح قبل مايجيلنا. حاجه تقلب البطن... لا يمكن اجربه تاني"
1872,😡😡🤬🤬
1873,not bad
1874,Small portions but nobody’s complaining the food tastes awesome 👏
1875,the order was late for an hour and the food was cold
1876,أوردر ناقص اكل بارد جدا تاخييييييير اكثر من ساعتين ونصف
1877,جابولي الطلب ناقص البرجر 🙂
1878,فراخ محروقه و الرز بصوص بابيكيوا مش سبايسي
1879,منيلييييين و عمرهم ما هينقدموا و عايزة حد من المنيوز يتصل بيا
1880,"Unfortunately it was my first and last order from Kansan fried chicken, the taste was terribly bad and the food was cold, I regret this experience"
1881,i still haven't received my order after 2 and a half hours
1882,حرفيا الاكل اترمي في الزباله لإنه مدلوق علي بعضه والعلب مبهدله الدنيا ومفتوحه ومدلوقه في الشنطه علي بعض ده غير كم الزيت اللي في الشنطه من البطاطس والفراخ غير طبيعي الحمد لله انه ادلق ورميناه
1883,قرف بمعني الكلمه اسوء تجربه طعام وخدمه بجد ممكن تاخدها
1884,الاكل بقاله اكتر من ساعتين ونص و موصلش اصلا
1885,It has been two and a half hours and I still didn’t get the food
1886,"Bad taste, cold food and forgot coleslaw"
1887,"Very bad experience, it takes 2 hours to receive the order with missing items, very small sandwiches First and last time to order it"
1888,وصل الاكل بارد
1889,2 hours to get my cold food ! Never ordering again
1890,الاكل جه متلج و متأخر اوى
1891,زي الزفت وجابلي عصير وانا مش طالب عصير
1892,"Items were missing , contacted support twice and told me that the restaurant will call me to take care of it but no one called"
1893,الأكل كان زي الزفت ووجعلي بطني جامد.. منصحش أي حد يشتري منهم أي حاجة
1894,I found hair in arizo
1895,hygiene
1896,It was so bad the chicken was so dark and dry they need an oil change the cheese was nice but it was so dry as food was freezing cold when it arrived
1897,كنت طالبة super 6 meals وجالي دبوسين ووركين ومجاش صدور
1898,"Food is cold, chicken feels like rubber"
1899,طعمها وحش جدا و باردة
1900,Waited more than 2 hours for the order
1901,شكرا جزيلا ليكم ، الاكل جميل و استبدال الكولا بالعصير المصرى فكرة رائعة، بدعيلكم بالاستمرار و التقدم
1902,"I was charged ""Extra"" for additions that weren't added to the food."
1903,بارد جدا
1904,So disappointing
1905,الساندوتش اللي وصلني ما فيهوش مايونيز بالعكس ما فيهوش غير مسترده يعني الطلب دي حاجه ثانيه مختلفه خالص
1906,Won’t order it again it’s small compared to the price Cheese fries is so bad taste and quality
1907,وصل متاخر جداً والاكل تلج حرفيا والطعم مش حلو
1908,الاوردر أتأخر اكتر من ساعة والاكل جي بارد والبطاطس قليلة جدا على عكس كل مرة
1909,Order large as it to be double it came single and it was combo no soft drink came. Also I ordered the sandwich to be spicy and it wasn’t spicy
1910,قطع الدجاج للاسف محروقة من الداخل من الواضح انها متسخنة للاسف
1911,The Nashville chicken strips was okay but the breading wasn’t good it was soggy and not crispy and the toast was awful honestly didn’t enjoy except the rice
1912,The sandwiches were too small and so plain tbh
1913,اول حاجة الاكل جه متأخر ساعة على الاقل و كنت طالبة كولا و بعتولى عصير تفاح والاكل كان كان عبارة عن زيت بس و كان spicy و مش مكتوب فى description الاكل انه spicy خالص دا غير ان التوابل اصلا واقعة من على الفراخ كأنها مش مستوية كويس و كان شكلها مقرف جدا...
1914,"Very very bad quality, taste and portion"
1915,الفراخ مالهاش طعم
1916,اسوء مره اكلت فيها
1917,came spicy and I ordered original
1918,"My food was late, I called my driver after 40 minutes and he told me he was at the restaurant and they just started preparing my meal, although I ordered 40 minutes earlier, my food came after atleast 1 and a half hours. food was amazing though."
1919,The driver has nothing to do with the problem thanks
1920,"The portions are too small compared to the price, and the food isn’t fresh. The lettuce isn’t fresh and tastes bad"
1921,Ketchup pack was opened and it was all over the order pack.
1922,الاكل غير الصور تماما
1923,Meh
1924,بجد من اسوء السندوتشات العيش بايت والفراخ والبطاطس مجلدين وحاجه استغفر الله العظيم
1925,كل ما نطلب اوردر يلغوه بحجة ان الكهرباء قاطعه اي كان التوقيت اللى بنعمل فيه الاوردر..الجديد بقي انهم بيقبلوا الاوردر و يسحبوا فلوسه و بعدين الكهربا بتقطع فيتصلوا يقولوا لغيناه و هنعمل لك refund
1926,"Order tasted very bad and I received a receipt with a higher amount than what I have placed , they also delivered the order 1 and a half hours later"
1927,انا ما استلمتش ال order اصلا
1928,ماكانش فى معالق ولا مناديل مع الاوردر
1929,والله الفراخ والا السندويش كان ليهم طعم
1930,"Sandwich was not full, potato is very oily, order supposed to come with coleslaw, they didn’t bring it and order received after 2 hours!! Very bad experience"
1931,المايونيز غير صالح للاكل ، ووتسبب في مغص معوي
1932,i have a complaint. missing order. I paid for extra mozzarella sticks and i didn't receive it
1933,وصل متأخر نص ساعه وكان بارد لا وناقص البيبسي والكول سلو هل ده طبيعي ؟ لما راجعت الكومنتات اكتشفت انه ده محصلش معايا بس لا شكلها عاده انه نجيب الاوردر ناقص ف ممكن تفسير ؟
1934,الاكل وصل متأخر نص ساعه وكان بارد لا وناقص البيبسي والكول سلو هل ده طبيعي ؟ لما راجعت الكومنتات اكتشفت انه ده محصلش معايا بس لا شكلها عاده انه نجيب الاوردر ناقص ف ممكن تفسير ؟
1935,"Cold food , small sandwich, bad coleslaw, cold fries"
1936,الاكل كان سيء جدا جدا جدا جدا جدا و بارد
1937,الاوردر غير الا طلبته خالص
1938,Could be a bit nicer 👍
1939,المطعم اكله حلو بس للأسف اكتر من ٦ مرات طالبة اوردرات وكل اوردر بيوصل ناقص حاجة يا سلطة يا كولا ودايما بكون طالبة نوع معين بالمشروب بيجيبوا حاجة تانية على ذوقهم وده مش مقبول واخر تعامل انشالله بسبب نفس الغلط كل مرة
1940,الاكل وصل متأخر ساعة وكان بارد
1941,فرايز فعلا متجيش ربع حته باكت الفرايز قطعة الفراخ صغيره نص الساندوتش فاضي الفراخ واضح انها متسخنه الف مره الساندوتش عباره عن خس
1942,"I requested no spicy Arizo, so they s not me spicy! coleslaw salad needs a lot of improvement. only chicken was Good."
1943,الفبنو ناشف م فريش و الفراخ رفيعه اوي
1944,So badd service I didn't receive mt foodsd
1945,No sauce food was cold
1946,Too much milk there was only 3 small pieces of chicken
1947,"Too much sauce and even though I asked not spicy, it was spicy."
1948,الفراخ كانت مجمده وبقالها فترت طويله متخزنه لدرجه ان طعمها مش فراخ اصلا وكنت طالبها سبايسى ولاقيتهم راشين شطه من فوق الطبقه ال كرنشى مع ان ممكن اعمل دا فى البيت عادى اجيب فراخ عادى وارش من فوق شطه مفيش اى حاجه مميزه فى الفراخ بالعكس دا اسوء من اى fr...
1949,الاكل قليل اوي وعينات
1950,Worst time I got food from Kansas The chicken was not fresh at all as if it is expired The rice in the Arizo was so so so bad and the chicken was not soft at all and as if it is been in the fridge for days and heated then and then came to us This is...
1951,الاكل بارد ومش حلو واتأخر كتير
1952,shitty food .. portions shitty .. everything is bad .. delivery take like forever to come ..
1953,Sandwich tasted really bad Fries perfect
1954,ساندويتش وحش جدا والفراخ وحشة جدا عليها صوص بشع
1955,الرز جاى مش مستوى وشكل السندوتش حاجه ف الصور وف الحقيقه حاجه تانيه خالص
1956,أوردر زي الزفت
1957,I received rice instead of coleslaw
1958,اولا الاكل اناخر جدا جدا على بال ما خرج من المطعم برغم وجود الطيار من قبلها بحوالي نص ساعة او اكتر الوجبة مش زي ما مكتوب ف الشرح كلهت وراك فقط والشرح يحتوي على نص فرخة ورك وصدر مافيش باربكيو زي ما مكتوب ف الشرح والاكل لو كواليتي جدا بالنسبة للي بيكو...
1959,"The Mega testy sandwich was TINY, should name it mini mini tasty"
1960,البطاطس كانت وحشة جدا
1961,الفراخ كانت باردة وشكلها بايته ومفيهاش ملح والبطاطس كميتها قليلة
1962,"Fries are good, rice ok, sandwich bad (no taste, sandwich squeezed and seems humid, chicken pieces not crunchy at all and seem as if fried multiple times"
1963,الاوردر واصل غلط
1964,3 hours to deliver the order !!!
1965,For the second time not hot & fresh and the portion of the fries is less than the normal
1966,The buffalo sauce wasnt enough but good burger overall
1967,زي الزفت بجد،
1968,"l got rice instead of colslow with my sandwich, coca and fries"
1969,"1. Price included on the receipt was not matching the price on the app 2. Order received cold (sandwich and fries) 3. A lot of hassle has occurred for such a small order, don’t think will be choosing it again anytime soon"
1970,"Portions became really small compared to prices also fries wasn’t fresh at all and the piece of fried chicken wasn’t well cooked, I’m a regular customer at kansas but this time it was disappointing"
1971,Totally disgusting order last time to order from kansas
1972,"The Food is so good,the price of the meal is perfect the chicken was very fresh and tasty!"
1973,طلبت شريمب راب و كتبت تحديدا اني مش عايزه سبايس، جالي سبايسي جدا و مش راب اصلا العيش بايت و كل حاجة لوحدها في الورقة و الراب مفتوح و بايظ، قمة السوء و بجد منصحش حد يطلب منهم الاكل كله وحش جدا
1974,مطعم عرص ابن متناكة اوردر طلبته و جه بعدها بساعتين و جاي غلط في الاخر
1975,Driver was fast and it was an amazing meal
1976,G
1977,pricesss
1978,الاكل جي بارد مع اني جنب المطعم و الاكل سئ خالص
1979,sandwitch was bad
1980,الفراخ مليئة بالزيت وتتبيله غير جيدة ، وكمية صغيرة مقابل سعر.. تجربة سيئة ولن تتكرر مرة أخرى 😡😡
1981,الاوردر اتأخر حوالي نص ساعة، والحجم صغيييير جدا مش زي المكتوب انه large قد كف أيدي بالظبط لكن الحق يقال الفراخ طعمها كويس لكن فيه طعم حاجة بايظة معرفش ده مايونيز ولا الخس، والخس بالذات اسود ودبلان. البطاطس عندهم كميتها بطاعت أطفال لا انصح به
1982,حجم الساندوتش صغير
1983,very plain and small meal I doubt anyone comes back for it.
1984,الاوردر ناقص الارز
1985,"I got a bad stomach ache after it (it was the only thing I ate) and the Buffalo mayo sandwich in the offer was tiny, it definitely wasn't the jumbo sandwich."
1986,طالبة اتنين كولسلو الاتنين حمضانين و ريحتهم وحشة و طعمهم قذر و بجد اول مرة الاوردر يوصلني وحش كده
1987,الاوردر وصل ناقص الارز ده ينفع يعني
1988,الأكل طعمة حلو بس بارد و مجلد
1989,I told them that I don't want coleslaw and they ignored my request and sent it to me and the portion doesn't meet the cost.
1990,"Small piece of chicken. small amount of sauce, almost no sauce."
1991,الملح كان زيادة اوى
1992,اصغر باكيت بطاطس و اصغر طبق رز في تاريخ المطاعم
1993,مساء الخير الاوردار ناقص ٢ رز و ٢ صوص
1994,It was vary salty and not fresh at all
1995,The sandwich not like the photo
1996,Not fresh not well cooked tastes bad as hell. Threw more than half of the order.
1997,الأكل بارد و الكولا سخنة و جاب لي إسهال ٣ أيام
1998,اسوء وجبه كلتها فى حياتى و اخر مره اطلب منه الاكل طعمه سيىء جدا جدا مفيش اى حاجه فى الوجبه كويسة السندوتش صغير جداً و المفروض انه لارج و باكينيج سيىء جدا
1999,أول مرة أطلب منهم والأكل يبقي طازة وفريش
2000,Good taste and food quality but portions are a bit small
2001,الطعم مش مميز وجبه مقبوله
2002,ميه ميه
2003,Quality of the food
2004,الاوردر جاي غلط ياريت حد يتواصل معايا
2005,Good price
2006,The Mac & cheese was spilled all over the bag
2007,العيش مش طازجة
2008,portions shrink to be kids meals
2009,pretty bad
2010,مطعم سى جداا الاكل وحش جدااا وفي ظفارة و بارد
2011,مطعم سيئ جدا و نصابين الاكل لا يستحق ... لا انصح به اطلاقا
2012,لا يستحق الشراء اخير تعامل
2013,لقد اتى مع الطلب أرز بدون معلقة والكمية مقابل السعر قليلة جداً
2014,Worst food ever!!! Rotten cucumber 😷😷
2015,غير مضي
2016,"Supposed to be a large buffalo mayo sandwich, the bun were half empty!!"
2017,الطعم جميل
2018,سندااوتش احقر ما يكووون مادفعش فيه 25 ج حتى فراخ بارده وبتشد وعيش باايت ومفييش اي صوصاات بجد اول مره اجيب كنساس واتقفل اوي كداا
2019,"There was no buffalo sauce in the sandwich, the rice wasn’t fresh at all, I ordered a medium fries and got small! The quality was terrible and I’m really frustrated"
2020,الساندوتش وحش جدا و الفراخ مجلده و معرفش ايه السوس اللى محطوط ده طعمه استغفر الله انا رميته
2021,Alhaga gaya we7sha btre’a faze3a alfries m3gna w barda w alcola gaya msh mtghalefa w ma7totaly f kes w madlo’ rob3aha feh!!!
2022,It was horrible the sandwich and fries were cold It was supposed to be a sandwich with buffalo sauce but it was just mayonnaise. I will tell all friends and family the bad experience.
2023,الاكل حلو جدا بس الريزو جاي مش مكمل نص الطبق ، ٦٤ جنيه كتير علي الكمية الصغيرة جدا دي
2024,Oily fries and chicken. Tiny chicken portions. Cole slaw was bad I had to throw it. Not worth the money. Overall very bad experience.
2025,انتوا بتبعتوا اللي علي مزاجكوا
2026,The taste of the sandwich was terrible
2027,اكل بايش و وحش جدا
2028,they forgot my coleslaw
2029,جبت عرض جبنه بافلو الفراخ طعمها حلو لكن الساندوتش صغير جدا جدا جدا
2030,Ta3mo wehsh gedan
2031,The chicken was very dry and it didn’t taste good
2032,so disgusting
2033,بعتولي ساندوتش سنجل وانا كنت طالب double يعني حتة واحده مش حتتين زي الصوره
2034,I got one drink with my order i was supposed to have two drinks
2035,الطلب مش صح نهائى ف مشكله القطع مش صح كلهم ورك مفيش صدر ولا كيله
2036,الساندوتش المفروض buffalo cheese burger جايلي لا عليه جبنة ولا بافلو صوص هو خس و ميونيز و حتة الفراخ فقط و مش اول مرة تحصل ده اخر تعامل مع كانسس
2037,الكمية قليلة و البطاطس جت صغيرة مع ان مكتوب في العرض بطاطس وسط نصابين فعلا
2038,Missing fries
2039,الاكل وصل بارد 💔
2040,one fries not 2 and cold food
2041,it was very good and the driver wasn't late the only problem is the club house sandwich was dry and no taste but overall I recommend
2042,Sandwich was very very bad
2043,من اسوأ تجارب الفرايد تيشكن ومستحيل اكررها تاني الاكل مش نضيف والفراخ زفره وكمان بارده والفرايز بارده ومجلده وكمان رجعت بعد الاكل ف الاكل ملوث باين
2044,ملهوش طعم كأني باكل ورق ده غير انه ساندوتش صغير جدا
2045,Winner Meal says breast+kela+thigh+drumstick I received 2 thighs and 2 drumsticks!!!!!!! and was so cold.
2046,الاكل سيئ و يوجد طماطم. حمضانه
2047,Taste is very bad some sauce was expired ver bad experience
2048,Coleslaw box came with nose mucus on it ! This is beyond sick
2049,Didnt receive order
2050,"Worst fried chicken I ever ordered, the chicken is cold and dry and it is totally flavorless…"
2051,ساندوتشات طعمها يقرف وأخر تعامل مع المطعم ده
2052,طعمه لذيذ
2053,الطلب كان ناقص مجاش قطع الستربس
2054,Delivery was too late and the sandwitches was cold
2055,Sandwiches its very bad and the salad is very bad
2056,Wrong sandwiches
2057,الاكل بارد و متاخر جدا عن معاده
2058,الاوردر تاخر و الاكل جه بارد والفراج جوا البرجر مش زي العادي يعني انا دفعت فلوس عالفاضي
2059,"Absolutely furious about my last order from this res. not only did they make the audacious claim of having electricity problems,causing their late replies and slow service, but it was painfully clear that this was an outright lie,the neighboring eate..."
2060,مكنش حلو خالص الاكل كان جاي بارد مش سخن تجربة وحشة المره دي
2061,الرز حايلي ولا اكنه بقاله 3 سنين مركون، ميتاكلش و اترمي ف نراعي ربنا يعني ف الفلوس الى بتدفع عشان ناكل اكل نضيف
2062,الكولسلو جاية بايظة و عليها فطريات ، بس الساندويتشات كلها كانت كويسة
2063,الطلب ناقص الكول سلو
2064,Everything was perfect and quick the cheese sauce was perfect for the fries and the food came fast and the driver didnt ask many questions about the road and apartment
2065,الاكل سئ وتعبنا جدا بعده و اخر مره هطلب منهم الكولسلو بايظ و رميته الفراخ ملهاش طعم
2066,multiple missing items
2067,وو
2068,الفراخ مكانتش مستوية كويس وطعمها كانها بايته ومن جوه كانت سودا والبريدنج كان طري
2069,the order came very late
2070,The rice wasn't good at all but the rest was very good.
2071,Rock n roll sandwich طلبت وصلني بارد و الخبز بايت مش فريش ال chicken popcorns كانت مالحه و مش طازه
2072,وجدت في الاوردر قطعه معفنه
2073,Food wasn’t hot
2074,2 hours to receive the order
2075,طلبت لي باكت سوبر لوكس لاول وهله تحس ان الكميه مش كافيه لكن هي كويسة ومعقوله مش وحشه الرز معجبنيش الخلطه بتاعته الفراخ البروست كانت كويسة وسخنه ومستوية سندوتش الفراج كان عجيب وطعمه غريب مش وحش ومش حلو هو عجيب
2076,"It was supposed to arrive by 6:10 PM, it arrived by 6:15 PM"
2077,وصل بارد جدا كأنه من فترة جاهز وغير مش نفس الصورة فراخ مش كرسبي تجربه سيىة جدا خاصة اني سبق وجربته عن طريق مرسول وكان كويس بس امبارح سيئ ومش حكرر الطلب ثاني مش عارفة من الفرع ده المشكلة والا ايه بارد وكأنه اتعمل لحد ثاني وجابه لينا او معمول من بدري
2078,Meal came without coleslaw and the two sandwiches came wrong
2079,there was an insect in the rice!!!!
2080,الارز المفروض أنه كبير جالي علبه صغيرة والمفروض البطاطس وسط جالي الصغير أوردر سيء جدا
2081,البيبسي مجاش
2082,"I tried to text you about it but couldn't. the order came with an extra chicken piece, and I want to pay for it how can I do so please?"
2083,طعم سيء خسارة فيه الفلوس توصيل متأخر ولا طعم ولا جودة ولا اهتمام
2084,زفت
2085,الفراخ مذاق سيء و متحمرة اكتر من مرة
2086,الاكل سئ جدا و بارد و غير المطلوب . مفيش حريفيه و اكل كله زيت
2087,وجبة 6*1 وصل 1 كول سلو فقط و المفروض انها تحتوى على 2 كما اننا طلبناها عادي و وصلت حارة و حراقة جدا و الاطفال طبعا مأكلوش و عملنا اوردر من كنتاكي عشان ياكلوا . واحد فقط اللي اكل و الطعم كان سيء جدا
2088,العيش جي نصف رغيف فقط وسيىء جدا
2089,A french fries packet was missing
2090,طلبت منة كذا مرة و كل مرة اوحش من التانية و الاكل دايما بارد و اخر مرة الفراخ كانت ناشفة جدا من جوة و مش بتقرمش من برة حاولت ادب المطعم ده كذا فرصة بس بجد يقرف
2091,وحش جدا بجد جدااااا جدااااااا بشكل فظيع مفيش اي حاجه كويسه في الاوردر كله
2092,البطاطس محروقه ومليان زيت
2093,بطني وجعتني جدا
2094,مزيت و حلقات البصل طريه
2095,وحش جدا الصوره مش زي الاكل والسدوتشات وحشه جدا
2096,الطعم سئ جدآ و الفراخ مش ساخنه جدا
2097,لكن الكمية قليلة جدا
2098,بقى يقرف مؤخرا، اخر مرة طلبت اوردر جه من غير صوص بتاعه و ساعتين اكلم فالفرع مفيش، و المرة دى لقيت لب سورى متاكل فالبطاطس حاجة منتهى القرف و الساندوتش ناشف و الفراخ طعمها بشع
2099,"The chicken piece in the sandwich was small , and the two small sandwiches did not taste good."
2100,Food was very very cold
2101,They have changed the recipes (lime and chili) and replaced it by powder.. Chicken quality too now is different.
2102,الاكل بارد و قطع الفراخ صغيرة وناشفه والأرز مكمكم
2103,"Kansas el Maadi is the worst, I guess I'll never order from Kansas again"
2104,"The chicken aren’t tasty and don’t have any flavors . The sandwich is horrible, doesn’t have any flavors or sauce"
2105,د امد 😀
2106,The food is stale
2107,جيد
2108,"The worst ever, the chicken is old and taste is awful, will never order it again"
2109,الاكل وحش جدا ....لو سندوتشات معموله في البيت طعمها هيكون احلي بكتير وانضف
2110,They didn’t bring the pepsi.
2111,الاكل وحش جدا ...لو سندوتشات معموله في البيت طعمها هيكون احلي بكتير وانضف
2112,الاكل محروق و طعمه سئ تجربه لن تتكرر و برجاء أزاله المطعم من التطبيق لانه يضر بسمعته
2113,طلبت اوردر جالى الفراخ لونها غامق وطعمها زفر وفى قطعة لقيت فيها ريش اول مرة يجى اوردر وحش كدة
2114,طلبت عرض فيستيفال ديل ١. الساندوتشين الصغيرين ولا كأنهم بانيه أطياب، الاتنين الكبار طعم الفراخ فيه زفارة أو مش مستوي كويس. تجربة سيئة.
2115,"اسوء حاجه, الفراخ كانت زفره جدا و مفيهاش اي توابل"
2116,الاكل اتاخر جداً في الوصول اخد اكتر من ساعة ونص وجاي بارد جدااااا
2117,The taste and the quality for the chicken is really bad
2118,سيئ جداً الفراخ باردة و مجلدة
2119,طلبت سندوتش كبير و جالى ساندوتش صغير جدا و حته الفراخ صغيره و طعمه مش حلو و غالى على الفاضى
2120,الاكل وصل بارد حتي الكولا سيئه ومافيهاش صودا والساندوتش حجمه صغير اوي ومش مناسب للسعر اكيد مش هاطلب من هنا تاني
2121,Looks like they need to change the oil they fry the food with. Taste was not as expected at all. Overall i did not enjoy my meal. Everything else was ok.
2122,"something was off with the chicken, it didn't taste quite right, plus rhe were really small, not worth the price"
2123,اسوأ تجربة اكل في حياتي.. الاكل وصل بعد الفطار ب٣٠ دقيقة و على كلام الدليفري المطعم السبب..نيجي للاكل.. اولا طبعا مش سخن خالص..الرز الي مكتوب عبارة عن معلقة في كوباية سلطة كميته متكفيش عيل صغير.. الساندوتشات كارثة يدوبك قطعة فراخ و خس و ياريت فيه صوص...
2124,ممتاز
2125,السندوتشات صغيرة جدًا جدًا حتى الحجم اللي المفروض كبير صغير اوي متكفيش وجبة فطار ل ٤ أفراد والرز طعمه وحش وبجد السعر كتير اوي على حجم وكمية الأكل
2126,البيبسي مش موجود
2127,"Worst food ever, tasteless. Came cold and the rice was a disaster, it wasn't almost cooked. Terrible experience."
2128,الطعم الفراخ مفهاش اي طعم و مش متحمره كويس كمان طلبته لسبايسي جايبه عادي
2129,"el korba branch: terrible food & horrible experience The order was missing half the items ! (2 cloeslow, 2 big rice & Coca Cola large were missing) And the items they did deliver 3 out of the 4 sandwiches were the wrong ones! 2 Chicken burger were s..."
2130,عروض رمضان مش حقيقية. الاوردر جالي ناقص ومن ٤ سندوتشات ٢ جم غلط. وعباره عن قطعه فراخ صغير حده وكل ده ب٢٥٠. مطعم زي الارف واكل زباله محدش يطلب منهم. جيب فراخ واقليها في البيت احسن.
2131,جالي نزلة معاوية بسببه الاكل كان بايظ
2132,Food was cold and tasted bad
2133,It was so cold
2134,اكل يوجع البطن
2135,Food was so late and extremely cold
2136,order was missing the coca cola liter and the 3 bbq sauces and 3 ketchup like its written
2137,الاكل كان سيء جداا ومفيش طعم للفراخ تماما وبايته وبارده
2138,"food came late wrong order, i ordered sandwiches and got fried chicken, shrimp and rice found hair in the food and not just one food tasted oily and gross"
2139,"I Ordered Dinner meal Drumstick, Keel, Breast and it came Drumstick , keel,thigh"
2140,"Food came 1 hour late, cold, and dry Very overpriced for the quality"
2141,اتاخر جدااا
2142,الساندوتشات جايه فيها الفراخ الجاهزة اللي بتتقلي فالزيت و الساندوتش مفيش اي مايونيز ولا حاجة ده غير ان كالعادة الاوردر جيه ناقص الفرايز
2143,rubbish
2144,طلبنا جو تشيزي ودفعنا تمنها ومجتش
2145,C
2146,Fries is missing
2147,It was horrible Arrived late Rice is burnt Tasted disgusting Never ordering from kansas again
2148,قيمة مقابل سعر
2149,الاكل بارد جدا وسي للغايه
2150,Tmam
2151,Gave me food poisoning.
2152,اا
2153,the chicken was oily and they literally put like 30 fries in there and i got the wrong drink
2154,Excellent Food and excellent Driver
2155,very bad food taste ...not fresh at all....not recommended at all
2156,"bad food, I vomit 🤢 not fresh , i threw lettuce away from sandwich and still vomit"
2157,i found hair in the sandwich !!!!!!
2158,Too salty fried chicken but pizza chicken was so good
2159,False advertisement! My sandwich only had one small piece of chicken whereas it’s clear on the menu that it’s a double chicken sandwich. Super upset and still hungry.
2160,Average not bad no so good 😊 but service excellent 👍👍👍 from the restaurant
2161,و
2162,El sanwich malodh ay ta3m wala sauce
2163,الاكل جالي بارد جدا
2164,food was very salty
2165,الساندوتش فاضى تقريبا
2166,"i asked to remove lettuce and they didnt remove it in both sandwiches , rizo was nearly without a sauce and it tasted like heated not fresh at all"
2167,I had Cold food! Colddddd Colddddd ☹️
2168,الطعم والاكل كان وحش جدا
2169,الطعم سىء الفراخ عملت حموضة و عطش شديد و البطاطس كانت معجنة. تجربة لن تتكرر.
2170,الفراخ نشفه وبيته ، والاكل مملح بطريقة مبالغ فيها والبطاطس غرقنا توابل ونص سوه ،سيء جدا
2171,انا منبهر والله عملتوها ازاى !!! اوحش سندوتشات فرايد تشيكن فى الدنيا 🤣 فراخ ناشفه وملهاش طعم نهائى وسندوتشات المفروض انها لارج وصغيره جدا
2172,Delicious food
2173,Large mega so smaaaalllll and not good
2174,الاكل ناقص السلطة والعيش
2175,اسوا اوردر اكل طلبته فى حياتى الاكل وحش و بارد و ناشف و لو جى من الزبالة مش هيبقى بالقرف ده و اسوا خدمة توصيل
2176,"Large rice item not received, also i ordered cheese fries and received fries only"
2177,I order it spicy and it delivered original And the fries was bad
2178,الاكل كان ابشع ما يكون و حرمت اجيب منكو تاني .. الاكل بارد و ملوش طعم و الساندويتش يسد النفس و الفراخ كانها بايته و مش متسخنه حتي .. الفرايز بردو كانها بيته و الفرايز الوافل محروقه و مفيش فرايز كيرلي مع ان الاوردر المفروض 3 انواع بطاطس .. انا معدتي ق...
2179,Food came cold but it was tasty.
2180,طلب ناقض المشروب
2181,The order was supposed to be spicy
2182,Worst chicken I’ve ever had
2183,مكنش حلو
2184,جودة سيئة للغاية
2185,الاوردر جه غلط ، المفروض الوجبة فيها صدور فراخ بس جت ورك بس ..... و التاتبيلة بتاعة الفراخ كانت وحشة جدا مش زي كل مرة و نص الوجبة اترمى
2186,"The chicken was hard, like old chicken"
2187,They gave me an extra strip
2188,الوجبه طالبها كومبو جيالي سندوتش بس
2189,الفراخ كان طعمها مش كويس ومش نضيفه
2190,اسوء طعم في العالم ومش طازه ريحته سيئه جدا وباكينج اسوء
2191,اوردر سئ جدااا.!!!!!!!
2192,رائع
2193,مش الافضل
2194,the meal had fries and i did not recieve fries
2195,الاكل طعمه كويس ، بس مش احسن حاجه ، البطاطس طريه مش كرسبى ، التوصيل سريع ، والتغليف حلو
2196,أسوء فرايد تشيكن ممكن تاكلوه من حيث الطعم والجودة والحجم .
2197,الفراخ مفيهاش تتبيله و زفره و الراب في طعم لمون بشع مبوظ كل طعم الساندوتش اوردر كله مقرف بجد
2198,I NEED SOMEONE TO CONTACT ME AS SOON AS POSSIBLE
2199,تجربة سيئة جداً اكل وحش جداً والاوردر جه غلط وفراخ ملهاش طعم وصغيرة جداً وغيرت الاوردر وبرضو وحش الحاجة الوحيدة الكويسة شوية خدمة العملاء انهم تواصلوا معايا علطول. اول مرة اطلب منه واخر مرة منصحش بيه فلوس عل ارض.
2200,The food was tasteless
2201,الاورد اللي وصلي مش اللي فالعرض
2202,"Coca cola was warm, it should have been delivered cold."
2203,"The order took 2 hours to prepare, on top of that the cancelled it after it finished from their end."
2204,أسوء حاجة عملتها اني طلبت اكل من هنا
2205,السندوتش مكتوب عليه كبير و هو اصغر من كف ايدى ، محدش يطلب منهم
2206,منتهي السرقة الساندوتش طالبو دابل جالي سينجل و واضح قوي قطعة فراخ واحدة و قطعة جبنة واحدة السنودتش حرفيا ما يدفعش فيه ٥٠ جنية كاتب ان هو ب ١٤٠ و علية عرض بقي ب ٧٤
2207,"The chicken was stale, hard, and tasteless and not fresh at all in short very bad quality 😔"
2208,الاكل سئ جداً
2209,Opened drink
2210,I asked for spicy pieces All are original with very bad taste
2211,الطعم لزيز بس الكميه قليله قدا مش زي الصوره
2212,Some pieces smelled awful and tasted bad as well that we had to throw it away It was a waste of two pieces out of 6 it’s not acceptable and not worth the cost either
2213,♥️♥️♥️♥️♥️👍🏼
2214,The taste wasn’t best thing
2215,The order wasn’t spicy
2216,مستوي الاكل وحش جداً الفراخ ناشفة و وحشة جداً
2217,Bland
2218,The food was cold and some items were different than we ordered
2219,First of all the delivery took about 2 hours and for what for a chicken wrap that tasted like plastic and the waffle fries worst thing i have ever tasted. Secondly the portion wouldn’t fill a 1 year old child even the pepsi was the small one the 300m...
2220,الاوردر اتأخر جدا
2221,انا طالب الريزو سبايسي و جالى باربكيو و الفراخ ناشفه جدا و مستويه زياده عن اللزوم
2222,Trying to hire friendlier drivers that note say hello at least. هالناس اللي بيوصل مفيش مساء الخير مفيش زفت فوق دماغ
2223,الاكل حلو ولكن لم يوضع كوفير ولا كاتشب وطلبت سبرايت ولكن وصلني كوكاكولا
2224,The worst meal I have ever ate
2225,اسوء تجربة بصراحة .. الاكل كله بارد حتي البيبسي جاي سخن
2226,الاوردر جيه غلط واتاخروا ساعة ونصف عشان يبعت الاكل الناقص وقطع الفراخ صغيرة جدا رالدعم سيئ جدا جدا
2227,"they got my order wrong and i had to wait until they got it right which i was okay with, but then i get rice that tastes and feels like rubber, dry cold chicken strips and a sandwich with barely any chicken in it. Way to ruin my day, twice."
2228,اولا حرام ادفع في ديه ٣٠ جنيه ثانيا فيه رز كبير مع الاوردر مجاش ب ٣٠ جنيه ياعني ناصبين في ٦٠ جنيه اخر مره و انصح محدش يطلب منهم حرامية
2229,1-الطلب اتاخر جدا 2- البطاطس مجتش مع الطلب 3-كنت ضايف في الملاحظات خبز ومجاليش تجربة سيئة جدا ولن اكررها شكرا كنسناس !!
2230,لذيذ وطازج بصراحه 🌹🌹الاوردر وصل بسرعه وكل اللي طلبته اتعمل
2231,وحش جدا اولا الاوردر جه ناقص و طلباه عادي جالي سبايسي و طعمه وحش جدا
2232,Photos are misleading; sandwiches with 2 pieces in the menu are delivered with one small poor piece. Bunch of liars
2233,Too small compared to the price
2234,اسوأ تجربة على الاطلاق ورغم اني حرفيا مش بتعامل معاكم من سنتين بس كان عندي امل تكونوا رجعتم زي زمان قبل سنتين بس للاسف من سئ لأسوأ. فراخ زفرة وطعمها مش حلو والرز سئ جدا والكول سلو حمضت . حاجة صعبة ومنصحش حد اصلا يتعامل معاكم.
2235,الاكل مكنش ليطف و الفراخ طعمها مش فرش
2236,الاكل جه ناقص و الاكل الي جالي كان مقلوب و واقع منه شوية
2237,The cheese fries were was not that good really and thin fries. The taste of the sandwich was good but one layer of chicken and not 2 as per the picture
2238,طعمه وحشششش جدا ومش حلو خالص ومش طازه وشبه العجينه
2239,Horrible food
2240,Was not fresh
2241,3 قطع صغيره طعمها اقرب للمقذذ كلها زيت وبها دم وكلها قطع ورك
2242,الاكل اتاخر جدا و في الاخر جه وحش و ساقع الساندوتش مالوش طعم خالص و الفراخ من كتر ما كانت رفيعة تحس انك بتاكل عيش بس
2243,Very salty. Dark brown and very tough.
2244,بجد الاكل سئ جداً انا مش اول مره اطلب و الاكل غير لنه بارد جداً جداً و مجلد ملوش طعم خالص بجد المره دي اوحش مره طلبت فيها
2245,الاوردر جالي ناقص
2246,الفراخ باردة و زفرة و طعمها يقرف
2247,اول واخر تعامل بجد مفيش الاونيون رينج اللي المفروض يبقى في الساندوتش والحجم صغير والاكل بارد وكمان جايبينه مش عارفه في ورقه ولفينه وخلاص يعني حاجه تقرف حار ونار في جتتكو الفلوس اللي خدتوها تطفحوها يابعده
2248,السعر غالي جدا بالنسبه للساندوتش اللي قد اللقمه وكمان التغليف سئ جدا جدا ولا نظام ولا اي حاجه وكمان الاكل بارد
2249,الريزو يكاد يكون رز فقط!!
2250,البيبسي مجاتش
2251,The food was not hot
2252,الاكل كان مفتوح و حد واكل منه و دي اخر مرة هتعامل مع المطعم ده و اي حد اعرفوا مش هخلي يتعمل معاكو مطعم زبالة
2253,chicken was tasteless
2254,سئ جدا الفراخ ملهاش طعم من غير ملح حتى و البطاطس ساقعه و متتاكلش و كميتها قليله و الاوردر اتأخر اوى و بتاع الدليفري اسلوبه مش كويس منصحش اى حد يجرب كنساس
2255,Food items are missing
2256,الاوردر وصل متأخر جدا و الاكل كان بارد و الاحجام غير الكانت في الصوره تمامًا و الطعم كان عادي اخر مره هطلب من كنساس
2257,They forgot to add onion rings to the sandwich
2258,اخر مره
2259,Very bad and not fresh
2260,أقسم بالله ولا اهتمام بطعم ولا جودة ولا اي حاجة طعم وحش جدًا و آخر مره اتعامل معاهم بعد م كنت بطلب علي طول
2261,الاوردر جه متأخر والبطاطس معجنة ووحشة والفراخ حادقة وعليها توابل بطاطس غريبة .. السندوتشات كانت مقبولة
2262,مفيش بطاطس
2263,Order was delayed for more than an hour And even after it came so cold
2264,"Dry chicken, no spices"
2265,"It’s not as good as last time , chicken is tastless"
2266,كنت طالبة Mega Ranch الساندوتش جالي فراخ و خس بس من غير صوص ولا اي حشو تاني!!!! و طعمه زي الزفت و كان في الاوردر كولا جالي فانتا منهم لنفسهم هو ايه دا!!
2267,The fries amount was so little
2268,جايبين الاكل ناقص ومفيش حد بيرد !!
2269,"I ordered an original meal, i received a spicy one Also i wanted sprit, u sent me a coca cola Coleslaw was thrown and opened in the package"
2270,The chicken was so hard and not fresh at all and so dry i need someone to call me about this order i need my money back thats awful
2271,Dried out. Not fresh. No taste of lime. Bad this time :(
2272,Whare is the cheese sauce… Food is cold
2273,It was amazing personally my favorite restaurant and after it kfc u need to try it their chicken and coleslaw and everything is just something else and theyre worth the price
2274,I never got the fries
2275,Was so bad
2276,Half of the fries were under cooked the other half was burnt
2277,Not crispy
2278,Food was not hot
2279,وحش و الكميات صغيرة و الطلب المفروض معاه بيبيسي مجاش
2280,So badd and coldd and clowslow was so badd
2281,El akl wg3 btni lehd tani yoom
2282,"I paid for cheese sauce and it didn’t come with the order .. took very long to deliver strips were too salty, fries too oily never ordering from there again"
2283,الاكل بارد جدا كميه البطاطس قليله بشكل مبالغ فيه قطع الفراخ واضح انها مش فريش ابدا تجربه سيئه
2284,سئ بشع الفراخ واضح انها مش طازه و متسخنه وعلشان بيضيعوا الطعم حطين كميه بهرات شطه و لمون من على الوش بزياده جدا مخليه الطعم لازع جدا والبطاطس بايته و حاجه تسد النفس لا انصح بهذا المطعم ولن اكرر هذه التجربه
2285,الاوردر جيه ناقص
2286,Al rizo mfehash strips 5als
2287,"Ordered a meal that included chicken strips, and they were missing. And the food came late."
2288,البطاطس جايه. بارده والسندويش كمان والاكل كان اكنو معمول من سنه ووطعمو وحش
2289,Best guys
2290,Couier is very good
2291,كمية قليلة جدا مقارنة بالسعر
2292,Didn’t get 1 of the cheese fries or Coca Cola Zero which I ordered and paid extra for. And there was no sauce on the Arizo
2293,اسؤء فرايد شيكن و الفراخ زفرا و كمان الكرست كلو كان واقع في العلبة أسوأ مطعم فرايد شيكن
2294,I didn’t eat the sandwich it contained bones that scratched my teeth
2295,The food was cold and tasteless
2296,Fries and bread didn’t deliver with the order
2297,Very disappointed
2298,Small garlic dip مش موجود
2299,The worst ever w el delivery et2a5ar awii awi awi w el akl kan w7sh
2300,كنت طالبا mega tasty sandwich جالي classic filet sandwich
2301,Very cold!!!!!
2302,الطعم سيئ والاكل وصل بارد جداً وناشف ده غير ان الاوردر اصلاً اتأخر
2303,Low quality
2304,is this a joke ? u r marketing 4 pieces of chicken breasts and what i got are literally same as stripes u just charged more than that ! in the same deals u have with the same price i paid i cldve got 4 strips and 2 chicken pieces and paid as much! fa...
2305,Food was Cold
2306,chicken had the worst smell ever and it was not good service is very slow
2307,Missing fries and coleslaw
2308,Poor quality.
2309,Didn’t get my drink
2310,الاكل كان سيئ جدا و بارد و رجعت الاوردر و الاوردر جالي بعدها بساعتين
2311,The place was great and now it’s really bad… wrong and missing order food quality is bad one spicy and one original. Manager can’t handle a complain and doesn’t know what ingredients are in the sandwich… from a faithful customer to a lost one
2312,خافوا علي صحتكم ولا تطلبوا اكل من المكان ده نهائي.مطعم سئ جدا و جالي الرز بايظ و ريحته صعبه جدآ و الاوردر المفروض معاه بطاطس مجاتش و اتصلت اعمل شكوي تجاهلوني تماما
2313,I ordered a 4 pieces box and extra strip i only got 3 pieces and missed strip
2314,القطع كانت صغيره قوي
2315,Cheesy fries was missing and not replaced.
2316,الاوردر جاى فيه قطعه سبايسى و انا طالباه كلهً اوريچينال
2317,سئ جدا بجد طلبت ٣ سندوتشات بالبطاطس و البيبسي، ال ٣ سندوتشات مفيهمش فراخ يعتبر و بايته كدا و البطاطس مزيته ولونها غامق جدا وملهاش طعم والبيبسي جه ناقص واحداه و حتي مش نفس النوع الي طالباه انا طلبت كولا جالي ميرندا.
2318,late delivery and food was so cold!
2319,The fries was very bad
2320,Badd delivery!! Badd service! An awful chicken fr.
2321,A piece was missing and most of the pieces were drumsticks and the bread was not enough
2322,Worst sandwich I’ve ever eaten from Kansas. Chicken is not fresh and very hard to bite into. The sandwich is a mess and not well made The rice is not cooked well!!
2323,Poor taste
2324,Very cold fries
2325,horrible quality there are rotten ingredients I got food poisoning
2326,الاكل بارد و بايت و طعمه سيئ جدا الفراخ زفرة و ناشفة جودة صفر
2327,Delicious as usual
2328,علي طول الاوردر بيجي ناقص ومفيش اي كوالتي كونترول عندهم سئ جدا الطعم بايت و وحش اخر مره هتجيب منه فعلا سئ جداااااا ورانا كلمتهم محدش عمل اي حاجه
2329,طعم سئ جدا، و الوجبة جات مختلفة عن الوصف حاجة مزعجة جدا
2330,الطعم وحش جدا والاكل جاي ناقص وشكله بايت والساندوتش صغير وطعم زفت واول واخر مرة
2331,مطعم سئ والاوردر وصل غلط وقلة ادب وقلة ذوق من مندوب المنيو
2332,طلبته 8 و نص جالي 10 و وبع و بارد
2333,الاكل ناقص
2334,الفراخ ناشفه من بره و جوه فيها دم
2335,انتو بجد نسيتو تحطو ملح في التتبيلة؟؟؟؟؟
2336,الاكل كان مش فريش و طعمه وحش و بارد اسوء تجربه بجد
2337,They didn’t send bread with the order and the chicken wasn’t crispy
2338,حجم الساندوتش صغير بالنسبه للسعر
2339,الاكل كان سي جدا و مالح جدا لدرجه ان انا و صاحبي مقدرناش ناكل و رمينا الاكل
2340,تقريبًا المفروض فى باكيت بطاطس مع الوجبة و انا طالبه واحدة زيادة، الجه باكيت واحد بطاطس
2341,حجم الاستربس كان صغير
2342,الستريبس كانت بايتة و ناشفة و البيبسى مجاش مع الاكل و اتصلت اشتكيت و قالوا هنبعته و مجاش برده
2343,The meal had missing items
2344,The sandwitch wasn’t the X-large
2345,one item was missing they forgot to add one chicken strip that supposed to be in the meal
2346,الاكل كان بارد و القطع تحسها بايته كده او معموله من زمان و مجلده
2347,الاوردر جاى بارد و ناقص
2348,"The worst fried chicken i’ve ever tasted, the spices are horrible the crust was so hard to break your teeth but they got good cheese sauce"
2349,كان بارد
2350,Oily
2351,"The two sauces were missing from the order, and a sprite can was replaced with pepsi."
2352,"No potatoes, rice is average"
2353,"Chicken was great. Unfortunately, fries were soggy and they forgot to add utensils. But overall, very good 😊"
2354,They didnt have ranch
2355,The food was so bad and untaste
2356,تأخير وحاجة زي زفت والاكل جيه بارد
2357,الاكل كان بارد و البطاطس مزيته و باردة الاوردر اتأخر نص ساعة علي معاد وصوله
2358,طعم سي جدا و ناشف جدااااا
2359,I wrote on the notes all peacies dark meat and recieved all white meat & the order took hour and half to arrive
2360,Very poor quality and tiny portions
2361,The frying oil was old. If fresh it would have been great
2362,كان مكتوب صدور وجليلي ستريبس
2363,"Good was cold, mushy, awful. Worst time I’ve ordered a chicken sandwich and definitely the last time I order from here. This is not the first time the food quality was this low"
2364,Great experience
2365,Very oily and cold
2366,فاضل قطعة ناقصة لان الاوردر وصل ١١ بس
2367,الاوردر غلط و جه سبايسي و انا طالب عادي و ناقص قطعتين و ناقص رز
2368,Was cold and soggy; service was even worse. One of the worst places I’ve eaten at in egypt! Avoid at all costs!
2369,I wish i could give them -5 stars!! I Waited two hours for my order and texted the support 2 times the first told me that they were busy and the second one told me the delivery guy had an accident!!! What a lie !! And at the end they had to cancel my...
2370,الاكل سيء جدا
2371,Everything was either tasteless or old.
2372,It was spicy when ordered regular
2373,خدمة زبالة و مواعيد زبالة و بعد 4 ساعات من تأكيد الاوردر و انه خلاص قرب يوصل يكلمني بكل قلة ذوق يقولي الاوردر مش هيوصل اسوأ مطعم و اسوأ خدمة عملاء حاجة مقرفة جدا
2374,"Thanks Mr. Seif, the food was fresh, hot and crispy. The best time ever"
2375,الاكل بارد للاسف
2376,طالب من الساعة 1 لغايت 3 مجاش و بكلم المطعم معملتهم سيئة جدا
2377,سيء
2378,اوردر وصل بعد ساعة من معاده و بارد و مجلد و كل حاجة وحشة
2379,الاكل بارد جدااا و لا يوجد فيه اي طعم و غير طازج وصغير
2380,مطعم وحش جدا جدا و منصحش حد يجيب منه الكلوسلو طعمها وحش و بايظ و البطاطس بارده جدا جدا
2381,"Order White meat, got dark only"
2382,Food is not fresh and cold for the second time
2383,The order came spicy and I ordered original. It was a very unpleasantexperience
2384,i orders pepsi diet and machine and did come very cold the food also
2385,Poor Quality of the sandwich
2386,Already was not fresh and cold
2387,الراجل جايلي متعصب جدا عليا و بيقول يرتني ما جيت و مشوار بعيد و عايز دليفيري زياده
2388,Cheesy sauce wasn’t delivered
2389,The food came 40-50 mins LATE and was just trash the support didn’t help me or even compensate me for the crappy experience all they said was “were sorry and ur driver will come in 15 mins” that was their response 3 times !!
2390,the chicken pieces are too small for their price & not as expected at all
2391,الفراخ طعمها عادي جدا التتبيلة مش واصلة لجوة مثلا
2392,Best chicken I have ever eaten in my life
2393,ساندوتش club house مكنش احسن طعم لكن البطاطس كان حجمها وطعمها حلوين
2394,لم يتم ارسال كوكاكولا ماشين كما تم الطلب
2395,"It was cold and the order was not fresh, It was heated full of oil."
2396,جميل بس حطو رقم تلفوني ف اوردرات تانيه مش عارف ليه 🙃😂
2397,there was a peice spicy not original even i ordered it’s original
2398,..
2399,rizo sooo bad my cup not fresh sooo bad.
2400,االاوردر كان جميل جدا وسخن وفرش ووصل في ميعاده حقيقي شكرا
2401,حقيقي طعمه بشع وسعره غالي ع الفاضي وحش جدا
2402,الاوردر خطأ وبارد جدا وبجد الابلكيشن في منتهى السوء في اغلب الاوردرات نفس المشاكل
2403,Bad bad bad
2404,The delivery was late and the packing wasn’t labeled properly so we didn’t know which spicy and which not
2405,عجبني الميجا تستي اوي و الفرايز كانت مقبوله
2406,Tasteless sandwiches Came very late Very bad experience
2407,"Cold , chewy ,not fresh and tasteless"
2408,Oily and chicken marinates dont distributed well
2409,الاكل يقرف
2410,اكل بارد و رز مجلد و طعم سي
2411,اكل وخش جدا و مالح جدا و خدمه عملاء وحشين و كنت ضايف خصم علي الاوردر لقيت بتاع الديليفري جي يتخانق معايا و يقولي مفيش خصم و منتهي قلت الادب منصحش اي حد يتعامل معاهم
2412,Small portions - took so long
2413,Kansas wrap is not spicy enough Arizo has too much sauce and not enough chicken
2414,The chicken wasn’t spicy
2415,تجربه سيئه جدا جدا
2416,جامد بوفتيك
2417,الاكل جاى بعد ساعتين و بارد اوى و بطاطس قليله و quality sándwich تقرف
2418,الاكل جيه بعد ساعتين و طبعا جاى بارد + بطاطس قليله اوى + sándwich يقرف
2419,Their was hair in the Arizo and the fries were very soggy and not crunchy at all
2420,الاكل وحش جدا جدا والسنادوتش الفراخ واقعه منه وحاجه اخر زفت انا رأي تقفلوا المحل احسن
2421,"It took so long to deliver the order and the meal was so cold Also I ordered spicy chicken , it came only 2 pieces spicy"
2422,كل مره بيجي ناقص
2423,بقالى ٤ ايام عندى نزله معويه بسببكوا للزم الصحه تشوف بتهببوا ايه فى المطبخ جوه
2424,Portions of the chicken cups are tooo smalll
2425,Meal Preparing took longer than expected and it was cold not heated well
2426,الفراخ نضيفة وطازة لكن احجام الحاجة بصراحة صدمتني الساندوتش صغير جدا والفراخ مش مالية نص الساندوتش حتى ومش مميز بأي حاجة لو اتعمل حاجة في البيت هتبقي احلي بكتير والسناك بوكس صغيرة جدا اديت نجمتين بس عشان الفراخ نضيفة لكن الاحجام والطعم ميستاهلوش الفل...
2427,"Very oily & tasteless, they charged me more money than what is stated on the app & insisted on it & elmenus done nothing to correct this mistake"
2428,زفت وخرى على دماغكوا فراخ مملحه وبارده وصغيره جدا ومليانه زيت
2429,زي الزفت المطعم
2430,Mac and cheese pasta tastes so bad
2431,"Not as good as the previous one I ordered, this one the chicken had more oil which isn’t good and the quantity of the rice and coleslaw was less."
2432,الاكل كان بارد جدددااااااا و البطاطس مجلدة و الفراخ ناشفة اووي
2433,الاوردر بارد واترمى
2434,"awful, late delivery and doesn't worth having it"
2435,الكول سلو بايظ
2436,الاكل جيه بسرعة وسخن وزي مانا طلبت بظبط في الnotes فرع شارع النصر المعادي
2437,very late delivery... it took them over an hour and half to deleiver the order and the taste does not worth it
2438,This was the best order I have ever received from Kensas!! The food was done perfectly the ranch sauce was filling the whole cups. The restaurant called me to say that the fries I have ordered is not available and if I want to add somethingelse. I re...
2439,القطع ١١ مش ١٢
2440,slow delivery
2441,الفراخ بايته و معفنه و مجلده و زفره و طعمها يقرف.. اسوء فرايد تشيكن في مصر بجداره
2442,الاوردر جه غلط
2443,العيش مش طازج خالص
2444,الاكل تحفه بس البطاطس عايزه تكون مقرمشه اماره
2445,Very very salted
2446,عظمة ♥️
2447,Jn
2448,The food was great but a lil bit low in salt
2449,Ya
2450,Nice freshy tinder pieces of chicken that you will be addicted to it
2451,الاكل جاي بايظ ومعفن بجد أسوأ مطعم زي الخره
2452,"the fried chicken is greasy, bad taste, and has dry blood residuals inside"
2453,"I order from you regularly from the Mohandiseen branch. Usually it is my favorite but it was warm, cold fries and wasn’t up to standard."
2454,الطلب ناقص وكلمتهم قالو هيبعتوه ومفيش حاجه وصلت
2455,الاكل كان بارد ومجلد ومقرف ! وجه بعد ساعتين ! والدليڤري اخد الفلوس وقالي هيجبلي الباقي واخده ومشي !!!!!
2456,الفراخ كانت مفهاش اى تتبيله والطبقه الخارجية طعمها عباره عن دقيق نى يدوبك متحمر انا جبت العادية من ال spicy فكشفت الطعم الحقيقى المستخبى تقريبا والله اعلم
2457,الجبنة حمضانة، البطاطس مش مستوية، طالب قطعة زيادة جايلي ٢ ستريبس ف لا تجربة سيئة جدا الحقيقة
2458,Sandwich is perfect but the fries was not fresh
2459,"chicken was supposed to be spicy, it came cold and had no taste fries was cold and oilyyyy very horrible experience !!"
2460,انا طلبت الاوردر الساعة ١٢ بالليل و كلمت الsupport قالولي المطعم هيكلمك … مكلمونيش و فضلت مستني…. الدليفري كلمني الساعة ٢ يقوللي انه لسة في الطريق. اضطريت الغي الطلب و معتقدش اني هطلب تاني من elmenus
2461,سي جدا جدا جدا
2462,"was cold, and not the drink I selected"
2463,Fried were oily and cold. Chicken was cold as well.
2464,The order was received late and wet due it was late
2465,Didn’t receive the order yet!!!
2466,اول مرة في حياتي اكل بطاطس عادية المفروض تبقي بكمية الشطة دي ده غير الطعم البشع للفراخ و الستربس كانت بشعة حجما و طعما اول و اخر مرة ..
2467,الاكل ناقص قطعتين فراخ و الملاحظات متعملتش و جاب وجبه عاديه بدل سبايسي....اسوء خدمه عملاء و عامل التوصيل سئ جدا جدا اخر تعامل و لا انصح بيه اطلاقا
2468,انا جالي حاله تسمم وكنت بموت من الآكل بجد أسواء اختيار وأخر مرا اطلب منكم
2469,حقيقي الاكل جه بارد جدا ومتاخر جداا قعد تقريبا ساعتين عشان يجيلي وكمان مفروض يجي مكانه اوردر اتاخر والمعامله فوق السيئه بمراحل بجد حاجه وحشه جداا
2470,Food is good but it came late and was missing an item. Plus elmenus service is terribly bad as they were the carrier and their customer care team is pathetic.
2471,الكميه ضئيلة جدا والقطع صغيره وناقص قطعه
2472,اسوا تجربة مطعم جربتها فحياتي فلوس و اترمت فالارض من كواليتي الأكل للتوصيل اللي قعد ساعتين
2473,من اسوأ التجارب كل حاجة سلبية فالاوردر من كواليتي الاكل لحد التوصيل
2474,الاكل طعمه وحش جدا كان بايت شكله كل حاجه في الاوردر كانت وحشه جدا بجد
2475,التوصيل تأخر لمدة ساعة كاملة عن الميعاد المحدد و الاكل وصل بارد الدعم الفني سيئ جدا ولو حصل مشكلة و اتصلت بيه بيكنسل المكالمة الطعم ردئ و اقل طعم فراخ مقلية جربتها و اعتقد ان باقي المطاعم لها نكهة افضل في وجباتها. لاانصح بالشراء منه
2476,الطعم حلو و الحجم كان كويس و التوصيل كان مظبوط في معاده ❤️
2477,اوردر اعد ساعتين ليه معرفش والاكل جاي بارد جداً ووحش جداً والبطاطس معجنه واسلوب زفت مع خدمة العملاء بنصح اي حد ميتعاملش مع المطعم ده
2478,للأسف تأخر كتير لكن الطعام جيد وسلوك الطيار محترم وعلى خلق
2479,كان سئ جدا جدا جدا جدا جدا و تجربه مش هتتكرر تاني
2480,"Everything was almost burnt the chicken and the fries, plus the curly fries was half the amount"
2481,order came very late after one hour from their call about order on the way
2482,the piece of chicken was very tiny and it was cold
2483,"3 burnt pieces of chicken, soggy bread 🤢"
2484,"food was delicious, delivery was terrible"
2485,الرز الاريزو كان معجن جدا جدا و سواء الاورجينال او السبايسي صوص الباربكيو شبه مش موجود اسوء مرة نطلب فيها
2486,very cold and no spices
2487,I thought it was 2 pieces of chicken and 2 strps
2488,اوحش مطعم فرايد تشيكن و الاكل يجي بعد ساعتين
2489,الوجبة المفروض معاها كول سلو جالنا رز
2490,اقذر اكل و العيش بايظ حسبي الله ونعم الوكيل فيكوا خسارة فيكوا الفلوس ١٢٠ جنيه علي الارض
2491,الأكل جاي متأخر جداً والمفروض الوجبة فيها ٢ ستربس حاطين واحدة والتانية عبارة عن الكرسبي اللي بيتحمر به الفراخ! ومافيش باكيت المنديل ولا شوكة ولا معلقة مع اننا طالبين اكتر من وجبة مش جاي معاهم كيس كاتشب حتى
2492,الطعام بارد
2493,Cold not spicy as i want
2494,I asked for dark meat and i didn't get all of them bark
2495,I received a wrong order and they refused to replace or refund it. Worst costumer service. Worst experience. Worst fried chicken.
2496,الفراخ معاد تسخينها الاستريبس عندهم صغير جدا جدا قطعه اصغر من صابع الايد البطاطس مش حلوه
2497,tasty and fresh but bit salty loved ot
2498,الرز والكول سلو حلو الملاحظة : البطاطس باردة وناشفه وال chicken strips ناشفة وباردة وال bun بايت
2499,الاكل اتاخر عن المعاد المحدد ساعه الا ربع الاكل بارد جدا وسي والاستربس حادق اوي اوي الدعم الفني كويس
2500,el ranch 5ara
2501,worst experience late delivery chicken was full of oil
2502,كنساس طول عمره ممتاز اكل شبعنى من قبل مااخلصه بصراحه روعه
2503,وصل متأخر جدا
2504,الفراخ ريحتها زفارة زي الزفت .. اترمت في الزبالة
2505,طعم الاكل سيئ اترمى كله... الطعم حادق و فيه طعم زرنخة.. احساس ان الاكل بايظ او بايت .. الكول سلو جيه مدلوق من العلبة و نازل كله في الكيس.. الحقيقة اخر مرة اطلب من كنساس
2506,انا طلبت ٣ وجبات و جالي وجبة واحدة والفاتورة مكتوب فيها حق ال ٣ وجبات والطيار عاوز يسلمني الوجبة وياخد حق ال٣ وجبات. انا مستلمتش الاوردر ! اول مرة يحصل كده من كنساس حقيقي الموقف مكنش حلو واحنا جعانين وفي الاخر مأكلناش حاجة. ده غير ان الاوردر اصلا ك...
2507,الطلب ناقص ومختلف ومفيش تعاون من المندوب
2508,not fresh at all
2509,late too much
2510,القطع لونها غامق وناشفة جدا
2511,طلبت سندوتش dirty south السندوتش يعتبر فاضي و فيه قطعه فراخ مش مغطيه غير نص السندوتش والله و جالي غلط في الأول و رجعته المطعم و جالي تآني بعديها بنص ساعة لولا إني هصوم كنت كلمتهم و رجعته. كنت من محبين كانساس بس دي آخر مره
2512,"Missing sprite and literally the curly fries were so little it didn’t even fill half the bucket, first time to be disappointed"
2513,Salty
2514,"The chicken was dry, almost no buffalo sauce and the fries were stale."
2515,Rizo wasn’t good
2516,طعم سىء جداً
2517,الاكل وصل ساقع وعلبة البطاطس مطبقة والجبنة كلها علي العلبة من جوه مش علي البطاطس
2518,was not good delivery time was too long which affected the meal taste
2519,السنديتش ملحو زايد جدا
2520,سئ جدًا
2521,I ordered 6 strip pieces I got 5 I ordered cheesy fries I got regular & I was charged for both . I don't recommend buying food from you again
2522,Ordered it spicy and came not spicy at all and the chicken was cold
2523,أسوأ وجبه اكلتها في حياتي
2524,الاكل جاي بارد و الارز طعمه وحش و البطاطس وحشة و اتاخر جدا .. اول و اخر مره
2525,ناقص ملح
2526,الطعم كان حلو جدا بس بطننا وجعتنا تاني حاجة التغليف مش مفرق الوجبة ال spicy من ال regular. لما كلمنا المطعم قالو الغامقة تبقي spicy 😅 ياريت يتكتب بقلم او حط او يزود قطعة حتي عشان نفرق بينهم
2527,جميل
2528,أسوأ مطعم أكلت منه في حياتي خساره فيهم جنيه واحد
2529,الاوردر وصل ناقص وبعد ثلاث ساعات وصل باقي الطلب واسلوبهم مره مو حلو ماانصح فيه
2530,Chicken tastes so bad. Not fresh at all
2531,The coleslaw was opened The sprite can had a hole and the sprite was spilt The order was wrong
2532,الاوردر جالي متأخر ساعتين ونص غير كده الاوردر وصل ناقص
2533,الفراخ مش فريش. خلطة التشيلي لايم حلوة.
2534,علي رغم من التاخير اكتر من ساعتين واشتكيت اكتر من مره المطعم كلمني وقال ان الاوردر وصله متاخر وهايجهز ويجيلي … طيب لو كلامه كان صح علي الاقل قوي يعني كان ييجي الاورد سخن مش بارد !! مفروض انه لسه متحضّر وخارج من المطعم .. حقيقي اسوأ تجربه اكل من مطعمك...
2535,Arizo very very very bad coleslaw very small
2536,"the food was terrible, chicken is oily and not fresh and the oil itself tastes like it's over consumed..my stomach hurts and now I'm taking medications to stop that mess"
2537,طعم الفراخ مش حول و مش كرسبي ودة مش مستوي كنساس
2538,الاوردر جيه فى تلت ساعات
2539,ممتاززززز👏🙏
2540,الفراخ حرفياً بايظة ومتتاكلش... ايه يتقال بعد كده
2541,We didn’t receive the kids meal toy
2542,اكاد اجزم ان الفراخ بايظة، ريحتها زفرة، وطعمها في غاية السوء العيش بايت وناشف البطاطس مش مقرمشة ولكن ما ال طعمها حلو الرز عادي مقبول الكلو سلو جيد تجربة سيئة لن تتكرر ولا انصح بها وانا في غاية الحزن ان فيه جودة بالسوء ده
2543,الفراخ مش مقرمشه و غالى على حجمه
2544,I got my order after waiting more than 90 min
2545,chicken was hot but not spicey it was very salty i couldnt finish it
2546,الاكل اكثر من سيئ اول و اخر مرة اطلب منكم استهتار بالعملا بطريقة مش طبيعة
2547,الاكل كان فيه فلفل اسود كتير اوى
2548,Mac n cheese was so gross🤮🤮🤮🤮
2549,"The delivery was very late ( two hours after calling me), called the restaurant and didnt get back to me. Two hours of waiting and no one cares. Wont ever order from this restaurant again."
2550,الاوردر كان معاه بيبسي و مجاش و الطعم وحش اوى
2551,توصيل بعد ساعتين وتغليف وجودة سيئة للغايه
2552,البطاطس بارده جدا جدا والفراخ كانت حلوه بس مش سخنه
2553,لا يوجد اي طعم للتبيلة في الفراخ مجرد فلفل اسود بس
2554,الاكل حلو لاكن الصوص مش حلو
2555,Everything was perfect 👌 ❤
2556,الفراخ مليانة زيت ومش طازة زي كل مرة
2557,الاكل كان سخن والتسوية كويسه والطعم ممتع ووصل فى وقت كويس
2558,الاكل جيه بارد
2559,اول واخر تجربة مفيش اسوء من كدة وخدمة عملاء سيئة في طريقة الحل
2560,Terrible quality. Will no longer be a part of that shit again
2561,الاكل جه بارد طالب سبايسي القطع جالي الستريبس الي سبايسي وانا طلبت القطع والكول سلو مجاش ولا الكانز
2562,تم استلام الاورد ناقص ولم يتم التواصل
2563,الاوردر قعد اكتر من ساعة و نص و انا اصلا بيني و بينه ٤ دقايق بالعربية ، مش فاهم ايه التاخير ده ؟؟؟؟ لا و اتصل يقول لي الاوردر خرج من فرع و بقاله اكتر من ١٥ دقيقة مجاش اخر مرة التعامل معاهم👎🏼
2564,اتاخر الطلب
2565,حلو بس من فتره كان سئ قلت اجرب تاني بس طلع حلو
2566,الاكل كان مزيت جدا
2567,البرجر صغير اوي اوي وغالي جدا والاكل بارد واتأخر كتيير.. ميستاهلش التجربة
2568,الطيار في قمه الاحترام والذوق والاكل جاي سخن وجميل جداااااا
2569,"Bread wasn't good, missing a coleslaw, chicken wasn't spicy as I ordered."
2570,حلو اووي وجه سخن بس اتأخر
2571,تجربه بنت متناكه اتمنى متتكررش تاني
2572,tye delivery was too late
2573,الاكل كان سئ للغاية للاسف الفراخ مجلدة وبايته على عكس اللي متعود عليه
2574,الفراخ ناشفة ومش طازجة نهائي
2575,الفراخ طعمها زفت ومش مستويه
2576,وحش اوي و التتبيلة مقرفة و مكرونة الصوص بتاعها معجن و مش حلو خالص و صوص الجبنة تقيل جداا
2577,كان ليا بيبسي و مخدتهوش و خدمة في منتهي قلة الذوق فرع مش لطيف
2578,"oder came wrong and not fresh, more than an hour"
2579,"the order came without the Cole slaw , no utensils ,, no tissues ..no nothing..called the restaurant ,told me it was last order so they cannot rectify the situation..and he will send it whenever it's convenient...but not immediately..."
2580,ضعيف
2581,الساندويتش كان طعمه وحش اوى بجد اتصدمت فيه الفراخ كانت مش مستوية كويس وكل حاجة فيه كان طعمها غريب ووحش !
2582,الاوردر مجاش اصلا ومعندهمش اي معلومه عن السبب ومفيش حد فاهم حاجه
2583,سيئ جداً جداً جداً
2584,Slow Delivery
2585,اسوء اكل اقسم بالله شوفته في حياتي
2586,اتغير و بقى بيوجع البطن زي باقي مطاعم الفرايد تشيكن .. الفراخ فيها اسود كتير من جوه .. ماكنش كده الاول خالص .
2587,Everything was great except the mac'n'cheese
2588,"salty , poor seasoning"
2589,فراخ كانت مش فرش ونشفه وكل القطع ورك ومفيش صدور ولا دبابيس والاهم انها مش فرش ونشفه سيئه للغايه..
2590,"Pack was open. No coleslaw with the order, no tissues no ketchup. I will not pay visa again because it seems that the delivery person is abusing the package relying on the fact that he already got his money. I loved the chicken but the package wa..."
2591,اسوأ شئ في كل شئ دجاج غير طازج بل (اوشك) علي الفساد. كميات قليلة في كل شئ حتي الخبز غير طازج (كايزر بايت) والوجبتين ناقصين كولو سلو وكلمتني المطعم قلت لها قالت هاتبعتهم مع دليفري المطعم علشان نا بتعرفش توصل لعامل دليفري منيوز . وفي الأخر لم ترسل شئ
2592,مش اسبايسي والفراخ مكنتش مستويه كويس
2593,برنامج وحش
2594,حلو جدا بس قليل على السعر مفيش بطاطس
2595,الماك اند تشيز (المكرونه كانت سيئه )
2596,باعتلي استربس عيّنات دي مش meal دي samples
2597,it was cold and salty i don't think I wanna repeat
2598,قطعة الدجاج الواحدة بحجم كيس الكاتشب، ومعايا صوره ليها لو في طريقه ابعتها بيها، وكنت منتظر التقييم حتي اكتب هذا التققييم لمراجعة الامر، بانتظار الرد...
2599,my didn't come complete
2600,السندوتش كان طعمه وحش و انا بطني وجعاني من سعتها و كان هو مش نضيف و بقالي ٣ ايام تعبانه بسبب عدم نضافة الاكل
2601,Qawy neik
2602,المكرونة بالجبنة بايظة و الاكل سيء للغاية كله
2603,Items became extremely smaller than it was
2604,الاكل مكنش حلو و طلب مجاش صح
2605,في اوردر ناقص
2606,the taste not good and I ordered it with chilli and lemon but it is not
2607,مطعم زبالة
2608,الرز كان شايت
2609,my order delivered missing the chicken piece & 2 strips pieces at first and I ate too late because of this
2610,تحفه
2611,للأسف بقالي كذا مره كل ما اطلب من كنساس اقول اخر مره اطلب منه المره دي فعلًا فعلًا الاخيره استحاله اطلب منه تاني
2612,الطعم سي جدا جدا جدا وريحه زفارة بشعه وميستاهلش الفلوس وآخره مره اجيب من عندكم
2613,so bad taste and not fresh .. bad experience i will not order from this brand anymore...
2614,Everything was perfect and delicious but I requested not to bring any thighs(leg) and they put one . We have a very picky eater and that piece was thrown out.
2615,Very very bad taste Low quality Worst experience
2616,"second time missing items, dry chicken"
2617,غالي علي الفاضي
2618,اسوء مطعم طلبت منه
2619,الاكل سئ و بارد و مش مستوي كويس، حسبي الله ونعم الوكيل فيهم
2620,الاكل حلو و الفراخ ممتازة و الأكل وصل سخن
2621,the sandwich was good but the onion rings were not crispy and the sandwich wasn't spicy
2622,تأخير اكتر من ساعة و نص. الاكل واصل بارد، الفراخ استغفر الله تقرف و غير قابلة للأكل و طالع منها ريحة عفن. خدمة زي الزفت. فلوس في الارض حسبي الله ونعم الوكيل
2623,"delivered late, cold and missing items"
2624,سئ
2625,جالي الفراخ قطع صغيرة ومتسخنه يجي اكتر من مرة تجربه تقرف وخسارة فيه الفلوس لا ومكنوش عايزين يرجعو الاوردر تجربه سيئه مستحيل تتعاد
2626,فراخ محروقة لكن بصراحة كلمونى و عوضونى
2627,Good was very bad
2628,"The delivery man harassed me. I couldn't eat the food, 150egp in the garbage and a fear that this could happen again. Unbelievable and unacceptable."
2629,الاكل جاي بارد جدا
2630,مكنش في نفس مستوى كل مره اخد حوالي ساعتين على ما وصل وكان الاكل بارد ومش قد كده
2631,الكمية غير كافية
2632,زفت ع دماغكوا
2633,اول مره اجربه ومش هطلب تانى الفراخ مليانه زيت والرز معجن
2634,الحجم بالنسبه للسعر وحش اوي وكواليتي الاكل زي الزفت تجربه تقرف من الاخر كده
2635,نن
2636,حلو بس العيش ناشف مش طازة
2637,الفراخ كانت سيءه جدا والقطع بقت صغيرة بصراحه اليفيل بتاعكو في النازل
2638,very bad quality not cooked well bad taste
2639,الفراخ مش متنظفة كويس و زفرة
2640,فراخ زي الزفت كله زيت ومتسخنة حاجة في منتهى القرف
2641,القطع بقت صغيره جدا والتتبيله فيها ملح زياده والكول سلو ياريت تحطه حاجه بداله علشان عمره ماظبط معاكوا
2642,One of the pieces had an awful taste and a bad smell
2643,للأسف الاكل حادق جدا خاصة التندر. حاطط كيلو ملح
2644,الاكل بايت الفراخ تقريبا سودا الاكل سئ
2645,الاوردر وصلنى متاخر جداً و بارد جدااااااً
2646,وحش جدا
2647,Just perfect
2648,Chicken not fried well
2649,الاكل بارد و مش طازة
2650,Worst service and treatment food cold and late in delivery
2651,Worst place delay in order and it was cold
2652,مستوى الأكل كان حقيقي ردئ
2653,الاكل جه سخن بس الطعم وحش مش عاجبني
2654,سيء جدا والفراخ ناشفه
2655,helalyeman749@gmail.com
2656,لو في أقل من ١ كنت اديتكوا ابشع fried chicken كلته في حياتي وغالي علي الفاضي انتوا ازاي مكملين بالمستوى المتدني ده بجد
2657,واحد من اسوء الفرايد تشيكن اللي كلتها في حياتي حجم القطع صغير جدا جدا الفراخ ناشفة جدا كأنها ومش فريش نهائي
2658,Worst freid chicken ever. Too bad quality and bad tasty
2659,الاكل بارد والعيش بايت
2660,كان سبايسي بسيط جدا و التتبيلة كان قليله جدا على قطع الفراخ
2661,الفراخ كانت محروقة
2662,ناقص بطاطس
2663,so bad chicken and a very small portion
2664,The chicken had blood
2665,تحفه بجد
2666,The chicken wasn’t good it smells bad
2667,السندوتش كان وحش جدا ومحروق وتجربه بشعه الحقيقه
2668,الفراخ عندهم دايما كويسه بس السندوتشات بشعه السندوتش جالي محروق ووحش جدا
2669,والله معامله خدمه العملاء بالفرع ممتازه الاستاذه نور تواصلت معايا وتابعتني الي ان وصل الاوردر وقدمت افضل شئ واحسن اكل وبعدها طلبتني تطمن ايه رأئى وهل الاكل عجبني وانسانه ذو خلق عالي اتمني لها التوفيق والنجاح المخلص في عمله يستحق التقدير
2670,"Just great ,as always"
2671,سعيد بالتجربة
2672,الاكل تحفه بيجي سخن ونضيف والطيار ذوق جدا جدا
2673,I can’t believe i was ordering from KFC and Heart attack in the past didn’t know that kanses is the best “by far” from anyone else
2674,"delivery guy was rude.. the food was not at the usual level of taste, the chicken in the arizo was half cooked well and half was half cooked.."
2675,"The chicken tastes a bit bland although very tender and crispy. With a bit more spices, it would taste great."
2676,Eaten food!!!! Ezay!!!!
2677,السعرالاجمالي علي التطبيق غير سعر الحساب الفعلي المدفوع
2678,خطير
2679,"The chicken was cold, dry and taste like plastic ! Very bad experience."
2680,مالح جداا
2681,الطعام طازج وطعمه حلو والكمية كافية وسرعة التوصيل
2682,The chicken was raw
2683,order was missing the large pepsi when contacted the driver he said he wil contact the branch and get back to us but HAVEN'T
2684,كان في حته في الفراخ مش كويسه
2685,I ordered arizo and i got 4 chicken pieces
2686,البطاطس كانت باردة و طعمها مش حلو و الفراخ حرفيا ملهاش اي طعم مش بتسمع غير صوت قرمشة بس كانت سخنة و الحاجة الوحيدة الي كانت حلوة هي الكول سلو ، عموما منصحش بيه لان في مطاعم افضل من كدا بكتير
2687,It’s too cold sandwich
2688,منصحش حد بالتعامل مع المطعم ده هياخد تجربه سيئه جدااا من تأخير وصول و وصول الاكل متلج مش بارد لأ متلج حرفيا وناشف و مجلد و العيش بايت و مبرول و تجربه سيئه جداا و إهدار للمال فعلا مافيش اي قيمه مقابل السعر والأكل اترمي
2689,تاخير و وصول الاكل بارد و مالوش طعم انصح بعدم التعامل
2690,Very poor taste & quality
2691,الفراخ كانت جاية باردة و بايتة و ناشفة جدا حتى لما سخنتها فضلت ناشفة و كان كله صدور
2692,الاوردر جاي من غير كول سولو والارز من غير معلقه او شوكه ومفيش مناديل ولا جونتي حتي وحاجه استغفر الله يعني
2693,"The quality is not at all what we were used to. The chicken had a purple color and tasted bad. The order came missing and the support said they will bring the rest of the order, which they did not do. They never came back. The prices listed on elmenu..."
2694,الاوردر جه ناقص حاجات
2695,قطع صغيره جدا جدا
2696,اسوأ تجربة واخر مرة اطلبه والحمدلله اني رجعت الاكل واخدت فلوسي لما الاوردر جه غلط وكمان متأخر هيقفلوا قريب بسبب قرفهم ده
2697,late delivery .. delivery attitude.. cold food
2698,تأخير فى الاوردر اكتر من ساعه ونصف
2699,الارز كان حمضان
2700,الاكل كان وحش جدا و مكانش فيه رز كلموني عشان اخد حاجة تانية مكانه بجد اخر مرة اجيب من عندهم اساسا العيش كان ناشف و بايت و الاكل جيه متاخر و البطازس بايتة و ملهاش طعم بجد حاجة في منتهي القرف
2701,الأكل بايت وعباره عن ساندوتشات بيض مش فراخ
2702,"we ordered mac and cheese with chicken addition, however there was no chicken"
2703,"Club Sandwich was cold - chicken was not fresh and tasteless. Kansas wrap was also cold, bread was very oily. Overall was very bad"
2704,ازاي ده مطعم بيقول انه فرايد تشيكن ملوش اي علاقه كل حاجه ملهاش طعم حقيقي ندمان اني طلب منه
2705,الطعم مكنش احلي حاجة هو نضيف و كل حاجة بس حسسني اني باكل فراخ مسلوقة
2706,الاكل سئ جدا جدا
2707,الطعم بقى سيء جداً وقطع الفراخ كان لونها غامق وشكلها يدل على إنها فاسدة واترمت ازاي سندوتش كيدز ميل يجي سبايسي! التغليف سيء جدا ولا يوجد باكت المعالق والوايبس ولا كاتشب حتى الكيدز ميل مش في بوكس زي باقي المطاعم المحترمة الأوردر وصل بارد
2708,cold but tasty
2709,طعم سيئ جدا جدا جدا وتغليف الاكل غير مرضي والفراخ غير نظيفه انا جبت ميكس ٣٢١ الفراخ كلها دم وبيقولك بالخلطه السحريه وهي ملهاش طعم خالص المفروض تكون ناشفه زي ما بيقولوا أنها خلطه سحريه الفراخ جايه طريه وليس لها طعم نهائي انصح عدم التجربه
2710,Chicken was over fried!! Not tasty and not spicy.. The restaurant used to make much better fried chicken than the ones I received.. Coleslow was not fresh.. I was not happy at all!
2711,Poor food
2712,الاكل وصل سخن كلة والاوردر كامل الفراخ الكريسبي بتاعها حلو ومش كتير السياسي مكنش حار اوى والسلطة مش احسن حاجه بس عموما تجربة حلوة هتتكرر تاني
2713,it was cold
2714,حاجة آخر قرف
2715,they forgot the straw. no ketchup and tissues. there wasnt an option to choose a drink. fries were the worst
2716,"The order late more than 30 min , the chicken color look very bad , the fries was cold , every thing not perfect at all"
2717,It was very veryyy bad !! I dont know what happens to you!
2718,The order was so cold the fries were oiled and the buns were hard I wasn't expecting that (it was my first time and I didn't like it please inform the branch and Kansas management that first my order came 30 mins late and It came as I explained
2719,The worst restaurant ever and the worst fried chicken eveeeeer salty tasteless and not clean also I didn’t receive my colslow and the pepsi
2720,so good better than its competitors like kfc heart attack and bazooka
2721,كله كان جميل ماعدا الكانساس راب كان كله فلفل اسود لدرجة انه كان حراء من كتر الفلفل الاسود اللي كان فيه … متوقعتش كدا بصراحة
2722,"everything was wrong, really upset."
2723,the Chili lime chicken was amazing 🤩
2724,everything was tastless
2725,الساندويتش صغير اوي ارجو التأكد ان اللي اتبعتلي لارج لأن اكيد دا غلط
2726,مش حلو خالص و حجم الفراخ صغيييييير جدا جدا
2727,Driver’s attitude so bad and frustrating
2728,الفراخ حلو جت سخنه بس مجاش معاها البطاطس و الخبز
2729,اولا المطعم دا اوحش مطعم فرايد تشيكن بسبب ان الاكل كان زي الزفت و الاريزو كان معجن و الفراخ كانت بايته و البطاطس بردو و الكلوسلو طعمه استغفر الله و المطعم ده مطعم نصاب بمعني الكلمه و النجمه دي ميستحقاهاش
2730,"The chicken wasn’t juicy, but very dry. The spices are neither good nor enough for the chicken. In addition, portion is very small compared with the price"
2731,a7sn mn kfc
2732,coleslaw was very very very bad rice was greasy yet tasted amazing chicken was well marinated and spiced yet the pieces were small
2733,delivery was a bit late but maybe due to iftar time
2734,زي الزفت و الاوردر ناقص و كانا في رمضان و طالبه الساعة 3 وصلني الساعة 7 بعد الفطار بنص ساعة و حاجة أخر خرا
2735,سئ سئ سئ جدا جدا طلبت الاوردر من الساعة 3 يوصل ع المغرب وصلني علي العشا ووصل ناقص
2736,The order was totally wrong. The mac and cheese didn't come with crispy chicken as ordered and the mixed fries didn't have waffle potatos and it was almost plain fries only.
2737,الاكل واصل ساعه ونصف بدري كتييير بصراحه بس الاكل جميييل جدا
2738,just a bit dry
2739,خدمة عملاء رائعة و طاقم توصيل محترف و محترم
2740,the food was cold and salty
2741,Small sizeee
2742,التوصيل باكر عن موعد الإفطار بفترة كبيرة كول سلو لاول مرة سئ للغاية
2743,تجربه لطيفه نضافة وطعم لطيف واهم حاجه متابعه خدمه العملاء مع العميل بعد الاوردر واهتمامهم براي العميل في الاكل والخدمه
2744,الفراخ. وحشه و غامقه و عضم ملوش طعم بشعه
2745,بعد ما طلبت الاوردر.و دفعت بالفيزا. خدمة عملاء المنيوز اتصلوا بى و قالو لى المطعم عايز 20جنيه زياده و الاسعار ف المنيو مش مظبوطه و فعلا أخدها م الفيزا.و المطعم أتواصل معايا للتقييم حكتلو الموضوع قالى ما فيش الكلام ده و السعر كان مظبوط.اصدق مين فيهم؟
2746,Dd
2747,الاكل بارد والكمية بجد عينات قليل جدا ومفيش بطاطس بجد سيء
2748,مش لاقيه البطاطس مش بعتتلي بطاطس
2749,الاوردر كل مره يوصل يئمه ناقص يئمه بايت
2750,الاكل وصل ناقص للاسف ومبهدل في بعضه اول مره اطلب من كانسس ويخيب امالي بالشكل دا كان مطعمي المفضل للاسف
2751,Everything was just perfect.
2752,Everything is bad and the meal arrived cold
2753,everything is bad so I didn't use the app from that time
2754,ما جاني رانش و جاء بارد وبايت هو والعيش
2755,الاكل زي ما يكون كان بايت ده حتى ال bun والله مكانش فريش
2756,اول حاجه الاكل جيه بارد جدا الفرايز كانت طرية اوي الكرست بتاعت الفرايد تشيكن مفيهاش كرست اصلا انا لو عملت فراخ ف البيت هتطلع احلى وكنت طالب ال 321 meal وتشيلي مفيش غير واحده بس من الاستربس هي اللي جت تشيلي والاربع قطع الباقيين عادي حقيقي من اسوء الت...
2757,Didn't recieve it
2758,الأكل رائع ونظيف وسرعة في امانة في التوصيل
2759,الكلو سلو جايه بايظة!!!!!!!!
2760,"Colslow has a strange colour, taste and smell."
2761,the food was very cold / low quality and not eatable no taste and was very bad experience from Kansas
2762,الاكل جه متأخر و بارد
2763,Worst ever
2764,الاكل دايما بارد وبيتأخر جدا
2765,delivery a bit slow
2766,زبالة الزبالة اكل قطط و كلاب اكل متسخن و قديم و جاى اصلا متأخر
2767,so weird soooo bad 👎 الفراخ زفره جدا أخر تعامل حرفيا مع كنساس رائحه الفراخ غير محتمله
2768,The food was cold due to late delivery
2769,اسواء سندوتشات فراخ كلتها في حياتي
2770,I got a piece of wool on my food
2771,طلبت يوم الاحد و كان الاكل وحش جدااااااا الفراخ حادقة و ناقص ٢ بيبسي و البطاطس مجلدة و بجد تجربة سيئة جدااااا
2772,أسوأ تجربة بلا منافس، طلبت اوردر كبير جي كله ساقع والريزو اللي طلبته جيه من غير فراخ باعتين رز بس وحاجه بشعة ولو في صفر كنت حطيته بدل الواحد
2773,الطعم سئ جدااااا
2774,All was good
2775,Nice experience
2776,Order was cold and did not taste at all well. Bad experience
2777,الاكل بارد جداا وغير مغلف جيدا
2778,"Missing items , sandwiches weren't spicy as requested. sandwiches had no sauces."
2779,Gameel awy
2780,البطاطس باردة وبايتة والاوردر مجاش معه الكلو سلو والفراخ باردة جدا
2781,الاكل حلو جدا بس للاسف الشديد انه جه بارد جدا جدا والبطاطس باردة برضو مع ان الفرع في نفس الشارع بتاعي
2782,Too salty
2783,الاكل كان جميل بس صور الوجبة كان ف بطاطس ومكنش spicy اوي
2784,انا طلب سندوتش كلب حاوس عشان شكله كان سندوتش جالي مش زي الصورة خالص حاجة مختلفةً تمامًا و ملخبط الاوردر ما بين الكلوب حاوس و ال او رانش انا فعلا دي اول مرة اجرب كانسس و تاني مرة اطلب من المنيوز و شكلها هتبقا اخر مرة هشان ده اسمو احتيال ازاي تعرضو حاج...
2785,frensh fries was below normal (not crispy)
2786,السندوتشات صغيره مش حلوه الفراخ ملهاش طعم و بارده الأسعار مبالغ فيها و طول لحد ما جاه
2787,المشروب كان غلط والطلب أتأخر جدًا
2788,الاكل سئ جدا ، البطاطس كلها زيت ، الكول سلو وحشة اوى
2789,Overall rating = 1 / 10 Quality = 1/10 the worst quality of fried chicken Quantity = very small and not even close to what you see in the pictures Delivery = it takes more than the app says
2790,the sandwiches were ok but the pasta was a disaster!! it was super spicy though I requested it not spicy cause it was for a toddler. the order came 75 mins late!!
2791,Worst thing you can order on this application
2792,auwful service
2793,بعد م دفعت ب الفيزا و تم خصم المبلغ بتاع الديلفرى قالى مش مدفوع و احرجنى أمام الجيران كانى حرامى .... معايا رسالة خصم المبلغ وريتها ليه و برضه عايز فلوس !!!! منتهى السخافة
2794,It came cold
2795,very very very late. kansas is always like this and it’s very annoying. the average for the delievery is 2 hours. how is this even possible
2796,El akl gy bared w feh sha3r w gy mt2khr sa3a!
2797,"The customer service is very bad, the delivery takes to long and food arrived cold"
2798,التوصيل اتاخر جدا والطعم متغير وفيه زيت كتير اوى اوى
2799,"stripes very dry and chicken in dark color, fries very poor ""cold"""
2800,اكل بايت و قرف فعلا زبالة و الاكل بايت و معجن و جه بعد اكثر من ٢:٣٠ ساعة . اول و اخر مرة فعلا.
2801,اوسخ مطعم ممكن تاكل منه فراخ بايتة و مثلجة . فعلا من تحت السلم
2802,الاكل كان سئ و يوجع البطن و الكمية قليلة كمان
2803,الطعم كان وحش اوي الفراخ مش حلوه.....مفيهاش اي بهارات او اي حاجه
2804,You will definitely regret your money. Don't even try
2805,الاوردر جه بعد ساعه ونص بارد وكل حاجه ملهاش طعم تجربه مش هكررها ابدا
2806,الكولسلو كبير مرة جالي ناقص نصة ومرة تانية ما جابهوش خالص... بجد شوية حرامية خسارة فيه الفلوس والطعم زبالة كنتاكي برقبته
2807,كان بارد جدااا وخساره فيه الفلوس
2808,الفراخ زفرة جدا و الاوردر وصل كان بارد .. الحقيقة انا اديت ١/٥ عشان بطاطس بس و كول سلو كان طعمه يقرف كأنه بايظ .. بجد مش هكرر التجربه تانى
2809,كميات قليلة مقابل السعر والكول سلو الكبيرة جاي نصها بس اللي مليان
2810,I received different types of chicken other than i requested
2811,WORST SERVICE EVER + FOOD IS EXPIRED!!! NEVER TO ORDER FROM YOU AGAIN !!!!
2812,أخيرًا رجعتم لمستوى زمان كنت بطلت اشتري منكم
2813,الماك اند تشيز بشعه مش طعم اكل خالص والله
2814,سعر التوصيل عالي جدا و يجب مراجعته جيدا أسوة بباقي المطاعم على المنيوز و التي قامت مشكورة بتخفيض أسعار توصيلها مع خالص تقديري و احترامي للجميع
2815,الماك ان تشيز بشششششعه
2816,so bad taste.. cold meal
2817,اكل وحش جدا . ساندوتيشن اسوء من بعض مش هعمل التجربة دي تاني وابلكيشن المنيوز نفسه زي الزفت علشان يجبرني اكتب رفيو بعدد حروف معينه اهي عدد الحروف ضربت في وشكوا ابلكيشن زي الخرا
2818,كان ساقع الاوردر وطعمه كاان وحش جدا
2819,كان سئ
2820,سئ جدا ساندوتش تترمى فالزبالة و بياخد وقت طويل و دليفري غالى و جودة تقرف مع العلم انى بلغت بالغاء الاوردر للتأخير الزائد و فوجئت به جايبه و بيقولى لازم تاخديه ياما هيتخصم عليا و انا عندى عيال و مش حمل خصومات ف حاجة قمة التسول و البجاحة و اكل قمة ال...
2821,I did a complain but unfortunately even the customer service isn’t good
2822,The chicken was too salty
2823,طعم الدجاج سئ جدا جدا جدا والاكل بدون ملح نهائي وطعمه سئ جدا ومستحيل حد جربه ويكرره ابدا
2824,the food was good big portions and it was hot
2825,الفرع حسن من نفسه و التتبيلة و الفراخة نضيفة
2826,it was very bas
2827,وقت التوصيل طويل والأكل وصل بارد
2828,the food was very cold and not good and it took 2 hours to deliver the order
2829,Cold food and there was missed Pepsi can
2830,Not hot
2831,الاكل فى منتهى السوء و ليس هنال احترام للمواعيد تجربة فاشلة
2832,They gave me wrong order and took 100 LE plus on my cost
2833,زي الزفت والاكل وصل بارد وحجمه صغير جدا
2834,had better
2835,الطيار ممتاز بس البطاطس كانت مش حلوة ملهاش طعم
2836,perfect meal with out standing quality
2837,"food was very cold, may be due to weather conditions but the packing must be ready for this situation"
2838,الاكل كان بارد وجبه متاخر اوي
2839,ازبل ساندوتش كلته في حياتى فاضى و طعمه سئ جدا جدا جدا
2840,الطلب وصل متاخر و غلط و طعمه سئ و مفهوش ولا معلقةو ولا مناديل
2841,هم غيروا نوع الاكل بتاعهم اكيد لأن الكواليتي بقت بشعة. الفراخ ناشفة وملهاش طعم اوي. والرز طعمه محروق!! والكول سلو كأنه بايظ وفيه طعم واسابي مش مفهوم!! معدتي قلبت من ساعة ما أكلت. دي تاني مرة الأكل يجي متغير كده وردئ.
2842,الاكل وصل بارد والاوردر كان في خطأ
2843,I am extremely disappointed with the order I received. It was almost an hour late the sandwich tasted bad i could even finish.
2844,اسوء مطعم الفراخ فرايد مزيتة و الريزة بشع وخدمة سيئة
2845,مطعم غير محترم و مواعيد غير منضبطه و يتأخر دائما
2846,مكنش زى كل مره كانت متسخن و نش طازه بس حندى العذر لان الجو امبارح كان صعب جدا والطلب كان متاخر
2847,Everything is bad last time to order and missing 2 potatoes packet the food is cold and not tasty at all
2848,No order receive
2849,وصل متأخر ساعة كاملة وكمان ناقص بطاطس، كلمت خدمة العملاء قالولي في مسئول هايتواصل معاك محدش عبرني
2850,انا رميت فلوسي ف الارض ووقتي ضاع .. رجعولي فلوسي وبالكتير خدو فلوس البيبسي .. او واخر مره
2851,انا طالبه من 3 ساعات تقريبا والاكل موصلش ومعرفش هيوصل ولا لا وطبعا بارد
2852,كان مقرف بجد جايلنا الفراخ سوده و مش بتتمضغ و فوق كل دا كان بارد و الكلوسلو كان مايه و ملهوش طعم و جالنا حاجات طلبنا انها تتشال و الفرايز كانت سقعه جدا
2853,The order take more than hour and half and without katechub
2854,اسوأ فرع طلبت منه اوردر لحد دلوقتى هو فرع المعادى، اتأخر ساعتين ونص بحجة الديليفرى عمل حادثة والاكل جيه بايت وميتاكلش.
2855,الاكل كان بارد جدا والفرايز بارده جدا والكول سلو اتحط مع الكولا في نفس الشنطه وغرق الكولا و كمان مفيش معلقه اتحطط علشان ناكل بيها الكول سلو ده حتى من منطلق التوفير مفيش كاتشب جيه مع الاوردر تجربه في المجمل سيئه ولن يتم تكرارها مره اخري
2856,اكل سئ بدون طعم
2857,"The Tries fries was only 2 types of fries not 3 and it was very oily and greasy. Did not receive the Rizo sauce, i received a ranch sauce instead of the BBQ I selected and the strips was not fresh, clearly has been fried too many times that it can br..."
2858,"it came 2 hours late, and there was many mistakes in the order"
2859,المطعم سي جدااا وبقي الفراخ فيه وحشة جدااا ولاطعم ولا لون قلي
2860,order was cancelled by your team
2861,وحش وطعمه بشع جداااا رميته
2862,It was cold
2863,Very late and cold
2864,سيئ جدا
2865,بطاطس مجلدة و سيئة ساندوتشات مصنوعة بإهمال و مفعصة و فاضية و قطع الفراخ صغيرة المفروض الوجبة لفردين و جاي كيس كاتشاب واحد المفروض 2 كوكا بس استلمت واحدة بس مفيش معالق للكولسلو عرض سيئ و تجربة سيئة و مش هتتكرر
2866,جه بعد ميعاده بحوالي ساعة والاكل ساقع
2867,Very poor and not tasty at all The lettuce was old and looks bad The chicken not fried well
2868,تجربة سيئة جداً جداً جداً الحقيقي الاوردر( البطاطس والفراخ) وصل ساقع مش عارفة عملتوها ازاي الصراحة انة ساقع مش بارد حتى على الرغم من انه الفرع يبعد عن البيت ٤ دقائق فقط حاجة في منتهى السوء وفي قطع غلط ( انا طالبة كيلة و اللي وصل صدور ) و علبة الج...
2869,لم اري اسوء من كدا ، تاخير ساعتين و نصف، اكل سئ، سواق كاذب ، مدير فرع مش مهتم
2870,الناس لازم تبطل اي حد بيعمل نفس الاكل و يجيب من هنا 😍😍 اكل نضيف .. مش مزيت .. المكونات طازه .. و سعر مناسب جدا جدا جدا.
2871,الاكل كلن وحش جدا و متسخن و الفراخ مزيتة أسوأ مرة طلبت من kansas 🤮😡
2872,الاوردر بعد ساعتين بيقوليلى العنوان غلط ومش عارفين يوصلو ومستنين لحد ما اكلمهم ويقوليلى مع العلم اقسم بالله وصلونى ٥ مرات على نفس العنوان
2873,the food was a bit cold but it was so delicious
2874,too salty
2875,سيئ للغاااااايه والقطع صغيره جدا وكله وصل بارد لا انصحكم بالشراء
2876,اسوء حاجة ممكن تتاكل
2877,the food wasn't that good
2878,حاجه تقرف بجد لما تدفع فلوس ففراخ بانيه امك بتعملهالك عادى فلبيت طعم ملوش اى تلاتين لازمه حاجه كده ملهاش طعم اصلا ملوش علاقه باى فرايد تشكن فلحياه هى بظبط فراخ بانيه معموله فلبيت و اللى فلبيت اقسم بالله احلى منها كمان و المفروض انه سبايسى هو مش سبايس...
2879,it came very late but the food was very delicious 😋
2880,Fries was so bad
2881,The taste was good but it was cold and the chicken was dry
2882,البطاطس باردة جدا ومحطوطة بطريقة سيئة
2883,الاوردر ناقص و جاي متلج و بعد ساعتين
2884,didn't receive the order and waited 3 hours
2885,"El menus meal didn't come with the coleslaw, late delivery"
2886,الاكل مش طازة
2887,Fries were cold and not fresh But sandwiches were good
2888,اسوء ماك اند تشيز كلتها ف حياااااااتي
2889,اوحش تجربة اكل في العالم .. اكل بارد و مش طازج و متسخن كذه مره و الكمية قليلة بصراحه وحش في كل حاجه
2890,the badest food i had ever ate
2891,للأسف مفيش اقل من نجمة، اسوأ فراح هتاكلها في حياتك
2892,Order came late. Ordered at 9:30 got the food at 11:20
2893,ORDER WAS NEVER DELIVERED!!!!
2894,الاكل كان بارد جداااا وسيئ
2895,It did not come and they didn’t tell me anything they told me it was on the way over an hour ago now they are closed and they say the order is delivered. I ordered over 2 hours ago I am starving.
2896,الوجبة وصلت مختلفه تماما وصل ساندوتشين غير المحددين وحجم اصغر كتير وموصلش بطاطس والكول سلو حجم صغير ووصل مكرونة ورز ريزو وطلبت فانت جابو كوكا كولا
2897,it didn't come are you kidding this is the worst application and the worst resturaunt
2898,طلبت وجبة المنيوز المفروض تيجي او رانش وكلوب ساندوتش جالي ساندوتشين مختلفين وصغيرين جدا والمفروض معاها ٢ بطاطس وكول سلو كبير حالي مكرنة ورز ريزو وجم مقلوبين ومتبهدلين من التوصيل وطلبت فانتا جالي كولا مطعم سيئ جدا بيبعت اوردرات غير المطلوبه لا ان...
2899,الفراخ جت بارده مش اسبايسي
2900,my forever favorite restaurant❤️
2901,حادق سيكا
2902,اتاخر شوية
2903,أكل سيء جداً وطعمه ملوش علاقه بالفراخ، أول و ءاخر مره
2904,"kanzas wrap was old and not fresh, lettuce not fresh and wrap was very hard"
2905,Crunchy more than should be
2906,"اسوء تجربة علي الاطلاق بغض النظر عن تأخير الاوردر اكتر من ساعه و نص إلا أنه وصل بارد و الفراخ ناشفه تماما متتكالش و الاكل فعليا اترمي اتصل المطعم يحاول يبرر الموقف بأن ""النور اتقطع في الفرع"" لو حابب تضيع وقتك و فلوسك و تفضل جعان اطلب من هنا"
2907,سيئ جدا و الأكل بارد و مش حراق زي م انا كنت طالب
2908,small portions
2909,مطعم زي الخرا و مفيش تعامل معاه تاني و ناس قمه في قله الذوق
2910,الاوردر موصلش، بقاله اكتر من ساعتين وموصلش
2911,"الأريزو حلو بس واحد منهم كان ""مدلوق"" فيه BBQ صوص كتير جدا جدا و الساندوتشات كان الصوص قليل فيهم و مش سبايسي"
2912,الاكل مدلوق وبارد وناقص والدليفري فاتح الشنطه عشان يلم السلطه المدلوقه بايده. والفراخ مش مستويه. حقيقي مكان مقزز جدا ويجيب المرض
2913,Arrived a bit late but was good enough. The fries needs to be wrapped better to not arrive cold.
2914,الاكل مكنش سخن ولا كان طازه ولا كان سبايسى انا مفيش حاجه بسطتنى غير ان موظف الدليفرى كان شخص فقمة الاحترام وجالى فى الوقت المظبوط
2915,wasnt delivered
2916,الاكل سي جيدا و الوجبه كلها وراك لا يوجد صدور بجد تجربه سيئه جدا
2917,Yes
2918,تاخرو شويه بس غير كده احسن فرايد تشكن في مصر 🤍
2919,4 قطع فراخ معاهم كيسين كاتشب بس !! و بعدين ليه فيه قطع سخنة و قطع مش سخنة
2920,الاكل كان وحش اوي
2921,I ordered combo and it came a single sandwich!
2922,الاكل ناشف ومحروق جدا لا يؤكل
2923,T
2924,Been 2 hours and i still didn't get my order..
2925,Fries not good
2926,بارد جدا تاخير كتيرررر
2927,الاكل كان بارد ومن غير ملح والفراخ كانت الغلاف بتاعها طري جدآ لامقرمش ولا اي طعم تجربه سيئه بصراحه
2928,"the order came missing the curly fries. and it arrived very cold, the manager called me and said the fries will come in 5 minutes and he will replace the burger, i waited for 1.5 hours and called the manager he said he didn't know, i demand a refund."
2929,غالية ..........و حجم صغير ................جدا ..............و باردة
2930,Very cold and late delivery
2931,"I ordered all my chicken spicy, but I got them all original, and the order was cold, beside the sandwich was a bit leftover it was a very bad experience"
2932,ال mac and cheese وحشه اوي اوي محدش يجبها
2933,all good
2934,👎🏻👎🏻 👎🏻 I don’t recommend new cairo branch at alllll 👎🏻👎🏻
2935,الاوردر أتأخر ساعتين و في الاخر مجاش مع انهم اكدوا ان الاوردر خرج و لما كلمناهم بعد ساعين كان الاوردر لسه مخرجش من المطعم و حاجه تقرف
2936,The quality is awful.. the chicken wasn’t cooked well and it had blood in it.. So disappointed
2937,ساعتين دليفري و أوردر غلط!! منصحش حد يجربو
2938,كان بارد جدا والاكل جيه وحقيقي مش هطلب من فرع التجمع تاني
2939,سئ جدا اوحش حاجه كلتها والفراخ وحشه وبارد جدا
2940,السندوتشات مش مخدومه كويس خالص
2941,"I ordered a tripple Kansas tower, however on"
2942,Tastes great !
2943,The sandwitches were not as tasty as before and they were so cold
2944,الاكل بارد مش سخن
2945,طعم الفراخ وحش جدا
2946,سيء للغايه، كل مره اطلبه يجي ساقع جدا والفراخ نشفه ومجلده والساندوتش بيكون وحش جدا، جوده سيئه جدا عكس لما بكله في المطعم
2947,"The worst experience to date, food didn’t even arrive and they kept claiming its on it way for like an hour and 20 minutes"
2948,الاكل بارد جدا جدا و كان طعمه مش ألطف حاجة
2949,الاكل كان بارد جدا وصوص الشيدر عباره عن مياه أنا فعلا دفعت فلوس علي الارض انتو كان اكلكو ممتاز لكن فعلا سئ جدا خصوصا صوص الشيدر حضرتك بعتلي مياه في كب
2950,Canceled order as was 2 hours late
2951,The food was a bit late but still warm and good
2952,Cold and old
2953,البطاطس ناشفه شويه
2954,The chicken dont even have salt Really worst experience ever
2955,the order arrived without garlic sauce
2956,❤❤❤
2957,this application is a complete fuckery
2958,الاوردر كان أكثر من رائع ياريت يفضل على نفس المستوى افضل مطعم فرايد تشيكن بعد تجربة كل المطاعم
2959,كمية قليلة .. وبارد .. وخدمة العملة منتهى القذارة
2960,زي الزفت
2961,الاكل كان مجلد و الرز معجن و كواليتي سيئه جدا جدا
2962,حصل مشكلة معايا في الاوردر وكملتهم وكانوا متعاونين وفي قمة الذوق والاحترام وبعتولي اوردر ثاني.
2963,الفراخ وحشه جدا ندمت ندم عمري حسبي الله ونعم الوكيل
2964,tbh not the greatest
2965,الكورسلو كان حمضان و السندوش كانو مبلول و الاكل مكنش حلو خالص كانت اول مره و اخر مره
2966,Missed the rice.
2967,انا جايلي الاوردر ناقص
2968,لكن الدجاج كان ضغير
2969,there are 3 strips only
2970,القطع العادية مش متبلة نهائى كانى باكل فراخ مسلوقة لكن الحراق جميلة والصوصات ماجتش
2971,تجربة سيئة جدا جدا جدا جدا جدا جدا جدا من المطعم ومن المنيوز، مش هطلب تاني من المطعم ولا المنيوز
2972,الاكل
2973,Worst experience ever Worst food quality
2974,"they didn't send all the order , they forgot to send the sandwich !"
2975,الاكل بارد و الفراخ سيئة جدا و توجع البطن
2976,one of the worst experiences ever
2977,اسوء اداره من اول موظف خدمه العملاء لحد مدير الفرع والدليفري الاكل جاي بعد ساعه و نص بارد و خدمه العملاء قالو المدير هيكلمك ومتكلمش و عمال بقرمش في شيبسي بايت مش فراخ ورميت الاكل بأختصار التجربه زي الزفت لا انصح بيه
2978,الديڤليري متصل بيا اكتر من 3 مرات علشان اوصفله الطريق هل معقول اكون ف شغلي والاقي حد بيتصل بيا واخرج والاقيه لسه مجاش اصلا ويقولي اوصفلي الطريق اصل انا معيش تليفون عليه لوكيشين وجاي متاخر والاكل بارد وملوش اي طعم عمري ما هجيب تاني لو الاكل ببلاش حتي
2979,الأكل جى متأخر ٣ ساعات طالباه ١٠:٢٠ جى ١:٢٠ طبعا جى بارد والتومية سيئة جدا
2980,Good experience overall. Mac n cheese with crispy chicken was good
2981,بجد الاوردر ده كان كافي اني مفكرش حته اكل من كانسس تاني
2982,الاوردر بدون معالق وكاتشب
2983,"The chicken was cold ,tasteless,and hard to chew and same with the fries. Two hours to recieve the order and the ranch cup was half empty like it has been spilled."
2984,طعم سيء للغاية تم رميه في القمامة بعد وصوله مباشرة
2985,الاكل وصل متأخر ساعة الاكل بارد الفراخ نية الطعم سئ آخر تعامل معاكم
2986,Didn't get food at all
2987,Late delivery Cold fries Wrong sandwich
2988,Cold and taste was bad
2989,cold order + awful packaging + bad tasta
2990,الأكل باااااارد تماما سواء الساندوتش او البطاطس فبالتالي الطعم مش ظاهر
2991,Late deliver and food was low quality
2992,مستوي المطعم العام السابق كان افضل كثيرا
2993,kansas wrap was hot the 321 mix meal was cold! and the chicken portions very small!
2994,الكولوسلو مكنش احسن حاجة
2995,اوحش اوردر كلته فى حياتى
2996,Forgot the covers.
2997,جالي وجع في البطن و ترجيع اخر مرة اكل من عندهم
2998,Good taste but cold
2999,اكل زي الزفت اعفن واحد كلت منو في مصر كلها بجد يعني و تاخير ساعه عن الموعد المحدد
3000,khaaaaraaaaa
3001,كل مره اطلب اونلاين يجي بارد و مش طازج ،عكس لما باكل في المحل
3002,it was bland no taste whatsoever
3003,تجربة ممتازه في كل شيء
3004,مش حلو خالص لا أنصح به
3005,very very very bad
3006,تجربة وحشه جدا و الساندوتشات فاضيه و الاكل بارد و البطاطس باردة غير الصور تماما بعتولي سندوتشات خس و طماطم مفيش فراخ اصلا وحش جدا و العيش جابلي تلبك معوي حسبي الله ونعم الوكيل انا عايز فلوسي
3007,very small amout
3008,الفراخ مزيته جدا و طعمها مش حلو خالص من اسوء التجارب اللي جربتها في حياتي
3009,اسوأ دليفرى فى العالم. وقت التوصيل ساعتين!!!! تجربة لن تتكرر ابدا باذن الله.
3010,الطعم مكنش جيد مش زي ما كنت متوقعة ومكنش نظيف وبعد الاكل بنتي جالها نزله معويه لأن الاكل مكنش نظيف وجاه الاكل متأخر جداً بعد الوقت المحدد من الابلكيشن
3011,اسوء مكان تطلب منه اوردر
3012,Comments are applied
3013,zero
