,comment
0,الكفتة وصلت غلط و المطعم عايز فلوس زيادة
1,جيد
2,الاوردر بدون كفر ( ملعقه وشوكه ) الكباب غير مستوي والأكل بارد
3,الفراخ نيه غير ناضجه و المحشي و الممبار بايت غير صابح و الأكل بارد .. و الطعم غير مقبول .. للأسف على غير المعتاد
4,جيد جدا
5,Missed the sesame salad
6,توصيل طيارين مطعم ابو شقره اغبي شئ من الشركه
7,ناقص الخضار
8,Your menu is incorrect. It states that the meal comes with 2 sides when the restaurant only serves it with 1.
9,there is a missed item quail arrived without khalta rice
10,good
11,Missing item
12,ما ينفعش يكتبوا رز بالخلطة و ييجى رز سادة
13,شغل رايق ي باشاا
14,مش محلات الدهان الحراميه
15,الخضار السوتيه اللي كان بيتعمل قبل كده أفضل كتييير
16,الوزن مش مظبوط بيكون ناقص ٢٨٪ من الوزن زود التوصيل بعد تأكيد الأوردر الخبز كان جاف لكن الجودة جبدة جداً لكن مش ممتاز
17,للأسف للمرة الثانية يصل الطلب مختلف و ناقص طلبت وجبة كفتة و ارز بالخلطة و خضار سوتيه جاء كفتة و ارز ابيض و الخضار السوتيه عبارة عن قطعتين صغيرتين كوسة و قطعتين صغيرتين جزر و عود فاصوليا خضراء
18,الاكل بارد كأنه طالع من الثلاجه و التوصيل متأخر
19,side dish was fries instead of rice and took 2 hours to arrive
20,قطعتين دجاج ميكملش 50 جرام
21,tasty
22,late order
23,الطلب خاطئ طلبت كفته جالى شيش طاووق
24,ممتاز
25,الفراخ البانيه زفره و رحتها وحشه اترمت
26,"The order estimated to arrive at 7:11, it arrived at 8:00"
27,They got me different Tagen
28,not cooked well
29,الاكل برد
30,nice
31,الاكل كله تمام بس السلطه للاسف الخس كان فيه دود
32,Worst order ever
33,كان مكتوب أن الطلب بتاعي حمام محشي ورز بالخلطه،،،وصلني حمام محشي وبطاطس محمره فقط
34,الفراخ حلوة اوي لكن عيبه مش بيبعت سلطة
35,الشوربه تحفه
36,Worst ever
37,الكفتة لم يتم احضار الارز معاها كالمعتاد
38,"الشيش طاووق ناشف ""over cooked"" و بارد والمسقعة دون المستوى"
39,مش نفس مستوى كل مره ، البطاطس مش مستويه و الفراخ و السمان مليانين زيت و الطعم مش زى كل مره
40,The order never arrived I didn't receive it And I called the restaurant they said they will cancel it
41,ا
42,الاكل مش مستوى وفى دم فى الفراخ حاجه تقرف بجد عايزه اوريكو المنظر
43,الاكل ني و كله دم
44,اوردر بارد و غير مغلف
45,very late delivery that the food was cold
46,محلات ابو شقرا باظت
47,مبدئيا جالى اوردر غير ال انا طلبه ولا فى طحينه ولا عيش محمص! جالى وجبه فيها صباع كفته وشويه رز قليلين جدا جداا مع شويه خضار سوتيه.. مش هطلب تانى الصراحة
48,وصل بعد ساعتين وشويه
49,الرز كان شايط و ملوش طعم
50,شيء للغاية اسوا تجربة
51,الفراخ كانت بايته وبتشد
52,دائمآ الاوردرات بتيجى غلط
53,بارد و جاف
54,"Chicken meal worst kids meal ever, s Very hard to eat it and over burnt"
55,مطعم غير محترم و ادارة غير محترمة. اوردرات غلط و اسعار غلط و تأخير و الغاء اوردرات. لا احترام لهم للعملاء الدائمين و غير الدائمين
56,مع اني دايما بطلب الكفتة والكباب فيييل بتطلع دسمة جدا والطعم سئ جدا جدا
57,i ordered a meal with rice and grilled veggies but i received inly the chicken and 2 loafs of bread!!!!!!!! i didn't receive my MEALLLLLL
58,الاوردر أتأخر عن ميعاد وصوله نص ساعة، الفراخ نشفة جدا تقريبا الشيف نسيها علي الجريل فنشفت منه، والسوتية كان نئ، و الطحينة حمضانة، مش بس كدا الاوردار كان ظاهر عندي ع الابلكيشن إنه وصل كلمت الفرع قالي المندوب استلمه غالبا اخر مرة اطلب من ابو شقرة تاني.
59,"Food is good, but the communication between this app and the restaurant is poor. Ordered an item that wasn't available and not mentioned on the app that it wasn't available. So they called to change the order, to which I changed order to two ""Shakra ..."
60,👍🏻
61,حاطط كام فتله بقايا لحمة كدة متكملش ٦٠-٧٠ جرام في الرز المعمر وكمان مش جاي في طاجن جاي في بلاستيك ومش طازة متسخن
62,"should've added tahini or salad with the order, also they missed the fork and spoon"
63,الاورد وصل ناقص ٢ سلطة ذبادي
64,الفراخ مشويه كويس بس حجمها صغير وتتبيلتها مش حلوة
65,للمرة التالتة اللي اطلب الاوردر ويجيلي صدر الفرخة مقسوم واشتكيت في ال٣ مرات وبردو مفيش فايدة هو انا بطلب الأكل ببلاش يعني حاجة فعلا مستفزة جدا!!!
66,Driver was very late
67,ورق عنب زفت
68,Delivery extremely late
69,المرة السابقة وجبة الملوخية جات بدون دجاج، اللي قبلها نسيتو وجبة فراخ مشوية كاملة، و المرة دي مجبتوش ورق عنب، مش عارف كل مرة تقزليلولي هنبعت المرة اللي جاية، حاجة قرف بجد
70,الاكل سىء جدا
71,Waiting time was tooooooo long and got us the order with missing items
72,اول مره ابو شقرة يبقي فراخه زفرة و الورق العنب كان سيء جدا و ناشف و من غير نقطه ملح
73,Fantastic
74,Worst experience everrr!!!! I ordered shish tawook Meal with rice khalta and I received rice basmati instead and a very bad quality taste of food and it was cold. I would never repeat it again بجد أسوأ تجربة ومش هكررها تاني .. طلبت اوردر وجبة شيش طا...
75,العدس صايص
76,كمية الصدور قليلة جدا جدا جدا
77,الاكل كان سي جدا شبه فاسد و غير صالح للاكل
78,االديليفري راح المطعم بعد ساعه ونص من الطلب
79,طلبت وجبة شيش طاووق مع شوربة لسان عصفور ورز وسلطة خضراء جالي شيش طاووق مع رز وتومية وتوست محمص
80,Missing item ( tahini )
81,طالبة اوردر ٣ صدور فراخ مشوية ، قاسمين الصدر علي اتنين شىء سيء جدا ومستفز وتعتبر سرقة الحقيقة!!!
82,الاكل مش الذ حاجة
83,كمية الفراخ قليلة جدا جدا بشكل مستفز
84,الحمامه للاسف سببتلي تسمم
85,The pack was opened and the driver took some kebab from my order I can see the opened package so clear
86,Wrong order three times in a row!
87,طلب وجبه ناقص ووجبه وزنها ناقص باقى الوجبات كويسه
88,مجاش غير شوربة عدس واحدة و أنا طالب إثنين ومجاش عيش محمص مع العدس و المحشي كان طعمه وحش جداً
89,للأسف المره دي كانت جودة الاكل اقل من اي مره سابقه اتمني المستوي يفضل زي ماهو او يزيد ، مايقلش
90,الشوربه مدلوقه على الاكل بدون سلطه قطع الصدور صغيرة و ناشفه انا متعود اطلب نصف فرخة ولكن هذا عرض سيء
91,الطعام أكثر من رائع وجبة شقرة شيك مشبعة وجميلة تسلم ايد الشيف
92,البطاطس كانت سيئة جدا
93,Very bad
94,Not fresh this time.
95,الشيش طعمه حلو والشوربه لكن الطحينه مش حلوه خالص فيها طعم لاذع زي ماتكون بايظه والرز كان بايت ومتسخن فوحش قوي
96,الاوردر جاى ناقص ربع كفته
97,Food was amazing. There was an issue with the ordering experience
98,الاطباق وعلب الطعام وصلت مقلوبة ومطبقة لدرجة إن الطعام خرج من الاطباق وعلب الطعام
99,الاوردر كان جميل لكن مكنش في طحينه
100,Portions is very low
101,مكنش طازج زي كل مره و كميه الرز و الخلطه قليله جدااا
102,Food temperature
103,Not good
104,Food not hot at all
105,مليان زيت وللأسف كان بينقط زيت والطبق مش متغلف كويس لتاني مرة
106,طلبت الاوردر شيش صدور جالى وراك برضه و دى مش اول مرة
107,Chicken was raw. الفراخ ماكنتش مستوية
108,الطعم مش حلو خللص ولا في تتبيله وحسه اني باكل لحمه نيه 🙁
109,الاوردر موصلش زي ماطلبتو والشيش في جلد وعضم ومش مستوي كويس 👎👎👎👎
110,بوكس الشاورما جاي من غير البطاطس
111,بجد شكرا انكوا أخذتوا notes في الاعتبار و جالي كل حاجة زي ما طلبتها بالظبط وأحسن الاكل كان سخن و فريش و الكمية كل حاجة مظبوطة🤍
112,أحلى شيش طاووق
113,للاسف ولاول مرة يخيب ظني مع ابو شقرة البطاطس طعمها مش حلو ومقلية ف زيت زنخ الاكل كله جي بارد خصوصا الشاورمة الثومية حمضانة الكفتة هي الحاجة الوحيدة العدلة ومع ذلك باردة وايضا الميني مش طارة …! الرجاء الاهتمام يا ابو شقرة انت تاريخ كبير
114,مطعم جميل اوي والله ، وجبة خرافية ابو شقرة دا مكلتش فيه يمكن من ٧ سنين و لسه محافظ علي نضافته من ساعتها كنت باكل فيه كل يوم زمان
115,Not hot at all 😡
116,بيوصل بارد الفراخ
117,الاكل باااااارد
118,بعد ما الاورد اتأخر جدااا اكتشفت ان مندوب مينيوز فاتح الطبق وواكل منه!!! قدمت شكوى لمينيوز بالصور واعتذروا جدا وقالوا هايمشوه. ارجو من ابو شقرة انكم ما تتعاملوش مع المندوب دا تاني خالص لو مينيوز ما مشوهوش. انا حفظت اسمه وشكله لو عايزين معلومات عنه! ...
119,The order is missing alot of things
120,عجبتني جداً كمان فكرة الملعقة والشوكة والسكين مع بعض.. شكراً لاهتمامكم بكل التفاصيل
121,"Very fresh salad , great food👍"
122,كمية اللحوم قليلة لا تكفي شخص بالغ و الطلب جاء ناقصا السلاطة
123,"Chicken was so bad for the first time, hope next time become better as i used to order the same meal before and was perfect !"
124,90 دقيقة بيحضرو في الاوردر و في الاخر بعتو اوردر لمكان غلط و معملوش اوردر تاني غير لما الطيار عمل مشكلة معاهم
125,الاوردر جاي غلط
126,"Horrible. Half a chicken missing a piece or bitten, no salad with the order not even a tahini salad, only dry bread."
127,البوكس ناقص الشيش كباب كله. وصل كفتة و شيش طاووك فقط
128,so delicious thank you
129,"I ordered shish tawook and it was fillet, so it was dry and wasn’t good"
130,السلطات حمضانة و ملهاش طعم ماعدا الثومية جميلة
131,It said it came with rice but it came with bread
132,الاكل جميل بس العيش يزيد
133,وجبه صدور الدجاج ناشفه جداً الطعم سئ جدا غالباً ماهاش طعم والحجم كنت اتوقع افضل من كده ، الرز اللي ممتاز والطحينه ياعني لا تعليق الصراحه ، الممبار فاضي و مجلد مش فرش وفاضي بشكل غريب! حقيقي تجربة سيئة جدا جدا
134,ظهر الحساب 390 و ال المندوب طلب 438 و مش معاه ريسيت ولكن شوفته على الموبايل ممكن اعرف ايه سبب زياده 50 جنيه ارجو الافاده
135,Tiny portion and Horrible dry chicken breasts without taste.
136,Cold food
137,Very very very LATE!!!….2.5 hours DELAY!!!!
138,في جزء متعفن في البطاطس و لونه غامق و ما اكلتهاش لان ده بيكون بسبب تعفن حصل في البطاطس وقت تخزينها
139,very bad
140,"shish quality and taste not good , bad after taste in rice , packaging is good , quantity of shish and rice is low than usual , moussaka tajin don't enter the oven at all. جودة وطعم الشيش غير مرضية ، افتر تيست مع الرز ، طاجن المسقعة مدخلش فرن"
141,المبمار كان سىء للغاية والارز كان كلة مكسر ومفرفرت
142,امل مؤرف حقيقي بالنسبة للسعر كمان الاوردر جاي بدون اي ادوات ولا شوكة ولا سكينة ولا معلقة ولا اي حاجة خالص خالص بجد اسوا تجررربة
143,احلى فراخ مشوية
144,للاسف الممبار كان مش حلو خالص سىء
145,طلب متاخر اكثر من نص ساعه كالعاده
146,طلب ما احبش اكرره مرة تانية. لا طعم ولا حتى علبة طحينة وجاي مبهدل ومتأخر أكثر من نصف ساعة.
147,No salad
148,sent not fresh food
149,بصراحه الطيار مدحت قمة في الذوق و التعامل المحترم و شخصيه محترمه اتمنى كل الطيارين عندكم يكونوا زي الطيار مدحت و تحية مني ليه
150,المندوب شتمني و باقذر الألفاظ و قال يلعن مئتين امك علشان جه عنوان تاني انا زبون داءم و مستمر شبه يومي انا مش هطلبكم تاني و شكرا علي قلة لدي و سفالة المندوب
151,الاوردر أتأخر ساعة تقريبا
152,اسوق أوردر شيش كلته من غير اي ملح او إضافات الشيش طعمه ني الاوردر من غير طحينة كمان او اي حاجة تبلع الطعم
153,عدم ارسال سلطة طحينة وارسال سلطة بلدي فقط علي الرغم من التنويه علي نوع السلطة في الملاحظات
154,كتير اوى مش بيبعتوا الميل كامله نقصه عيش او ساعات سلطه فكل مره اقول لالمندوب اتاكدت من الاوردر كامل ولا لا
155,Although it was very late
156,الخدمة حلوة وسريعة جدا بالنسبة أننا كنا في رمضان وقت الاوردر لكن في ملاحظة حابة اقولها اني كنت طالبة فتة موزة وجاتلي فتة عليها شرائح لحم متقطعة .. لكن مكنتش موزة بعضمتها زي الصورة وزي ماهو متوقع و زي ما اغلب المطاعم بتعملها بالشكل اللي في الصورة
157,"chicken Pane was good, and the pasta was below average"
158,دي مش فتة موزه ضاني خالص دي لحمه بتلو مسلوقه بس ووحشه جدا
159,الاوردر وصل غلط شيش طاووك بدل صدور وسلطة خضراء بدل بابا غنوج قمة في الإهمال والاستهتار
160,مافيش اي سة مع نص الفرخة
161,made this order at 3pm to come at iftar and it was never delivered!!!! called the resturaunt and they said they never received any order from elmenus !!!!!! حسبي الله ونعم الوكيل
162,محشي ورق العنب بايظ وحمضان
163,Delivery experience was vey bad they were delayed for more than half an hour after iftar (the driver told me that the order was not reflected on the restaurant system & he had to wait for preparing it
164,كانت نصف دجاجة مشوية غير مستوية جيدا كأنها مسلوقة وخاصة منطقة الصدر والكتف
165,الكمية صغيرة جدا طلبت مشكل كبير جالي صغير
166,الاكل المفروض يجي على الفطار جيه بعد الأذان 45 دقيقة
167,لقد طلبت تسوية منطقة الصدر والكتف في الدجاج المشوي جيداً ولكن كانت غير مستوية جيداً
168,worst experience and am not going to order from both the application and the restaurant
169,الاوردر موصلش
170,فى شعر فى الحمام
171,Finally the order came perfectly! الحمد لله 🤲🏻🤲🏻🤲🏻
172,كمية قليلة
173,"Unfortunately, the soup and the mixed sliced salad were missing!!!! حسبي الله و نعم الوكيل!!!!"
174,بارد و جي متأخره
175,فراخ تقرف ومش مستويه
176,ok good but the quantity very loww
177,مستلمتش الاوردر !!! ازاي يعني كاتبين اني استلمت و سحبتوا الفلوس
178,So bad won’t order again from this one
179,"Bread was not fresh and I ended up throwing it all, moloukhia and cream soup was awful, kebab and kofta quantities was so so small compared to other grill shops."
180,Unfortunately the food was delivered AFTER MAGHRIB at 6:30!!!!! حسبي الله و نعمة الوكيل !!!!
181,اول واخر مره سئ جدا جدا جدا لا طعم ولا ريحه واكل بارد جدا ولا حرام فيه الفلوس قسم بالله
182,Thank you Abou Shakra for the good food
183,Uneven cuts of Greasy chicken pane
184,البانية بايظ
185,مدانيش الباقي
186,"the mix appetizer portion is toooo small, I believe this was not the large the chicken liver taste was not good and full of oil"
187,Everything was good
188,الاوردر مجاش و كاتبين انه جه قبل الفطار
189,مطعم غير محترم و وجبات سيئة و صغيرة و تغليف رخيص و خدمة ما بعد البيع معدومة و لا يبالوا بالحفاظ علي مستوي الجودة او ارضاء العملاء 👎👎👎
190,كمية الفراخ صغيرة جدا لا يستاهل أبدا الفلوس
191,الاوردر مجاش ايه قلت الزوق دي
192,Very tiny portion and the chicken was dray and oily and slightly butnt
193,الوجبة جت من غير الأرز و باردة جدا و طعمها تحت العادي
194,"an item was cancelled, and I didn't get the refund as I paid with a visa"
195,الاوردر جالي بالمنظر ده، حسبي الله ونعم الوكيل والناس صايمه
196,الأكل سيء جدا جدا، الأكل واصل بارد ومحروق وكله اترمي، الدهان احسن منهم مليون مره
197,الأكل فرمضان سيء جدا ، بارد ومحروق وطقم اسواء ما يكن ، آخر مره هعمل أوردر منهم، الدهان احسن مليون مره
198,طلبته انه يوصل عالفطار وصلني بعد الفطار بساعه
199,Food came after iftar by 30 minutes and it didn’t taste good at all and was cold
200,العيش الزياده لم يصل
201,كمية قليلة وصل بارد جدا
202,"Order arrived very late. The Courrier took a longer route for no reason. Stopped at the middle, claiming he was fixing the motorcycle. I received 4 sandwiches instead of 5!!!?"
203,رائع افضل شوي
204,طحينة مو موجودة كمية قليلة
205,Very small thin pigeon
206,The most stingy restaurant in Cairo. Not good taste to most of the items and very small portions.
207,food was cold
208,.
209,The food was very cold
210,I asked for a well done kababb it came half cooked!
211,الارز في كل الوجبات كان سيئ جدا، والممبار سيئ جدا جدا والمشكل كنت طالب تلت اللي جي تقريبا ربع كيلو
212,Very low amount of protein
213,الاكل جه بارد
214,ناقص السلطه المكتوبه في الوجبه
215,فعلا الاكل جالي بسرعة وسخن وطعمه حلو تعليقي الوحيد أن السلطة كانت حادقة غير كده تمام
216,طالبه اسكالوب مع مكرونه جى رز مش مكرونه
217,مظهر كان غير لائق والاكل جه بارد والتغليف مفتوح وجاء بعد موعد الاستلام الاساسي بساعه كامله التوسيع الاهتمام بمظهر التيار وقص اظافره
218,Kept the high quality although there was an offer and thats not common nowadays in other restaurants which they reduce quality when there is an offer applied.
219,صدور الفراخ كانت عاوزه تستوي كويس جدا كان لسه ناقصه صور وطعم البهارات بتاعه التتبيله مش حلوه
220,كل شيء ممتاز، شكرا جزيلا
221,Its just piece of chicken without anything with it ..!!!
222,Nit a fair deal at all
223,السندويشات بارده ليه كده انا دايما بتعامل معاكم
224,كله تمام
225,فوق الممناز كل شيء شكرا جزيلا
226,good offers
227,سئ جداً
228,مليون مره نطلب شرائح رفيعه ويتم التواصل هاتفيآ مع المطعم عن طريق الكول سنتر لتنفيذ الملاحظه دون أي استجابه وتيجي شرائح تخينه غير مستويه اصلآ
229,Was late
230,الشاورما مكانتش في عيش بلدي زي ما انتم كاتبين كانت في عيش فينو وصلتني في عيش فينو مش بلدي.
231,طلبت وجبه شبش جاتلي وجبه صدور فراخ مشويه ولما كلمتهم قالوا الابلكيشن هو الي غلطان وبعتلنا كده ... الوجبه بشعه بارده سيئه مفيش طعم كأنه اكل بايت مفيش معلقه ولا شوكه ولا منديل ... مطعم سيئ جدا
232,The chicken need to be thinner and more well done الفراخ محتاجة تكون ارفع ومستوية اكتر
233,Order arrived after 2 hours and super cold Requested to return and refund Thank you for the wonderful experience
234,اسوا طلب اطلبه من محل مشويات الطعم والكميه والتغليف بجد تجربه مش هتتكرر تاني لو ببلاش
235,الساندويتشات اللي وصلت كانت غير الصورة المحطوطة خالص ساندويتش فينو صغير جدا أد صباعي ازاي يعني دي مش وجبة دي فلوس اترمت في الارض
236,الفراخ مكنتش مستويه و كان فيها دم
237,the veal escalope pane was amazing 🤩
238,اسوأ حواوشي كلته في حياتي كله بصل و حشو اللحمة ضعيف جدا زيه زي ابو ١٥ جنيه الشعبي بجد عيب رغيف زي ده يطلع من عند ابو شقرة كنت متوقع حاجة تانية خالص و رامي جنبه شوية بطاطس مجلدين كأني جايب اكل من محل فول و طعمية اخره ٥٠ جنيه بالمستوي ده
239,بعت ١ لسان عصفور و ارز زياده و هو المفروض ٢ لسان عصفور عشان هما وجبتين
240,كل حاجه حلوة
241,بارد جدااا
242,Food was disgusting the steak was very bad I even got stomach pain the whole day
243,Didn’t receive the cream caramel.
244,الاوردر جاي ناقص فيه اتنين شوربة مش موجودين
245,الطلب ناقص شوربة اللسان عصفور
246,Vegetables were awful
247,Order missing my sandwich
248,"No fork for the meal or a spoon for the soup, they assume you have a spoon in your pocket"
249,didn't arrive
250,everything was great
251,عايزين الـ mini box يتوفر على التطبيق الـ mini box متوفر على طلبات ومرسول ومش متوفر على منيوز فرق القصر العيني
252,the kebab was overcooked and tastless
253,الاكل سئ جدا ووصل بارد ومتأخر عن ميعاده ساعة كاملة ودي ثاني مرة تحصل
254,طلبت رز ابيض بس وجاني رز بالخلطة
255,الفراج المشويه تحفه والارز بالخلطه مظبوط وحلو جدا
256,سيئ جدا جدا جدا جدا جدا البانية ناشف جدا وني اخر هطلب من ابو شقرة صعب اوي أنه يكون كده
257,"Horrible. The chicken came with no salad or tahini, only bread. They are too greedy and stingy."
258,not like the photo
259,الطعم والصنعه ممتازة جدا لكن مش لدرجة اني يجيلي الوجبة كلها عبارة عن صباع كفته واحد مقسوم ٣ حتت كأني باكل بواقي! ..هي سعرها كويس وكل حاجة بس مش هاكل صباع كفته ب ١٦٠ جنية يعني ..منظر عدم تقدير واستفزاز للعميل ..وجبة شقرة شيك
260,الفراخ كشه من البرد غالبا
261,حاطط ٤ قطع فقط و ما في عيش، و الشوربة قليلة. بجد ما في اي ضمير خالص.
262,الاكل طعمو سيء جدا والمكرونه حامضه تجربه لن تتكرر
263,الأوردر جاى من غير معالق
264,اسوأ ساندوتشات شاورمه لحمه و فراخ ولا أرشحها مطلقا
265,"One hour delay, food is cold and chicken delivered with rice not vegetables as ordered"
266,لو كان في علب كرتون يكون أصح وأفضل للصحه من الأطباق البلاستيك السوداء مع الطعام السخن من فضلكم يعني ماتبوظش الطبخه علي قرش ملح
267,الشاورما كان تقريبا كلها خضروات واللحمه قليله جدا.. بس الطعم حلو
268,"Tahina was open and spilled, No cutlery"
269,Late delivery it took an hour and 40 minutes
270,ورق العنب حلو لكن الكمية صغيرة وغير كافية
271,"stop decreasing the portions of the meals, guys :""(("
272,The lentil soup was missing the bread that comes with it and the half lemon that comes with the soup was thrown in the bag and not covered at all which was disgusting to even look at.
273,مطعم زبالة و الوجبات عينات و لا يهتم بالتعليمات
274,المكرونه صفر من عشره بالنسبه للسعر تقريبا مفيش فراخ غير شريحه واحده اخر مره اطلب من ابو شقره لا يستحق دفع جنيه واحد فيه
275,مية مرة بقولهم السلطة في شنطة و الاكل السخن في شنطة. السلطة جت سخنة و الخيار باز. رميته في الزبالة. شكرا
276,"As usual, tiny portions of food that can only be described as kids meals."
277,الاكل كان اكتر من سيئ مع اني بطلبه كتير بارد والكمية قليلة وطعمه وحش اوي وللاسف مش حطلب منه تاني
278,Tiny portions of food. Shameful
279,الرز مكنش مستوى كويس
280,الملوخية قديمة ومتسخنة و راقدة - الممبار قديم ومتسخن وطري وبيشد .. الفراخ المشوية ٣ أوراك مفيش صدور خالص - الأرز بارد وقديم الملخص تجربة سيئة جداً جداً ولا يستحق المقابل المادي اطلاقاً
281,Food is fine but cold & Baba ghanoug is spoiled
282,Order came very late and semi cold
283,الطلب متأخر عن الموعد المحدد للتوصيل على الابليكيشن للاسف دي السلبيه الوحيده كما لم يتم ارسال ليمون للشوربه كما طلبنا
284,Ridiculously small portions of food.
285,The tinniest portion in the country. Their meals are only sufficient for children. They do not care about their reputation.
286,الأرز بارد جداً على الرغم من أنا الشوربة درجة حرارتها حلوه جداً
287,الحقيقه لا كميه ولا نوعيه لحم دي كانت لحم حمير غالبآ و في منتهى منتهى السؤ وتسببت لي في اسهال طول الليل
288,"Food spilled, the driver is treating the food bag in a very bad way"
289,N
290,I didnot receive the order
291,رز مش بالخلطه...
292,طعم الاكل سيئ
293,لسه موصلش
294,"Tasty chicken but small portions. Also, did not like the sautéed veggies ( it was tasteless)"
295,الرز في المحشي مش مستوي
296,الاكل بارد جدا
297,food came cold
298,الاكل سيئ و غالى على الفاضي
299,هي دي كانت حمامه بجد و لا دا جر شكل
300,"Half grilled chicken should be delivered with rice , yet no rice recieved"
301,الفراخ فيها دم مش مستوية كويس
302,كمية قليلة جدا
303,الفراخ مش مستوية
304,تاخير لمده ساعه
305,ما جبش سلطة
306,v bad taste
307,"The food is awful , bad quality & cold"
308,Thank you for taking my notes into consideration 😍
309,كنت طلبت ان الفراخ تغسل من التدبيله
310,why both items are extra spicy without mentioning and i ordered 3 bread
311,"Chicken pane was not fresh .. it was old, stale, hard, dry and tasteless. Definitely it was cooked leftovers from an earlier day, which was refried to look fresh. No more food from Abou Shakra, they are dishonest and cheats and should be reported to ..."
312,"Very small portion, order came cold and after 3 hours"
313,Its a wrong order !!!!!!
314,الاكل كان تحفه بصراحه
315,الزيت اللى مقلى فيه الفراخ ريحته سيئة
316,الأكل كان برد و مش متحمر كويس و طعمه وحش وتعبت بعده جدا
317,الفراخ طعمها وحش جدا و بايته و السوتيه مفيش عليه حتى ملح الاكل سئ و اول و اخر تجربة
318,الفاهيتا كانت مليانة دهون كتيرة جدا و وجعتلي بطني
319,DELICIOUS FOOD AMAZING PRICE
320,الطحينه او البابا غنوج اللي كان محطوط كان بايظ و ريحته حمضان و الفراخ كانت مالحه جدا جدا جدا احنا رمينا الاكل
321,Good
322,زفت وقطران عايكم زفت دي بولونبز ربنا ينكد عليكم ما عندكوش ذمة زفت خساىط فيكو القرش
323,الأكل حلو ولكن السعر كان مخالفا للثمن على الابليكشن ورفضت أخذه الا بالسعر المتفق عليه فى الأبليكشن فرجاء مراجعة الدليفرى قبل ارساله
324,الحمام مش حلو
325,الطلب خاطئ من المطعم وهذا ليس ذنب الطيار المهذب
326,لحم كان يحتاج سوي اكثر
327,terrible.. don't be fooled by the name... it's not good anymore
328,سندوتش الشاورمة عبارة عن عيش وبصل بليمون كتير ولحمه قليل اوي اوي لغايه دلوقتي ماقدرتش احدد طعمها
329,طلبت طحينه جت لي توميه مكرونه بولونيز جت خضار سوتيه وكان حلو ع فكره والعيش شامي جه بلدي
330,مكنتش موزة كانت قطع لحمة رقيقة
331,اكل من غير معلقه
332,"Was too Spicy, cold , soup liquid shouldn’t be tasted"
333,شربة الكوارع الكمية قليلة جدا
334,الفراخ طعمها وتتبيلتها حلوة جدا والتسوية مظبوطة..وجاية سخنة جدا كأنى فى المطعم...شكرا جزيلا.
335,اكل من غير معلقه !
336,اكل بيوصل من غير معلقه
337,الوجبه وصلت بدون الرز وجبه نصف فرخه مشويه مع عيش والرز لا وجود له؟؟؟؟؟؟
338,not recieved yet
339,الاكل مش مستوى
340,Iالاكل بيجي من غير معلقه ، ناكل بايدينا ؟!!
341,الحمام المحشي صغير وتقريبا مفيهوش لحمة و البطاطس اللي المفروض معاه قليلة جدااا
342,الفراخ جيالي ساده من غير الرز ولا عيش ولا اي حاجه!!!!
343,الطعام كان جيد جدا المشكله ان الاوردر لم يبدأ تنفيذه الا بعد اتصالى بإدارة المطعم . كانوا زوق فعلا . بس فيه مشكله فى تنفيذ الاورد . علشان تتلافوها.
344,The food was very cold and came very very late
345,مكتوب حمام رز بالخلطه هو رز مصري عادي جدا والممبار محشو بنفس الرز المصري مع شويه توابل كنت متوقعه احسن من كده من ابوشقره
346,الطلب وصل بشع زى ما يكون متاكل منه (حمام)
347,But very slow delivery!!! 1.5 hours !!!
348,الفراخ مكنتش زي كل مرة .. تحس انها قديمة ومش متبلة
349,الاكل جاى بدون شوكة او اى حاجة اكل الاكل بيها!!! المفروض اكل بايدى يعنى ولا اعمل ايه؟!!!!
350,الحمامه صغيره اوى والطيار كان قليل الذوق ومكنش عايز يطلع الدور الخامس رغم فى اسانسير وكان عايز حد ينزل ياخد منه الاوردر
351,الوجبه كويسه بس اول مره في حياتي اطلب اوردر ويجي من غير معلقه وشوكه ويتقالي المعلقه بفلوس
352,الوجبة مفيهاش رز ولا سلطات وهوا مكتوب انها تقدم مع رز
353,مكتوب فى الطلب اللى طلبته ان معاه رز بالخلطة و الطلب وصل من غير الرز و لما تواصلت مع ابو شقرة قالولى ان الطلب من غير و انه مكتوب غلط فى ابلكيشن المنيوز يا ريت تعدلوا معاهم الطلبات علشان كنت عاملة حسابى على الرز
354,وجبة الشيش طاووق مكنتش حلوه شويه والوجبه جات من غير معلقه ولا شوكه فرع المعادي
355,مطعم زباله ومقرف الحمام كله ريش ورميته فى الزباله
356,وجبه ممتازه بس كانت محتاجه تكون ٣ قطع صدور مش ٢
357,i recieved wrong order
358,بطني وجعتني وحاليا بموت من التعب
359,extremely delayed delivery. bad coordination between el menus and the restaurant
360,Horrible experience
361,Taste is fine but portions so small
362,اسوأ تجربة على الاطلاق وعمري ما اكلت كباب وكفتة بالمنظر ده ومش هاطلب منه تاني وندمانة ع الفلوس
363,غلطة ومش هكررها، نص كيلو تحسه ربع كيلو واجمالي تلاتة كيلو معاه تلاتة طحينة ومخلل والرز مجاش معاه معالق والكباب معجون في العلب تحسه متتاكل منه والكفتة حادقة وحاجة قمة في القرف
364,جربت الميني بوكس وام على سيئة للغاية
365,The charge I got on the app was different than what I had to pay
366,سلطة محطوطة وسط الاكل السخن، وصلتي سخن، كلمت خدمة العملاء ، اول مرة في حياتي وحدة ترد عليا بمنتهى قلة الذوق و شايفة اه عادي ينزل في كيس واحد و مش تيجي سخنة. عمري ما شفت مقاوحة كده!
367,الاكل غير ناضج
368,bad taste
369,الاوردر تاني مره ميبقاش فيه معالق
370,بدون السلطة
371,An item was missing
372,الاكل جالى ناقص و بارد وحاجة مشكلة
373,Sheikh Zayed branch is terrible. Food quality was poor and some salads were rotten.
374,الأكل كان بارد جدا واتأخر عن موعد التسليم اكتر من 40 دقيقة
375,The food was delicious but it took forever to arrive
376,The driver's attitude was very bad
377,Very bad service and unprofessional
378,الاوردر مفهوش معالق ولا شوك
379,Sandwiches where cold
380,there wasn't any cutlery or tissues
381,ناقص سلطة
382,الحمام محروق ... واضح إنه كان مستوي و تم إعادة تسخينة اكتر من مرة
383,الاوردر لتانى مره ييجي من غير معالق
384,كل مره بيجى من غير معالق وانا اصلا فى المستشفى كمان مش فى البيت
385,الحمام الرز معجن ومالوش،اي،طعم وبارد
386,Didn’t receive the order
387,Meal is listed with rice and tahini and i didn’t receive any of them
388,f
389,وجبة الطاووق اساسي فيها التوم ومخلل الخيار والوجبة جات بدون تومية ومخلل خيار
390,حلو بس محتاج يوزع التوابل بالتساوي علي الفراخ حتة كانت. كتير اوي و حتة توابلها هادية و لذيذة
391,العيش بائت و سىء جدا و البطاطس ناشفه و مقرفه و كلمت المطعم علشان اشتكي كان ردهم في منتهي قلة الذوق
392,المكرونة فيها فلفل كتير قوي
393,The chicken pane sandwich was horrible
394,the shakra shake meal is a joke i literally got 1 kofta the tast was good but the value of the meal is extreamly over rated
395,Food was cold and quality wasn’t the best and no cover was sent
396,حلو اوى
397,Giving a 3/5 for the wara2 3enab which was AMAZING. The bechamel however was not good at all it had extremely little bechamel sauce & the portion is TINY!!!! The sambousek was too oily
398,"Best and most tender grilled chicken I’ve had in a while, delicious basmati rice with good portion. Food quality is consistent. However, elMenus delivery could be better."
399,salad is supposed to be with the order but didn't get it
400,Delicious
401,نوع العيش غلط اللي اتّبعت رغم دافع ثمنه
402,اسوأ تجربة
403,الكمية قليلة والسعر عالي علي الكمية دي
404,Hi
405,دة تهريج بحد دى ولا وجبة اطفال
406,"food was very late, fries was not properly cooked, meat was very chewy"
407,للأسف تجربة فى منتهى السوء و لن تتكرر منتهى الاستخفاف المحل اصبح لا يعنيه الزبون
408,من احسن الملوخية اللي دوقتها في حياتي و انا مولوخية نيرد و جربت كتير
409,الاوردر تم الغاءه من المطعم
410,Very bad delivery man
411,اسوأ حمام كلتو في مصر
412,توصيل المنيوز بطيء جدا و بياخد ساعتين
413,ً
414,الحمام مش فرش وطعمه وحش
415,Food quality is going down significantly
416,"It was a very bad experience, the food delivered to me after almost 3 hours, in addition it’s not included even spoon. Also order was not even warm!"
417,انا طلبت شاورما فراخ اللي جالي فراخ بانيه وكانت وحشة جدا جدا جدا
418,Slow delivery
419,The order came without rice
420,التعامل كان سئ جدا من كل النواحى و لتانى مرة نفس الأداء السئ
421,Received the wrong dip
422,مفيش اي سلطات بالمرة
423,I didn’t receive the order
424,الفراخ مستوية وطرية ومتبلة كويس جدا
425,بصراحة أول مرة الأكل يجي بارد ومفيش ليمون ومش متظبط زى كل مره
426,جالي نزله معويه بعد الاكل
427,Missing the tahina
428,A
429,لا يوجد مع الاوردر اي سلطات نهائياً
430,The sandwich was extremely small this is not the bread used for shawerma sandwich i will never order again from the restaurant
431,سلوك الطيار ممتاز
432,الحمام كان محروق
433,تقديم الطعام لا يليق ابداً بمطعم عريق وذو شهرة كبيرة، طعم اللحوم ممتاز لكن تقديمها مُخجل جداً .. علبة بلاستيك وبها قطع اللحم فقط بلا اي خبز او بقدونس او اي شيء لتحسين المظهر.. والرز ناشف وغير لذيذ
434,الكفتة كانت مش حلوة خالص المرة دي و مملحة
435,The food was missing the garlic sauce. The half chicken was just sent without any garlic or tahini sauces!
436,السلطه موصلته كالعاده مع اني مأكده
437,No utensils!! I’m at work how am I supposed to eat
438,Bread wasn’t fresh
439,مطعم سئ
440,Very bad quality
441,الطلب جيه غلط
442,The order was late for almost an hour and a half and came cold
443,صدور الفراخ مكانتش مستوية
444,طلبنا فاهيتا وممبار وحمام مشوي. كل الاكل كان كويس. الفاهيتا كانت مزيتة شوية والكمية محتاجة زقة. الطحينة طعمها كأنها قربت تبوظ. التوصيل اخد ساعة ونص بس مكاننا بعيد شوية.
445,الطعم للأسف فيه زفارة لأول مرة البط سيئ جدا وأرجو التنبيه على الطيار بحسن المعاملة احنا بنشترى مش بنشحت
446,البطاطس والحاجه الساقعه لم تصل للأسف
447,الاكل بصراحه زى الفل وطعمه تحفه وسخن ونظيف وكميه مظبوطة وكله تمام التمام.. تسلم ايدكم
448,طلبت طحينه بدل السلطه الخضراء زي كل مره بس المره دي بعت برده سلطه خضرا
449,very small portions
450,"I didn’t get lamb kebab, it was beef kebab."
451,H
452,terribly spicy could not be eaten
453,التوميه والطحينه وصلت شبه حامضه الرز مكنش مستوي وطالبه فراخ مشويه جه شيش
454,الحمام سئ جدا
455,الاكل وصل ناقص و كمان بكلم الراجل ساب الموبيل وراح يتخانق معاهم
456,I received the order after more than 2 hours and I called the restaurant around 3 times yo complain
457,Missing item and driver is so rude and unprofessional
458,الطلب جي من غير ادوات طعام
459,الكلب جاى نص فرخه تغليف سئ الفراخ محطوطه ف طبق فويل متغطيه بسترتش بس عرقت وعامله ميه تحتها غرقانه ومغيس معاها او تحتها اى حاجة ولا فى طحينه ولا رز وحتى طالب خيار مخلل لوحده ل ٢٥ ج تلات شرايح طعمهم سى حتى النجمه مايستاهلها
460,عشان قلت مشروب مش مقاطعة وحضرتك باعتلي بيبسي
461,كنت كاتبة اغير السلطة لان السلطة الخضراء كانت وحشة قوى المرة الى فاتت و تجاهلوا الموضوع
462,The portion is small but food is good
463,Bad taste & small portions
464,دائما الاوردر بيوصل متاخر جدا، مما يجعلنى استخدم برنامج اخر لطلب الاكل
465,الدليفري بيتصل ٤ - ٥ مرات عشان يعرف العنوان ومبيعرفش يمشي على اللوكيشن ومش عارف يقرا العنوان الموضح عنده حرفيا معرفش شغال ايه ؟ انما الاكل كان كويس
466,The delivery was 30 mins late than expected time. The green salad was exchanged by Tahina without getting back to me .
467,I ordered Escalon panel which is supposed to be veal it was very hard I couldn't even cut it and was very spicy
468,We waited 2.5 hour for our order. Customer service was not helpful. Bad!
469,سئ جدا
470,مندوب التوصيل لم يعرف العنوان غير انه أسلوبه غير مهذب في الحديث ولا يعرف ان يتكلم مع العملاء بشكل لائق
471,Arrived more than 90 minutes later
472,اول مرة اجرب ابو شقرة وكانت تجربة حلوة بصراحة واكيد مش حتبقى اخر مرة
473,Yummy🤪
474,اول مرة اجرب وجبه البط مش ممكن بجد الشيف بتاع التحمع ده وهمييييية دايما بحرب السمان و البيكاتا و برضه تحفه من احسن المطاعم في مصر و محافظ علي مستواه دايما برافو عليكم
475,1 hour late and it’s not acceptable
476,مقدرش يحط ارز ابيض للاسف بتتكرر كتير حظي وحش
477,الفراخ المشويه ما وصلتش
478,الاكل وصل بارد جدا والعيش الفينو بايت تجربة سيىة للاسف
479,Late delivery
480,I ordered for rice and chicken and only chicken was delivered to me no rice
481,البط طعمه سيي جدا و محروق و غير طازج هو و الرز الخاص به . و اضح جدا انو غير طازج و متسخن لحد ما أتحرق. الشيش طاووق ايضاً طعمه غريب جدا . أنا معتاد الطلب و اول مره أواجه هذا السوء من ابو شقره.
482,No rice included in the meal as mentioned in the meal sides !!!
483,I ordered half grilled chicken meal (chicken + rice) but I only received the chicken.
484,الفاهيتاكانت مملحه جدا و اترمت للاسف
485,الرز كان محطوط عليه كبده !! ومفيش معلقه للاكل
486,اسوأ خدمة توصيل وخاصة لو طالب من المنيوز بيطلبوا فلوس زيادة كل مرة ويقولك ماليش دعوة بأبليكاشنات👎🏻
487,لم يلتزم بطلبي ارز ابيض بدل الارز الخلطه البشع بتعهم تحس انك بتاكل سكر مش ارز واول ما شكرتهم بالتعليق السابق راحوا عكيين المره الي بعدها مصريين صحيح هههههه
488,الشوربة حلوة بس الدجاج مش مستوي كويس وبارد والرز كأنه بايت
489,Bad quality of the food
490,ممتاز شكرا ابو شقره التجمع والشيف نمبر وان ومتلقي الطلب والشيف ملتزمون جدا بالملاحظات شكرا جزيلا
491,الحمام ناشف جدا و مياتكلش للاسف الفاهيتا جايه خضار بس من غير فراخ!
492,Pasta sauce wasn‘t bolgnese
493,شكرا للشيف وللمطعم الالتزام المره ده بالملاحظات المكتوبه ١٠٠ ب ١٠٠ ، مع الشكر
494,الطلب ناقص
495,amazing as usual ❤️❤️❤️
496,اخد اكتر من ساعه و نص
497,السندويتش كان تلج لا يؤكل
498,اوردر كويس جدا ومتقدم بشكل شيك بس وصل بارد لكن الجودة كويسة
499,مش بيفتكر المعالق كتير
500,انا طلبت اوردر شيش طاووق و رز برام بالحمام و أم على. كله كان كويس إلا الرز برام، الحمام اللي فيه وحش جدا!! ناشف جدا ، بايت و متسخن عشرين مرة مثلا. بحد مكنش أتخيل كده من أبو شقرة و خصوصا ان سعره غالي، يعني في الأخر أنا دفعت ٣١٠ في البرام و كلت الرز بس...
501,"HAVEN'T RECEIVED MY ORDER FOR OVER TWO HOURS, RESTAURANT IS NOT PICKING UP AFTER ONLINE PAYMENT, NO DELIVERY DETAILS. TERRIBLE!!!!"
502,order description includes rice 2 meals delivered without rice
503,ورق العنب قديم بايت ومفروط الرز كله برة مع اني حطيت note يكون جدييد كان وحش ودا بقلل من مستوى المطعم والطعم والكواليتي لا انصح به
504,ول بعد ساعتين رغم انني في نفس الشارع شارع القصر العيني
505,No rice and no salad as its written
506,الشوربة وحشه
507,الوجبات ناقصه الارز
508,Everything about the order was an utter tragedy. How is this even food? Who the hell prepared it?
509,Salad is horrible
510,ورق العنب معجن
511,الاكل بارد وبدون سلطة عكس المرات السابقة وتأخير اكثر من ساعة عن الموعد المتأخر اساسا واخيرا التغليف ردئ
512,الطلب جي غلط حاولت التواصل معاكم لقيتكم قافلين التشات. كلمت المطعم و بقالي ٤٠ دقيقة منتظر علشان يجيبلي الطلب بتاعي
513,الوجبه مجاش معاها سلطه
514,نقطتي عليهم هي اني عمري ما شوفت ان السلطة (كانت طحينة او سلطة خضرا) تبقى حاجة مبتجيش مع الاكل وحاجة اكسترا
515,Cold sandwich
516,اتأخر جدا، وتواصلت مع الطيار فاعتذر  و ابلغني ان الماكينة بتاعته عطلانة ولسه ها يبلغكم تبعتوا حد غيره علشانالطلب يستلم الأوردر من ابو شقرة ، يعني بغض النظر عن التأخير ٤٥ دقيقة حتى الآن ، الأكل ها يوصل بارد وما يتاكلش. انا ذنبي ايه في الحوار ده! وحتى ...
517,The fattah has no salt and the rice was very salty
518,تأخر الطلب مايزيد عن نصف ساعة كان وقت التوصيل ٧:٢٦ وصل ٨تقريبا ليس به ملعقة ولا سلطة خضراء ولا خضروات مثلما ظهر في الصورة والأرز كان أحمر والمطلوب كان أرز أبيض
519,Missing salad
520,iv
521,الاكل ناقص تسويه
522,الاكل سيء وتاخير ساعتين وتجربة كلها سيئة
523,"The rice of the stuffed pigeon wasn’t marinated properly, it was so blend. I cook more delicious hawashi . The kebab was chewy. The only delicious food was the kofta and it’s rice"
524,Very bad i do not recommend at all
525,الاوردر جاي ناقص ولا في طحينه ولا في سلطه ولا في اي حاجه ايه ده مش عارفه اقول ايه ودفع 3200 ويعتبر ما اكلتش يعني ما حدش كلم
526,ابو شقرة بقي بعيد اوي عن المطاعم المحترمة
527,التدبيله للقراخ المشويه قويه جدا المفروض تبقي اخف من كده كميه الفلفل الاسود كثيره
528,Wrong order
529,مفيش عيش مع الاوردر . مفيش اى سلطة مع الكباب كان المفروض فيه ارز مجاش مع الشيش . و لا حتى بقدونس و التغليف سيء جدا .
530,Not tasty
531,Came without the rice as written in the discerption
532,مساء الخير حصل بس مشكلة صغيرة. الخصم متنفذش في Total الفاتورة، فبالتالي أضطريت أدفع من غير الخصم. شكرا جزيلا
533,الفراخ المشويه ممتازه
534,الشوربه المفروض انها مشروم بالكريمه مافيهاش غير بصل بس !! و غاليه على الفاضي و الارز سئ جداا و الفراخ مش بطاله .. بجد تجربه لاول مرة مع الاسف سيئه للغايه
535,جي متاخر 25دقيقه
536,طعام مميز بجودة عالية
537,اول مرة اطلب كباب يوصلني بدون اي نوع من السلطات… الخبز كان شامي وليس بلدي …
538,مطعم نصاب و حرمي. كل الوجبات حجم اطفالي لا تستحق ربع السعر
539,رز = لازم معلقة خضار سوتيه = لازم شوكة بس الكلام ده محصلش
540,"there was a missing item. Lamb chops were not delivered, although I paid it"
541,"The food is delicious no doubt about that. Food portions were ok except the Salad, I expected more of it, but it was a very small portion"
542,السرفيس مش موجود
543,salty
544,Food arrived without plastic spoon and covers. Order arrived 2 hours later. Worst experience ever.
545,absolutely horrible. horrible food and was 3 hours late.. during RAMADAN.
546,"Abou Shakra customer service called us with an extremely unprofessional attitude, didnt fix the issue with the order and made the whole experience unpleasant. that is the second time the orders comes missing item I wont be ordering again for sure !!!"
547,Soap and rice without spoon and fork !!!!!!!
548,حسبي الله ونعم الوكيل في دا مطعم لما يكون فطار والناس صايمه والاكل يجي الفراخ كلها دم ومش مستويه والمحشي طعمه يقرف والملوخيه ساقطه والله
549,أرجو تعديل الاسعار شوية تكون منخفضة شوية
550,تأخير توصيل غير مبرر وصول الاوردر بعد المغرب والطعام مطلوب للإفطار اصلآ
551,Cold
552,الأوردر اتكنسل
553,وجدت طبق زيادة منهم
554,الأكل باااارد و الأرز جاي مدلوق نصه برا العلبة!
555,الرز قليل و الثومية وحشة جدا
556,Missing items
557,الفراخ كانت نيه جدا وفيها دم و رمتها، فعلا أنا مستاءة
558,el batates el batates...... so5na 5aleth so5na 5aleth
559,"The food came in almost 2 hours , the runner was waiting for the order more than 1 hour in addition i found hair in the salad!!"
560,They should mention that the side dish rice has kidneys.. 😏 Very small portions..
561,الفراخ متبله و حلوه بس الرز خلطه كل مره يجي بالخلطه و بشعر!!
562,The order is missing 3 meals!!!!!!!!
563,The order should have came with rice and it came without it
564,بشع فلوس كتير جدا و اوردر سىء جدا جدا
565,اسم ع الفاضي متاكلش منه غير الكباب الضاني بس
566,الاكل مش لذيذ خالص
567,وجبة نصف فرخة بدون اي اضافات مثل الخبز او الارز علي الرغم من انه مكتوب بيجي مع الوجبة ارز بالخلطة
568,"Food was too cold, delivery took twice the expected time"
569,خدمة ممتازة
570,"Absolute garbage overpriced food. Sandwich bread was stale. Toumeya was runny. Rice was dry and not fresh. Om aly was dry and flavorless. Crème Caramel smelled like rotten egg — what, do you season your food with hydrogen sulfide? Never ordering from..."
571,I didn’t receive it
572,I received kofta not my order Abo Shakira sent me order under the name of Ahmed ghaly who lives in el masrawya and when I called Abo Shakra the guy who answered shout at me cause I called them not el menus …. استلمت اوردر كفته مش شيش طاووق بأسم احمد ...
573,شعره في الاكل
574,الفتحه كانت وحشه اوووى اوووى اووى اوووى حرام عليكم والله وحسبي الله ونعم الوكيل فيكم بطنى وجعتنى ورميتها حتى القطه قرفت منها مش مسامحه فى تمنها
575,كل مره لازم يجيبولي فاتوره مع الاوردر ب سعر اعلا من المتفق عليه عالابليكيشن صداااع
576,Food arrived after 2.5 hours with hair in it
577,العيش الفينو ناشف و بايت و حاجه استغفر الله بجد
578,Zft
579,No covers came with the order! No spoon for the rice and no fork and knife for the chicken.
580,مطعم سيء و غير محترم. وجبات ملها احجام اطفالي و كيلو الكباب عندهم بيوصل نص كيلو
581,المطعم طلب فلوس زيادة
582,الاوردر وصل بعد ٣ ساعات
583,مذكور في ان في خضار سوتيه مجاش مع الاوردر
584,الاتوجد اي إضافات مع الطلب ولا سلطات مطعم غير جيد وسي
585,"the offer had a salad but the salad didn't arrive. Other than that, the food was great"
586,صدر الفراخ كان فيها دم ماقدرتش اكلها
587,الطعم جميل بس الشوربه ناقصه حبه ملح
588,Kebab is 1/4 kilo despite I ordered 1/2
589,Order not as described
590,الطيار في منتهي الاخلاق ومنتخب الامانة زي الفل
591,I have not received the order yet
592,الاوردر جه ناقص item .. ساندونتش
593,محتاجة اتواصل مع حد من الدعم الفني فورا
594,No spoon or fork
595,مطعم غير محترم و غير امين في اوزان الاكل و وجباته لا تكفي لطفل صغير و اسعاره غالية علي الفاضي
596,اوحش كفتة و كباب أكلتهم في حياتي كفتة سودة و ناشفة و مملحة و كباب مايتبلعش اترموا زي ما هما
597,أوردر ناقص.
598,الرز ماجاش
599,A small portion of shish chicken that is only enough for a child!
600,محدش يشتري اي عروض لانها وهمية
601,المفروض ان الاوردر يجى زى ما مكتوب نص فرخة مشوية و معاها عيش و رز بالخلطة والزبيب و السلطات الا جات بس نص فرخة و رغيف عيش لا فى رز ولا حتى سلطات الاوردر جاى ناقص
602,كان بارد جدا زى ما يكون كان مجمد واتسخن بس متسخنش كويس وفيه مياه عمرى فى حياتى ما تكلت ساندويتش وحش كده من ابو شقره
603,They mentioned that there is rice with meals but the meals come without rice only bread
604,سيء جدا بلاش حد ياكل عنده احسن يعنى وجبه الفراخ غاليه والفراخ تطلع بايظه وتوجع البطن حسبي الله ونعم الوكيل
605,الاكل سئ جدا...الفراخ طعمها وحش والمكرونه نوع رخيص
606,"Meal was very cold due to long delivery time, no rice with the meal as the description,any choices were not available, very disappointing"
607,المحشي المشكل بايت ومتسخن وناشف ومقشف
608,الكريم كراميل فاسد
609,always missing or incorrect items
610,الفراخ صغيرة ومش مستويه كويس
611,"No cover, poor packaging and the chicken tasted like plastic. Also overpriced delivery."
612,لم استلم كوفير (شوكة معلقة سكين) هل المفترض اكل ب ايدي؟؟؟
613,The order is missed the rice and the bread
614,تأخيري
615,k
616,Chicken is raw not grilled enough and I eat sushi
617,Bad experience
618,الحمام كان محروق و كميه توابل غير مبرره، منظر طبق غير مقبول
619,The grilled chicken was not as expected from a restaurant like this. It was a bit too salty and the marinade was not the best.
620,الاكل وحش جدا جدا بغض و توصيل متأخر و الكميه سيئه
621,Not the same like before
622,دايما دايما الاكل بيجي حلو و متغلف حلو الوجبات زي البيكاتا و الاسكالوب و السمان مش ممكن شطارة الشيف هناك بجد.
623,الأكل بارد جدا
624,The driver kept arguing with me that it’s not his right to have change for me!!!
625,الفراخ مليانة زعتر وشكلها واخدة نص سلقة وبعدين اتحطت عالجريل
626,مجاش السلطه ولا العيش
627,Missing item😤pickled cucumber
628,Thé khalta rice was not with the meal as mentioned
629,الاكل تمام ، الدليفري اتاخر ساعتين
630,عادى
631,The order is missing
632,ناقص العيش المحمص و العيش البلدى
633,Soup was not available but still on invoice.
634,The chicken is not cooked well
635,محتاجه اعرف ليه الكمية كده
636,Bob
637,الشوربه سواء العدس او اللسان متتاكلش بجد ابو شقره بقى سىء
638,اسوء خدمه عملاء المنيوز صفر حرفيا معامله مستفزه حدا جدا للعميل
639,للاسف الاكل كان متأخر والاوردر مش زي ما انا متعودة
640,الرز عليه قطعة كبدة واحدة مقسومة نصينو ب ٥٧ جنيه
641,الكبدة في الرز قليلة جدا و ده ب ٥٠ جنيه مش رخيص
642,أرجو تخفيض الاسعار شوية
643,السعر غالي شوية
644,جميل جداً
645,Chicken was dry kobeiba was too salty for my taste
646,الشاورما سيئه و كم بصل مش طبيعى فيها
647,الفراخ كانت محتاجه تستوى زياده
648,The order still has not arrived. The delivery had trouble entering the compound and didn’t wait for me to solve the issue. He just left. I will never order from this place again.
649,Bad
650,they added rice instead of pasts
651,The half grilled chicken is delivered without rice as mentioned in the order
652,Late delivery and the food was cold
653,Tabulah is not fresh at all
654,المحشي سبايسي...المفروض يكتبوا كده
655,Very poor service. Very late delivery. Didn’t receive the food after 2 hours from calling the restaurant. Never order again from this restaurant.
656,الطعم رائع الوزن كارثة الربع كيلو سجق ١٨٠ جم. النصف كيلو كباب وكفتة ٣٩٠ جم. بجد عيب
657,البطاطس كانت نيئة بتقرش
658,Kofta quality is bad and the quantity is definitely less than 1kg.
659,The order came really late and one of the bread bags was opened
660,They forget the fork & spoon
661,Little botato
662,طلبت نص كيلو وصلني ربع كيلو و ده شئ مش منطقي نهائياً حتي بعد ما تفقد اللحمة كل الدهون في التسوية
663,the order received is much less than expected and with missing items. over priced and not worthy.
664,makarona bashmel so bad plus om Aly
665,الشاورما مش موجود عليها أي صوص (طحينة مثلا) و الطعم لم يكن كما توقعت اما بالنسبة للممبار فهو جيد جدا
666,غالي جداااا
667,Missed bread
668,بارد جدا الوجبات والساندوتشات شبه فاضيه
669,التوصيل بعد الموعد بساعة و كالمعتاد الطيار مفيش فكة
670,Received after three Hours
671,الأكل بارد والبطاطس مش مستوية أوي والرز مش مستوي برضه وبصراحة الأسعار الغالية دي غير مناسبة لكواليتي الأكل
672,الارز البلخلطه مجاش
673,الاكل جالي من غير الارز
674,الأكل بارد ووصل بعد ساعتين من طلب الاوردر
675,I ordered the shish tawook meal but I received fries instead of rice not the first time though
676,The total came 30 egp above the apps price. The restaurant didn’t redeem the voucher. Food came after 1:45h and was cold and had wrong items. I will never use your app again.
677,Portions are too little vs ordered quantity
678,الثومية قديمة و رديئة .وضع رغيفين عيش لباني ناشف وقديم . الفرخة مش مستوية كويس وغير متبله
679,حاطين توابل كتير جدا ..ده غير متفرقة صوص ؟؟؟ و المفروض مشوية مبيباق عليها صوص
680,يا جماعه مينفعش أبدا اوردر ب1600 معوش اي نوع سلطه جشع بس جشع والله. وطلبت عيش بلدي ودفعت تمنوا ومجاش حاجه منتهي السرقه والإهمال
681,لم يأتي well done او سوا زيادة مثل طلبي
682,Always delays Always template reply
683,السلطة البلدي حراقة جدا و حجمها صغير جدا علي السعر
684,the worst order I have tried 😞 very bad and the taste is very ungood and this time poor quality and very disappointed ☹️ I didn't recommend this dish anytime
685,الشيش طاووق كان حلو وطري بس الارز كان ناشف كأنه مش مستوي كويس و الهيل كان طعمه باين فيه
686,خفضو الاسعار شوية
687,صدور الفراخ المشوية حاطين عليها كيلو فلفل اسود ... حرام عليكوا ندفع فلوس في اكل يترمي
688,الاكل كان بارد اوي
689,ايه ده بجد صباعين كفته ب ١٨٠ جنيه و مفيش رغيف عيش واحد لا مع الملوخيه ولا مع اي حاجه والاكل بارد ، حاجه ف منتهى قلة الضمير
690,صباعين كفتة ب 180 جنيه و الاكل بارد و التوصيل متاخر
691,الاكل بارد كانّه متسخين مش صابح ولسه معمول
692,بيحطوا ملح كتير جدا علي صدور الفراخ المشوية
693,سيء
694,مفيش كوفر مع الاكل ولا معلكه ولا منديل ولا اى حاجة
695,Very small portions
696,ربع كباب وكفته عباره عن قطعتين لحم مشوي صغيرين وسيخ كفته صباغين ولا يوجد إي سلاطة
697,The delivery guy was very far from the restaurant and arrived so late!!
698,كان متاكل من الكفتة
699,the food was delicious and came very hot
700,الاكل حلو أوي بس الأسعار غالية اوي أرجو عمل خصومات وعروض
701,La
702,الطلب اخد ساعتين حتي يتجهز السندويتس بعيش لبناني مع انه انا طالبه السندويتشات بعيش سوري وحمص السندويتش فاضي لا يسمن ولا يغني عن جوع ٨٠٠ جنيه ضاعت في الفاضي totally not worth it
703,I didnt get the order worst service ever
704,صدور الفراخ المشوية مالحة جدا جدا ، المفروض تكون صحية مش ترفع الضغط !!!!
705,I asked for okra with meet what I got is plain okra without meet
706,وصلت بارده
707,الحمام حلو بس ليه مش باعتين معاه ولا حاجه حتى الكيس يلي بيكون فيه المنديل و الخله مش موجود 😡 بتستخسرو جامد تبعتو اي حاجه ولا طحينه او اي حاجه تنزل مع الطلب زي باقي المطاعم😡
708,انتو بعتين علبة واحدة عشان توافرو البطاطس؟؟؟
709,طلبت خضار سوتيه مع الفراخ و كتبت كومنت ااكد فيه واني مش عايزة الرز و برضه اتبت رز و خدمة العملاء في المنيو معملوش حاجة غير بنعتزر !!!!
710,الفراخ فيها ده
711,Chicken thighs instead of breast
712,Shish Tawook No Rice also ordered tehina got baba ghanug. وجبة شيش طاووق بدون أرز خلة و الطحينة جت بابا غنوج
713,Too small portions and the pickled cucumber was missing. Abu shakra is the most stingy restaurant in its category.
714,طلبت سلطه فتوش جالي سلطه خضرا
715,I loved their food although they didn't have what I wanted.
716,Fries are quite small
717,الفراخ بايظة
718,The order is not fresh and cold!!! No meat in the rice
719,كل مرة بتنقصوا حاجة من الاوردر مع ان بتغلوه الاول كان ارز وعيش وطحينة يقى ارز وطحينة ربعدين ارز بس منتهى السخافة يعني
720,مكتوب الوحبة معاها رز خلط مفيش رز جه ومفيش علبة طحينة او سلطة واحدة حتي جت! مفيش معلقة للشوربه؟
721,منتهى قلة الادب من الطيار واللي كلمته على خدمة العملاء عشان الغي الاوردر طلع و اخده الطيار وقعد يلف بيه نص ساعة والله اعلم بدله ولا عمل ايه
722,The order was supposed to come with rice but rice wasn’t there
723,there were no salads or appetisers
724,Orzou soup was way too spicy with too much black pepper.
725,Chicken tasted different than every time.
726,كل شىء فوق الممتاز وعامل التوصيل مؤدب
727,الحمام تحفه بجد
728,Worst meal I have ever tasted
729,it came missing the rice and the vegetables we're not fresh and the price that was on the application was not the same when it was delivered
730,المبلغ المدفوع زيادة عن المبلغ المرسل بقيمة مبلغ الخصم المبلغ عنه يعني في تلاعب بالسعر ودي اول مرة تحصل رغم تعاملي معاكم علي طول
731,الشوربة طعمها غريب ، والسلطة عبارة عن نصف خيارة ونص طمطامية !!!!
732,الطعم تحفة ولكن كان بارد جدا
733,تمام لكن طلبت ربعين كباب لشخصين مختلفين وصلني نص علي بعضه مش فاهم ليه الكسل منا لو عاوز نص كنت اختارت نص من الاول .. الباميه و الرز باللخلطه مش حلو لكن اللحمه الضاني ممتازه الطعم
734,"Food was great, fresh, and perfectly seasoned"
735,food came without rice and bread came in عيش السرايا packaging
736,فينو فاضي
737,الوجبتين سيئين للغايه للاسف
738,ملح زياده في الشاورما
739,اسلوب الطيار زي الزفت
740,The sambousek felt a bit soggy. But the chicken was great
741,الاورد ناقص
742,Only one item was missed balady bread they bought shamy instead
743,المفرود بيجي مع الوجبة رز مجاش
744,"Ordered 1/3 shish tawook came in 5 small pieces, we put them on the scale they turned out to be 108 grams"
745,الصلصه مش نطيفه خالص، مليانه فتافيت سوده.
746,The pane came with fries instead the pasta when the description specifically said that it would come with pasta napolitain.
747,late delivery
748,السندوتشات ناشفة مافيهاش اى صوصات ولا اى حاجة، حتى مش هاين عليهم يحطوا شريحة طماطم فى ساندوتش الكريسبى تشيكن كاننا شاحتين الاكل . بصراحة تجربة سيئة ماحبش اكررها والله احنا فى زمن عجب
749,تجربة سيئة ومن سئ لاسوء والتغليف سئ جدا والطعم سئ
750,الاوردر جيه ناقص
751,اسوء مطعم في الدنيا طالبه ربعين كباب وكفته جايبلي وجبه وحدة علي بعضها واقل من النص طبعااا ولا في سلطات ولا طحينه والاكل طعمه سئ... تجربه مش هتتكرر
752,محتاجين تظبطو الملح الاكل كان ناقص ملح
753,كنت طالب كباب بتلو الراجل كلمني قالي مفيش غير ضاني قولت يا بضاني ضاني ضاني مش مشكلة جالي الكباب بعضمه الصراحة اول مرة تحصل والممبار بايت وحاجة صعبة المشكلة كمان الاكل بارد مفيش ميزة واحدة
754,من غير رز
755,"delicious food, came very hot"
756,"no sides with grilled chicken, although it should come with a side"
757,the food was so greecy and bad
758,الدجاج طعمه مش حلو
759,they send a wrong order
760,الشاورما ما فيهاش لحم كلها بصل 👎
761,المفروض بيجي رز ابيض مجاش و المفروض معاه عيش مجاش !!!!!
762,Order not delivered
763,"Order has been delivered in perfect time BUT Balady Bread didn’t delivered, despite I paid for it"
764,الاكل مش بالمستوي إللي دايماً بطلب بيه
765,جميل
766,excellent service the food came very hot.
767,الاكل زى الزفت طلبت فتة كوارع مش شايفة الكوارع افتكرت مقطعين فلفل رومى على الارز وعبارة قطع صغيرة ده بتسموه كوارع يا شوية حرامية بعد ما اخذتوا 560 ج يا شوية حرامية فين الكوارع وده غير طلبت كمان شوربة كوارع تقريباً عبارة شوربة من غير كوارع يظهر كده مك...
768,الاكل وحش خالص واللحمه نوعيه رديء للغاية خمس أفراد دفعنا مايقرب من ٣٥٠٠ جنيه في اكل لاتساوي ١٠٠٠ جنيه وفوجات انهم يقدمون معالق بلاستيك؟ في مطعم المفروض انه مطعم شيك انا كمواطن فرنسي مصري ساقوم بعمل الازم
769,the food was delicious and arrived very hot 🔥
770,تاخر في التوصيل للاسف
771,الاكل زى الزفت واحلى إسهال ارجو الاهتمام بالاضافة
772,Taste was good but something was wrong with the veal kofta has made me get sick
773,-The worst experience ever
774,المفروض يكون التقديم احسن من كده بالسعر ده. باعتين الكباب ومعاه كيسين عيش ولا طحينة ولا بقدونس تحت الكباب والريش. محطوطين في علبة فويل وخلاص كده.
775,very bad food
776,"food was terrible this time, like in really terrible"
777,V.good
778,سىء جدا
779,المستوي بقي سئ ونص الاكل حمضان
780,اللحمه اللي جوا طواجن الخضار و الارز المعمر قديمه و ناشفه جدا ومتتاكلش و المطعم كاتب انه اللحمه في الخضار لحمه ضاني و مطلعتش لحمه ضاني ولا ليها صله حته باللحمه البقري!! الاكل اترمي في الزباله و اول و اخد مره نطلب من ابو شقره
781,very small amount of bread. lower than what is said on the description.
782,طيار مش مهذب في طريقته و قعد يلف بالاوردر كتير قبل ما يوصل الحواوشي بايظ . ده لاىمكن يخرج من محل محترم . ربنا يحاسبكم
783,الفراخ سيئه.وفيها زفاره
784,الاكل كان بايظ
785,order came missing tehina 20egp! order came including rice but no spoon or fork!
786,السلطة صغيرة بزيادة
787,"excellent service, fast delivery , delicious food delivered very hot"
788,"delicious food , came very hot and fast delivery. excellent service ."
789,very good taste
790,تجربه سيئه جدا طلبت كوارع جت شوربه بس حرفيا سي للغايه
791,excellent service
792,الكميات قليله جدا والملح زياده جدا بالاكل الطعم ممتاز ما عدا زياده الملح
793,Soup salty! Piccata two tiny pieces.
794,well done
795,التوابل كانت كتيره اوي
796,اسوء مكرونة بالصوص الابيض اكلتها في حياتي.. الصوص خفيف جدا مفيش مشروم و لا خبز بالثوم زي ما هو مكتوب في الوصف
797,الاكل جه بسرعه وسخن وكان حلو بصراحه بس الباميه مسبكه اوي
798,"I ordered a chicken ceaser salad and it came without even a small bite of chicken, wow!"
799,But my grilled chicken came with rice not veggies
800,excellent service and very good taste and fast delivery
801,الاكل كان ناقص والحاجه اللي ناقصه جت بعد ساعتين والاستاذ مدير الفرع فضل لطعني علي التليفون نص ساعه وبيكلم ناس تانيه ف التليفون وكل شويه يقولي يا فندم اعملك ايه انا طلعت الاوردر من عندي ومش عارف اوصل للمندوب ولما قولتله حضرتك مش بتحل المشكله حضرتك عا...
802,طلبت مع الفراخ رز اييض، جه خلطة ، الفراخ الصدور المشوية لا تصلح للاكل حراقة جدا و فيها كيلو فلفل اسود، المسقعة عبارة عن ٢ قطعة بتنجان و شوربة صلصلة ، تجربة سيئة جدا جدا
803,p
804,انا كنت طلبت وجبة الصدور المشويه تكون غير حاره لا فلفل حامى ولا شطه جت عكس اللي طلبته حاره جدا
805,Very small chicken breasts
806,I paid for spoon and fork but didn't receive them.. I couldn't eat since i'm not at home
807,Excellent
808,2 much spicy
809,"ignoring the choice of order, grilled chicken was dry and very bad and so much black pepper it was very bad"
810,اكل سئ جداااا
811,Late
812,الفراخ نية و مدممه و الشوربة باردة و مفهاش فراخ و فيها نقط غريبة و السوتية كسلوق و مفهوش اي تتبيل مطعم سيء
813,Food was perfect Driver is rude
814,اخر أوردر الفراخ الصدور المشوية ناشفة جدا و سبايسي جدا و متكلتش
815,الاكل وحش جدا والعدس جاي مايه خفيف جدا جدا حدا
816,The driver had an amazing attitude
817,الكمية تضحك التلت طلع ٢٢٠ جرام ولما كلمته قالى احنا ميزان بتاعنا كده وفضحته على الفيسبوك واخر مرة انعامل معاه
818,Food was good but i wasn’t certain about the weight I’ve ordered 1/4 kilo i received only two tall pieces also the delivery guy came fron the restaurant crew not el menus and asked me for 190 pounds not 145 as i ordered from the app
819,اللحم مستورد مش بلدي زي ماهو كاتب في المنيو تجربه سيئه جدا جدا لا انصح به
820,الاوردر جاى ناقص
821,انا طلبت طاجن ورق عنب بالكوارع وشوربة حمام . انا لما طلبت بناء على آخر طلب من عنده من النوع ده كان رووووووعة لكن ده حقييييير وفقير قوووي اولا مش طاجن ولكنه طبق فوبل وفقير قوي اما الشوربة مافيهاش قربك وللأمانة ٩ حبات فريك 🙃😘😘 شوفوا للفقر على ال...
822,تجربة سيئة جدا ولا انصح بالمطعم ابدا اولا انا طلبت الاوردر يوصل على وقت الفطار (المغرب) لكن الاوردر وصل قبل الفطار بساعة طاجن ورق العنب بالكوارع كان بايت و للاسف كانت ريحة الكوارع تلاجة و كان سئ جدا ١/٤ كيلو كفته عباره عن صباعين كفتة و١/٢ ك كباب ك...
823,Order didn’t arrive !!!
824,Chicken was not well done (was pink inside) and the order came without the salad
825,السعر ع البرنامج غير السعر اللي وصلي مع الدليفري
826,ام علي غير صالحة للاكل. مزنخة. وكلمت الفرع ولا اي اجراء
827,المكرونة الباشميل تقريبا مفيهاش لحمة مفرومة والكباب سيئ جدا وبيشد ومش مستوي ونوع اللحمة سيئ
828,اسعارهم مبالغ فيها جدًا مقابل الجودة و كمان مش شاطرين في الرياضيات عندهم الربع كيلو ١٢٠ جرام
829,مطعم سئ جدا بجد وجبه صدور كتاكيت مش صدور فراخ و خضار سوتيه مايتكلش و غير ده مش عارفين تحسبوا الخصم و دافع ١٠ جنيه ذياده عن الاوردر
830,وجبة صدور دجاج مشوى فيها توابل كتير اوى لو شخص مريض ضغط او عنده مشكلة فى معدته مش هيقدر ياكلها للاسف
831,مفيش طعم و لا نفس و لا ريحة الفحم في الفراخ شيء محزن
832,الموضوع ببساطه شديده أن أبو شقره طول عمرهم حراميه ..... أي أنسان عنده ذره عقل مستحيل يتعامل مع الأشكال دي
833,شوربة الدجاج بالكريمة مفيهاش فراخ الا قليل اوى وشوربة الخضراوات مالحة رغم انى اعطيت تعليمات ميكونش فيها ملح او توابل
834,Wrong weight
835,طالب اوردر ربع كباب وكفته جايلي 3 قطع قد حبه العنب كفته وحتتين كباب اسلك بيهم سناني ومش جاي حتي طحينه مع الاكل ب134ج لا كانو باعتين عيش مع الاكل كنتو وفرتوه والله ونزلت جيبت من الفرن اللي جمبي والاوردر وصل بعد ساعتين ونصف تجربه تحفه
836,My order was missing.
837,الفراخ حمضانه حسبى الله ونعم الوكيل ده لاطفال
838,The quantity of food was ridiculously less than what I expected in the amount of money paid EGP 400 including tip. Fries were nothing like the photo in the app. Taste of food very good though!! Surprising!!! Giving thumbs up for the taste of food.
839,My stomach didnt feel well after having the meal
840,Very bad !!
841,قطعتين فقط ب 120 جنيه مع الخصم؟؟ سعر مبالغ فيه والكميه غير كافيه تماما والخبز المخصوص بلدي ازاي؟
842,I paid 187 not 160 ! And the chicken was cold !
843,Food quality is terrible!!
844,الفراخ المشويه وصلت مش مستويه وفيها دم والطبق مليان مياه مش عارف منين
845,No Tahina No grilled chicken breast meals arrived
846,I paid more than the original price
847,"I would like to thank zeyad complaint supervisor for his cooperation,perfect complaint handler 👌🏻"
848,I payed more than the recipe el Menus sent me
849,الطلب اتاخر ساعتين والأكل زى الزفت والاسعار مختلفة عن الابليكاشن
850,Missing rice and with the chicken
851,دي تالت مره يجي ناقص الطحينة مش عارفه تقريبا قاصدين حرامية
852,الطعام سىء جدا الطعم. سىء التغليف سىء
853,Missing the balady bread
854,Small portions
855,الاكل بارد وعينات ومفيهوش ملح ومالهوش طعم
856,الطلب كان ربعين وصلوا فى طبق واحد
857,اوحش مكرونة بالفراخ ممكن تتاكل وطحينة سيئة جداً مش قادرة اصدق ان ده ابوشقرة
858,اخر مره الاكل كان بشع بجد
859,J
860,No forks no spoons and bread with the soup
861,Baba ghanoug wasn't fresh and it's so sour the chicken was very called
862,يوجد ارز ولا يوجد معلقة
863,Delivery took 75 minutes
864,The side order was wrong even though I wrote what i want
865,الاوردر وصل من غير سلطه خيار
866,Best drivers attitude
867,الدجاج مكانش مطبوخ احسن حاجه عموما اكل لذيذ وسرعة بالتوصيل
868,الاكل جيه ناقص و خدمة العملاء و مدير الفرع قمة في قلة الذوق و عدم الاحترافية
869,بعد تأخير ساعتين الاوردر جه غلط وبارد وواضح انه مش فريش اصلا
870,اول مرة اكل اللحمة بتاع الفتة دي طعمها غريب جدا تقريبا كندوز او حاجة وحشة جدا
871,انا طلبه موزه بعظم زى الصوره جاتلى فاته بارده و عليها لحمه بس
872,These are samples. There is no way those portions are real! Disaster really
873,الفراخ وصلت نيه كلها … اسوء وجبه و عايزه اعمل شكوي و حد يجي ياخد الاوردر ده
874,Wrong rice
875,للاسف بعد الحاج ما مات الاولاد الجشعين بوظوا الكفتة احلي حاجة ولغوا الريش ومن اسوا لاسوا اخرة مرة اتعامل معاهم
876,سئ سئ سئ .. غالي و الكميات قليلة جدا بطريقة مستفزة
877,The chicken is not well cooked at all
878,مقرف و البطاطس مكنتش مستوية و نصها اسود و بايظ
879,All was good but baba ghanough salad smelled funny wasn’t fresh
880,طلب وجبة فراخ بانيه مع مكرونة ... سىء سىء سىء سىء لاقصي درجة ... وايه موضوع ان الكوفير بفلوس ده ... اول مرة اشوف مطعم بيعمل كدة ... والمكرونة كمية قليل جدا .... و تتبيلة الفراخ واقعة كلها .... و اهمال و حاجة في منتهي السوء و عدم الاهتمام بالعميل
881,great as always 👏🏼
882,الفراخ في المكرونة قليلة و ناشفة و صوص وحش جدا.. حاجة تترمي في الزبالة.. المسقعة زي الفل.. الكفتة نص كيلو ٤ صوابع؟ده اسمه كلام؟
883,اكل جميل وسريع ووصل ساخن . الحمام ممتاز. الحواوشي بردو كويس جدا وكل شيء سخن
884,Very terrible I have to pay 121 for 2 finger chicken horrible will never order again
885,it's not a real chicken it's like cocy
886,كنت طالب استبدال سلطة الطحينة ب سلطة خضراء زي ما باخدها كل مره و محصلش ده و كنت طالب ليمونه مع الشوربه برضو مجتش
887,مع الاسف الشديد مطعم غير نزيه. الجشع طغي عليم و اصبح الغش في الميزان امر طبيعي و لازم ان الزبون يقبل بيه. كيلو الكباب بيجي ٥٥٠- ٦٠٠ جرام فقط لا غير. ده اسمه سرقة
888,الاكل نى
889,Chicken was tasteless
890,الطحينه بايزه
891,الاكل سي و متسخن و بايت و حرام بجد الفلوس اللي اندفعت في مطعم المفروض انه مشهور زي دا
892,السمبوسك و البطاطس عجنوا من السخونه و البخار الفراخ التوابل و الفلفل كان كتير اوووي
893,الاكل جي ساقع
894,طعم الفراخ غريب،الخضار السوتيه مش مظبوط،مافيش معلاق ولا شوك ولا حتى منديل الرز مكانش احسن حاجة الطلب كله كان سئ
895,لايوجد سلطات مع الطلب
896,The bread also wasn’t fresh
897,Nice
898,طالب 2 تلت كباب جابه واحد بس وشكرا
899,👍ggggg
900,كل حاجه ممتازه بس للاسف مكنش فيه معلقه للشوربة لكن الاكل وصل سخن و في ميعادة بجد تحفه
901,ElMenue driver attitude was very bad
902,Size
903,في وجبة شيش طاووق مجتش
904,Wasn’t delivered
905,The courier called me multiple times and the chicken was very oily this time.
906,"Very bad portions, not convenient for the price"
907,Portion very small regarding the prices Food came without any spoon or fork !!!! And if you want you should pay for them!
908,اولا الاوردر وصل من غير العيش اللي انا دافع تمنه بدون اي تنويه انه مفيش عيش مع الاوردر ثانيا الاكل طعمة حقيقي وحش جداً طعم الفويل الردئ اللي ملفوف فيه مخلي الطعم لا يطاق في النهاية سعر الاكل اللي هو ٣٠٠ مقابل الكمية والطعم اديه زيرو من عشرة حسبي الله...
909,The order has basmati rice and I received regular brown rice and the portion was small
910,Bsbs
911,الطيار بيرن جرس الباب مرتين خلال 30 ثانية بالرغم من ردي عليه ، انا يخاطبه بكلمة حضرتك وهو بيقولي احمد ، طلبت عيش بلدي واللي وصلتي عيش لبناني
912,Sent meat shawerma instead of chicken. Abo shakra’s delivery orders are always wrong.
913,Worst delivery from elmenus and came very very very late with the worst attitude and this not the first time to get bad experience fro your delevery agents and the worst customer service ever and seriously i dont know where is the service
914,I don’t receive the cover and pickles
915,الاكل موصلش اصلا
916,Bread was old.. everything else is good but the bread
917,الفراخ كانت جميله جدا . والتوصيل في الميعاد.
918,الاوردر دايما بارد وكمان الجديد بيرفض الاوردر بعد ما يقبله للاسف مجرد اسم
919,Delay
920,هو هما ارسلوا ساندوتش شاورما فراخ مش لحمة بالغلط بس حلو
921,الأكل ممتاز جداً بس بيحاسبونا على المعالق والشوك!!!!!
922,اصابع الفراخ سيئة جدا
923,الاكل سيء جدا البطاطس المقلية نية و بتعض و كمان البطاطس لونها اسود فيها اجزاء متعفنة و الفراخ طعمها وحش جدا حتى الطحينة وحشة اخر مرة اطلب من المكان دا
924,بيكاتا طعمها سيء الفته بالموزه - الطبق كله ارز و قطع صغيره جدا لحم و مش لحم موزه
925,الخدمة والاكل حرفيا مطعم زبالة وحرام يدفع فيه جنيه
926,Order was extremely late.. very poor service
927,الاكل تحفة خاصة الدجاج المشوى على الفحم لكن معجبنيش المكرونة البشاميل صراحة فين فيها صوص الكريمة مفيش ولا علشان ضيفت عليها صوص النابوليتان المفروض يكون صوص الكريمة كتير بالمكرونة تكون جوسى لكن لا عايزة مكرونة كتير اهم حاجة يكون فيها صوص الكريمة كتير ...
928,الاكل كان مسمم
929,اللوردر جه قليل اوي ومفيش شوكه او معلقه ناكل بيها حتي رغم اني مأكده ف كومنت انهم مينسوش المعلقه
930,لم تصلني الحمامة المحشية ووصل بدلا منها فتة كوارع ترقيبا. ومقدرتش اتواصل مع خدمة عملاء الابلكيشن لعطل فيه
931,والله الاتنين شربه عدس اترمو طعمهم مش حلو نهائي
932,"I asked for fries, they got veggies"
933,ممتازة
934,العيش كان بايت ومفرول
935,اسوؤ مطعم ممكن تاكل منه في حياتك
936,"Weight is less than it should, worst taste 🤮"
937,الاكل وحش جدا جدا غير اخر مره تمام للاسف رفعتوا السعر و الجوده صفر
938,البرسيون البط راءع ومستوى كويس مع الخلطة والارز البسمتي حلو جداً
939,اكلهم مش حلو دي تاني مره اطلب دليفري الاكل بيجي لايصلح للاكل. حمضان وعيش ناشف. وفراخ. مش مستويه كويس من الاخر الاكل في المحل احلا من الدلفيري الدلفيري بيجي اوحش حاجه
940,أكلهم حلو بس مره الاوردر جيه ناقص الحلو. أكلهم حلو بس مره الاوردر جيه ناقص الحلو.
941,الاكل جي متاكل الربع فرخه مقطوع
942,"Horrible portions, ordered 1/2 a kilo kofta what I got is literally 1/4 kilo"
943,"Those guys are incapable of making the right delivery when it come to take out. Soup with no chicken, no utensils even after clearly requesting cutlery. 4th time in a row !"
944,التتبيلة باعت الكباب مش قوية لاكن الكفتة مميزة و الشيش تاوك حلو بس مفيش تانية أو طحينة أو اي حاجه
945,slow delivery
946,حاجته مش وحشه بس مش حلوة برضو حاجته مش وحشه بس مش حلوة برضو
947,the veal wasn't done was raw
948,الطعام ممتاز والطيار مهذب لكن نرجو الإهتمام بالمحشي لأنه بيكون مفعص وخصوصا الفلفل وورق العنب
949,They forgot the lamb!
950,الصراحه الاكل مش خلو خالص الحمام كان بايت و مش مستوي كويس خالص و الفرخه كانت ناشفه اوي حتي الخضار السوتيه مش حلو
951,اوحش حواوشى كلته ف حياتى
952,الفرخه بالريش و مش مستويه كويس و التتبيله طعمها مش حلو و صغيره جدا
953,you didn't bring the tahini
954,طلبت ٢ طحينة و ١ سلطة ثومية و المطعم ما بعتهاش
955,الاوردر جه ناقص
956,"The chicken was very spicy, Molokhia had a weird taste. Very disappointing unfortunately"
957,انا مستني باقي الفلوس 60 جنيه من اكتر من نصف ساعه
958,الاوردر اتكنسل مع ان الراجل كان وصل للمكان و بعدين عملت الاوردر تاني عشان استلمه و استلمته، بعدها بشويه جالي الاوردر مره تانيه
959,الاوردر غلط طلبت خضار سوتيه معاه وجالي رز
960,الموزة ممتازة بس الفراخ كانت متتاكلش
961,The portions are very small
962,الحمامه المشوية كانت صغيره جدا وحراقة جدا جدا جدا بشكل غير مقبول في صنف مش المفروض انه حراق، كمية فلفل اسود قطع كبيرة ليه!
963,كل الشكر لموصل الطلب رجل زوق ومحترم
964,wow
965,الفراخ المشويه مفيهاش اي طعم وفيها شطه والطحينه سيئه جدا والحوا شي كويس بس اللحم فيه مش كتير
966,الحساب كان على التطبيق كان تقريبا ١٥٠ حاسبوني على ١٩٠
967,I received cubes of potatoes instead of the french fries
968,كانت اول تجربة للمطعم وشكلها اخر تجربه الحمام كان بارد جدا ومش مستوي كويس واختلاف في السعر النهائي علي عكس السعر اللي كان ظهر ف الابلكيشن
969,الاكل وحش جدا والشوربه ريحتها وحشه وطعمها اوحش والسوتيه مش مستوي وطعمو وحش جدا جدا جدا توبه التعامل معاهم
970,there is too much salt in their food
971,Not cooked properly
972,شكرا على الهدية
973,البطاطس اللى مع الحمام قليلة جدا بالنسبة لوجبة، لكن الحمام كويس، المكرونة البولونيز جيدة جدا
974,عدم وجود شوكة ومنديل مع الاوردر
975,كل الأكل في منتهي السوء.
976,الحواوشي محشي قليل جدا
977,Usually escalope comes 2 pieces from abou shakra. But this time it came one piece
978,الاكل جميل والتتبيلة حلوة كنت بس عايز يكون مع السوتيه مشروم وبروكلي
979,مطعم تعبان و دعم فني فاشل و الاوردر جالي ناقص و الطيار بيكدب بيقوللي جايلك بباقي الاوردر و مجاش و اخر فشل
980,Portions were small
981,the food was spicy as default
982,الشوربة مالحة جدا وكل مرة اطلب طحيني يجيلي بابا غانون ومافيش معالق
983,Not as good as before
984,Promo code didn’t work
985,التغليف سيئ جداا و وصل مفتوح و الفراخ رائحتها و طعمها زفى
986,the pigeon was too small and not good taste
987,كمية الفلفل الاسود في الفراخ المشوية كتيرة جدا و تحرق اللسان
988,كل مرة اطلب طحينة يجيلي بابا عنون
989,كمية الاكل كانت قليلة جدا ده غير ان الدليڤيري طلب ٢٠٠ ج زيادة علي نفس الاكل ولما رفضت ادفع اخد الاوردر ومشي وجيه تاني بعدها بساعة كاملة لما الاكل برد وجلد بصراحه اخر مرة هطلب منهم
990,الحواوشي تقيل اوي بلاش يبقى لحمة ضاني و كتروا البشاميل شوية غير كدة كلوا حلو
991,الاوردر ناقص
992,كانت متغلفة كويس اوي وجت سخنة
993,I asked not to send tahini and bread but i received them
994,portions are little against price
995,Very bad experience
996,الاوردر جيلي غلط واتنصب عليا انا عايزه فلوسي مجليش حاجه اصلا
997,خدمة بشعة
998,ء
999,الاكل حلو اوي بس شوربه الكريمه يقطع الدجاج لم تكن لذيذه
1000,Ok
1001,كنت طالبة سلطة بلدي مع الاكل جالي طحينة بدالها و كنت طالبة رز بالبن جالي مهلبية!!
1002,الكفته ناشفه
1003,"Very small portions as I used a discount, thus this was unhonest behaviour. In addition, packaging was no that good"
1004,كمية الارز محتاجة تزيد
1005,ليه تخلينى اطلب اونلاين وانا واقف جنب المطعم وبتاع خدمة العملاء يرد عليا ويقول مينفعش انى اكل فى المطعم أو اطلب من جوة وهوة موجود على الابليكيشن أنه ينفع
1006,الفراخ المشويه بقت سيئه ورفيعه و جافه بالرغم انها مستكاوي. يبدو انهم بيجيبوا فراخ تعبانه
1007,الفراخ زفره
1008,الطعم سئ
1009,The quality of food wasn’t very good
1010,الزبادي كان بايظ
1011,سئ
1012,That’s not soup That’s just an over salted neighbors
1013,Great
1014,ساندوتش الشاورما صغير جدا جدا والسعر غالي عليه والتوصيل غالي مش هنطلب تاني
1015,طلبت طاجن مسقعه الصراحه وحش جدا و الخضار في مقطع قطع كبيره و كمان البطاطس مكنتش مستويه
1016,اول مره معرفش اكل الفراخ لانها حراقه جدا وفي حاجه غلط للاسف
1017,I never recieved the order they forgot it
1018,للاسف الاسعار مختلفة عن الفرع الرئيسى .. و ايضا الطعم مختلف
1019,اسوأ مطعم مشويات
1020,ده مش مستوي ابو شقرة نوع اللحمة واضح جدا مش بلدي وملح زيادة تجربة سيئة لن تكرر مرة اخري
1021,كالعاده الاكل مش سخن
1022,Very spicy
1023,food wasn’t hot kofta was tastes bad stuffed pigeon wasn’t fresh
1024,للأسف مفيش احترام عشان خصم بسيط على المنيوز ، تبقى الكميات و الجودة اقل ، و انا لن اتعامل مع المطعم تانى سواء معهم مباشرة او عن طريق ابليكشن
1025,الفتة مجتش مع الاوردر
1026,التوصيل والطعام والطيارة ممتازه وشكرا
1027,اكل سئ للغايه و غالي غل فاضي و منصحش حد يجيب منهم
1028,الاكل زى الزفت لدرجت انى رميت الاكل فى الزباله وده مكانه بصراحه الاكل ده مينفعش للانسان ولا لحيوان حتى حاجه زى الخراااااااا 😡😡😡😡
1029,the grilled chicken was full of black pepper
1030,التوصيل أخذ ساعه تقريبا والاكل وصل سائع(بارد)
1031,cool
1032,تمام
1033,المولوخية كانت مالحة جدا
1034,"Bolognese sauce was made with finely chopped Shawerma, not minced beef"
1035,الكيلو المشكل فعلا مش مكمل نص حتى .
1036,Grilled chicken was perfect full of flavor tender and juicy Tahini salad perfect and also the bread
1037,The total was 405 egp they billed us 441.96 egp
1038,اوحش مره اكلت فيها من ابو شقرا الطحينه كانت حامضه و بايظه ًوًالممبار مكانش طازه و هنزل الكلام ده علي ال facebook we twitter
1039,"The item coffer did not come, how am I supposed to eat ??"
1040,يعنى مش معقول الاوردر جي من غير طحينة
1041,clean
1042,Fine
1043,"I realized that I had paid 285 EGP Instead of 185 EGP and while I was trying to find the driver # to contact him, the driver rang the bill to give the 100 back ✌️✌️✌️✌️✌️"
1044,الكميات تضحك بالكتير تكفي طفل ١٠ سنين ٤ قطع شيش و معلقة سلاطه بلادي ب ١٣٠ جنيه مش معقول تمام و اكيد لو الطلب ده في المطعم نفسه كانت الكمية هتكون احسن من الهزار ده
1045,الاكل حلو و فريش، الاكل كله حلو جدا جدا
1046,الطلب وصل متأهر ٢٠ دقيقة و ناقص العيش ..
1047,اسوء اكل علي الاطلاق سبب لينا في تسمم وانا مش هسكت
1048,الفراخ المشوية مقطوعة بالسكينة عشان تبقي الكمية قطعة و ربع بدل ٢. طلبت مساعدة من المنيوز و ادوني تعويض للاوردر الجاي. بس مش عارفة غلطة المطعم ولا المندوب !؟ بس اخر مرة ديلفري من ابو شقرة. الطعم حلو طبعا بس التجربة سيئة
1049,The order was late 30+ mins but the food was great and hot
1050,And baladi salad came wrong
1051,Worst experience ever
1052,اسوأ فراخ مشويه
1053,نسيوا الشوربة وطعم صلصة الفتة كان مش حلو اوي والبطاطس المكعبات كانت ناشفة اوي، الموزة متوسطه
1054,i ordered a meat shawerma and i got a chicken shawerma
1055,اخر مرة الاكل جه من غير ملعقة
1056,I found a fly insect at the food
1057,الاكل ناقص توابل
1058,الأكل كان جميل باستثناء الفلفل الحراق اللى فى السلطة
1059,slightly expensive but worth it
1060,طعم و تغليف سيء للغاية و الطلب وصل بعد ماعاده ب نص ساعه 🕒 حرام عليكوا بوظتة سمعمتكم
1061,الطحينة حمضانه و الاكل بارد و طعمه وحش
1062,سئ جدا شوربة فراخ كريمة كميه قليله طعم مش كويس والتغليف سئ نصها نزل فالكيس ومن غير معلقة وربع فراخ صغير وطعم مش كويس
1063,2 very small pieces of meat and i ordered breast and they delivered thigh
1064,ربع الكفتة قليل جدا .. تقريبا بيوزن الطبق مع الكفتة
1065,تغليف سئ ولم يحضر معالق او ليمون مع الشوربة !
1066,صورة الحمامة المحشية مش زي ما جت البطاطس مش شرائح انها مكعبات و مش مستوية و الطلب وصل بعد ماعاده بنص ساعة 🕒 و المكارونة مش متغلفة صح المفروض الصلصة و اللحمة المفرومة تكون في علبة مش علي المكارونة و ما وضع الجبنة الرومي جودة و طعم الطلب سيئة للغاية
1067,مكنش مستوي
1068,دا بجد تقريبا اسوق طيار اتعاملت معاه قلب الاكل كله حرفيا على بعضه و جه بارد عشان كان اتاخر 30 دقيقة عشان كان بيوصل اوردر تاني و طريقته في الكلام وحشة
1069,"They don't have fries, although it is on the menu and these potato cubes, that they serve instead, were not even cooked through. Escalope Pane was good, but could have been more tender"
1070,الاكل تحفة بس كانت وجبة الشيش توك معه في الصورة ارز بالخلطة لما تطلبتها مفيش أرز
1071,الاكل وحش جدا بطريقه متتوصش والملوخيه بايظه والفراخ المشويه زفره جدا بصراحه مستغربه ازاى ابو شقره كده فعلا الاكل اترمى منصحش بيه نهائي
1072,الأكل من غير معالق لأن المعالق طلعت بفلوس وأنا معرفش وكلت بايدي حسبي الله ونعم الوكيل
1073,الفراخ كانت احجامها مش متساوية قطعة من التلاتة جت زفرة على عكس الاتنين التانين الصراحة الرز كان مش واضع هو رز صيادية او رز بالمكسرات عشان فيه زبيب و محطوطله كمون كتير اوي
1074,"One of the worst meals that I’ve ever tried on this app. Tahini was old and rotten, tasted terrible and even the chicken had a weird taste, definitely not charcoal grilled and dry as hell, everything was soaking in oil too. Really bad experience. Wil..."
1075,الكمية مش زى كل مرة
1076,شكرا ابو شقرة على الهدية.
1077,-البطاطس مع الفراخ سيئة -السلطة اليونانى منغير تتبيلة والزيتون الاخضر غير متناسق مع السلطة
1078,الطحينه حامضه
1079,الاوردر جه متاخر و غلط بدلوا اطباق ب اطباق تانيه بدون الرجوع ليا
1080,سء الاكل بارد جدا والأرز وحش حقيقي وكمان الكميه قليله جدا مقابل السعر
1081,"The order came without rice , in the picture there is a rice"
1082,"It was the first time I tried OM ALI and it tasted so delicious, hot and fresh. I highly recommend it. If the sweets tasted so good, I now wonder how the food will taste like at this restaurant, my next order will a barbeque meal from this restaurant"
1083,الكباب كان وحش
1084,the order wasn't delivered
1085,weak fork easily broken wrong salad type
1086,الطحينه طعمها محمض شوية .....والتتبيله بتاعة الفراخ ضعيفه
1087,Too salty
1088,الاكل قليل جدا وطعم الرز سئ حقيقي بجد شهره ع الفاضي في أماكن تاني طعمها احلي والكميه مناسبه وبنفس السعر تقريبا
1089,جاتلى نزلة معوية منه
1090,I asked for vegetables with the chicken and not rice.
1091,I ordered rice and paid for it but it didn't come with the order
1092,الباباغنوج حامض🥺
1093,ناقص حاجتين الباكيدجينج يتحسن و العيش والسلطات والشوك والسكاكين والملح والفلفل اصل عيب يعني الاكل يجي معاه رغيف واحد
1094,المكرونة مش مستوية الضلمة مش طازة المطلوب سلطة بلدى مع الفراخ المشوية - السلطة جت طحينة الفراخ المطلوب تسوية جيدة - الطلب جه مش مستوى كويس
1095,الاوردر جالى ناقص
1096,bad packing and no spoons but taste was good
1097,الاكل مش زي ما متعوده الرز مش حلو خالص ومش فيه غير حته كبده وطعمه مش احلي حاجه وسلطه الطحينه كانت بتبقي احلي حاجه عندهم والاكل جاي من غير شوك ولا معالق المستوي بقي وحش جداا
1098,تحفففففه
1099,الفراخ كانت حلوه جدا وتسويتها كانت مضبوطه اوى والتاتبيله تحفه. شكرا ابوشقره
1100,Wrong order pls change it
1101,low level marinated grilled chicken.
1102,طلبت ربع كفتة وزتها طلعت 120 جرام
1103,"under cooked, extra salted grilled chicken = too bad taste + late delivery = A WASTE"
1104,الاكل حلو في حجات وحجات بس بمعني الكلمه عينات تقريبا نص الاكل الي ممكن تطلبه من مكان تاني فخد بالك وانت بتطلب اطلب كتير بس هتدفع كتييير
1105,الارز واضح في المنيو انو بالخلطه وجه ساده ومفيش اي سلطات جو استعباط اوي
1106,Thanks
1107,"Late delivery, the food was cold and no utensils The driver didn’t know the price after the promo code"
1108,chicken is very delicious but rice amount (ordered separately) is very small.
1109,the order is not as expected at all. لو فيه اقل من نجمه كنت حطيت.الكفته زفره والعيش بايت.والطلب ناقص.لن اطلب مره اخري
1110,the order price higher than the application .It is not well served.
1111,The cash invoice is higher than the prices in the application when I ordered !!
1112,Excellent as usual
1113,Very small
1114,نص كيلو الكفته اربع صوابع كفته
1115,الفراخ المشوية حقيقي طعمها جميل آوي و مختلف و كمية حلوه و الرز معاها تحفه بس السجق بدبس الرمان كان سئ للأسف كنت بتمنى يكون حلو بعد ما سمعت عنه بس كان سئ خالص
1116,الفراخ مكانتش مستوية كويس
1117,رووووعه
1118,الاكل وصل من غير سيرفس
1119,غير الجلد ال بالشغر و بواقي الريش ده ، لحم صدر البط كان الا حد ما زفر علي غير العاده و ال شفعلي اني اكل اني غرقتها في الملوخيه عشان ابلع و محسش بالحاجات دي استغفر الله العظيم ، كلت بط من عندكوا مرتين جميل و لكن هذه المره خاب ظني جدا و هاجي الفرع اعم...
1120,جلد البط كان بشعره ، مش متنظف كويس ، كنت هرجع ، و عشان الشيف يخبيه حط صوص ديميجلاس علي غير العاده ، دي ثالث مره اطلب البط من عندكوا مرتين كوبس و من غير صوص و المره دي للاسف خاب ظني و قرفت منكوا
1121,tahina was ruined
1122,انهارده الاكل كان سخن جدا والطعم حلو قوي والبط زي العسل. شكرا يا ابو شقرة وشكرا للدليفري.
1123,ملح كتير علي الستيك سلطة بابا غنوج بدل الطحينية الستيك حلو و مستوي البطاطس مش فرنش فرايز
1124,كمية المكرونة غير كافية و الصوص خفيف جدا
1125,"I got positioned after eating and much pain in my stomach, do not recommend any one to try"
1126,تتبيلة الفراخ ضعيفة جدااا والملح قليل اوي ماعحيتنيش خاالص
1127,One of the the best you can eat in egypt clean food and Delicious من اجود الاماكن الاكل خطير
1128,"We all got food poisoning, totally unacceptable and this has to be checked with the restaurant"
1129,A lot of pepper in the food
1130,الاكل وصل بارد
1131,Perfect
1132,Taste not as expected :(((((
1133,الاوردر جيه غلط ولما طلبت ارجعه او اغيره قالولي الفرع قفل مع ان الكول سنتر بلغني انه شغال لحد الساعة ١ص ولما وصلت لحد من الشكاوى بلغني اني اقدر اتصل الصبح و ارجع الاوردر لان الفرع قفل، ولما عملت كدة قالولي محدش قالك كدة وانتي اصلا متصلتيش امبارح وفضل...
1134,الوزن ناقص، انا طدبت كيلو كباب و كفته بعتولي ٧٦٠ جرام فقط الملوخية ساقعة و بدون ملعقة اوردر السلاطات غلط انا صدمت في حجم الاكل و انا بافتح الشنطه
1135,اسكن بالمعادي من 45 عام ابو شقرة مستواه انخفض كثير جدا لن اتعامل معه ثانيا
1136,مجاش اصلا
1137,There was a couple of stuff missing from the order
1138,الطعام كان جيد جدا ولكن الفراخ البانيه كانت بها رائحة زفارة بسيطة
1139,Meat was not cooked properly
1140,الشيش طاووق بايت و ناشف و سىء جدا جدا
1141,الفراخ المشوية كان مخطوط عليها فلفل اسود كتير جدا
1142,تحفه المندوب محترم جدا
1143,الفاتورة اللى بتيجى مع الاوردر اكتر من القيمة اللى جاتلى من ال menue بأكتر من ٤٢ جنية و لما قولت لبتاع الدليفرى قالى شيل ٣٠ جنية فكدة يبقى اغلى بردة ١٢ جنية قالى ما أعرفش هو كدة
1144,الكميه قليله و المبلغ كبير لكن التوصيل تمام
1145,الأكل كان بايت بقاله شهر تقريبًا، يعني مش طازج.
1146,الفراخ كانت ناشفه
1147,الأكل جميل بس بارد
1148,مكرونة الدجاج سىء للغاية
1149,الاورد جاي ناقص
1150,كميه الرز قليله جدا والفراخ كانت نيه
1151,الطلب وصل ناقص وخدمة العملاء مفيش تواصل ولا تعرف ترجع حقك، يمكن الطعم مقبول لكن انك متعرفش تتواصل ترجع حقك ده مش مقبول
1152,Taste less molokhya and fatta and extremely cold
1153,بس مش ز ي زمان
1154,الكفتة وحشة جدا. مينفعش تتاكل
1155,الكباب كان بشع وني بمعنى الكلمة مع اني كنت كاتبه عايزاه مستوى زيادة كان كاوتش
1156,it was too spicy.
1157,الليان عصفور كويس .. الكفتة مالحة جدا وبستغرب واحد زي ابو شقرة وغالي ويطلع كفتة بالمنظر ده .. الرز المعمر اسوا رز معمر كلته ف حياتي ناشف وملوش طعم غير اني باكل رز مالح وممشش تجربة سيئة اخرى من مطعم ابوشقرة
1158,الاوردر جه مختلف عن اللي طلبته، بارد رغم أنه وصل في المعاد، الطعم مكنش جيد وغير المتوقع.
1159,كالعاده مافيش مراجعة للطلب
1160,M
1161,kofta is good kabab is not soft meat there is no wipes and finally the cost is different than calculated in the application
1162,مش ده طعم ابو شقرة ابدا😠☹️
1163,انا طالبه الاكل يجيلى الساعه 6 وربع الاكل جه بدرى جدا عن معادة، وانا عاوزاه على الفطار
1164,حاجة فوق منتهى السوء، الاكل جه بارد، الرز بتاع المحشي ني، الفراخ فيها دم، والاكل كله ملوش طعم. بجد عيب
1165,وصلت قبل الميعاد الفطار بساعه ونصف
1166,الكميات قليله جداً جداً بالنسبه للسعر و الوزن غير مظبوط
1167,الاكل وصل قبل الفاطار بنصف ساعة والكميات قليله جدا
1168,Everything was good.
1169,Missing item which I paid for
1170,الاكل كان مش سخن و الكميه غير كافيه
1171,الاكل مقبول ،بس السلطة بايظة
1172,تعبئة وحشة جودة سيئة كميات قليلة ناقص يرموا الاكل في وشنا
1173,الاكل سيئ جدا جدا
1174,اوحش اوردر استلمتوا وانتحال شخصية مدير فرع عشان تبعتو اوردر تاني ومافيش حد بعت حاجة
1175,طلبت مشكل اكسترا جالي طلب غريب والمفروض نوعين سلطه وعيش مجاش حاجه الكميه مش نص مشكل خالص بتستغلوا رمضان وان الطلب جه وقت فطار ومفيش وقت اتصل او اتواصل معاكم او ارجع الاوردار
1176,طلبت وجبة ريش مع فريك جالي رز ده اللي هو ازاي يعنيي و انتوا اسعاركم غالية اصلاااااااا تجربة زي القرف
1177,The worst order i git from abou shakra the taste was really very bad
1178,rice was missing and speaking with customer chat is a nightmare it takes forever
1179,"The food is delicious, but please, seal your packages more firmly because the order reached me leaking from every corner."
1180,سيئ جدا
1181,Baked rice is amazing very creamy. Grilled chicken is very good quality but small.
1182,Food is very bad
1183,الاكل طعمه كويس بس للاسف مكنش فيه معلقة اكل بيها الرز والسلطة
1184,مكنش سخن
1185,The pigeon was literally bones!!!!! No meat!
1186,هو حجم البيتي بأن في الشاورما مختلف عن البيتي بأن في الدجاج بانيه
1187,Everything was good but not real warm.
1188,المشويات لطيفة المحاشي ضعيفة او اقل من متوسطة الملوخية ناقصة الطشة
1189,اللحوم سيئه جدا خاصه الحواشي كله جلد وباقي عصب
1190,الاكل جه جميل وسخن وطعمه حلو شكراً بجد 😍😍😍
1191,chicken is not well cooked
1192,"The portion is always a lot less than whatever order, 1/2 kilo Lamb kofta is a lot less"
1193,Cold soup and molokhiya Overcooked kofta
1194,الوجبة وصلت ناقصة الأرز
1195,الفراخ زفرة!!!!
1196,الاكل بارد جدا الاوردر جاي بعد ميعاده بساعه
1197,Wrong sandwich
1198,شوربة الخضار كانت سبايسي بكثير من الفلفل لا تتناسب مع الغرض منها و شوربة كانت كثيرة الملح جدا و لم اتمكن من شربها... برجاء مراعاة ما سبق و شكرا جزيلا
1199,perfect. thanks
1200,الملوخية سيئة جدااااااااااا وباردة
1201,"I ordered grilled chicken yesterday, and the chicken was not clean and full of blood inside! Also the fatoush was tasteless as they added few of its sauces! The quality of food was really bad"
1202,المره دي رائع
1203,المكرونة جت غلط
1204,وصلني الأكل بارد والشاورمة فراخ مش لحمة
1205,"Very late delivery (2 hours+), no apologies on delay, cold food. I won’t order again from this place."
1206,"no salad served, i ordered beetroot but came nothing"
1207,حواوشي سئ و حمام سئ لا يمكن اكرر التجربه
1208,يعني ايه ٢٢ طبق اكل مفيش معاه ملعقة او شوكة واحدة بس
1209,quality of meat
1210,shish toawouk was not good.
1211,O
1212,"I ordered sautee as sides , they got rice"
1213,مش حلو خالص مش مستزى أبو شقره خالص للأسف مطاعم أقل منه أفضل بكتير
1214,الاكل وحش جدا جدا جدا جدا
1215,"low quality, poor taste"
1216,الاكل طعمه جميل جدا...ياريت تزودوا كمية الأرز
1217,for some reason every time I order sandwiches through the app the quality of the food is sooo poor than ordering directly through abu shakra's hotline حاجه مش معقوله انه مطعم كبير زي ابو شقرا تكون كل sandwich الشاورما خضار من غير طعم
1218,الفته حلوه جداااا الموزه ما تأكلش عيل صغير
1219,من سوء الاوردر مافيش كلام يتقال غير ان للاسف فرع مقرف و غلطة التعامل معاهم مش هتتكرر !
1220,البطاطس نيه من جوة ومحروقة من بره والشيش طعم الفراخ مش طازة خالص
1221,طلبت سفن وصل بيبسي!! .. و الفرايد مكعبات!!
1222,الكفته كانت بردة
1223,the salad didnt have any croutons and no caesar sauce received
1224,اسوء اوردر جالى الرز مقلوب ربع الكباب و الكفته قطعتين بالعدد
1225,حضر بدون ملاعق
1226,أولا آكل بارد - ثانيه مفيش طعم والفراخ تحس نها بيتها ازي العيش البايت تجربة سئ جدا من مطعم ابو شفرة المطعم اسم فقط لا غير مفش ابو شقرة تاني من اليوم تجربة سئ جدا من مطعم ابو شقرة انصح صاحبي في شركه لا تجربو هذا
1227,اوحش ام علي اكلتها ف حياتي دي مش ام علي دي حاجه معجنه سمبوسك غاليه وحاطين 3 قطع بس وبطاطس كتير بدل السمبوسك
1228,the cream chicken soup is not with vegetables and herbs !!
1229,الطلب بدون ملعقه وهذا شيء سيء جداً
1230,One item missing
1231,الكميه صغيره جدا
1232,الحواوشي مفروض اربع سندويتشات وصلي اوردر ٣ و اوردر ٤ اعتقد الدليفيري فتح الاوردر الدليفيري مش لابس كمامة السندويتشات مش مقفولة كويس اسوأ اوردر علي الاطلاق
1233,الطواجن صغيره جدا على سعرها أم علي مالهاش أي طعم
1234,The order arrived at after 2:15 hours
1235,مكرونة ناشفة قديمة مالحة لا يليق بالمطعم خروجها منه
1236,غير نظيفة وغير مستوية
1237,ليه الاكل يجي من غير كوفر شوكة و معلقه وانا فالشغل اكل بأيه يعني !!!!
1238,مفروض فيه خصم 30 ج متعملش دة نصب
1239,الكباب البتلو كان ني وجامد.
1240,Taste
1241,الاساكالوب طعمه كان وحش جدا و التندورى تشيكن مفيهاش طعم التندورى، كانت شيش طاووق عادى جدا و التشيكن فينجرز كان فيها طعم غريب
1242,الحمام حلو جدا البانية ٣ قطع المفروض نصف كيلو ب٧٧ جنية وطعمه سئ جدا والمكرونة اسوء
1243,Food not fresh at alllllll! Very bad quality!
1244,الكميات كمان قليلة جدا النص كيلو كأنه ربع
1245,الأكل كان بارد جدا وطعمه كأنه بايت مش لسه معمول والطحينة مليانة خل
1246,الشوربه فيها صرصار
1247,الفراخ طعمها وحش جدا
1248,إتأخر عن الوقت المفروض الحمام المشوي كان بايت جابولي بابا غنوج بدل الطحينه
1249,الطلب وصل علي العشاء و كنا صايمين اخد ٣ ساعات
1250,تأخير فى المواعيد جداااااا ودلفرى اسوبه سئ جداااااا وتم رفض الاردر اختاروا الناس بتاعتكم
1251,the order was missing the salad and the bread should be with the grilled chicken .
1252,الاكل كان حلو اوووى الكباب جوسى مش ناشف وفنفس الوقت مستوى كويس وام على كانت حكاااايه متوقعتش تبقى حلوه اوى كدا
1253,I recieved only 1 soup
1254,الاكل بارد جدًا والمكس جريل سيئ جدًا
1255,احلي حمام باكله من ابو شقرة
1256,the dish wasn't as described and arrived very late
1257,علبة طحينة واحدة فقط !!!!!!!!! و لا يوجد شوك و معالق بلاستيك
1258,تاخر في قبول الطلب
1259,الباميه ناقصه
1260,كميه الكفته قليله جدا ومش عارفة بجد اذا كان نص كيلو ولا ربع وازاي نص كيلو كفته عليه واحده سلطه ولا فيهً منديل ولا شوكه
1261,"Good chicken, but Baba Ghanoug tasted old and ""special bread"" is just a small baladi for 2 pounds"
1262,نفس المشكله حصلت. وهي ان الحساب مع الطيار اكتر ب ١٠ جنيه عن توتال الحساب هنا في المنيوز !
1263,انا كنت طالبة شوربة خضار وصلت مدلوقة، الطبق بتاعها كرتون و طبعا باش و ماكنش محكم الغلق. و طلبت نص فرخة مشوية نصها محروق و ناشف.
1264,Fresh food 👍👍
1265,the mix appetizers so small!!! it's expensive for it's size and the grilled chicken with salad comes with no salad
1266,Portions very small compared to kgs supposed
1267,ممتاز بجدارة الاكل راءع
1268,excellent but no plastic spoons or forks
1269,كميات قليله وناقص الرز الجانبى مع الفراخ مش عارفه ازاى مع انها ميل
1270,Too salty kofta
1271,اسوء اكل اكلته من سنين طعم سىء
1272,missing an item
1273,الاكل متأخر ساعه و نص و جاى متلج و حاجه تقرف
1274,مفيش سلطات ولا عيش مع الاكل.
1275,بعد ما جه بعد ساعتين جه بارد اوي اوي اوي اوي و طعمه وحش تجربه سيئه جدا منصحس نطلب من ابو شقرا ديلفري
1276,الدليفرى جاى بدون كمامة، والاكل جاى بارد جدا جدا وبدون napkins ولا شوكة ولا معلقة ولا سكينة ولا منديل واحد حتى! تجربة سيئة للغاية ومش هطلب تانى آسف جدا جداا..
1277,الشوربه فيها شعرة وتقريبا قطعين دجاج فقط صغيرين والباقى كريمه و الكباب فى شعرة و الاكل اتأخر و بارد .. بصراحه حاجه تضايق
1278,طلبت وجبة ٣ قطع دجاج جت ٢ و ناقص طلب نص كيلو كباب و كفتة ده شغل نصب و قذارة
1279,المبارك غير موجود
1280,I ordered molokhia with meat and got plain molokhia
1281,The order on the screen shows that am getting grilled chicken and rice but i only got chicken without rice. I called the restaurant and they said this is an issue with elmenus app as my order doesn’t come with rice unlike what is showing on the appli...
1282,Missing tehina and fries
1283,اسوء مواعيد
1284,Chicken wasn’t well grilled
1285,زيت البطاطس سيء
1286,الشوربه شويه قوي مفروض يزودو شويه والرز كمان والاوردر اتاخر يمكن ساعة
1287,الاكل نظيف ولذيذ بس الكميه قليله اوي مقابل المبلغ ام علي جاتني بعلبه بلستك كميتها اكبر من علبه المكرونه بشمل
1288,لايوجد خلز ولا معلقة و لا شوكة !!
1289,الكميات قليلة جدا
1290,مطعم سيء جداً وآخر مرة اطلب منو
1291,The order was missing one fries and received pepsi instead of mirinda
1292,تم ارسال الطلب مقابل سعر دون اجراء الخصم رغم ظهور الخصم عند الطلب والتأكيد عليه ..وعند المطالبة برد الفرق تم الوعد باضافته للاوردر القادم ...فماذا لو لم أطلب أوردر اخر !؟؟؟؟؟؟
1293,cold fattah
1294,I delivered wrong order
1295,الاوردر خطأ و المطعم متواصلش معايا ولا المنيوس، آخر مره حطلب من المطعم و المينيوس
1296,👍🏼
1297,لطيف
1298,الكباب في المكس جريل مكنش مستوي كويس. كان صعب المضغ
1299,الاوردر اتأخر اكتر من ٤٠ دقيقه عن الموعد المتفث عليه
1300,عدم وجود الملاعق
1301,انا طلبت ٢ بانيه مع سباجيتى...ال ٢ جايين مع رز
1302,طبق الكفتة 2 صباع فقط بالطبق مع كمية خضار سوتيه الكمية قليله مقابل السعر 98
1303,I didn’t receive the order it was very late
1304,ربع كيلو كباب فيها حته واحده صغيره اوي لحمة ازاي يعني
1305,وجبه الشيش طاووق لم يتم تقديم بطاطس معها كما هو موضح بصوره الطلب الموجوده علي الصفحه
1306,Late and cold
1307,الاكل جيد ولكن لا يوجد سرفيس مع الاكل
1308,الدجاج غير مستوية والعيش منتهي الصلاحية
1309,معلقه
1310,Got beef sambosak instead of the cheese sambosak
1311,The grilled chicken is very delicious. The plain fattah isn't bad at all.
1312,الفراخ وحشه جدا جدا توابل كتيره جدا و كمان مش مستويه من جوه خالص
1313,The sandwich was smaller than expected
1314,i almost threw up.
1315,الكمية قليلة جدا طعم الاكل عادى جدا تم طلب وضع صلصة كتير على المكرونة لكنهم لم يستجيبو تم طلب سلطة خضراء مع الفراخ و لكن بدلوها بطحينو
1316,تجربة سيئة للغاية الاكل قليل جداً بالنسبة للسعر الغالي والمفروض انى طلبت طواجن جاية أطباق صغيرة جداً ماتكفيش حتى فرد والاسباجيتي السادة جاية من غير صلصة عشان مش بولينيز
1317,تحربة سيئة للغاية الاكل قليل جداً بالنسبة للسعر الغالي والمفروض انى طلبت طواجن جاية أطباق صغيرة جداً ماتكفيش حتى فرد والاسباجيتي السادة جاية من غير صلصة عشان مش بولينيز
1318,تجربة سيئة للغاية الأكل قليل جداً على سعره والمفروض إني طلبت طواجن اللى جالى أطباق صغيرة جداً والاسباجيتى السادة جاية من غير صلصة عشان مش بولنيز
1319,الاكل قليل جدا على وجبة لشخص ب ١٠٠ جنية والمكرونة غرقانة توم
1320,chicken was under cooked and had no taste
1321,طاجن ورق عنب بالكوارع حاجة كده سيئة جدا طعم وشكل ولا فيه قطعة كوارع تقريبا
1322,اوردر ناقص وواخد تمنه كامل الكميات قليلة جدا وبارد تجربة مش هتكرر
1323,الحواوشى مش قد كدة
1324,❤️
1325,حلو كتير
1326,الاوردر وصل ناقص
1327,سئ جدا ، تاخير ، طلب خاطئ ، طعم مش حلو
1328,البيكاتا مش مستويه كويس
1329,الدليفري او المطعم نسي يضع العيش . شكرا.
1330,المنزل قريب من ابوشقرة، والديلفري كلمني وقالي حناخذ ٢٠ جنيه زيادة عشان مش في zoneبتاعي
1331,It surely can’t get any worse than this Everything spilled nothing fresh Knuckles soup was super spicy and salty Grapes vines Knuckles was terrible super dry vines and no knuckle only bones and white fats NEVER AGAIN
1332,Chicken was undercooked
1333,شوربة الكوارع حلوة بس يا ريت تزود فيها كوارع اكتر قطع اكتر شويه
1334,The chicken was not cooked well and tasted bad
1335,شربة العدس خفيفه.!
1336,الشيش غير طازة بالمرة تجربة سيئة للاسف
1337,الاكل وصل بارد جداا وسيء
1338,The food was rotten and disgusting
1339,ملوخيه وصلت مدلوقه غير كده كله كان معقول
1340,not well done grilled !
1341,الاكل كان بارد
1342,الاوردر جيه بدون اي معالق او كوفر او اي حاجة يتاكل بيها
1343,الطلب كان نص كيلو و الي وصل 270 جرام حرفيا علي ميزان اكل
1344,The white rice tasted and smelled old and was sticky. The rest of the order was good.
1345,فرع التجمع مش بيهتم بالتغليف خالص واستخسار مش طبيعى . ينفع ابقى طالبه طاجن معمر يفضيه ويحطهولى فى علبه كرتون عشان مستخسر الطاجن . ولما اطلب ٢ نص فرخه يحطهم فى علبه واحده . على فكره كل دى حاجات مش مكلفه وخصوصا ان المطعم مش رخيص
1346,باردة
1347,داوود باشا نص نص
1348,الطلب وصل ناقص عدد ٣ سلطة.
1349,shish tawook did not come with rice
1350,"One of the worst experiences I have ever had . SMALL portions with OVERPRICE , since I have ordered baked rice with boneless pigeon ; there is almost no pigeon as well !!"
1351,بس نسيتو تضعو مناديل والملاعق ذي كل مرة
1352,الاوردر غالي جدا يعني اي وجبه كفته ب 97ج عباره عن صباعين
1353,"the order arrived missing, we ordered 2 pcs chicken breast and only got one. we ordered side of rice and we didn't get it at all. the order was wrapped and closed with cling film and they said that the driver of el menus took the food!!! anw the a..."
1354,كنت طالب نصين فراخ واحده ممتازه و طازه جدا و النص التاني سيدئه جدا جدا جدا زي ما تكون بايته و متسخنه عيب علي ابو شقره يطلع منه الكلام ده
1355,الكباب كان ناشف
1356,الأوردر ناقص في الأوزان
1357,الاكل كان حلو جداً و وصل في اقل من 30 دقيقة لكن الطحينة كانت منتهية الصلاحية
1358,كميه قليله
1359,Pigeon was not tasty
1360,الحواوشي بجد ميتكلش وحش جدا والبشاميل والحمام كله وحشة جدا بجد
1361,طعم و جودة ممتازين
1362,الاكل اخد حوالي ساعة و 45 دقيقة علشان يوصل كمان وصل من غير سلطات
1363,الاكل بارد و جيه متاخر و الباكجينج سئ
1364,الاكل كان بارد ياريت دايما يكون الاكل سخن جدا
1365,الموزة كانت زفرة جدا واقل من التوقع بكتير
1366,الفته بالموزه .. ليس لها علاقه بالموزه شرايح لحمه ولا شاورمه الفراخ 😑
1367,They don’t send cutlery with the food!
1368,small portions only
1369,The order is missing the rice
1370,طلبت نص كيلو مشكل كباب وكفتة وبعتلي علبة صغيرة جداً جواها ميكملش تلت كيلو كباب وكفتة جوة كيس من كتر ما هو صغير اتلخبطت وافتكرته أوردر دواء من الصيدلية.. ويا ريتني دافع قليل، ده انا دافع 160 جنيه بعد الخصم
1371,"not willing to change an order that is incorrect, dont care about customers just terrible"
1372,متاااااااز مممتااااز متاز هايل روعة نظيف ممتااااااااااا ز رائع جميل
1373,جايب عينات من الاكل ومقابل سعر غالي
1374,Wrong order !!! Bad & worst application !!! El order koloooo wrong بجد اسوء تجربه bad experience bad support !! No support asln
1375,They missed a note that I’ve left to them
1376,The food was cold
1377,Small portion ..... 1/2 kilo kofta is 4 pieces
1378,Missing items!
1379,very good
1380,الفتة لم تحتوي علي موزة بل لحمة باردة مقطعة شرايح العيش المخصوص الطازج المعروف لابو شقرة تم استبداله بعيش بلدي عادي جدا دا غير التأخير
1381,"I repeatedly have delivery problems from this restaurant, and the driver was very rude and tried to overcharge me."
1382,الاكل تحفة ومش متعب خالص والسعر مناسب جدا الخضار السوتيه بس اللى كان مش مستوى كويس بس غير كده وجبة الفراخ المشوية حلوة جدا
1383,order received was not the same ordered and poor quality....will not order Again
1384,Food was great but order was incomplete. please make sure to serve everything ordered.
1385,جيد ولكن كان ينقصه اضافة بعض الأرز
1386,Very bad taste. Salty and not good at all. I didn’t enjoy my food. Expensive for nothing .. literally nothing at all. Hawawshi is very very bad I didn’t even take two bites.. too much spices as if they are hiding the quality of the meat. .. no sala...
1387,الاوردر سيء سيء سيء جدا جدا جدا ومتاخر جدا جدا
1388,High. Quality
1389,very tasty 😋
1390,The milk pudding came without any nuts 🤷‍♂️
1391,الاكل رائع والطيار وصل قبل ميعاده٠٠وكان محترم جدا
1392,الاكل بارد
1393,بصراحه تاخير اوفر
1394,الكفته ناشفه و الاكل بارد
1395,الأرز وحش قوي والبطاطس اوحش
1396,Everything perfect specially the delivery man
1397,كل شئ رائع
1398,رفضت الاورد بسبب التأخير
1399,الاكل كان بارد جدا والدليفري مكانش سريع اعتقد انه كان عنده اوردرات تانيه وجه والأكل بارد جدا.
1400,طلبت كيلو جالي نص كيلو
1401,Stay away from this place- not clean & no taste V disappointed as this was once a good restaurant Review based on several orders at different times
1402,٣ صارصير ف الكباب و الكفته و ام علي حسبي لله و نعمه الوكيل
1403,الكمية قليلة جدا بالنسبة لاني طالب نصف كيلو
1404,للأسف تجربه مش هتكرر اسعار مبالغ فيها وطعم تحت الصفر حقيقي خساره فيكم نجمه وحده حتي🤮
1405,عادي مكانش متميز... المحشي مش وحش و مش حلو.... الفراخ حلوة.... المكس جريل عادي بردة.و الحمام عادي و الممبار وحش الرز كان طالع من الفريز تقريبا فا مكسر... هوا مش وحش بس غالي علي الكوالتي بتاعتى..
1406,مفيش شوك ولا معالق
1407,"The driver is fast , polite , and so professional Thank you"
1408,مفيش معالق
1409,"it just took longer time than the expected but received hot , so thanks"
1410,Very cold food
1411,الفراخ مش مطهيه كويس
1412,الفراخ كانت بارده جدا .. وده غير المعتاد منهم
1413,Was very cold
1414,بجد كسفتوني قدام الضيوف. الأكل قليل جدا جدا جدا وجاي متأخر جدا مع إني دافعالكوا حقكوا والله!! البط جاي وحرفيا ميكملش معلقة رز واحدة تحته. بجد كسفتوني واخر مرة هتعامل معاكوا كانت غلطة ده لو ماكدونالدز كان نصفني عنكم اخس بجد!!!!! 😠😡
1415,الاسكالوب ممكن يبقي احسن من كده
1416,المحشى معجن و المسقعة كلها بصل ، و الباذنجان مش مستوى
1417,المكرونه مش طعمها حلو زي المرة اللي فاتت وبعدين كانت باردة مش سخنة
1418,not complete
1419,الحمام نى مبقاش زى زمان خالص
1420,طالب خضار سوتيه و جالي مكانه رز
1421,grilled chicken was very good but vegetables was so bad
1422,لم يصلني مع الطلب طبقي الخضار سوتيه المطلوبين .. ولم اعرف السبب.
1423,الطلب وصل متاخر ساعه عن المعاد المحدد واخدوا مني 10ج زياده عن الي حددهولي مينيوز ومفيش ولا رقم ليهم بيرد بس الاكل كان طعمه حلو والكميه كفايه
1424,للاسف كنت طالب خضار سوتيه و بطاطس محمرة مع الحمام اللى اتبعتلى بطاطس متفهمش مسلوقة ولا محمرة و مفيش اى خضار مع الحمام
1425,الاكل مش متبل زي المرات السابقة ليه كان بيبقي متميز بس للاسف الجودة المرة دي سيئة
1426,البطاطس المحمرة طرية وغير جيدة ...باقي الوجبة طيبة
1427,الحمام زفر والرز ني وتجربه سيئه جدا
1428,I haven’t got the whole order and missing half the order. Elmenus called and told me will be deliver but nothing
1429,The order was fast and food was cold
1430,عايزين الاكل يجي سخن جدا بقالكم كذا مرة الاكل يخرج من المطعم دافي بس
1431,سئ وزفارة الضاني باينة بشكل عجيب والكمية قليلة ومنبسطش دافع ٥٢٠ جنيه وبقول يارتني ما طلبت .. ابو شقرة فى النازل
1432,The food was delicious but not with no salad.The driver was professional.
1433,great experience 🤩😍
1434,الاكل كان بارد وفي ربع فرخة ماكانش مستوي بما فيه الكفاية
1435,اولا الاكل كان بارد جدا والخضار السوتيه مش مستوى كويس والكمية مش كويسه خالص اول واخر مره ان شاء الله
1436,الكميه كانت غير كافية
1437,أبو شقرا ده عامل زي الراجل الغني بس بخيل أوي إبقى حط معلقه بلاستيك يا راجل توحد ربنا
1438,أسوأ فراخ مشوية أكلتها في حياتي . و السعر مبالغ فيه .. بجد مش فاهم ايه سبب شهرته
1439,الاكل حلو اوي
1440,بالرغم من التوصيل كان سريع جدا وشكرا له الا ان الاكل جه دافي وبارد مش سخن جدا
1441,سيء جدا
1442,اسعاره غاليه شويتين مع ان الاكل عادى ومش مميز
1443,g
1444,طلبت ربعين منفصلين والطلب وصل علي بعضة وبدون بطاطس وهو ف المنيو كان معاه بطاطس
1445,الاكل جاي ناقص و من غير شوكه و لا معلقه و الرز ني ، اسوء اكل
1446,Food was great but portions are pretty small
1447,المكرونة الباشاميل كانت سيئة جدا: سايحة على بعضها و من غير وش و من غير باشاميل! و حطوا بداله صوص سبايسي سيء. و غير كدة الطلبين كان المفروض معاهم خبز بالثوم، ما جاش!! آخر مرة نطلب من عند أبو شقرة.
1448,نصيحه حقول فيها اللي ليهم واللي عليهم .. قبل ما تطلب لازم تعرف باختصار انهم شاريين اسم وصيت بس لكن الجودة والمستوى عادي جدا لا يناسب الأسعار والكميات القليلة اللي حطنها .. الموظفين عالتليفون في منتهى الذوق وناس بتراعي شغلها لما حصلي مشكلة تأخير كا...
1449,The food was great but please make sure to separate the desserts in a separate bag please💐
1450,وصلنى نص فرخة مش نص كفته
1451,اللحمه الي ف الحووشي مش مستويه والشوربه فيها قطعتين فرخه بالضبط! واسلوب الطيار مش حلو خالص مش معايا فكه ويقولي انا كمان مش معايا فكه اعملك ايه يعني؟!
1452,The meet was almost medium raw! I had to recook the meet to be able to chew it! Horrible experience
1453,it was cold!!
1454,"The bread was VERY VERY dry, soup was a little clumpy"
1455,الاكل كان بارد مع ان الدليفري كان سريع جدا. شكرا. دائما نريد الاكل ساخن جدا. شكرا.
1456,الفراخ لأول مره تيجي مش مستوية كويس خالص وكأنها كانت انه سواها وهي كانت مجمدة وماخذتش وقتها في السوي فالطعم مش كويس خالص مش زي كل مرة
1457,دي مش طحينة مشاوي ودي مش جودة أبو شقرة للأسف. ولا دي بطاطس اللي مديهالي مكعبات ومش مستوية. والفرخة مالهاش طعم وفيه أجزاء مش مستوية كويس. قلبتولي اليوم الصراحة
1458,they didn't bring forks and when I called them they said you should have ordered them ??.
1459,الاوردر وصل بعد ساعتين ، كلمتهم الاول قالو مفيش اوردر حصل من مدير الفرع ، و بعد كدا قالو طلع عنوان غلط ، و في الاخر وصل بعد الرجوع للمنيوز كذا مره لما اكدو الاوردر اتعمل و المطع بلغني ان السيستم كان في مشكله و نسينا الاوردر ..
1460,Little
1461,المكرونة مكنتش حلوة والاكل جه كله بارد
1462,مكنش فيه معالق مع الطلب
1463,الاكل جميل بس انا مش عايزة فراخ سبايسي انا دايما بطلبها عادي مش عايزاه فراخ مشوية سبايسي تاني. شكرا.
1464,I received a wrong order and it was really bas a very bad experience and i really regret it
1465,it was very dry with really no taste of kabab or kofya
1466,انا كنت طالبة جمب الفراخ ارز بالخلطة جابلي ارز ابيض ومش احسن حاجة ومكنش مستوي كويس
1467,small portion specially the fries veal not as expected not well done
1468,زي الزفت
1469,الساندوتش حجمه لا يمكن صغير جدا وفاضى من الداخل والخبز لو يوضع علي الجريل فترة كافية فطعمة غير جبد مقارنة بكل المطاعم الخاصة بالشاورما سى جدآ ولا اوصى بة احد رغم اننى زبون دايم عند ابو شقرة لكن ساندوتشات غير مقبول ان تحمل اسم ابو شقرة
1470,perfect
1471,Good but the portion i don't believe it is correct
1472,cold food delivered
1473,Very delicious
1474,No fries or breaddd!!
1475,المكس جريل وحش جداااا وغاليه علي مفيشش
1476,Reasonable good
1477,كمية الاكل قليلة الاوزان مش مظبوطة
1478,"The veal mouza was just chunks of meat instead of a veal shank, this is unacceptable and shows how little the restaurant cares."
1479,كمية الرز قليلة جدا
1480,less than the requested amount
1481,الاكل مش حلو والتعبئة سيئة
1482,لتاني مرة الحمام يجي واحدة كويسة و واحدة مقطوعة وكأنها بواقي حمامة و قبل كده لاقيت حمامة كبيرة وحمامة صغيرة
1483,hi i ordered this for my parents they dont have the application and the driver came without a receipt and asked them for 750 as this should be paid and they actually paid this.
1484,الاكل بلرد والعيش اللى فيه الكفيتة مش طازة البطاطس سيئة جدا
1485,حلوه
1486,الكباب الضاني مليان سمين و طعمه مش حلو و احنا بناكل من أبو شقرة مما يزيد عن خمسين سنة و لكن دلوقت الموضوع مختلف تماما و الضلمه قيمتها مرتفعه جدا عن كميتها الضئيلة أي أن صباح المحشي الواحد يزيد عن سبعة جنيهات .... كتير
1487,Order was missing Tehina Captain didn’t return the correct change. Please add in a wallet like Uber
1488,الدليفري جاب الاكل بارد جدا.
1489,معقولة اطلب ابو شقرة الاقى سلطة بابا غنوج حمضانة و بايظة !!؟
1490,المحشي قليل شويه
1491,dhhd
1492,الديلفري حرامي
1493,Portions was not right Meat wasn’t cooked well
1494,مبيعملوش بالاختيار ولا الكومنت
1495,"The chicken wasn’t cooked enough , didn’t eat it all"
1496,I ordered kofta with vegetables I got rice not vegetables
1497,بعت نص الاودرد.
1498,الفرخة مش مستوية
1499,الدهون كثيره بشكل متعب بالرغم من توصيتي بعدم وضعها للحاله الصحيه
1500,الاكل جميل جدا و طعمه بيتي و الكميات مقبولة لكن السعر غالي شوية مقارنة بالمنافسين
1501,الاكل مش مستوي وطعمه يقرف .. مفيش اي اسلوب محترم في التعامل مع الزبون يعني انت مطلع اكل دليفري ابسط حاجة تحط مناديل ان لم يكن wipes او ملعقة وشوكة بما ان الاكل فيه أرز .. مش ممكن دده مستوي ابو شقرة .. آخر مرة اطلب منهم حاجة لان الاكل فعلا كان يقرف
1502,رز معمر هوا رز عادي ابيض مفهوش اي حاجة وفته موزة ديه مش فته خالص
1503,No tools to eat with How am I suppose to eat?
1504,الطعم مش حلو مش ده ابو شقره اللي انا اعرفه
1505,It’s been two hours and l didn’t receive my order
1506,a very small piece of meet
1507,Vue for money and portions are silly
1508,NOT GOOD
1509,الاوردر وصل ناقص.
1510,"Very small quantity,late delivery,wrong order received, not recommended at all."
1511,كرات الدجاج مع الاسباجيتي جاتلي كرات لحم مس فراخ.. بس ممتازه
1512,اول واخر مرة استحالة ده نص ك
1513,thank you
1514,"Mixed Grill: Kebab pieces too small, shish tawook pieces tasted funny ... not sure if it was the marinade or bad chicken"
1515,الاوردر بس وصل غلط بس الاكل ممتاز
1516,Didn’t even arrive and we are 1 full hour late
1517,أسوأ اكل أكلته بجد.. الاسكالوب بانية طعمه بشع و المكرونة سيئة جدا و السلطة بايظة و البطاطس وحشة جدا.. ندمت أن أنا طلبت من ابو شقرة
1518,"Tahini was expired, Portions were small for the rice & fries & shish tawook.. Very disappointing!"
1519,He refused to hand deliver me my order coz it was already paid online and just put my food in my escalator floor and left … such a rude driver
1520,very little portion of rice
1521,🤙🏻
1522,سلوك الطيار وحش جداااا
1523,I didn’t get one of my ordered and charged items
1524,Food taste is very bad
1525,اكل ابو شقرة يتسم بالطعم الحلو والنظافة. ابو شقرة اكله خمس نجوم. شكرا. بس عندي تعليق على الحوواشي ياريت تخفه شوية الدهون منه اصله كان تقيل شويتين. شكرا لمنيوز وشكرا لابوشقرة.
1526,"The (Escalope Panne) was ""Dry""."
1527,ام علي سيئه للاسف و بدون اي مكسرات
1528,"They make best Escalope pane, but it seemed to have been frozen, this time. But it was still good. Would have preferred it fresh as usual, though."
1529,Creme caramel didnt come with the order
1530,الاكل كان بارد جدا . والتوصيل كان بطىء المرة دي
1531,One sandwich was not delivered! But it’s ok as I ordered more than needed at that time
1532,الاوردر اخذ وقت طويل والكابتن جيد
1533,Worst service
1534,الاكل ممتاز جدا بس كميه المكرونه قليله جدا تحتاج زياده للفرد والبانيه ممتاااز وتحفه
1535,الشوربه وحشه جدا
1536,ام على طعمها غريب .. كفته ممتازة و طحينه فوق ممتاز
1537,انا كنت طالب عدد 3 ربع كفته هجالى فى طبق واحد المفروض طلما اختارت الربع 3 مرات يبقا كل ربع لوحده
1538,اللحمة بتشد ومالهاش طعم.
1539,الاوردر ينقصه خضار سوتيه
1540,Too bad
1541,مطعم و الاكل ممتاز وبخصوص الطحينه ليها مذاق خاص
1542,الحمامه كانت صغيره جدا وناقصه توابل والحشو ماكانش مبهر الشوربه ماكانش لها طعم لانها شوربه جاهزه
1543,طلبت ساندويتش شاورمة فراخ كانت زفرة جدا وريحتها وحشة
1544,طلبت بدون سكر وجاء شيرة
1545,اسؤ مطعم تشتري منه دليفري تحس ان بعتنلك بواقي اكل من الطربيزات
1546,كنت طالبه واحد طحينه و واحد سلطه اللي وصل ٢ طحينه
1547,Chicken wasn’t very well coocked
1548,الاوردر كان المفروض يبقي ١١٣ لقيت الديلڤري بيقولي ١٤١ و مكتوب في الريسيت الديليفري ٤٨ جنيه
1549,Bad customer service
1550,حواوشي سبايسي ومش حلو وتتبيلة ملهاش طعم
1551,الاكل وحش جدا و مش مستوي و طعمة بجد بشع .. اخر مرة اطلب من المكان دا
1552,Very good 👍
1553,I didn’t receive a receipt although I asked for one with company name Would you please help me
1554,الفراخ مش حلوه.. قبل كده كانت احلى كتير..
1555,2 hours waiting this one & cancelled the order.
1556,المسقعه ممتازه
1557,"Chicken was dry , tough and cold !"
1558,good grills
1559,الاكل متسخن و طعمه سيء جدا كيس العيش مفتوح و مفيش معالق ولا مناديل.
1560,الاكل فوق الممتاز لكن الاوردر وصل برغيف خبز واحد و بدون طخينة او سلطة او مخلل او اى شئ
1561,طحينه حضانه رز بايت اكل سى
1562,التوصيل متأخر جداً و وصل طلب خطأ و اتصلت بخدمة العملاء و قالوا هيبعتوا الطلب الصحيح و ياخذو الغلط و لم يحدث هذا
1563,اكل حلو جدا. شكر..
1564,التغليف بدون معلقة و شوكة و الطلب بدون أى سلطات كما واضح ف الصور
1565,الاكل وصل متاخر ساعة ووقت التوصيل اصلا ساعه وربع..يعنى وصل بعد ساعتين وربع.. والطيار يقولى الاوردر لسه مبعوتلى من ساعه بس!! والمطعم طابع الريسيت بمبلغ اكبر من الى مكتوب فى الابليكشن وحاجة نصب والاكل طبعا باارد ...
1566,Thaank you soo much ♥️♥️♥️♥️ super fast!
1567,"good portion but with average quality, previous order was good quality but small portion, simply it is either or"
1568,"kofta was 100% good, kebab was 80% but the overall experience was ver pleasant, also theere was a slight change in the bill between the application and the actual invoice."
1569,تجربه سيئة البيكاتا دايمآ كنت بطلبها كانت بتيجي ٤ قطع جايه قطعتين صغيرين جدآ و اللحمه مش مستويه و الكفته صبع صغير جدا و محروق و المفروض في طحينه مع الاوردر مجتش أصلا و الميكس جريل سيء و اللحمه نيه أسوأ تجربه على الإطلاق
1570,الحمام سنة كبير وناشف والفراخ مش جوسي ناشفة لكن طعم التتبيلة كويس وليه سعر التوصيل جه غير المتواجد بالابلكيشن
1571,زفت اخر مرة
1572,أسوء أكل أكلته في حياتي مش مسامح في الفلوس
1573,Very good
1574,شوربة الحمام سيئة
1575,الكفتة مش مستوية كويس
1576,مش معقولة نص كيلو كباب و كفتة ست قطع فقط، و كمان حتة كباب فيها حتة عظم كبيرة و حتة دهن كبيرة في حتة تانية، ميزان ابو شقرة وحش، لو نفس الاوردر من الدهان او حسني كان فرَق بصراحة، و بصراحة برضه مندوب التوصيل طريقته مش حلوة خالص
1577,ok but expensive ... accepted...maadi branch
1578,Bad quality
1579,"The kofta was dry, burned and tasted awful"
1580,الاوردر جاي ناقص مفيش معلقه والسلطه ماتش والرز مش مستوي كويس
1581,👏🏽
1582,Fatta moza te2refff w el ma7shi ye2rf w msh mstwy .. won’t ever repeat this
1583,Fresh hot delicious
1584,Escalope was raw and sambosak was soggy
1585,the Turkish Kofta was very salty and there is something wrong with the spices
1586,الكمية قليلة جدا بالنسبة للسعر بنفس السعر ده ممكن تروح مطعم تاني وتاكل أكل جودته كويسة وبكمية تشبع
1587,clean good packaging very small portions the mix grill meal is poor no salad no tehina no drinks just rice and meat not fresh pre hetaed
1588,"The same mistake everyday, getting me wrong order."
1589,"Overall a good experience, but you have to increase the portions! Plus, the driver was kind of rude!"
1590,غالى على الفاضى
1591,Kofta was burned and dry
1592,"Very spicy although I said original, fries and rice quanatirs are extremely small"
1593,V goog
1594,اكل ميتاكلش والله حاجة مقرفة جدا وغالي كمااان
1595,جودة الاكل سيئة وطلبت طاجن كبدة اسكندرانى افاجأ انها كبدة فراخ والارز البسمتى سئ جدا والشيش مش اد كدة
1596,الاكل حامض مشعارف ده من كتر الخل اللى حطينوا ولا اى بضبط
1597,١- مفيش utey جت ٢-فيه ربع شيش بس مفيش نص شيش ؟ ٣ كله لازم يطلب بفلوس عيش مع الاكل ليمون مع الشزبه حتي بطاطس الي مع الشيش مفيش بس الاكل حلو
1598,The chicken was very bad
1599,✌🏽
1600,Delicious and delivered fast and hot. Thank you
1601,"the chicken was tasteless, small portion, and over priced for what we got!!"
1602,WORST EXPERIENCE EVER. Food arrived over 2 hours late. Didn’t get much help from your support and the cherry on top of the shitty cake was the courier calling me to ask whether to deliver it or not because he knew it was late and he didn’t want me to...
1603,order missing main item
1604,"Kofta is great, however the kobeba was terrible"
1605,Driver’s attitude was very bad.
1606,الطعم اختلف عن زمان. وحجم السندوتشات بقة صغير جدا
1607,الاكل سي والحلو اسوا
1608,Food was very bad and cold also the food didn’t include any service
1609,"Good quality, but Shawerma sandwich is almost empty. More bread than meat"
1610,طالب وراك جالي صدر
1611,مش حلو خالص
1612,Salty
1613,"Molokheya tasteless, got tehina instead of my geen salad, mombar soggy, chicken so yummy Delivery fee on your app is 27le but I actually paid 48le no consistency"
1614,order received on time & very very delicious
1615,The mix grill portions is very small vs price
1616,الكميات قليلة طلب ناقص خضار سوتية لا يوجد سلطات لا يوجد كفرات
1617,الاكل رائع لكن الكميات قليلة جدا جدا
1618,اتحاسبت على سفن اب و مجاش
1619,طلبت بطاطس مع الاوردر جالي رز بس الاكل ممتاز
1620,الكمية قليلة بجد عن الفلوس الي اتدفعت
1621,التبولة غير جيده البرغل أكثره ناشف وشوربة الكريمة فاضية عبارة عن كريمة فقط لا مشروم ولا شئ
1622,Great taste but small portion not enough for 1 adult
1623,الكميه قليله والطحينه مش موجوده في الاوردر
1624,perfect sauteed vegetables
1625,The delivery man took 12 pounds more than the cost of meal
1626,الوزن غير مضبوط النص كيلو 375 جرام والربع كيلو 200 جرام وكمان بالعيش والفويل
1627,Side dish received not as requested
1628,قطع البصل في صوص البولونيز كبيره جدا و الطعم سيئ جدا
1629,"Small portions, no salad or tehina with meal"
1630,وحش جداااا والكيلو مكملش نص كيلو
1631,الملوخية كانت وحشة آوي و رمناها
1632,no Rice as mentioned in the meal's description
1633,The order supposed to have rice but it wasn’t included
1634,Tehini was expired! The order arrived too late & was wrong! Worst experience ever….
1635,الاوردر وصل متأخر ومش موجود معاه رز زي المنيو وحجم الفراخ صغيرة جدا تجربه سيئه جدا ولا انصح به. كمان الحساب كان زياده عن الابليكشن
1636,ok
1637,دي مش فراخ ابدا دي حجم العصفوره يعني بجد حجم سيء جدا جدا
1638,Kofta was not good
1639,The kofta and sheesh and rice was magnificent only the meat was not chewable
1640,طلبت مع الوجبة سايد رز عادي و رز خلطة جم الاتنين خلطة ،و واحد طحينة واحد سلطة خضرة جم الاتنين طحينة ،بناكل على مزاج اللي بياخد الاوردر ! وكان في رمضان و مفيش وقت نستبدل حاجة
1641,"Good Food, But the delivery took more than 1 hour than expected"
1642,Shit food very disgusting زفارة غير طبيعية
1643,كان في اختلاف في الفاتوره أغلي من هنا و مردتش ادفع غير التمن اللي هنا !! الاكل كان حلو قوى
1644,the kofta was better this time after I wrote a comment. thank you
1645,عشرة على عشرة
1646,"Very bad experience , the chicken was in very bad condition , very small , having bones without meat"
1647,The order came incomplete and they didn’t send me the rest of it when i made a complaint
1648,Appetizers are only potatoes and sanbosaak No khaltaa rice with the escalope
1649,picture shows spaghetti with escalope but it did not come with spaghetti
1650,الاكل وصل بارد والطعم عادي جدا
1651,Very bad food Small portions For expensive price
1652,We received chicken panee instead of escalope panee
1653,I received my order without rice which was mentioned in the description.
1654,السعر مكانش مضاف ليه ١٤٪ ضريبة القيمة المضافة علي الابليكاشن .. دا غير أن الطعم مش قد كدا وأنا مش عجباني حركة السعر دي. اخر مرة اطلب منه
1655,الطلب من غير معلقة 😂
1656,سئ للغايه
1657,"The mix of mahashi was alright, but the white eggplant was a bit undercooked. The rice in general was dry. We did not receive any utensils and portions were a bit off this time. The molokhia was very oily, it was honestly disgusting. They were also m..."
1658,Very little portions
1659,أسوأ فراخ مشوية ممكن أي إنسان ياكلها، فراخ مش مستوية وعبارة عن جلد مشوي وفراخ طرية
1660,طعم الحاجة كان مش عليه توابل خالص
1661,لم ياتى سرفيس مع اللودر شوكة مناديل
1662,black pepper is too much in the veal kabab
1663,"They always ask for more money to be paid , than whats mentioned in the order in el menues app... so much headache and fuss with this restaurant in particular... el menues must have a talk with them reharding that"
1664,السعر المفروض 90 جاي 95 غير الوقت بتاع اتاخر جدا
1665,Food wasn’t hot
1666,الاكل ممتاز لكن الحساب كان مخالف للفاتورة التي اصدرها تطبيق المنيوز
1667,It was cold. I didn’t like
1668,moza not as in picture
1669,الكمية زبالة بصراحة
1670,مكنش في كفرات معالق ومناديل في كل الوجبات
1671,"amazing food ,amazing experience thanks"
1672,courier told me that cost is 71
1673,الاوردر جي بدون سلطه ؟!!!!!!!!!!!!!!!!!!!!!!!!!!!
1674,I didn't receive my order 😕 I waited for 2 hours and nothing.
1675,Nice food
1676,Yes
1677,They didn’t deliver the order
1678,He cancelled
1679,مكتوب وجبه 3افراد وهى متكفيش فردينمقابل السعر
1680,انا كنت طالب سلطه خضره مع الاوردر وجات طحينه 🙇🏻
1681,زفت الشوربة قديمة وطمعها وحش حرام عليكم تعبتو لي معدتي
1682,"Nice , tasty , hot and came fast"
1683,الاكل تحفه و الريش رهيبه 🥰🥰🥰🥰🥰
1684,طلبت اورد وفيه ملوخيه جت بدون عيش و فته بالموزة جت غير الصورة و بدل الموزة شرايح رفيعه وصغيرة لحمه
1685,The bread sack was open.. Torn apart and someone took two breads out of it
1686,الاكل وصل متاكل منة.. والوزن اقل... واسلوب الاستاذ مدير خدمة العملاء سيئ جدا وقفل الخط في وشي .ومش هتعامل مع المطعم ده تاني. مدير خدمة العملاء بيقولي ان سياسة المطعم ان الطلب وزن ٢٥٠ جرام يوصل ١٥٠ جرام بعد الشوي. مع العلم ان اسعار ابو شقرة اعلي ب٤٠٪
1687,انا طلبت اوردر من ساعتين وموصلش والكول سنتر محدش بيرد
1688,الاكل زي الزفت انا بطني وجعتني بعد الاكل لمده ثلاثه ايام
1689,الفرخة نيه وريحتها فيها غاز اتقوا ربنا
1690,Good packaging. Arrived on time. Good taste.
1691,من سنين بطلب تقريبا كل أسبوع من أبو شفرة لكن المستوى بقى فى النازل من كام شهر يعنى الاوردر يجى غلط بالإضافة للأسعار المبالغ فيها جدا جدا بالمقارنة لمحلات أخرى على نفس المستوى و احسن ... خسارة التاريخ يتشوه
1692,البيكاتا كانت زي القرف،و كمية قليلة جدا متكملش ٥٠جم،اول و اخر مرة
1693,اتأخر جدا الأكل قليل جدا و الكوارع مش مستوية جيدا
1694,كنتو كاتبين سعر فالبرنامج ولما الاوردر وصلي جالي سعر تاني
1695,تأخير اكتر من ساعتين و الاوردر جه ناقص خصم المنيوز مش متضاف علي الفاتورة فلازم تراجع الفاتورة بنفسك لان الدليفري ممكن يتعمد ينسي عادي! الاكل كالعادة كويس جدا بس ميستاهلش التأخير و حرقة الدم
1696,الاكل جاى م غير ملاعق يا بشر طب ازاى طيب
1697,it was delicious 😋
1698,"Missing items as usual, plus extra fees are requested"
1699,الحاجه كويسه بس لا جي عيش و الا سلطه والا اي حاجه و دا غريب اوى
1700,الرز كان بايت ومش صابح كان سيئ بمعنى الكلمه
1701,order rice with khalta recieved rice without khalta
1702,الكمية قليلة جدا جدا جدا جدا على السعر
1703,الطعم كان وحش والفراخ كانت مشويه والعلبه مليانه مايه والشربه من غير معالق ومفيش اهتمام خالص وطبعا اخر مره هطلب منكم
1704,اللحمه مش ضاني و حاجا في منتها الاستخفاف بالعملاء
1705,الاكل جه بارد و الاوردر اتاخر جدا و الدليفري مبيردش و كانت حاجه سيئه جدا
1706,طلبت نص كباب وكفته وبالعافية الطلب مكمل الربع. نصابين
1707,Different price from the menus receipt
1708,the food was cold.. baba ghanoge was corrupted kofta was very salty
1709,the worst restaurant ever u can order fro
1710,زفت و الوزن نصب صريح......لازم يراجعوا نفسهم
1711,تأخر أكثر من ٣ ساعات
1712,سئ للغاية وغالي ع الفاضي تجربة لن تكرر
1713,السرقة ف الميزان مش طبيعية! الربع كفتة عامل 160 جم و النص كباب عامل 340 بريشة مش المفروض تتحط ف كباب صافي، الرز المعمر عبارة عن رز مسلوق و ع الوش كريمة محمرة!
1714,"no seasonings, no quality no quantity service is the worst"
1715,good.
1716,Very bad quality vee bad taste
1717,الفراخ المشوية ، المفروض قي المنيا مكتوب صدور دايت ، و مالحة جدا !!!!
1718,تقديم الاكل سيء و طعم الاكل عادي جدا معرفش ليه غالي لا يستحق تمنه
1719,"very bad setup, order came to us in company without spoons and napkins and when we called they told us that spoons come by extra money 💰 ! where that happen?!"
1720,زى الزفت
1721,..
1722,"too bad quality, order was incomplete"
1723,"Order arrived late, with low quality, and incomplete"
1724,اخد ساعتين على الاوردر يجي و جه ناقص الرز
1725,اسواء مطعم ممكن تاكل من عنده مواعيد الاوردر وخدمة العملاء والاكل جي غلط اكلم خدمة العملاء ثلاث مرت ويقولى هنغير الاوردر من الساعة ٥ الى الساعة ٩ وفي الاخر محدش جة ولا غير الاوردر يرضى مين دة
1726,هتصدقوني لو قولت اني اكلت منه اخر مرة كفتة كانت بايظة؟ ايوه انت قريت صح بايظة مش مجرد معمولة وحش هي قطعة اللي اكلتها ورجعت ورميت الباقي في اقرب زبالة
1727,The world’s best om ali! The rest of the food came hot and delicious as well :)
1728,بصراحة الكباب والكفتة تم احضارهم بدون بقدونس او عيش ال بيبقى معمول على الشواية ومن غير مخلل ولا طحينة ولا اى حاجة زى باقى المطاعم كنت حاسة انى باكل الاكل زى كانة معمول فى البيت دة غير اللخبطة ال حصلت فى سعر الاوردر.
1729,"Terrible, and for what? You pay a lot of money for the worst quality."
1730,Extremely unprofessional; after paying by credit card they discovered that what I ordered is unavailable and was very rude without trying to compensate or figure our a solution. Never ordering from them again! Shitty experience
1731,الموزه الضاني وحشة جدا طعم وريحه الله يقرفكوا
1732,الخدمة جدا سيئة و اسعار مبالغ فيها ، الأكل معاد تسخينه مش فريش و بعد الفطار كان ناقص يطردونا برة المطعم....تجربة سيئة جدا و سمعة على الفاضي
1733,الاكل سئ للغايه والطلب غير الموجود في المنيو طلبت موزه جالي لحمه مسلوقه والسجق محروق والطاووق محروق مش ده ابو شقرا خالص
1734,عدم التزام بمواعيد التوصيل وأسعار مبالغ فيها وجودة منخفضة
1735,The food was tasty but it's not worth the money! The dishes are very expensive and the portions are so small and consist mostly of rice. Disappointing! The waiter wasn't also that kind.
1736,Made the order and 3 hours later they called me and told me they haven't received it
1737,"The order takes 2 hours to reach me. Although it is shown 45 minutes on the app and the restaurant called me and said it may reach one hour. After many calls, I received after 2 hours. The food was cold and its quality wasn’t good"
1738,"Side dishes are miserable, rice is not fresh, chicken pasta made by old chicken, grilled veal is below average"
1739,يستاهلوا اقل من نجمه الصراحه الكميات قليله و غالي و جودة الاكل سيئة
1740,اقل ما يقال عنهم انهم زي الزفت و لا يستاهلوا نجمه واحده
1741,ولا نجمة بصراحة مكنتش اتوقع المستوي ده الاوردر وصل بعد تقريبا ساعتين علي الرغم انهم طلبوا مصاريف توصيل زيادة ووافقت الاكل بقي تحس انها وجبة اطفال كميات صغيرة جدا جاي بارد وحاجة كده ملهاش اي طعم الأكل اترمي مستوي خدمة لا يليق باسم ابو شقرة خالص وفعلا ...
1742,Really good place to eat. Especially the shish taouk.
1743,مطعم زباله ومواعيد زي اكلهم وحش جدا جدا جدا
1744,"Food was cold, no value for money, order took around 2 hours!! They didn’t even add salt and pepper or plastic cutlery.. disappointing"
1745,والله مطعم خرا ابو زفت شقرة على عالم ولا كلب حراميه ونصابين واكل سيئ سيئ سيئ جدا
1746,مطعم غالي وحراميه ومعامله زي الزفت والاكل بيجي ناقص دايما
1747,عندهم ميزان مخترعينه خاص بيهم طلبت ربع كباب جايلي ٤ قطع بقله هو مش الربع ٢٥٠جرام بيقلي لا الربع عندنا ١٨٠ جرام وتقريبًا الـ ١٨٠جرام لحد ما بيجولك بيخسوا في الطريق علشان عملوا مجهود والمشكلة ان سعره غالي
1748,الاكل وحش اوي وكميات اقسم بالله صغيرة جدا ولاسعااار نااار
1749,الاكل حلو.. بس كميه صغيره.. والاسعار غاليه...
1750,مطعم غالي جدا وكميه الاكل صغيرة والاكل غير مطابق مع الفلوس خالص بجد محدش يجربه
1751,مطعم خرة واكله زي الزفت وغالي والله ندمان اني جربته
1752,مطعم معفن واكلة عينات وغالي ما يستاهل الواحد ياكل فيه تاني والله خسارة الفلوس الي اتدفعت في الأكل بتاعكو
1753,والله الاكل كميه صغيره جدا وطعمه وحش وغالي على الفاضي اقسم بالله محل زي الزفت واسعار غاليه وخلاص
1754,نصابييين وحراميه في الأكل ولاسعااار محدش يجيب من عندة حاجة
1755,الاكل كميه صغيره جدا وغالي على الفاضي نصيحه لا أحد يجربه
1756,I ordered 2 orders 1/4 they came with 1 and said its 300 gm! They took money more than the App
1757,الشوربة فيها حشرات ميتة !!!!! اسوأ مطعم طلبت منه في حياتي
1758,الاكل عينات ربع كيلو مشكل اكفته و ٢ قطعة لحمة صغيرة جدا اد عقلة الصباع و زود ٥ جنيه دليفري عن فلوس الاردر و الديلفري قليل الزوق جدا
1759,"It was a terrible experience. Food didn't taste like Abu Shakra's other branches, and their customer service is honestly the worst. The order wasn't delivered as ordered. And they didn't even send covers, saying i should have ordered covers."
1760,The food was too little and saesar salad has only lettuce and parmejan!!! No chicken nothing else in the salad!!!
1761,"worst customer experience, zero customer service , rude call center and staff ,expensive food for small amount of food"
1762,الطعم سىء وغالي على الفاضي والكمية قليلة
1763,خساره فيه نجمه كل حاجه عنده غاليه جدااااااااا حتي السندرتشات فاضيه خساره فيه الفلوس
1764,"very very poor food quality and the food quantity is very small, if you are ordering 1/2 a kilo expect to get 1/4."
1765,سئ جدا جدا جدا جدا جدا جدا جدا جدا جدا. لدرجة انا عندي شك في نوع اللحمة. الخدمة زباله. المسئول عن الاكل وتقديمه لا يفهم اي شئ من الذوق
1766,الكميات قليلة جدا جدا غالى على الفاضى وفى مطاعم كتير احلى منه بكتير ومحترمة عمرى ما شوفت مطعم مش بينزل سلطات او عيش مع الاكل وسعر كل حاجة مبالغ فيها جدا
1767,سئ جدا تغليف سئ الأوردر ناقص كتير مفيش معلقه الاكل نفسه طعمه وحش جدا جدا جدا كنت متوقعه يبقى حتى مقبول لكن فعلا اقل من مقبول بكتير وسئ بشكل مش طبيعى
1768,اولا انا عمري م شوفت مطعم بيطلع اوردر من غير سلاطات ومعلاق واي حاجه تاني حاجه عيانات الاكل الكميه لايمكن يكون ان ده نفس الميزان الي طلبته والفراخ فيها دم الفلييه في الطبق بجد خدمه سيئة واكل سئ لو في اقل من نجمه واحده كنت عملتها فعلا لانه ميستحقش اي ح...
1769,الأكل سئ جدا والكميات قليله جدا والأسعار غاليه جدا وخدمة التوصيل بطيئه جدا مش عارف الناس دي بتفكر إزاي في وسط الوحوش من المطاعم الأخرى التي تتنافس في جودة الأكل والكميه المناسبه والأسعار وسرعة التوصيل . ماتفكرش تشتري منه
1770,الاكل سي جدا والاسعار عاليه واللاورد جي بارد ومش مستوي وبدون عيش للاسف اسوا اورد وخساره فيه الفلوس
1771,اسوا اكل وفراخ مش مستويه واورد بدون عيش فعلا فرع سوا سمعت ابو شقره
1772,"bad service, bad quality, bad delivery, small portion DISASTER!!!!!"
1773,I went to this place with my sister and her friends because they were in Cairo only for a few days and I thought that this would be a nice Oriental restaurant to show to tourists. it is very expensive for the amount of food you get. I paid with credi...
1774,معظم الاصناف مش موجود فى الفرع امال ايه اللى موجود بالظبط ولما هو مش موجود كاتبين ليه فى المنيو
1775,الاكل عالى جدا بالنسبه للكميه ، كميه قليله جدا
1776,"overpriced comparing to the amount of food which tasted average, its an one-off experience to me."
1777,نصاب وغالي جدا والخدمه عنده مش كويسه لاانصح به
1778,Bad food quality and very slow in delivery
1779,"Pigeons were not good at all. Rice with khalta was very bad, seemed cooked two days ago."
1780,ابوشقرة مطعم نظيف بس الفترة ديه غالى جداً و لكن فعلاً اكله محترم.
1781,سيئ جدا وغالي جدا محل يهتم بالديكور اكثر من جوده الاكل
1782,Not the same quality as before
1783,ابو شقره-فرع اتريام مول-زايد-يوم السبت 4-8-2018 الساعه 1 الظهر. --كان بقالي سنين مقاطعه عشان غالي على الفاضي و طعم معظم اكله عادي او اقل من العادي و الكميات عنده قليله و الكيلو عنده مش كيلو تماما بس قولت استعمل شويه فاوتشير فيهم خصم عنده و بالمره اج...
1784,"Delicious,I recommend"
1785,الاكل مكنش حلو ابدا ... المحشي كان قديم وطعمه بايت واللحمة كانت ناشفه ... الخدمة كانت معقوله... عموما التجربة متستاهلش الفلوس اللي دفعتها فيه ...
1786,Zero time management in Ramadan delivery!! I will not deal with them again I rate them “Zero” not one star
1787,El rice kan Dry w soup so cold bs chicken kant 7lwa gedn
1788,Very very excpensive for no good reason
1789,سئ اقل ما يقال. سعر غالى و طعم متواضع
1790,اكل عادى جدا بأسعار خرافية لدرجة تضحك
1791,مطعم جميل انا جربت الطواجن و الشندوتشات و الحلو بتاعه و الجودة عاليه بصراحه
1792,bad service and food with high prices
1793,"I was shocked! That wasn't as expected at all. As they were known for their grilled kofta, but it wasn't that time."
1794,Became too expensive and its delivery charge is hell
1795,اكله حلو نوعا ما بس غالي زياده عن الازم مع أن في مطاعم اكفئ منه واحلي منه في السعر
1796,كان من احسن الاماكن اللي بتعمل مشىويات حلو جدا بس مستواه قل اوي الاكل كان بيبقى مش مستوي
1797,عمرى ما حسيته جامد و يختلف عن الاخرين بحسه عادى جدا اسعار عاليه
1798,والله يا جماعة انا مش عارف ابتدي الكلام ازاي انا هتكلم علي قامة من قامات الاكل و مكسوف من الهقولو . . ابو شقرة القصر العيني عراقة الاكل و الاسم و السمعة علي عيني وراسي بس ايه دة. . انا مش هقول ولا كلمه علي الطعم ابو شقرة بقالو فوق الميت سنة مش انا...
1799,Bad service and staff were fighting in the restaurant Plus food came and I found insect moving on it!!!!!
1800,The number mentioned is not for abou shakra it is for shakra 2 go
1801,الاكل عادي جدا الخدمه كويسه و سريعه في فرع المهندسين بس الكميه بالنسبه للسعر قليله جدااااا لدرجه انه الواحد ممكن يفتكره taste مثلا
1802,أكله حلو خصوصا المشاوي انا جربت الكفته و السكالوب و الحواوشي .. كله كويس..
1803,فرع الشيخ زايد الاكل بايت وبيتسخن وطعمه وحش اوي
1804,من احلى المشويات وفرع القصر العينى بس هو الحلو غير كده منصحكوش ويتاخد اوردر تيك اواى بس مش دليفرى واوعوا تنسوا الطحينة بتاعته وهمية انا دايما بطلب كيلو مشكل بتلو ومعاه علبتين طحينة وبلاش تاكلوا فالمطعم مش هتنبسطوا من الخدمة والكمية والاكل مش بنفس جود...
1805,ابو شقرة تحفه بالنسبالى بس فرع القصر العينى بس هو الاساس ويتطلب تيك اواى بس وتطلب مشكل بتلو ومتنساش الطحينه بتاعته انا عن نفسى باخد علبتين مع الاوردر لانها حلوة فعلا عنده وطعمها مميز اوى ومتحاولوش تاكله فالمطعم عنده الخدمة وحشة جدا وجوده الاكل والكم...
1806,كميات صغيرة و اكل عادي .. مش بفكر ابدا اروحله انا و صحابي
1807,اسوأ مطعم و إدارة ممكن تفكر تاكل فيه .. قلة ذوق فظيعة فى التعامل
1808,الحمام كان عادي جدا و زي ما يكون مش طازه و البانيه كان وحش جدا الدولمه كانت حلوه و الفراخ المشويه زيها زي اي مكان
1809,I ordered kabab and kofta..kabab was almost burned..side dishes like tehina and potatos were less than average.. fried kobaiba was hard as a rock.. Disappointing really
1810,فرع مول العرب الاوردر وصلني في زايد بعد ساعتين ونص والاسعار 3 اضعاف الاسعار المكتوبه هنا
1811,الأسعار مقارنة بالكميه اوفر جدا
1812,Tried city stars branch. Very bad quality not worth the price.
1813,Very very bad quality bad delivery
1814,"فرع جامعه الدول و فرع القصر العينى , الخدمع اسوء ما يكون , الاكل حلو جدا بس المعامله سيئه جدا الاسعار سرقه علنى كالعاده"
1815,Very heavy price and I take an order by 177 and they want 205 why I don't know
1816,انا طلبت ٥ ساندويتشات رميت منهم ٣ زي ما هما ..الفراخ بانيه والتشيكن كرسبي والشيش طاووق وحشين جداً وكانت الفراخ في ال٣ نية وقديمة جداً والشاورما اللي ممكن تؤكل جاية باردة زي حال كل الساندويتشات وحتى لو كانت السندويتشات مستوية فهى على المستوي العام م...
1817,great restaurant. good service and lives up to the expectations!
1818,مستوى متميز و ثابت فى الطعم و الخدمة
1819,"Excellent food, high quality with clean professional take away packing. The food came hot and on time. More expensive than othe kabab restaurants but with superior quality . When thinking of eating kabab a will for sure use them again."
1820,الخدمة مش حلوة وغالي والاكل مش اد كده
1821,"I don't think i'll ever go back there again, the food is expensive and it wasn't that good, the waiters were just rude especially in Al-Mohandseen Branch. I don't recommend going there."
1822,فااااااااااااااااشششششششششل
1823,"very bad quality, tiny amounts, very expensive. i'm very surprised that there are customers still going there. (abou shakra city stars)"
1824,الاكل غالي جدا و عيينات. الدهان او الحاتي افضل بكتييييير
1825,amazing taste but highly expensive
1826,الأكل كان سئ جداً جداً و طعمه مش حلو خالص، و الأسعار مبالغ فيها جداً، كانت فعلا تجربه سيئه جداً جداً
1827,Worst call Center ever they left on the phone and kept receiving calls and didn't even apologise and short number is always down
1828,"Over priced and the same taste of the same items for decades, they need to update or they will keep losing market shares"
1829,they cheat on the weights of kabab and kofta and i end up paying alot and in the end less food
1830,"Abu shakra especially Merghany branch is my base for kabab and kofta, very clean bitilo meat well grilled i dont use delivery for such food cause if you are paying and you will i would like to be on top of it from stat to end , so if i want to deligh..."
1831,"Chicken paneh sandwich was very tasty, try it at mall of Arabia"
1832,very bad quality very expensive
1833,"Way too expensive for normal quality food, chicken was ok, salads not good, rice was boring, hawawshi was good but also way too expensive"
1834,Worst restaurant ever! I ordered Tropical grilled chicken meals and they delivered some chicken pieces and awful red rice and when I called to complain they told me they ran out of Basmati rice and Turkish bread and they charged us for them... so the...
1835,I dont recommend the place at all even for home delivery -- الاسعار متغيرة و كمان الدليفري سعره 10 ج رغم ان الفرع في الشارع الي قدامي!
1836,"mediocre grill , still a beautiful place to be in and the service is ok"
1837,تجربة سيئة في رمضان... فجأة أصبح هناك Minimum Charge غير معلن، ويحسب على الكبار والأطفال بغض النظر! هذا غير الطريقة الفجة من مدير المطعم بالتجمع في إيصال هذه المعلومة، وأنه إما أن ترضى أو تنصرف غير مأسوف عليك! وعند الشكوى للإدارة من طريقة التعامل غ...
1838,سئ جداً جداً ، الأكل مش كان حلو خالص ً الأسعار غاليه مع جوده سيئه جداً جداً
1839,Food is very bad quality and expensive. They need to rethink a proper strategy to retain the bad image!!
1840,Too bad. It's expensive and the food quality sucks
1841,"People who used to eat Abu Shakra in the 1980's were very high class and celebrities. It was one of the best and most esteemed restaurants, I don't know what happened its a shame."
1842,"go to your local butcher and ask them to cook for you, it will be waaay better and waaay less expensive.. There's nothing special about the place anymore.. i think it used to be good before i was born or sth but definitely not now"
