,comment
0,شغل بلا نفس
1,طلبت نص ونص وصلتنى كلها ببيروني
2,محتاجين توحدوا مع المطعم قيمة الاوردر...وصل الاوردر بقيمة اعلي من قيمة الابليكشن.. ومندوب التوصيل كان مصمم يحصل قيمة الايصال ..كلمت خدمة العملاء بصعوبة واتفقت معاهم على دفع مبلغ الابليكشن
3,اوحش اكل اكلته في حياتي بطاطس مجلده وساقعه والبيتزا الاطراف هي نص البيتزا وحشوها وحش والبيتزا فيها حتتين فراخ و كام قطعه مشروم وبس كدا من الاخر مرشحش حد بيها و اخر مره هجيب منكم تاني
4,where is the extra toppings
5,انا طلبت نص بابروني ونص تشكن رانش جالي بس تشكن
6,I received medium pepperoni pizza
7,The extra toppings that I paid for were not added to the pizza for the first time.
8,it arrived cold
9,The pizza was very bad and was not fresh at all the crust and dough were so bad
10,"Food was not Fresh, specially the Pizza. It tasted like it had been in the fridge for more than 24 hours."
11,"very little chicken pops and almost no bacon, and i received coleslaw instead of the potato salad."
12,The pizza was very bad all the topping was stuck in the box
13,took them 2 hours to deliver the pizza
14,التونه زفره جدا
15,order was so bad and cold also the sauce was not what i ordered
16,البيتزا ناشفة وباردة
17,"I got baked bread, not pizza"
18,so cold
19,طلبت بيتزا تشيكن رانش تقريبا هى رانش بس لان التشيكن كميتها قليلة اوى
20,Rude Attitude and disgusting quality of food. pizza hut is incomparable with this gross restaurant it has literally become so bad
21,"The food was so bad that I can’t believe it carried the brand name of Papa John’s, it was the furthest thing from fresh and very cold, it seems that they had that pizza there for hours before delivering it to us, horrible experience!"
22,My ordering experience is as usual horrible because every time I place an order on the app someone calls me to double check on the order which is a total failure cause I order via the app so I don’t have to talk to anyone.
23,مفيهاش فراخ نهائي و حتي الموترزريلا قليلة جدا كأني باكل عيش فينو
24,كان فيها طعم غريب كده مش متعودة عليه
25,Very very very poor quality and the pizza was empty only have tomato sauce 👎🏻👎🏻👎🏻👎🏻
26,Bbq pizza came with no bbq sauce on top
27,I didn’t even recieve the order
28,طلبت صوص باربيكيو لي ٢ بيتزا و دافع زيادة عشان كدة و جالي صوص ثوم
29,البيتزا عبارة عن عجين فقط
30,اوردر جية متأخر ساعة وبارد و ناشف و يقرف
31,V good
32,👍🏽
33,Hey
34,it came with garlic sauce instead of ranch one
35,…
36,الرانش صوص غير موجود البيتزا سيءه جدا جدا جدا
37,Worst Pizza ever! Really nothing good! Topping of 6 cheese pizza was literally mozarella and tomato sauce and for the chicken ranch “chicken tasted so bad and smelly!l and Oil taste in each bite!!
38,Hh
39,عجين فاضي مفيش اي فراخ حرام يدفع فيها فلوس
40,the food was bad and cold
41,7elw gedan
42,عجينة البيتزا رائعة .. الاضافات (topings) كانت قليلة وبخاصة الجبنة!
43,الاكل بشع بجد والله حرام ادفع 309 في عجين فاضي طالبه تشيكن رول جات عجين معجن مفيهوش فص فراخ واحد والتشوكليت رول نفس الوضع
44,the pizza it's not good at all.and also cold ..this is not the first time.
45,Not good
46,جودة المكونات سيئة، الجبنة طعمها مش حلو و مغرقة العجينة زيت، و الفراخ مش أحسن حاجة، العجينة لو بدون مكونات كان هيبقى طعمها أحسن.
47,فرع سئ جداااا طلبت منهم قبلو الاوردر و الفلوس اتسحبت مني و رجعو قالولي بره الزون و قبلنا الاوردر برغم اني داخل مدينتي برده
48,everything was spicy when i didn't order it to be spicy! also pizza tasted like it was made in the morning and got reheated!!
49,الاكل كان ناشف
50,Excellent
51,The worst ever! Horrible quality and taste! The pizza was super dry very oily and with almost no cheese even though one of them were 6 cheese pizza and the quality of the cheese is terrible .. we only took one slice and threw it away! Never ordering...
52,حلو
53,👍
54,The order was cold and not fresh
55,الأوردر اكتر من سيئ مفيش حشو عجين اللطذاف تخينه جدا مفيش رانش مفيش طعم اصلا اسوء بيتزا اكلتها و جايه بارده كمان مش علشان هو عرض يبقي بالمنظر ده اخر مره الواحد يتعامل معاكم الجوده مفيش خالص
56,البيتزا وحشة جدااا و جاية مش سخنة و مش متقطعة و الاوردر طول تجربة سيئة جدا الصراحة من كل حاجة
57,"The chicken is the pizza was not good, it tasted weird"
58,Very very bad experience
59,.
60,shorran Papa johns
61,اسوء مرة كلت من بابا جونز البيتزا كانت بارده وطعم الفراخ وحش جدا والعجينه ناشفه والمكونات قليله
62,Salad without spoons..
63,Good
64,الاكل حلو ومواعيد التوصيل مظبوطه
65,الاتنين بيتزا كانت ناشفه جدا والحرف بتاعها كان كبير جدا و وصلت بارده
66,nvjjhv
67,"Awful,burned, no taste at all"
68,الفراخ ناقص سوى
69,Salad was disgusting. not seasoned nor properly cooked.
70,Not like take aways Totally different pizza with less ingredients
71,pizza 3 cheese with 2 toppings was awful 😞
72,كانت ناشفه جدا
73,الاكل وحش اوى بيتزا البيبروني جايه ناشفه و البيبروني مش طازه عامله زى العيش و البيتزا التانيه مفيهاش فراخ اصلا حتيتين ايه المستوى ده!! و الطلب قعد ساعتين عشان يجيلى و مفيش حد اتواصل معاه المطعم اكله يقرف و الابليكيشن اى كلام
74,البيتزا جت نشفه اوي زي الحجر و محروقه و أكلناها بالعافيه عشان طبعا مكنش في إمكانيه نرجعها و كانت تجربه زي الزفت
75,عايز اسال سؤال بس معلش هو توصيل الاوردر بيبقي لحد العماره ولا لحد الشقه
76,bbjjkj
77,I not get my order how this
78,رائع
79,حطين رانش في علبه مفروض يتحط من علي بيتزا من فوق بشكل حلو
80,"Very very very bad taste, last time to order from papa John’s"
81,I asked for extra cheese but it came without extra cheese and it was cold
82,طالب مرتين تشيكن رانش عادى و هو راسه و الف سيف يبعتهالى سبايسى و الفراخ بايته تجربة سيئة جدا
83,Worst pizza
84,بيتزا تشيز برجر ...سيئة جدااااا جدااااا والاضافات قليله بشكل مبالغ فيه آخر مره اطلب منكم تانى
85,Very good
86,Ok
87,Hejsdh
88,حشو الاطراف غير جيد اطلاقا
89,الفراخ كانت بايته و العرض جالى من غير المشروب قالى خلصان
90,البيبروني سيئة
91,the pizza was cold the dough was not goof
92,Bad
93,The pizza came hot and it was very tasty. 10/10 experience
94,Hhj
95,ممتاز الطيار ووصلي حاجه سخنه
96,Not satisfied
97,It was to cold and their is something rotten in the pizza
98,كانت ناشفه جدا و بارده
99,Order freshness
100,تحفه و سريع و طيار بروفيشنال
101,Extremely bad The pizza was so hard that it cracks when we cut it No one could it because of the hardness First time to get this horrible pizza
102,Very bad.
103,"Food came too late, too cold and driver didn’t have change on purpose 👎🏻👎🏻👎🏻 sooo cheap!"
104,"Baddddd test ,, mafesh ay 7shw w nashfa"
105,كل الرانش صوص حمضان و بايظ
106,Order was not fresh
107,"Can,t reach the app support or the restaurant"
108,سلطة البطاطس كانت سيئه
109,😍😍😍
110,طلبت سوبر بابا دجاج رانش جابوه سوبر بابا دجاج بس من غير رانش
111,M
112,ا
113,horrible quality!!!!! literally just bread and tastes so bad!
114,Delivered cold
115,wrong order and the pizza melted the cartoon and was stuck on the box. very disappointed
116,كانت عزومه غدا والاكل اتاخر والناس مشيت والطعم كان وحش جدا
117,I got a wrong order of pepperoni pizza I stead of chicken ranch and they were so rude with me when I called them
118,they got a wrong pizza instead of what I orsered
119,طلبت half half و كانت بشعه حرفيا
120,بايته و طعمها يقرف و بايته و مش طازه
121,الفراخ قليلة جدا على الرغم اني طلبت اكسترا تشيكن
122,مزيتة وناشفة وحاجة تقرف ومافيش صوص
123,البيتزا كانت رفيعة ورقيقة جدا..!
124,The chicken tasted weird and the pizza wasn’t fresh
125,الاكل كان وحش جداً ووصل بارد بطريقه صعبه
126,Order came missing items worth 120 EGP
127,بيتزا زى خشبة و طعم سئ جدا
128,Food poisoning
129,The food was cold And there was a problem with the dough it tasted very bad It was so horrible that i ate 2 slices and throw the rest of the pizza
130,"Papa John’s were excellent, but you as a platform 3” Meus itself is a total failure. Worse platform ever and worse service from El Menus. فشل ذريع"
131,The ingredients were not fresh
132,"shitty pizza really their quality became so bad,the pizza shrinks,was supposed to be stuffed crust but it's empty,papa John's please close"
133,Good food but there wasn't any saucse with my order
134,Perfect order and on time
135,awful desserts
136,Horrible pizzas! Last time to order
137,طلبت بيتزا دجاج رانش وسط اقسم بالله حجمها صغير قد كف الايد لا وكمان طعمها زي الزفت ومفيش اصلا فراخ فيها وسعرها مبالغ فيها اول مرة واخر مره والتوصيل قعد اكثر من ساعه ونصف عشان يجي
138,Would do not recommend this to anyone again. Think twice before ordering it. Chicken ranch tasted really bad and was thrown away. Smoky was so dry and below standard quality and at the end we all got sick from the pizza for two days. All pizzas wer...
139,اسهال لمده يومين بعد ما كلت انا و مراتي
140,the cheesy sauce was not good
141,اكل بارد
142,"Came cold and dry!!!, threw it to dogs!!!"
143,Driver was so rude
144,مستوى الجودة بقي شبه معدوم عجينة ناشفة تكاد تكون بدون اي مكونات
145,so 900d
146,د
147,I didnt receive my order
148,the food was very bad and cold
149,حلو جدا و سخن
150,كنت طالب اضافة جبنه علي البيتزا و لم يتم اضافتها
151,quality not nice
152,جا باااارد
153,Horrible is least I could say!
154,The pizza’s crust was literally like a biscuit.
155,البيتزا جايه بااااااارده جدا و الكميه غير كافيه بتاتاً
156,الطلب خطأ تماما وسيء جدا
157,The food is cold
158,حلو جدا بس نفسي تعملو sale للي بيطلب اكتر من مره
159,الاكل كان بارد
160,I ordered ranch and I received and 4x4 pizza
161,المستوي وقع جامد
162,No chicken Very small
163,I love ittttttt.
164,البيتزا ناشفه جدا
165,very delicious
166,Great
167,تم تجاهل ملاحظاتي كلها برغم من اني كتبتها علي الابلكيشن و كلمت خدمه العملاء برضو للتاكيد عليها و الاوردر جالي بارد و مجلد ..
168,Chicken tasted so bad
169,there was a bad taste of one ingredient of the chicken super papa.. كان فيه حاجة بايظة في المكونات
170,"Medium size is very small not medium, smoky one was not bad but we didn’t love it like before"
171,من احلي المرات اللي كلت فيها من بابا جونز برغم انه مش ثابت علي نفس المستوي البيتزا كانت حلوه جدا وسخنه بس البوبرز كانت قليلة شويه
172,It's the worst pizza ever
173,very cold pizza
174,Very late delivery
175,food reached me cold .. topping on the pizza very poor ..taste was not good at all salad portions very small.
176,Low quilts taste
177,The pizza was very hard and the pepproni was dry. One of the salads was spilled in the bag !
178,It was cold!
179,honestly the worst pizza I've ever tasted
180,طلبت الأوردر بدون jalapeno و جات لي البيتزا عليها jalapeno و very hot!!!!!
181,Very poor pizza
182,Wow
183,"BBQ chiken popper was very spicy, it did not say it is spicy and we did not order it spicy"
184,salad was expired
185,الاكل وصل متاخر 45 دقيقه وكان بارد و ناشف و طعمه سي جدااا
186,مش زي م متعودين عليها و الفراخ و كده البروتين عمتن كان قلقل اوي الطعم مش اوي
187,بدون كيس واحد كاتشب ولا حتي صوص الي هو اصلا الطبيعي والديما متعودين علية من باباجونز البيتزا جت رفيعة جدا وانا مطلبتش كدة
188,very poor taste shameful experience
189,البيتزا كانت نشفا جدااا
190,الجبنه محروقه وحرفياً بدون صوص طماطم
191,الببتزا ناشفه اوي والاطراف ناشفه مش مخدومه كويس وكانت بارده.. تجربه مش هتتكرر
192,The pizza wasn’t warm
193,i
194,Order was extremely cold and doesn’t taste good
195,Gamil
196,it's so empty!!!! last time
197,أورد اتاخر عن وقت وصله علي الابليكشن ساعة ودعم فني عقيم ميعرفش اي حاجة عن خدمة العملاء
198,The pizza was so hard and cold. It was not fresh at all
199,Cold food
200,البيتزا اللارج كانت لازقه في الكرتونة ونص وشها باظ
201,You debited me two time because I have put the wrong adress
202,فراخ قليلة جدا و فلفل قليل و البيتزا باردة
203,it was rlly bad quality
204,I
205,مش نفس البيتزا الي طلبتها ذي نوع آخر
206,الاكل جيه بارد
207,There was a hair in pizza 1/2🤮
208,السيستيم حصل فيه حاجة علشان انا دفعت فيزا و تم السحب بالفعل و الدليفري لما جه قالي لا الحساب كاش
209,It doesn’t contain any piece of chicken!!
210,🤍
211,البيتزا كانت وحشه جداا مفيش اي مكونات غير البيروني ... المستوي قل جدا
212,there were no ranch sauce with the pizza as usual
213,الاكل وصل بارد تلج
214,وحش جدا و العجينه بارده مش زي متعوده ع جودتهم و وحش اووي
215,خارق الاكل بصراحه الي اربع ايام فطور وغدا وعشا بيتزا😋
216,الفراخ قليلة جدا
217,"It arrived very cold because it has arrived very late, it was extra 45 minutes late after the 1 to 2 hours delivery time! I received it cold and I didn’t entirely at all."
218,Ranch was not good and way too much on the pizza unable to taste the pizza sauce
219,الاكل كان بشع وفاضى و يقرف
220,the chicken wings aren't up to standards
221,best pizza as usual
222,البيتزا سيئه جدا جدا جدا ووجعت بطننا كلنا مش هتتكرر تانى وتجربه سيئه جدا للمطعم مش هطلب تانى منهم
223,بجد الاسعار بقت غاليه جدااااااا واخر مره اكلت من عندكم كان فى شعر فى الأكل وصحبتى برضوا لقت شعر اخر مره طلبت من عندكم
224,it was cold
225,الأكل بارد ومش حلو
226,جالى تسمم
227,ما عجنتي ابدا عيش ناشف
228,The pizza was raw!!!! And the cheese tasted so old and stale
229,في بيتزا من ال٣ وصلت غلط و انا دافعه سعر اكتر من ثمنها
230,Taste was not as good as before and pizza was cold
231,Took too long but food was perfect
232,ingredients poorly filling the pizza
233,"unbehaviour, and keep calling after he delivered, pretending he is calling someone else."
234,وقت التوصيل
235,The potato salad was replaced by another one
236,Very cold
237,Cold stuff - indifferent delivery man
238,The shrimp had it’s shell it was disgusting
239,Pepperoni pizza was very disappointing.
240,الحشو بربع جنيه
241,الاكل وحش جدااا
242,البتزا عجين و ويجز باردا
243,"Pizza papa johns has become so bad , so thin, a small amout of sauce 5tiny pieces of chicken on a medium pizza"
244,I ordered it spicy and get original
245,The pizza arrived late and cold
246,الاكل مش حلو
247,The buffalo sauce is meh
248,Portion became too small and they don’t bring the sauce or the jalapeno anymore
249,الأكل وصل بارد
250,Delivery was so rude
251,I got the wrong pizza
252,البيتزا جت بشعة بشعة بشعة وباردة جدااااااا وناشفة
253,Lot of onions
254,إنها البيتزا الوحيدة التي أحبها هنا في مصر مقارنة ببيتزا كومز كينج الأخرى لا أنصح بها أنا حقًا أحب البيتزا الخاصة بك ولكن فكر في خفض السعر قليلاً من فضلك
255,مقااااااطعه ، افتكروا دا كويس و انتوا بتأكلوا
256,العجينه كانت وحشه جدا سيئه
257,غير مرضي
258,Delivery took the money although it was paid online
259,زفت لا طعم ولا حجم ولا اي حاجه
260,٣ بيتزا كلهم زي الزفت لا طعم ولا حشو ولا اي حاجه
261,Nice
262,Terrible pizza and toppings unlike other branches really shocked
263,"it wasn't good as usual in taste , there was very little portions of chicken on pizza"
264,البطاطس كانت متاكلة قبل م تيجي
265,The driver called and decided to hang up when he asked where is shwayefat school and I said it’s in front of ‘golf Katameya’ and didn’t answer me when I called back (this is his number 0115 4535304).. 15 minutes later got a call from papa jones askin...
266,اسوء مرة كلت فيها من عنكم الnutella rolls مكنتش طعمة البطاطس كانت مجلدة والبيتزا عجينة كتير قوي و مفيش حشو
267,There was hair in the pizza
268,الطعم صناعي نوعا ما
269,"Terrible cook, the pizza was raw"
270,Not fast delivery
271,the toppings were barely visible
272,اجمل بيتزا بدون مبالغة❤️
273,النص مش مظبوط فيه جزء اكتر من التانى!!
274,this brand is over
275,الطعم سيء العجينة طعمها طعم العيش الفينو البيتزا واصلة باردة وقرص واحد المطعم مفكرش يقطعها سلايزز فحقيقي بقيت بقطعها زي العيش
276,wrong order
277,The pizza arrived cold
278,ميستاهلش الفلوس بصراحة 👎
279,بطاطس بالمايونيز بايظه
280,سرعة توصيل أمس ممتازة قبل الميعاد
281,ياريت كاتشب مع الطلب
282,Very bad order !!!!! Cookies and cream roll are less than bad !!! Horrible
283,الأكل بارد جدا
284,"The taste of garlic in one of the ingredients was too strong, and I didn’t receive the ranch sauce I ordered."
285,اسوء بيتزا كلتها في حياتي من غير توبينج تقريبا
286,طعم سئ
287,الفراخ قليلة جدااااااااا
288,Too cold even the restaurant very close to me
289,This is the second time of getting cold food.. l am not happy at all..
290,كنت محتاجه اعدل الاوردر بعد ٣ دقايق من الطلب و ال support مردوس عليا غبر بعد ربع ساعه و كان الاوردر اتحضر
291,super small
292,الاوردر لم يصل اصلا
293,البيتزا جت بارده جدا جدا وحقيقي سيئه واتاخرت كمان بشكل مبالغ فيه حقيقي ندمت اني طلبت من منيوز انا بطلب من المطعم نفسه وبتبقي افضل من كده بكتير
294,Food wasn’t hot and was kind of stale
295,اسوء مطعم في الدنيا
296,this branch isn't good at all
297,Very bad
298,Where is ranch sauce????
299,ممتاز
300,Cold
301,Great service
302,the food was cold ..he came late
303,صغيرة جدا لا تكفي شخصين مع العلم لم تكن كذلك وتم رفع ثمنها لا تستحق ثمنها ابدا الصوص الجانبي ليس صوص الرانش ؟؟؟ لن يتم تكرار الطلب ابدا
304,Best pizza ever 🙌
305,bbq pizza was so bad their was no sauce and it was overcooked the dough was crunchy and the other pizza just had i little bit of sauce overall 2/10 experience
306,ه
307,actually ranking the fourth doesn't belong to you
308,عيب والله تضحكون علي الناس.
309,وصلني نوع تاني غير اللي طلبته
310,ignored my comments regarding add ons on pizza and the pizza came cold.
311,فرع المهندسين تحفه احلى من فرع زايد بكتيييير
312,Incredible
313,Food poisoning in less than 1 hour
314,Pizza was crunchy and little burnt
315,the ranch is different it's not like before
316,Z
317,بيتزا 6 تشيز طعم سئ مش زي اللي بتطلب من خلال الاتصال بيهم مباشره
318,Don’t waist your money the pizza was stale and the cheese quality is terrible
319,الببيروني ناشف حجر والأطراف الستات كراست مش مستويه واللانشون الفراخ أو معرفش اسمه ايه كان بايظ تقريبا ..تجربه سيئه أو مره يحصل معايا كده
320,شكرًا لكم
321,chiken wings was uncooked
322,"The order came very late although the branch is 5 minutes away, plus i think they brought me a small not medium because its not possible i paid 300 for that small portion"
323,I didn’t have any order for 2 hours
324,taste was lacking
325,ليست جميلة مثل كل مرة
326,there were onions while I mentioned no onions and it was shows in the receipt said no onion
327,The pizza comes cold and the sauce and cheese are not enough. The price is too high for the cost and the quality
328,more of a small pizza and definitely NOT medium.
329,The pizza was not hot and i got margarita extra pizza sauce and extra cheese and the sauce was still not enough.
330,"the 6 cheese pizza was almost empty bread, the coleslaw salad was very dry, we couldn't eat it it's very bad experience"
331,الصوص جاي غلط و حجم البتزا صغير اوي و الفلفل مدلوق
332,اصبح سئ جدا
333,papa john's prices are way too high for the quality and taste + portions are small
334,"chicken ranch was ok but marghareta was tasteless, dry, no salt no flavour"
335,أسوء طلب بيتزا طلبته الاوردر وصل بعد ساعتين و 23 دقيقة و كان بارد و طالب الاوردر سبايسي جالي عادي مش سبايسي فعلا تجربه سيئه جدااااات
336,طلبت بيتزا سميكه جائت رقيقه جدا وعدد ضئيل جدآ لا يذكر من الجمبري بلا أي طعم ...سيئة جدا
337,"It’s my first time being unsatisfied from ordering from this restaurant! Firstly the order was late, the pizza didn’t look appetizing and seemed un fresh. The pepperoni felt like plastic and the chicken ranch half has gone bad even after cooking it ...."
338,البيتزا وحشة جدا و ناشفةً جدا و محروقة في الفرن تقريبا و بجد آخر مرة هطلب بيتزا من المكان ده
339,مقاطعه مقاطعة مقاطعة مقاطعة ❌ ❌ ❌ ❌ ❌ ❌ ❌ ❌ ❌
340,w7sha gedn 3'er kol mara w El coolslou w7sha awe awe
341,Missing items
342,My wife got food poisoning .. it’s either the Ranch Dipping or the Smokey Cheese Pizza. مراتي جالها تسمم .. يا إما صوص الرانش لانه كان مقارب علي الانتهاء .. يا إنا الجبنة اللي ف البيتزا !
343,Very late delivery super disappointed
344,"Wasted 2 entire hours and the order never came - they ruined the entire night. Unreliable restaurant with employees that lie straight to my face. Do not order from Papa Johns if you are counting on food arriving at your place. Horrible experience, n..."
345,مش حلوة خالص كأنى باكل عيش وغالبا عشان عرض عملينه بالقرف دا
346,It was excellent Very hot and tasty Keep it up
347,الاكل كان حلو اوي بس المشكله في بتزا الرانش الفراخ كانت قليله اوي لو تغلوها بس تزودوا الفراخ احسن
348,Came 1 hour late. I had to call them to find out that there was a problem with order placement.
349,boycutted .
350,Food was cold
351,over priced
352,12 small pieces of wedges was a disappointing side.
353,يعني طالبة البيتزا نص و نص من اير هالبينو تقوم جايالي بهالبينو ؟!!! طالبها تيجي طازة و سخنة تقوم جايالي ناشفة و مجلدة ؟!!!!!!
354,الطيار اسلوبه قمه ف قله الادب
355,L
356,It was cold
357,يا اللي بتفكر تشتري و داخل تشوف التقييمات ......أدخل شوف رأي أهلنا في غزة الأول يمكن يخلوك تجرب بيتزا بصوص الدم 🩸
358,It used to taste great. Now it almost feels like it tastes like genocide/apartheid supporting!
359,اا
360,They sent a wrong sauce
361,طلبت بيتزا chicken ranch والبيتزا بشعة الفراخ ملهاش طعم ومفيش sauce رانش أصلا وشكلها بائتة وانتوا سخنتوها مع الوجبة بطاطس وديجز برضو بشعة حقيقة تجرية سيئة ومش هكررها تاني
362,"the order was cold, the extras i ordered not delivered very bad experience"
363,Me
364,it took around 2.5 hrs
365,good
366,The garlic dipping sauce is not garlic at all! It tasted like very bad cheese dip
367,"selected from the offer 2 normal chicken ranch pizza, but both i received were spicy"
368,Food not hot
369,بيتزا وحشه جداً العجينه والتوبينج
370,Sucks
371,الاوردر جيه غلط
372,🚫🚫🚫 مقاطعة رحمكم الله. 🚫🚫🚫🚫
373,Just wish they would label which wings are which
374,وحش جداا داعمين إسرائيل ابعتلهم وجبات كويس مقاطعه❌❌❌
375,انا طالبه كلو رانش جالي صوص جارليك
376,Cold 🫤
377,مقاطعة ❌🇵🇸............................
378,Ingredients weren't quite of a quality It didn't tase like a real pizza The pizza was cold when delivered
379,طلبت صوص ثوم ومجاش معاه
380,HhhH
381,"Very fast delivery, the order came in less than 40mins."
382,the pizza was so bad.
383,بابا جونز كان احسن بيتزا في مصر لكن للأسف ضيعوا نفسهم مش بس عشان مقاطعه لا ده كمان بيغلوا الأسعار بطريقة رهيبه و البيتزا بقي طعمها وحش جدا للأسف معنتش هشتري منهم تاني
384,علب عصير برتقال دومتى مش عصير برتقال فرش
385,order was very late 1.5 hours but it was very good
386,Large pizza at cost of 350 with only 4 shrimps and solid cheese so low quality vs price .... better to buy from local stores i dont recommend Papa johns
387,There wasn't a ranch sauce and i was very upset
388,"order arrived late and not hot, chicken ranch not spicy as ordered. El Menus agent didn't reply to my last message, closed the conversation without any notification, and transferred me to the restaurant to call! very unprofessional"
389,"There was no sauce with the pizza, even the pizza came without the small plastic thing the protects the pizza from sticking into the package top cap and the pizza came in a total mess"
390,تم إرسال الاثنين بيتزا من نوع سوبر بابا مع إني طلبت وآحده منهم ليتل إيطالي.
391,Please add back Creamy Chicken pizza to your menu.
392,كان طعمها وحش جدا والطيار اتاخر عن المعاد ساعه ووصلت بارده وصوص الرانش طعمو وحش ولونو اصفر شبه الجبنه القديمه
393,the sauce provided was Garlic Sauce and not the usual Ranch Sauce
394,حطين صوص التوم بدل ال رانش ف البيتزا و الشيكين ونحز!
395,The pizza arrived so cold while the branch is 5 mins away from my location
396,The order came in less than an hour! Amazing and very fast service.
397,البيتزا كانت وحشه جداً ومش جي معاها الصوص بتاعها جي حاجه غلط والفراخ طعمها كان سئ جداً
398,worst quality ever The pizza was cold and dry with very few toppings despite paying plenty for extra cheese and other toppings will definitely stop ordering
399,الاكل سيء جدا من الفرع حرفيا الواحد بياكل عيش طالب البيتزا ستافد كراست مجاتليش غير العاديه وبيتزا فاضيه من جوا ومفيش اي chicken ولا اي حاجه بصراحه انا خاب املي في المكان وفي المنتج ودي اخر مره هجيب من بابا جونز تاني
400,very bad the food was very cold and the delivery took 2 hours to arrive
401,My stomach hurt after I ate the pizza
402,الاكل بارد و مش منتظمين بالمعاد و الدليفرى سى
403,"everything was wrong, wrong size, cold, packaging was open and destroyed, no stuffed crust, bad taste"
404,Came after 2 hours
405,Missed ranch dressing
406,I ordered HH large pizza pepperoni and chicken ranch but I received HH large pizza 6 cheese and chicken ranch
407,Great costumer service
408,Baaaaaaaaaaaaaaaaaaaaaaad. 👎🏻👎🏻👎🏻
409,اسوء بيتزا أكلتها بحياتي ما جبن بالأطراف وحاطين جبنة رومي على الأطراف الخارجية محروقة كمان والملح زايد جددددا حرام عليكم بجد فوق الانتظار الطعم اسوء بيتزا جربتها بجد حتى السلطة مش فرش
410,صوص الرانش نقطة في علبة غريبة
411,the pizza was dry and tasteless
412,Pizza was cold 🤷🏽‍♂️
413,never again
414,The order was missing the ranch sauce
415,بيتزا تشكن رانش ولكن التشكن كان قليل جدا يكاد يكون غير موجود بالبيتزا والطعم متوسط
416,This Restaurant supports genocide هذا المطعم يدعم قتل اخواننا وابادتهم
417,الاكل ماكنش مستوى
418,زوزتز
419,Worst ever باردة وطمعا وحش ذنب اخواتنا والله آخر مرة المكونات قليلة وطعم الفراخ بايت وحاطين جبنة رديئة خالطينها مع الموتزاريلا عشان يوفروا وكمان مغليين السعر
420,Tasted worse than last time a lot and it was smaller than last time even though I ordered the same order as last time
421,The ranch sauce was very salty it destroyed the whole pizza
422,Taste
423,order was not delivered
424,Big pussy fart
425,فطيرة الشيكولاتة سيئة جدا جدا ؛ الشيكولاتة قليلة اوي والفطيرة بايتة مش طازة وبجد متستاهلش السعر دا خالص بجد كانت تجربة سيئة اوي
426,جميل
427,The pizza was so cold
428,اخر مرة نطلب من المطعم ده ..البيتزا وحشه جدا
429,الصلصة وال toppings كانت قليلة جدا في البيتزا. الوينجز مكانش عليها صوص تقريبا ولا كانت حارة اطلاقا!
430,Not well cooked
431,الاكل وصل بارد تاني شي ولا جاي معاه مخلل فلفل ولا اي نوع صوص الغاء حجم الفامليه البيتزا بقت بجد سيئة اوي نصيحة ارفع الاسعار ولا تعملو بنفسكم كدا
432,Ranch sauce was not received
433,البيتزا طعمها كان سيء، مش زي كل مرة
434,We love papa John’s and order regularly but this time the pizza was dry and cold and not as standard
435,no chicken poppers at all
436,❤️🖤🖤🖤🖤🖤🖤🖤🖤🖤 ❤️❤️🖤🖤🖤🖤🖤🖤🖤🖤 ❤️❤️❤️🤍🤍🤍🤍🤍🤍🤍 ❤️❤️❤️❤️🤍🤍🤍🤍🤍🤍 ❤️❤️❤️🤍🤍🤍🤍🤍🤍🤍 ❤️❤️💚💚💚💚💚💚💚💚 ❤️💚💚💚💚💚💚💚💚💚 free Palestine 🇵🇸🇵🇸🇵🇸
437,اتقوا الله هتتحاسبو على فلوسكم اللي بتدفعوها في الدم و قتل المسلمين بغير حق ايديكم بقت متعاصة دم بطلو تمولوهم لقتل أطفالنا
438,Chicken ranch mngher fera5 we pizza barda fa kanet haga sa3ba besraha
439,البيتزا ممتازة بس فطيرة الشيكولاتة عليها لحسة شيكولاتة مينفعش بالسعر ده و تبقى كده
440,مقاااااااااااااطعة 🇵🇸🇵🇸🇵🇸🇵🇸🇵🇸🇵🇸🇵🇸
441,ي
442,مقاطعه ❌️❌️❌️❌️❌️❌️❌️❌️❌️❌️❌️❌️❌️❌️❌️❌️❌️
443,Terrible
444,"The taste was good, but the size of the medium pizza is much, much smaller than before. and more expensive."
445,لم يتم تضافه هالبسنو كما تم الطلب
446,التوبينج قليل اويييي، مش زي كل مره خالص
447,🇵🇸🇵🇸🇵🇸🇵🇸🇵🇸🇵🇸🇵🇸🇵🇸🇵🇸🇵🇸🇵🇸🇵🇸🇵🇸🇵🇸🇵🇸
448,الاكل بارد
449,الحجم صغير جدا على بيتزا متوسطة وكمان المكونات قليلة جدا عل الثمن والحجم... خسارة زمان كانوا أحسن من كده بكتيييرر.
450,it was fresh but cold.
451,cold
452,كنت طالبه اطراف جبن و دافعه 35 جنيه علي كل بيتزا و جالي اطراف عاديه
453,👍👍👍👍👍
454,Cold and tasteless
455,The dough is soooo bad quality decreased
456,الاكل وصل بارد
457,خري
458,The pizza is trash Good Tandoori poppers
459,Perfect
460,moot el moot
461,مفيش فراخ خالص في البيتزا التشيكن رانش ! البيتزا كويسه بس حشو المكون الاساسي مش موجود !
462,It was the worst pizza I’ve ever eaten it was cold and rigid!!
463,food was too cold was a disgusting experience
464,أول مرة أجرب بيتزا بابا جونز فعلا أحسن بيتزا دوقتها لحد دلوقتي و سعرها مناسب مقارنة بمحلات بيتزا تانية
465,pizza arrived cold
466,I ordered ranch shrimp pizza and they sent the regular one while charging me with the same price
467,Test not expected
468,Nice food
469,good 👍
470,amazing 😍
471,Wasn’t stuffed / cheesy crust however i paid for this addition !
472,"The first time it was as bad as this time all pizza was low portions and the pizza dough wasn't as usual, no one satisfied with the order Chicken BBQ, chicken ranch, 6 cheese, supreme"
473,بيتزا بيبروني حلوه بس لو كانت تحت التوبينج هتبقي احلي والتشيز ستيكس جامده وجوده الاكل فووق .. انا مش بحب بابا جونز من فراغ 😍
474,Chicken poppers were too spicy
475,Pizza wasn’t hot
476,والله عيب يكون لسا في ناس بتطلب من مطاعم المقاطعة بعد كل اللي بيحصل ده يا جماعة مينفعش تدفع فلوس للي بيقتلوا خواتك
477,Gamed
478,Not fresh
479,مقاطعه
480,قمة قله الذوق من الطيار و مسلمنيش الاوردر لحد الباب!!!!!!!
481,قرف كرهتني فالبيتزا
482,البيتزا وصلت بارده
483,الدليڤري شخص في منتهى الاحترام حقيقي و البيتزا جت سخنة و حلوة
484,We7sha awi
485,They changed the type of cheese they use it truly tastes disgusting even my dog wouldn’t eat it
486,مقاطعة 🇵🇸🇵🇸🇵🇸🇵🇸🇵🇸🇵🇸🇵🇸🇵🇸🇵🇸🇵🇸🇵🇸🇵🇸🇵🇸🇵🇸🇵🇸🇵🇸🇵🇸🇵🇸🇵🇸🇵🇸🇵🇸🇵🇸🇵🇸🇵🇸🇵🇸🇵🇸🇵🇸🇵🇸🇵🇸🇵🇸🇵🇸🇵🇸🇵🇸🇵🇸🇵🇸🇵🇸🇵🇸🇵🇸🇵🇸🇵🇸🇵🇸🇵🇸🇵🇸🇵🇸🇵🇸🇵🇸🇵🇸🇵🇸🇵🇸🇵🇸🇵🇸🇵🇸
487,ذي الخره
488,Taste like shite
489,علبة البيتزا جت مقلوبة علي بعضها
490,it was a literal piece of shit wrong order and it came cold and the crust stuffing was like a piece of plastic
491,٤٠٠٠ طفل قُتلوا في اقل من شهر ، كل طفل كان عنده حلم ، كل ام كانت نفسها تفرح ب اولادها ، اقل واجب هو المقاطعة 🇵🇸
492,lvjfur
493,the pizza tasted very bad
494,N/A
495,The ghs
496,mid. do not buy. save the children. save Palestine🇵🇸
497,بتأكل عيش
498,طلبت بيتزا بدون هالابينو ومع الأسف الشديد لم يتم تلبية الطلب
499,البيتزا بارده جداً جداً حداً جًداً و وصلت متأخر و اداره المطعم فاشله جداً جداً و قمه في قله الذوق و الحجم بقي صغير جداً جداً
500,مقاطعه البيتزا بارده جداً جداً حداً جًداً و وصلت متأخر و اداره المطعم فاشله جداً جداً و قمه في قله الذوق و الحجم بقي صغير جداً جداً
501,Disgusting quality of mozzarella cheese Got food poisoning and been taking medicines for 4 days Won’t order for the coming period again for sure
502,"The smokey cheese order was wrong, as I ordered mushroom instead of onion"
503,They did a good job with my special requests. They got the order just right.
504,They finally made the pizza right.
505,Pizza was cold
506,البيتزا صغرت اوي
507,البيتزا كانت باردة مش سخنة والفلفل اللى مع البيتزا صغير ومش لطيف خالص
508,اقذر حاجه كلتها في حياتي حقيقي دي مش بيتزا ده قرف
509,Free palestine 🇵🇸
510,Not enough cheese and didnt come hot
511,"They had to bring the pizza three times previous pizza each time with the first exchange taking an hour. I hate to give this review, and the final pizza was finally right, but it's unacceptable to pay 225 £E for a pizza to have to go through this."
512,اكلت دقيق مش بيتزا
513,مقاطعة للأبد عم داعمين لقتل الاطفال و النساء الحرية لفلسطين الحرية لغزة قااااااطع من
514,Baaaad we need to boycott this shit And the shit he support
515,I did not receive my extra ranch sauce
516,شكرا
517,Boycott products مقاطعة يوجد بدائل محلية افضل
518,"Very poor quality of pepperoni, the pizza was not fresh at all"
519,مقاطعة مقاطعة مقاطقة بابا جونز مطعم واقف جنب اعداء
520,Dough was undercooked and pizza was flavourless. Horrible!
521,ااكولسلو مجتش اصلا والرانش جي بايظ 🙂
522,الصوص قليل شوية لكن كل حاجة غير كدا ممتازة
523,البيتزا بارده
524,Not fully cooked well. At some parts the pie was raw 🤮 That price compared to that portion it‘s a joke. First & last time to order from them.
525,B
526,A
527,عملت اوردر وتاخر جدا فرجعت كنسلته خدمه سيئه
528,It was not super papa beef
529,I accidentally gave the driver an extra 200 and he gave it back
530,pizza. came. without. stuffed crust
531,جميل جدا بس البيتزا صغيره على وسط
532,Hardly any chicken on the chicken ranch
533,الحشو قليل
534,Plus it was cold
535,it tasted like it was made yesterday not fresh at all and had a bad smell which is not usually the case whn i order but this time was the worst
536,البيتزا كانت ناشفة بشكل مش طبيعي
537,احلى بيتزا ف الدنيا
538,all of the above
539,sauces werent there pizza was good
540,زي الزفت
541,too much cheese
542,سيئة جداً جداً لاقصي درجة الجبنة مجلدة و وصلت باردة و العجينة من جوة نية و ٥ فطع سلامي و الجبنة اللي علي الوش مساحتش عدل و اطراف الجبنة محروقة .. اخر مرة اطلب منكم حسبي الله ونعم و الوكيل و الوسط ٥ حتت ب ٢١٠ جنيه .. اتقو الله
543,الديلفري اتأخر
544,البيتزا مش سخنة خالص و التوبينج بقي قليل جدااا
545,😋
546,very bad very bad very bad very bad chicken ransh awful awful awful pizza so upset from order
547,Ver
548,too sweet
549,طعمهم مش دايما مميز
550,Ranch sauce was missing
551,بيتزا سيئة جدا، بدون طعم ومكونات سيئة. مختلفة تماما عن نفس البيتزا اللي طلبنها من يومين بالظبط. مستوى الجودة والثبات سئ جدا جدا.
552,😮‍💨😮‍💨
553,pizza ingredients were not fresh at all
554,جيده
555,Just
556,The quality of the pizza has changed in terms of dough and cheese.
557,مستوى بابا جونز بقى زي الزفت ةنت بقول عليكم احسن بيتزا في مصر دلوقتي بريموز احسن منكم 100 مره
558,"The worst branch for papa John’s and papa John’s has the worst customer service and quality controls , 3 times I receive the pizza ruined and extremely disrespectful customer service team"
559,انا كنت باكل زيت وشكرا
560,"The pizza was good, but too thin this time. Also, almost no chicken in the chicken ranch part."
561,Thanks
562,I had some previous bad experiences with ordering food from papa johns. However this time the pizza looked and tasted amazing. Also the delivery time was on point. The only thing I did was to add to the notes that I am expecting a high quality delico...
563,i ordered it without olives and it came with olives
564,الحشو قليل اوي علي غير العادي و وصلت باردة جدا كانت اسوأ تجربة
565,Delicious
566,I FOUND A FUCKIN PIN IN MY PIZZA !
567,very very awful 😖
568,مبعتوش صوص والحشو كان قليل جدا
569,I GOT FOOD POISONING!!!
570,Owesome ❤️
571,لم يتم ارسال صوص التوميه
572,Order took too long
573,أوردر ب ٤٤٠ جنيه اترمي في الزبالة ، بكلم خدمة العملاء شايفين ان دي الجودة الstandard للبيتزا والله والله والله اي محل بيتزا مش براند ومالوش اسم هيبقي جودته احسن من القرف اللي استلمته بكتير
574,اسوء بيتزا ممكن تاكلها اسوء حتي من بيتزا هت، كانوا كويسين جدا وبعدين بقوا من سيء لأسوء البيتزا بقت فاضية خالص والصوص طعمه وحش جدا حرام اي فلوس تندفع فيها
575,"One of the worst pizzas ever! the pizza wasn't fresh anymore, the ingredients were quite poor despite that it is really pricey with no minor of good quality. I don't recommend it at all. You gonna lose your money for nothing. Papa John's Pizza will f..."
576,Yummy
577,الطعم جميل وحلوه بس كمية محتويات البيتزا قليل وكمان كانت جايه بارده
578,🔥🔥🔥🔥🔥🔥🔥❤️❤️❤️❤️
579,Pizza came without the customary sauces
580,"Better ingredients, better pizza bgd كانت تحفه ❤️"
581,Size is not big as it have to be
582,"I know i could just write a typical five-star review, but i wanna take the time to thank whoever made my food because i was having a terrible day until i received that scrumptious little pizza. So, i personally thank you, whoever you are."
583,محروقة وناشفة حجر
584,البيتزا وصلتني بارده و طعمها زفررر جدا لدرجه حتي ما قدرتش ادوقها أسوأ بيتزا اكلتها حرفياً
585,الاوردر ما جاش اصلا
586,sauce was different than what i ordered and no mushroom was added to the pizza
587,البيتزا ليست بنفس المستوي المعروف سابقا لبابا جونز
588,it was very dry and wasn't hot
589,"Although the pizza was delicious, the crust rim was do wide, very little toppings and the pizza done with poor attention ! Arrived cold"
590,Chicken smelled horrible
591,worst delivry attitude ever.
592,Hhh
593,it was so bad
594,البيتزا مكنتش سخنة اوي
595,i would like the delivery to be faster
596,البيتزا جات غلط و حصل مشكلة كبيرة و واحد معانا عنده مشكلة من الشطة و هما جابوها ب عالبيت واحنا طالبينها من غيره و مش عارفين يحلو المشكلة وبيرمونا لبعض و حاجة مقرفة بالذات انهم مش شركة صغيرة المفروض
597,The pizza was undercooked and disgusting I threw it away.
598,تحفه احلي بيتزا رانش في مصر
599,الاكل وصل مهروس و ال علب متقطعة
600,السعر مقابل القيمة المفروض يبقي اقل سعر
601,اسوء بيتزا
602,مطعم اوڤرريتد ، بيتزا الرانش اللي مشهورين بيها عمري ما اكلتها وعجبتني بصراحة.
603,العجينة مش حلوة
604,ال smoky cheese مش اد كده وطلبت لتر بيبسي عادي جالي لتر ونص بيبسي دايت من غير ما حد يسألني وانا مبشربش دايت اصلا قفلني من الاكل للاسف
605,اي كلام
606,اسوء مطعم اتعامل معاة ل ٣ مرات عالتوالي للاسف كل مرة كنت فاكر هيرجعوا زي زمان مرة طلبت عرض البيتزا تعتبر جاية فاضية مرة بطلب اوردر بيقولولي مش هنبدا الاوردر غير لما تدفع Deposit و اخر مرة امبارح اني طلبت اوردر و اتوافق علية و قاعد مستني فوق السا...
607,اوحش مرة في حياتي
608,بيزا باردة و طلبت بيتزا بيبروني و جالي بيتزا بالشخة
609,غالي علي الفاصي والكميه قليله جدا
610,اسوء بيتزا الي جاتلي النهارده جمبري زفر الفراخ بشعه البيروني شبه فاضي حروف تخينه ناشفه بجد نجمه كتير على الي وصلني
611,"- Late delivery. - I ordered half and half original crust pizza and it came hot and fresh. - I highly recommend the smoked cheese pizza , chicken barbecue , cheese burger , and chicken ranch"
612,البيتزا مليانه بصل ومافيش طعم حاجه تانيه باينه فيها غيره
613,This is the second consecutive time where the pizza tastes awful. Almost no toppings and a very dry nearly burnt mozarella. Pure disappointment...
614,Received very cold food while weather is hot
615,غير انها جات بعد ساعة و نص العجينة سيئة و تأخير فعلا كل مرة اوحش
616,الاكل سئ جدااااا وبارد والبيتزا كانت زى العيش الفينو
617,البيتزا جاتلي بعد ساعتين و لغبطه ف الاوردر وخدمة العلاء مش بيساعدو بحاجه و جت ساقعه و سيئه جدااا و مفهاش صوص ولا جبنه ولا معاها الصوص اللي بيجي دايما و سعرها غااااالي جدا جدا على الجوده السيئه دي
618,Food was a bit late and cold
619,I ordered pepsi diet and it came regular
620,"used to be the best pizzarea in ths area, now the quality is awful and the taste is so bad. plus strange things like being forced to pay 11 pounds for a sprinkle of oregano, an ingredient which used to be free and included by default"
621,food was cold
622,Excellent flavour
623,البيتزا وصلت باردة جدا وناشفة جدا والعجينة محروقة من أسفل وطعم الصوص وحش جدا ليه كده
624,pizza was lot better than usual this time and time before.
625,بجد اوحش مره جبت فيها بيتزا ناشفه و بارده و بجد ندمت
626,اسوء تجربة واسوء بيتزا كلتها فى حياتى الموتزاريلا ناشفة مش طرية ويتمط ومنفصلة عن البيتزا وعجينة البيتزا نية م مستوية ووقيها صلصة طعمها سئ جدااا وغرقانة بكمية كبيرة لو بيتزا من فطاطرى هتبقة احسن من كدة
627,اول مرة اطلب من بابا جونز ويخيب ظني طعم سئ جدا واكل بارد
628,"Packaging , driver’s attitude"
629,Pizza was so fresh and savory
630,الاكل وحش جدا ومفيش اى جبنه او فراخ فى تشيكن رانش والمرجريتا ولا فى تشكين باربكيو والأكل بارد ومش حلو
631,We7sha gedan we zefra we begad matetklsh khales
632,المكونات من الجمبري و الفراخ قليله جدا جدا جدا
633,Chicken was not good and smells bad
634,I ordered from papa jhon’s heliopolis I paid 250 egp for pizza All i got is bread and a lot of sauce and barley any components on it It is really sad that the price went up around 200% And the quality went down that much
635,ممتازين جدا حتى في رمضان و ده شئ نادر .. شكرا
636,Food wasn’t that hot.
637,قرف اقسم بالله قرف بجد اسوء حاجة دفعت فيها فلوس الفراخ زفره و ريحتها تقرف و ناشفه و بارده زي الزفت بجد
638,They add onion 🙁 And l said avoid onion
639,The Pizza was toasted
640,Took too long
641,"Worst time I ate ranch pizza.. it is full of cheese topping! Oily and droopy! Taste is totally different and very bad I couldn’t continue, such a waste."
642,The ranch sause was overdone
643,Late delivery
644,البيتزا كانت وحشه جدا وال 6 cheese كانت بشعه ومتتاكلش واسوء بيتزا كلتها في حياتي وانا عايزه حد يجيي ياخد الاوردر ده
645,"just ordered today and it was terrible pizza chicken ranch with almost no chicken at all and no cheese also same goes for the shrimp pizza, worst buffalo wings and pepperoni rolls ever yet I paid almost 700 EGP for this worst meal, this is a robbery,..."
646,سيئ جدا والطعم سيئ
647,I will order more then one time
648,H
649,انا جالي في البيتزا عضمايه!!!!!! انا حرفيا مشوفتش حاجة زي ديه في مطاعم مش معروفة مش حاجة المفروض توب!
650,The order came cold and late
651,حرفيا مقرفه بغباء مقرفه اوي الفراخ ريحتها زفره بغباااء و ساقعه و معفنه اسوء فلوس دفعتها فيها
652,sedappp
653,"I asked for extra pizza sauce, they drenched the pizza in suace, the cheese didn’t even stick to the dough anymore. It was like soup. What are you doing? You know how much pizza sauce you can add before it becomes soggy. 0/5"
654,انا طلبت بيتزا رانش اقصم بالله مس حاطين صوص رانش خالص
655,Chicken on the buffalo chicken poppers was very little
656,Average
657,الفراج بايظه و جبلي نزله معويه حسبي الله و نعم الوكيل
658,very delicious pizza
659,كانت سيئه ومفيش حشو كفايه وبارده وبعدين في واحده رانش صوص الرانش ضعيف جدا
660,The food was not that hot
661,"The crust was so thing, although I asked for original crust."
662,Yummy 😋
663,Very very bad pizza
664,بيتزا جت غلط مش دى اللى طلبناها جت بيتزا مارجريتا
665,The pizza was so bad
666,البيتزا تقريبا كانت من غير صلصة و من غير طعم
667,The taste was sooo bad and poor quality
668,Very few pieces of chicken although the pizza is very expensive.
669,The price is too much
670,طعم سيئ للغايه
671,The sizes were very small smaller than i expected i hope it would be better next time or i will be forced not to order from ur restaurant again
672,Very very small portion of chicken for 190 L.E
673,Food was cold. And the pizza had a weird tase
674,السلطة جت بطاطس بالمايونيز والبيتزا وحشة وكذا مرة مايجيش صوص الرانش مع البيتزا
675,اوحش بيتزا كلتها في حياتي بشعه ملهاش علاقه البيتزاتحت السلم من الاخر كوتش ومكونات كوتش ومعدومه الموتزاريلا
676,it got here cold😡
677,I did not get the side sauce with the pizza and it was late
678,مش حلوة ظي الاول خالص. رقيقة وناشفة جدا والاطراف كبيرة شوية
679,"the pepperoni was falling off, the pizza was cold and the crust was so uneven"
680,The best one i have ever eat
681,It was not hot
682,The pizza was cold
683,The food is very nice. I hope that the restaurant will allow online payment
684,Late
685,Order was very cold
686,It’s not tasty at alllll
687,الاكل وحش جدا جدا و جي من غير الكلوسلو و البيتزا بارده و الونجز بارده و التشكن رانش مفيهاش اتشكن اصلا ده غير ان الاوردر اتاخر ف بصراحه فرع امريكانا بلازا زيرو اخر تعامل
688,"It was late, pizza was cold Chicken portion was too little and tasteless"
689,But expensive
690,pepperoni pizza missed marinara sauce
691,طلبات صوص رانش ومجاش مع الاوردر واتحاسبت عليه
692,The pizza was very dry that it was tasteless
693,The pizza was cold.
694,I don’t know if they stopped send ranch sause though 😕
695,Excellent experience
696,cold pizza
697,Pizza didn’t taste good at all & the size was smaller than usual
698,Order was cold didn’t get what i ordered no one tried to help
699,mknsh fe ranch sauce
700,الاوردر بارد و عليه مشروم و انا مش طالباه مشروم. و طعمها وحشً كان سيييي
701,الاوردر بارد و اتأخر ساعة و نص و الباكدچج كان طالع من بعده وماةنش فيه كاتشب والبيتزا كانت سخنة جداً
702,البيتزا كانت جايه محروقة وطعمها وحش واخر مرك اطلب من المكان ده
703,I didn’t recieve the ketchup sauce that i payyy forrr!!!
704,Was cold
705,Came late and pizza was cold and dry
706,The pizza isn’t flat and it’s doughy
707,ناشفة، بارده، تسوية بشعة ، مش اول مرة ، مكانش كده للاسف
708,It was sooo bad and cold !
709,Received the pizza without mushrooms after paying extra for that
710,Very fast delivery
711,No sauces no spicy
712,Goood but not for the value
713,amazing
714,I didn’t got right order But i eat it i was hungry I orderd vigie i got chichen with halibino
715,جامد
716,D
717,مش زي اللي باكلو ف المطعم طبعا
718,..
719,No
720,Little chicken
721,البيتزا مختازه ان الجبن بالاطراف مفيش جبن وناشفه وسيئة جدااا كطعم وتسويه بجد أسوأ بيتزا طلبتها
722,Cold pizza
723,the pepper was eaten and a slice was missing
724,The pizza family size from this branch is never flattened properly the dough can be lumpy at areas
725,Good pizza Late delivery
726,مش اول مره الاوردر ييجي بالسوء و الاستهتار ده مفيش عليه جبنه نهائي و منتهى السوء في الطعم حتى الهالبينو غير مضاف على البيتزا اخر تعامل للاسف
727,"The taste of the mozzarella in the stuffed crust tastes different to how it used to be, the size of a medium now is more like a small pizza!"
728,"horrible crust, worst pizza"
729,The pizzas were cold
730,"The worst pizza I've ever had. First of all it arrived very very cold, the pizza had almost no cheese at all it was like eating plain dough. I ordered a stuffed crust chicken ranch and it came normal crust with no cheese in the crust AT ALL. Literall..."
731,Extra smoked cheese البيتزا وصلت بدون
732,الأكل كان مش سخن ومش قيمة مقابل سعر وجالي متأخر والحجم كان صغير مع إني طالب ميديم
733,اسوأ فرع بجد اكتر فرع المقطم من مره اطلب اوردر يحصل مشكله دايما متأخر و اخر مره البيتزا كانت بارده و طعمها وحش و فاضيه .. زمان كان حلو بس بقاله فتره من سئ ل اسوأ
734,It wasn’t hot
735,Got a bad green pepper on the side
736,"The dough wasn’t fresh There wasn’t chicken on The toppings of the half of Chicken BBQ, just one piece on each slice and too much onions The smoked cheese half was very bad not tasty as I ate it before"
737,الاكل جه بارد جداً
738,التاخير والأكل بارد جدا للاسف
739,Not hot
740,Poor quality
741,Suase ranch was little
742,تأخير
743,الاكل واصل متلج
744,Cold and the packaging wasnt in good condition
745,الطلب غير اللي طلبتو وخدمة عملاء فوق السيئة
746,Packaging + the sauce was ( few ) .. and there was no peppers or ranch sauce
747,The order was very cold and no free sauce was available and the pizza was sticking to the package
748,The order delivered cold
749,محروق وشها و مكوناتها ناقصة علب غير المعتاد منهم
750,The worst pizza of my life based on my last experience
751,pizza was one the baddest thing i’ve ever eaten in my life
752,طلبت thin pizza ، وحشة جدا بجد!! ناشفة زي الحجر!!! لو مش بتعرفوا تعملوا thin crust شيلوه من ال menu
753,العجينة اسوء من اي مرة قبل كده فعلا انخافاض غير طبيعي في الجودة و المكونات مكنتش فريش كمان
754,There was paper in the pizza
755,didn’t get the ranch sauce
756,You should rename the medium pizza and name it small
757,Cold pizza again
758,الميراندا موصلتليش مع المندوب
759,All good
760,The food was a disaster and don’t know how could they let it out of the store like that! It’s my last time to order from Papa Jones
761,البيتزا بقت صغيره لا انصح بها
762,كان جميل بس اتاخر
763,"Good pizza’s. Best pizza’s, same like pizza’s in europe"
764,كرانشي تشكن بيتزا جميله جدا..والبطاطس بالمايونيز تحفه
765,الدلفري طلب فلوس زياده علشان راح عنوان خطا في الاول
766,I asked for no onions
767,Excellent goodsjksjsjs
768,s
769,No tissues were in the bag Also it came less than warm almost room temperature!
770,تجربه ممتازه
771,وقت التوصيل ساعتين!!!!
772,الطلب بيحضر بارد
773,Gave me garlic instead of ranch
774,This is medium?? This is the tiniest pizza for 150 le. You ruined our dinner with this kind of size of the pizza.
775,Pizza was depleted 🤦‍♂️🤦‍♂️
776,There was too much tomato sauce & the pizza was not hot and there was no bbq sauce on the pizza even though I paid for it as an extra
777,N
778,كلهم زي الزفت وعجينة مش مستوية وطعم يقرف وخدمة عملتء مش فاهمة حاجة ويقولك صور وابعتلي
779,very poor quality today extremely delayed
780,👍👍👍👍👍👍
781,First time I have a bad pizza from Papajohns ever! Taste is weird and cheap cheese. Also I specified that I don’t want onions but I still go onions. I never thought that I will ever have bad pizza. I only had 2 slices and threw it away in the garba...
782,The worst pizza I’ve got from papa jhones ever it’s really bad
783,كان في بلاستيك في الرانش و ده غير مقبول بالمره
784,For the second time the order makes us sick and caused diarrhea
785,بيتزا كانت برده ومش حلوه
786,دايما الطلب بيتاخر جدا جدا
787,F
788,Worst pizza eveeeerrrrrrrrrr bgddddd wehsha awiiiiiiiii
789,البيتزا جت حرفياً ملغوصة فوق بعضها كإنها بايته من الصبح والدجاج مش مستوي للاسف اول مرة كده 👎🏻👎🏻
790,Very cold and not fresh
791,Perfect!
792,Niceeeeee
793,it was the 1st time to order the thin and crunchy it wasn't that good and it came without ranch sauce in the pizza boxes.
794,البيتزا تشيكن رانش كانت ناشفة جدًا ووحشة
795,Took too long to deliver
796,Worst order ever
797,I ordered thin crust and I was given regular. I let El Menus know and they said Papa Johns would contact me. They never did.
798,it wasnt hot has no chicken
799,Amazing
800,"Please ,next time add more chicken pieces. The pizza was delicious, but very few small chicken pieces!!! We could count them ."
801,بابا جونز بكل فروعه ده كان زمان افضل بيتزا في مصر دلوقتي . للاسف بقي من سيء لاسوء
802,"The pepperoni tasted really bad, and ruined the whole pizza"
803,Food wasn’t hot
804,الاوردر بارد ومش طازه
805,Delivery fee is tooo much
806,Didnt bring the sauce or the chilli peppers
807,ً
808,"It was COLD! and very hard to chew, they didn't send even ketchup and ranch sauce, and the topping wasn't much!! worst time to order from them bgd, and it was for guests, i was so embarrassed 🥲"
809,"Really bad and disappointing, it was cold and seems like was stale."
810,بيتزا جايه بارده
811,Vg
812,البيتزا مفيهاش فراخ خالص
813,My order was half chicken ranch and half smoky cheese and I received half chicken ranch and half barbecue and no one answer us in the customer service
814,Taste and quality Very bad
815,كانت بارده وناشفه جدا دون المستوى
816,Late deliver Cold meal as well
817,حلو اوي
818,Please be sure of the orders before sending it.
819,Cheese type in the smoky half of the pizza was very bad not the normal and no sauce at all
820,بيتزا الرانش كان رحتها وحشة و زفرة، مفيش حشو جبنه خالص جاية فاضية و كان الاوردر 4 بيتزات كله جاى بارد و ناشف اسوأ مرة اكلتها فيها
821,The pizza was expired
822,All 3 pizzas I ordered were dry and tasteless
823,no side sauce
824,من امتى وبيتحط كاتشب على البيتزا بدل الصلصة؟! فين الصلصة بتاعت كل مرة؟ وكمان اكيد مش كل الناس بتحب الكاتشب دا غير ان طعمها كان مقرف جداً ومسكرة بسبب الكاتشب! غير ان العجينة كمان كانت ناشفة والبيتزا متكلتش عشان كانت سيئة جداً
825,سيئه ويوجد طعم مراره والعجينه نشفه
826,والبيتزا نصها عجين ناشف بيقف في الزور والجبن مقرفة وباعتين الصوصات بايظة !!
827,Very bad taste
828,الاطراف كان طعمها غريب ورميتها
829,Pizza is very poor quality and taste and has no cheese at all
830,لذيذ
831,The best for real
832,They forgot to add the ranch sauce :(
833,البيتزا كانت بشعه الفراخ زفره و البيتزا ريحتها وحشها جدا مقدرناش ناكل منها ده غير الببورني ناشف و البيتزا بجد متتكلش و رميناها و فلوس علي الفاضي بجد عيب
834,Pizza’s crust was so awful I ordered both without onions and it came with onions Barbecue sauce and chicken weren’t fresh
835,Wasn’t fresh
836,"Extremely big crust which was the first time to encounter with papa johns, and very little ranch sauce. Very disappointing!"
837,حاجة خره
838,طعم الصلصه والزعتر اكتر من طعم البيتزا نفسها ف دي حاجه مش حلوه نرجو اننا نحس بطعم البيتزا والنكهه اكتر من الصلصله
839,❤️
840,للأسف منيو بابا جونز أسعاره غالية جدًا والبيتزا آخر مرة وصلت ناشفة وباردة
841,البيتزا جات ناشفه و مفيهاش جبنه زى المعتاد
842,"I ordered half smoky cheese and half 🇲🇽 and delivered half Mexico and half pepperoni!!! And i ordered checkin poppers and it was awfully , oily, and disgusting 🤢,"
843,it arrived very cold
844,الطعم و كواليتي الأكل كانوا سيئين للغاية بيتزا الببيروني كان البيبروني ناشف جدا و بيتزا المارجريتا محسنات بطعم الجبنة من كتر ما. هي ناشفة و محروقة
845,"Chicken ranch was great, the other two were very dry and doesn’t taste as it should"
846,اسوء بيتزا اكلتها من بابا جونز دي مصدومه بجد باين انها مش فرش ولا الصوص صوص بابا جونز كان عباره عن صلصه طماطم فقط واضح كانت معموله من قبل ورجعو سخنوها تاني
847,I ordered pizza without onions but I got my order with onions:(
848,"Box was dirty when delivered, ranch sauce seemed to be expired, I had severe diarrhea after eating the pizza"
849,"The smoky pizza and ranch were both nice, the bbq chicken pizza was really small in size compared to the other two, though they were all medium"
850,Takee tooo tooo much time
851,I read all the bad reviews here about you and I did a mistake to order ! I ordered a pepperoni Pizza and it came the pepperoni is so dry !!
852,Pizza was cold and toppings were not fresh at all. The wings were also cold and had a weird taste. Sauses were all mixed up. Wouldn’t recommend at least till they figure out what’s going wrong.
853,فرع بيفرلي هيلز احسن فرع ف زايد واكتوبر
854,l pizza barda + el akl kolo el feha nashef el mashrom nashef wa esweddd wa begad kant say'a wa chicken nafs el kalam
855,"Came cold, box soiled with ? Water. Pizza very hard"
856,صلصة البيتزا معمولة من صلصة مش طماطم فريش وكان طعمها بشع
857,صوص الرانش كان جاي بايظ ودي اول مره يحصل حاجه زي كده
858,"So bad, it lacks a lot of ingredients and it came so cold"
859,البتزا كانت مقرمشه
860,very bad
861,The pizza was burnt!
862,Ordered chicken bbq but what i got was totally different
863,one of the pizza was burned
864,طلبت البيتزا وجت غلطت وقعدت كتير عشان تتبدل وبكلم خدمة العملاء بقولهم اتاخرت الراجل بيكلمني بعدها بيقولي ياباشا ما احنا بنعملهالك متتصلش تاني
865,اتأخر
866,very bad experience
867,وصول متأخر ومافيش دعم للتواصل والاكل بارد جدا ومافيش مشروم اصلا الفراخ قليلة جدا تكاد تكون معدومة الاطراف جزء كبير سادة عجينة بس .. تجربة سيئة متكاملة 🤔
868,الاوردر وصل متأخر جدا اخد اكتر من ساعه وكمان وصل بارد جدا جدا بالرغم أننا فى الصيف والأطراف جزء كبير من البيتزا سادة خالص وحقيقى لو كنت شوفت الريفيو هنا قبل ما اطلب مكنتش هطلب اول واخر تجربة للاسف تجربة سيئة جدا
869,الاكل وصل متأخر ربع ساعة و وصل بارد جدا للاسف
870,Sauces were missing !!!!!
871,The garlic sauce was not included in the order.
872,الأكل وصل متأخر وبارد جدا .. البيتزا معجنه والصوصات عليها قليله جدا حتى الفراخ فجزء من الاوردر كانت شبه نيه
873,He was so rude
874,البيتزا كانت باردة زي كل مرة باطلب من ال منيو بيكون الاكل بارد جدا
875,الطعم كان سيء والاطراف ما كانتش محشيه جبنه يا دوب تحس انو فيه جبنه الباقي عجين اول مره اطلب طلب من بابا جونز ويوصلني بالشكل السيء دا
876,كنت طالبة sause اكتر من واحد وجيه واحد بس وانا دفعت حقهم والاوردر اقعد اكتر من ساعة
877,البيتزا باردة جدا
878,Received wrong order
879,البيتزا وصلت ساقعة
880,زي القرف حاجه تكسف فرع سيئ اوي ، والله اسوء بيتزا كلتها
881,اخر مرتين البيتزا كانت كأنها بلاستيك معرفش فيه ايه
882,البيتزا مفيهاش فراخ خالص هي ٣ قطع بس
883,i ordered extra cheese i get less cheese than usual
884,البيتزا حشو الكرات المفرومة قليل ومافيش ولا قطعة ماشروم ومغرقها صوص باربيكيو عشان يداري نقص اللحمة و الطعم ملخبط
885,Very bad pizza dough and toppings.
886,The pizza is made with bbq souce
887,Cold and pizza sauce tasted bad
888,"The order took more than 2 hours, it was too cold and tasteless. Moreover, the package was a mess as if it was fall"
889,There was no ranch sauce with the order
890,The food was deleicious and the driver was extremely respectful.
891,وحش جدا جداااااا اخر مره هطلبه سئ جدا 🤢
892,رااائع
893,طعم سيء و غير نظيف من الواضح لاني جالي تاني يوم انا و ابني اسهال و سخونة..
894,تجربة ممتازة كالعادة بس أطراف البيتزا الستافد كرست بكنتش بتشد على غير العادة
895,بارد
896,the delivery guy gave me an attitude of racism and disrespect plus he keeps complaining to deliver the meal to my floor he asked me to come downstairs to pick it up while I was already working. I wish next time this wouldn't happen.
897,الأوردر وصل غير المطلوب الجودة كويسة جداً ماحبتش اعمل شكوى وقتها لأن حلها كان هياخد وقت أكتر وأنا كنت لازم أنزل وكان معايا أطفال لازم ياكلوا اضطريت أعمل أكل تانى فى البيت لأن البيتزا اللى وصلت غير اللى طلبتها ومش كل الأولاد عرفوا ياكلوا منها
898,The pizza was fresh 👍🏼
899,👎🏻
900,ممتاز وافضل بيتزا رانش 👌
901,ناشفه
902,Very nice thanks
903,قطع الفراخ قليلة اوى اوى!!!!! . ياريت يزودا قطع الفراخ شوية .
904,للأسف...الجودة من سئ إلى أسوء ...طلبت تشيكن رانش و تشيكن باربيكيو ...البيتزا عبارة صوص وشوية خضروات...الفراخ شحيحة جداً جداً .لاتكاد تميزها
905,بجد مطعم بقي اسم علي الفاضي حاجه سيئه جدا أقسم بالله
906,pizza was great but stuffed crust is a waste of money. there was barely any cheese and it was tasteless.
907,"Chicken poppers’ taste & quality were not as expected (Not pure chicken meat, فيه جزء جلدة و قرقوشة كده جوه) Some pieces were so yuckyy"
908,The pizza was almost burned and very hard... I would have done better by putting bread with cheese in the iven
909,It wasn’t delicious
910,بارده و بايته و بجد طعمها زفر و مفيهاش جبنه و الاطراف مجلده
911,الاوردر جه ناقص الصوص و دفعنا فلوس حاجه مجتش اصلا
912,رائع لكن احب انهم يرجعوا بوفيه السلطات اللي اتلغى مع الكورونا.. كان بيفرق جدا معانا ف الطعم بجانب البيتزا
913,الاكل بارد جداا
914,The chicken ranch misses the chicken and the ranch sauce!!! While the pepperoni was rich and delicious
915,الاكل ليس ساخن
916,Smoky pizza was cold and dough was very bad
917,"The food was good,not very hot but good👍🏻"
918,رائع👌
919,"Pizza tasted like cardboard, i couldn't chew it, barely cheese on it, arrived cold and didn't even bother to slice it 😂😂😂 Worse pizza in the world"
920,البيتزا كانت سيئه جدا وناشفه وبارده
921,Cold and not fresh at all. Order came late! Disappointing
922,Just came in no time but with jalapeños and I said no jalapeños
923,فى حاجات طلبتها من الصوصات وماجتش
924,كميه صلصه كبيره جدا مع كميات محدوده من الحشو من اسوء المرات
925,البيتزا كانت قديمة مش طازة واضح انه اوردر قديم ويدوبك اتسخن وجالي.. اول مرة تكون كوليتي الاكل سيئة جدا جدا بهذا المستوى.. حتى الطعم كان سيئ للغاية.. مش دا طعم بيتزا تشا تشا.. انا باطلبها من سنين
926,Worst stuffed crust ever
927,جالي طلب خطأ وتم محاسبتي على الأغلى سعر وطلبت أجنحة دجاج جالي عضم فيه نقطة لحم يعني حاجة في منتهي قلة الأدب.. السعر الغالي لا يتناسب مع حجم الأكل إطلاقا يا جماعة .. عيب عليكوا بجد!!!
928,Not bad
929,The food wasn’t fully fresh
930,very very bad and we all had stomach ach
931,"I didn’t receive order , it was too late i kept calling customer service they said he is out for delivery, after 40 mins and calling them above 3 times, they said it was delivered 30 mins ago. And the time was late to order any food i had to move. A..."
932,the pizza comes with ranch sauce and i ordered extra ranch box...i only received one
933,محروقة
934,Pizza was cold and not tasty at all
935,overrated and overpriced for its quality and taste. Pizza arrived cold and overcooked.
936,"Average ,size is small for money paid."
937,Pizza was dry and cold with minimal to no chicken pieces.. and late for an hour despite that i’m 10 minutes close to the branch
938,food was super late...when it did finally come it came without my drinks. Cold and box was broken.
939,بيتزا نص و نص … وصلت بارده و متأخره و العجينه بايته و مفيش موتزريلا …. أسوأ حاجه كلتها ف حياتي
940,لسه طالبة اوردر نصف ونصف جالي طلب غير اللي طلبته.. انا كنت طالبة بيتزا مدخنة تتمنها ٧٧ جالي مكانها بيتزا ببروني تمنها ٧٢ يعني اوردر غلط وكمان دفعت اكتر من المفروض أدفعه!!!
941,الاكل كان بارد والعجينه كانت نشفه
942,"6 cheese had very thin layer of cheese, so it was disappointing"
943,Coldest pizza ever very thick
944,Wasn’t as good as it used to be and it had very little chicken
945,it wasn't hot
946,"bad experience ever,pizza dough not tasty at all. chicken was bad not good and there was stinks taste and sauce not sounds good"
947,كان في ف الاكل شعر جوا العجينه وبجد دي حاجه سيئه جدا
948,w kanet barda awi
949,زفت
950,excellent
951,الصوص قليل
952,🥰
953,high price
954,The pizza had hair in it and the chicken tasted bad. The overall experience I had this time from Papa John’s was way less than the usual which is very sad.
955,Perfect as usual ❤️
956,الطلب تشيكن رانش تقريبا من غير تشيكن خالص مفيش صوص مع الطلب الحجم اصغر من المعتاد
957,كانت سيئة
958,تلصوص ما جاش
959,The order was late it took more than hour and 30 mins to arrive. For one little pizza! Second the pizza was cold and taste not as expected from papa jhon’s! Literally was terrible! Never again!
960,"Pizza was cold and not fresh , wings were saggy and cold"
961,اجمل مرة اكلت فيها من بابا جونز كانت رااااائعة شكراً
962,They take a lot of time
963,البيتزا كانت سئه جدا
964,very fast delivery. one of the best Pizzas in Egypt!
965,9 le for a tiny ranch sauce!
966,فرع عبدالحميد دايماً حلو و حاجتة نظيفة ، رانش تحفة و تشيز لافرز
967,جيد
968,العجينه ناشفه جدا
969,حصل موقف ان كنت طالبة اكسترا تشيز و جتلي عادية و في فراغات في البيتزا كلمتهم بعتولي واحدة تانية بسرعة صراحة بس اتمنى الاوردر يتبعت مظبوط من الأول بعد كده
970,Noce
971,البيتزا كانت سيئه جدا جدا كميه الفراخ قليله جدا والبيتزا جايه بارده ومجلده والطيار اتاخر جدا بجد كانت وحشه و بشعه
972,The cheese was very poor quality
973,the pizza was delicious but the negative response its coming cold not hot
974,بيتزا تشيكن رانش لذييييييييذة
975,البيتزا المارجريتا كانت في أسوء حالتها علي عكس المتوقع
976,the sauces were hard
977,it was for my son 5years that one had pepper 🌶️
978,So bad it’s was disgusting
979,Very expensive!
980,الاثنين مكنوش احسن حاجة الاوردر كان بيقي احسن وافضل وطازة عن كدة
981,راح مكان تاني
982,Was so good
983,Why do you guys keep sending ranch sauce with a chicken bbq pizza?? I don’t get it!!!
984,البيتزا حلوه بس الاوردر اتأخر وفطيرة الشيوكلاته مش فطيره هي عجينة بيتزا وعليها شيكولاته ومش حلوه خالص
985,The pizza barely had toppings and was a bit cold
986,shall provide inline payment method
987,Pizza ranch was rotten!! Kant old w bayza!! Horrible horrible
988,أسوأ مطعم بيتزا بجد والله وحش جدا
989,not even hot
990,Very oily pizza
991,Taste was horrible as if they used worse ingredients! This is the 2nd time in a row that the pizza doesn’t come as expected
992,"Was amazing and delicious, great experiance and amazing food and food was delivered fresh and hot"
993,good pizza👍 bad price👎
994,pepperoni rolls where almost empty
995,مكنتش احسن حاجه مع اني جربتها قبل كده وكانت حلوه جدا المره مكنتش حلوه وجايه بارده
996,عدم وجود سداد بالفبزا رغم وجود الطلب على طريقة الفيزا
997,poor quality
998,Pizza was mixed. The ranch was all over the cheese burger part
999,There is no ranch sauce on the top of pizza And no ranch sauce with the order
1000,الأكل متأخر تلت ساعة و جاي بارد و إضافات غلط و طعم وحش جدا
1001,سيئة جدا جدا جدا
1002,بصل كتير والمكونات قليله جدا
1003,سئ جدا والبيتزا جات محروقة
1004,very oily
1005,تأخير و أكل بارد و إضافات على البيتزا غير مطلوبة تجربة تقرف بصراحة
1006,محترمين طعم وسلوك وتوصيل
1007,لم ياتى الاثنين صوص بيبرونسينى
1008,البيتزا سيئة جدا
1009,"They sent the worst pizza (looked old and tasted bad) and delivery took 2 hours, and then after an hour long call with their hotline, they sent a replacement pizza that was good"
1010,الاكل سيء جدا
1011,البيبروني كان ناشف شوية عن العادي
1012,اسوا بيتزا اكلها من بابا جونز صغيره جدااااااااااااااااااا ومفروض ان فيها تلات انواع جبنه مفيهاش جبنه اساسا
1013,الاطراف كانت ناشفة مش زي كل مرة والفراخ في الرانش كانت ظفرة
1014,"For the first time, I ordered pizza without mushrooms and it came with mushrooms."
1015,Worst food experience ever! Order took longer than expected and the food was wrong & tasteless plus there was an item missing
1016,سيء جدا جدا مفيش جبنه نهائي عبارة عن عجين اسوء بيتزا
1017,طعم ممتاز وسرعة توصيل
1018,Ks
1019,الصوص موصلش اصلا
1020,not hot at all. very little portion of ingredients & ranch sauce over the pizza.
1021,The peporoni was overcooked
1022,chicken ranch didn’t have enough chicken
1023,كنت طالبة صوص زيادة ماجاش
1024,الاوردر جيه بارد ومكونات الپيتزا قليلة جدا
1025,delivery is kind of expensive i am next to restaurant but food is good
1026,Very little ingredients
1027,Missing dips
1028,It was really the worst pizza i have ever ate It is not fresh I’m so disappointed from papa john’s i used to love papa john’s pizza but from now i will never order it again
1029,Pizza was almost cold.
1030,All items came with ranch sauce while i request pizza sauce and bought garlic sauce. I can say that Cheese sticks came without cheese
1031,"The pizza was so so stale, like as if it’s baked from 3 days ago and they just re-warmed it"
1032,اسوأ تجربه على الاطلاق .. البيتزا باردة و ناشفه و التشيكن زفرة و الجبنه ناشفه جدا و كل حاجه فيها استغفر الله العظيم كانت اول تجربه و الاخيرة
1033,😅
1034,The worth pizza ever. Very bad quality and the pepperoni was really awful .
1035,الاكل كان مش طازه و بارد جدا و فكرت نصف ونصف مش حلوه
1036,the pizza was so oily and the pepperoni was so dry! it did not taste good. it was my first time trying this pizza as home deli. but am never doing it again.
1037,العجينه مركونه و الطعم وحش
1038,الدليفرى سريع والطيار شاطر وعارف المكان والبيتزا تحفه كالعاده
1039,Sauce el ranch مجاش مع الاوردر الpizza مكنتش احسن حاجه و الفراخ و الtoppings كانو قليلين
1040,فطيرة الشكولاته لا تشبه الصورة ابدا
1041,"Delivery was very efficient and fast, delivery guy very decent food was horrible"
1042,food came cold. it was good but cold
1043,جالي بييتزا حجم صغير و انا طالب حجم وسط مع انو واخد فلوس البيتزا الوسط مش الصغيره ١٤٤ جنيه
1044,البيتزا باردة جدا و المكونات مش فريش
1045,So bad and almost no toppings not as expect so bad I'll not order again
1046,الصوصات مجاتش
1047,اتسممت منكو لله
1048,البصل زيادة في cheese بيتزا
1049,The pizza was very watery and looked really bad. The BBQ was too much and it was literally dripping bbq sauce. Very bad experience
1050,The chicken tasted unfresh and seemed old
1051,البيتزا لاصقة في العلبه
1052,We found a hair in the pizza!!
1053,البيتزا كانت روعه بس البيتزا كانت برده مش زي كل مره تكون ساخنه
1054,Not hot and doesn’t taste good
1055,late in order
1056,too late
1057,J
1058,بيتزا ناشفة جدا .. شكيت انها مش فريش! الرانش على البيتزا قليل جدا جدا و الكريمي نفس الحكاية Completely disappointed
1059,I didn’t ask for spicy one but he made it without asking me
1060,The pizza was not hot
1061,Kant kwaisa
1062,جميلة جدا و سخنة و يارب تحافظوا ع الجودة دي
1063,very bad service . 2 days ago i have orderd chicken ranch pizza and they get it to me withount any ranch sauce . only the chicken with no sauce on topping or even the small cup . it was dry as hell 😒
1064,too expensive
1065,There was dirt in my pizza
1066,الرانش الموجود على البيتزا قليل جدا و الفراخ كان فيها زفارة
1067,i ordered it spicy but it cane with no taste
1068,اوردر بن متناكه وصل متأخر يلعن دين ابو ده تطبيق على ده محل بن زانيه مع الحب
1069,the food was amazing.. the delivery guy so decent
1070,كميه الفراخ في البيتزا قليلة جدا
1071,there was barely any cheese on it Although its 3 cheese and very little pieces of chicken. the driver called twice and the call center claiming that the address is not clear while I always receive orders on it normally.
1072,حلو نيك
1073,عجينة البيتزا سيئة جدا وناشفة والفراخ اللي عليها ناشفة والطعم اسوأ
1074,It took them 2.5 hrs to reach me and the pizza was cold !
1075,لازم ارخص شوية
1076,The food was great but the portions are smaller and the price is higher?!
1077,Not fresh pizza
1078,I've added pepperoncini sauce but unfortunately didn't receive it :(
1079,Horrible pizzas and cheese sticks. The dough is very dry and stale. Quality of the food has been going downhill for a while and it finally hit rock bottom. Don’t know if this is the only branch that has gotten worse or all branches are equally affect...
1080,Worst dough ever!!! Never ordering again! my friends and I got sick after. I don’t recommend.
1081,البيتزا جت مقلوبة من جنبها
1082,The pizza was very dry and blunt the cheese was very hard it wasn’t enjoyable at all nor fresh
1083,اللي متعود عليه ان البيتزا تبقي مخدومه.. كنت حاسس اني باكل عجينه بس .. و المفروض بيجي مع البيتزا الاوريجنال صوص رانش .. بس ماجاش حاجه
1084,The food wasn’t hot at all
1085,تحفة وعمر الطعم ما بيتغير
1086,مش اجمد حاجه ف الحاجات الحلوة، غير كده جامدين ف كل حاجه
1087,",,"
1088,Order didnt come as expected because the agent asmaa from el menus didnt deliver it right
1089,thank u so much for the good food and delivery
1090,بصراحة الاكل مكنش كويس خالص و جي بارد و حاجة مقرفة
1091,can't follow instructions and sauce packet broken and dripping everywhere
1092,it wasn't fully cooked
1093,ال تشكين رانش الفراخ طعمها كان بايظ 👎🏻
1094,البيتزا جت مش متقطعة
1095,حراميه
1096,You added onions and i hate onions and it wasn’t supposed to have onions! I was so sad seeing the onions.
1097,Best pizza ever!!
1098,"I ordered stuffed crust large pizza and it almost had no cheese at all in the crust. Both pizzas had almost no topping as if both pizzas were margarita, although neither were margarita."
1099,The margarita tasted stale and done from some time
1100,افضل بيتزا فى مصر كالعادة
1101,No chicken in the chicken ranch pizza
1102,من افضل واحلى المطاعم كالعاده طبعا
1103,too much mushrooms in the chicken ranch and it was awful ...
1104,Great experience!
1105,very small for a medium pizza
1106,كنت طالباه من غير هالبينو جاتلي سبايسي واكسترا هالبينو
1107,I order katchap packets and it doesn’t arrived
1108,food was cold and the order was missing some items
1109,very good
1110,Food was a bit cold
1111,"pizza quality poor, dessert worthless, bad experience"
1112,Garlic sauce not delivered
1113,Saw a 🔩 inside the pizza
1114,فرع اللي بيوصل لحدايق الاهرام... سيء جدا البيتزا فاضيه و محروقه و متستاهلش الفلوس بصراحه
1115,Jwueb
1116,اجمل وأروع بيتزا اكلتها ف حياتي مطعم نضيف جداااا يستاهل ١٠٠ نجمه😋😋😋
1117,the best! however the amount of cheese is becoming less and less on the ranch pizza unless I order it with extra cheese.
1118,الصوص مكنش كفاية خالص والعجينة مش احسن حاجة
1119,الاكل كان جميل جداً بأمانة بس نسيتوا صوص الرانش
1120,بس كان ناقص صوص البافلو متحطش على البيتزا 😊
1121,البيتزا جت باردة و مجلده و كمان من غير رانش صوص و لا فلفل و مش اول مرة يحصل كدا و كتبتلهم يجيبو و برضو خدمه زي الزفت
1122,زبالة ومش هطلب تانى ابدا من بابا جونز
1123,تقريبا مفيش فراخ خالص ف البيتزا ودي مش اول مره يبقي قليله اوي بالمنظر دا
1124,"the quality has deteriorated greatly, almost no meat. very disapointed."
1125,Mm
1126,كنت طالب عرض 185 جنيه اتنين وسط وطلبت واحدة منهم 6 cheese جاتلى مارجريتا
1127,They forgot to add extra cheese
1128,البيتزا ناشفة و محروقة
1129,الفراخ كنت قليلة جدا
1130,جميلة كالعادة
1131,البيتزا كانت ناشفه جدا و المكونات محروقه
1132,the peproney was not good
1133,البيتزا كمية الجبن والفراخ قليلة جدا جدا جدا اول واخر تجربة
1134,الحشو قليل و مش متوزع كويس
1135,"the chicken wings were beyond crap. no sauce at all, not spicy at all and tasted very bad, and everything was cold."
1136,Chicken wings not as delicious as advertised
1137,المرادي غير اي مرا البيتزا فيها حاجة غلط و كانت اصغر من الميديام بكتير وواضح انه كان متاكل منها وجت في اقل من عشر دقايق فكنت حاسس انه اوردر حد تاني و قعدت اتصل بخدمة عملاء باب جونز محدش رد
1138,It was late for 2 hours
1139,The chicken ranch wasn’t nearly as good as before however fast delivery
1140,pizza was dry and cause upset stomach.
1141,Gh
1142,1h late
1143,كميه الجبنه والحشو اقل بكتير من البروح بنفسى اجبها من الفرع
1144,Very late it was supposed to be received 10:23 but I received it 11:05 and pizza was very cold
1145,Ranch souce مجاش مع الاوردر
1146,food was horrible. i had to throw the rest away and it gave me some diarrhea.
1147,They didn't add extra sauce for me as i ordered and they add bbq sauce at the top that's not there standard Way disappointed
1148,portions so so poor
1149,البدزايا كانت برده جدا و لم يكن فيها جبن كثير و لم تكن كبيره غير كل مره للفاميلي سايز
1150,لاقيت حشره فى الكرست بتاع البيتزا و. حاجه. قرف
1151,فرع شارع النصر المعادي اسوء فرع اكلت منه حرفيا. البيتزا غرقانه صلصه بالميه و الجبنه ناشفه و بتقع من العجين اول ما نرفعها. بالا چونز مش وحش بس كل مره اروح اكل من الفرع ده بندم حرفيا
1152,all pizza was not hot
1153,the pepperoni pizza was overcooked
1154,The dough is too chewy.. The 3 cheese pizza looks & tastes like the regular pizza.. Chicken wings came much less warm than the pizza
1155,the pizza was'nt hot and I didnt get a sauce with the pizza
1156,the pizza was much thinner and had much less toppings than last time i ordered it
1157,"idk what happened but this was the worst pizza I've ever eaten , the tomato sauce was so bad the cheese was bas the pizza was dripping water idk what was this it went straight to the garbage"
1158,"the pizza was horrible, it was solid hard, drowning in bbq sauce, absolutely trash."
1159,good perfecto
1160,Worst Experience i have ever had from papa john’s
1161,I didn’t receive the order
1162,الاوردر واصل بارد والبيتزا ساحت على بعضهاوا
1163,"Pizza was a little over cooked, but the restaurant was nice."
1164,its good but why on earth do you put extra ranch for original not stuffed crust pizza
1165,الاكل بارد جدا رغم درجه الحراره حر ده معناه البيتزا بقاللها فتره كبيره خارج المطعم شي وحش
1166,طلبت علبة رانش زيادة ودفعت فلوسها ومجتش
1167,I ordered the pizza without tomato and they added tomatoooo
1168,Very polite
1169,البيتزا ملسوعه و ناشفه
1170,الحشو قليل جدااا البيتزا مش مخدومة كويس رغم انها لارج وسعرها غاااالى انا مش بدفع السعر دا ف عجينة فاضية 😠😠
1171,للاسف البيتزا وصلت بارده .. العجينه بتاعه البيتزا للاسف سيئه جدا .. كنت طالبه تشيكبن رانش وتشبكين باربكيو تقريبا مكنش فيه غير عينات فراخ ومفيش طعم لاى صوص
1172,The 6 cheese tastes like margherita. Price is def not worth what you get. Not enough nutella on the chocolate pie either..
1173,البيتزا جايه مقلوبه و الحشو لازق ف الكرتونه
1174,الاكل مان بارد جدا
1175,…..
1176,Ouais c’est les meilleures pizzas que j’ai mangé au Caire
1177,كنت طالب كان سيفين دايت مع الاوردر و الطيار مجبهاش و مدفوع فلوسها و حاولت اتواصل مع المنيوز عن طريق الايف شات و كان في مشكلة ان الرسايل مبتوصلش و حاجة في منتهي السوء
1178,The delivery was fast and the driver was polite
1179,Worst pizza I have ever had.
1180,Please write on the chicken poppers that it is spicy
1181,"Wrong order , the half and half was a full pizza"
1182,التشكين بوبرز مش مستوية و اترمت كلها و جية من غير صوص خالص و البيتزا مستوية زيادة عن اللزوم
1183,Promocode didn’t work which is why i downloaded the app in the first place. The ranch pizza was dry
1184,they sent the ranch pizza without ranch sauce!!
1185,overall very well 👍👍
1186,There was hair in my food
1187,تقررررف
1188,Wasn’t hot
1189,chicken wings tasted so bad
1190,the pizza came cold
1191,كتير
1192,The pizza came cold and mozzarella was very scarce. Bad experience 👎
1193,الاكل كان سيئ جدا ناشف جدا و مش سخن
1194,كان وحش جيدا و بارد و مفيش اي سوس خالص
1195,انا عايز اعرف الشوكلت فين وبعدين كاتب سعر علي الابليكاشن وسعر تاني لما الدليفري جه
1196,No enough cheese and not hot enough
1197,البيتزا كان فيها خشبة صغيرة ، و العجينة الاستافت كراست مش مستوية عجين لسه و دي تاني مرة تيجي مش مستوية للأسف
1198,the pepperoni pizza was the worst ever and the other pizza as well
1199,العجينة ناشفة والجبنة المودزريلا جودتها مش حلوة
1200,El pizza kant bardaa b3d kol l t2kher da
1201,they didn't look at my comment
1202,The pizza was so cold and the taste wasn’t good
1203,الطلب كان بينا نصف ونصف (نصف سوبر بابا دجاج، ونصف بيبروني) ولكن حصلت على نصف سوبر بابا لحم ونصف بيبروني
1204,الأكل كان ساقع و وجعلي بطني أنا و الناس اللي كانوا معانا
1205,worst taste ever for the chicken ranch pizza
1206,Too oily not like usual
1207,الاكل جه متأخر ساعة ونص
1208,The half of chicken ranch was without chicken at all only mushrooms
1209,البيتزا مش مستوية خالص
1210,بارده جدا
1211,love of my life bgd Papa John's is the love of my life hamoot
1212,"Cold food, ingredients taste and feel like plastic in your mouth. Papa John’s used to be the go to for quality ingredients. Quality has unfortunately gone downhill. The company needs to source quality ingredients again, like ten years ago. Lost a ..."
1213,It’s shrinkflation. Pizza 6 cheese supposed to have enough cheese on it. My pizza had so little cheese that dough with tomato pasta was out. Even margarita pizza has more cheese. Cheating
1214,there wasn't enough ranch dressing
1215,الاكل بارد جدا
1216,البيتزا كانت بارده والفراخ كانت بايظه وطعمها وحش اووووى
1217,بيجى بارد وليس له طعم
1218,العجينة ناشفة جدااا زى العيش مش عجينة بيتزا خالص
1219,very poor cheedar cheese not as usual
1220,Not like before taste is very normal
1221,جامد و بيوصل بسرعه
1222,Some of the ordered extras didn’t arrive and was told by the delivery guy that it was in the box but it wasn’t (garlic sauce)
1223,الطلب كان شويه بارد
1224,The pizza was cold and the order took over 1 hour and a half
1225,smelly meat an package was not sealed
1226,v good
1227,The taste is awful we threw all the order the attitude of papa John was unexpected and they were very rude really it is my last time to make an order from them even from Elmenus application I will delete my account
1228,Pizza was not good
1229,فف
1230,جت بارده جدا
1231,so bad taste and the manager don't helpful with us of anything I will rate one for decoration in the restaurant
1232,Very quality u al most got food poisoning
1233,the pizza is very spice i told the resturant i need the pizza not spice and they gave me the pizza spice and my stomac is distroied
1234,"I got food poisoning, very disappointed"
1235,was better all the previous times
1236,البيتزا عملتلي مغص لمدة يوم انا واختي .
1237,garlic sauce is missing
1238,arrived cold
1239,O
1240,too small
1241,It came without ranch sauce
1242,الجمبري وحش جدااا وصغير جداااااااااا.. البيتزا ولا ليها طعم
1243,كانت بارده وبتشد
1244,كان الطعم سئ جدا و العجينة رقيقه بزيادة و طعمعا سئ و هذا ليس ما تعودنا عليه من بابا جونز
1245,the chicken bbq pizza was not good it contained onions and small amount of chicken
1246,"Unfortunately, Papa John's is no longer the best pizza in Egypt."
1247,"Very bad no chicken no sauce and not fresh, bad experience"
1248,Not warm
1249,The pizza was really bad in taste. The toppings were very less and not even on the pizza half the pizza didn’t even have the chicken on it. Very disappointing. Barbecue chicken were not even coated with breadcrumbs before digging them in the barbecu...
1250,"they bring normal pepsi while we ordered diest pepsi , fasy delievery and was fresh"
1251,0/5 if i can. U r overrated. The edge crust is too big. Hardly any sauce and topping. U r a disgrace to pizza
1252,البيتزا عليها رشة جبنة والاطراف كلها ناشفة كلها عجين
1253,الاوردر مش سخن
1254,البيتزا فى منتهى السوء طعمها وحش جداااا و بخل غير عادى فى الجبن والصوص حقيقى ندمت ومش مسامحة حتى فالفلوس ألى خدوها ف بيتزا لو جبتها من فرن كانت هيبقى ليها طعم
1255,الفراخ زفرا والبيتزا كانت سىئة جدا
1256,الاضافات اللي طلبتها مكنتش موجوده
1257,yes
1258,بس لو تزودو الجمبري شوية يبقى افضل.
1259,حلو بس السعر مبالغ فيه.
1260,Perfect🥰!
1261,Love it
1262,awesome
1263,"My pizza was supposed to come with mushrooms, but there weren’t any on it. I was very disappointed."
1264,سرعة التوصيل والاكل كويس
1265,"It’s simply amazing! the order delivered after 35 mins of placing the order with the restaurant, it was fresh, tasty and hot. Thanks Papa John's."
1266,"Cheese was cooked for too long, not melting"
1267,البيتزا جت وحشة جدا باردة ومجلدة و العجينة زي ورق الكارتون فقيرة كل انواع الخامات ومحروقة من تحت
1268,بارد و حشو ضعيف
1269,The pizza was barely warm and needed to be reheated.
1270,over 2 hours late and of course the pizza was cold and one of the ranch sauce packets was open and half full
1271,فرع مول كرستال سيئ جدا اتاخرو جدا ف التوصيل ممكن اعذرهم عشان ده يوم وقفة عيد بس البيتزا جت وحشة جدا باردة الجبنة محروقة الفراخ بالظببط حجمها اقل م عقلة الاصبع و كام وحده على وش البيتزا صوص الرانش قليل والعجينة نشفة كاني باكل ورق كارتون لا و الفرع ا...
1272,القيمه والطعم سئ جداً الاوردر ناقص اكتر من 4 اشياء
1273,we didnt receive our food!!!!!!!! someone call us on 01006071706
1274,Too many lies to list in here
1275,البيتزا جاية فقيرة جدا والجبنة زى البلاستيك الكواليتى بقى وحش جدا
1276,الحشو بقى قليل جدا مش دايما المنتج بنفس الجودة احيانا يبقى جيد الحشو مظبوط وأحيانا غير جيد الحشو قليل جدا هذا يعنى ان الجودة غير مستقرة مما يؤدى لضعف الثقة
1277,"There were not a Ranch sauce packet or Ketchup. Also, the stuffed crust was bad and rigid, not melty cheese."
1278,نشفة
1279,باردة
1280,مكونات قليله والفراخ زفره
1281,there is a problem in quality control it was perfect yesterday but today it came without dipping sauce and the cheese wasn't good there is no chicken
1282,Not enough cheese
1283,Very bad cold food pizza was null and the vegi one was wz no cheese ar all the chees bread was so so so bad last time to order from that place
1284,الطلب وصل متأخر و بارد و مجلد
1285,البيتزا الميديوم بقت اصغر من الأول.
1286,الاكل تمام بس نقصت نجمه عشان اتاخر جدا
1287,the dough need to be more juicy.
1288,بيتزا رائعة .. وفرع اروع .. شكرا ليكم حاجة ممتازة
1289,عجينة رفيعة جدا مكونات ضعيفة جبنة قليلة جدا
1290,اكانت اطرافها محروقه و عباره عن صلصه و مفيش جبنه
1291,كانت سيئة وباردة ومتستحقش تمنها
1292,"العجينة سيئة جدا ، مش بيتزا تماما , طعمها عبارة عن عيش فينو ، وملقتش جمبرى ،ولا الاضافة اللى طلبتها ، باباجونز خابت اوى"
1293,تم طلب اورد بيتزا سوبر بابا يوم الخميس الموافق ٢٠٢٢/٤/٢١ من فرع شبرا مصر عن طريق تطبيق elmenus استلمت البيتزا بكمية جبنة قليلة جدا و الصلصة كان مبالغ فيها زائد ان السلامي كان ني و طعمه زفر عكس تماما الاوردر اللي بجيبه من فرع سيتي سنتر ا
1294,البيتزا كانت روفيعه اوي و مفيش سوس رانش و بجد كانت وحشه جدا
1295,شكرا بابا جونز
1296,It was cold and not good as always
1297,عجينة ال stuffed crust كانت نية من الأطراف و طعم الدقيق و العجين واضح فيها
1298,الخدمة والتوصيل ممتازين
1299,Disrespectful behavior from the restaurant not delivering
1300,البيتزا زي الزفت طالبه تشيكن رانش مفيهاش فراخ اصلا غير حتتين في البيتزا كلها وزفرة بتاخدو الفلوس دي كلها وتحللوها لنفسكم ازاي حسبي الله ونعم الوكيل بس
1301,Pizza is 50% or more dough. Little cheese and toppings and crust is burnt. I’ve had it in another branch today and it was way better so it’s a very bad quality in this branch. Not ordering it again. I’m actually very disappointed.
1302,barbecue sauce was horrible....dough was terrible smelled really bad
1303,Perfect treatment
1304,اسوء محل بيتزا
1305,اتاخر و جيه بارد جدا و التوبنج قليل كان سئ جدا
1306,زباله زباله زباله طعم مفيش اوسخ من كدا !!!!
1307,سيء جدا الاكل كان بارد و بذات الchicken buffalo مكنش فيها فراخ اصل انتو خلتوني مش هاكل بيتزا بعد كده
1308,الأكل باارد
1309,سيء جدا وغالي جدا
1310,الأكل كان بارد جدا!
1311,h
1312,We didnt take it cuz we lost the money then found it after the man left he should of left the pizza.....
1313,الطلب بارد و الطعم سىء
1314,Good but not spicy
1315,الاكل وصل بارد جدا
1316,الاوردر غلط كله
1317,الاوررد اتأخر جدا ساعة و نص و الكارتونة من تحت مبلولة و مقطوعة
1318,I put a comment no make sure the ingredients to be of good quantity but the pizza came with very less ingredients. I am disappointed
1319,Without sauce 😡😡
1320,late delivery & taste not as expected
1321,Super like 😍👌👍
1322,الصلصه زياده والجبن سيئة
1323,Late delivery Order was wrong
1324,The worst pizza this time
1325,"The pizza didn’t include the normal level of toppings and sauces , the fried chicken on the pizza was raw and not well cook d"
1326,only in Beverly branch.
1327,طعم اقل من السعر
1328,pizza was not even warm
1329,البيتزا باردة للأسف مش اول مرة
1330,ناقص الصوص
1331,بيتزا عائلي جاي معاها صوص واحد صغير والبيتزا مافيهاش حشو كانك بتاكل عجينة بيتزا بس والفطيره بالشوكولاته كان مافيهاش شوكولاته يا حراميه
1332,It's getting smaller and more expensive!
1333,تحفه
1334,Cold and not fair topping portions
1335,متأخر جدا لكن الطعم روووووعة
1336,اكل زي الزفت وجعلي بطني و كان بايت
1337,The pizza was sticking to the corner of the box
1338,وصلت باردة و المكونات قليلة جدا
1339,It was good but cols i had to reheat it
1340,بيتزا لا تناسب السعر سيئه حجم عائلى ل ٥ أفراد بدون اى كاتشب باكت صوص رانش واحد ميكفيش طفل واحد تجربه سيئه مش هتتكرر
1341,البيتزا جات متأخره جدا وبارده وملهاش طعم
1342,جايه بارده
1343,G
1344,it was cold !!
1345,Little amount of cheese & taste for a pizza named 6 cheese
1346,good 🙂
1347,it was lacking two sauces that I ordered for extra money two times in a raw
1348,"I ordered chicken ranch pizza & all i got was dough with no sauce, few tomatoes & chicken portion for babies"
1349,Somone ate my jalapeño wtff
1350,البيتزا جميلة بس التشيكن بوبرز غالي جدا كقيمة وكمية مقابل سعر
1351,pizza was so 👎
1352,البيتزا باريكيو فراخ كانت زفت وباردة وطعمها وحش جدا جدا
1353,"The Ranch Pizza was so bad, the ranch sauce so bad and look so old ( tasted like old mayo) and got stomachache after food. Chicken wings so old and not tasty"
1354,"Very bad quality ,very bad taste Very bad experience Less than one star"
1355,The order was late
1356,Very very poor quality not as usual 😡
1357,They didn’t clarify the payment method before ordering
1358,الاحجام صغرت جداعن المعتاد و انا عارف الاخجام كانت عاملة ازاي بطلب كتير منهم ، الوردر خد حوالي ساعة و نص والبيتزا مكنتش سخنة اخر حاجة الاضافات او التوبينجز مش موجودة حرفيا معدومة طالب تشيكن رانش جيالي رانش بس
1359,I ordered extra mushroom and there was one piece of mushroom only
1360,the piazza was cold or reheared
1361,حلو جدا بجد ♥️
1362,Not hot enough
1363,نسيو يحطو صوص فى بيتزا
1364,للأسف خيب ظني جداً طلبت بيتزا الفراخ بالرانش في الواقع الي وصلي كانت عجينة بالجبنة بدون صلصة و بدون اي خضراوات فقط قطع فراخ تتعد علي الاصابع و شوية صوص حرفياً، للاسف تجربة سيئة جداً لا انصح احد ان يجربها.
1365,تحفة
1366,"Taste was really bad, no sauces, bad cheese"
1367,The portions are very small
1368,missing sauce!!!
1369,البيتزا وصلت بارده جداً والدليڤري متأخر
1370,ألم في المعدة
1371,the food was amazing and the ranch sauce is awesome but needs to come hot
1372,"food was not fresh , sauce was not included. Food was cold!"
1373,البيتزا فاضية ومفيهاش حشو مشفتش غير 3 قطع فراخ فى بيتزا الفراغ
1374,لا يتم اضافه الزعتر
1375,the super papa is spicy
1376,there was almost no cheese on the pizza and very little toppings
1377,سيئه للغايه
1378,Cold pizza and was in a very bad shape
1379,Taste very bad
1380,I did not receive the order
1381,كل حاجه ممتازة
1382,😍
1383,Best app for food delivery
1384,Food wasn’t hot and wasn’t good too
1385,"The order arrived cold, without jalapeños as i asked. Disappointed"
1386,Was cold and crust was rough to eat and not fresh
1387,Pizza was soaking with oil
1388,سقعه جداااا
1389,ذفت طعم
1390,pizza taste was weird
1391,I found a big piece of plastic bag in the pizza
1392,I don’t know what’s wrong with papa john’s lately the pizza was awful couldn’t be worse cheese tasted and felt like plastic
1393,Food was ice cold
1394,الديلفري وصل متأخر نص ساعة و البيتزا جاية بردة و طعمها مش حلو كأنها طالعة من المحل بقالها ساعة و الديلفري ممعوش اي فكة و قعدنا كتير اوي بندور على باقي
1395,The toppings was not equally distributed on the top.. but pizza was fresh & delicious
1396,Warm not hot.
1397,كميه الحشو قليله جدا عن كل مره كنت بتطلب فيها من المطعم الظاهر اهتمام المطعم مع الابلكيشن زي منيو و طلبات مش كويس زي الاتصال بالمطعم نفسه و الطلب منه
1398,"really bad not like how you get it in the store, you have to tell them to make it good to make it good"
1399,Very awful ! Cold and doughy!! Topping are tasteless as well !
1400,so thin and small even though i ordered large size . if this is the original crust i wonder what the thin and crunchy looks like.
1401,The quality is very good The food came very hot and fresh even though I ordered at the late night.
1402,worest pizza ever I asked for extra cheese because I know they don't add enough cheese so instead I got less cheese than normal I mean there is no way that they added extra cheese because it barely had any at all
1403,ميستاهلش يتدفع فيه فلوس سئ جدا جدا جدا اخر مرة فعلا
1404,لم يذكر انها مش فراخ حقيقيه وانها سوسيس رديء مدخن وباقى الاصناف تعتمد على اللحوم المصنعة... للاسف لم ينل اى إعجاب
1405,the worst pizza ever..very very thin and low quantity of cheese
1406,مفيش حشو ولا جبنة و جاية باردة ، حتة عجينة ب ١٧٠ جنيه ، حاجة تغم فعلا
1407,the pizza was great and delicious thank you
1408,مش بيقبل دفع بالوليت حاجه وحشه جدا منزعج للغايه 😡😡
1409,"It was the worst pizza i have ever received, cold , late delivery no katchup or sauce or even tissues …"
1410,العجينة اتغيرت عن قبل كده. و كمية التوبينجز قليلة و ماتريل مش حلو و صوص الرنش المحطوط قليل جدا. وكله كوم و بتاع الدلفري الي كل مرة يجيني من غير فكة و ياخد ١٠ جنيه زيادة و يهرب.... و لا خدمة العملاء لما اتصلت اشتكي قفلوا السكة في وشي .... بصراحة قرف و...
1411,حلو جدا طعم الأكل والتوصيل كمان سريع والأكل سخن ومندوب التوصيل محترم جدآ
1412,الجبنة قليلة جداً، و شبه محروقة
1413,The food was cold
1414,The garden special had so many onions so it wasn’t good but everything else is great
1415,New comeback for PapanJohn's.. Keep it up!
1416,The test of the pizza was horrible.
1417,small size!!
1418,The order came very very cold!!!
1419,V
1420,came pepperoni instead of the smoky cheese
1421,Love
1422,مش سخنه
1423,Na
1424,the order didn't came as i ordered it it was chicken ranch pizza and it came half and half which wasn't even smth i like to eat
1425,Very dishonest I paid for sauce I didn't get
1426,It was cold a dry when it arrived
1427,I ordered with no jalapeño and the receipt was written no jalapeños but unfortunately the pizza was full with jalapeño
1428,It was delivered cold
1429,Messing sauce the buffalo and it’s cold
1430,chicken ranch has 2 pieces of chicken in the entire pizza
1431,I wouldn’t order again from El menu
1432,طيار مهزق قفل ف وشي .. حقيق بني ادم مهزق
1433,خدمه عملاء سيء جداااا
1434,الاوردر كان بارد
1435,الجزء الخاص بالدجاج اصغر من المارجريتا
1436,wet and soggy. sauce is mayonnaise.
1437,The food was cold.
1438,محترم جدا و ذوق
1439,it was very bad not fresh at all
1440,sloooow delivery
1441,Different sauce came
1442,ممكن تزودوا بعد كدة علب صوص أكتر؟ شكرااا
1443,البيتزا خطيره مندوب التوصيل أسلوبه محترم جدا تم التوصيل قبل المعاد المحدد
1444,كانت ساقعه و ناشفه جداً جداً جداااااااً
1445,صوص الرانش موصلش مع البيتزا اصلا
1446,صوص الرانش غير صالح للأكل و فاسد تمامًا و خدمة سيئة
1447,hhh
1448,العجينه بايته والبيتزا بارده وطعمها كان يقرف ده انتو لو عاملينها ببلاش كانت هتبقي انضف واطعم م كده 🤮🤮🤮🤮🤮
1449,not bad
1450,Very bad taste and low material quality
1451,في العادة بتبقى البيتزا حلوة جدا.. المرة دي كانت ناشفة والمكونات ضعيفة ولا تؤكل وكمان جابت لنا تسمم.. مش عارف اقولكم ايه بصراحة!
1452,The best
1453,"food was cold,burnt and dry"
1454,it tasted bad
1455,Pizza not that tasty Overpriced
1456,المكونات طازجة وذات جودة ممتازه والجبنة بالأطراف تحفه
1457,سيء للغايه
1458,it wasn't as good as before
1459,الاكل جاي بارد ثانيا باكل عجينة بس و الاكل مش مخدوم
1460,the pizza lacked the dipping sauce and the bbq sauce on the chicken side was so little
1461,طلبت البيتزا Medium جاتلي Small و ال Extra رانش مجاش برضو
1462,تم
1463,It was so cold and taste really bad
1464,They forgot to get me the sauce I ordered.
1465,اخد مني فلوس و قالي هفك و مرجعش الباقي و الاكل كان بارد بجد كانت تجربه وحشه جدا
1466,Without chicken and its cold
1467,مختلفة عن لما بتتاكل فب المطعم صوص قليل و بخل فالمكونات بس العجينة كويسة
1468,كزا مره الاوردر يتاخر
1469,bbq was so little
1470,special experiment
1471,"Late delivery , wrong order and pizza was very cold"
1472,كل حاجه فى منتهى السوء
1473,why dose not have online payments
1474,اجمل محل لديكم
1475,المفروض كان فى خصم ٥٠ جنيه لانى طلبت الاوردر من لينك ارسله لى الاصدقاء و لكن لم احصل على الخصم
1476,البيتزا مافيهاش حاجات كتير
1477,all was super
1478,Pizza is always a bit cold
1479,It came cold and took almost 90 minutes to deliver me one medium pizza !
1480,البيتزا بدون دجاج تقريبا مع ان الطلب كان بيتزا دجاج
1481,الدليفري شخص سئ جدا
1482,البيتزا جت باردة جدا جدا ولكن يمكن بسبب الجو ، بس العجينة كانت مش مستويه ابدا وشكلها غير مقبول تماما، الاطراف انا طالباها محشية جايه جزء محشي وجزء لا ! ، اول مرة الاوردر يجيلي وحش وغير مقبول نهايي بالشكل ده
1483,No cheese in the pizza
1484,طلبت تشيكن رانش جودتها قلت جدا.. الفراخ قليلة و الصوص قليل جدا عليها. لكن العجينة كويسة
1485,Late delivery and the food was cold
1486,طلبت نوعين من البيتزا سيئين جدا جدا الاوردر جاى بارد اوى غير أن طعمة مش احسن حاجة والمكونات قليله جدا فيها والعجينة ناشفة
1487,Very cold pizza
1488,I was advised 139 EGP on el menus and the delivery guy said it was 146 and to sort it out with el menus
1489,shitty pizza...got food poison me and my friend never ordering it again
1490,Tmam
1491,اسوء بيتزا و مفيش فيها ولا مشروم ولا فراخ سيئة جدا و طعمها سئ
1492,The chicken ranch pizza has so little chicken and the order is not hot
1493,delicious and tasty
1494,وحشه اوي اوي اوي
1495,There was something like glass in the pizza!!! Also it come not hot
1496,"Food was cold and undercooked, wrong order, and late."
1497,"Thank you for bringing over smth to eat on time, but it was not a pizza we love, looked like 2 days old, tasted the same, no taste, just a hard tasteless large flat bread, for the family size pizza up to 10 pieces of chicken, tiny ones, all pizza is ..."
1498,I ordered an extra sauce and it didn't come
1499,لم يتم اضافه فراخ كما كان مطلوب رغم حسابه في الاوردر
1500,The food was cold and the wings were absolutely horrible.
1501,It was late
1502,الاكل كان طعمه سيء للغايه و كان بارد جداً
1503,الطلب قعد ساعة ونص عشان يوصل والاكل في الاخير وصل مجلد ومتلج
1504,Meat not fresh
1505,الطعام بارد
1506,العجينة كانت سميكة و الخضار متقطع كبير بشكل مش ظريف عادة بتكون أحسن من كدة بكتير
1507,So small
1508,و
1509,"Pizza was not fresh at all as it’s been ready and reheated Pepperoni was dry, very dry, Packaged ranch sauce was expired or something it was baaaad and not in normal texture at all. Ranch sauce on pizza smelt very bad"
1510,Very late
1511,horrible experience
1512,😡
1513,I ordered vegetarian pizza with no cheese. I got pizza with chicken and cheese it's aslan not what I ordered halos!!!!
1514,Pizza was hot and delicious
1515,بارد و فيه بصل مع اني طلبت من غير بصل وسئ جدا جدا جدا
1516,انا معرفش تقييم ايه الي عايزين اقيمه انا مستلمتش حاجه والاوردر طلباه بقالي ٤ ساعات مجاش لحد دلوقتي وكلمت خدمه العملاء من ساعتين قالي ربع ساعه ويوصل ولا حد عبرني ايه دا بجد خدمه زي الارف
1517,GOOD FOOD
1518,مش حلو
1519,سيء الاكل بارد و طعمه وحش جدا حاجة كده تقرف مقابل أن السعر غالي
1520,Cold and late
1521,the Pizza was cold....
1522,Coldddddd 🙄😡
1523,الاكل جه ساقع
1524,You guys are the best bruh keep the hard work
1525,بعد ما كلنا البيتزا انا و جوزي تعبنا جيدا و بطننا وجعتنا واتبهدلنا بجد
1526,صفر في المياه
1527,تحفه 👍
1528,Hha
1529,العجينه وحشه جدا و تقريبا مفيش عليها اي اضافات
1530,Order took 2.5 hours to arrive
1531,the Pizza was cold
1532,التونه كانت زفره جداااااااااا
1533,"Taste of pizza wasn't nice as usually, and pepponi rolls the same, the dough itself wasn't nice as usually 😔"
1534,الاوردر جاي بارد و مش مستوي و كمان فيه بذرة زيتون جوة البيتزا عيب عيب بجد بابا جونز مستواه بقي زي الزفت !
1535,باردة و تسوية اي كلام طعم الصلصة الغير مستوية .. مكونات قليلة جدا اوحش مرة جيبت فيها بيتزا بابا جونز مستواه بيقل
1536,الاكل كان ناشف جدا و جاى متاخر جدأ سيىء اوى
1537,الإضافات علي البيتزا قليله بس معقوله كطعم
1538,الاكل كان بارد، البيتزا كانت ناشفة جدا، والاضافات كانت معدومه فوق البيتزا! حاجه سيئة جدا
1539,Your customer service is the worst I kept hanged up for 10 mins without anyone answering !!!!!!
1540,el order wesel sa2e3 ka2no ma3mol ba2alo yomen🤢
1541,صراحه مش اوي عشان الوجبه صغيره جداا لاتكفي للطفل... والسعر غالي جداا عليها
1542,I just ate the pizza that day and i got stomachs ache and vomitted :) I order the chicken ranch pizza and I guess the chicken wasn’t cooked enough
1543,اوحش مرة اكل فيها من المطعم سواء من التسوية اللى جاية ناشفة جدا والا الطعم والا جاية باردة زى ما تكون متسهنة وبردت سيئة جدا جدا
1544,جميل بس الطعم مش احسن حاجه
1545,good but cold
1546,اسوأ فرع اكلت منه
1547,Loveu
1548,I can be better
1549,It was cold and awfully not fresh!
1550,bad and cold
1551,The pizza was swimming in ranch sauce and cold.
1552,جميله لكن بيتزا لما وصلتنى كانت يعتبر بارده
1553,The best ❤️✌🏻
1554,I can’t reach to the support
1555,Aas
1556,Didn’t receive it to begin with
1557,the this crust is so bad
1558,الاكل بيوصل بارد وكمية الجبنة بسيطة جدا والاكل بيجي زي الحجر
1559,the pizza was amazing 😍
1560,معقول
1561,الاوردر ناقص
1562,الطيار وعدني بإرجاع الباقي ولم يفعل
1563,the pizza was amazing and the delivery representative is so polite and professional
1564,"The pizza portion was really small for a medium size, the stuffed crust tasted really bad and there was no ranch sauce!!!! Worst time ordering!!"
1565,كان ناقص الصوص و حجمها صغير اوي
1566,ات
1567,I asked for extra cheese and the cheese was very little
1568,مكنتش سخنة و لا حلوة
1569,كانت مجلده
1570,الاكل وجعلي بطني انا و أسرتي
1571,It was cold and didn’t have much of a filling and didn’t taste as good as usual
1572,الاوردر غلط حاجه تانيه خالص وسعرها اصلا اقل من اللي انا طلبته ودي مش اول مره مع المنيوز مش هطلب من app تاني
1573,"Margherita and pepproni were so bad and not tasty . the day after, pizza was not eaten. I didn't order ketchup in my margarita, it was so full of ketchup that it overpowers the taste of cheese"
1574,Great experience it always comes on time
1575,الصوص مبكونش موجود كميه كافيه دا غير ان مبقاش بيضاف للبيتزا العلبه ، كميه الجبن ف الاطراف مش زي بعض حروف فيها جبن حروف مفيش و الفراخ كميه قليله
1576,it was totally delicious
1577,الاكل كان ساقع جدااا و جيه متأخر اووييي
1578,طلبت صوص باربيكيو و وصلني صوص رانش
1579,Not fresh at all
1580,el pizza kolha tamtem w mfeesh shrimp 9eer 3-4 el topping byo23 men el base ..7aga zeft
1581,Was cold and so bad
1582,الفراخ قليله و صوص الرانش قليل
1583,There was no sauces with pizza
1584,the food wasnt fresh
1585,Paid for something and received wrong much cheaper order
1586,cold and not tasty as usual !
1587,i just paid 155 le to eat just dough and chicken ramch sauce! there was nearly no chicken in the pizza!
1588,حلو اوى
1589,الاطراف سميكة زيادة شوية والحشو العلوي قليل .. غير كده هي مظبوطة
1590,Amazing taste and the ranch sauce is so special. Pizza delivered warm enough 8/10 times
1591,البيتزا وصلت باردة جدا و عملت شكوي و ماحدش رد عليا كل مرة اطلب من المنيو لازم يبقي بارد او فيه مشكلة
1592,الأوردر لم يصل كما طلبته بل وصل ناقص مع اني دافعة extras ودي مش أول مرة من الفرع دة
1593,بصراحة فطيرة النوتيلا وحشه جدا لو سندويتش كان هيبقي اجمل
1594,didn't get spicy as ordered 😕
1595,Worst pie i ever ate in my life its so cheap a molto would be better Late order when it came i litterly was eating a leather Pizza Took 2 and a half hours for God's sake Will do كشري و فطاءر هند next time for a better experience at least they put ch...
1596,يا ريت سرعة التوصيل تبقي اقل عشان انتو بتعودو كتير
1597,"cold pizza , quality !!"
1598,الاكل سيء جدا وبارد والاوردر اتأخر نص ساعه عن المعاد المفروض
1599,"I ordered chicken ranch ,papa johns delivers a chicken bbq which is terrible taste, and you made me pay price of chicken ranch, I will enter order from menues again, not even from papa johns either"
1600,"I ordered chicken halipino, you brought chicken bbq"
1601,"Papa johns have a terrible quality control i have ordered the same order for two consecutive days, in the first day the pizza came perfect and it was amazing and on the next day i decided to order that same pizza again and it came cold and there were..."
1602,There was no sauce on the chicken ranch pizza and there was very little amount of chicken. Pretty disappointed
1603,تقريبا مفيش جبنه والببروني ناشف وشبه محروق ومجلد بجد كانت سيئه جدا
1604,"I ordered one half and half pizza which was 6 cheese and chicken ranch , the ranch was normal but the 6 cheese was very poor , tasteless and not as expected at all , I suggest the restaurant to revise the way they cook the pizza with."
1605,بجد الكواليتي وحشة أوي والسعر غالي على الفاضي ، الفراخ قليلة قوي مفيش جبنة المشروم ميكملش ٣ عموماً الحشو قليل جداً كأني باكل عيش!! ده طبعاً غير إن صوص الرانش وحش أوي ، خسارة تطلبها حتى لو ببلاش 😂
1606,للأسف بيتزا كلها زيت وريحتها مش كويسه وناشفه
1607,"Very slow delivery although the restaurant is less than 10 minutes from me , takes more than an hour and half receive the order."
1608,late delivery
1609,"The food was amazing, and crispy just as I wanted but the pizza was very cold and late and the restaurant is less than 10 mins away so I don’t know what went wrong there"
1610,Where is the 6/5 rating button? Their pizzas are beyond amazing.. Their quality is perfect everytime and the food tastes very veryy good everytime.
1611,Chicken had a bad smell as if it wasn’t fresh or stored for long time outside
1612,البيتزا جت ناشفة جدا وبارده قليله الجبنه قليله فراخ قليلة صوص رنش كاني باكل عيش ناشف بجد الاوردر كان سيئ
1613,Pizza is not baked well !
1614,الصوص كان قديم
1615,mall af arabia branch is the worst papa John ever
1616,Little chicken little ranch sauce
1617,The food quality was not good as every time The pizza was cold their were no chicken on the pizza i think there was one piece of chicken on every slice and on some slices there were no chicken and the ranch sauce was very little that I didn’t taste ...
1618,الصلصة كتيرة جدا
1619,ranceh was too little in the family pizza
1620,the food deliver was so slowly and the food was very small compared to its price
1621,المكونات قليلة جدا بس طعم الأكل جميل
1622,I ordered the vegan pizza and the mentioned ingredients had no mozzarella in it However ai received it with cheese all over it and I have an allergy I couldn’t eat it.. started calling the call center however there was no reply whatsoever so I texted...
1623,مش هجربه تاني اكيد
1624,The tomato sauce on the pizza was too sweet.
1625,The delivery was late. I have specifically asked to remove the mushrooms and it wasn't removed. the izza was cold I had to put it in the oven. last time to order from papa johns
1626,طالبين صوص رانش زياده بالفلوس لم يصل الا ٢ والبيتزا مفروض معها صوص رانش ومفيش كاتشب وده من اساسيات البيتزا وطالبين زياده مشروم غير واضح تماما
1627,"This is by far the worst pizza i have ever ordered , there is literally no ranch on the pizza , the crust was not even cooked and the was a chicken piece on each slice"
1628,Pizza wasn’t tasty at all
1629,الاكل كان بارد وسئ جدا جدا
1630,"didn't receive the ranch sauce, was told from el menus Customer support that someone from papa jones will call and no one called"
1631,The address is Shebeta Street in Giza not Shebita Street in Madkour
1632,أوحش حاجه أكلتها في حياتي ولله
1633,السعر مبالغ فيه ووقت التوصيل شويه زيادة
1634,Thank you Sheraton branch. It was 1 am mid week. Order came in less than 30 mins perfectly hot and delicious. Thanks a lot
1635,l hope the next time the pizza will has a lot of contents on it
1636,ت
1637,Taste wasn’t as good as every time
1638,مشكله موضوع الكاش و انو مفيش فيزا
1639,اسوء بيتزا ممكن الواحد ياكلها فى الدنيا
1640,"The pizza was super fresh, the taste was amazing 😍"
1641,I’m sorry for let the driver stay on the door because I fall in sleep
1642,Ordered smoked cheese pizza but received pepperoni pizza add to this it was not good at all.. I suffered from severe pain in stomach after eating it.
1643,it arrived too late. the order was missing the sauce . the driver gave me the money missing 10LE then I asked him to give it to me and he did.
1644,both pizza came without sauce and in bad condition
1645,It was cold and tasted worse than anytime i ate at papa johns
1646,الجبنة اللي طلبناها على البيتزا كأنها مش موجودة
1647,Slow delivery but very good food
1648,بشعه وجايه ساقعه والجبنه محروقه وناشفه ع البيتزا وحاجه بشعه خالص بجد كان اختيار غير موفق
1649,الطعم حلو جدا و الحجم حلو بس للاسف كان بارد
1650,البيتزا متاخرة وباردة جدا وفيها قطع محروقة
1651,0 حشو لا يوجد حشو في البيزا
1652,baaaaad
1653,they didn't send the sauce and yet they charged me for it
1654,"almost always comes barely warm , would like to receive my pizza while still hot for a change"
1655,Awesomeness Food
1656,٣ ساعات علشان يوصل و الاكل بادر
1657,بيتزا اسف اني اقول عليها قذره و مستوي متدني جدا جدا جدا تم تصوير الاوردر كامل لأنكم لازم يتعمل لكم فضيحه بسبب استهذائكم بعملائكم.
1658,حلو جدا كالعادة بس صوص الرانش اللي بييجي مع البيتزا بقاله كذا مرة بيكون كأنه زفر شوية أو فيه توم كتير أوي.. أتمنى يتظبط المرات القادمة كل الشكر
1659,احلى مرة من بابا جونز تحفة 😍
1660,Late delivery w msh so5n
1661,overpriced and below average quality pizza. was also cold and not cut properly
1662,Ah
1663,كان مطلوب بيتزا 6 cheese و جه مكانها بيتزا مارجريتا بعد تأخير اكتر من ساعة. الحقيقة مش عارف ده خطأ غير مقصود و لا لا بس الحقيقة حركة وحشة جدا من مكان بتعامل معاه من فترة. للاسف بعت شكوي و لكن بدون اي رد او اهتمام.
1664,Pizza was tasty but cold.
1665,Pizza was so cold
1666,وصلت البيتزا ساقعة ومافيش فيها فراخ اول مرة تبقى كده
1667,👍🏼
1668,"The order came with only one ranch sauce, tho i ordered an extra ranch sauce. Kindly give me access to upload the taken picture"
1669,بيتزا باردة ...
1670,البيتزا وهي سخنه والعجينة طرية بتكون كأنها حاجه تانيه خالص غير لما تكون بارده بجد ده طعم وده طعم تاني
1671,after waiting for an hour and half the pizza was very cold and it didn't taste good at all very disappointing
1672,البيتزا كانت باردة جدا وطعمها متغير ومش حلوة ابدا 😡😡😡
1673,pizza arrived without the souce
1674,Pizza was burnt and too much tomato sauce!!! قرف
1675,بجد اسوأ بيتزا كلتها ف حياتي، بيتزا المحلات انضف منها بكتير، العجينه اطرافها كبيرة جدا و فاضية جدا و مش مخدومة كويس قصاد سعرها العالي جدا، كنت متوقع اجرب حاجة فريدة من نوعها بس طلعت للاسف اسوأ ما يمكن، نصيحة ابعدو عنها
1676,حقيقة اسوء بيتزا اكلتها في حياتي وحشة جدا جدا جدا
1677,Late Cold And the ranch packet is missing
1678,HOT FRESH DELICIOUS PIZZAAA❤️
1679,طعم البيتزا السموكي المرة دي مكنش قد كده زي اول مرة طلبتها من عندهم كانت احلى بكتيير
1680,هى جت بارده شويه بس كويسه
1681,شكل البيتزا مكنش لطيف
1682,الدليفرى اتاخر جدا و البيتزا جت بارده و مافيهاش حتى صوص اخر مره اطلب من بابا حونز
1683,الاكل كان محروق
1684,العلبة كانت مفتوحة وستيكر الامان مقطوع
1685,K
1686,كانت وحشه اوي
1687,the pizza was spice but i order it original not spice 😡
1688,سيئ
1689,very slow delivery
1690,اسوء بيتزا اكلتها
1691,Awesome
1692,Very very bad and chicken in the pizza not clean
1693,مش بابا خالص
1694,كانت بارده جدا والفراخ زفره وتقلب البطن استغفر الله
1695,the order was good but it takes long time to get more than an hour
1696,الاوردر وصل ناقص السفن
1697,Tmm
1698,الأكل كان سئ جداا و بارد و نوع الجبنة ردئ جداا و البيتزا غير طازجه طعمها بايت
1699,The order was not as i ordered and they forgot to put my extras
1700,bad quality pizza
1701,it wasn't stuffed crust
1702,ال contents ماكنتش جودتها كويسة للاسف
1703,I asked for extra cheese and extra pizza sauce but there was nothing extra ! And it took long time to come and was a bet cold
1704,great
1705,فى انتظار الرد على شكوى تحويل الاوردر من فيزا لكاش
1706,Toping of the chicken ranch was very poor! Very disappointing
1707,البيتزا محروقة من تحت وناشفة جدا والمكونات اللى عليها قليلة جدا
1708,الطعم مش حلو خالص ذي كل مره
1709,كويس بس مش احسن حاجة
1710,groovy
1711,took nearly 3 hours to arrive and was stone cold. The seal was broken too. shame.
1712,cold food
1713,The pizza was missing the sauce.
1714,انا طلبت للولاد العصر بيتزا و جيت من شويه لاقتهم ماكلوش لا الاورد غلطو جايه بيتزا بالهالبينو و الفراخ😠😠😠
1715,The pizza came late and it was cold.
1716,"Why no additional sauce added with the stuffed pizza?, please change this annoying rule."
1717,نصف البيتزا رفيعه و النصف الاخر سميك. البيتزا بيضاويه
1718,food not hot
1719,Cold and late.
1720,Late time
1721,pizza was different than usual and really bad
1722,الاكل كل مره بارد جدا
1723,things are Missing although I paid for them
1724,الجبنة كانت قليلة جدا على الthin and crunchy pizza
1725,hdjdk
1726,potatoes portions small in comparison of the price!!
1727,the delivery guy gave me a change with a huge cut in it but it was folded so i couldn’t see it
1728,العلبة كانت مفتوحة !! و محطش إضافة الجبنة اللي دفعت تمنها
1729,food was not hot enough
1730,الاكل مش سخن
1731,الاكل بارد جدا وتحس انه مش ظازجه خالص بصراحه الاكل مكنش حلو خالص
1732,i ordered 7up and got pepsi.. the chicken on the pizza smelled bad and the tomatoes tasted terrible
1733,"As a regular customer, I can tell that the food quality was just terrible this time."
1734,Alot of onions in the pizza
1735,I want to pay for this order
1736,"I ordered extra ranch but it wasn’t with the order, the pizza wasn’t as expected"
1737,not as good as it used to be unfortunately
1738,My chosen extras were not done right and with little sauce. Pepperoni rolls were not hot and were not soft
1739,Was too bad
1740,I received the wrong order.
1741,"it was technically a piece of bread there was nothing on it all bread the worst thing I ever ordered, and had to throw it away"
1742,The pizza was burned and it was really beyond bad
1743,tasteless
1744,very nice
1745,الاكل حلو جدا و فريش و الشخص اللي كان بيوصل الاكل محترم جدا و ذوق
1746,not hot
1747,الاكل بارد جددا وسئ
1748,كانت ناشفه جدا حدا وباردة ومتتكلش اعركت فالزباله وطلبت بستزا هات
1749,lovely
1750,the thinner pizza is literally a game changer
1751,Good pizza but the delivery was so late and the pizza was kinda cold
1752,معجبتنيش واخر مره هطلب منها تاني لان النظام هنا بختار مكونات بعد ما بختار البيتزا بتوعها فبالتالي حسب عليا اكسترا برايس ودا مش فيرررر ابدا
1753,very little toppings on pizza and pizza was not hot
1754,سئ
1755,The pizza was crunchy and there’s no sauce with the order
1756,d
1757,it tasted amazing but I wish it came a little bit more hot.
1758,"Both pizzas were cold, minimum ranch and chicken in the chicken ranch, minimum cheese in both. Horrible."
1759,Pizza arrived cold
1760,الطلب جاء بارد
1761,it nice and delicious
1762,الأكل كانً بارد جدا
1763,Terrible quality. I was really disappointed
1764,my pizza had been changed with another customer
1765,بيتزا السي فود سيئة للغاية لا يوجد في الحشو سوي بصل
1766,the food was not as expecetd
1767,وصل بارد
1768,بيتزا تشيكن رانش ميديم خي قطعه حرفيا اللي عليها فراخ وباقي القطع طماطم وصوص رانش! حاجة في منتهى الاستخفاف بالزباين
1769,Worst pizza ever
1770,"Papa Johns has stepped up their game! Fresh, unbelievably tasty food and fast delivery. Even the portions are great. Thanks so much! Changed my opinion on them. 🙏🏻"
1771,سيئه جدا
1772,اول مره تعجبني بالشكل ده تسلم ايديكو كانت مخدومه جدا
1773,late delivery not as announced
1774,صغير وكميه قليله
1775,ااسعر غالي
1776,سيء جدًا مؤخرا
1777,it was cold and sauce was little
1778,بيتزا تشيكن رانش دايما مكنش بيجي معاها مشروم، المرة دي محطوط مشروم ومحروق! طب محطوط ليه اصلا؟؟
1779,So small and terrible quality. Nothing like in the US
1780,غالية الثمن
1781,البيتزا العجينة فيها رفيعة وناشفة صوص الرانش فية فية خل بشكل مبالغ فية المكونات الي علي البيتزا ناشفة ومش طازة لدرجة ان مطعم شعبي اسعارة ربع سعر الباشا دا حرفيا احسن منة
1782,اول مره اعرف ان البطاطس مبينزلش معاه صوص أربع مرات دليفيري و 100 مره اطلب من المحل و بردو بيطلعوا الاوردرات ناقصه وبالنسبه للبيتزا عجينه رفيعه فبقت عامله زي البقسماط و كل مكونات العليها ناشفه و بايته
1783,Best pizza ❤️❤️❤️
1784,"The quality is becoming worse every single time we order, the ranch sauce is always fermented and smells acidic and not edible!"
1785,Polite
1786,i asked a ranch sauce in comment however the half fisherman and special garden received with red sauce
1787,They forgot about my order completely El menus follow up team did not follow up properly I had to speak to 3 representatives
1788,بصراحه التوصيل اتاخر جداا ،وقبل مايوصل كان مديني ان الاوردر تم تسليمو وانا اصلا مااستلمتش الاوردر ، ولما وصل البيتزا كانت بارده جدا،
1789,Salty and a 1 or 2 tiny piece of chicken.
1790,طعم العجين غريب والبيتزا كانت ناشفه
1791,late. pizza box had already been opened. cold food.
1792,the pizza was not cutted in peaces which make it difficult for me to eat it . thank you to make sure that pizza is ready to be eaten next time . thank you.
1793,the pizza was cold
1794,the red tape wasn't existed and the pizza was cold
1795,تمام
1796,طعمها جميل جدا و طازة و مكوناتها نضيفة و جودتها عالية و حجمها عائلي فعلا و الالتزام بالتوقيت المحدد لوصول الأوردر
1797,the food was delicious as usual but i got some stomach pain and thats unusual
1798,The pizza was cold and the ranch sauce was not even on the pizza one of the worst branches
1799,الاكل كان وحش جداااا
1800,the entire order came cold was unbeatable.
1801,good but cold food
1802,ًًًpizza taste was so bad
1803,ظظ
1804,الطعم اقل من العادى
1805,الطعام وصل بارد
1806,"pizza was cold, and 6 cheese pizza was like margertia"
1807,اخر شهرين الاوردرز كانت وحشة جدا المرة اللي فاتت الاوردر وصل متأخر و البيتزا كانت بردت و المرة الأخيرة برضو كانت باردة و التشيكن رانش كانت من غير رانش صوص 😅😅
1808,the food was cold
1809,The tuna was very very very bad 👎👎👎
1810,بيتزا زباله
1811,on time
1812,I ordered the pizza with jalapeño and it came without and usually it comes with ranch sauce and it also came without it as it also came without the pepper that should be with it !!
1813,it was awesome
1814,It was not hot was not sealed
1815,The pizza was smashed inside the box
1816,"The pizza was extremely unfresh, COLD, and felt like it was cooked hours ago and left aside. Threw half of it in the trash from how bad it tasted. Terrible taste and definitely PAPA JOHNS is out of my options from now on after they were on top! 👎🏻"
1817,Wasn’t hot enough
1818,Need extra sauce on the top
1819,Medium size is literally a small size!!
1820,بيتزا اى كلام .....أنا جربت كتير دى أسوأ بيتزا اكلتها
1821,very bad this time
1822,thanks alot
1823,The delivery was late for more than one hour and half !!!
1824,quality of food was really bad
1825,البيتزا كان الحاجات اللى عليها ملسوعه من النار وبالتالى كانت ناشفه لكن للاسف كنا جعانين واكلنا منها ورمينا الباقى لانها اصلا ماتتاكلش
1826,العيب انه مش بيقبل فيزا ولا اكواد خصم
1827,مستوي سيئ جدا . البيتز ا باردة والعجينة ناشفة . وطالبة نصين نوع بدون هالبينو و وصلت سبايسي والنوع الاخر المفروض صوص كريمي تقريبا غير موجود والبيتزا ناشفة جدا .
1828,Awesome!❤️
1829,We had stomach problem
1830,الاكل تعبني جدا جدا عدا اكتر من يوم
1831,the chesse on top was a bit dry
1832,اولاً تجربتي سيئة مع elmineus وانا مش هطلب ثاني على الأبليكيشن ده ! انا طلبت بيتزا وصلتني باردة كأنها متحضرة بقالها ساعات ! ثانياً قدمت شكوى اللي رد عليا في الابليكيشن قالي زميلي حيتصل بيك ولا حد اتصل ولا خد عبرنا !! انا هغير على أي أبليكيشن ثاني وم...
1833,The chicken is barely seen in this pizza! It's called 'CHICHEN RANCH'!
1834,Food was cold and jot fresh!
1835,كان وحش جدا
1836,why do you put only one pack of sauce although i ordered family pizza?? you put one pack with the medium and also one pack for the family size? are you serious?
1837,"The pizza came very squeezed, seems it fell down or was incorrectly transported"
1838,no extra cheeae forgotten
1839,missing items
1840,بابا جونز لا يقبل اكواد الخصم
1841,Extra sauce not addedddd!!!
1842,food was amazing
1843,مش فتاك، عادى او اقل
1844,cold pizza ... regular 7up
1845,الطعم كان وحش جدااااا بجد و البيتزا جاية باردة تجربة مش هتتكرر تاني
1846,الاوردر ماوصلش لحد دلوقتي
1847,كان بارد
1848,The pizza was cold and there was barely any shrimp in the pizza
1849,حلو جدا
1850,"pizza was cold, topping was very poor. i asked for no onion to be added and it was loaded with onions. not the first time to receive a low quality order from papa johns and this was the last time to order from them"
1851,الاكل جه متأخر 25 دقيقة و بارد جدا
1852,There was an insect in my pizza!!!!!!!!
1853,overpriced tbh
1854,Very tasty
1855,بيتزا دجاج رانش لم تكن طازجة فطيرة الشيكولاتة سيئة
1856,better than my orders before
1857,اسؤ معاد و البيتزا وصلت متأخر و باردة
1858,Good quality food
1859,"I ordered the chicken ranch spicy and without mishrooms, it came with mushrooms and not spicy"
1860,مش سخن
1861,Really cool like freezing Check tastes like shit Took two hours to get delivered
1862,The worst experience
1863,I CANNOT BELIEVE HOW HORRIBLE THE PIZZA WAS but i will try to explain!!! The pizza was waaaay undercooked that it was stuck together and i order the pizza STUFFED CRUST and there was absolutely no cheesecake i. The crust. Not only that I suffered a T...
1864,لم يتم تقطيعها بشكل ممتاز
1865,very bad service
1866,باردة والجبنة قليلة
1867,only 1 sauce for a family size pizza?
1868,جميل وانظيف
1869,cool
1870,البيتزا ناقصة خبز
1871,حرفيا مفيش أسوأ من كده ياريت تحسنو من مستواكم تاني 👎🏻👎🏻👎🏻👎🏻👎🏻
1872,الطعم
1873,Alao
1874,انت ازاااي يا بابا جونز جااااامد كده😍😍
1875,البيتزا طازه جدااااااااااااا ووصلت سخنه وسرعه توصيل رائعه
1876,الاكل جه بارد وبعد ساعتين ونص
1877,Forget to get ranch sauce
1878,"i ordered without ""onion"", but i have onion on smoky cheese pizza & on super papa pizza. and i get 3 ranch sauce and 1 garlic instead of 2 ranch and 2 garlic"
1879,the delivery was so slow
1880,the pizza was not fresh and served worm
1881,"I ordered a large stuffed crust pizza half chicken ranch/ half 6 cheese. When the pizza 1st arrived it was extremely horrible, all toppings were mixed together as if it was squashed. Apart from how it looked, it tasted shit. I complained and they wer..."
1882,after 2 hours the pizza came COLD!!
1883,وحش
1884,the pizza was ice cold
1885,chocolate pie was extremely bad pizza was not very good it was العجينه دايبه خالص
1886,there was no ranch sauce where as every other branch gives ranch sauce
1887,for the 2 pizzas vegatbales were not fresh a lot of olives which made it really tast bad seems it was not fresh made it was there in the store and they re cooked it alsothe mushroom was burned and dried taste was really bad this time
1888,it wasn't fresh was reheated 😡
1889,متأخرة والباربيكو صوص مجاش
1890,الحجم اصغر من اي مره
1891,"The vegetables over the veg pizza were raw, too much onions, tomato on the top of mozzarella and the olives tasted bad (preservatives taste).. A smell of burned oil in the crust with black color under it!! For the first time, a very bad quality"
1892,جميل جدا
1893,The Pizza was very cold
1894,البيتزا فاضية
1895,Lovely
1896,بيتزا جت متأخر جدا و باردة و محروقة و مزيتة
1897,not fresh at all
1898,تأخر الطلب
1899,الجوزة قلت والاسعار زادت .. بابا جونز يتدهور هو وهات 🌹
1900,الاكل وصل بعد ساعه ونص. خدمه الدعم من المنيوز غير مسعفه. الاكل وصل بارد
1901,I received my order but didn’t receive the extra ranch sauce that I ordered and paid for It was a little bit disappointing experience
1902,too slow delivery
1903,اسعار اللي في الابليكيشن مش صحيحة كان في فلوس زيادة مطلوبة. طلبت بيتزا حجم وسط كانت صغيرة جداً. 153le الاستيكر اللي علي البيتزا كان مفتوح. تجربة سيئة....
1904,ماشي الحال
1905,I have been waiting for 40 minutes after the estimated arrival time
1906,المرادي سئ جدا جدا و كانت ناشفة و باردة مش زي المرة اللي قبلها
1907,عدم وجود خاصية الدفع اون لاين وكذلك عدم قبول المطعم للعروض
1908,Perfect 🤩
1909,six cheese was wowwwwwwww
1910,سي جدا
1911,They replaced an order that was really late and where the pizza box safety seal was broken. The new order was average but I appreciate them replacing the order.
1912,The order was extremely late; it arrived an hour and a half after I made the order and then I found out that the safety seal on the pizza box was broken too. Just terrible
1913,البيتزا كانت مش حلوة على غير العادة
1914,El order et2akhar
1915,The worst order ever
1916,They forgot the sauce that comes with the pizza
1917,الاوردر جالي بعد ساعتين ونص
1918,"من اسوأ المرات اللى اطلب فيها اوردر بيتزا chicken ranch كانت رائحتها بها ""زفاره"" قويه جدا و السبب فى رائحه الزفاره هى الفراخ نفسها لدرجه عدم اكلها و رميها بالكامل اعتقد اخر مره اطلب من papa jones"
1919,البيتزا بجد تحفه
1920,The pizza was having only 4 pepperonies and were dry
1921,"Ordered with peppers, arrived without"
1922,البيتزا جت لازقة فى العلبة
1923,كل حاجه ممتازة من الخدمه للأكل نفسه
1924,order came without the requested extras
1925,One of the pizzas was bot what we ordered
1926,"i’m pretty sure they gave me a small pizza, not a medium"
1927,"Chicken was very very bad, I kept throughout for 2 days me and my sister who eat from the same pizza and it was the only thing that we eat it for the whole day, very bad , i’ll never order it again"
1928,awesome food
1929,the food came very late
1930,Missing items from order and i did call the support and they didn’t sort it out
1931,It was a bit rough around the edges
1932,الطلب غلط ومفيش كاتشب والأكل بارد
1933,البيتزا وحشة اوي و الستيكس سيئة
1934,I ordered 6 ranch sauces and I didn't receive them
1935,arrived veryyy late and the food was cold 👎🏻
1936,خ
1937,not nice this time
1938,"Deliveries should be made to the door. I just moved to Shourouk from 5th Settlement. I never had delivery drivers sit in the street on their phones waiting on me to collect it from them. Bad service, delicious pizza."
1939,Perfect as usual
1940,Very good in every thing
1941,pizza not hot as usual 😒
1942,Throwed up
1943,"Cold , overcook and lack of ingredients.. worst ever"
1944,The pizza was amazing 100/10
1945,Every thing is good thank you
1946,😍😍
1947,الوقت زفت قعد كتير
1948,God
1949,الاكل كان وحش
1950,حشو البيتزا الرانش قليل جدا جدا
1951,"Price changed, promotion wasn’t applied!"
1952,a greqt deliveryman
1953,smoked cheese wasn't enough .so the pizza was dry 😪
1954,الاكل بايظ
1955,Quality lower than expected
1956,تاخير ساعتين للاسف
1957,الاكل اتاخر و جي بارد جدا
1958,الاضافات التي تم طلبها تم حسابها في السعر ولم تضاف للاوردر
1959,الاكل بارد جدا وسى
1960,وصل بسرعه والله استغربت
1961,It was bad
1962,كانت البيتزا قبل كدا احلى ارجوا ان المستوى يرجع زي ما كان
1963,Great pizza best pizza in cairo literally
1964,There was hair in my pizza i saw the first one and ignored it but the second time a saw another hair this was so bad and i am really disappointed
1965,"It takes too long to arrive, given that I live 10 minutes away from the restaurant"
1966,الcreamy chicken كانت من غير جبنو و صوص كانت grilled chicken بس
1967,"Horrible pizza today. Toppings falling off, very thin dough, very little cheese, not well cut, toooooo much bbq sauce on the chicken bbq. Horrible."
1968,طعام وصل بارد جدا وكان شكلوا معمول من بدري وحد سخنوا من تاني .
1969,البيتزا بارده جدا و لم تكن ساخنه
1970,"Very bad, everytime i order chicken ranch it smells l awful!!!"
1971,الاكل مش احسن شي
1972,"The pizza was soo messed up in the box + the smokey cheese half didn’t have except 2 slices of pepperoni and it was dry, sooo disappointed"
1973,البيتزا حلوة جدا … لكن فطيرة الشوكلاته وحشة جدا و ناشفه و الشوكلاته طعمها وحش
1974,"sauce was not good to eat ,i throw it away ,its old and expired !"
1975,Tasty as usual
1976,the pizza was not fresh felt like it was made the day before
1977,The chocolate pie was not at all like the picture. it consisted of a plain pizza bread crust with some Nutella spread on top and cut into sticks. was not good at all. very disappointing.
1978,طلبت الحججم الوسط وكان صغير جدا ومافيهوش اي تشيكن
1979,I ordered stuffed crust chicken ranch and received a regular chicken ranch
1980,طلبت حاجه وجاتلي حاجه تانيه اقل ودفعت نفس الفلوس ؟؟!!
1981,Delivery time takes so long
1982,Very late and cold
1983,العجينه اصبحت رقيقه جدا فبتكون مجلده
1984,Awel mra al pizza tkon w74a bl 4akl da n4fa b4kl m4 m32ol bgd w al papperoni na4f gdn gdn
1985,taste
1986,البيتزا بارده جدا
1987,We didn’t receive the extra ranch sauce
1988,جالي تسمم ف معدتي انا وابني بعد ما اكلنا و كنت بموت بسبب البيتزا دا غير التاخير اخر مره هاكل من عندكو
1989,"It took them a long time to deliver, but other than that the food was great and delicious."
1990,Very very late delivery
1991,It was missing the Ranch sauce but the pizza was delicious
1992,veryyyyyyy bad quality ..i am order chichen ranch and seafood i didnt find any chicken or sea food morever taste was horrible
1993,It was cold and the order took alot of time to arrive
1994,It was amazing experience
1995,بعد ان انتشر وتمكن من منافسة هات انخفضت الجودة وصغر احجام البيتزا وعلي الاسعار .. الطريقة المعروفة اكيد .. ورغم ذلك تحياتي للرانش
1996,ex
1997,you need to update the delivery status
1998,"First time to try it and I really enjoyed it a lot, I enjoyed the quality and freshness. The food was hot when it arrived and arrived fast without even asking for directions. An ordering experience as it should be"
1999,So baaaaadd!!! There was a ball of “hair” inside the pizza which is so disgusting and not acceptable !!!! في شعر في الاكل هل ده طبيعي!!
2000,اخر ٤ مرات طلبت فيهم كل مره بتكون اسوء من اللي قبلهم . بابا جونز مبقاش زي الاول خلاص
2001,محترم
2002,Missing sauce
2003,حجم البيتزا كان ميديم و انا محاسب علي لارج !
2004,very bad quality
2005,higher price and smaller size. you just lost a customer
2006,best service
2007,غير راضي
2008,جميلة جداااا
2009,i received half smoke cheese and half 6 cheeses which was only 1 or 2 slices
2010,requested it with no onions but came with more onions than usual
2011,they got one of the pizzas wrong and the extras where different than what I selected
2012,The crust was too thin .. the chicken was thin and dry
2013,الاوردر في دبانة
2014,الاكل كان بارد وطعمه وحش ومش هطلبه تاني
2015,I asked for extra cheese sauce and chicken for both half and it didn't happened
2016,I didn’t get the extra pepperoncini
2017,الحشو طالع من العجينة
2018,"The ranch was good but the chicken creamy pizza was very dry and there wasn't a creamy sauce on it, it was bad"
2019,garlic sauce ال مجاش
2020,كالعادة Fantastic 😘😘
2021,size was very small compared to old sizes ..
2022,اسوء مطعم اخر مره اطلب منه .. من اكلنا البيتزا وكلنا بطننا بتوجعنا
2023,"tastes like the pizza was reheated not fresh at all , i didn't like it 😕"
2024,بقت فاضية خالص
2025,It was not fresh. On Eid holidays it was really perfect tasty and fresh always but after holidays... cheese looks like they make it 6 or more hours before we ordered
2026,very bad taste
2027,Hi
2028,The crust was too thin
2029,جالي مغص و تعبت منها جداا
2030,I ordered an extra sauce and it didn’t come
2031,"Just ordered yesterday and the quality of the pizza is getting way worse, it was my favorite pizza place :("
2032,.dd
2033,"The pizza came with no sauce at all and they even didn’t add the side sauce that normally comes with any pizza, it was as if we were eating dough"
2034,worst pizza ever. madinaty branch has the worst papa johns in Cairo. I'll never order again from this branch
2035,it was cold but still delicious
2036,Cold Messed up Very Late
2037,مجاش معاه صوص
2038,الاكل جه بارد
2039,"Delivery came super quickly, pizza was hot literally fresh out of the oven."
2040,"It was simply prefect! Pizza was delicious, Early and Hot!"
2041,Very late delivery it takes about 2 hours to deliver So pizza was cold
2042,البيتزا كانت مش فريش الرانش فيها قليل جدا الأطراف ناشفه و مجلده البيتزا بارده
2043,It was very oily and not fresh
2044,مستواه متوسط مش مستاهل البروبجندا اللي عليه دي
2045,nice
2046,Weird ranch sauce
2047,طلبت رانش ستافت مجتش ستافت
2048,perfect
2049,Was good but too much sauce
2050,I requested my pizza to be spicy with no mushrooms and the one I received was not spicy and with mushrooms added on it .
2051,Y
2052,The chicken Supreme was spicy and pepperoni chicken was very dry
2053,البيتزا وحشه جدااا بارده اوي ومجلده بجد تجربه سيئه للغايه
2054,Everything
2055,Super papa's pizza was so so dry and the dough was so thin that the edges were inedible The ranch was ok but not like every time the dough was also a little dry
2056,Fine
2057,التوبينج كان قليل جدا كأنها عجينه بس
2058,poor tasting
2059,البيتزا كانت محروقه
2060,الاكل جيه متاخر جدا جدا جدا جدا جدا و في الاخر جيه بارد و مجلد و مش بلوم بتاع الديلفري نهائي انا بلوم المطبخ او المسئول.
2061,الحجم اصغر من الطبيعي
2062,Pizza was oily and low quality
2063,Pizza was super thick with less than half the toppings. It was mainly onion only. Very disappointed
2064,shitty support of your app
2065,جيد جداً
2066,"The quality of super papa was really bad, it caused me stomachache and I literally vomited I didn’t like at all this will be my last time to order from here"
2067,tamam
2068,Pepperoni rolls without pepperoni!!!
2069,We had stomach issue n Dihria after we ate
2070,"food came cold, pizza was dry"
2071,It was too late and the pizza wasn’t fresh nor hot
2072,الفراخ والطماطم كانت حمضانه
2073,كان ليا كود خصم ومأخدتش الخصم ومش ساعدنى كان ليا حوالى ٣٠ جنية
2074,وقت التوصيل كتييييييير قوي
2075,الاوردر اتأخر آوي
2076,chocolate pie was not good at all
2077,البيتزا سيئة جدا و العلبة الي محطوط فيها مخرومة من تحت ومنظر البيتزا صعب الصراحة والصوص مجاش ودة اخر تعامل مع المحل
2078,v
2079,So disappointing! The pizza was not fresh and it barely had cheese or pizza sauce. If it weren’t for the extra side ranch sauce I wouldn’t have been able to eat it because it was basically dry cheese with barely any sauce on bread. The quality of the...
2080,وصول الاوردر بارد
2081,Helpful support
2082,ميه ميه
2083,جيد جدا
2084,Late order delivery!!
2085,Missing sauce!
2086,The pizza was very cold
2087,"I used to like this branch, but there pizza is no longer as good as before."
2088,the pizza was a disaster
2089,the chat aervice are very fast
2090,Great experience as Always
2091,الاكل بارد جدا واسوء مرة بالنسبة للحشو
2092,مجاش و لا صوص مع البيتزا و لا المقبلات و لا حتى كاتشب !
2093,مطعم محترم بجد اول مره اكل بيتزا وتعجبني اوي كده
2094,The chicken ranch had very few chicken. There were many slices with no chicken on them.
2095,bad
2096,"I received bbq chicken wings instead of the pepperoni rolls, the order was kind of cold"
2097,الكواليتي بقت فالنازل والعجينة بقت رفيعة ووحشه جدا والصلصة مش زي الاول تماما اكنها معموله من برطمان صلصة معلب والرانش بقي خفيف
2098,The pizza came upside down and all the toppings were stuck to the top of the box. The experience was pretty bad and I didn’t get what I expected
2099,The pizza was so so bad and the cheese was burnt poor quality.
2100,Below expectations
2101,delivery was very fast and food was hot 🔥
2102,Pizza was smaller than usual
2103,البيتزا صغروها وقللوا الكميات والعجينه طعمها مش حلو زي زمان حاجه وحشه جدا مستواهم بينحدر
2104,very disappointed
2105,البيتزا كانت بارده
2106,"It was cold , chicken wasn't fresh at all"
2107,Was very nice now it’s too dry. They use less cheese and less tomato sauce. And the cheese is partially burnt. They need to add the cheese and tomato sauce to the pizza like it used to be.
2108,I found hair on the top of the pizza.this is not acceptable
2109,na
2110,الدليفري اداني الباقي خمسين جنيه مخرمة ومشرشرة ومينفعش تتصرف، وللأسف مشوفتهاش غير بعد ما مشي. . والبيتزا مفيهاش جبنة مودزريلا مش فاهم إزاي؟ فيه بيتزا في الدنيا مبيتحطش عليها مودزريلا؟ كانت دجاج رانش ومعجبتنيش خالص
2111,the delivery gay was so respectable and the food was hot and delicious
2112,الاوردر وصل بعد معاناه بسبب اني طلبت الاوردر من فرع شارع النصر وبقدره قادر راح فرع كارفور وبعدين اتحول الي ش النصر مش عارف دي مشكله التطبيق ولا المطعم؟؟؟؟
2113,My order was smokey without onion and i get it with onion
2114,It was not good at all
2115,المينيوز فعلا افشل ابلكيشن لعمل أوردر الاوردر بيجي ناقصه حاجات و الحودة سيئة
2116,ازاي بيتزا من غير كاتشب معاها
2117,الطلب اتأخر جدا... ٩٥ دقيقة كتييير جدا
2118,wonderful as usual
2119,the delivery took about 2 hours but I won't complain as long as the food was hot and good tasting
2120,الكميه الي ع البيتزا غير مرضيه
2121,The pizza was squished and tastes very bad. This is not the first time. I hope someone listens to my comment
2122,الاكل كان سئ للغاية و متبهدل جداااا ده اكل بنى ادمين مش اكل قطط ياريت تحترموا الناس شوية
2123,تعاملة مش تمام اببداً
2124,"always busy and overall a trash restaurant, food comes cold, dry and late"
2125,Tasted weird
2126,البيتزا كانت ناشفة و سيئة مش زي كل مرة
2127,6 cheese is overpriced and it tastes just like margarita! chicken ranch was not good. very disappointed!
2128,Wasn’t good
2129,I ordered ONE pizza and it took TWO hours to be delivered and of course it wasn't hot. I had to reheat everything after waiting for two hours
2130,T
2131,I got the box opened not ceiled as usual
2132,مع ان اول مره اشتكي بس هتبقي اخر مره تعامل جزء ال 6 تشيز الاطراف محروقه الصلصه كتيره جدااااا لدرجه مداريه علي الطعم. البيتزا مقلوبه في العلبه
2133,Not as usual at alll
2134,it was very bad and it doesnt taste like i knew and it was veryy cold
2135,الاكل بارد ولا جدا الدليفرى وصل متاخر اكتر من ساعتين بلس كمان انى طالبه الاوردر فاميلي وصلي لارچ والدليفرى جاى ماشي مش بوسيلة موصلات ف بالتالى اتاخر ومقدملى الليتزا بالشنطة الخاصه للدليفرى اطلع منها الاكل وارجعهاله بجد الطريقه ع مينوز ليس لطيفة بالمر...
2136,الاكل جاي بارد جدا
2137,الاكل جه تحفة و سخن
2138,"Very late delivery, food was cold"
2139,please add card payment option
2140,Very good quality
2141,البيت كله اكل من الاوردر و بطننا بعدها بتتقطع و حالنا نزله معويه ...اسهال و ترجيع 3 ايام
2142,"Delivery is good, But the 6 Cheese pizza is just the same as a margirita pizza."
2143,ordered extra ranch and still there was little ranch on my (ranch extra ranch pizza )😑😑
2144,I was ordered extra ranch souse and I didn’t receive it and this the second time to do this
2145,3df
2146,الفراخ كانت زفرة اوي وريحة البيتزا مش حلوة
2147,زي الفل
2148,Very low quality this time Not fresh at all 👎🏼👎🏼👎🏼👎🏼👎🏼👎🏼
2149,👍👍
2150,Order took 2 hrs to arrive. Very bad experience and customer service.
2151,Food wasn't fresh
2152,الرانش صوص كأنه مفتوح قبل كدا وكان فيه نقط سوداء
2153,Was not hot
2154,Chocolate pie isn’t good at all
2155,Pizza was cold with no taste
2156,Very late delivery and cold food
2157,Very small
2158,Pizaa came cold
2159,Tool late
2160,"Very very delicious and hot .. well made, It was perfect .. the most delicious time I had a pizza from papa johns .."
2161,cheese wasn't melted well
2162,البيتزا رفيعه جدآ و الاطراف بدون خلطه سميكة جدآ الببرونى ناشفه قوى الرانش بدون دجاج تقريبا
2163,"The food arrived after almost 2 hours, and the pizza was cold and stale. One of the worst experiences ever."
2164,really bad service and quality and it came cold and wrong order
2165,سعر مرتفع بشكل مبالغ فيه
2166,el pizza kanet almost ma2looba
2167,Order received too late and not warm at all !!
2168,I asked for extra cheese in the chicken super papa but I didn't get any extra cheese it was just the regular amount
2169,Late delivery and it was so cold
2170,Came Cold
2171,wasn't cheesy as usual and creamy
2172,They upgraded a Pizza to S/C blowing the budget!
2173,A pizza with the less toppings ever
2174,البيتزا جايه بارده و ناشفه ويعتبر فاضيه كان فيها يمكن ٣ قطع فراخ فقط للاسف سئ جدا جدا
2175,الام بالمعدة وتعنية لمدة ٢ يوم
2176,they gave the delivery guy wrong address
2177,The food was very good! Thank you
2178,it was so cold and dry
2179,Bad food & bad quality
2180,Food was great but very late delivery
2181,The order came late and the pizza was so cold
2182,"it took over 2 hours for the delivery, i couldnt track the order as it was showing that if was delivered on the app. box was open and the food was cold."
2183,❤️❤️
2184,I order family sized pepperoni with extra sauce but unfortunately the sauce was less than the standard not the extra Papajohns quality has been bad in the last orders
2185,Arrived cold with the seal broken. First bad experience.
2186,The pizza looked disgusting and not edible AND definitely not what I ordered!! This is typical from Papa John’s now!!
2187,الطيار لغي الاورد ولما اتواصلت مع خدمة العملاء قالوا ان سبب الالغاء ان انا خارج الزون وانا اصلا داخل الزون عادي وكان اسلوبه مش كويس معايا وانا عمري ما هاكل في المكان دا تاتي
2188,Bad quality
2189,Please allow card payment :(
2190,Worst pizza I ever had.
2191,pizzas didnt include sauces for dipping
2192,The taste wasn’t good The size is wrong Cheese is not fresh
2193,"I Ordered Chicken Ranch without spices, while i got it with spices (Jalapeno )"
2194,Margherita pizza was very bad a
2195,chicken ranch without chicken
2196,مش ده المستوى اللي متعود عليه منكم باردة و العجينة طريه اوي
2197,وصل متأخر وبارد جدا
2198,gave us food poisoning
2199,very little ranch on my (ranch) pizza 🙂
2200,"i order papa john's pizza most of da time but this time the super papa half was very cold it tastes like it's reheated, pepperoni pieces were inedible."
2201,بس بطييئ اويي
2202,Not as usual
2203,I chose not to have it Spicey and it came spicey. The food was very cold and the delivery was very late
2204,The orderwas great and the delivry guy was very polite and respectful
2205,"The driver was really decent, deserves a raise"
2206,The food was good but a little bit cold
2207,El pizza kanet zefraa gedaan gedaan
2208,The order was late for 45 min added to the original delivery time which was 60 min and the pizza was so cold in addition to the very very weak response from your side in following up with my complaint
2209,Delayed delivery from the restaurant not the delivery guy
2210,قلت أغير و أجرب السوبر بابا بس آخر مرة.. إللي نعرفة أحسن من إللي منعرفوش
2211,Horrible. The three pizzas i ordered tasted off cheese smelled bad and the dough was breaking apart. Very disappointed. I could take this up with the owner if i want because i know them.
2212,سئ للغاية على غير المعتاد وكثرة البصل بشكل غير طبيعى واهمال غير مبرر وغير مقبول
2213,مكانش فيه أي حشو تقريبا عالبيتزا!
2214,144 too expensive for medium pizza
2215,The pizza was not hot at alll and was cold but it was delicious
2216,للاسف وصل مش سخن ابدا مع انى مأكدة عليهم، المرة اللى جاية مش هستلم لو جالى مش سخن
2217,Roughed up Pizza in the box
2218,سئ جدا ومستواه فى الحضيض
2219,Was completely soaked and cheese was stuck on cover
2220,We got food poisoned from the pizza received yesterday! The worst experience ever
2221,"Delivery guy was very polite and respectful but the pizza tasted very badly, stuffed crust is tasteless and it seeks that the olives is rotten"
2222,البيتزا بارده و المكونات مش موجوده تقريبا ،و كنت بدور عاي الفراخ ملاقتش غير قطعتين و طعمها وحش وحش وحش معرفش ليه الاهمال في اوردارات اون لاين، و الفطيرة حسارة الوقت اللي ضيعتوه في عمايلها، كنت انل جبت برطمان نوتيلا بفلوسها احسن من رغيف العيش الملحس
2223,cold & not enough chicken topping & the dough wasn't as expected
2224,العلبه كانت مقلوبه
2225,اوردر وصل بعد ساعتين و بارد جدا جدا و تجربه سيشع جدا
2226,الديلفرى شخص قليل الذوق جدا جدا والبيتزا كانت اطرافها ناشفة
2227,بيتزا باردة و ناشفة و ما تستحقش السعر بتاعها أبدا تجربة مش هتتكرر
2228,صلصة الطماطم كانت كثيرة اوي ومتغيرة عن كل مرة
2229,Pepsi was not cold as ordered
2230,food way to expensive for the quality and portion and I almost waited over an hour for the food plus the drivers attitude was way to rude he rang the door like a child would and kept ringing while some of the people where sleeping plus more issues.
2231,الاكل بارد و البيتزا وحشه جدا و مكنش فيها فراخ تقريبا و فطيرة الشيكولاته العيش البلدي طعمه احلي منها ،خسارة الفلوس فيها
2232,the delivery was bad due to it being late plus how rude the delivery man was really really frustrating I will not order again for how bad the quality and the service was
2233,"The cheese was very bad, and i had food poisoning from it"
2234,I’ve received the pizza buffalo chicken “spicy” although I’ve ordered it BBQ chicken not spicy!!!!
2235,البيتزا سيئة جدا و باردة و المكونات ناشفة اول و اخر أوردر اطلبه
2236,الأكل بارد واتأخر أكثر من نص ساعه عن الميعاد
2237,It was delivered so late and it was very cold ! Disappointing service .. last time to order from papa jhons
2238,"not as good as previous times, too big plain sides"
2239,البيتزا كانت بارده و كانت نشقة و فيها حتت محروقة
2240,الطيار بياخد الباقي بدون إذن علشان مش معاه فكة ولما طلبت منه الانتظار اجيبلك فكة مشي ومش اهتم
2241,"It was fresh, hot and delicious. I really really liked it and recommend it to my family. I’ll order it again soon. Hope it comes fresh as the last time. Just a little note please: The Jalapeño was not enough at all, there was like 7 or 8 Jalapeño pie..."
2242,كل شيء رائع
2243,I wanted to have more tomato sauce on one of the pizzas where I ordered chicken supreme. But instead it was on the super supreme. I was disappointed
2244,Missing pepsi
2245,The order took so long to arrive
2246,البيتزا كان فيها شعر.
2247,وحش وطعم يقرف وحاجات مش فريش اختيار وحش
2248,"Late arrival, pizza was cold"
2249,اسوء بيتزا كلتها في حياتي جايه بارده جداً
2250,تاني مرة الاوردر يجي غلط
2251,ل هالف اند هالف جتلي غلط ل نص تاني ببيروني و جه مرجريتا
2252,Driver was very rude and he came very late.
2253,it just needs more stuffing
2254,الاكل بارد وناشف
2255,البيتزا بارده وجودتها منخفضه وبيتزا 6 انواع الجبنه سيئه جدا كأنها بيتزا جبن عاديه
2256,The pizza wasn’t fresh and there wasn’t any ranch sauce on the pizza and it just was awful
2257,i didnt recieve my order yet
2258,Half was over cooked
2259,"طلبت بيتزا ميديام ووصلي بيتزا سمول .. وبعد الشكوى وارسال الصور والاعتراف ان دة مش حجم الميديام كان العذر انه ""العجينة متفردتش كويس"" ودي عجينة الميديام بس اتفردت مقاس سمول !! واحنا اللي نبص للصورة ونعرف دة ايه مع ان المقاس واضح حقيقي تجربة تعامل مع ا..."
2260,didn't have a ranch sauce in it
2261,"the pizza was good, but unfortunately a little cold and got just 1 sauce package with 2 mediums that was the bummer."
2262,The foos was cold
2263,اسوء مره طلبت فيها من بابا جونز لا البيتزا كانت حلوه ولا كان في حشو ولا حتي كانت سخنه جايه بارده بعد انتظار ساعه و 45 دقيقه معرفش ليه
2264,جميل وقمر وحلو
2265,Very low quality! And quantity!!
2266,o
2267,الاوردر جه ناقص من غير السفن و جه الاكل بارد و ريحته وحشة جداً فيه زفارة بجد سئ جداااااااااا
2268,Tasty
2269,only one sauce pack with 3 pizzas 2 medium and 1 large.. that's the only comment
2270,the pizza was cold and dry
2271,Pizza came dry and very bad!! Could not eat it and threw it away!
2272,The order was late. No variety with the sauce coming with the pizza. The ingredients in the pizza was very poor and was way under the expectations. The dough was really thick and tasteless. Didn't enjoy it at all. It was waste of time and money
2273,It was more of the 3 cheese one but tasted amazing
2274,Delivery can be faster
2275,j
2276,مكونات البيتزا اقل مما يجب بشكل ملحوظ مع كثرة الصوص من اعلي لتغطيه قله المكونات والباقى خبز
2277,The pepperoncini sauce didn't arrive
2278,مفيش فراخ كتير و برده
2279,Delivery is not fast Take long time to deliver
2280,So Little ranch sauce
2281,الاكل مش سخن و مش طعم زى ما بطلبه خالص!!
2282,Sauce was too little
2283,الطيار قمه في الاحترام و الذوق
2284,سيئ كمايجب ان تكون! ناشفه نشفان مع انها المفروض (عجينة)
2285,Came cold
2286,كان ساقع و كان صوص قليييييل و جه بعد ما طلبت بساعتين
2287,late delivery and no customer service answer
2288,thanks
2289,البيتزا صغيره اوي
2290,Pizza was cold...looks like an old pizza
2291,ال sauce كان قليل جدا علي البيتزا
2292,ok
2293,على الله
2294,The pizza was not good i was so tired after and vomited
2295,الاوردر اتأخر ساعه والبيتزا جت بارده جدا وناقص الصوص اللي طلبته! حقيقي اسوء تعامل وخدمة من المطعم والapp
2296,البيتزا سميكه جدا جدا مع اني كاتب ياريت تكون اطرافها مش سميكه جاتلي البيتزا كلها سميكه جداااا
2297,الاكل ممتاز جدا شكرا جزيلا
2298,وصل بعد ساعتين وبارد وسطح البيتزا لازق في العلبه
2299,was so oily
2300,it was not as the usual 😒
2301,"Undercooked dough, very small amount of toppings and the pizza was cold despite being very close to the branch"
2302,the delivery guy was very nice and respectful.
2303,The box seal was open
2304,شويه عجينه فاضية
2305,Zero quality!! Worst order
2306,مش سخنة
2307,"I ordered a special BBQ sauce, paid for it and didn't get it! That's totally unacceptable!"
2308,الاكل سئ جدا و البيتزا كانت ليس لديها اي مكونات و و لا يوجد صوص تجربه بشعه
2309,Good one
2310,the food is too cold and bad quality
2311,البيتزا وصلتني متبهدلة من الداخل ، اكيد اتقلبت او العلبة وقعت
2312,البيتزا كانت ريحتها زفرة
2313,"It arrived 45m late and it came without any extras like I asked, so I had to wait another hour for them to make my correct order"
2314,The pizza was dry not as the usual
2315,التوصيل حلو بس للاسف ريحة البيتزا كانت وحشة جدا
2316,سى جدا
2317,I ordered chicken ranch and super papa and it was the worst pizza experience I got from Papa Jones very little chicken and the supper papa was the Horrible meat so artificial and cheese was dry the only positive thing delivery was fast because they ...
2318,الاوردر أتأخر جداً ووصل بارد
2319,💩
2320,Kont talba 2 ranch zeyada 3la lorder mfash gher wahda bs 😢
2321,اسوء مره اطلب فيها من بابا جونز البيتزا ساقعه و الاكل مجلد حتى الفراخ بصوص الرانش مفهاش فراخ اصلااا بجد اسوء مره اطلب بيتزا و معرفناش ناكلها
2322,It took them 2.5 hours to deliver a medium Margherita pizza which is the easiest to prepare. The restaurant is only 10 minutes away.
2323,how about putting some ranch on my((( ranch ))) pizza next time😊
2324,something was wrong with the pizza I'm still sick from it
2325,الاوردر جه بعد أكتر من ساعتين من طلبه!
2326,لايوجد احترام لوقت التوصيل
2327,الاوردر جه بعد ساعه و تلت جاى بارد و البيتزا ناشفه جدا و انا طالبه نص فراخ رانش و نص ٧ تشيز جاتلى مارجريتا بدل الجبنه.. بجد تجربه سيء للغاية اسوء بيتزا كلتها فى حياتى
2328,البيتزا بتيجى ناشفه والتوبينج بتاعها قليل والحروف محروقه
2329,بيتزا سيئه ه جدا
2330,مفيش أي كاتشب أو صوص مع البيتزا؟ هو ده النظام عند بابا جونز؟
2331,التوصيل متاخر جدا والبيتزا بارده
2332,البيتزا لم تكن بالكواليتي المطلوبة أولا الصوص فقير جداا علي البيتزا و مش معاها صوص إضافي زي ما كان بيجي معاها كل مره و التوبينج علي البيتزا فقير جدا و كانت بارده اوي
2333,Very Very Very Late delivery Almost 2 hours
2334,Yesterday i ordered 6 pizzas at 7:45pm i got the pizzas at 10pm i called them 6 times from different numbers and not one time they were able to identify the problem for the delay nor when the order left the branch until i got the delivery boy mobile ...
2335,الصوص ماجاش
2336,u
2337,The pizza was actually hot but no flavour at all very very bland like im eating bread
2338,الاوردر موصلش
2339,وصلني بعد 3 ساعات و الاوردر تلللللج و مقلوب في العلبة و الطيار قليل الزوق..اخر مرة هطلب منهم
2340,البيتزا سيئة للغاية من حيث الطعم وصلصة البيتزا طعمها سئ للغاية كمية الجمبري قليلة جدا في البيتزا وبيتزا الميكس جينة المفروض يبقي فيها 6 انواع وللاسف ده مكنش صحيح والطعم كان سئ جدا
2341,the pizza wasn't fresh ، tasted like it was made a day before and got reheated
2342,لم يتم تسليم بيبرونسيني
2343,The pizza was good but the box seal was completely teared
2344,the worst pizza ever
2345,الاكل أتأخر اوى وجه
2346,It was cold yet not spicy
2347,الأكل كان بارد
2348,v late
2349,The comment wasn't made and order was too late
2350,الاكل اتأخر ساعه و نص كامله عن معاد الدليفري و بعد ما استنيت ساعتين و نص الاكل طبعا جيه بارد
2351,الاوردر كان غلط
2352,طلبيت بيتزا تشيكن رانش اكسترا فراخ و صوص رانش بس الاوردر وصل غلط و جالي بيتزا تشيكن رانش بس عليها اكسترا صوص انا معرفش اسمه بس هوا مش صوص رانش و لونه احمر تقريبا صوص بافلو و ده بوظ تماما طعم الاكل و البصل كان متقطع قطع كبيره قوي و كان كتير جدا على غي...
2353,جالي بعد ساعتين كنت نمت.. كويس اني مرجعتوش بيه
2354,"The order was very late and the pizza was super cold hence the delivery attitude was not acceptable by ringing the doorbell too many times was out a reason! Value vs cost is bad as it gets , its super pricey and the portions was very small against th..."
2355,سء جدأ الموتزريلا محروقة و العحينة ناشفة بجد رميتها زي ما هيا حرام فيها الفلوس والله
2356,"they deliver us at the end of the driver ride, so the pizza were cold, so not great . usually we love Papa John's but not when it come cold"
2357,انا ماستلمتش حاجة ، مافيش حاجة جاتلي
2358,"I ordered my margrita extra cheese and extra pizza sauce and actually payed 16 pounds for these extras, and not finding them in my order is upsetting, it is disastorous not find something I payed for"
2359,Sauces were missing from my order
2360,I told the guy to put the barbecue on the side and he smeared it all over the pizza. It was soggy and disgusting.
2361,was not hot at all
2362,بيتأخر جداً
2363,Chicken portions was too little compared to the same pizza size served in the restaurant
2364,very small portion food was cold and not fresh
2365,الصوص الا طلبته مجاش و اتحاسبت عليه
2366,بيتزا مجلدة و طعمها كان مقرف!
2367,المره ده كانت البيتزا جايه طازه اعتقد غيروا الشيف او غيروا حاجه معينه
2368,كل الاوردر جميل الحمد لله
2369,Naaaa
2370,الفراخ زفرة الاوردر متاخر الاكل بارد
2371,execellent
2372,You forget ranch sauce
2373,"It came Late and cold, horrible"
2374,They literally don’t put cheese as any normal pizza also the pizza is cold and the pepsi is hot !!
2375,البيتزا غير مخدومه والرانش يكاد يكون مافيش
2376,للاسف البيتزا كانت سيئة وكانها عجيبة ومكوناتها قليلة حتي الرانش صوص اللي بيبقي معاها مفيش مستغلين رمضان ووقت الفطار الناس حتفطر ومش حترجع الاكل في الوقت دا لعدم جودته
2377,العجينة رفيعة جداا و ناشفة جداا و الفراخ فيها مش باينة اصلا قليلة جدااا
2378,Very high quality ingredients and taste
2379,Pizza wasn’t hot or even warm!! It tasted really bad and ingredients were too few that i felt i was eating bread literally!! It was Really a bad and awful experience from papa john’s.
2380,the driver was very rude
2381,الاكل جه بارد جدا والفراخ طعمها مش نضيف
2382,Everything was good
2383,وحشه اوي الببرومي ناشف غاليه على الفاضي
2384,I need my money back as I complained to the branch that my order was not fresh and not good to be eaten
2385,The pizza was cold The chicken ranch pizza had no ranch sauce :)
2386,baaag quality
2387,البيتزا سيئه جداااااااااا وجت بارده ووصلت بعد ساعتين وشبه مفهاش صوص رانش
2388,It’s not the same as before
2389,The food was perfect but late delivery
2390,Very Very Bad experience
2391,Yellow pepper was rotten
2392,طلبت اوردر والبيتزا وصلت فيها حشرة كلمت الفرع ورجعولي الاوردر بس متخيلتش مكان زي كدا يبقى الاكل برضوا فيه حشرات !!! لو اعرف اعمل ريت اقل من ١ كنت عملت ده غير اصلا ان طعم الفراخ وحش وتغاضيت عنه
2393,فرع الرحاب مش حلو. . .
2394,Burned ends and little toppings Not a signature one akeed
2395,No sauce dressing
2396,the pizza was old and reheated
2397,بيبرونى رولز حشو قليل جدا و محروقه
2398,el akl y2ref w bft7 el 3lba alaii feha 3nkbof
2399,i had dierrehia after eating
2400,البيتزا كانت سيئه جدا و لولا انه احنا مكناش فطرنا كانت اترمت
2401,y
2402,ال sauce مجاش في الاوردر
2403,احببته
2404,Worst branch to order from .. the pizza Quality was Totally Rubbish
2405,صراحة ربنا ينتقم من القائمين على مطعم جونز زى الزفت استغفر ألله العظيم الذى لا اله إلا هو الحي القيوم وأتوب إليه عدد خلقه ورضا نفسه وزنة عرشه ومداد كلماته لن اطلب مرة أخرى من جونز الزبالة الآفاق النصاب
2406,Horrible uality
2407,الفراخ زفرة
2408,As usual in Ramadan heated in the microwave surely it was baked at least 2 days ago why should you ruin a good name in such a way
2409,awful awful awful papa John's from HERO to ZERO never ordering from Papa again
2410,Food came 30 minutes late from stated delivery time
2411,"Chocolate pie is horrible, very poor and too hard worst taste ever"
2412,الجودة اصبحت اقل من السابق
2413,البيتزا كانت كلها زيت margherita و ال chicken ranch كانت جيه غلط كانت sea food
2414,البيتزا جات كلها سبيايسي وباردة للأسف
2415,heated in the microwave
2416,amazina
2417,الاكل كان بارد و معمول من بدرى اوى
2418,"Very poor and cheap pizza, the worst ever ."
2419,the pizza was good only comment the chicken tasted a bit too dry
2420,موزاريلا محروقه و أنا قلتلهم متبقاش محروقه و انا مش هستخدم البرنامج المعفن ده تانى عشان دى مش اول مرة
2421,"Horrible horrible horrible. I should’ve trusted the reviews, but I thought papa john’s is a well known brand so why not. The food came late after iftar with 40 mins, it was cold, the sauce was OPENED and used as if someone ate from it. The food was ز..."
2422,"Ordered for iftar, got it 30 minutes before! Was already cold when arrived. Never doing this again!"
2423,مكنش في صوص رانش
2424,The food was cold and with no ranch sauce !!!
2425,اكل ظفر و يوجع البطن
2426,سيء جدا
2427,I specifically asked for no onions and the order came with onions
2428,البيتزا وحشه جدا و ناشفه اول مره تجيلي كده لولا انه كان وقت السحور كنت رجعتها فورا بجد كانت وحشه جدا
2429,The chicken ranch pizza baking was not good at all and ingredients was not as I used to. and chicken wings taste was not good too
2430,Came in time 👍👍
2431,Your support was super helpful but I rated 4 stars because the pizza was cold ... wasn’t the best unfortunately
2432,البيتزا وصلت باردة وغير لذيذة
2433,Oily pizza ...never happened before with papa johns!
2434,كتير الاكل كان حلو
2435,البيتزا كانت وحشه جداا
2436,Late delivery and cold food
2437,Perfec
2438,It was cold and full of black peper
2439,The pepperoni pizza was salty and spicy
2440,missing sauce packet
2441,the buffalo pizza was a bit squished in delivery
2442,"Taste was really bad,not hot"
2443,I ate one slice and i kept puking for a day. Good job.
2444,الطلب وصل مائل على الجنب وغير منتظم
2445,انا مش عارفة ايه اللي حصلهم بس عمري ماكلت بيتزا وحشة اوي كده من عندهم
2446,It was not nice as the previous
2447,Was more than amazing thank you so much
2448,Pizza was way overdone and cold. Breadsticks were okay.
2449,Prefect
2450,"I received the order and it was cold and didn’t have any vegetables, however when I contacted their customer service team they responded immediately and solved the issue right away."
2451,Very disappointing!
2452,The pizza was not good like everytime
2453,Quality of the pizza was horrible
2454,بجد من اسوء المرات اللى طلبت فيها البيتزا
2455,التوبنج قليل اوي لازم تعمل طلب اضافات جبنه ودجاج عشان البيتزا تبقا كويسه للاسف
2456,التشيكن رانش حلوة جدا بس مزيتة و تشيكن باربيكيو رائعةةةة فرع مول العرب
2457,كانت ناشفه جدا والاضافات مش بالكمية المطلوبة الصراحة اسوأ مرة
2458,Came Super hott! Super fast delivery
2459,It was so f@cking cold
2460,"It was very thin, dry and not tasty as usual. Totally Bad"
2461,I have not gotten my order!!!!
2462,Cold and the worst taste I ever tried from Papa Johns
2463,the worst and most unpolite customer service ever
2464,Worst
2465,Wasn’t good too oily didn’t like the taste and the quality is so poor not what i expected
2466,"Horrible experience , the pizza never delivered and poor customer service attitude even after they verified my complaint !!!"
2467,الاكل وصل متاخر جدا وكان بارد جدا ومكنتش مستويه كويسه بجد اول واخر مره اتعامل فيها مع مطعم زي دا وشكر خاص للدعم المينوز
2468,"although the taste was fine, it wasn't exceptional… not something I'd remember later on."
2469,"Pizza is very very dry, it’s not fresh and it does not have enough ingredients. Also, it wasn’t hot."
2470,Goood
2471,there wasn't extra ranch sause on the top
2472,gamed
2473,طعمتها وحشة وكانت قاسية جداً زي بقالها سنة فالتلاحة
2474,أسوء مرة كلت فيها بيتزا
2475,bad quality. not hot. last time to order pizza from u guys
2476,The amount of cheese is less than i expected. Felt like i ordered a margheritta pizza not six cheese.
2477,"The delivery guy said he didn't bring any change. But I found he lied. Whem I asked him to bring change. I needed 65LE change, He went downstairs and come back with 50LE. Delivery guy must bring enough change and he needs to be honest."
2478,Used to be my favourite until recently. Must find their quality which differentiated them from their competitors
2479,ingredients was too little. we didn't enjoyed it at all.
2480,انا طلبت بيتزا تشيكن رانش و سيئه للغايه مفهاش جبنه مغهاش فراخ عباره عن عجين بصوص رانش حقيقي شي غير مقبول و غير متوقع اخر مره هتعامل معاهم
2481,As usual so beautiful
2482,البيتزا كانت اكثر من سيئة
2483,الاكل كان سخن و طعمه حلو جدا، شكراً جزيلاً
2484,Nice & Healthy ingredients
2485,تقطيع بشع وصوص الرانش مش متماسك مع المكونات ومعرفناش نمسك سلايس ع بعضها
2486,البيتزا باردة وناشفة ومش شامة ريحة الموتزاريلا
2487,البيتزا جات باردة والدليفري كان واخد العنوان غلط
2488,rotten chicken pops
2489,ranch pizza was horrible and dry
2490,للاسف العجينه كانت ناشفه جدا يادوب نقطمها و الشوكولاته يادوب عليها ممسوحه
2491,I was given nuggets when I ordered wings
2492,للاسف الاكل وصل مش سخن خالص و كانت المكونات ناشفة مش عارفة ازاى بصراحة
2493,no chicken
2494,Was very bad quality ever
2495,But the vegetarian pizza was a bit bland.
2496,"Food was really bad, cold and pizza was super dry and overcooked!! Worst time I had Papa John’s!"
2497,كان جاية مقلوبة
2498,3esh feno Literally
2499,The family size was the size of a medium pizza 👎
2500,الصلصه ذياده عن اللزوم بكتير بجد
2501,The delivery driver's was inappropriate
2502,٣ ساعات عشان الاوردر يوصل بجد كتير
2503,البيتزا اتاخرت و مش ساخنة
2504,three hours for delivery
2505,بالاضافة كل مره مفيش كانشب بيتحط بيوفروا عيب اوى والبيتزا جاية بارده 😏
2506,تجربة سيئه
2507,The amount of burger is sooo little
2508,momtazm
2509,نرنرن
2510,البيتزا كان فيها شعر
2511,The food was not hot
2512,Food was very cold !
2513,The order was so cold
2514,"Order was cold , it was the 3rd order to be delivered with the same delivery guys"
2515,اسوء مره اطلب فيها .. اولا البيتزا عباره عن عيش مفيش حشو و طبعا وصلت بارده لانه جه متأخر و الطعم مش زي ما المفروض يكون .. دائما كانت احلي بيتزا بابا چونز .. 😓
2516,للاسف كان سيئ جدا و الاوردر وصل بارد
2517,I ordered 5 ranch sauce and I got 3 only and the BBC poppers there wasnt any BBC
2518,Quality
2519,worst time i ordered from papa johns especially the smoked cheese no cheese at all ?!!!
2520,"I ordered a chicken ranch pizza, not chicken pizza. Worst time i eat from papa johns. Bad."
2521,Hate the peppers that are served as a side with the Pizza
2522,To7fa
2523,z
2524,my order came wrong and It tasted really bad
2525,Pizza was squeezed into one corner of the box And cold
2526,they didn’t add ranch sauce on the top of the pizza
2527,كل الصوصات كانت رانش .. عبط 🙂
2528,Thank you very much professional delivery service
2529,I had vomited
2530,كانت برده و وحشه اوى
2531,مكنش زي كل مره 6 تشيز
2532,البيتزا كانت سيئه جدا اول مره تيجي سيئه كدا البيتزا مفيهاش حشو و الراجل الي عمل البيتزا تقريبا فرد عجينه صغيره و عملها حجم كبير كنت حاسس اني باكل عيش ناشف
2533,The food tastes terrible!!! I'm probably going to stop ordering from them
2534,ابطئ دليڤري، اوردر واحد اخد اكتر من ساعتين و الفرع مش بعيد و مفيش زحمة.
2535,The food was not delivered very cold and tasteless
2536,i added a note to my order that i don't want onions in the pizza and it came as if i asked for extra onions !!
2537,nt good ..i order pizza with chicken and there was few pieces of chicken
2538,It was cold and after we ate it it gave us stomachache and my sister went to hospital didn’t expect that from this restaurant
2539,All was good except that it took longer than it showed on the app to be delivered.
2540,The pizza’s was over crusted and it was like a rock and the edges was burnt and the there was no toppings at all.
2541,مش مستوية كويس عجين ومش معاها حتى سكينة ولا منديل ولا اى حاجة
2542,Shittiest pizza I’ve ever eaten. Cold! Jalapeños looked like they went bad!! And tasted like dog shit!
2543,مفيش حشو و البيتزا عجينة فقط .. بشعة و السموكي عجينة بس و شوية سلامي
2544,مفيش هالبينو ناقص ودافعه تمنه
2545,delicious
2546,It was very baddd
2547,the ranch sauce was missing ☹️
2548,Satisfied thank you
2549,owesome
2550,البيتزا كانت ساءعه جدا ومش حلو الحشو ومش مظبطه خالص للاسف
2551,العجينه حلوه و كل الحاجات عليها حلوه بس الجبنه قليله جدا للاسف
2552,انا ببقا طالبة بيتزا 3 cheese أكيد عشان بحب الجبنة تكون كتير عالبيتزا 🙄 الجبنة مش كتير خالص و في حتت فاضية مفيهاش جبنة😑 و كمان عيش التوم ملوش طعم و مفيهوش توم
2553,"chocolate pie was only thick pastry and almost no chocloate, before it was full of chocolate and thin pastry that's the reason i ordered but after this experience i won't order again anymore"
2554,"Delivery time now is announced to be 60 minutes and they exceed the 60 minutes plus the pizza was barely warm, when the delivery person came I saw he had other orders with so I assume that the they go out with at least 3 deliveries... unacceptable es..."
2555,"The delivery man was so kind, friendly and thoughtful."
2556,"the food came after 2 hours !!! it arrived cold and tasted bad !!waiting 2 hours to recieve a shitty pizza ... thank you papa john's, I will not order your pizza ever again and thank you el menus for the worst experience ever !!"
2557,الاكل غالى جدا على الجودة و الجمبري طعمه طعم ميه و صغير جدا، الاكل كان سئ جدا.
2558,اابيتزا سيئه وناشفه جدآ والدليفري اتاخر
2559,طلبت بيتزا 4×4 super papa's and chicken BBQ كانت جاية سخنة زي ما طلبت بالظبط والبيتزا كبيرةةة جدا وبتشبع وطعمها حلو جدااا❤❤❤
2560,"the chicken ranch pizza had less chicken pieces than usual , hope this isn't going to be the norm"
2561,"Called them today at 15:12, my order arrived 16:55!! After 3 phone calls to complain! Their excuse: lots of orders!!! Big Fail! According to the receipt the order was logged or went out only at 4:37, although they claim to deliver within 60min!"
2562,the food wasn't hot and fresh
2563,البيتزا كانت ملغبطه وسايحه علي بعض وصغيره مش large
2564,البيتزا تشيكن رانش فيها مشكلة مش اول مرة الاحظها ً و مشربوحدي لما باكلها بلاقي وجع في البطن رهيب !!!
2565,Not the same taste
2566,سيئه للغايه و بارده و زي العيش فرع معادي
2567,super
2568,"Get your shit together Papa johns.. on Elmenus part they did well in what was their job (good delivery/timing/temperature), but the price was not worth the size, medium is not medium it’s mini medium. They decreased portions but same price ?? This is..."
2569,Little content compered with its price
2570,3 hours late
2571,الاكل اتأخر ومكنتش عارفة اتواصل مع حد
2572,Delivery man wasnt wearing a mask
2573,صوص الرانش كان قليل جدا و مكنش في jalapeno و الطعم مكنش زي كل مره
2574,For the first time.. Too bad taste and the worst quality from papa John's
2575,الأكل كان سئ جد جدا جدا بايت و مجلد مش فريش..حتى المشروم على البيتزا باين انه بواقي و قديمة الاكل وصل بارد و قديم و كنت طالبة صوص زيادة مجاش زي مايكون كانت البيتزا عندهم مركونة من قبل كده و بعتوهالي
2576,شغال
2577,زفت و بقالي اكتر من ساعة مستني حد يجي ياخده
2578,a little stomach ache after food
2579,not hot enough
2580,Great Pizzas
2581,اتاخر جدا و كنت كاتبة عنوان جيه على عنوان تاني
2582,"Last time I ordered it was very nice, but this time it was very bad, It didn't feel fresh at all and due to the somewhat late delivery it was cold.. Hopefully next time insha'allah it will be better."
2583,البيتزا صغرت
2584,"God that was so good!, keep up the good work, guys."
2585,It was very cold
2586,Yummy and reliable delivery! 👍🏽👏🏼
2587,الدعم الفني ايضا
2588,الخدمة بقت زفت
2589,thank you
2590,awesome 👍
2591,wasn't rich
2592,the food wasn't so good
2593,it was very cold and not fresh
2594,جميل جداً
2595,"Worst pizza i ever tried cant believe i paid 150 for this shit. All topping above each other, extremely small, cold, just awful"
2596,الاكل تلج و مجلد و طعمه بشع اول مرة اطلب بيتزا بشعه كدا
2597,Thnxs
2598,بارد شويه
2599,Inconsistent.
2600,Honestly there are 70 Egyptian pound pizzas out there that are way better than this. How do you manage to make the ranch sauce oily?
2601,Taste not good too much sugar for a pizza
2602,"Most disappointing pizza i ever had in my entire life, soggy, cold, everything above each other, cant believe i paid 150 for this shit"
2603,ليست جيدة مع الاسف
2604,the food was super as usual I have never ordered papa John's from menus however it was good experience
2605,البيتزا مش متمونة خالص مش مليانة كدا مفهاش غير قطعتين فراخ و فلفلاية ورفيعة كدا مش عارفة احس بالطعم ومشبعتش كمان العجينة كويسة بس البيتزا مش تشبع خالص كدا ومش مليانة جبنة ولا فراخ ولا اى حاجة
2606,The pizza tasted not so good I didn’t like it
2607,الاكل باردة جدا
2608,The food was so bad
2609,Their was no chicken ranch sauce with the pizza and the pizza wasn’t hot
2610,"Order arrived after 2 hours, cold and rough. I refused to receive the order and your customer service is AWFUL"
2611,The pizza was too thin not as every time expected
2612,"pizza additives cost are not written in the application and do not contribute to the final cost of the order. and there was a dispute on the amount I had to pay, as the El Menues receipt was of a different value than the restaurant receipt."
2613,the margherita must have extra pizza sauce but it came with no sauce
2614,Burnt pizza was the worst pizza I have ever had!! After 1 slice I threw the rest away
2615,"The order came after an hour, cold and didn’t taste good."
2616,الطلب وصل بارد جدا بسبب التاخير
2617,"2 hours waiting for my order, then i receive it cold?!"
2618,ysallam@hotmail.com
2619,Always fresh and even delivered before time🙏
2620,The order came late and cold
2621,Extra ranch sauce never arrived
2622,Checkin ranch pizza was terrible
2623,they didnt add extra cheese and they took its money
2624,"The food was an hour and a half late. It almost arrived at MIDNIGHT. And by the time the food got here, it tasted like cardboard. It was cold, tasteless, and you very rough to eat."
2625,بيتزا ممتازة لكن للأسف مستواهم غير ثابت.................
2626,the pizza was cold and the ingredients were very little
2627,pepperoni was not fresh
2628,The pepsi was missing
2629,Great pizza and the delivery was fast!
2630,البيتزا تشيكن جميله جدا وصوص الرانش بس المارجريتا للاسف مكنتش حلوه بس تجربه جميله
2631,بجد مش معقول ادفع ١٧٠ جنيه في اكل جابلي وجع بطن واسهال جبت بيتزا هالف اند هالف من فرع شيراتون الهالبينيو ريحته مش مطبوطه وتحسه فاسد وللاسف ياريتني اكلت منهم لله حسبي الله ونعم الوكيل
2632,بيتزا ايطالي ممتازه جدا / الاوردر بياخد وقت شويه/ فرع الطيران مفيش مكان جلوس فيه / الحجم و الطعم و السعر متناسبين جدا
2633,The order was incorrect.
2634,كل جميل
2635,في بيتزتين من التلاتة كانوا بايتين وباردين ف العجينة، والاكل عليهم ناشف، خصوصًا البريوني
2636,pizza was tasteless
2637,البيزا كانت سيئة
2638,صاقعة جدا و مفيش رنش بالمعدل الطبيعي بتاع كل مره على البتزا و كانت طعمها وحش جدا
2639,الببروني رولز ما بقاش فيها ببروني
2640,وحش جداا
2641,Didn’t include Jalapeno nor ranch sauce.
2642,إتأخر لأ والدليفري جاي مستعجل عشان معاه أوردر تاني وأسوأ مرة أكل فيها بيتزا من عندهم وكمان مفيش أي شوك أو سكينة أو كاتشب مفيش أي حاجة هي ٣ علب جواها البيتزا وعلبة صوص فقط لا غير
2643,The worst it was cold and messy in the box
2644,The pizza contains very little amount of chicken
2645,البيتزا كانت بارده جدا
2646,It was all good and delicious and i hope to stay on that perfect quality every time i order..thanku
2647,Ordered and paid for extras on one of the pizzas but didn’t receive the extras
2648,صغيره بالنسبه للسعر
2649,It wasnt hot
2650,كفاية طماطم بالله
2651,الاكل واصل بارد والبيتزا كانت ناشفة واسوء مرة كلت فيها من بابا جونز بجد تجربة سيئة
2652,Pizza was not good nor fresh
2653,food tastes like shit
2654,I ordered BBQ chicken poppers and I got the spicy buffalo chicken poppers.
2655,Za
2656,the jalapenos did not taste the same as usual
2657,البيتزا وحشة جداً والعجينة ناشفة أنا مصدومة
2658,It was fresh and hot! Thanks.
2659,الـ Garlic Sauce كان بايظ.. منتهي صلاحيته
2660,"i usually order from Papa johns but this time it was not as expected! medium pizza is tooo small plus toooo much crust around more than the filling! not as normal, i was eating crust with little filling!! i wish i can attach a photo to my review."
2661,Not that good
2662,It was very good but it was a bit cold
2663,البيتزا مفبهاش حشو
2664,"Last 3 orders the pizza was cold , keeping food hot need suitable package"
2665,Pizza was so good. But I ordered it without onion and yet it came with onion
2666,♥️
2667,very cold and late delivery even though the branch is near me
2668,😠
2669,بيتزا ناشفه ..و طعم عادي جدا
2670,Chocolate pie is very expensive and not tasty at all
2671,العجينه كتيير الحشو قليل
2672,"I very specifically wrote in the options, no onions, however all the pizzas I ordered were delivered with onions. Disappointed."
2673,"pizza was good, but chicken wings weren't on point at allll"
2674,"the pizza was not in its normal taste nor shape, chicken were chopped differently and there was absolutely no ranch sauce and tbe whole taste was different than each time"
2675,no extra cheese
2676,المعاماة سئ للغاليه و الاوردار وصلني غلط و تواصلت مع حد من قسم الشكوة و للاسف عدم اهتمام و عدم رد كنت طلبه رنش وسط جاتلي صغيرة و دافعه حق الوسط و مش اول مره تحصل و محدش رد عليااا
2677,الاوردر للأسف بييجي مرة حلو ومخدوم ومرة بييجي غير مخدوم وتقريبا مفيش عليه جبنة كويس والعجينة ناشفة تكاد تكون موش فريش
2678,It’s was so thick
2679,Stygdrtg
2680,they didn't follow all the instructions and get one of the pizzas with vegetables
2681,super good
2682,Very excellent service and best taste ever ❤️
2683,لذيذ الديليفري ظريف ومحترم
2684,Pizza was cold & late Delivery went to wrong address first
2685,الاكل بيوصل بارد
2686,الاكل اتاخر و كان بارد و فعلا مش احلي حااجه و فعلا خساره فيها الفلوس علي الطعم ده .. اسوء مره كلت فيها من بابا جونز
2687,الأكل جاي ناشف وصوص الرانش قليل جداً بالنسبة للحجم العائلي والعجينة مكانتش أحسن حاجة.. بصراحة مستواكم بقى في النازل للأسف!!
2688,wrong type delivered
2689,"Very bad experience, ordered a family and was very cold and with 1 sauce and delivery late more than 90 mins"
2690,زي الزفت بجد اولا انا طلبتها stuffed crust جت عاديه و رفيعه اكتر من الطبيعي كأن حد داس عليها + التشيكن رانش عليها ٣ قطع فراخ بالعدد
2691,الطعم وحش ومكانتش محشيه الاطراف
2692,زي الخرا وخدمة زفت والحاجة باردة
2693,Delicious and very fresh pizza. .
2694,Worst pizza ever! I was eating bread and tomato!!!!
2695,the food was too late n it was all very cold
2696,the food isn't hot
2697,الحجم صار أصغر وهذا شىء غير مريح
2698,كانت ناشفه جدااا وبارده
2699,انا كنت واقف في الشباك والولد بتاع الدليفري وصل وماكنش شايفني .. شوفته وهو بيفتح علبو البيتزا وعلبة تانيه صغيرة وبيشيل وبيحط وبيفك اللزق ويرجعه تاني .. انا مش فاهم هو عمل ايه الاوردر مكنش ناقص ... وهو نفس الولد من اوردرين الصوصات ماكنتش موجودة.
2700,الاكل كان بارد اوي و مش حلو نهائي
2701,كله ممتاز بس المكونات قليلة جدا عشان تحس انها طبيعي لازم اكسترا من كل حاجة
2702,Highly recommended restaurant Amazing pizza
2703,value should be 146 EGP while you asked for 22 EGP more! I won't order or recommend you again to anyone and will post this on Facebook so that everyone would know how you fraud them.
2704,The taste was very dirty😔😔 All the eaters became sich 😡😡
2705,Very oily
2706,البيتزا كانت بردا جدا
2707,"Worst pizza ever, so cold and dry"
2708,لا يوجد خصم و لا دفع بالكارت و مش عارفه مكونات البيتزا بالتفصيل و لا في إمكاتية تعديل مكونات البيتزا
2709,very bad quality not what i ordered
2710,Not the best
2711,Pizza was disgusting
2712,delay delivery
2713,Never received it as hot and delicious as this time! Thank youuu!
2714,The order is very disappointing for the second time in a row!! The chicken papa ingredients are falling off the pizza crust and they taste really bad! The pizza arrived open with the seal out of place! The quality is really deteriorating after it was...
2715,Tastes good but it came cold as usual
2716,كل خاجه خلوه تسلمووو
2717,t
2718,Missing some items.
2719,but portions was too small
2720,My pizza looked like this when it got delivered i was pretty disappointed most of the stuffing where stuck to the box
2721,الفراخ كانت قليله جدا
2722,above
2723,Rotten Pizza
2724,cold as well as no extra cheese as ordered
2725,pizza was good but it took more than 2 hours to get it
2726,Thank you
2727,geëvenaarde
2728,did not read notes
2729,nasty
2730,Missing sauces and wrong side dish delivered -
2731,"Received my order So Quickly, helpful and easy application, thank you ♥️"
2732,ingredients are getting less and less
2733,S
2734,The 3 pizzas were relatively empty. it's like i was eating only crust with a little bit of sauce.
2735,الفراخ كانت بايظة ووحشة قوي قوي و بجد كان اوردر سئ
2736,باردة ومفيهاش فراخ تقريبا!
2737,البيتزا جت باردة
2738,صغيره جدااا و جايه بارده و مش حلوه و الأطراف تلكم من كتر مهي فاضيه و العجينة شبهه نية! اخر مرة بصراحة مع انكوا كنتوا ممتازين بس واضح انكوا بقيتوا زفت
2739,not bad not good
2740,Food came very fast and was hot and tasty
2741,"the extra olives, green pepper and pepperoni were very little"
2742,حلو اوى اوى
2743,The pizza wasn’t as usual good and it missed the ranche sauce
2744,البيتزا كانت باردة
2745,The delivery came without the main pizza and he called the restaurant and I had to wait till it came. Don’t they revise the order before they dispatch it??!!
2746,driver had a very bad attitude
2747,Be good
2748,بجد مرسيه علي الخدمة والجودة
2749,I love it
2750,"delivery and service is good, pizza was cold."
2751,Come dameged
2752,Please accept card payment
2753,😘
2754,vbjbydjfi
2755,"I ordered an extra ranch plus the already sauce that comes with the pizza, onky received 1, otherwise everything was perfect Thanks"
2756,The pizza wasn’t cut 😧😧
2757,Where is the ranch sauce in chicken ranch pizza ? Papa johns getting worse and worse by every order i ordered concord plaza branch 👎👎
2758,Good portions
2759,البيتزا كانت سيئة جدا مش ده المعتاد عليه من بابا جونز البيتزا مش عليها صوص الرانش و كانت رفيعة جداا
2760,not as good as always
2761,"I ordered 3 pizza (chicken runch spicy, smoky and six cheese), I recieved chicken runch NOT spicy, smoky and margrieta)"
2762,my order never came!
2763,Was cold while delivering
2764,صوص الرانش كان الملح زياده فيه
2765,safety tape was not there and the peppers were taken out off the pizza box
2766,بيتزا غير غنيه
2767,الاكل كان رائع بس اتمني لو صوص الرانش يبقي ازيد في البيتزا عشان يبان طعمة اكتر بس الاكل جيه سخن
2768,i lovex it
2769,البيتزا كانت رائعة و معاملة الدليفري ممتازة
2770,Food was coldddddddd
2771,No sauces no peppers pizza was dry
2772,"I ordered Margarita pizza, it was cold and less than good but it's not the problem I have also ordered a chocolate pie it was more than trouble it was awful, and it wasn't as the picture in the order."
2773,We ordered 6 cheese pizza with. Black olives they delivered and we won’t ignore the delivery guy Thank you but we find out that your order not fresh and tasty anymore
2774,Really disgusting taste!
2775,الاكل بارد ومحروق
2776,تجربه حلوه جداا
2777,I ordered extra chicken ranch but I didn’t receive it
2778,the pizza was cold and the delivery was late
2779,"Cold, and not cheesy at all"
2780,The Pizza is awfully tasted.. Yuk!! Dough and ain't well cooked
2781,smoky cheese had just licked his cheese
2782,ابيتزا فاضية
2783,غالي جدا جدا جدا جدا جدا جدا جدا
2784,Chicken ranch wasn’t good as expected
2785,البيتزا كانت كأنها مطبوخة من فترة ومركونة ومتسخنة مش الجودة اللي اعتدنا عليها من بابا جونز نتمنى يكون المرة القادمة افضل
2786,Not the first time to receive order missing ordered toppings
2787,extra sauce that was requested and paid for was missing from the order
2788,my pizza was not fresh
2789,It was not good and not fresh
2790,"That order was really great, hands to the chef 👏👏👏👏"
2791,الاكل جيه بارد و تحس انه بايت و فطيرة الشيكولاته زفت
2792,they can't make pizza anymore
2793,NA
2794,we got a stomachache 🤮🤮 after we ate
2795,NIIICCEEE
2796,كان بارد و من دون هالبينو معن طلبت بالهالبينو
2797,amazing pizza🍕
2798,Amazing food actually 😘
2799,ساعتين لتوصيل الاوردر و خدمه عملاء كارثه
2800,in the spicy chicken ranch pizza the spicy pepper on the top was expired or has a very bad taste
2801,اسوأ مطعم بيتزا
2802,good.
2803,طلبت صوص ومجاش ووخدين فلوسه ليه لو مش موجود متخدوش فلوسه😏😏
2804,Good but was spicy
2805,wedges too normal shrimp is suck
2806,They were cold and the chicken ranch had no chicken !
2807,didn't mention what kinds are spicy in the menu we couldn't eat it for being extra spicy
2808,الاكل تحفه
2809,البيتزا مافيهاش فراخ و عبارة عن عيش بالجبنة و لا فيها فراخ ولا حتي الرانش صوص حاجة مستفزة جدا و فلوس عالفاضي
2810,pizza tasted good but it arrived cold
2811,جميلة
2812,البيتزا اصبحت بيتزا بعينات الفراخ.. كمية الفراخ اقل من ان تكون للحجم الصغير وليس للعائلي
2813,chocolate pie was so bad i throw it away
2814,Very expensive for small quantity
2815,تقطيع البيتزا عشوائى و عدد القطع غير المتفق عليه من المطعم
2816,♥️♥️
2817,طلبت بيتزا تشيكن رانش ولا فيها فراخ ولا رانش وعيش فاضى
2818,too cold and the peproni was very dry
2819,margarita pizza was cold & bad
2820,Papa John’s is the perfect place for pizza everywhere
2821,order was warm and not cold. ur lucky I love u
2822,stuffing was to a minimum.
2823,No ranch on the pizza and overall not good
2824,الاكل جاي بارد
2825,I didn't get the sauses from the first time it had been sent after i finished the pizza
2826,Worst experience
2827,Was soggy and soft. Was horrible overall
2828,الاكل بارد والبيتزا ناشفة محجرة اخر مرة اجيب من بابا جونز
2829,Ordered extra cheese But came regular pizza
2830,The pizza was nearly without topping
2831,Fgh
2832,The taste wasnt as usual papa john's taste
2833,Good!
2834,It arrived cold
2835,It had just 2 cheese
2836,Perfect quality as always!
2837,البيتزا تحس انك بتاكل عجينة بس
2838,كان المطعم المفضل لى ، البيتزا المرادى سيئه جدا جدا
2839,Delivery is awful and unprofessional at phone calls at all
2840,thyme had alot of sand in it
2841,Not tasty
2842,Little Italy and Margarita were exceptional 👌 Garden special and Super Chicken 🐔Papa were ordinary and not recommended
2843,wasnt hot
2844,terrible food
2845,Chicken ranch pizza had no chicken
2846,الاوردر نتيجه تاخرا البيتزا مش بقت سخنه
2847,was old and bad
2848,البيتزا جميلة انتو. احلي بيتزا في مصر
2849,كالعاده افضل مطعم بيتزا في مصر
2850,الاكل تحفة و جميل جدا
2851,The pizza wasn’t fully cooked
2852,"The chicken ranch was not fresh , there’s no chicken on it , the cheese one was absolutely delicious & fresh"
2853,Ranch sauce wasn’t delivered Pizza is the worst ever
2854,pizza was over cooked burned from the crust
2855,👌
2856,حلوو
2857,The food was not hot enough
2858,"I asked for addon Mozzarella, and they told me it is not allowed"
2859,the stuffed crust not so good like pozza hut but the pizza is perfect
2860,Wasn’t fresh and cold
2861,Good order
2862,I love the smoky cheese so much !!!!
2863,Very good as usual
2864,Not enough pizza sauce
2865,goodp
2866,Very very little ranch sauce :((((
2867,البيتزا كانت ناشفة جدا المرة ده. وده غير المعتاد من بابا جونز
2868,Pizza contained jalapeño which i asked to be removed
2869,دي مش stuffed crust ده نصب
2870,So bad
2871,Goooood
2872,مجاليش رانش صوص
2873,It was not like everytime.. it was not very hot and super thin
2874,"delicious and yummy pizza . however every time I eat from Papa Johns I get nauseous later dkw :,D"
2875,Best pizza ever
2876,Pizza wasn't fresh and was stale
2877,I had only one ranch sausage 😢
2878,the stuffing was not enough for the family size !
2879,الهاليبينو كان مالح شوية
2880,vv
2881,Pizza was very salty. Very displeased with my order this time.
2882,expensive no offers
2883,الاوردر جاي مش معروف نوع البيتزا من بره
2884,the topping was less than the usual
2885,😻😻
2886,ممتاااااااز
2887,بيتزا محروقة جبنة قليلة جدا
2888,delivery vert bad
2889,"Wrong pizza and delivered cold, no replacement sent وصلي بيتزا غير الي انا طلبها و وصلت باردة، و لم يتم التبديل"
2890,pizza mafish fiha mozzarella?!?!?!?!?!?!?
2891,pizza mafihash mozzarella?!
2892,اتأخر والاكل بارد
2893,Expensive
2894,البيتزا كانت بارده والجبنه مش سياحه اكنها بايته
2895,the pizza was not cooked well and was cold
2896,ممتاز جدا
2897,Order delayed more than 20 min Not hot
2898,بصراحة اسوء مره اكل بيتزا في حياتي من بابا جونز طعم سيء كنت طالبه سموكد جتلي بيبروني اللي هو علي مزاجكو وكلها بصل بس الفراخ تقريبا مكنش في فراه اساسا عليها توبينج سيء حقيقي دي اهر مره اطلبه في خياتي لاني قفلت تماما تجربه سيءة
2899,Bad exp
2900,awful pizza
2901,The food was very cold :( and it was not fresh I’m so disappointed
2902,Semi cold
2903,"pizzas seemed to have been kept in the oven for a while, they were a little dry."
2904,ممتاز جدا جدا
2905,grwat taste as usual
2906,Perfect pizza we love it 😍
2907,"the large pizza had no dipping, stuffed cheese edges had little cheese and more dough"
2908,best pizza in the world 😍
2909,احلى بيتزا
2910,هايل
2911,ليه مش بتقبلو البرومو كووووووووووووود حاجه رخمه
2912,I ordered pizza with extra ranch sauce but it came not even as normal sauce but less .
2913,قرف قرف قرف. كنت طالبة chicken bbq الفراخ اللي في البيتزا جاية بايظة وريحتها مقرفة.
2914,Not as good as usual. It was just okay.
2915,Worst pizza i’ve ever eaten
2916,تحففففففة
2917,الاكل مكنش حلو خالص محروقة وناشفة والسيفود ملوش اي طعم غير طماطم وبصل
2918,بشع
2919,pizza was cold
2920,Zero chicken poppers pieces
2921,انا طلبت البيتزا و انا في النادي (يعني برة البيت) و مش قادرين يجيبوا مناديل !!! و جايبين صوص واحد بس على بيتزا ٤×٤ !!!!
2922,عجينة تحفة ملهاش مثيل والله
2923,the pizza was under cooked
2924,pie is an absolute rip off. 40 junay for bread with a bit of chocolate
2925,I ordered a chicken ranch with jalapeno but i got it without jalapeno. the order was sort of cold.
2926,Gmel
2927,تمام حلو جدا
2928,مش زي الاول
2929,Outstanding service and great quality. The order came earlier than specified and it was hot and well prepared.
2930,wrong pizza
2931,بتوصل في المعاد .. بيتزا حلوه جدا
2932,The pizza was very small
2933,i didn't receive the cheese sticks the chicken wings were 5 not 6 and the order took 2 hours it was totally baddest experience not even a one star service
2934,المفروض انا واخد 3 انواع بيتزا مختلفين المفروض تجيب الصوصات مختلفة ليه جايبهم كلهم رانش ليه قمه الغباء دى
2935,Amazing delivered hot and quickly
2936,لذيذ وطعم وسريع
2937,"Not the same quality as every time, does not have enough cheese and so on especially for the pepperoni which is supposed to have more cheese than the super papa beef. Thank you."
2938,App have a bug in papa johns menu when u choose stuffedcrust pizza the app records it in checkout as original crust
2939,i ordered extra cheese and did not rscieve it in my order
2940,Very good food
2941,وحش جدا
2942,delecius
2943,اتاخر جدا
2944,It was delicious but not hot. It was like not fresh
2945,"too late and never arrived,worst delivery service ever definetly would never recommend"
2946,It was hott and good
2947,the food was cold and bad
2948,لم يصل في الموعد
2949,It was the worst pizza ever!! No components what so ever! Not worthy the money..so disappointed and will not order from papa johns again
2950,great as usual 👍
2951,طازة و المكونات مضبوطة
2952,"more than perfect , arrived early , hot and delecious"
2953,عجينة نية
2954,As always gr8 👍
2955,ال topping كان قليل وسيء
2956,حلو جدا و خدمة كويسة اووي و جه بسرعة و سخن ♥️♥️
2957,تحفة جدا بصراحة و جيه بسرعة و سخن و خدمة كويسة جدا♥️♥️
2958,محتاج يزود اضافات شويه الفراخ قليله
2959,بطئ و مكنتش سخنة
2960,waa amazing
2961,"Perfect as usual, thanks..."
2962,البيتزا مكانش فيها ولا قطعة مشروم مع إني كاتباه في الإضافات ودافعة ثمنه 10 جنيهات !!!
2963,Nice experience
2964,Delicious but cold
2965,بيتزا كانت ناشفه
2966,Order was wrong
2967,the pizza was cold and hard
2968,al order geh 3'lt
2969,love
2970,Worst time
2971,it was great but i would rather prefer if they have online payment available
2972,😊
2973,v.good
2974,food arrived very late. it was barely warm and the cheese tasted horrible since it solidified keda because the order took so long. definitely won't be ordering online again.
2975,late
2976,perfect delivery man in safety.
2977,Worst pizza I’ve ever tasted in my life. Never ordering from them again.
2978,Shrimp is too small
2979,Awl mara l pizza tegi wehsha kda mafesh ranch fl chicken ranch bs chicken w jbna
2980,everything was very good but the pizza was a little bit cold
2981,كويسة بس الوردر جاى بارد والجبنة فى البيتزا طعمها مش حلو
2982,we are in love with the spicy chicken ranch 👌❤🙂
2983,Msh gayeb m3ah extra bbq
2984,The food is great
2985,Bb
2986,Very very delayed delivery half an hour after the estimatared time
2987,Not hot and fresh
2988,It was overly priced
2989,The dogh on the pizza crust was a little raw in the middle.
2990,Best pizza I have eaten in my hole life
2991,bad crust and very bad toppings
2992,👍🏻👍🏻👍🏻👍🏻
2993,بجد تحفه
2994,pizza was cold and not the best quality
2995,Helw aweeee thank uuu
2996,No chicken it is so cold
2997,علي غير العادة وصلت باردة و الجبنة قليلة.. دي أول تجربة مع فرع التجمع
2998,was really cold
2999,"The pizza was so cold and not fresh at all keeping in mind this is not the first time to come in this way from arabisk branch , i am so unpleased."
3000,delivery was rude and pizza was missing the ranch dip
3001,غير مقبول
