,comment
0,الاكل ساقع مش سخن
1,مفيش جبنة اساسا باكل فينو بخضار
2,فطيره سوبر جاد للاسف صغيره جدا مقارنه بسعرها ارجو موازنه الحجم مع السعر
3,وحش جدا
4,الطلب متأخر وبارد والدليفري مزود في الحساب وجايه ابنة معاة
5,الاورد خطأ ومجاش الطعمية
6,order late and missing item
7,بارد جدا للاسف
8,التوصيل اخد اكتر من ساعة ونص.. طلبت طعمية سوري بس السندويتش صعب البلع. طماطم واحدة بس وطحينة قليييلة جدااا
9,البطاطس الشيبسي كانت سيئه جداا كانت ناشفه
10,الطعام كان ساقع يارب يكون احسن لنهارده
11,The order is missing a sandwich and this is not the first time.
12,الاوردر جاي ناقص سندوتشات وجاي بارد
13,What is this !!!
14,I ordered 1 egg with pastrami but I received plain egg!!
15,بجد المطعم بقي وحش جدا بيجيب اكل بايت و اكل بارد مش سخن و مش صابح و باين جدا علي الأكل بجد بقيتو وحشين جدا
16,رائع
17,1 fries sandwich missing
18,الفراخ مش مستوية خالص وفيها دم من جوة حاجة سيئة جدا اخر مرة اطلب منهم فعلا اكل سئ وتجربة مش هتتكرر
19,ساندوتش البيض وصل ساده من غير بسطرمه
20,الاوردر وصل متأخر اكتر من ساعة بس المشكلة الاكبر ان السجق اللى فى البيتزا من نوعية ردىئة جدا معرفش ده محشي شغت ولا ايه بالضبط حاجة كده ما تتاكلش ومش بيتمضغ وحاجة مقرفة جدا لو جايبينه من الزبالة كان حيبقا احسن من كده
21,Instructions not followed
22,الحواوشي محروق من برا و طعمه سئ جدا
23,اول مرة جاد يبعتلي ال order كدا اسوأ حاجة
24,يعني ايه الطيار يقولي انزلي زي زميلك هو ده أسلوب
25,1. i ordered shami bread and it came kaiser bread 2. kaiser bread is of bad quality 3. I ordered without green salad and it came with salad
26,"Packaging delivered opened and sandwiches were cold and there was one missed, totally تجربة تقرف."
27,الفول جه عادي مش مش بالليمون المعصفر و الشيبسي انا طالبه يبقي بدون سلطات جه وعليه سلطه
28,سندوتش ملح بالزيت
29,الاوردر توصيل الى المنزل الاستاذ عايز حد ينزل يستلمه من عند الامن تحت ... انا بطلب من مينيوز علشان يوصل من المطعم للباب وبدفع خدمة .... كده غلط تماما وغلط على سمعة المبنيوز لانه مش عاجبه كلامي و بيزعق ... شكرا جزيلا
30,طريقه تعامل السائق سيئه جدااا
31,الاكل جاي متاخر ساعتين. وكابتن الديليفري بيقولي المطعم طالب ٣٠ جنيه زيادة
32,I order one panne roumi and one fried roumi but i get 2 fried roumi instead
33,الكميه في السندوتشات غير كافيه وقليله جدااااا
34,I didn’t receive the order
35,انا طلبت ١ فول و ١ فلافل بالحمص وصلني ٢ فول بعد كل التأخير ده ؟
36,الطعمية سيئة جداً ومجلده عكس المعتاد
37,اوردر فول و طعمية في ساعة و نص 😀؟؟ الحاجة وصلت باردة، متاخرة و من كتر ما اتسابت سخنه و بردت العيش بقا عليه مياه و بقا بايش بجد اوردر بشع و السواق كداب
38,الاكله كله بارد ومفيش معاه اي مخلل وطعمه سيء جدا والبطاطس متسخنه مرتين، عشان اعرف اكل حطيتهم ف الميكروويف
39,جالي فول سادة
40,very good❤️
41,الفلافل وحشه جدا جدا كانى باكل عيش ليس لها طعم قافل ع الاطلاق ودا مش اول مره تحصل حصلت مرارا وتكرار واشتكى ومفيش فايده
42,الاكل سيء و بارد و العيش مش طازة و مقطوع و مبهدل و الاوردر بيتاخر على طول
43,الجبنه رومي المقليه جوده وطعم سيئ جدا جدا الفراخ البانيه طعم استغفر الله العظيم انا رايي خليكم في الفول والطعميه بس
44,I’VE RECEIVED A WRONG ITEM
45,الاوردر اتأخر والاكل كان بارد جدا
46,طلبت ٢ ساندوتش بطاطس سادة و جه برضه بالسلطة و الطحينة
47,V
48,و الأكل كان بارد جدا
49,الفول حمضان
50,تاخرو ساعة تقريبا والفول مش مدمس
51,توصيل متاخر
52,الطلب مكنش احسن حاجه خاالص و الجبنه كانت شبه محروقه و كميتها بسيطه للاسف مش اول مرة
53,"Worst experience from this restaurant, delivery left order in his bike box and for an hour then he decided to get it to me after then"
54,"Everything was really good, I ordered fool, falafel, chips and cheese. They were not spicy, which is something great! The fool sandwich filling portion was not enough. Maybe you need to add a sligh more filling. The fool with khalta, needs to have mo..."
55,الاكل وصل متأخر ساعه عن ميعاد التوصيل المحدد و وصل بارد جدا
56,الاكل ناقص ساندوتش !!!!!
57,الكميه مش كفايه خااالص بجد كانت قليله اوي
58,بطاطس وحشة و بايتة
59,محدش جه اصلا
60,كالمعتاد زمن التوصيل فات والدليفرى موصلش. كلمت خدمة العملاء ، قالوا لى خليك معانا نكلم الفرع، رجعوا لى قالوا لى الطيار معاه الاوردر وخرج بعدها باكتر من نص ساعة الطيار يكلمنى يقولى ابعت اى اللوكيشن انا لسه حتحرك! للاسف كدابين و إدارة محتاجة تتغير
61,تاخير الطلب 3 ساعات ولم يتم التسليم
62,ناقص مافيش الطحينة خالص اللاسف
63,I didn't recieve the order
64,The food was late more than 30 minutes and was cold when it arrived
65,we received a wrong order
66,"the order took over the 30 mins to get delivered after the ETA, not fresh at all"
67,مفيش مرة واحدة بس الاوردر وصل كامل، لازم بوصل ناقص و اطلب اللي ناقص تاني
68,كل الاكل وصل متلج بعد ساعتين و نصف من الطلب
69,الساندوتش النهارده كان ممتاز. شكرا
70,الشاورما كانت ناشفة و مقطعة مكعبات مش شرائح رفيعة و ده بيفقدها مذاقها. برجاء مراعاة ذلك. شكراً
71,طلبته سادة بدون سلطة و طحينة
72,الاكل بيجي بارد شويه
73,أسعار غاليه
74,الاكل دايما بارد
75,ساندوتش البطاطس شيدر المفروض بيبقي عليه زيتون وفلفل وطماطم جاي من غيرهم
76,Good
77,thx
78,الاكل كان بارد
79,الاكل بارد
80,جالي كبده بدل الكفته
81,Missing item Late delivery Good support
82,طعميه كيري مجاتش
83,الاكل اتاخر جدا وجودته كانت وحشة اوى
84,المسقعه مش حلوه بقالها مرتين
85,الاورد جه مختلف
86,وصل بعد ساعتين بارد جدا طبعا و مش حلو خالص
87,خدمة التوصيل تحت الصفر ب مليون درجة الاوردر اتأخر اكتر من ٣ ساعات عشان الطيارين بيقبلوه ة يلغوه عشان مش معاهم فلوس و ده سبب غير مقبول او منطقي مش خطأ من المطعم خطأ من الابليكيشن
88,الاكل جي بارد طعم الاكل مش حلو ومش مستوي كويس عمتا كان اسوء تجربه
89,.
90,كويس
91,الشاورما ناشفة و محروقة زى ماتكون قديمة و متسخنة..!!
92,سندوتشات البطاطس بالجبنه الرومى كان واحد فيه بطاطس والتانى لا
93,اوسخ مطعم الواحد ياكل منه مطعم قزر
94,It was veryyyyyyyyy late I ordered it as breakfast it came to me at lunch time absolutely annoyed
95,I didn’t receive my order
96,جه ناقص فيه حاجات
97,العيش كان طعمه وحش فى كل السندوتشات والبطاطس برضو مكنتش حلوه
98,اكل بارد وسيء
99,الاوردر جيه غلط
100,الاكل بارد الشاورما ساقعه
101,الاورد جيه غلط و فضلت ساعتين لحد ما جيه اخد الغلط و جاب الصح
102,طازج وطعمه حلو
103,missing order
104,Very little shawerma on fattah No sauce put on shawerma and no sauce sent
105,"The food was good, but it came in 2 hours which was too much. Fries with cheddar wasn't good."
106,المفروض ده شاورما سيئه جدا ولا تامت للشاورما باي شكل حسبي الله ونعم الوكيل
107,طلبت تومية فقط جي مليان حاجات تانية
108,I didn't get my order
109,Falafel sandwich not cooked!
110,الاكل بارد وسيء
111,الطيار فضل واقف كتير جدا في شارع ١٥١ بسبب غير معلوم و اول ما كلمته جيه بسرعة و كان واقف مش بيتحرك
112,The foul sandwich was just hot pepper ( most of the sandwich) and a little bit of foul
113,كل السندوتشات جيده ماعدا واحد في زي حاجه قرقشت زي زلطه الفول الاسكندراني مش عارف اعمل ايه الصراحه التوصيل خذ حاولي ساعه
114,السعر غالبا مش سعر المطعم
115,البطاطس كانت بارده ومجلده وطعمها وحش البنتجان المخلل مبقاش حلو ونضيف زي زمان
116,Hair in the food
117,Very dry chicken
118,محتوب التوصيل هنا 21 و اتخصم مني 21 للتوصيل لكن لما الراجع وصل كان مكتوب ان التوصيل 14 و دي مش اول مره يعني بيحاسبوا علي 21 و يدوي المطعم 14
119,عملت ملاحظة واضافه وحسبت عليها و متنفذتش الطيار اسلوبه وحش جدا تجربه زي الزفت صراحه
120,الفطار روعة
121,بتاع الدليڤري كويس
122,H
123,You guys are the worst
124,سندوتشات الفول مجاتش ومحسبنا عليها
125,الاكل جودته سيئه كتير وساندوتش الجمبري عباره عن خضار وبصل وصوص وتقريبا معاهم زي اربع خمس جمبريات صغيرين جدا جدا تشوفهم بالعافيه وسط الخضار حجمهم حجم جمبري لسه مولود بالظبط اول و آخر مره اتعامل فيها مع مطعم جاد
126,الحمص كان حامض
127,الاوردر اتأخر جدا الابليكشن كتب الاوردر وصل والحقيقه وصل بعدها ب ساعه يعني اكتر من ساعتين علي ما استلمناه الدليڤري بيزعق واسلوبه زي الزفت الطعميه جت بارده ومزيته وكل الاكل بارد
128,الاومليت مزيت وطعمه وحش
129,الاكل من اسوء ما يكون الفول الاسكندرانى عباره عن فول بهريسة شطه و البطاطس موتزاريلا ريحتها مقززه الحاجه الوحيده اللى عدله العيش
130,كلو تمام بس كمية الرز قليلة
131,جبنه رومي تخبطها في الحيط ترد و اللي شغالين في المطعم ده بيقصدوا يعملوا الاوردر المطلوب غلط
132,Cola delivered wrong
133,الاوردر وصل غلطمش نفس الطلبات الي كنا عايزينها
134,الخدمه بقت احسن اتمني تكونو دايما ف احسن خدمه
135,very bad
136,المطعم اتاخر في تسليم الاورد للمندوب اكتر من ٤٠ دقيقه مع ان الاوردر سندوتشات فول و فلافل
137,Gradients are not pure in sandwiches (both!!!!)
138,الحشو قليل غير كل مرة
139,جيد
140,جيد جدا
141,الاوردر اتاخر ولغيتو والطيار اتاخر في الاستلام
142,اول مره ف حياتي اشوف مطعم بيحط خيار مخلل على جبنه رومي مقليه الجبنه مالحه بطبعها ف يللا نحط خيار مخلل نملحها اكتر شئ عجيب بصراحه و الاعجب ان طول عمرها خيار عادي و طماطم لكن لا ازاي يللا نشغل دماغنا ع العميل يمكن يتجلط ولا حاجه..
143,السندوتشات فاضيه اكل قليل جدا جوه السندوتشات و اتاخر جدا فالتوصيل و الاكل بارد
144,الاوردر كان مقلوب وغرق الدنيا
145,الاوردر وصل ناقص علبة الباذنجان المخلل لم تحضر ف الاوردر
146,الاكل جه بايظ
147,انا طالب اتنين بطاطس شيدر، الشيدر شبه مش موجود في السندوتشات
148,الاكل وصل بعد ساعتين بارد وميتاكلش وانا بلغت خدمه العملا وبلغت الطيار قبل مايستلمو انو ميكونش بارد بسبب التأخير واستلمو وجابو بارد
149,الاكل سخن وحلو
150,food was missing salt!
151,الاوردر اتاخر ساعتين مع انه مديني عالtracking ان الطيار استلمه...فالاكل وصل بارد جدا
152,Wrong items
153,الجبنة رومي بشعة و كلها عجينة بيض
154,الطعم تمام بس الكمية قليلة جدا جدا ربع السندوتش بس إللي مليان
155,مفيش بطاطس كاتشب و مفيش مخلل
156,الاوردر جاي غلط
157,المفروض أن سرعه التوصيل تبقي اسرع بكتير من طلب اوردر بالتليفون
158,حلو الاهتمام بالملاحظات سعيدة بذلك
159,Na
160,علبه المخلل حمضانه وبايظه
161,وقت التوصيل
162,Driver was late
163,Ok
164,الاوردر مجاش و بعد انتظار ساعتين و نص المطعم قفل منتهي الاستهتار
165,صراحه أسوأ مره جبت فيها اكل من مطعم، الفطيره بارده وفاضيه، الكريب نصه فيه والنص فاضي ومفيش طعم والكريب نفسه ناشف جدا
166,🙏
167,الطعم ممتاز الحمد لله .. جاد لما بيكون حلو بيبقى عالمى 😍😂
168,Worst branch ever .. always late more than an hour .. worst customer service .. worst management ever
169,I don't recommend it .. order takes about 2 hours
170,كل اللي طلبته في الاوردر جاي غلط
171,لقيت حاجه مش كويسه في ساندويتش البطاطس
172,اكتر من ساعه ونص عشان الاوردر يجي واخر مره اطلب من الابلكيشن ذه
173,"the order was more than 30 minutes delayed and cold, i called for support more than 3 times with no reply and um too furious"
174,طلبت طلب و اتأخر و الفرع كلمني و قالي هيطلع طيار من عنده لان المندوب مجاش و لما جه الطلب كان ناقص و الحاجات اللي جت كانت بردت و العيش باش و غير كده قعد ساعه عقبال ما يرجع بالحاجات الناقصه
175,Slow delivery
176,Food was kind of cold
177,التوصيل متأخر أكثر من اللازم
178,الساندوتش مالح جدا واللحمه قليله كمية بصل غير مقبوله بالمرة
179,طلبت علب فول ومخلل و ساندوتشات طعميه جاتني كأنها من التلاجه.. شغل الامس..
180,bad
181,الحساب مش مظبوط
182,Order didn’t arrive
183,"Terrible experience. 2.5 hours till i received my order, missing item, and the item i received is badly cooked."
184,الاكل بارد جدا و مجلد اول مرة يجي بالطريقة دي
185,الأكل روعة، غالي شويتين .. بس روعة .. شكرا
186,ممتاز 😍 🥰 😋
187,محدش وصل حاجه من البرنامج
188,سندوتش في شعرة قرف
189,الجينه محروقه
190,الرز كان حامض
191,ن
192,It was a little bit salty
193,الاكل كان بارد واتأخر
194,"more than 1.5 hours, nearly 2 hours"
195,Raw chicken sandwich!!
196,حاجه فوق القرف بشويه
197,الاكل بارد والعيش ناشف ومفتل والطعمية مليانه زيت
198,الاوردر كان جى مليان زيت الاكياس و السندوتشات كله كله حرفياً
199,الاكل اتأخر جدا جدا وفى الاخر الاوردر جاي غلط 2 ساندوتش طعمية جاى فى كايزر و المطلوب شامى ساندوتش بطاطس شيدر رول جاى بدون جبنة شيدر اصلا كاتشب و مايونيز بس تجربة سيئة ومش هتتكرر
200,تاخير اكتر من ساعة والاكل كله بارد وغير طازج
201,جالى مغص و وجع بطن لمدة يومين
202,التغليف سيء
203,X
204,Fun
205,الفول كان لاسع و حامض و بايظ البيض كان محروق
206,The cola can was Brocken
207,very expensive
208,الفطير بشع مستواكم نانزل جدا
209,الاكل بارد جدا وسئ
210,جالنا نزله معويه
211,الأكل وصل بعد حوالي ساعتين و وصل بارد جدًا
212,A7a kosom el menus
213,food arrived room temperature
214,Very bad quality I don’t recommend to any one Bad experience
215,الاوردر وصل فيه ساندوتش فول بدل البيض بالبسطرمة
216,الاكل كله بارد بعد التأخير دة كله
217,The order was supposed to arrive in 37 mins as it’s said But after 1 hour and half it doesn’t arrive
218,الاكل كان بارد والجبنة مزينة ولازقة في الورق
219,انا طلبت مكرونة سباجتي بولونيز و وصلني بانا ده خطا في الطلب
220,طلبت ربع الفرخه صدر و جالى ورك
221,الطعمية مليانة زيت
222,الاكل للاسف سيء جدا و خصوصا الساندوتش الروول
223,الاوردر كان سيء جدا جدا، الطعن والكمية وكل شيء
224,الاكل بارد جدا
225,an hour late..and no one to contact in app
226,Many mismatched
227,I ordered 9:30 am I received the order at 1:00 pm
228,الاوردر اتأخر ساعه
229,there was a sandwich missing and called you twice with no resolution
230,Did not receive the order !!
231,البرجر فاسد وتم التواصل مع خدمة العملاء وابلغوا ان تقديم الشكوى عن طريق الابليكيشن بالرغم من اخبارهم بعدم الرغبه فى تبديل الاوردر ولكن التنبيه على الفرع بتوخى الحذر حتى لا يتسبب فى ضرر لاحد
232,الاوردر اتاخر ساعة و ربع و الاكل بارد جدا
233,الاكل سئ
234,سندويتش الطعمية غير موجود
235,تحفه
236,الطيار اتاخر جداً و الاكل عجن و برد و طعمه بقى وحش جداً
237,زود السعر في الفاتورة عن السعر في التطبيق
238,الجبنة الرومي المقلية سيئة جداً غير باقي الفروع
239,الاكل اخر مره وحش جدا الطعميه كلها زيت وطريه وتجيب حموضه والفول كانه معمول بصلصه مش بالخلطه وحش اوى
240,Not receiving one sandwich from the total
241,order missing 2 foul boxes
242,الاكل وصل بارد جدا
243,i asked for plain fries and it didnt come plain also portion of fries very little and delivery was very late
244,poisning
245,الاوردر مجاش اصلا و محدش من الدعم الفنى تواصل معايا ،، تجربة سيئة جدا حسبى الله
246,مش افضل حاجة
247,اكل زى الزفت واسعار مختلفه عن المنيو ونصب في نصب . مفيش احسن من المطاعم السوريه في مصر . كل المطاعم المصريه حوارات ونصب . واولهم جاد واخد 25% خدمه وهو ولا خدمه ولا زفت زباله . وسط البلد وأسلوب زفت
248,Missing items
249,انا طالب فول بالبيض و البسطرمة نسي يحط فول!!!
250,الفراخ البانيه كانت سيئة جدا مش زي كل مرة
251,السندوتشات جت غلط
252,الاوردر جاي غلط كله
253,كانت الفراخ ناشفه اوى متعملتش كويس ياريت الدنيا تظبط عن كده
254,You got us one extra puree sandwich
255,ارجو تحرى وقت الوصول حيث وصل الاوردر بعد الفطار باكتر من نصف ساعه
256,- ordered no salad in 2 sandwiches =both had salad -didnt add ketchup nor tmataoes in a sandwich that naturally has them -They even brought 3 extra of that sandwich =took a long time to figure out payment =food became cold by the end of it
257,الارز البسمتي مجاش !! والمخلل بايظ
258,Didnt receive order
259,اللخبطة فى الاوردر دى كانت تجربة سيئة تسد النفس والله مجاليش البطاطس الشيبس اكلتونى غصب عنى امبارح يارب دايما تدوقوا نفس الشعور عشان تحسوا بخطئكم
260,السندوتشات جي غلط
261,order not received and no support from elmenus
262,NOT Delivered
263,تم الالغاء من المكان
264,بارد جدا و سندوتش البيض مش صفار فقط و سندوتش الطعميه سئ جدا
265,"cold pies very bad sugar pie order arrived too late, food was cold, sugar pie was on one side of the plate with almost with no sugar and too wet , threw it away"
266,الاوردر جه سيء جدا والحشو فاضي وكلمت خدمه العملاء قالولي هوا بيطلع كدا معن كل مرا بجيبه مبيكونش كدا
267,الاكل مكنش سخن
268,The fries was not fresh plus there was a tiny amount of the ketchup and the mayonnaise so it was very disgusting and disappointing
269,مطعم زباله و ابليكشن ازبل
270,الفراخ مليانة ملح
271,الاكل من غير سلطه ومش عليه ولا طحينه ولا اي حاجه وحش جدا
272,الاكل غير طازج و بارد
273,"Poor quality food Extremely overpriced, small portions and the food is totally “”oily””"
274,الاكل مش مخدوم كويس والاوردر اتاخر اكتر من ساعة
275,الاوردر كان ناقص
276,Little roomi cheese and more mozzarella
277,The order took two and half hours to arrive
278,السندوتشات ممتازة تحياتى
279,بطييييئ
280,The food was so cold
281,طلبت طعمية كيري جالي طعمية عادية سادة
282,حلو ولكنه بيجي متاخر جدا
283,موصلش لحد دلوقتي
284,بارد جدا
285,سندوتشات الطعمية حادقة جدا جدا جدا لا يمكن اكلها ارجو اسال بدل والدليفري ياخد الاولى
286,استغفر الله العظيم يا رب الأكل معفن جدا
287,ما كانش موجود اى أدوات.. و لا حتى معلقه ؟
288,I'm waiting so far 2 hours and order is not yet delivered (although the address details is well described) and it is shown as delivered !!
289,الفول جه عليه طماطم مخللة مش سلطة خضراء و بالتالي بقى فول بالثوم و تعبني جدا .. البطاطس الشيبسي مجلدة
290,فرع المقطم ده اسوء من اكل مال اليتيم والله
291,سئ جدا والشاورما ناشفة وبايته والكمية قليلة
292,اول مرة اطلب من جاد و اندم بالشكل دة طالبة الاوردر كاتشب و مايونيز في السندوتش ين واحد جالي من غير خالص و واحد في ربع معلقة
293,the food was so cood
294,الطلب بيتأخر على الاقل ٣٥ دقيقه اتكررت اكتر من مره و المره دي الاوردر متلج مش هطلب منهم تاني
295,المسقعة حلوة
296,سرعة التوصيل 😑
297,The sandwiches all lacked veggies
298,I didn’t receive 2 fires cheddar sandwiches
299,المشروم والفول
300,تمام
301,اسوأ بيتزا كلتها ف حياتي بجد العجينه اكنها نيه بجد بشعه
302,كلن العدد ناقص واحد عن المطلوب
303,الاكل سئ جدا جدا جدا الشاورما غير قابله للاكل ولا المكرونه فرن فيها حاجات سودا
304,الساندويتش بدون اي اضافات وغير الوصف الموود في الطلب
305,الاكل بارد جدا ووقت التوصيل اتأخر والطيار
306,زفت زفت زفت
307,تأخير التحضير والتوصيل
308,he didn't arrived
309,NA
310,الفول مش حلو زي زمان،،، والكميات نزل عليها التخفيض
311,الاورد مش كامل
312,زفت
313,We got hot dog crepe rather than chicken panne crepe
314,الاكل بارد جدااا و الفول حامض
315,تي
316,الاوردر غلط و محتاجة دعم في اسرع وقت
317,The order came wrong and the food was cold
318,الاوردر فضل ساعة ونص عما وصل و الاكل جه بارد مع ان المسافة بيني و بين المطعم صغيرة جدا
319,"each time wrong order, not the first time"
320,يعني قولت اجرب اكل من عنده برجر عشان نفسي هفتني ع البرجر الشرقي ، طعمه مكانش احسن حاجة.. ياجدع ده انا كنت باكل برجر شرقي في الاقصر كان انضف من كدا.
321,متميز
322,عيش الكيزر كان بايت و سئ جدا
323,quality of food needs improving
324,cold food arrived
325,طلبت كريب استربس وكان عامل زي البانيه والاكل طعمه بيض
326,جودة وطعم الاكل تحت الصفر بمراحل وطلبت حاجة وجالي حاجة تانيه والاكل طعمه عامل زي البيض و وحش واخر مره اجيب حاجة من عندكم تاني
327,او في اقل من زيرو كنت اديت طلبا فراخ مشوية ربع جالي اقل من ربع دي حاجة الفراخ بايتة جدا دي حاجة تانية بطني وجعتني بعدها
328,كمية الطحينة كانت قليله جدا
329,لا يوجد عيش
330,الطلب ماجاش أصلا!!
331,الاكل سئ و مش سخن و البيض زفرررررر
332,السندوتشات فاضية و طعمها سئ جدا و باردة و لقيت شعرة في الطعمية و كل حاجة بشعة الصراحة
333,"missing egg on one sandwich, missing tehena in all sandwiches"
334,More potato chips and vegetables than meat. The meat was dry.
335,التوصيل وقته صعب بيتاخر اوي
336,Never arrived
337,slow delivery
338,قرف و في حاجة صلبة في الطعميه
339,جالي ساندويتش بطاطس بجبنة زيادة مطلبتهوش ف ادفع فلوسه ازاي؟
340,علبه الفول مقلوبه
341,الاكل غير طازج تماما وبارد وتوزيع السلطة مع الحشو سيء جدا من اسوأ المرات اللي اكلت فيها
342,الاكل بارد جدا وكمان السندوتشات الفلافل مكانتش محشية
343,المفروض إنه كان فيه علبة بابا غنوج مع الأوردر بس مستلمتهاش
344,طلبت الفول بالبيض بالسلطه جا من غير سلطه
345,جيد جدا كأول تجربه ولكن التوصيل بطئ جدا ويستغرق وقت طويل .. اتمني تحسين ذلك
346,الاكل دايما مش طازه
347,البطاطس كانت محروقة وماكنش فيه طحينة
348,I paid more than the application
349,الاوردر اتأخر ساعه و جاي ناقص
350,البطاطس محتاجه تتظبط اكتر الفول والفلافل ماشاء الله تحفه
351,Not fresh food
352,البيض بالسطرمه كان يقرف جدا وفيه ارف ومحروق استغفروا الله العظيم يا رب
353,الطلبات جت مش بنفس الطريقه الكنت كاتبها هنا كان حجات قلت من غير طحينه جت بطحينه وطلبات قلت عليها سلطه جت من غير سلطه
354,الاكل جه بارد مش زي العادي
355,الطلب موصلش و دفعت تمنه
356,رسوم التوصيل والخدمه عاليه جدا
357,الأوردر اتأخر ساعه عن معاده
358,الاكل باظ من كتر وقت التوصيل
359,Fries with cheddar came without cheddar
360,Found hair
361,الاكل اتأخر ٤٠ دقيقه
362,الجبنة جت غير اللي انتو حطنها
363,بجد كل حاجه مظبوطة جداا
364,سئ جدا جدا جدا جدا
365,الساندويتشات فيها رمل
366,طعميه جت عيش كيزر مش شامب
367,All the items i have received is not as i requested
368,فطيرة سيئة
369,طلب الفول بالبيض إضافة بابا غنوج ليس به بابا غنوج
370,كنت طالب اومليت بسطرمة و جالي اومليت سادة !!
371,ساندوتش الطعمية باردة ومكتومة وحشة جدا ساندوتش البطاطس باردة والكولسلو وحش جدا لدرجة اني كنت هرجع ساندوتش المسقعة الباذنجان مجلد اوي والفلفل اللي فيه نفس الحكاية بجد حاجة وحشة اوي حسبي الله ونعم الوكيل رمت الأكل
372,Taste
373,الاكل سئ و الساندوتشات غلط
374,Understand
375,خدمة التوصيل سعرها مبالغ فيه بالنسبه للمسافه مابين المطعم واللوكيشن
376,Terrible customer service experience
377,Food taste was bad
378,Order arrived too late and price was different than price in the application
379,worst ever not going to order again
380,الكفته جاية ناقصة والرز اقل بكتير من الطبيعي
381,طعم الفطير يقرف بجد متتاكلش يا اما ترجعوا فلوس يا تجيبوا واحده تانيه تتاكل بجد تقرف و نا شفه و غريبه
382,2 and half hours and still didn’t get the order
383,My specified conditions didn’t approved !!
384,في حاجات ناقصة
385,السندويتشات كانت باردة ومش طازة
386,The order took almost two hours to arrive
387,اكل سئ جدا الفطيره عباره عن عيش بايت بالسكر واللبن والتغليف سئ جدا الكبس واصل بينقط لبن حاجه سيئه جدا للاسف اول وآخر مره اطلبه المفروض عندي ثقه فيكم بس للاسف ثقتي مش في محلها
388,تم تجاهل ملاحظاتى
389,طيار قليل الذوق ومافيش اي احترام للعميل ولا للشغل اللي بيشتغله بصراحة انا مشوفتش قلة ادب بالطريقة دي
390,سئ جدا جدا جدا
391,الاوردر جه ناقص ومكتوب في الريسيت ٤٢٧ وانا محاسب علي ٤٦٨
392,"Poor quality, not clean , every time they send the order with missing items , delivery take forever to deliver the order , they charge you with items and don’t bring it with order specially if you pay with credit card"
393,السندوتشات اصغر من الحجم المعتاد
394,I wrote notes and they made the opposite
395,طلبت ٤ طعميه و٣ فول جالي ٧ فول
396,missing items. they never delivered it even after contacting support.
397,الساندويتش نصه بس مليان
398,Bad tamia
399,الشوربة حقيقى ماكنتش احسن حاجة بأي شكل من الاشكال اتصدمت بجد من مستوى الشوربة حسيت كأنى بشرب مية على لسان عصفور
400,لما نزلت استلم الاوردر الموظف بيزعق لى ان انا مردتش على التليفون كان ممكن يعاتب بادب و انا اراضيه لكن ليه يزعق؟؟؟؟!
401,دفعت بالفيزا للأسف ودى اول واخر مرة والاوردر مجاش بتاع الدليفرى اتصل بيا وملحقتش ارد بكلمه بيكنسل عليا ومجبش الاوردر حسبي الله
402,الجبنة مزيتة
403,الطعمية الكيرى زفت مافيهاش جبنة كيرى دى جبنة مطبوخة
404,البطاطس جيدة الكفتة بها غضاريف
405,طلبت بيتزا اجاني فراخ .....................
406,الطلب كان شاورما لحم ولان الي وصل كان شاورما فراخ
407,الاكل غالي بدون داعي كان ليا خصم اتلغى لوحده
408,delivery very bad
409,ساندوتش البيض اومليت بيتزا جه بايظ
410,Bad quality of packaging
411,طلب الثومية لم يأتى مع الوجبات و تم الحساب عليه
412,veryyyy laaate and 1 wrong item
413,الاكل حمضان ومقرف جداااااا
414,I paid 10 le extra
415,The bread that was used was obviously not fresh.
416,F
417,وصل متأخر جدا
418,البيض بايظ
419,No delivery and no convenient answer and bad attitude they don’t deserve to serve the food industry
420,جبنة بطماطم سبايسي جدا
421,الساندوتش البانيه الرومي مكنش بانيه خالص ، جبنه مقليه عادي و في فرق في السعر
422,Very late delivery
423,"They mentioned at the beginning that they didn't deliver to my area, and then they figured it out ❤️"
424,اقل كان بارد
425,الاكل مشاء الله جميل بس المشكله الاوردر بيتاخر فى الاكل بيبقى بارد
426,Received two wrong sandwiches - no foul received
427,حشو سندوتش قليل جدا
428,Order was good But delivery is tooo late
429,الطلب ناقص سندوتش طعمية =(
430,حلو
431,very bad attitude
432,Some items in the order were missed
433,thank you bgad
434,الاسعار عالية
435,الاكل كان بارد ومش طازة
436,السندويتشات فيها زلط السلطه مش مغسوله كويس والطعم سيء
437,البيض بالبسطرمه فيه حروق من الطاسه قطع لونها اسود مع اني مأكده ف الريكوست بتاعي ع موضوع النضافه ده بس للاسف لا حياه لمن تنادي
438,الشيبسي بايته وسيئة
439,3Hrs to get an order!
440,أسعارهم مبالغ فيها
441,very very very late delivery
442,I requested two ketchup pouches and I paid for them and didn't receive them with the order
443,كمية الاكل اقل من المعتادة و الكاتشاب قليل جدا و مفيش اضافات على الطعمية زي ما كان مكتوب في المنيو
444,I received shish tawook meal instead of half chicken meal & till now i am not able to claim the difference
445,بصراحة كان حلو اوي الاكل نضيف وجاي سخن زي ما باكله وانا في المكان مفيش فرق ♥️♥️ وجيه علطول متاخرش ♥️♥️♥️
446,العيش بايت و مقطع. البطاطس جبنه مفيش جبنه خالص و البطاطس مش مستويه
447,الشاورما ناشفه و العيش بايت
448,"no one item was correct in this order. Apparently, the ordres' preparer assemble whatever he like, not what have been ordered. Cherry on the top, he mage all sandwiches chilly without any specifec request! I wonder why he works in the service field"
449,2 sandwiches missed
450,الاكل حلو جدا بس معرفش ايه فكرة إنه يجي بعد ساعتين وكل ما اقول مش هيتأخروا بيتأخروا.. احترموا الناس شوية
451,Order came wrong and still waiting for two hours to be changes
452,نصيحة محدش يطلب فى الاجازات خصوصا الاعياد علشان مش بس الاكل هيكون بايت و مش كويس لا ده كمان الاوردر هيتأخر بال٣ ساعات و الادارة هتنكر ان الاوردر ظاهر عندهم اصلا علشان ميطلعوش الدليفرى و ده طبعا لان معلهمش رقيب
453,لقيت سلكة مواعين في ساندوتش الطعمية!!!!!!!
454,didn't respect the request
455,I didn't receive the order
456,سي
457,مطعم ملهوش مسؤول يتواصل مع العملاء يوصلني الاكل بعد ساعتين ومفيش مدير ولا مسؤول يتصل يفسرلي اللي بيحصل يبقى ده اسمه استهزاء بالعملاء
458,باعتين مخلل قديم و دبلان ووحش جدااااا و مكتوب صلاحيه شهر ٤ !!؟؟؟؟؟؟
459,the food seemed to have stayed over night.حاست ان الاكل بايت. طعمه مش زاي كل مرة
460,الطحينة كانت قليلة
461,The delivery guy was horrible
462,invoice value Higher than app prices
463,طلبت ٢ قول اسكندراني و واحد بطاطس جالي ٢ بطاطس و ١ فول كل مره بادم الاوردر يطلع غلط
464,driver so rude
465,الاوردر ناقص
466,Wrong order and the restaurant didn’t refund the money or exchange
467,علم علي السندوتشات لما يبقي في فرق في الحشو
468,البطاطس كاتشب ومايونيز لا يوجد بها كاتشب ومايونيز إلا قلة
469,الساندوتشات فاضيه!!!!
470,كنسلتوا الاوردر اول مرة واضطريت اطلبه تاني
471,Horrible delivery experience
472,العيش بايت والسندوتشات باردة
473,الاوردر وصل بارد والخبز غير طازج تماما
474,why such a small pack of chips cost 30 egp?
475,هو المسقعه مجتش اصلا وجه مكانها فول والطعميه ٥ بدل 6
476,اكل وحش جدا اخر تجربه
477,Worst time eating from Gad specially the grilled cheese sandwich ut was awful
478,الكمية صغيرة جدا جدا جدا للاسف الشديد فلوس على الفاضي
479,كان فيه سندوتش فول ناقص
480,أنا كنت طالبه ٢ فول وواحد طعميه اللي جم ٢ بس وانا حاسبت على ٣
481,الاكل بارد والطعمية كانت شبه حمضة
482,انا محدش جالي
483,Missing item
484,the order lacks a sandwich
485,They forgot to bring the pickles boxes.
486,،شوربة لسان عصفور محروقة
487,ممتاز
488,الطعام جيد
489,للاسف الاكل جاى بارد جدا
490,missing items
491,الساندوتشات مش مخدومة خالص كنت طالب بطاطس كاتشب ومايونيز حاطين عليه شوية صغيرين جدا جدا و السندوتشات كلها جافة و مش طازة كل ده والسعر مبالغ في جدا اخر مرة اطلب منهم
492,prices on your app doesn't match prices on the restaurant receipt
493,بقالي ساعة منتطر الاكل وللأسف الطيار بيقول التاخير من المطعم بجد عدم احترام للعميل
494,v small portions
495,ابطى دليفري
496,Didnt receive the omelette with pastirma sadly
497,الاوردر موصلنيش وتسلم لحد غلط والمندوب قمة الاستهتار وخدمة العملاء مفادتنديش باي حاجه ميعرفوش يعني اي اهندل كلايمت عنده مشكله ولا في حلول مناسبه هستخدمه فلوسي اللي للأسف الاوردر واخر تعامل معاكم
498,Thanks
499,الاكل جاي غلط وشالو الايتم من الاوردر من غير ما حد يجي ياخذه وقالو حد هيجي يستلمه ولا حد جه و تجربة سيئة جدا جدا
500,الاكل اتاخر قوي ساعتين الا ربع مستني افطر ليه و حتي معرفتش اكنسل الطلب و التغليف سئ السخونة عملت رطوبه و خلت الاكل وحش و مبلول و بجد تجربه سيئه
501,I received potato instead of pastrami
502,Overpriced
503,التوصيل سئ جدا جدا استغرق اكثر من ساعتين خدمه العملاء سواء للابليكشن او للمحل سيئين جدا
504,order is not delivered
505,"cold food, big portion of the sandwich is empty"
506,"spicy food although mentioned not spicy. driver arrived after 1.5 hour, not 1 hour as mentioned. call center doesn't compensate the late delivery although Gad takes full delivery fees"
507,late delivery
508,the driver was so late the food became cold
509,Order arrived missing a whole foul box.
510,الاوردر لم يصل لى
511,حشو السندوتشات قليل
512,The order never came after it was accepted!
513,طلبت سحور وماوصلش. تعامل سيئ
514,"The food was very cold and I tried to call the restaurant many times, the customer service is horrible and they were rude"
515,تأخير الأوردر ووصوله قبل الاذان بعشر دقائف بسبب إلغائي لأوردر قبله بيوم وعدم حل الإشكالية من خلال الدعم الفني للأسف .. آخر طلب .
516,الطلب كان بارد نسبيا 😐💔
517,The cheese sandwich was smelling bad
518,الاكل حمضان السلطه و الجبنه بالطماطم
519,الكاتشاب وباقى الصوصات المستخدمة سيئة للغاية مما يؤدى إلى تغيير طعم الساندوتش
520,hadnt received the order unless i contacted the support and the order came cold
521,"terible food, taste, no salad in Tamia.... terrible experience"
522,👍🏻
523,بيتأخر فى التوصيل جدا لكن الأكل حلو
524,it wasn't freshly made nor warm
525,شوربة العدس فيها كيلو ملح واترمت
526,تأخير شديد في الاوردر
527,food was warm
528,"the foul, came almost with no oil as all of it was in the bag"
529,طازج وحلو
530,نفسى أفهم إيه المانع ان المطاعم تحترم الناس وتديهم حقهم زى ما بياخدوا فلوسهم !!! لما تكون مطعم كبير وفايض عندك شوية بطاطس او طعمية ساقعين ومقددين مش لازم تصر تطفحهم للزباين فى السندوتشات !! لو مستخسر تطلعهم لله للناس الغلابة قبل مايجلدوا على الأقل م...
531,الطلب ناقص طحينه أو ثوميه وكمان بدون بطاطس
532,2 hours late for delivery and the food came cold. couldn't get in touch with the restaurant.
533,الطلب ناقص ومش هاطلب تانى من الموقع
534,طالبين بطاطس بالشيدر جت مفيهاش شيدر و طلبت رول البطاطس اضافه توميه جالى اضافه كاتشب !!
535,Order wasn’t delivered
536,كميات قليلة بالنسبة لسعر غالي جدا و جودة أكل ضعيفة جدا
537,Hi
538,نضيفة وطعمها حلو الصراحة بس كمية صغيرة مقابل السعر
539,جميل ورائع
540,طالبة فول بالصلصة والريسيت جاى فيه مكتوب فول بالصلصة لقيت ساندوتش بيض
541,"very late delivery, i had to cancel the order after 2 hours"
542,high prices in comparison to the portion size
543,0
544,الورك بايت ووحش و صغير جدااااا
545,البطاطس كول سلو مجاش جه بداله بطاطس سلطة
546,الاكل كان فيه شعر
547,I didn’t received to make a review the order didn’t showed 👎🏻👎🏻
548,The worst customer service ever zero attitude and zero professionalism don’t order from them
549,الاكل كان جيد والاوردر وصل في ميعاده
550,الاكل كله بارد والاوردر وصل في اكتر من ساعه!
551,The order came exactly after two hours. The sandwiches had no salad or tahini in it just some parsley. Their quality is getting worse each time i order
552,الطعمية بجد تقرف ومزيتة ومش مطحونة كويس مليانة فول ناشف مكسر ني مش مستوي اصلا و كان هيكسر أسناني الجبنة المقلية سيئة مليانة زيت وناشفة البطاطس المحمرة باردة وناشفة الاوردر إجمالا خسارة فيه الفلوس سئ جداااا
553,الاوردر موصلش ليا اي النصب دا ازاي كاتبين انه وصل وطالبني أقيم
554,fucking thieves. didnt deliver the order and stole the cash
555,الطلب ناقص الطعميه و الاوردر اتاخر اكتر من تلت ساعه...خدمه سيءه و طلبات متاخره على طول...الابليكيشن بقت سيءه جدا للاسف
556,order canceled and no one informed me even was not updated on the app
557,الاكل قليل و بارد
558,البطاطس سيئه جدا جدا جدا جدا تتبيلتها سيئه جدا بيتزا الجبن حلوه جدا بيتزا الشاورما مفيش افتكاسه فيها ومادهتننيش
559,فى ساندوتش طعميه باذنجان مجاش
560,the food was cold
561,سندوتش البطاطس موصلش اصلا
562,البيتزا صغيره
563,انا طلبت تلاتة فول بالسلطة و الطحينة و لكن جالى تلاتة فول بالطعمية و طلبت اتنين طعمية بالبابا غنوج المشكلة ان السندويش ده كان فيه شطة و انا مطلبتهوش بإضافة شطة و ده زائد انى عندى حساسية من الشطة فحسبى الله و نعم الوكيل و ده غير أن الاوردر اتأخر اوى
564,issue with the promo code user on el menus which caused the driver to leave with my food after he called the restaurant and they confirmed that I need to pay full amount which is not correct as I paid with a promo code. then I complained to el menu
565,Tasty and they took care of every single detail
566,ابطعام طازج
567,دة بلطجي
568,زيت القلى قديم وطعمه مقرف 👎
569,سائق بالاكل كان بره البوكس فالأمل جه متلج
570,the said 3 piece not 2 very small really bad experience
571,Order is too late
572,Driver didnt come
573,جالي فلافل كيري ف بيتي بان بدل شامي
574,لم يصل الطلب وتواصلت مع المطعم طلبوا أن اتواصل مع التطبيق في حين أن التطبيق وضع رقم المطعم للتواصل لأن الطلب يصل من خلاله، تجربة سيئة وعدم إحترام للعملاء
575,"the fries were written to be without salad, and it came with it, then when changed, it came cold after one hour from the estimated time. it was not eatable."
576,الاكل بارد والبيض مش حادق والسلطه مش طازه ومش جايب معاها معلقه
577,Late arrival
578,الفول كان ناشف جداً و جه بارد، و الطعمية كانت بتنقط زيت بجد قلبت معدتي طول اليوم. أول مرة أطلب من جاد و الاكل يوصل وحش كدا. الطعمية أكيد اتحمرت في زيت بارد
579,الاوردر جاى ناقص
580,الكمية كافية ولكن للاسف الاكل جاى بارد مش سخن
581,الطعام طازج
582,Late delivery
583,الاكل جالي غلط والمطعم بعد ماانتظرت اكتر من ساعه ونص عشان يحلولي المشكله قالولي المشكله مش من المطعم لاكنها من الابلكيشن نفسه في هذه الحاله انا لاهستخدم الابلكيشن تاني ولا المطاعم نفسه
584,طالب السندوتشات فرنساوي جات وسط حركه سيئه من المكان و بسعر الفرنساوي مش الوسط
585,The order came missing a sandwich to at I paid for
586,Portion became smaller than the normal and taste is not as expected
587,..
588,the delivery eat my food
589,The sandwiches were too oily
590,I paid for the order and didn’t recieve it
591,سندوتشات الفول مجتش
592,أنا مستلمتش الاوردر و ديه قلت أدب و أنا دفعت الفلوس فيزا و مش عارفة أتواصل مع حد
593,order took More than 1 hour to be delivered and some sandwiches have been mistaken
594,الأوردر اتأخر جدا و كمان جايلي غلط !!!
595,الاوردر جاي متأخر ساعه ، و جاي بارد و متلج علشان البيه بيلف مصر الجديده كلها
596,COLD SANDWICHES
597,كان في باقي ٢٠ جنيه و الطيار كان مفروض ينزل يفك فلوس و يطلعلي بس مجاش تاني و اخد باقي الفلوس ليه..
598,الدليفيري خد ١٥ جنيه زياده
599,طلبت الجبنة المقلية تيجي في عيش شامي و جت في فرنساوي
600,الاكل جه ناقص
601,I didn’t receive my order !!!
602,Too expansive
603,Inappropriate way of talking
604,Very good
605,Qz
606,Food was 1 hour late and support was not helpful at all
607,مكتوب في وصف الاوردر انه وجبه بانيه و فيها بطاطس و هي ليس فيها بطاطس للاسف
608,الاوردر اتأخر جدا الاكل بارد الدليفري موبيله كان مغلق او مش بيجمع بس رد واتس اب وقال ان التأخير كان من المطعم
609,الاكل جي متأخر و بارد طلبت السندوتشات بدون سلاطة خضراء وجدت بسلاطه خضراء
610,Sandwich roll wasnt with garlic dip thrown literally
611,awesome
612,الاكل بارد و طعمه سيء
613,طلبت بطاطس شيبسي بعتولي بطاطس صوابع والأكل كان ساقع وأتاخر
614,الاكل كان بارد .
615,طازة وحلو
616,One tameya is missing
617,excellent 🤩
618,طازة
619,الطعم مش جيد
620,باردة جدا
621,I was order the fried cheese without olive but I found it olive
622,العيش الشامي له رائحة مقرفة ودي مش اول مرة
623,Awesome
624,I ordered fried Roumi cheese sandwich . i got roumi cheese sandwich only without fries
625,"I didn't get Fried roomi cheese, Instead, I've got Omelette -_-"
626,very long delivery time sandwich quality is good
627,في بيضه بدل ما تيجي مسلوقه جت نيه
628,الاكل بارد جددا
629,تحفة الطعمية بالطحينة و كميتها كبيرة الساندويتش مليان اوي و الطعمية خطييرة بصراحة جربت من المصطفى لذيذ و نضيف بس جاد.مستوى تاني من ناحية الطعمية اللي من غير زيت و الفول و كميته و طعمه لا بصراحة ياريت تحافظوا على جودتكم
630,"I ordered all the sandwiches WITHOUT salad , and all came with salad !!!!!"
631,missing sandwitch
632,Suffering just to get the order
633,Cold and very late
634,يا ريت يبطلو اعادة تحمير البطاطس البيته ، لان شكلها و طعمها بيكونو مش حلوين خالص و عيب بجد
635,البطاطس باردة جدا و بابا غنوج بارد.
636,طعمه وحش جدا
637,الفول و الطعميه كانو حمضانين
638,انا كنت طالبه الطعميه من عير طحينه و جت بالطحينه ياريت حد يجي ياخدها
639,البطاطس من غير جبنه شيدر
640,البيض فيه قشر و الطعم وحش و طالب الجبنة المقلية عيش فرنساوي جيه في عيش شامي
641,Not my order
642,fried roomi cheese was very oily
643,انا طلبت ساندوتش طعمية ومجاليش !!!
644,طلب سانوتش طعمية و زيادة باذنجان محمر كان حراق جدا جدا و متاكلش
645,الاحجام صغرت جدا وحجم الرغييف بقى اقل من الطبيعي
646,تحفه بجد بمعني الكلمه ❤️❤️❤️
647,جميل
648,و البطاطس نايه والفول بايظ رميناه في الزباله
649,الاكل كان مسمم
650,ا
651,الفول الاسكندراني حراق جدااا
652,I didn’t recieve the falafel sandwich
653,Worst chicken
654,الفول الاسكندراني كان بشع . مليان بصل بطريقه مستفزه . ورميتو كلو في الزباله. وساندوتش البيض بالبسطرمه كان زفت وكلمع زفت اقل تعبير بجد... كان في قشر بيض متكسر جوا السندوتش. والاومليت ني مش مستوي مليام مايه زفره حتا البسطرمه كانت ناشفه وقطع كبيرة جدا.
655,the food was cold and the taste was zero nothing like before. very disappointing
656,بايظ
657,السلطه الي في سندوتش بايظه
658,fries was yakkyyy
659,hot and delicious
660,الاكل بارد و مش حلو و اتأخر جداً
661,الاكل جي ناقص ومش عارف اتواصل مع حد الدليفرى بيقولي اتواصل مع الدعم بس اتواصل معاكم ازاي انا عاوز الاكل الناقص
662,الاكل شارب زيت مقدرتش اكله الكولا سخنة المخلل عليه عفن ومش نضيف وطعمه بايظ رميته زي ما هو
663,I received a falafel sandwich instead of fries
664,الاوردر أتأخر جدا
665,علبة الفول و علبة الباذنجان كانوا مفتوحين من تحت و الأكل كان طالع من العلب
666,الاوردر اللى جالى مش هو اللى طلبته و بتاع الديليفرى طنشنى و مشى
667,الاكل بارد وكان ناقص طبق مخلل لوكس لم يرد
668,J
669,الطلب يتأخر
670,Tahini salad was awful
671,The order did the arrive at all
672,Gg
673,French bread was not fresh
674,Tamiaa v cold as if it’s not fresh
675,انا طلبت البطاطس بملح بس جات بتوابل و كتير كانت حادقة جداً
676,I didn’t recieve the order
677,كان بتكلم بطريقه وحشه جداا
678,Order came without the fries and garlic dip
679,الاكل حلو جدااا مفيش كلام بس في تاخير نص ساعه عن ميعاد الاوردر اللي المفروض يوصلي فيه 👎👎👎👎👎👎 و لما كلمت المطعم قالو ملناش دعوه بالبرنامج و ساعتها مكنتش عارفه اعمل اي او اطلب اوردر تاني ولا لا ☹️
680,كنت طالبه ساندوتشين بطاطس جبنه رومى جالى بطاطس بنوع جبنه مش عارفه ايه بس وحش جداا و الساندوتشات هتترمى
681,Very rude
682,الطلب سيىء الاكل طعمه ردىء و العيش زى البايت و خصوصا الفرنساوى فى الديناميت و البيتزا الكعم ردىء مع عيش مهلهل
683,الامل دايما بارد
684,food was good but some of it was spicy and i didnt want it to be so
685,so bad and there were missing items
686,الاوردر أتأخر اكتر من ساعة
687,الاكل فيه شطه كتير
688,The balance I paid wasn't the require in the app.
689,الاكل وصل بارد متاخر عن التطبيق السندوتشات مش افضل حاجة لاسعارها
690,الاكل وحش جدااا وبارد ووصل الطلب بعد وقته ف الابلكيشن والتعامل معاهم ذفت الصراحة واكلهم بقى للاسوأ
691,I didnt receive the order and elmenus support couldnt help me and i lost my money ! Please contact me ASAP
692,الاوردر كله جه غلط والمطعم مش بيرد والاكل بارد وحتي مرجعوش باقي الفلوس
693,لقيت ضوفر ف الساندوتش بجد حاجه ف منتهي القرف و كلمت الاداره ولا الهوا منتهي التلوث….
694,"egga is really bad ,bad smell,I throwed in the bin"
695,السندويتشات بتجيلى مختلفه عن الى طلبتها ومش اول مرة
696,مفيش حاجة وصلت
697,❤️
698,الاوردر جه ناقص
699,B
700,التوتال كان ٧٩ جنيه المندوب بلغنا ان التوتال ٩٧ جنيه و اخد ١٠٠ جنيه
701,The order is not the same as i wanted
702,الاوردر غلط ومش باعت شكشوكة باعت بيض عادي
703,كل حاجة كويسة جدا بصراحة.
704,كل الساندويتشات مكانش فيها طحينة
705,The bread had a taste like it has been stored in dust for a while.
706,كنت طالب عيش مع الاوردر (مدفوع) و مجاش
707,I got food poisoning out of eating this
708,Fries sandwich was horrible !!!!!
709,استبدل ساندوتش باخر جابلي بطاطس بطعمية بدال بطاطس بباذنجان
710,سندوتش غير الوصف و ناشف من غير صوص
711,wrong item
712,جالى بدل الجمبري شيش
713,الاوردر جاى كله غلط
714,fries was so bad
715,slow in food preparation
716,جاد محافظ على الجودة
717,الساندويتش جه غلط و تواصلت مع خدمة العملاء و محدش رد عليا .... خدمة سيئة جدا
718,حسبي الله ونعم الوكيل بطني بتتقطع من ساعة ما كلت من عندهم الاكل سي جدا والنظافة زي الزفت
719,اسوء مره كلت فيها والكبده محروقة وبايته مش فريش خالص والفينو مش صابح وحش جدا والاكل بارد جدا عل الرغم انى استنيت الأورد ساعه لحد اما وصل وكان الرد أنه اخد وقت كبير فى التحضير مش عارفه تحضير ايه بس آخر مره اطلب اوردر من جاد
720,I dont understand the fact that half the egg sandwiches is empty and just bread !!!
721,الاكل سئ جدا والخدمة مش تمام والعيش جاي بارد اوي ومفتوح اغلبه من الجنب وكأنه جي مكان حد او من بواقي عيش الساندوتشات والأسعار مبالغ فيها قصاد ده كله
722,"I ordered 5 sandwiches and i recived 4 only (without omlette with cheese) and i contacted menus support, they told me “we will deliver the missing sandwich” and no one called me or even deliver the sandwich although my reciept contains 5 sandwiches a..."
723,الاكل كان سي جدا
724,طلبت فول بالخلطه جاي بالصلصه
725,الاكل لحد دلوقتى موصلنيش يا شركه نصابه و يقولك علق الاوردر على الباب و باب العمارة تحت مقفول محدش يقدر يدخل من غير ما افتحله من فوق و يقولك الكداب انو كلمنى و قولتله علقه على الباب الكداب و انا لا استقبلت مكالمه ولا عمرى طلبت من اى حد يوصلى اوردر انو
726,كان عايز ملح زيادة شوية
727,N
728,اكل بارد و جودة سيئة و بيتأخر جدا و القيمة اقل من السعر بكتير
729,للاسف الاكل كان جاي بارد جدا
730,الطعميه مش حلوة والشيبسي مجلد والفول مش احلى حاجه تجربة اكثر من سيئة
731,سندوتشات الرول البطاطس سيئه جدا جدااا تحس انك بتاكل عجينه و الديناميت الطعمية وحش جداا بردو و العيش فاضي
732,طلبت اومليت مع شيدر اضافة سوسيس ولا حطو السوسيس وبدل الشيدر رومي حاجة اخر قرف
733,شغل حلو
734,من اقل المطاعم اللي ممكن تفطر او تتعشى منها، بيعملوا مليون حاجة وده مخليهم مش مركزين في ولا حاجة ودايمًا تجربتي معاهم بتكون مش احسن حاجة.
735,جبت سندوتش شيش طاووق وكانت الفراخ زفرة وقرف
736,الاوردر اتاخر كتير
737,العيش ماكانش طازة وفي سندوتش ميكس ماكنش في شريحة طماطم.
738,اخر مرتين الاكل مكانش حلو خالص والطعم مختلف عن الطبيعي
739,الطعمية سيئة جداً و ناشفة بالرغم من اني كاتب ملحوظة الطعمية تكون ساخنة فريش
740,الاوردر اتاخر أربعين دقيقه
741,1 hour and 10 min
742,الاوردر اتأخر ساعتين و كلمت المطعم قالولي مالهومش دعوة بالابليكشن و بارد و طعمه وحش
743,تجربه تقرف ..والاوردر متأخر ساعه ونص ولسه مجاش وواخدين الفلوس فيزا ..حسبى الله ونعم الوكيل فى خدمة العملاء الزباله دى .. ومحدش بيفيدني بحاجه..اخر مره اتعامل معاكم
744,خدمة العملاء من سىئ لأسوأ .. وبتتأخروا عن الميعاد المحدد وأسلوب الطيار غير لائق تماما والطيار أخد قيمة غير الموجودة فى الفاتورة
745,اكثر من ساعتين علشان الطلب يوصل
746,"the whole food was a disaster, it was super salty and it tasted bad, it's an awful experience and the courier was very rude"
747,يعنى طالب سندوتشات فول وطعمية ب 100 ادفع 50 توصيل وضريبه !!
748,"The White cheese sandwich was disgusting and poisonous, the rest of food was kind of fine"
749,roomi cheese was v good
750,الطلب وصل ناقص سندوتش بطاطس شيبسي ١٣ج
751,المطعم فى منتهى البطء
752,البطاطس الصوابع طعمها وحش اوي اوي
753,I received nuts and qestha and honey. No custurd and fetter was roll pieces. There was odd taste
754,رغم ان الحساب مدفوع عن طريق الفيزا فأن الطيار استغل ابني واني كنت نائم وابلغه انه غير مدفوع و تم الحساب كاش ايضا... وده يعتبر نصب واستغلال
755,I got my order half an hour after the delievery tima and it was very cold
756,sandwiches were cold
757,سعر التوصيل عالى جدا
758,sandwiches Wasn't HOT
759,"""Fries wasn't fresh at all, and your prices is over what's wrong with you? you forgot yourself .. you are gad not bashandy ! what happened to us .. we eat everyday from you .. back to your mind dear Gad .."
760,حجم السنادوتش صغير جدا
761,طلبت فول بالخلطة و ال ٣ سندوتشات جم من غير خلطة
762,الفطير جالي صغير آوي علي سعره العالي. ……
763,مطعم سئ جدا في التوصيل فضلت اكتر من ساعتين في اوردر
764,"Taste is good, delivery was on time good experience"
765,سيء جدا ،، توصيل بطيىء ، الاكل رديء ، والجودة رديئة
766,وحش جدا جدا جدا
767,I paid for extra cheese on the panne and it wasnt added I just paid for it
768,ممتاز جدا بصراحة سندوتشات الفطار
769,كله تمام
770,الاكل بارد و غير ساخن
771,godddddd
772,الطعم سيىء جدا جدا جدا . كان جيد من حوالى السنه لكن الان لا يطاق. حسب طلبى منه اليوم
773,البطاطس سيئة جداااااااااااااااااااااااااااااا
774,Delivery slow and late
775,placed order at 9:21 am and haven't received it till 11:20 money was paid online and can not cancel the order really bad experience for a breakfast
776,جوده سيئه جدا
777,الاوردر موصلش
778,"I know it says '60 min' in the description, but does it really take 1 full hour to prepare 4 foul and fries sandwiches ? guess not"
779,السندوتشات فقيره جدا بدون اي اضافات
780,بطاطس ب كاتشب من غير مايونيز و عليها صلصة مش كاتشب و طعم توم مش حلو خالص تول مرة يجي كدة
781,فرع سئ جدا غالي علي الفاضي والكمية مش علي قد الي بتدفعه
782,ناقص
783,ساندوتش الفول كان فيه بصل كتير جدا مش حلو زي كل مرة بطلبو
784,توصيل بطيء و أوردر جيه كله غلط في الاخر ...
785,The eggs were really really bad. And the order was late. I don't recommend it.
786,طالب ساندوتش باضافات معينة بفلوس زيادة جايبين الساندوتش العادى
787,It was cold and it took forever to arrive but the taste was fine
788,The service was poor
789,الاوردر غلط
790,للاسف الاكل وصل بارد جدا بالاضافة الى انه معمول اي كلام حرفيا والغريب انه فول وطعمية عادي لكن من اسوء ما اكلت
791,The fries were not good
792,No salad in any of the sandwiches even tho it says so on the app
793,الاوردر جي ناقص و غلط ................. ..........
794,الشاورمة كانت قليلة
795,Cold
796,very very very cold.
797,الاكل اتأخر ووصل بارد
798,طلبت اوردر وصل على عنوان غلط و رجع الفرع و انا دافعه فيزا
799,Bb
800,الاكل كان بارد جدا ومكنش سخن المفروض ان ده فطار وبعدين وقت طويل جدا
801,The food was disgusting
802,Too cold
803,شعرة في علبة الفول
804,Incredibly late delivery!
805,الاوردررجالي بارددجدااااااا وبعد ميعاده بساعه بالظبط وكلمت المطعم تلات مرات عملت شكوى ومفيش اهتمام
806,it just doesnt taste as good as if i got it myself from the store. Food is really good but the falafel was so dry and not warm at all. Also the sandwiches themselves werent as packed as i would usually get them.
807,علي قده وغالي علي الفاضي
808,الاوردر جه في ساعتين
809,"Order was not hot , didn’t t arrive on time"
810,دايما الاوردر ناقص ومتلغبط.................
811,Meh
812,Delivery was beyond terrible Too many calls for nothing!! The whole idea of ordering through apps is to minimize the calls and human interaction DAH!!
813,و
814,مجاش عيش محمص مع العدس !!
815,طعم سيء جدا جدا لا انصح بالشراء منه فلوس على الارض
816,The food caused me a severe diarrhea.
817,خدمة ممتازة
818,Cv
819,hh
820,من اسوء مطاعم اللى ممكن تطلب منها جيبين order غلط و بيقولك مليش دعوه
821,البطاطس محروقه و مفيش تحينه و العيش بايت و دبلان انا مش هاتلب تاني من عندكو
822,Foul hummus missing
823,I placed the order but it wasn’t delivered
824,ساندوتش البيض مجاش ؟؟؟؟
825,Bad
826,ازاي بعد ما اعمل اوردر وتتسحب الفلوس من الكارت يرجعوا يخصموا فلوس زياده عشان زودوا من مبلغ سندوتش معين ! قمه السرقه والبجاحه.
827,وحش
828,Not the same quality every time
829,بارد و مش حلو ولا ف طحينه
830,the foul was horrible
831,I received baba ghanoug instead of fries with baba ghanog
832,تمام جدا حلو
833,الاكل بارد خالص ويندوتش البطاطس جالى بالسلطة بدل الكاتشب والفول مليان ليمون
834,الاوردر جالي غلط عملت شكوتين للدعم و قالولي انه حيتم التواصل معايا و حل المشكله و لكن لم يتم و دلوقتي كده عدا ٦ ساعات
835,the mixed cheese plate is totally different from the one on their menu ...the cheese received was fried and extremely oily it caused major digestive problems for me
836,خدمة مقرفة والاكل جاي مقلوب ومبهدل ومتأخر وفي حاجات غلط
837,سندوتشات من بره العيش محروق ، وساندوتش البطاطس الشيبسي جاي في بطاطس مسلوقه ومش مستويه اسوء فطار الحقيقه اكلته
838,Best falafel sandwiches in the area.
839,"sugar pie & shawerma are excellent. Please give more attention to the special instructions. Thanks,"
840,اتاخر جدا و كان بارد
841,Very slow delivery. ALWAYS late. One hour 30mins for some oriental breakfast sandwiches. get some delivery motorcycles already for gods sake.
842,اوردر سئ
843,الاكل طعمه سئ جداً جداً والطعمية مجتش اصلاً ومدفوع ثمنها
844,مفيش لاشوكه ولا معلقعه واحده ..!!
845,الاوردر جه غلط
846,اتاخر جدا و مستلمتوش
847,احقر سيرفس فى العالم .. كول سنتر شوية هواه و منتهى قلة الادب مشغلين شوية بهايم .. بجد ندمت انى طلبت من عندهم.. الاوردرات مبتجبش اصلا و الناس بيردو بقلة ادب ..
848,I didn’t even receive the order
849,ممتاز جاد بس بيتاخروا شوية.. و يستاهل الانتظار حاجة حلوة فعلا
850,As I chosen
851,Cold sanwiches
852,الاكل مكنش حلو وكمان جيه بارد
853,الاكل كان بارد جدا و مزيت جدا و متاخر ساعه الا ربع
854,"THE WORST DELIVERY. VERY RUDE AND DECEPTIVE AND LIED ABOUT ADDING THE RECEIPT TO THE FOOD BAG. ALSO DID NOT ADD THE PROMO CODE TO THE ORDER ALTHOUGH IT CLEARLY STATES THAT IT ACCEPTS PROMO CODES. DO NOT ORDER FROM GAD, TERRIBLE EXPERIENCE."
855,No cheese in the feteer what do ever
856,"Worst taste and food cleanliness, seriously don’t buy"
857,Cold sandwiches - stale bread
858,اقسم بالله العظيم بقالي ٢٨ سنه عايش علي سطح الارض عمري ما اكلت اكل بالسوء و الكميات القليلة و الكواليتي الكارثي دي اول و اخر مره بجد انا بنصح اي حد عايز يتشتري من عندهم بانيه او حواوشي بلاش بجد تجربه سيئة جدا
859,الطعام فى شعر كتير جداً
860,Food tasted like feet! Extremely low quality.
861,ساندوتش البيض مجاش اومليت زي الصوره جه مسلوق من غير ماحد يتواصل معايا
862,Pastarami was horrible
863,الاكل وحش وبارد جدا جدا
864,1 wrong sandwish
865,Coca is not cold
866,البطاطس مكنتش حلوة خالص ، نوع الكاتشب غريب و طعمه مش حلو خالص ، البطاطس ملهاش اي طعم اطلاقاً مفيش اي بهارات او ملح ، و طعم الكاتشب و المايونيز غريب
867,ت
868,Item missing
869,Too late
870,"Missing items,one Foul with boiled egg and one Falafel"
871,اكل المطعم تحفة ودايما باطلب منه بس المرة الاخيرة اللي طلبت فيها ولأول مرة الاكل وصل بارد عشان كدا تقييمي 4من 5
872,Missing sandwich
873,Sandwiches are cold
874,السندوتشات كانت معجونه كلها
875,Tax and delivery fee are very high
876,I requested the food to be spicy but it wasn’t
877,Delivery attitude
878,الطعام سئ جدا جدا
879,مكونات البطاطس كانت كلها مش موجوده كانت عباره عن بطاطس وتوميه مفيش كاتشب ولا مخلل والبطاطس كان معظمها ناشف
880,الاورد ناقص الباذنجان المخلل والسندوتشات باردة
881,لو فيه اكسترا سلطة او اكسترا مخلل بالساندوتش
882,الطعمية الحمص جاية طعمية عادية ومفيش اي اهتمام بالطلب
883,اكلب به ١٢٠ جنيه معجد و بارد و جالي تسمم ارف خدو بالكو
884,الاكل كان بارد جداً مش طبيعي
885,غير جيد طعم و طهى
886,👏
887,Chips never came
888,The order did not arrive and the customer service were so disrespectful.
889,الطلب اتاخر جدااااااا
890,اسوا مطعم ممكن تشتري منوا
891,الطعميه ريحتها وحشه جدا .. البطاطس الشيبسي مش موجوده اصلا و الساندوتش كلوا جرجير اكني ارنبه مثلا ده غير الطيار كان ناقص ياخدني قلمين وهو بيسلمني الاوردر
892,The delivery cost is over than the restaurant cost or another app cost
893,Arrived before estimated time. Food was amazing. Gad doesn't disappoint.
894,سندوتش البطاطس عيش فرنساوي سيئ جداً جداً 😅
895,Arrived late and everything was cold. No way of contacting the restaurant and the elmenus support was not available anywhere on the order section of the app. This was the 2nd time I’ve ordered from here and it will certainly be my LAST. What a huge d...
896,سندوتشات سيئة جداا وملهاش طعم ولا صنعة خسارة فيها الفلوس والدليفرية عندهم بلطجية
897,The salad inside falafel sandwiches wasn’t fresh
898,قمة ف قلة الذوق
899,the only problem us the very slow delivery
900,The food was good but they forgot my coke.
901,غلط بالاوردر
902,Too expensive but decent breakfast
903,روعععععععععه
904,تاخير شديد جدا
905,أسوأ منيو جاد
906,أسوأ مرة أكلت فيها فول وطعمية. الطعمية والفول فيها ورق مبيتمضغش.. قرف
907,لقد طلبت ساندوتشات بيض بالاسطورة ، و اتي مكانها بيض اومليت و طلبت ساندوتشات فول بالخلطة و اني بعضها فول عادي
908,Cold sandwiches
909,the order rejected after one hour of waiting .. very bad experience
910,"Great place , nice and friendly atmosphere"
911,الجبنة بالطماطم فاسدة (حامضة)
912,لايوجد معالق في الطلب
913,باااااااااايظ
914,طالبه ٢ طعميه ب باذنجان جم طعميه فقط
915,الاوردر ناقص الفول اصلا
916,"The menu is over priced, other branches are way cheaper."
917,مافيش اي اضافات من اللي طلبتها في البطاطس
918,We got wrong items
919,طلبت منه يحط الأكل قدام الباب وإني في الدور ال٨، جه حطه قدام الدور التاني، ولما طلعت آخد الاوردر ملقتوش فكلمته، رد بكل قلة ذوق وزعقلي قالي خلاص هلف وأرجع مخصوص عشان أطلعلك الأوردر من الدور التاني للتامن، أكن دي غلطتي مثلا !ونزلت أنا خدت الأوردر بنفسي
920,اسوء مطعم فى الدنيا واسوء خدمة توصيل والأوردر ماوصلش واتكنسل بعد ٣ ساعات والمطعم مابيردش
921,السلطة جاية من غير شوكة أو معلقة
922,طلبت بطاطس ومجتليش
923,الطعمية باردة و شاربة زيت كتير بشكل مش حلو
924,Burgers came raw and when we called to complain to the restaurant they didn’t care at all
925,زي الزفت بيني و بين الفرع 3 دقائق مشي و الاوردر ييجي بعد ساعه و ربع لييييييه و مش مع مندوب اطلب مع دليفرى المطعم طب ما كنتوا تبعتوا من الاول تعمد واضح ف أنهم يخلوا الناس ميطلبوش من الابلكيشن
926,الاكل كان فريش وسخن مش اخر مرة هطلب منه
927,الكل اتاخر جدا لحد لما بقي بارد
928,الفول والطعمية بتاعهم اتحسنوا خالص
929,الاوردر جالي ناقص وكلمت المطعم قاللي هبعتهولك بقاله ساعتين
930,طلبت عيش بلدي للسندوتشات جالي شامي
931,طلبت عيش فرنساوي و تم احتساب المبلغ عليه و اللي جه عيش شامي
932,Fast delivery
933,مطعم زفت و مقرف و نصيحه ماحدش يطلب منه بيجيب الطلبات غلط و بيتأخر و الاكل استغفر الله العظيم يقرف أسوأ مطعم ممكن حد يتعامل معاه من كل شئ و السندويتشات مكشوفه و نص العيش ناشف
934,الاكل أتأخر جدا وبكلم الكول سنتر بتاع جاد بيقولي ملناش دعوة كول سنتر زبالة ومش هطلب منه تاني
935,السندوتشات كويسه بس مش مليانه كويس
936,الديلفري قعد ساعة و نص
937,الأول الاوردر جه غلط وجه بارد جدا واتأخر اكتر من ساعة وبعد التواصل مع الدعم والمطعم اتصل الاوردر الصح اتبعت بعدها ب اكتر من نص ساعة وطعمه سيئ جدا جدا اخر مرة هطلب من المكان ده الأكل كله اترمى في الزبالة
938,كنت عامل برومو كود خصم والمفروض ادفع حوالي 55 جنيه بدل 83 وفوجئت بعدها ان السعر في الاخر هو هو من غير خصم
939,Un
940,وحش جدا الاكل طعمه وحش و مقرف
941,العيش بايت و الملح زيادة جدا فى الاكل
942,الطلب جالى غلط كله ... بدل كل ساندويتشات البطاطس و المسقعة بساندويتشات فول
943,الطعمية بايتة والبطاطس نيئة تماما
944,طعم الملح كان كتير جدا في الفول والطعميه المره دي مايصحش كده
945,تأخير في التوصيل
946,سئ
947,ما جانيش لحدي دلوقتي
948,The bread is not fresh
949,الفول بالبابا غنوج تحفه تسلم ايديكوو
950,El sandwiches Kant w7sha Gdn
951,الكاتشب المايونيز قليل جدا في ساندوتش البطاطس
952,The delivery is not fast at all
953,All notes weren’t put in consideration the food wasn’t fresh and hot
954,الفلوس ناقصه
955,الاوردر كله صح ومفيهوش اللخبطة اللي بتحصل لما بطلب اوردر كبير
956,الاواردر جه غلظ
957,It was fresh and delicious
958,الطعام طازج وحلو
959,العلب ليست محكمة تماما
960,the delivery guy was so helpful
961,الفراخ مش مستويه 😣☹️
962,The order was missing a sandwich
963,زى الزفت
964,Food was kinda cold
965,الاكل كان سئ جدا
966,الأكل فريش
967,excellent value for money
968,Veeryyyy baaad
969,Basmati not white rice! Very salty!
970,غالي
971,سواق الدليفري كان سخيف جدا و هايز يدفعني فلوس زياده عن الاوردر عشان مش باين عنده كوبون الخصم ، و مش راضي حتي يكلم المطعم يستفسر منه ، حاجه اخر استعباط و قله زوق ، اخر مره اتعامل مع المطعم دا
972,سلوك الطيار غير لائق
973,الجبنة ماكنتش مقليه اصلا
974,thanks
975,Chicken was burnt as well and dried. I ended up throwing the rest of the meal in the trash. They said they will send a replacement meal. I received none
976,العيش ٢ رغيف لكل نص فرخة قليل جدا
977,الاكل كان فريش وطعمه حلو. والفلافل الصاج دي حكاية. شكرا جاد.
978,الطيار متعاون جدا.. الاوردر كان ناقص و رجع جابلي بقيت الاوردر فورا 🤍
979,الفول ساعات يبقى حلو وساعات وحش..اخر مرة سيء جدا..كذلك المسقعة كانت زفت
980,الاوردر وصل متأخر ساعة كاملة عن الموعد المحدد و رفضت استلامه طبعا و بدون اي متابعة من المطعم
981,الاكل مليان زيت و طعمه سيء
982,the food was messing a sandwich
983,الاوردر بييجي غلط
984,الفطيرة جت سكر و لبن ، مفيش كاستر و البيض جه ساده منغير بسطرمه
985,الاوردر وصل ناقص
986,Cold food
987,طلبت ساندوتش بطاطس واللي جاني ساندوتش طعمية
988,"Did not follow instructions. Eggs came with lots of oil, and shawerma came with rice and fetta. I requested no oil on eggs and shawerma plain."
989,ordered two mozzarella fries roll came as plain fries roll with no mozzarella also the bread was not crunchy was super soft eggs with pasterma quantity is small like one egg with a few pasterma pieces
990,يوجد تبديل فى طلب الديناميت المطلوب 3 ديناميت فول و ا ديناميت طعميه وتم وصول العكس وتم استلام الاوردر دون رضا وشكرا
991,تم تحصيل مبلغ 30ج زيادة عن سعر الاوردر حيث ان الاوردر قيمته 73.56 و بعد بروموكود 45ج
992,العيش وحش جدا الطعمية مش محشية البطاطس بتلكم مش هشة الطحينة قليلة جدا
993,today order foul and omelette received only omelette sandwich. hope you check the orders in the future. Adel Youssef
994,الاكل سئ والسلطة بايتة ودبلانة ف السندوتشات والطلب كله بارد حتى السندوتشات كله ع بعضه من غير اي تغليف تجربة سيئة جدا
995,nice one
996,مطعم سئ جدا و مقرف جدا، لقيت زلط في الساندوتش و حقيقي حاجة منتهي القرف لا انصح اي حد به و رجاءً الابتعاد عن المطعم
997,والعيش وحش اوووووي
998,سيئ جدا جدا
999,So good!
1000,السندوتشات باردة جدا و العيش ناشف و الرومى المقلية نافشفة جدا ملهاش طعم
1001,ناقص ساندويتش
1002,رائع وطازج والأكل وصل بسرعة وساخن
1003,الاوردر ناقص سندوتش... انتو اسؤ مطعم
1004,Ygg
1005,اتاخر اوى والاكل وصل بارد
1006,it was good experience
1007,اخر اوردر كان كله غلط وجاب حاجات غير الي طلبها وكده انا ليه فرق فلوس
1008,يجب مراعاة التوصيل بسرعه ليكون الطعام ساخن
1009,العيش كان ناشف
1010,الاكل مزيت بشكل مش طبيعي وانا زبون جاد وهذة المره كان علي غير المعتاد
1011,👍🏼
1012,الاكل بارد وغرقان زيت ومتاخر اكتر من ٤٠ دقيقة
1013,الفراخ دلعة جدا
1014,الأكل سيئ وشكله بايت والسندوشات باردة
1015,كان في غلط في الأوردر أنه جالي كله فول و البطاطس ماجتش و حاسبت على البطاطس
1016,قيمة التوصيل و احنا في ضهر المطعم
1017,اكل زي الزفت وبايظ
1018,جامدة
1019,رول البطاطس طالبه بالتوميه جالى كاتب ومايونيز
1020,ولا يستاهل 15جنيه للربع وطيار معملته زي الزفت
1021,كل مرة الطلب ناقص واخر مرة مجاش الاور الناقص اساسا
1022,طلب فلوس اكتر من ثمن الطلب
1023,العيش سيئ جدا
1024,missing old cheese with sojouk
1025,الجبنة طالعة بقالها كتير
1026,الكبدة مش مستوية والاكل وصل متأخر جدا +ان البنت الي ردت عليا من خدمه العملاء بتاع المطعم قمه قله الذوق
1027,الاكل بارد الطعميه مضاف عليها بابا غنوج بدل الطحينه اسوء طلب
1028,وحش جدا الاكل هناك اوحش اكل وبطننا وجعتنا وطعم الاكل سىء جدا مكانش فيه حاجه اقدر اكلها حتى التوميه طعمها وحش جدا
1029,very very bad and wrong order
1030,البطاطس باردة وطعم الكاتشب والمايونيز غريب
1031,الاكل بارد .الطعميه مكتومه.الشيبس مجلد.والعيش بايت
1032,سندوتش السجق اكثى من سئ
1033,الطعام بارد جدا بسبب طول وقت التوصيل
1034,order didn't arrive
1035,Order is wrong in one sandwich
1036,it was nice experience
1037,تم
1038,الاكل حمضان
1039,المكان بيني و بينه 3 دقايق الاوردر يجيلي ف ساعه ليييه
1040,Oil very bad gave us acid all night
1041,"Sandwich cheddar omelette with fries , i received faulty, only cheddar’s sandwich without anything??"
1042,الطيار مش راضي ياخد فكه جنيهات عايزها مجمده وعايز التبس كبير. قال مش همشي انا ب ١٣ فكه. يانديه ٢٠ يا بلاش
1043,التومية سيئة
1044,الطحينة ماجتش، والفراخ كانت مش حلوة اوي
1045,اول مرة اشوف ساندوتش بطاطس من فوق كاتشب ومن تحت طحينة 😑😑 وفالاساس مطلوب كاتشب مايونيز
1046,اسوا اكل في الدنيا والاوردر غلط ووحش جداااا
1047,Perfect and hot
1048,مطعم غير محترم وطيار تعدى بالقول . وخدمة عملاء صفر
1049,الاوردر كان تمام كويس بس جالي فول بدل فلافل وعلشان الحق السحور ماكلمتش المطعم، بس كان حلو عامةً
1050,سئ جدااااااااااا جدااااااا
1051,طلبت شاورمة وفول وطعمية ا الثلاثة اسوأ من بعض الفول بارد وفاضي ويقرف الطعمية باردة ودلعة وعبارة عن خضرة وكسبرة مالية السندوتش الشاورمة تقرف الكلب وفوق كل ده جابوا الاوردر ناقص وعلي مرتين
1052,Very disgusting food
1053,food was very late and very very oilyyyyyy
1054,المندوب قالىً انه تبع المطعم مش المنيوً
1055,Very very bad service and very bad food quality Everything is disgusting Must be closed
1056,طلبت من تطبيق المنيوز. مطعم مستواه متدنى
1057,Food was cold
1058,very good
1059,Excellent
1060,شكرا
1061,البيتزا مش حلوة
1062,سيء
1063,سيء والاكل بارد وبدون ملح والطعمية مش طازة
1064,الفراخ المشويه كانت محروقه ومش طازة. كانت بيته
1065,بس الاسعار رفعت جدا...يعني بنفس السعر ده كنت بشتري الطلبات دي ومع كل وجبه الرز بتاعها
1066,الفراخ حلوة جدا والتسوية حلو جدا، بس ياريت لما اطلب بطاطس بدل الارز، تكون بطاطس صوابع مش شيبسي لو ينفع
1067,نوعية الخبز اختلفت عن المعتاد أصبحت اقل جودة
1068,عيش وحش جدا
1069,الفول حراق جدا جدا مفيش اي معاير للجودة
1070,اوسخ مره كلت فيها من المطعم ده فحياتي يعني ايه اطلب شاورما فرنساوي يجيلي سوري لا و ايه ولا توميه و لا خيار ولا اي حاجه السندوتش عباره عن عيش و فراخ حاجه شبه الحجر و بارد تلج ندخل عالفطيره المكس لحوم دي بقا بارده و مجلده و مغيهاش حشو عدل حاجه تقرف
1071,late on the order above 2 hours
1072,طلبت فول اسكندراني جالي بطاطس كاتشب مايونيز بداله
1073,Sandwiches were almost empty
1074,الطلب وصل متأخرا وغير طازج
1075,البطاطس جت باردة. السعر مبالغ فيه
1076,سيئة جدا
1077,الاكل وصل بارد علي رغم من قرب الفرع من المنزل!
1078,وقت التوصيل اتأخر جدااااااااا
1079,Cold food Wrong fries sandwich
1080,انا كنت طالب فلافل محشية جتلي عادية والبطاطس مكانتش احسن حاجة
1081,got 3 fries sandwiches with salad and requested it without
1082,اسوء تجربه ع الاطلاق الاكل طعمه مش حلو وبايت وبايظ وكمان جايلي متأخر
1083,اسوء تجربه ف التاريخ اكل بااااارد وجاى بعد ساعتين ونص وخطاء ف الاورد وحساب مختلف عن الفاتورة
1084,الاستغلال في رفع رسوم التوصيل بشكل مبالغ فيه
1085,ignored my requests
1086,حاجات كتير كانت غلط فى الاوردر
1087,Very bad
1088,good
1089,الطيار محترم جدا بس الفاتورة اللي معه كانت زياده بمبلغ 3 جم عن الابلكيشن هو هو كده لي عندي 3 جم لاني دفعت له 61 جم فقط و ليس 63
1090,جالي تسمم و شكرا
1091,الأكل كان بارد
1092,الاكل كان متلج ده اقل حاجه
1093,الاكل بارد اوي
1094,الاكل وصل بعد ساعه ونص من الطلب وواصل بارد جدا بصراحه اسوء اوردر اطلبه وواضح ان دي مشكله لما اطلب من المنيوز لان لما بنطلب دايركت منهم الاكل بيوصل اسرع وسخن
1095,cold food
1096,السندوتشات محطوط فيها عينات َلا كاني بشحت من حضراتهم الفطار واليض مكسل يحط فيه بسطرمه حتي
1097,the food came super cold
1098,A
1099,الاكل ساقع
1100,0/10 service
1101,Food is cold and came very late
1102,الطعميه مكنتش زى كل مرة
1103,الأكل جه بارد. الاسعار عالية. المخلل وحش اوى.
1104,عدم مهنية والاوردر بيتلغي بعد قبوله و سحب المبلغ من الفيزا بدون اسباب مقنعه
1105,مش اجمد حاجه
1106,Food was. Cold
1107,الجمبرى المستخدم خلطته جامده وكميته معقوله جدآ بس البيتزا نفسها فقيره محتاجه جبنه او صوص بكميه كبيره او اضافات تانيه عشان تظبط
1108,بعض السندوتشات عليها طحينه فاسده
1109,الكبدة حلوة الشاورما الشامي كنية قليلة الفراخ البانيه حﻻوة بس ماعليهاش جبنة زي الصورة
1110,طلبت اضافة بطاطس للطعمية و دفعت الفرق و لم تضاف
1111,الاكل جه بارد، و البطاطس كانت مزيته
1112,مش زى الاول
1113,حواوشي سئ جدا جدا جدا لا انصح بتجربته وطالب بطاطس كاتشب ومايونيز وصل من غيرهم وجاي بسلطه وحشه جدا
1114,الطلب لم يصل بعد ساعتين انتظار
1115,to cold
1116,والاكل متلج واضح انكم بتجمعوا اوردارات توفيرا لعدد ال طيارين
1117,الطلب لم يصلني اصلا
1118,الاكل جه متأخر جدا ساعتين اوردر فطار بس جودة الاكل كويسه وطعمه حلو
1119,الاوردر مجاش اصلا
1120,رهيب
1121,سيئ جدا البطاطس والطعميه ناشفه جدا جدا جدا والاكل بارد والبيض ريحة الزيت طالعه منه
1122,الاكل بارد جداً
1123,More than one hour to deliver !!!
1124,الاودر غلط
1125,الاكل سئ جدا وحاجة تقرف
1126,غالي جدا و كمان مزود ضريبة بعد الأسعار اللي هي أصلا اغلي من برة بكتير جدا
1127,أنا و أمي جالنا تسمم
1128,سئ جدا لغوا سلطه في ساندوتش وحطوا جرجير كتير اوي بالعافيه كدا بمزاجهم وطلبت جبنه مقليه جابوها شريحه جبنه عاديه كانه ساندوتش جبنه رومي وبقالهم فتره مستواهم بينزل
1129,الفلافل مليئة زيت بنسبة كبيرة الفول طعمه كويس
1130,the meat shawerma was 90% fats only and I felt disgusted so I threw the sandwich after literally two bites
1131,التحابيش الفرنساوي مجاش في طعمية
1132,الاكل بارد جدا و البصل ني و بيقرقش و الاكل سئ جدا
1133,Very bad quality
1134,الاكل كان ساقع
1135,الاكل مالح و الفراخ محروقة
1136,I ordered foul with olive but was replaced with Foul and Khalta
1137,متوقعتش يكون الأوردر بالسوء ده
1138,الاكل جه بارد جدا جدا
1139,Food was very cold.
1140,محترمين والتوصيل محترم
1141,But the delivery was so late
1142,رديء
1143,الاورد جي غلط
1144,الاكل كان ساقع جدا والكبده زفره جدا جدا
1145,"it arrived cold, other than that all was good"
1146,الطلب لم يصل
1147,الاكل جاي سئ جدا
1148,الأكل وصل بارد
1149,الطعميه كانت مطلوبه طحينه فقط بدون سلطه
1150,بارد جدا جدا و اكياس التغليف ملحوسه و حاجه فعلا مقرفه
1151,سندويتشات البطاطس و البيض بالبسطرمة جت باردة و طعمها غير جيد.
1152,بارد جدا لا يصلح للأكل ووصل بعد ساعه وربع
1153,الشطه في الطعميه المحشيه وحشه جدا و بتقرش كأن فيها رمل، غير كده الاكل ممتاز كله
1154,بعد ساعه و نص الأوردر غلط كمان
1155,the pizza was uncoocked .......... .........
1156,الاكل كله متلج و قديم
1157,الاكل كان سي
1158,طلبت بطاطس رول موتزريلا وجت عباره عن بطاطس بس ومفيش جبنه
1159,تم تاخير توصيل الطلب ساعتان تقريبا. الاكل بارد بسبب خروج موظف الدليفرى ساعة و نص من المحل قبل الوصول للبيت مكان التوصيل. تم رفض الاستلام وإلغاء الطلب
1160,pizza omelette has a lot of olive
1161,اسوأخدمة على الاطلاق، أكل سئ جدا ، تأخير في الاوردر مبالغ فيه بيوصل لساعتين تأخير، الاكل بسبب التأخير ده بيجي بارد و مجلد و ملوش طعم، بجد مطعم مقرف جدا جدا، و منصحش حد بالتعامل معاه
1162,اسوء مطعم اتعاملت معاه بجد و فعلا الأكل بيتأخر جدا و مفيش اي اهتمام من المطعم و اخر مرة اتعامل معاه إن شاء الله
1163,مستوي الاكل بقي سئ جدا
1164,أنا مجليش اوردر اساسا البرنامج ده من اسوء البرامج اللي الوحد مننا ممكن يقابلها في حياته
1165,Packing fel konafaa
1166,البطاطس بايتة و باردة و نوعها وحش. البرجر جه بارد و طعمه مش حلو
1167,الاكل وصل متأخر جدا وطبعا جه بارد ومحدش حتى حاول يتصل بيا يعتذر عن التأخير
1168,الاكل كان بارد وسندوتش البيض بالبسطرمة في شعر
1169,الاكل مش سخن
1170,جالي سبرايت زيرو و أنا مش طاابها
1171,مشكلته الوحيدة التأخير بس الأكل فوق الممتاز
1172,الفول سمنه من غير سمنه و ديلع و الاومليت سجق طلبو في عيش فرانساوي🥖 جالي في شامي الطعميه جايه برده ❄️
1173,food came very late and not hot
1174,للاسف الطلب جاي مش مظبوط والسانوتشات كلها علي بعضها لازم نفتح كل ساندوتش نشوف جواه ايه مع العلم احنا كنا طالبين اكتر من 115 ساندوتش متنوع
1175,سيء جدا
1176,الاكل كان بارد جدا
1177,طلبت الاوردر من الساعه 11 10 ساندوتشات وصلنى 6 بس وعملت شكوى ع المنيوز والساعه 2 دلوقتى ومفيش اى استجابه
1178,الطعميه جايه ساده مش محشيه والبطاطس بدون سلطه وانا مش طالبه كد
1179,مستوى جيد
1180,الاوردر مجاليش اصلا لحد دلوقتي
1181,😍
1182,باطلب سلطة وطحينة مع الطعمية مش بيحطوه
1183,الفطيرة كت غرقانة زيت
1184,بيض اومليت من غير بسطرمه بطاطس سقعه
1185,طلبت بطاطس كاتشب و مايونيز و اللى وصل بطاطس بالسلطة ... عدم تركيز
1186,I used the promocode and the app made the discount when the delivery man arrived i paid the full charge (without discount)
1187,الاكل بارد زفت زفت زفت
1188,الاكل وصل متأخر وبارد
1189,للأسف أصبح الطلب يتأخر جدا أكثر من ساعه ونصف فتفقد السندوتشات سخونتها وحلاوة طعمها
1190,الأكل جميل
1191,الطلب وصل بارد جدا
1192,الاوردر اتاخر اكتر من نص ساعه والاكل جي بارد
1193,Solid plastics in one of the sandwiches and Absolutely Everything tasted horrible
1194,الاوردر ساقع + ساندوتشات غلط + ساندوتشات ناقصه
1195,بس بيتاخر اوي
1196,the garlic dip was very bad
1197,the liver was so saltyyy we can't eat it
1198,فى اثنين جبنة مقلية جم خضار بس بدون جبنة
1199,cold like ice
1200,الاوردر وصل في ساعتين وربع تنظيم وحش جدا من المينيوز ودي مش اول مرة
1201,الساندوتشات طازجه وطعمها حلو
1202,اتأخر اوي ساعتين تقريبا و اتصل كتير يسأل ع العنوان و الاكل كان بارد ومش مغلف كويس
1203,The food was cold
1204,اوسخ من كده ما شوفتش محل زباله ونصابين وبتاع الديليفيري متسول 😒😒
1205,تجربة غير جيدة. الطعمية و البيض بالبسطرمة مش حلوين. الباذنجان المخلل عبارة عن باذنجان مسلوق من غير ملح. الأسعار عالية. الطيار أعطانا الباقى فلوس مقطعة ملزوقة بسولوتيب.
1206,سندوتشات الجبنة المقلية فاضية جبنة مش مقلية ولا حاجة جبنة رومي على جريل ومعاها فلفاية واحدة وطماطماية واحدة وسالتهم على الرول بالنسبة للجبنة قالولي مفيش مع انهم جابوا ساندويتش البطاطس رول عادي مع الطلب كانت تجربة سيئة جدا والاكل وصل بارد والجودة للاس...
1207,اوحش خدمه واوحش مطعم!!!! اقفلو احسن وخلي عندكو دم..
1208,محتاجه حد يكلمني حالا و الا عارفع الصور عالنت اللي بيحصل ده تهريج
1209,الخبز الفرنساوي بايت والبطاطس الصوابع طعمها سيئ جداً
1210,خدمه توصيل بطيئه جدا و مستوي متدني في الاكل
1211,البيتزا تخينة جدا و مش مستوية كويس من جوا ،
1212,الفول مش تمام
1213,الطعم سئ جدا
1214,الاكل دايما بارد وقت التوصيل كبير
1215,Very poor quality food even for the normal foul !! I’ll never buy from again!
1216,G
1217,Ggg
1218,ازاى الطعمية ب ١١ جنيه ونص ومن غير سلطة
1219,ناقص كانز، اكيد مش مقصوده بس حاجه بايخه
1220,The receipt was more than the one on the application
1221,الفراخ المشوية بايتة ومش كويسة
1222,Sss
1223,الاكل بارد و طعمه سيئ و البيض زفر جدا
1224,زي الخرا
1225,👍
1226,مطعم خد مني اكتر من المكنوب عل ابليكيشن و مرجعوليش فلوسي نصابين
1227,الاوردر وصل متاخر جداً جداً وكانت معاملة عامل التوصيل سيئة جداً والاكل مكنش حلو مقارنة بالسعر العالي
1228,Eating in the restaurant is fine but I’ve been disappointed with every delivery
1229,طلبت وبعد ماسحبوا من الفيزا بتاعتى قالولى مش بنوصل زهراء مدينه نصر ولغوا لى الاوردر ولسة لغاية دلوقتى فلوس مرجعتش ياحرامية.
1230,كان بارد اوي
1231,The delivery guy has canceled the discount voucher.
1232,الاكل كان بارد جدا و طعمو وحش و جالي حاجات غلط
1233,البيتزا جميل اووي
1234,the order was wrong
1235,الأكل بارد جدا
1236,الاوردر ناقص سندوتش وكلمتكم وقولتو هتبعتو ولحد دلوقتي من 3 ساعات مجاش
1237,زي الزفت
1238,الاكل وصل ساقع جدا غير المعتاد من جاد
1239,العيش بايت والجبنه الرومى وحشه والرغيف بتاعها كان متهربد خالص والفول ماكنش حلو
1240,I get one only
1241,الاكل كان ساقع جدا
1242,طلبت منه فيطرة مشكل لحوم واحدة تانيه سجق حرفيا كان طعمهم يقرف مكنش فطير اصلا كان عيش لو في اقل من نجمه كنت ادتهوله
1243,قالي إنه تحت و نزلتله فضلت واقف آكتر من تلت ساعة مستني حضرته عقبال لما جه
1244,الاكل ناقص ملح و جاي زياده في الاكل ونقص في نوع اخر و بدون خلطه او شطه
1245,misssing sandwitsh and not refunded
1246,الاكل جاي غلط و بارد جدا و دفعت فلوس اكتر من اللي مفروض التبليكيشن حاسبة
1247,discount was not applied and this isnt the first time.
1248,فوق الممتاز
1249,اسواء اوردر طلبته المكرونه فرن طعمها سىء و الفطيرة هوت دوج مالحة جدا عبارة عن زتون و خضار بس
1250,food was not fresh and not good
1251,الاكل وصل بارد والاوردر ناقص
1252,التغليف سيئ للغايه.. العلبه وصلت نص الفول طالع بره و مغرق العلبه.. اسوء مره اطلب من جاد الصراحه.. زائد جوده زيت الزيتون سيئه جدا عامل زي زيت الموتور
1253,الهيش الفينو مكنش حلو نهائى
1254,كان بارد و طعمه بايت كده مش حلو
1255,الاكل كله بارد جدا
1256,ساندوتشات باردة و ملهاش اي طعم
1257,َماشي
1258,إلا كل كان بارد ومش مظبوط
1259,"worst meat shawerma ever! very cold, greasy, smells bad and without any salads or bread."
1260,باكل عيش فاضى
1261,ساندوتشات باردة جدا، حشو السندوتشات خصوصا الفول بالبيض قليل.
1262,فل
1263,thanks for the service
1264,سندةيش الشاورما عيش شامي صغير زي سندوتش الفول ب ٣٣ مش،زي الي في الصورة جنيه!! وجاي متأخر ولا فوط ولا أي حاجة ما يستاهلش
1265,استنيت الاوردر ساعتين و مجاش اصلا ابلكيشن ولا لي لازمة
1266,😍😇
1267,الطيار قليل الذوق و غير محترم و مستوى الاكل سئ
1268,الاكل سئ ومش نضيف لا انصح باطلب ووقت الاوردر طويل
1269,The food from Gad is always great however they didn’t read the instructions when I asked for no chilli on the Alexandrian foul (so it wasn’t eaten) also the fried aubergine also had chilli (that should be listed as an ingredient) so we were unable to...
1270,It was not hot
1271,الاكل بارد جدا والوقت كتير اوي
1272,السندوتشات جت فاضية تقريبا
1273,ساندوتشات الطعمية رائعه وكذلك الفول
1274,There was a missing sandwich
1275,أنا جالي اوردر قديم، كان الأكل تمام بس كنت عاوز اجرب حاجة جديدة
1276,للاسف الاكل كان كله بارد اوي و بعض الحجات مكنش ليها طعم او طعمها للاسف سئ.. غير ان الاوردر اتأخر جدا
1277,الاكل كله بارد
1278,الطلب تأخر أكتر من نصف ساعة عن موعده ووصل بارد وعجة الطعمية مافيهاش بيض باختصار غير قابل للأكل ماعدا الفول بعد تسخينه .
1279,The taste very bad
1280,ساندويتش من الطعمية كان فيه قطعة بلاستيك فوم مع السلطة 😡
1281,الاكل كان بارد جدا ومش حلو
1282,الاكل بارد والعيش بايت والجبنه رومي يادوب باينه
1283,الاكل بارد تلج وسندوتشات ناقصة وسندوتشات زيادة حاجة اخر لخبطة
1284,tamM
1285,الجودة سيئة
1286,غير جيد ووصل بارد جدا لم اتعود منكم هذا السوء
1287,لم يتم حساب الخصم
1288,the food was really good but it took so much time for delivery
1289,الاكل بارد والعيش بايت والحشو غلط
1290,خدمة الدلفرى غير الخدمة على الابلكيشن داءما السعر مختلف
1291,Cold!!
1292,الاكل تم استلامه غير مكتمل ، وتمت الشكوي ولم تتم الاستجابه
1293,حلو جدا
1294,الملح مش مظبوط
1295,الاواردر جالي ناقص والأكل طعمه سي جدااااااا
1296,التوصيل سئ جدا وكلمتي اكتر من ٤ مرات عشان يوصل مع أن المفروض معاه اللوكيشن
1297,البطاطس كان مطلوب معاها اضافه بتنجان و مجاش الاوردر نفسه وصل ناقص ساندوتش فول بيض اومليت
1298,kol talb now ba2a yagi sandwish na2s
1299,رائع ومميز
1300,Woow
1301,الطاطس عيش متفيهوش بطاطس الطعمة برادة جدااا
1302,ناقص علبة المخلل .. واستبدل سندوتشات غير المطلوبة
1303,اكل سيء وبارد
1304,arrived cold
1305,late
1306,Sandwich el fol kan gowah astik 😡😡
1307,اكل بارد جداااا وطعم وحش
1308,متوسط
1309,جالي سندوتش ناقص
1310,كله قمر
1311,العيش كان بايت والاكل بارد
1312,قلة زوق الطيار
1313,خراااا عليكو و الخصم وهمي و الرجل بتاع الدليڤري خد حساب الاوردر من الفاتوره مش من الحساب اللي نزل علي الموبيل
1314,الطعام كله ماشاء الله طعمه حلو والفرخه السوا بتاعها مضبوط جدا والطحينه والعيش كله طازج وجميل جدا والفرخه ماشاء الله كبيره والطلب وصل في ميعاده
1315,Taste is so bad
1316,الاكل كان سيء وني
1317,الضريبة والتوصيل للأسف مرتفع جدا جدا برجاء مراجعة ذلك
1318,رائحه التعبئه سيئه
1319,El akl beygi bared
1320,too salty flafel
1321,الاكل كان وحش جدا وبارد
1322,no bread with many plates ordered
1323,مش حلوة و سعرها غالى على القاضى أماكن تانيه بتعمل مشكل جبن بجد ابقوا اتعلموا
1324,مقبول
1325,اتاخر كتير الاكل كان بارد جدا
1326,Didn’t receive my order at all!!!! & you were wondering why i am not ordering as before!!!!! Well done!!!!!!
1327,I asked for egg with pastrami and It literally had 3 pastrami!
1328,الأكل مليان شطة من غير طلب
1329,الطعميه مالحه جدا والبطاطس من غير كاتشاب ومايونيز والخساب مختلف بسيط اه بس مختلف
1330,الاكل كان جاي بارد
1331,تم الغاء الطلب
1332,الاوردار وصل ناقص وبلغت المطعم ومعملوش اي حاجه وتواصلت مع خدمه عملاء الابلكيشن وقالو في خلال دقايق هيتحل ولما يتم عمل اي شيء
1333,السندوتشات باردة
1334,الطعمية بارده وملكومة
1335,مش عجبني اوى الاكل غير مبهر وغير جيد
1336,انا على طول بطلب فطيرة بالكاستر ودايما بتطلع جميلة المرة دي جت كلها ناشفة ومحروقة
1337,Foul was spicy although I requested nothing spicy One of the falafel sandwiches was empty (just bread)!
1338,تأخير الاوردر
1339,الاوردا كان مش كامل
1340,ok
1341,Received Food is Not Hot 😐😕
1342,فرع الزهراء سيء اووي اوووي و الفول حمضان و مش اول مرة
1343,البيض تقريبا مفيش فى بسطرمة والفول عادى جدا جدا.
1344,مستوى متواضع
1345,جيد واتمني مزيد من العروض وطيار ممحترم
1346,Omelette without pastrami!
1347,"Sandwiches was half full , the order was extra cold"
1348,الاوردر المفروض بعد الخصم ١٢٢ مندوب الديلفيري قالي١٣٢ واخد مني القيمة
1349,didnt add coleslaw on sandwich for 2nd order
1350,كان في دبانة مستوية في الاكل
1351,تم إرسال الطلب بأسم غير إسمي
1352,الطلب موصلش يا كدابين
1353,شكراً بجد تيم المنيوز
1354,الاكل سخن
1355,الوقت بتاع التوصيل تعدى الساعه وربع والأكل ساقع وناشف للأسف تجربه سيئه جدا
1356,الاكل بيتاخر جدا و بيوصل بارد اوووووي
1357,الراجل اللي وصل الاورد كان قليل الادب جدا
1358,الجبنه كانت قليله بس كويس في العموم
1359,تمام بس غالي
1360,بطيء جدا
1361,اخر مره اشتري منه
1362,sandwiches taste compared to other restaurants are not even competitive. taste is was worst than the expected.
1363,اوردر النهارده كان مستواه زى الزفت. تجربة بشعة
1364,الكبدة و السجق وحشين جدا. البيض بالبسطرمة معمول بطريقة سيئة جدا. مستوى سيء جدا
1365,مستوى كويس جدا بس يا ريت وقت التوصيل يبقى أقل من كده و الأكل ييجى ساخن. و يا ريت تعملوا عروض حلوة و تلغوا الضريبة.
1366,جيد جدا كما متوقع منهم
1367,Was really bad experince
1368,الاكل كان مش سخن و التوصيل كان زياده عن الى مكتوب
1369,K
1370,السعر اوفر ريتد
1371,الطعام وصل بارد جدا و لم يتم اكله و قدم للحيوانات مع الاسف هاتكون اخر مره استخدم التطبيق مع هذا المطعم نصيحه محدش يطلب جاد تاني من خلال التطبيق
1372,لم يتم احتساب خصم 30 جنيه امبارح الطيار اخد 30 جنيه زياده عن الفاتورة
1373,غير المطلوب... مع تغير لبعض الاصناف الغير المطلوبة فى الملاحظات
1374,جودة الاكل كامت سيئة جدا
1375,foul sandwiches was not delicious at all
1376,الطعميه فيها قرفة كتير جدا مغيره طعمها
1377,اخدت وقت طويل
1378,مستوى جيد بس الاكل كان بارد شوية
1379,القطار بسندوتشات زياده حاسبت عليه
1380,الفاتورة جت يدون العرض أخد ٩٢
1381,الطعميه مش حلوه خالص
1382,غير راضى البطاطس كانت سلطه و الاوردر كان بطاطس كاتشب
1383,الفول بالسجق باين
1384,okay
1385,الاكل بارد جدا جدا
1386,Not fresh and liver was burned
1387,الطلب كان بارد جدا جدا
1388,المطعم جميل والأكل أجمل بس مشكلته الوحيدة هي الضريبة المضافة علي الأكل لأن كده كده أسعار جاد أعلي من باقي المطاعم برجاء أخذ الملحوظة ومحاولة مراعاة ذلك وشكراً
1389,الأكل تمام بس البطاطس جت عادية بالسلطة مش كاتشب و مايونيز
1390,I didn’t even receive my order !!
1391,ال sojouk طالبه french جالي شامي
1392,food is not hot
1393,الاكل انهاردة كان بايت تقريبا بس انا علشان بحب الاكل من جاد كلتة مطر. مش دة اللي متعود علية من جاد شكراا
1394,delicious food
1395,الطعميه وصلت مش محشيه البطاطس مش مايونيز الرومي غير اللي بطلبها من غير بقسماط الاوردر اتأخر عن الوقت
1396,long delivery time
1397,وقت التوصيل كبير جداً جداً
1398,not good
1399,الاكل طازج و سخن و لذيذ شكرا
1400,الاورد جيه وحش جدا جداجدا، اول حاجه الاوردر اتاخر ساعه ونص الجبنه بالطماطم جت من غير طماطم، الباذنجان المخلل جيه مش مستوي، الشكشوكه سايته، الفلفل المقلي ، جالي بتنجان مقلي…..الطعميه مش اوي…..بصراحه الاكل سيئ جدا جدا
1401,chips sandwich so bad and fires
1402,الاكل بيوصل بارد
1403,الاوردر جاء مختلف عن المطلوب كان مطلوب سندونشات طعميه جاء بدلها بطاطس مهروسه
1404,The food was not fresh
1405,Kan fe zalt fe alakl awl w a5r mra
1406,بيتأخر اوي
1407,الدليفري أتأخر اوي بس الأكل كان حلو
1408,سندوتشات ناقصه
1409,شكرا جدا الاوردر ممتاز ووصل بسرعه والطيار محترم
1410,نظيف و منظم جدا
1411,الاكل كله كان بارد متلج ومش حلو اول مرة ده يحصل وطلبت باذنجان مخلل ومخلل علبة لوكس كبيرة ودفعت حقهم ومجاليش حاجه
1412,الفول والطعميه والعيش بايت والأكل ملوش طعم سئ تماما
1413,فطيرة الكاستر تقريبا مفيهاش كاستر مستواها أقل جدا من المعتاد بعد ما كانت رائعة الخبز الخاص بساندويتش البطاطس مش مخبوز كويس ومعظمه لسه عجينة
1414,I found eggs shells in my potato and egg sandwich I also found a red string I was completely disgusted by the food and cleanliness and will never order from here again.
1415,قرف
1416,بصراحه قمه ف قله الادب في الرد علي العميل و اسلوبه سئ جدا و ديه اول مره اشوف كده من ساعت ماتعاملت مع الابليكشن اتمني انه يتحاسب علي طريقه كلامه السيئه مع العملاء
1417,الاكل جي بارد و الطعمية كانت كانها محروقة و طعمها وحش
1418,الاكل كان بارد .. و معظم الاكل كان مزيت جدا .. العيش سئ جدا
1419,رائع جدا
1420,قطعة بلاستيك داخل الأكل السعر في الريسيت مختلف عن السعر في البرنامج
1421,اوسخ اكل ممكن حد ياكلو
1422,سلموا الاوردر لحد تاني مطعم غبي
1423,ممتاز جدا
1424,الكيس اللي موجود فيه الاكل ريحته كانه حد $#@% فيه! ودي مش اول مره الحكايه دي تحصل...
1425,there was a missing sandwich and it was already counted on the receipt
1426,the made the omelete with roomi instead of chedder
1427,سندوتش الاومليت بالبسطرمه فقير جدا وبدون سلطه والكميه قليله جدا سندوتش وايضا سندوتش الجبنه المقليه نفس العيوب الطلب ليس كما كل مره
1428,تجربة سيئة
1429,تاخير وبارد
1430,لم يصل الاوردر
1431,السمبوسك بجد ما دقتش حاجه اسوأ من كده. مفيش اي جبنه و كميه زيت مش طبيعيه انا كان ليا اوردر يوم الخميس من عندكوا جه ناقص و كان المفروض فلوسه هتنزلي كا رصيد و الكلام ده ما حصلش
1432,العيش كان محروق ورميته
1433,Fresh
1434,شندويتش الفول متكرمش على بعضه و الفول بالبيض المسلوق معمول بإهمال شديد البيضه صحيحه لوحدها
1435,لم يضع جبنه اضافية وطلبت زجاجه ليست كانز
1436,كان فى برومو بخصم و جالى الفاتورة من غير الخصم
1437,طلبت بيتزا جاتلى فطيرة. العيش الشامى محروق. البطاطس بالجبنة الرومى من أسوأ ما يكون
1438,ث
1439,اكل سيء وبارد و عيش بايت و مفرول و تاخير الاوردر اكتر من ساعة والطيار اخد اكتر من فلوسه
1440,الاوردر موصليش اصلا
1441,الطعميه كانت بارده
1442,الطعمية جاءت باردة لو سخنة كانت هتبقى روعة
1443,not ordered spicy but came spicy
1444,Took a very long time to arrive
1445,سندوتشات الحمص كانت حمضانه وريحتها وحشه جداجدا
1446,الاوردر جية غلط والاكل بارد وطعمة وحش
1447,جبنه خلطه جاد دى جامده جدا
1448,When i opened the bag the Pickles box was damaged and liquid damaged sandwiches
1449,مفيش قرف كدة.. السندوتشات باردة والشاورما اترمت في الزبالة طعمها ميتكلش ومش بتتندغ اصلا
1450,I ordered the falafel without salad and te7ina but it came with
1451,البطاطس وصلت طحينه مش كاتشب
1452,علبة الفول كانت من غير معلقة مع ان الدليفاري اكد لي انه فيه معلقة مع العلبة
1453,فى شعر ف الاكل احيانا
1454,الاوردر وصل متاخر جدا و بارد جدا
1455,Driver was very rude
1456,tmam
1457,الاحل سىء جدا و العيش مقطع و بايت و البطاس معجنه
1458,I didn't get my 20% discount that was applied on the application as my total was shown as EGP 43.04 but the receipt with the delivery guy was 51.04. I want to be refunded the extra as cash
1459,وقت التوصيل كبير جداااااااا
1460,الأكل مزيت والفول ملوش طعم
1461,مطعم سئ👎🏻والاوردر كان جاى ناقص سندوتش ومتحاسب عليه ولا رجع فلوس ولا سندوتش
1462,جيد جداً...... وقت التوصيل متاخر
1463,دلفري وضريبة كتير جداا
1464,الفراخ المشويه على الفحم رائعه
1465,التغليف سيء ممكن يتلعب في الطلب لازم يتقفل بلزق غير قابل للفك يعني لما يتفك يتقطع
1466,Delivery guy called to confirm his arrival at the destination before he even arrived so I had to call him several times and waited over 5 minutes till he called back again to deliver the order
1467,يجب الاسراع
1468,الاكل وحش جدا و السندويشات مفعصه
1469,الاكل حلو بس وقت التوصيل كتير جدا
1470,بجد اسوأ فطار طلبناه ، طلبنا السندوتشات كلها تكون طحينه فقط كتبناها في الكومنت و بعتنا لل support و اتأكد عليهم و السندوتشات جايه بسلطات و السندوتشات كلها بارده بمعني الكلمه ، و العيش كله مفرول بطريقه غريبه مش عارف ازاي ده العيش بتاع جاد !! و طالبين...
1471,The food smell were very bad
1472,🤩
1473,سئ جدا من ناحيه التوصيل والاهتمام بالعملا لدرجه إن الاوردر موصليش أصلا وأنا مستنيه آكتر من ساعه زياده عن ميعاده
1474,مستلمناش اوردرات
1475,الاكل جه بارد
1476,..................................... .........
1477,ر
1478,جامده ومخدومه
1479,didn't receive the order!
1480,جاد دايم اكله حلو
1481,غير مرضي طعما و شكلا
1482,الوقت كان طويل مقارنه بأن الطلبات فول وطعمية
1483,مستواه سيء للغاية
1484,التحابيش مكنش تحابيش ده بطاطس صوابع بالباذمجان فقط
1485,المسقعه حمضانه
1486,الاوردر اخد وقت كبير جداً مقارنة بأنه سندوتشات فول وطعمية والاكل وصل بارد جداً جداً
1487,Very very very poor quality.. And the food wasn’t fresh
1488,مستوى زفت
1489,الاوردر مستواه تعبان جدا. ربع الفرخة محروق و النجرسكو وشها محروق و معمولة بطريقة سيئة و البيتزا بايتة و مالهاش طعم. مستوى متدنى
1490,recieved wrong sandwich
1491,الاوردر بصراحة بشع والخدمة ابشع لما الاوردر يوصل مقلوب وشكله يقرف وافضل منتظرة البديل ساعتين تقريبا يبقي كدة استهتار بالعميل وخدمة من أسوأ ما يكون
1492,زفت طعم زفت وريحه معفنه انا رميت الاكل بصراحه
1493,👍👍👍👍
1494,الساندوتش البطاطس جالى بسلطة وكنت طالباه ساده
1495,Bread itself was so bas
1496,شكشوكة تقرف بطاطس منغير طحينة فول بالسجق جامد
1497,كان ملح كتير والفول مش حلو زى كل مرة
1498,حلو اوي متشكرة الاكل كان كىه تمام و حلو ميرسي
1499,شكرا ليكوا على ذوقكم رغم اني حطيت العنوان غلط لكن بردو وصلتولي اوردر جديد بعد ١٠ دقايق شكرا جداا و الديليفري ذوق جدا
1500,تأخر في التوصيل الطعم طيب لكنه بارد بسبب التأخير
1501,الاوردر جه غلط البطاطس جبنة مقلية جه بدالها جبنة مقلية بس
1502,بهايم و متخلفين و معدهمش ريحيت الفكر بهاااااااايم
1503,كان في ساندوتش ناقص
1504,الفول سيئ جدا مليااان طحينة بوكس الفرايز في ذبابة
1505,التوصيل اخد وقت طويل جداً
1506,too spicy
1507,Sandwiches were extremely bad regarding the taste
1508,delivery took a lot of time
1509,العيش جه ناقص
1510,سئ جدا
1511,شاورما اللحم طعمها زفر جدا و مش حلو
1512,تأخير المطعم
1513,الطلب ناقص المخلل 😑
1514,الفطيرة كانت ممتازة بشكل مش عادي ياريت اعرف كان انهي فرع لاني لما بطلب من عنوان تاني بتبقي وحشة
1515,الاكل كان بارد لالسف
1516,جميلة جدا جدا بس الجبمة لازم تبقي ازيد شوية
1517,الاجه بعد ستين الا ربع من بدايه الطلب و جه بارد
1518,الاكل كان سي النهارده وخصوصا الجبنه المقليه والبطاطس
1519,طلبت اتين بطاطس كاتشب واحد مايو نيز جالي تلاتة مايونيز 😞
1520,so bad
1521,سندوتشات الفول كانت ذو طعم حامض ورمتها
1522,اكتر من سئ بارد و بايش و بطاطس مجلدة و اتأخر جدا ، جه بعد ساعة و نص تقريبا
1523,ديناميت طعمية كان المفروض بإضافة بابا غنوج و وصل بدون إضافة بابا غنوج
1524,late order
1525,الاكل بقي بيتأخر اوي
1526,delivered food was cold and the fries weren't fresh
1527,I paid more than what I have to pay
1528,كله كويس والاوردر وصل قبل الموعد وده شىء جيد بس حشو ساندويتش الشاورما فراخ كان قليل ويفضل زيادة الكمية
1529,قليب جدا
1530,للمرة الثالثة اطلب اي مشروب دايت والطلب ميجيش دايت
1531,food came almost 2h late and delivery didn't know where to come even though I wrote the address
1532,Food was rotten
1533,كمية الفول قلبلة جدا مقارنة بسعره و مقارنة بالتجارب السابقة لينا مع جاد.
1534,مطعم محترم وحاجات حلوة ولذيذة وكافية
1535,السندوتشات طازجه وطعمها رائع والكمية كافيه والطلب وصل بسرعه وسلوك الطيار ومظهره ممتاز
1536,الجوده بقت سيئه جدا عن الاول
1537,I didnt get it because the courier had the IQ of a piece of bread.
1538,"Worst order ever , it was late , wrong sandwitches , old bread and bad taste"
1539,slowest delivery ever
1540,Khara
1541,تم تجاهل كل ملحوظاتي الاكل بارد بايت فته شاورما دي ملهاش علاقه بفته الشاورما العيش زي كان ناشف وبقا طرى جدا ومجلد من كتر ما قعدت كتير الشاورما مكانتش احسن حاجه العيش فيها كتير جدا الباكدج سيئه جدا وجالي الاوردر مفتوح اتأخر جدا اسلوب الطيار مش لطيف
1542,الاكل طعمه سئ جدااااااااا وكانه اكل بايت ده غير ان الفطيرة تحسها من جوة مليانة تراب والسجق طعم التلج فيه وبصراحة حاجة ارف انا رميت الاكل احسن ما يجيبلي تسمم مكنتش متوقعة المستوي سئ للدرجة دي
1543,مطعم محترم 🥰
1544,very bad .. we almost ate shit specially falafet sandwiches were the worst I've ever tasted 🤮
1545,الاوردر كله جميل و فريش و نظيف و كل حاجه طعمها حلو لما بطلب الصبح بدري الاوردر بيجي جميل و فكره جيده منكم انكوا مش بتحطوا سلطه في الحر ده لأنها بتحمض بس الطعميه انهارده مافيهاش خضره كتير زي كل يوم و لونها فاتح
1546,مفيش سلطة في الساندويتش مجرد طحينة و خضرة
1547,a
1548,"all the omelettes had eggshells in them it was unbearable, anything g that contained eggs was horrible"
1549,البيض بقشره جوه الساندوتش.. حاجه بجد مقرفه 👎👎👎👎
1550,the food was not tasty high salt
1551,Mwa3eed zbala w nas zabala
1552,good 👍
1553,الطعام كان بارد
1554,السلطه بايظه و الطحينه طعمها وحش جدا
1555,"I have requested food to be not spicy, unfortunately they made it all spicy 😕"
1556,سيئ حمضان
1557,سيء جدا. مفيش اسوء من كده. طلبت سمبوسه جبنة جت باللحمة و طعمها غريب جدا و كله زيت. و طلبت سندوتش جبنة مقلية في عيش شامي جت في عيش فينو و الجبنة ناشفة جداً و متتاكلش. مطعم سيء جداً و كل انواع الاكل غير قابلة للأكل.
1558,طلبت اوردر من ١٠ و تلت جايلي ١٢ و معرفش ليه كل الوقت ده و الاخر جايلي ساندوتش فول اسكندراني حمضان و ريحته بشعه اول مافتحت الشنطه
1559,المكرونة الفرن كانت مليانة فلفل اسود بطريقة مش طبيعية
1560,I ordered fool bel khalta and i got plain fool
1561,الاكل بايت والطعمية محروقة
1562,سىء جدا
1563,للاسف عنده مرض جلدى فى ايده كلمنى بعد لما وصل ومكملش دقيقه وكلمنى تانى قالى الحساب ٦٧ جنيه بدون مبلغ الخصم ولما جيت افتح الابلكيشن قالى كام الخصم قولتله راح واخد المبلغ علطول وقال ربنا يتوب علينا من الشغلانه دى مستوى الطيارين سيئ جدا غير طلبات خالص
1564,طويل جدااا
1565,السعر مختلف عن التطبيق
1566,العيش كان سيئ جدا
1567,حلو جدا بس اتأخر في التوصيل
1568,the sandwiches weren't full enough and the french fries were so fuckin disgusting.
1569,الاكل وصل متأخر
1570,الأوردر اخد ساعتين ومجاش
1571,I did not eat the food totally unacceptable bread not fresh everything is hard to bite I want my money back
1572,الاوردر بشع الساندوتشات فاضية و محروقة و طعم مقرف بجد
1573,الاكل بارد وoverpriced
1574,البطاطس كانت قليلة جدا
1575,الفراخ البانيه محروقة وطعمها سيء
1576,الكرسبي و البيض كانو محروقين
1577,"missing items , prmosied to be received in 30 minutes, it's 2 hrs now and nothing done !!!"
1578,الجبنه المقليه طعمها مقبول بس مش حاسس انها مقليه و طعمها كله زيتون
1579,ماحدش يختلف علي فول جاد بس علبة الفول ديلفري كلها ماية يعني العلبة في الاخر بتبقي طبق فول صغير و نفس الحاجة في علب عجينة الطعمية
1580,Missing items and bad customer service
1581,It came with no discount despite using a valid promo code
1582,وقت التوصيل كتير جدا
1583,جميل جدا
1584,اسلوب غير لائق
1585,الاكل كان مالللح بشكل فيضع ماحدش لبس الاكل من ملوحته سئ جدا و قدمت شكوا وعلى الفاضي طبعا
1586,Takes a bit too long but in my opinion cleanest fol and falafel restaurant and has so many other options.
1587,the restaurant didn't deliver my order after 2.5 hours late
1588,I didnt receive my order after 2 hrs waiting
1589,nice food
1590,الطعمية مكنتش محشية
1591,الطعمية كانت نية و الاكل كان سيئ جدا
1592,Its was nicer before n less cruncy
1593,الطعام اتأخر شوية
1594,بيتاخر جدا تجهيز الطلب
1595,I didn't order neither the refund.. this is totally unacceptable and unprofessional.
1596,الأكل بارد وفتة الشاورما الطبق مفتوح ومبهدل الشنطة وتأخير فوق الحد الأقصى ساعة تقريبا ً وعامل الدليفري قليل الذوق مع إني طالب ودافع اونلاين عاوز تيبس وانا كنت هلغى الأوردر أصلا ً تجربة سيئة بكل المقاييس
1597,الدليفرى اتأخر عن الميعاد المحدد و عمل اشعار وصول قي الوقت اللى المفروض يوصل فيه الاورد قبل مايوصل ب ٣٠ دقيقة
1598,جيد و التوصيل جه قبل المعاد الفول المحبش حلو
1599,didn't arrive
1600,الاوردر تأخر ساعتين
1601,سيء جدا طعم و جودة و الاوردر وصل غلط
1602,عند تسجيل الطلب تم عمل ملاحظة عدم اضافة اى شئ على الفطير واصريت انها بدون لبن و مع ذلك تم اضافه لبن على الفطير فبالطبع وزعتها ولم نأكلها فشكرا جزيلا
1603,الطعميه مالحه جدا وبها فول مش مستوى والفول ناش جدا
1604,الاكل بارد... والاوردر جاي غلط
1605,الاكل بيتأخر جدااااااااااااااااااااااااااااااا
1606,الطيار كان بيتخانق معايا و يقولي مشوار بعيد
1607,extra time cheese
1608,مبالغ في اسعارة
1609,pizza was so bad
1610,100٪ حلو
1611,الاوردر وصل بعد ساعة و نص و رفضت الاستلام
1612,ياريت لما اكتب ملحوظة عدم اضافة شئ معين على الاكل تاخدوا بالملحوظة دى عشان متبقاش اخر مرة اتعامل معاكوا فيها لان الساندوتش اللى طلبته مكلتوش وكأنى ولا طلبته بسبب عدم الاخذ بالملحوظة اللى كتبتها
1613,الوقت كبير اوووووووي
1614,سندوتش البيض جه غلط
1615,It was amazing
1616,فطيره فراخ شاورما سيئه جداااا جداااا الفراخ مش حلوه و فيها ظفاره لدرجه اني جاتلي قرفه من الأكل كله و بتعالج
1617,الفطيره معجنه و مش محشيه كويس
1618,وحيش
1619,يعني لو عامل السندوتشات برجله كانت هتبقي احسن من كده فول بالبيض مالح جدا مسقعه حمضانه طعمية مجلدة ومعموله بقالها يوميين شكشوكة معبية زيت
1620,البطاطس الشيبسى بايتة والفول والطعمية مليان زيت
1621,"very poor quality, 2 hours for delivery, the worst ever!!"
1622,Great and delicious food 😋
1623,الزيت في شاورما اللحمة كان كتير جدا
1624,تم اضافة ٥ جنيه زيادة عن خدمة التوصيل المقررة من خلال التطبيق
1625,الأكل جه متأخر و بارد جدا
1626,والاكل مش طازة
1627,I ordered eggplant box with little oil. It arrive with two much oil (actually filling 1/3 of the box) and no tahweega at all. It was horrible and I couldn’t eat it. Very disappointed.
1628,ساندويتشات الفول تقريباً فاضية
1629,الطعم سيئ وبارد والاوردر وصل بعد وقت طويل
1630,Nice
1631,الاكل كان مش حلو
1632,paid for pickles while it wasn't included
1633,اسهاااال
1634,الطعميه كانت مكتومه قوي وتغليفها طراها
1635,baad
1636,"The driver was very rude and the Foul’s packaging was torn, the falafel was greasy"
1637,خرة
1638,"Chips were not crunchy and the falafel was cold and moist, plus all sandwiches lacked tehina"
1639,Sandwichats was cold the liver sandwichs were full of oil
1640,تاخير التوصيل
1641,اتاخر جدا
1642,جااامد
1643,اسوء كول سنتر في المجرة كول سنتر تحت السلم الاوردر جاي في حاجه غلت و ساعه و ربع عشان الاوردر يجي ملحوظه جاد اخر الشارع المكان الطالب عاليه و اكلم الكول سنتر البت تقولي انا مليش صلحيه اكلم المطعم !!!!
1644,وصلي الاوردر ناقص
1645,الاكل في منتهي السوء
1646,يوجد حاجة ناقصة
1647,البطاطس شاربه زيت جامد
1648,الشاورما مش احسن حاجه نشفه و العيش مش طازة
1649,i
1650,الاكل مش حلو وناقص محل ومش افضل حاجة
1651,الفول كان مليان شطه و غير قابل للاكل
1652,needs faster delivery
1653,Bad packing and poor taste and cold
1654,الاكل كان بارد والفول كان ساده وانا طالبه بالخلطه
1655,للاسف لغوا جزء من الاوردر وبعتوا الباقى من غير اتصال وطبعا رفضت استلم
1656,عامل الديلفري أسلوبه وحش بالإضافة الى خصم ١٠ ج لم يتم خصمها بالفعل واضيفت على الحساب
1657,Ddd
1658,order is wrong
1659,nnnn
1660,"Not delivered after 2 hours from ordering, go fuck yourselves"
1661,الطعم سئ
1662,للاسف الشورما طعمها وحش وسندوتش البطاطس كمان خسارة فلوس وخلاص 😖
1663,لقد تم تغير طلبي. لقد طلبت و احد بطاطس و ثلاثة فلافل، لكن جاء لي اثنبن بطاطس و اثنين فلافل. (ارجو عدم تقرار الخطأ)
1664,الاكل بييجي بارد و مش لسه معمول و بيبقى الساندويتش مليان زيت
1665,The order is too late
1666,الحساب كان 37 والكالتن قال 47 وجه ساندوتش غلط مكان واحد تاني
1667,i received wrong sandwich and the restaurant refused to assist me neither to contact me with the concerned branch
1668,Order. Was cold
1669,السجق غير جيد الطبخ
1670,All order is unavailable
1671,الاكل بارد و جيه بعد ساعتين
1672,awful experience ...
1673,الاوردر إتأخر جدا
1674,معاملة سيئه جدا من المندوب و قلب ذوق و اخد فلوس زياده
1675,الحمص مش زي كل مرة💔 كان تقيل وممر شوية
1676,"Low quality, and it was late"
1677,انا طلبت 4 ساندوتشات بطاطس رول سوري جالي 4 بطاطس في عيش فرنساوي و كان طعمه مش حلو و طلبت ليمون مع الكبدة محطوش في السندوتشات ولا حتة حطوا ليمونة مع الاوردر. شكراً
1678,the foul was rotten
1679,معامله سيئة جدا من المندوب وقله ادب وزعيق واخد فلوس زياده واداني الباقي فلوس مقطعه
1680,معامله سيئة جدا من المندوب ومرضيش يديني باقي الفلوس غير ١٠ جنيه مقطعه!!!! وانا كان ليا ٣٥ جنيه!!!!!
1681,الاورد جيه غلط
1682,Order was cold
1683,Very slow delivery
1684,not fresh
1685,One of The falafel sandwiches was missing
1686,So so bad
1687,تاني مرة يجي الطلب ناقص
1688,في ساندوتش جه متغير
1689,the falafel sandwich didn't have the pastrami addition
1690,order wasnt right
1691,الملحوظة اللي طلبتها متنفذتش وجه ساندويتشين فلافل زيادة
1692,وصل متأخر ومكنش فيه بابا غنوج
1693,لم يصل
1694,الطيار زوق جدا
1695,the chicken was sooooo bad
1696,دايما دايما سواء طالبين عن طريق الأبليكيشن أو التليفون بييجي الديلفري بتاع جاد مخصوص ويزود ١٠ جنيه عالفاتورة اكرامية مسروقة من العميل بفهلوة واستغفال الغريب إني غالبا بديهم اكرامية بس هم بيحبوها غالبا مسروقة مش هطلب منهم تاني
1697,البانيه كان بشع و في منتهي السوء
1698,الجبنه الرومي مش حلوة خاالص والاكل مش احسن حاجة
1699,لو طالبين الأوردر من المطعم بييجي الديلفري ضايف من ٥ إلى ١٠ جنيه عالحساب إكرامية له كدة وبيحاول مايديناش الفاتورة ولو طالبين عن طريق الأبليكيشن هنا وبيكون احيانا فيه خصم مابيخصمهوش من الفاتورة برضو علشان ياخده لنفسه إكرامية في العادي بديلهم إكرام...
1700,الفول جميل جدا الباذنجان كميه قليل جدا مقارنه بسعره
1701,Very greasy and oily
1702,Very bad delivery
1703,زفت عليكم وعلي اكلكم القرف اللي بعتينه ده ساندويتش الفراخ الكرسبي عباره عن طبقه بانيه محروقه ومجلده وريحتها تقرف وفوقها طبقه بيض وبقسماط محروقه وسووووودا وعشان تدارو القرف ده عملتو طبقه بيض وبقسماط جديده كاني جايه اشحت منكم الاكل مش دافعه فلوسه ياعال...
1704,جاتكم القرف عليكم وعلي الاكل المعفن اللي بعتوه باعتين الفراخ ياعالم قذره محروقه وعليها طبقه بيض وبقسماط سوووودا وعشان تدارو كل ده عملتوها بطبقه تانيه من البيض والبقسماط فوق الطبقه المحروقه وساندويتش البطاطس البطاطس مزيته ومعجنه ياعالم معفنه
1705,the fries sandwiches came with salad although it wasn't mentioned in the menu and they insisted that it was our fault not theirs and that it's the default in all restaurants although it's not
1706,الطعمية فيها شطه كتييييييير جدا
1707,Order was took so long until delivered
1708,مطعم مميز
1709,سندوتشات الفول عباره عن شطه مش فول و فتحته لونه احمر من كتر الشنطه انا بحب الشنطه اصلا بس دي لا يتحملها اي كائن حي اكيد وقعت منكم الشطه دي مش كميه تتحط ابدا الساندوتش لونه احمر و رميناهم من المنظر
1710,الاورود جيه من غير الكانز
1711,راح مكان غير العنوان وساب الاكل مع الأمن ومشى
1712,انا كنت طالب سندوتش بطاطس بالبابا غنوج وصل سادة !!! يظهر نسيوا يضيفوا البابا غنوج او كان خلصان من عندهم!!
1713,Very good but it take more time
1714,البطاطس المهروسة المرة دي متركروته والفلافل تعبانة .. الطيار بيسلم الاوردر وعاوز يجري كان الاوردر هيقع ومسكت نفسي عنه علشان ما اهزأهوش .. ابقوا اختاروا ناس ودربوهم على الاحترام ومتجيبوش ناس تضيع سمعة المطعم.
1715,ولا.. الطلب تأخر أكثر من ساعتين ونص. واحنا أصلا ما طالبين هالشي الصعب ولا كتير، هم كانوا ساندويتشين طعمية ورغيف حواوشي وفطير. ثانيا.. الأكل كله ما يتاكل. الطعمية مالها أي طعم؛ اللحم الي بالحواوشي بيه طعم غريب وشوية مرارة؛ والفطير ناشف وماله طعم. بالن...
1716,،
1717,Food tasted good but was cold when it arrived due to long delivery time
1718,order very late
1719,very lateeee
1720,الأوردر ناقص كالعادة
1721,القيمة مقابل السعر الاكل غالي جدا
1722,I ask for fries with Shredded roomi cheese but they sent chips
1723,لا
1724,الاكل وصل بعد ساعتين و نص 😠
1725,من فضلك انا حاسبت علي علبة مخلل ومجتش مع الاوردر وكلموني قالوا هتيجي ومجتش
1726,العجة مش مظبوطة
1727,اسوء قرار خدته فحياتي يوم مطلبت منه 😅 طالب فطار سندوتشات بطاطس و طعميه عادي قعد كتيير جداً كأني طالب خروف مثلاً مع العلم اني قريب من المطعم جداً مشي 10 دقايق بالكتير
1728,الاكل بيوصل بارد مش صابح
1729,Bad food quality
1730,هو حلو جدا بس التاخير في المواعيد
1731,"absolutely bad , stay away from ordering food from gad, eating at the restaurant is fine but ordering food as takeaway is a disaster. The shawerma was cold and stale, in addition the fries were also cold and I was charged a ridiculous amount for two..."
1732,بجد السندوتشات تحفة جدا وطازة ولذيذة
1733,Was bad experience
1734,العيش وحش جدا كل محتويات السندويتش واقعه فالكوفر اسوأ اوردر الصراحه
1735,الساندوتش مالوش طعم
1736,cold very bad sandwiches
1737,Shawerma so small for 34 LE
1738,المسقعة غير طازجه وطعمها فاسد
1739,Bad attitude
1740,Delivery guy was so rude when he knew that the order was already paid as he was expecting a bigger tip
1741,the worst order from ther restaurant 👎👎
1742,السجق كميه قليله و غالي و جودة سيئة
1743,قله نظام وتوجيه
1744,الاكل سئ جدا جدا
1745,المخلل كان بايظ و عليه عفن ابيض الطعمية جاية من غير سلطة
1746,terrible shawrma ever resulted in stomach infection
1747,الاوردر تأخر والفول كان حادق
1748,رفع اسعار ودفعت مبلغ اضافي بعد التوصيل
1749,البطاطس مليانة زيت
1750,اختلاف أسعار و غالي
1751,عروض وهمية مختلفة عن منيو المطعم الحقيقى
1752,Food delivered cold and late.
1753,The quality of fried eggplants was not good as it used to be
1754,طلبت سندوتش فلافل محشية، حه فلافل عادي.
1755,الاكل كويس بس المشكله في سرعه التوصيل مش سريع خالص و بيتأخر
1756,الطعمية شاربه زيت لما اتهرت
1757,الاكل سخن وجميل
1758,It took him 2 hours and the food was cold and wet and I ordered beans with sojouk I received sojouk and no beans
1759,سندوتش الفلافل كان فيه قشره ثوم كامله ف النص .....
1760,There was a piece missing from the ta3mia😞either bitten or broken
1761,فطيرة باردة ومجلدة التطبيق اعطانى الطلب في الطريق وصلت بعد ساعه والمحل وسط عباس العقاد وانا اخره مافيش حشو اصلا الفطيرة فاضية كنت طالباها شاورما فراخ.. والله ولا تسوى ٢٠ جنيه حتى.. أسوأ مكان بجد ممكن تفكروا فيه
1762,مكرونة فرن بايته وريحتها وحشه جدا وطعمها وحش جدا اترمت لانها لا تصلح لبني ادم ولا حيوان. العيش بتاع الساندوتشات بايت وناشف.
1763,The order is wrong I made a comment 3 times I need the money back on my account
1764,الاكل جه ناقص وبلغنا ومع ذلك مجاش باقي الاوردر او فرق الحساب
1765,لم يتم التسليم
1766,Price are not the same Gad
1767,جالي سندوتشات متبدله وسندوتش زياده لكن الاكل ممتاز
1768,very late delivery
1769,المندوب بتاع الدليفيري سئ جداااااااااا جداااااااااا للغاية
1770,وقت التوصيل كتير
1771,مخيب للأمال ولتوقعات عملاء الإسم الكبير. واضح الإهمال في مراقبة الجودة والطعم ومبقاش في إهتمام بتقديم تجربة أكل شعبي محترمة. المتاقسين في السوق سبقوا جاد بمراحل للأسف. لا ينصح به إلا لو مضطر.
1772,اكل طعمه وحش. ومراره ف عيش صاج وبيض بالبسطرمه وحش وطعمية وحشه
1773,Falafel with no egg Froes with no mozeralla
1774,سندوتش الرول معمول بعيش عجيب.. طعمه وحش اوي كايزر شاورما معقول.. بس فاليو قصاد الفلوس 0 منصحش بالمطعم دا خالص
1775,الاوردر اتأخر و الشيك جاى اسعاره غالية غير الى المفروض كنت ادفعه
1776,الاكل سئ جدا العيش بايت الاكل بارد وبعض السندوتشات كمبتها قليله
1777,التوصيل قعد ساعتين الا ربع
1778,Overcharged me ( on the app suppose to pay 51 ) however the recipt was 55 le plus it suppose to be kaisar bread but he delivered with normal fino nread for the burger with nothing except some ketchup with the burger no lettuce no pickles nothing at a...
1779,لحد الان من طلب الاوردر منتظر اكثر من 3 ساعات
1780,للاكل جه متاخر وبارد مع ان الشوارع فاضيه
1781,الاكل موصلش و المعامله سيئه جدا
1782,الاكل سئ جدا العيش بايت والاكل بارد وبعض السندوتشات الكميه بيها قليله
1783,الاكل مجاش اصلا و كلمتهم كذا مرة مفيش حد بيرد عليا
1784,انا اصلا مستلمتش الاوردر لانو اتاخر ساعتين
1785,الفول بالخلطة طعمه مش حلو و مفيهوش سلطة
1786,الرز بايت ومتلج
1787,اكله سىء جدااااا حاجه تقرف بارد و مجلد و الكميه اللى فى الساندوتش قليله اوى
1788,Not fresh nor hot
1789,البيض فاسد وزفر
1790,الاوردر مختلف عن اللي طلبته
1791,لم يتم توصيل الاكل
1792,لازم الساندويتشات تيجي ناقصة دايما عمر جاد ما جاب الاوردر مظبوط
1793,Kol maa3ml order l sandwiches bttl3 w7sha gdnnnn bgddd
1794,المطعم اتأخر جدا جدا جدا في قبول الطلب
1795,ما بينفذش الطلبات الاختيارى والاكل بارد صراحه اول مره تحصل منهم
1796,الطلب مجاش اصلا
1797,الفول الاسكندرانى حراااااق بطريقة مش طبيعية و طبعا الطعمية جاية باردة و كيسها مفتوح حتى مش قادرين يقفلوا الكيس كويس
1798,vb
1799,الشاورما حادق جدا ملح زيادة
1800,الاكل وحش اوي وبايت والشيبسي مجلد
1801,Bread was a little burnt
1802,Food was cold and inedible and delivered 40 mins late
1803,الفراخ كانت وحشة جدا للاسف
1804,الاكل بيجي بارد وملوش طعم والطيار قليل الادب ومش محترم وخدها بلطجا والاسلوب مش حلو والاكل قعد سعتين ونصف عقبال محالي
1805,اكتر من ساعه ونص بدون اي تواصل
1806,طلبت حاجة وجت حاجة تانية طلبت بيض بالبسطرمة وجة بيض سادة بدون ملح
1807,took so long !
1808,التوصيل بيتاخر
1809,الطعمية وصل بدلها بطاطس و عملت شكوى و محدش رد عليا و لا اتغير السندوتش انا عايز حقي دي تاني مره يجيلى طلب غلط و محدش يساعدني علي تغيره !!
1810,الاوردر وصل متبدل ومختلف عن ما تم طلبه
1811,I paid for two sandwiches and I didn’t receive it
1812,مسلمتش الاوردر
1813,تمام ياريس
1814,food was not fresh and pizza was really small
1815,عشان ما فيش ساندوتش الشاورما في الاوردر الاكل كله ما جاش واحنا كنا مستنينك على الفطار ما حدش يعتمد عليهم في رمضان دول ناس ما عندهمش قلب. حسبي الله ونعم الوكيل
1816,جميل جدا كالعادة
1817,الاكل كان بارد ومش حلو
1818,"Cold food, late delivery , food was not well done Thanks doe this horrible experience"
1819,الفول حلو ابطعمية مقلية في زيت عربيات واليطاطس تعبانة
1820,اوردر ايه هو موصلش اصلا
1821,اكل كان جميل اوي و يستاهل بوقي
1822,horrible taste
1823,the whole order was cold. i didn't receive the tomato with spies i got green salad instead. panee was burnt. foul smelled something was off in it.
1824,الاكل وصل بااااااارد جدآ .. متلج
1825,it is not received
1826,he was late but the food was good
1827,رفضت استلام الاوردر علشان اتأخر ساعتين عن الميعاد المحدد
1828,very good but it was the slowest delivery I've ever experienced
1829,الاكل سى جدا
1830,حسبي الله ونعم الوكيل في اللي شاب اكل زي ده يخرج من المطعم.. انا مستحيل هاطلب من المطعم القذر ده تاني
1831,Missing sandwiches
1832,سيء جدا لا ونصح به
1833,العيش السورى كان سيئ جدا بس هو ده العيب الوحبد
1834,We found hair in one of the sandwiches
1835,الدليفري كان معاملة وحشه جدا
1836,"Very bad, never order from Gad"
1837,"excellent delivery guy attitude and professionalism, food is delicious, thank you."
1838,food was not delicious and poor quality
1839,nice
1840,تجربه سيئه جدا
1841,it was cold
1842,ساعتين تاخير بسبب ان الطلب وصل خطاء بلكامل اول مرة.
1843,الاكل كلة بارد جدا وسئ
1844,الاوردر جه متاخر جداااا بعد الفطار باكتر من نص ساعه الكميات قليله جداا فوق العاده كنت ناوي اظبط اوردرات الفطار من عنده لكن لا
1845,كمية علبة اليض مش كافية على سعرها
1846,ldidnt get the discount!!!!!
1847,not delicious
1848,very bad order handling by both el menus and the restraunt
1849,اسوأ ديليڤري، جايب الاكل كله مدلوق، والفطيرة (الحلو) كان شايلها بالطول فاتدلقت والكيس كان كله عسل وملزق ده غير انه عمل مشكلة علي بوابة الامن لانه مش معاه بطاقة ولا رخصة واتخانق مع الامن
1850,الاكل جيه غلط وبارد وكمان الاوردر اتاخر
1851,الاكل بارد وغير طازج واتاخر كتير جدا فى الوصول
1852,الاكل مش ساخن والعيش مش طازج
1853,delicious
1854,الاكل بارد والعيش مش طازه وبصراحه حاجه سيئه جدا
1855,خدو فلوس اكتر من المطلوب
1856,الاوردر أتأخر ووصل ناقص وعملت شكوى تم الرد إن الأصناف الناقصة هتيجي و المطعم مبعتش حاجة
1857,سئ جدا و غالي على الفاضي
1858,الأكل اتأخر و جه بارد جدا
1859,بارد
1860,egg shell in potatoes chips sandwich
1861,not as I instructed them
1862,الدليفري بيتاخر جدا
1863,fries was badd
1864,V good
1865,البطاطس كانت بايته أو كانت هتبتدى تحمض
1866,الارز كان سيء للغاية
1867,got 2 sojouk not one and one
1868,الساندوتش شاورما فيها كتييير زيت
1869,الاكل بارد البطاطس والفول بارد
1870,الشاورما باردة
1871,الاكل بارد جدا وعيش بايت
1872,مشكله كبيره في تسويه الطعام وخدمه الساندوتش
1873,مرتين الاوردر غلط وسوء تعامل من المطعم والدليفري
1874,كل الاكل مركون من الصبح و الطعمية طرية و باردة مهانش عليهم يقلوا طعمياية طازة و العيش كله جاي مفتح كانوا هيعملوه سندوتشات و مهربد لانه مش طازة. مفيش أمانة أخدوا فلوس على أكل راح الزبالة ربنا يحاسبهم. علبة الفول لسه مفتحتهاش.
1875,الاكل فيه شعر و مقرف
1876,Very cheap quality. Got me bacteria in my stomach do not recommend at all
1877,اسوء حاجه كلتها بجد
1878,"bad service, especially for delivery. they discount the money and the order never arrived"
1879,لم يفعل الخصم
1880,He wanted to take the food without the discount
1881,Put something other than the nutella
1882,الاوردر اخد اكتر من ساعة ونص علشان يوصل
1883,الاكل طعمه حلو والدليفرى كان سريع وكميته ممتازه
1884,So bad
1885,الاسعار مرتفعه جدا
1886,المشكلة ان الاكل مش بيييجي ساخن
1887,البطاطس كانت محروقه وطريه كده والكاتشب والمايونيز قليل جداااا والفول طعمه استغفر الله وقعد وقت كتير جدا عقبال لما الاكل جيه اول مره اكل من حاد كده بصراحه ☹️☹️
1888,البيض بالبسطرمه كان بارد و ناشف جدا
1889,الاوردر خطاء و متاخر
1890,متاخر والاكل بارد
1891,Very very very very very late oksem bellah
1892,الاكل كله بارد ومتأخر
1893,"It came as a surprise to me that Gad perfected every meal I ordered was delicious.. the whole chicken, the molokheyya and lentil soup were beyond perfect. Well done Gad ⭐️"
1894,السندوتشات مفيهاش غير لمسه طخينه وجايه بارده ومحسيتش باي فرق بين طعميه العادؤه واللى بالحمص
1895,فيه فرق بين قيمة الطلب اونلاين والريست اللى جه مع الطلب زايد 5ج
1896,الاوردر جيه غلط، والاكل ملوش طعم
1897,الطلب موصلش اصلا هل ده طبيعي اسوء حاجه لا التزام ولا اعتذار وحاجه تقرف
1898,I didn't get it at all
1899,الاكل كان بارد جدا ودي حاجه وحشه جدا لان السندوتشات كانت بارده ووحشه
1900,بيعد ساعه ليه ده جنبي عاي طول
1901,الطعم سئ جدآ وشكل الوجبة كمان كله علي بعضه بطريقة مقرفة
1902,الاوردر ناقص ١ ساندوتش بطاطس
1903,Very Late delivery & rude deliveryman
1904,سيء جدا جدا الاوردر جه ناقص والسانتدوتشات معمولة كروتة وب إهمال شديد وكل حاجة بتقع منه والساندوتشات مقطعة العيش بتاعها
1905,روووعه
1906,مجابش فول من القدره
1907,الطيار جايبلي الاوردر علي مكنه و ماسك الكيس في بؤه... فعلا بؤس
1908,بارد وحاجة تقرف
1909,الشاورما سيئه جداااااااااا .. محروقه و ناشفه جداااا انا لاول مره في حياتي ارمي ساندوتش شاورما من اول قطمه .. مكان اقل ما يقال انه عنه زباله
1910,البانية ناشف شوية ومحمص جامد الولد معرفش يأكله غير كده كله تمام
1911,اوحش موقف لما الطيار يتخانق معاك
1912,الطلب زفت.. والاوردر ناقص وجاي غير المطلوب خالص
1913,🤬
1914,الاكل ناقص و كنت طالب شيبسى جابو بطاطس و الطعميه كانت شاربه كميه زيت كتير و كانت سيئه جدا الاكل كان سئ جدا
1915,الاكل لم يكن طازج وبارد ارجوا ان يكون ساخن
1916,الاكل اتأخر وكان بارد جدا - كنت طالب سندوتش بيض بالجبنة الشيدر السندوتش اللي وصل ماكنش فيه اي جبنة شيدر خالص
1917,everything was great except the amount of filling in the sandwich
1918,pizza was awful
1919,Cold meal
1920,♥️♥️
1921,Very bad this time & the order didn't done very well The order didn't correct Some items didn't delivered
1922,اكل بارد وليس فريش
1923,مش حلو خالص
1924,Good service
1925,الطعم سيء جدا
1926,المبلغ كتير علي الوجبه
1927,الأكل متاخر وبارد جدآ وميتاكلش تجربه سيئه
1928,الاكل كله كان سئ جدا
1929,الطعام طازج وجميل
1930,الاوردر وصل متأخر والساندوتشات كانت باردة
1931,الاكل مجاش اصلا
1932,The sandwich had a hair in it !!!
1933,الأكل حلو بس اخر
1934,الطلب من غير خبز !!
1935,ويتي
1936,بيتاخر جدااا بالساعة واكترر ومش اوي مرة والسندوتشات خلاص بقت شبه فاضية والبيض بالسجق اوحش حاجة دوقتها والسلطة اي كلام
1937,اول مرة اجرب من عنده حاجة غير الفول والطعمية وللاسف كان اوحش حاجة بيض بالسجق ممكنش فيه اي طعم ووحش اوي والسلطة جايالي طماطم وخيار بس. وصغيرة جداا.لا فيها اي حاجة زيادة ب ١٢ جنيه عالفاضي للاسف هو مش كويس غير ف الفول والطعمية وبس
1938,I got food poisoning for two days from Gad’s food
1939,طلبي جاي ناقص وتاخير مش عادي و مش اول مره تحصل
1940,test is not good and expensive wasting money and over all I don't like app and this was last time to use it
1941,the sandwichs were almost empty
1942,الجبنة كل مره بتكون مبشوره رغم اني مش طالبها كده
1943,جزء من الاوردر غلط
1944,Foul was very spicy
1945,الاكل مكنش حلو وبارد ومجلد
1946,مزودين ضريبة والمكان مش بيضيف ضريبه
1947,i wont use this app again for any reason
1948,الاكل جميل لكن اي سندوتش فيه بيض كان كارف ريحة حريق ماعرفش ليه
1949,المطعم بعتلي مكرونة مسلوقة
1950,Order was late and Food was very cold
1951,no
1952,الدليفير جى من غير فكة و بيلومنى و عاوزنى اتصرف
1953,وصل بعد اكتر من ساعتين
1954,There was no falafel in the falafel sandwich
1955,was so cold
1956,زي القرف استغفر الله اكل بارد وباكينج منيل و طعميه محشيه مجتش تجربه مستحيل تتكرر
1957,الاكل كله كان ساقع جدا
1958,"I asked about fries with mozzarella, it came with Romi cheese"
1959,ساندويتش الشيش طاووق كان محروق !!
1960,الاكل سي جدا في كمية زيوت كتير جدا ف الاكل ووضحة جدا ف الاكل غير ان الجبنة المقلية مفيش عليه ولا كاتشب ولا مايونيز ف بصراحة حاجة سيئة جدا
1961,Food was not hot as expected
1962,Order was for 100le and i applied a promocode -40 le But i paid the 100
1963,بيوصل متاخر جدا بس الاكل جميل جدا
1964,الاكل كلو بارد و الاورد اتاخر جداااا
1965,"I did mot receive the order yet, and it says that it got delivered. Where is my order???"
1966,لم بدعم الخصم وخد الفلوس كامله قال هيجيب الباقى ومجابش
1967,very dry
1968,الاكل كان بارد جدا و مش سخن وطازه و في سندوتشات فاضيه وعامه محتاجين يكتبوا علي أكياس السندوتشات (بالذات انها ورق) ايه اللي جواها لان بيبقوا شبه بعض
1969,ساعة و نص عشان علبة فول مدلوقة، حاجة في منتهى الاستفزاز و كمان استنى ساعة تانية عشان يبدلوها، اخر مرة و منصحش حد يطلب من المنيوز
1970,الاوردر بارد
1971,فطيرة السوبريم كانت مش حلوة
1972,الجبنة مش شيدر الفلافل الرول ناشفة مش مخدومة سلطة و طحينة
1973,الأكل كان بارد والاكل كان معظمة مش كويس
1974,الجبنه المقليه لأول مره تكون سيئه
1975,The fries with baba ghanoug didn’t have fries.
1976,الأكل كان سخن ونظيف والتزم بالنلاحظات التى ارسلتها
1977,Very bad taste of liver
1978,مش بيعملو الساندوتش زي ما كاتبالهم في ال notes
1979,Vgood
1980,الاكل جالي متاخر وبارد جدا بعد ساعة ونص وكان مفروض في ٤٠ دقيقة وسىء للغاية ارجو عدم تكرار التجربة
1981,الشاورما قليله جدا ف الساندويتش
1982,الاوردر أتأخر جدا آكتر من ساعتين و اضطرينا نكنسل
1983,الاكل حلو بس كنت طالبه فول جالي طعمية 🙆🏼‍♀️💔
1984,الطعم مش احسن حاجة
1985,الفول الاسكندرانى مجاش، الاكل كان بارد
1986,👍🏽
1987,"3 hours, didn't get the order yet really bad service"
1988,الفطير دلع جدت
1989,الاكل بارد فشخخخ والاسعار سبايسي وهوبا نار🖕🏼 لما فرد واحديفطر ب١٨٠ جنيه فول وطعميه وبيض🥴 يبقى ايه سڤن ايه الصراحه
1990,Im so disappointed for me to update my order through the branch itself although reaching the CS team as soon as the order is placed. Hope you find a way to amend it.
1991,الاوردر سئ ووصل متأخر ساعتين والدليفري أسلوبه وحش
1992,Didn’t receive the eggplant
1993,تجربه سيئه جدا لا انصح بيه اطلاقا الاوردر اقل جوده من اي مطعب شعبي والحشو قليل جدا
1994,الاكل كان بارد جداً
1995,Replacing the rice with something else without even saying
1996,Hew
1997,ff
1998,كنت طالب جبنه مقليه عليها ثوميه وخيار وجتلي ساده
1999,الاوردر جه بارد جدا مع انى طلبت الاوردر يجى سخن
2000,االشكشوكه ماجتش
2001,Too expensive for the quality and size!!!
2002,the bread wasn't fresh the falafel wasn't either
2003,الاكل كان سئ جداً و الشاورما تحديداً كانت بارده جداً و كلها جلد و مافيهاش خضار و كاتبه اني عايزه طحينه زياده الساندويتش يعتبر ماكانش فيه طحينه اصلاً
2004,دايما مش بيتبع ال notes اللي كتباها و ببقي قيلاله عايزة اضافات كذا ع السندوتش و الاقي السندوتش فاضي بدون اي اضافات
2005,الاكل جه كله بارد وطعمه يقرف والضريبة عاليه اوى مش هشترى منه تانى
2006,وجبة النص فرخة كانت حلوة و مستوية كويس و في نفس الوقت طريه و التتبيلة تحفة و الدليفري ذوق و محترم جدا بس يا ريت كمية الارز تزيد شويه لانها كانت قليلة
2007,الاكل متأخر ساعتين وبارد وسيء
2008,"They never put tahina, and if they do, the tahina is really bad. They gave me sandwiches with no salad and tried to make me pay double for new ones. I dont like dry ta3meya and bread."
2009,بارد وبدون طعم وعيش بايت
2010,أولًا جايبين سندوتش غلط وكمان السندوتش الغلط ده الحشو بتاعه طالع كله برا العيش ومبهدل باقي السندوتشات، ده غير إني كنت طالب سندوتش ديناميت ولقيت جواه قشر بيض ده غير إني كنت طالب ٣ سندوتشات فول بالسجق وال٣ مفعصين وكل الأكل جاي بارد. حاجة في منتهى السوء...
2011,يا ريت لما يكون في نوعين فول مختلفين تفصلوهم عن بعض مش كله علي بعضه وخلاص
2012,"very little compositions, burning feter"
2013,بااااارد جدا والاكل مالوش طعم
2014,بيتاخر جداااااااا
2015,bad delivery behavior
2016,الفطير ناقص السجق وكله لحمة مفرومة ومش ميكس لحوم
2017,احلى شاورما تحفة بجد
2018,السعر اللي دفعته في الفاتوره غير الموجود علي الابليكشن و كان في خصم محبسهوش
2019,الطعام بارد جدا
2020,الاكل نصه كويس ونصه مش كويس خالص .. المسقعة والفلافل دائما كانت جميلة .. المرة دي الطعم وطريقة الاعداد متكروتة وللاسف ربنا يديمها نعمة .. بس محدش كل منهم .
2021,الاكل طعمه وحش و العيش بايت
2022,الاكل جه بارد و واقع فى الشنطة وحش جدا
2023,الاكل جه بارد جدا وبايت
2024,Done
2025,أنا كنت طالب فول اسكندراني و جالي فول عادي
2026,الساندوتش كان فيه شعرايه ورميته كله بحالة يعني على الأقل ألبسوا حاجه علي راسكم بدل القرف دا .. اصلا جاد مبقاش حلو زي زمان
2027,الطعمية فيها زيت كتير جدا ، طحينة قليلة
2028,الامل بارد جداا و جة متاخر جدااا
2029,الكمية فى الساندتش قليلة
2030,Good and fast delivery
2031,Taste is very bad
2032,جميل جدا 👌🧡
2033,الفول ليس زيت الزيتون وده يعتبر غش والاكل ليس متبل بالمره التجربه سيء جدااا ...
2034,شوربة العدس سيئة جدا
2035,البيض بالبسطرمة سئ جدا....الرغيف صغير جدا و طميه اللي فيه اصغر واصغر ...و طعمه سئ كمان .....والعيش عموما بايت و مفرول ....
2036,بارد جدا مش زي ما بطلبه من المطعم ع طوب
2037,الاكل حلو بس انا طلبت علبة حمص جالي ساندوتش حمص بس عموما الاكل رائع
2038,الأكل جه ناقص 5 ساندوتش ودي مش أول مرة تحصل، يعني المفروض يكون في مصداقية في الطلب
2039,جت كاتشب وانا طالب مايونيز
2040,خدمة جيدة
2041,سئ جداااااااا
2042,افضل
2043,شكرا لخدمتكم
2044,5ara
2045,طلبت 2 طعميه محشيه جالي 2 طعميه عاديه غير ان الأوردر أتأخر جدا
2046,السندوتش عبارة عن ٣ بطاطسيات مجلدين و عليهم نقطة كاتشب🤢 الاومليت بالهوت دوج كان لطيف يعني الWhole experience مش احسن حاجة
2047,سندوتش فرنساوي صغير
2048,horrible....
2049,Soggy
2050,eggplant had mostly tomatoes
2051,ورق العنب كان جي نص طبق فقط
2052,حلو اووي
2053,الاوردر وصل اولا الوجبة وحشه جدا ثانيا العلبة التي بها الوجبة مطبقة جدا ثالثا من غير أدوات طعام (معلقة) سئ جدا جدا
2054,الاكل مجلد و ساقع و البطاطس ناشفة بطريقة غبية و اتاخر جدا مع اني قريب جدا من المطعم و الفول اللي بالزيت الحار ولا فيه ريحة زيت حار .......ارحو ان يكون في شخص بيراحع الكواليتي
2055,ممتاز👍
2056,الاكل رائع و لكن التأخير فى تسليم الاوردر من السلبيات
2057,الاكل كويس بي حصل اختلاف في السعر
2058,أسوء بيتزا
2059,my order came very late
2060,الاكل أتأخر وبالتالي الاكل كان بارد وغير قابل للأكل تماماً
2061,أكل في منتهي القرف استغفر الله العظيم حاجه بارده وبايته عمر جاد مكان كده
2062,خدمة زي الزفت و اسخفاف بالعملاء الاوردر اتأخر 3 ساعات و جه بارد و رد فعل الادراة لا يليق
2063,الفته مليانه عيش اكتر من الارز
2064,تاخير عن موعد التوصيل و الأكل وصل بارد
2065,الاكل ممتاز بس عيبه انه جاي بارد جدا
2066,طبعا جاد غنى عن التعريف بس الطعمية المحشية تقريبا مافيهاش حشو و كمان تخينة جدا والفول الاسكندرانى حار جدا
2067,Nice but the order was not hot
2068,الاوردر كان بارد
2069,"order is cold , received after more than 2 hours and 1 sandwich is missing"
2070,Good Tasty
2071,ممتاز بس الساندوتشات بارده للاسف
2072,الاكل بارد و السندوتشات وحشه و في سندوتشات مجتش و الراجل حد مني فلوس زياده بسبب ان الأسعار على ال ابلكيشن غير الأسعار بتاعت المطعم
2073,The food was very cold and very bad
2074,فى ساندوتش بطاطس مجاش وقدمنا شكوى وبرضو مفيش حاجة اتبعتت
2075,الاكل كله من غير كاتشب
2076,الاوردر غير كامل
2077,food was too cold and too oily
2078,not good..so dry...
2079,Cold and bad
2080,حصل لخبطه في السندويتش جاي متلخبطه مكان الطعميه جاي بطاطس
2081,المخلل اللوكس لم يأتي مع الطلب وثمنه مدفوع
2082,Very Bad quality and falafel has foreign objects 😑
2083,الأكل بارد والبطاطس بقالها كتير متحمرة
2084,الاكل كان مزيت تماماً
2085,الفول كان مالح جدا
2086,delivery so bad
2087,بيض بقشرة حاجه تقرف
2088,مطعم مقرف و اكل بارد و دليفري خربان
2089,Taste is good but The food was a little bit cold
2090,order was missing a sandwich
2091,مطعم جاد طبعا غنى عن التعريف و ان كان الاكل وصلنى بارد شوية و ده لان المندوب واضح انه كان معاه اوردرات تانية وصلها قبل الاوردر بتاعى بس ماشى الحال
2092,الاكل المره دي كان تحفه تسلم ايديكم
2093,حلووو
2094,الاكل كان بارد والطعمية مش حلوة
2095,best falafel sandwich and foul sandwich my family enjoyed it thank you
2096,الأكل سئ
2097,سيئة جدا، معاها صلصة طماطم بدل سلطة الثومية، والفتة بشكل عام فتة بلدي مش فتة شاورما
2098,الاكل مش حايق خالص
2099,الاكل مجاش اصلا وخدمة سيئة جدا وزي الزفت
2100,Tamam
2101,food arrived after one hair 10 minutes... all food was cold and sandwiches were not in proper form ...papers were all greasy.
2102,the dilevered food is not the same as requested I ordered 3 foul sandwichs and I only got one
2103,الاكل بارد ومتأخر وناقص ملح وملهوش طعم عكس فرع وسط البلد
2104,the delivery guy ebn wes5aaa
2105,بارد و متاخر جدا
2106,8
2107,البطاطس بالموتزاريلا الرول تقريبا مفيش موتزاريلا خالص
2108,good service
2109,too late
2110,العجة كان نص الساندوتش فقط مليان
2111,الاكل بارد جدا و مليان زيت
2112,was great
2113,كانت سيئة جدا بخلاف اخر مرة !!
2114,ممتاز كالعادة
2115,الاكل جيد لكن يتاخر حدا انتظرنا ساعه
2116,الشاورمه سيئه قوي
2117,الاوردر كان سئ
2118,rider wasn't patient
2119,promo code didn't apply
2120,ingredients can be a little more but it's good anyway
2121,البيتزا مشكل جبن والعجينه هشه ومش رفيعه بس محتاجح تتشكل انواع جبن شاورما اللحم دسمه جدا لكن بشكل عام كويس جدا
2122,"sooooo bad , we7esh awi awi awi"
2123,مش حلو للاسف
2124,The food wad cold
2125,The order missing a sandwich and the supporter told me they will contact you after 15 minutes but nothing happened
2126,اتأخر ربع ساعة
2127,fries was missing only roomy
2128,s
2129,سيئ جدا .. الطلب وصل في ساعة و نص و وصل بارد و الجودة سيئة جدا و السعر مبالغ فيه
2130,الاوردر منتهى السوء
2131,الاكل بارد جدا ومزيت
2132,food was bad
2133,الاومليت كان ساده مكنش فيه اي اضافه
2134,الاكل سئ جدا جدا جدا
2135,البطاطس بالجبنه الرومى كانت ساقعة زى التلج
2136,لا يوجد فرق بين الفول بالخلطة والفول بزيت الزيتون الاتنين واحد والبيض بالبسطرمة مش زى الصورة مفيش خضروات
2137,الطعمية حجمها صغير جدا. طعمها كويس بس صغيرة على سعرها.
2138,السلطة مش سلطة خالص مافيهاش ولا خيار ولا طماطم
2139,الاكل بارد ومش حلو
2140,اكل بيجي بارد
2141,الأكل كله تمام وممتاز ولكن سندوتش الشاورما اللحم جاء فراخ وبصراحه طعمه مش وحش ولكن غالي جدا 39ج بالضريبه هوا سعره 25ج آخره وشكرا
2142,شكرا جزيلا... ممتاز
2143,الاكل كان سيء جدا والسندوتشات فاضيه
2144,الطلب ناقص
2145,الاكل فوق بعضه
2146,بطئ اوووى مع ان العنوان كان الشارع اللى جمبه ، بس الفطار كان تحفه الصراحه اى نعم برد وسخناه بس انا بحبهم برده
2147,ديما بيتاخر انا طالبه فول وطعميه حجات سهله التحضير وتبقي ديما موجوده
2148,الاوردر كل شوية ييجي غلط
2149,جامد جدا
2150,١- تاخير ساعتين ٢- بدون سلطة و طحينة
2151,بخغيت الاوردر
2152,taste was aweful & bread wasn't fresh any more really it was very bad experience
2153,الكمية قليلة
2154,سيء جدا والفول مش مصلح
2155,راءع
2156,Very cold. Bread was not enough at all.
2157,الاكل جه متأخر والعيش دايب من الاكل بقاله فتره معمول قبل ما يجب
2158,so bad with customer service
2159,عيش بايت وبصراحه طول عمري بحب اكله بس المره دي مش عارف ايه ده😠😠
2160,الاوردر جه غلط والأكل كان سيء
2161,ممتازة و كبيرة
2162,all sandwiches of foul come as a plain no different between them
2163,الاوردر سيئ للغاية وساندوتش الاومليت لا يمكن اكله طعمه بشع
2164,كنت طالب الاوردر بسلطة طحينة فقط بس جه بسلطة خضرا
2165,الجبنة المقلية كانت مجلدة والبيض بالبسطرمة مكانش فيه ملح ولا توابل
2166,الاكل سيئ للغايه وكان بارد والطعم وحش جدا جدا
2167,كذا مرة اطلب منة يجيلي مغص سواء الفراخ او الكبدة والاكل طعمة وحش خصوصا الفراخ والكميات قليلة جدا بالنسبة لأسعارة
2168,the order was cold
2169,إتأخر جدا
2170,"I got food poisoning, severe stomach pain exactly after I ate GAD sandwichs"
2171,g
2172,زي الزفت الناس بتوع التوصيل مافيش اسوء من كده قلة أدب ووساخه
2173,الساندوتش صغير بشكل مبالغ فيه ومش مناسب لسعره خالص
2174,اتاخر ساعة
2175,اكل حلو جدا جدا و نضيف جدا بصراحة و اسعاره حلوة بصراحة زمان مكنتش حاسس ان جاد حلو بس جربتو مرتين في حاجات مختلفة هو فعلا طلع من افضل المطاعم وممكن اكل منو كل يوم
2176,علي طول بجيب بطاطس بالبابا غنوج بس اول مره اجيبها عن طريق برنامج المنيو وبصراحه كانت قليله جدا سواء البطاطس او البابا غنوج غير كدا الاكل كله كان ممتاز جدا وسخن والبرجر ممتاز
2177,الطعميه كانت مش محشيه لكن الاكل كان كويس وسخن
2178,ggg
2179,الحاجة وصلت مش مرتبة و السندوتشات وصلت غلط. مثلا بطاطس ببتنجان وصل من غير البطاطس البطاطس بابا غنوج و صلت من غير بطاطس. الطلب الخاص على سندوتش البطاطس الشيبسى أنها من غير سلطة بردوا جد بسلطة. الديليفرى طلب منى ادفع الفلوس من غير خصم و فاتورة بالايد
2180,After I received the order there was a missing sandwich when I called them they said they will bring it but nothing happened
2181,terrible service! i ordered at 9:27 am and it's 11:48 am and still haven't gotten my order!!! tahrig begad
2182,تجربة سيئة جدا ولن تتكرر تاني
2183,البيض بسطرمه كان مش مستوي
2184,اسوء مندوب توصيل فى التاريخ كان ناقص يضربنى
2185,متأخر ساعة ونص والاكل طبعا كان بارد جدآ
2186,قرف و بارد
2187,اسوء اكل واسوء خدمة برجاء عدم التجربة، الأكل بارد وغير ناضج والسندويتشات مليانه سلطه
2188,Puree with boiled eggs came without boiled eggs just Puree
2189,الأوردر لم ينفذ أصلا لأن العنوان خارج نطاق التوصيل برجاء مراجعة منطقة توصيل المطعم عالبرنامج
2190,السندوتشات كلها حلوة
2191,the fries was so bad
2192,الطعمية جت عليها سلطة و انا طلبها طحينه بس
2193,الكبدة كانت حراقة جدآ فوق الطبيعي بكتير و البرجر كان معكوك للأسف
2194,تاخير في التوصيل
2195,بونو بونو
2196,delicious 😋
2197,yousefsamir875@gmail.com موظف الدليفري غير امين رقم الطلب ٥٢٢٩
2198,"the order arrived very late not worth it just breakfast and very cold, the quality of the sandwiches very low really it was bad experience"
2199,المسافه بيني وبين جاد لا تزيد عن ٣ دقائق بالفيزبا ومع ذلك قيمة التوصيل ٢٠ ج وضريبه ١٢ ج ماشي إستخدمت البرومو الذي من المفترض أن يوفر ٢٠ج أي كان الإجمالي ٩٢ج فأصبح ٧٢ج ولكن الطيار أحضر فاتوره بالمبلغ الإجمالي الأصلي ٩٢ج وأخذهم من البواب وإنصرف...نصب
2200,nj
2201,الطلب كله جاي غلط
2202,الدليڤري سيئ جداا بجد
2203,الاكل حلو جدا
2204,الاكل كله جالى بارد و العيش بايت و مفرول و الجبنه المقليه بايته و بارده خالص و بطاطس بالجبنه الرومى حطين فتافيت رومى و عيش مفرول و السندوتش وقع كله
2205,تم التبديل الساندوتش
2206,فيه غلط في السندوتشات مش اول مره
2207,العيش مش طازج
2208,علي فكرة الدلفري معملش حادثة ولا اي حاجه والحركات دي قديمة جدا وهما قالو كده علشان يتحججو باي حاجه وانا اعرف ناس شغاله وبتقولي ان الموضوع ده اتفقس من زمان
2209,"The food is gad but the ""g"" is spelled ""b""."
2210,السندوتشات جت ناقصة
2211,اكل بارد و سيئ جداً
2212,حلو واكل نضيف
2213,خدمة مقرفة
2214,The meat sandwich had way too much fat
2215,الاكل استغفر الله العظيم 👎🏻👎🏻👎🏻👎🏻
2216,j
2217,الاكل جه بارد ومتأخر
2218,البطاطس كانت ساقعه وناشفه ورفيعه جدا والسندتش مليان خضره ومفيهوش بابا غنوج
2219,تمام بس الاكل بارد
2220,Bad quality of shawerma Custard has no taste
2221,Delicious
2222,الاورد جاي بارد و غلط و الجبنه المقليه مش مقليه و البطاطس الشيبسي جايه صوابع و الطعميه الحمص من غير حمص و اللي مطلوب طحينه بس جاي مليان سلطه خضراء و البطاطس الكاتشب و المايونيز جايه مايونيز بس الصراح اسوء اوردر طلبته و عارف ان الكلام ده كله ولا هيفرق
2223,الاوردر غلط غير المطلوب
2224,المطعم حسب المجموع من غير ميخصم البرومو بتاعى ودية كانت حاجة سيئة جدا جدا غير كدة الشاورما اكتر من جميلة الفراخ البانية مكنش تعمها بانية تعمها فراخ مستوية كويسة جدا بس قطع مش مميزة
2225,الاكل تمام سعر الطعمية المحشية مبالغ بيه
2226,الطلب جيه ناقص
2227,فطيرة بلكاسترد طعمها زفر جدا
2228,outstanding meet shawarma
2229,good but a too late delivery
2230,I didn't receive my order
2231,مطعم وحش جدا .ومش هيتكرر تاني وفضل اكتر من اربع ساعات وموصلش الاوردر بردو
2232,خرا
2233,Horrible delivery time greasy food
2234,هايل
2235,order delivery was late 3 hours
2236,الفراخ سيئة هو اخره فول وطعمية
2237,المفروض يكون معاه رز محاش معاه
2238,الاكل حلو.. لكن الدليفري خد اكتر من ساعه ( حوالي ساعه ونص )
2239,The order was meesing an item
2240,متأخر ساعتين ونص والدليڤري مان ماكنش بيرد على تليفونه
2241,I received my order after 2 hours with no answer from the delivery man. He didn’t answer on his phone. Bad service
2242,وحش جدا جدا .... من اسوأ الاوردرات اللي عملتها في حياتي
2243,مدير الفرع بيكلم الناس اللي بتعمل ريفيو وحش و يتهمهم انهم كدابين.
2244,ابشع مكان ممكن تطلب منه. الاوردر وصل متأخر نص ساعة و جي كله غلط
2245,ابشع محل اكلت منو الطعمية مزيتة و مالحةو مليانة بصل و العيش بايت و السندوتش فاضي مفهوش سلطة و لا طحينة. او فية اقل من نجمة كنت اديتهالو.
2246,Very bad Delivery time for such light order
2247,The falafel sandwich was one part falafel and 4 parts empty. Also they dont put enough salad tehina.
2248,Small and cold and leathery panne sandwich cold fries really bad experience over all bad taste unseasoned food and bad delivery timing hated it ZERO STARS
2249,worste shit you'll ever eat . very low quality .
2250,زي الزفت ما شاء الله ميتخيرش عن خدمه العملاء بتوع الابليكيشن
2251,مطعم سئ جدااااا والاكل جه متأخر و بارد و مش مظبوط ناقص سندوتشات فعلا لو في أقل من نجمة يستهالها
2252,اوحش اكل ممكن يتاكل الاوردر حه متأخر والحاجات طعمها وحش وبايت وغير مطابقة المطلوب مش هاطلب منه تاني ومحدش يتخدع ف كود الخصم
2253,التوصيل متأخر و السندوتشات غير مطابقه للمطلوب مستوي سئ للايف
2254,اوحش سندوتشات بصراحه جاد ده كان احلى سندويتشات تتاكل من عنده بجد تجربه سيئه جداااااااااااااااااا
2255,بصراحة الاكل كان رائع ووصل سخن والعيش طازة ووقت الدليفري كان مناسب متأخرش
2256,بصراحة سيئ جدااااااااااا بشكل غير محتمل من كل حاجه
2257,لسوء مطعم في دنيا أكل ملوش طعم ولا ريحه أسعاره غاليه مقارنة بمطاعم فول والطعمية مطعم ملوش علاقه بفروع اسكندريه الممتازه مطعم فاشل جدا
2258,اكل سخن توصيل سريع الاسعار غالية شوية ....
2259,مطعم سئ جدا في التعامل و الطلبات و كل شي
2260,"That was a terrible experience. The taste was awful and the bread wasn't fresh, like why the hell would you make sandwiches with a terrible not fresh bread!! I advise everyone not to buy anything from Gad. I threw everything in the basket. They are j..."
2261,Good quality with good Egyptian test I recommend to use Menu to order to avoid any miss understanding or delays
2262,..........الاكل سخن والتوصيل سريع :)
2263,اكله نضيف بصراحة والدليفري سريع....................
2264,مطعم سئ جداا جداااااا الفول حادق وميتاكلش بصراحه والمفروض يكون في اهتمام انتو بتخسرو العملاء كده
2265,بصراحه السندوتشات كانت سخنه وجميله جدا والطعم حكايه
2266,اولا البرنامج حرامي .. بيطلب فلوس زيادة عن المنيو الحقيقي للمطعم ممكن تجيبو المنيو من جوجل و تتاكدو من كلامي.. ثانيًا المطعم وحش جدا او بقا وحش جاد مكنش كدا زمان.. ثالثا و دا بقا الاهم لو انت ساكن بعيد شوية الاكل هيجيلك بارد عشان الدليفري مش بيطلع با...
2267,Request over menu faster than order by call
2268,مطعم سيء.. غالبا لا يرسل الاوردر كامل ويأخذ فاتوره اكثر من القيمه ع التطبيق.. وجوده الاكل زباله
2269,الاكل ممتاز التوصيل في وقت مناسب السعر مناسب الدليفري ذوق ومحترم
2270,سئ جدا فول مليان ملح و توابل و اول مرة الاقي زيتون اخضر في الفول: الطعمية ماسخه ؛ العيش بايت
2271,انا مش مصدق ازاي المطعم بقي سئ كده، الاكل بارد، السندوتشات فاضيه و العيش وحش
2272,اسوء اكل بعد ساعتين من الانتظار الاردور جيه عيش ناشف ومكسر والاكل معجن
2273,أنا بدأت افهم ليه معظم التعليقات بتكون سلبيه. الى بيتضايق بس هو الى بيدخل يكتب. اكل رائع . نضيف جدا . فى موعده . ساخن . انا اظنه افضل مطعم افطار و اكل شرقى
2274,سيء سيء سيء و لقيت تبانة ميتة في السندوتش و طلبت طعمية محشية جبهوالي عادية غير ساندوتشات اللي نصها فاضي
2275,العيش سئ ومش طازه اسوء مره كلت فيها من جاد
2276,اكل بارد واوردر متأخر جدا..اسوء تجربه....لا انصح بالطلب من عنده
2277,الاكل وصل في معاده وسخن بس الفلافل بايته
2278,الاكل جيد لكن خدمة التوصيل سيئة وبيغيروا فى الاسعار بدون إخطار العميل. طريقة سيئة تؤثر على سمعة المطعم الجيدة. شاهد الصورة لتتأكد من إضافة خدمة التوصيل مرتين.
2279,خدمة سيئة و اوردر ناقص و توصيل متاخر و اكل طعمه مقرف
2280,اكل زي الزفت وجاي بارد ومتأخر وحاجه مقرفه الصراحه ولا كأنه انك واخد الاكل ببلاش
2281,كان فى خصم 20 جنيه وكتبت البروموكود وقلى تمام والاوردر جالى من غير الخصم
2282,"worst food on earth . tasteless , horrible service . please never buy anything from them. wala 7ata maya."
2283,الاكل ووووحش جدا والأوردر جاااي متأخر جدا فوق الساعه ومفيش اي اعتذار وطعم وحش وبارد جداااااااا
2284,احسن مطعم ممكن تاكل من عنده اكل شرقى خاصة فى الفطار...الا ان الاسعار قد تكون اعلى من المنافسين. لكن فى ظل وجود عروض تصبح الاسعار معقولة. لكن احسن سندوتش فول وفلافل بجد...
2285,سيئ و بارد و متأخر جدا أول و آخر مرة إن شاء الله
2286,اكتر من سيء وغالي ومحروووق وحاجه استغفر الله اخر مره اطلب منه
2287,الاكل بارد جداً و سيء و غالي ع الفاضي اول و آخر مرة
2288,late delivery bad food quality packing was not good food was extremely cold
2289,الاكل ممتاز فطائر ممتازه للاسف ماجربتش لحوم
2290,مطعم كويس بس، اداره فاشله امبارح الرز جه مالح وانهاردا مع فرخه مشويه بعتلي معلقه واحده منتهي الاستخفاف والاستعباط غلطه ومش هتتكرر
2291,the chicken was well cooked and the rice was awesome I can't thank you more ♥️♥️♥️
2292,الفرخه المشوية صغيره جدا جدااااا بشكل مش طبيعي .. على الاقل اكتبو وزن الفرخه في المنيو حتى نتمكن من تقدير الكميه المطلوبة
2293,The sandwiches are awful and the packaging is horrible
2294,غالي و يقرف اخر مرة طلبت ٢ فول وواحد بطاطس تقريبا باكل عيش فاضي الساندوتشات فاضيه خالص
2295,"horrible, everything tasted discussing , never ordering it again"
2296,لو فيه اقل من نجمه هديلوا ع سوء المعاملة والاسعار غاليه تقريبا سرقة فى كل حاجة الاوردر جالى متاخر وتقريبا الأطباق فاضية كل طبق فيه حطتين
2297,غالي جدا بشكل مبالغ فيه ساندوتش بطاطس صوابع شامي ب 7.5 !!!!
2298,من اسواء الاوردات اللي جبتة في حياتي اربع سندوتشات اوحش من بعض
2299,اسوء شورما في حياتي ودا حصل لي من فرعين يعني المحل اصلا سيء والأكل متغرق زيت وحاجة قرف
2300,طلبت الاوردر وموصلش حاجة سيءة جدا جدا '''''''''''''''''''
2301,ليه مافيش امكانية اني اضيف طلب عيش علي اوردر الابليكشن
2302,مطعم محترم والاسعار متوسطه والأكل كويس وخدمه كويسه
2303,بصراحة المطعم جميل جدا ونظيف وكمان فيه خدمة ممتازة والسعار معقولة ومناسبة
2304,زي الفل ، والبيتزا زي الفل، والشرقي روعه بجد، .......................
2305,الاكل وحش جدااااااا الشورما محروقه والكفته فيها طماطم بايظه
2306,الاكل ممتاز ونظيف كفول وطعميه وبطاطس (فطار) الفول الاسكندراني والكعميه المحشيه ممتازين
2307,سندوتش الكفته مكنش حلو . مش دة اللى متعودة عليه الشاورما فراخ كان مش حلو والبطاطس والموتزريلا اتفعصوا ف بعض ونشفوا ومش سخنين
2308,My order not accepted and the customer service representative told me that you did not know my address however I'm already made many orders through the app and didn't face this hasel ever
2309,أحلي عجينة طعمية واحلي فول جاهز وناس نضيفة.... شكراً ليكوا...
2310,من افضل المطاعم في التنوع وترضي معظم الاذواق
2311,ممتاز جدا انصح الجميع به.........................................
2312,ازبل خدمة توصيل الاوردر جاى بعد ساعتين و نص وناقص و خدمة العملة ناس معندهمش زوق حرامية و نصبين ياريت محدش يطلب منهم عشان دا اسوء مطعم فى المعادى
2313,One of the worst restaurants that i have ever tried.
2314,The worst food you could ever even look at. Ot only does it look shit It tastes like camel shit.
2315,أسعاركم بقيت غالية اوي وبقيتم تعتمدوا على الإسم أكتر من الجودة. ده حجم طبق سلاطة خضرا لسه كنت باكله تمنه 11 جنيه، وبالمناسبة مكانش مغسول كويس.
2316,الصورة مش محتاجه تعليق .. سندوتشات زيت من فرع جاد عباس العقاد بتاريخ ٢٥ ديسمبر ٢٠١٨ ... الضمير وڤيرس ايه في أعمق صورة .. شوية حثالة معدومين الضمير
2317,الاكل سيئ جدا وبارد.ال quality قلت خالص.المطعم بقي حاجة وحشة بزيادة
2318,الفول بالحمص و الطعمية بالحمص..... بجد جامدين اخر حاجة
2319,"Whenever I came to Egypt, I always ordered the shrimp sandwich here and I still love it to the max!!!"
2320,Food was ok; fries not cooked properly and falafel sandwiches were missing salad
2321,كله تمام وخصوصا ساندوتش الكبدة الشامي
2322,Far3 massr el gdeda (roxy)7aga kda kazera gablena tasmom!
2323,"Low quality food , bad experience"
2324,طعمه حلو بس اسعاره غاليه ، دليفري بيتاخر
2325,Great Good reasonable price
2326,يا جماعة الناس دى بتستهبل دى اسوأ خدمة شوفتها فحياتى ده مش بيعبروا الواحد يعنى اما اتصل هوت لاين و ٤ ارقام خاصين بالفرع نفسه ومحدش يرد ده يبقى ايه حاجة قرف
2327,the gave me a completely wrong order.
2328,Great Service and Pleasant Seats
2329,انا ماعرفش في اختلاف بين الفروع ولا لا بس الصدفة السيئة خلتني انزل اشوف مطبخ فرع عباس العقاد.. انا ماعرفش ازاي معدتنا بتستحمل العفانه اللي شفتها دي مانصحش اي حد معدته خفيفة ياكل من جاد ابدا
2330,بحب مطعم جاد. بس البيتزا بتاعته وحشة. والمكرونة برضه. ........... فروع اسكندرية منيو تاني خالص، وان شاء الله أجربها في الصيف.
2331,اسعار غاليه وكميات قليله حراميه
2332,Average.. Not special
2333,It was good but now is not
2334,الاحد 18-3 فرع جامعة الدول طلبت فول سجق وبيض بسطرمة وباباغنوج الفول لطيف بس محتاج يطعم شويه البيض مش وحش بس البسطرمه قليله البابا غنوج عالمي بكل ماتحمله الكلمه من معني مظبوط ملح مظبوط طحينة طعم البتنجان المشوي واضح جدا وطبعا العيش اكثر من رائع
2335,فرع جامعة الدول كويس جدا والخدمة سريعة بس اسعاره غالية شوية
2336,Overrated w set 3al fady w sandwichat za ay mkan w a2l gdn
2337,The stuffed falafel is a must try guys!!????????????
2338,Good tast... clean...delivery come very late
2339,فرع المعادى النظافة فيه سيئة و التنظيم سئ و كذا مرة أروح و أمشى لأنه زحمة غير منظمة و محدش عايز يعمل شغله أكله عادى أو أقل و غالى جدا، بس الشاورما الكيزر بتاعته لطيفة بتفكرنى ببتاعة سمسمة
2340,صيت ع الفاضي غالي و سيء
2341,"It has been the best for a long time specially its bread and fried cheese, now it's overpriced for oily bad food"
2342,الاكل بتاخر جدا جدا و كمان جاي بارد
2343,من اسوء و اغلى المطاعم حتى بعد ما فتحوه سئ لابعد مدى
2344,Always spoil after few hours Tooo much salad in the sandwich and doesn't taste well
2345,طبعآ اول مفتح كان استاذ دلوقتي مبقاش زي الاول وحجم السندوتش صغير جدآ ومش زي الاول
2346,أسوأ فطيرة سكر في العالم ... سناني كانت هتتكسر عشان أعرف أقطمها
2347,جربت فرع المعادى بالنسبالى جاد حلو عشان العيش انما اكتر من فول وطعمية وبطاطس بالجنبة مفيش عنده حاجة تتجرب جربت باابا غنوج مش حلو وجربت مره شيش من عندهم عشان كان الموجود وقتها كان مش حلو خالص وجربت حجات تانيه عادية.
2348,المطعم ده غير نظيف اطلاقا الاكل سيئ جدا و بيطلع بارد . الشاورما كلها خضار
2349,Far3 el azhar gbt mno shawerma kanet w7sha gedan w malyana zet bgd bahdletny w makmlthash ????
2350,اغلب الفروع اصبحت لا تهتم بالنظافه ده اللي بيفرق بين سلاسل المطاعم اللي عايزه تكبر وتنجح وسلاسل المطاعم اللي عايزه تكسب بس الاهتمام بالعميل والنظافه وجوده الطعام
2351,بقي سئ جدا جدا حتي الشاورما الحاجه الوحيده اللي كنت بحبها من عنده بقت سيئه جدا
2352,جربت الكريب كان مليان زيت وتقريبا مفهوش جمبرى ????
2353,أسوء محل فول وطعميه ومنوعات فطار كلت عنده كان كويس بس من زمن دلوقتي الطعم بقي غريب اووي وفرع الهرم الناس اللي شغالين فيه مستهترين
2354,سندوتشات عنده تحفة بجد
2355,جاد فرع مصر الجديدة اللي في محطة كلية البنات، وللأسف الشديد نصيبي جه فيه بسبب الجوع وزنقة الوقت فمحتاجين حاجة على السريع واحنا ماشيين، طلبنا شاورما وسط فراخ ولحمة، واللي اسعارهم 23-22 ج، بالنسبة للطعم اللي دوقته ف كان اخرهم 2-3 ج الحقيقة.. اكل أقل ما...
2356,ال staff محترم والمكان قعدته حلوة جدا وال quality ممتازة والطعم كمان حلو
2357,فرع اخر الهرم يوم الاثنين 16-10-2017 الساعه 8:30 الصبح طلبت منه اومليت بالبسطرمه و طعمه كان عادى جدا مفيهوش اي تميز غير انه كان فيه بسطرمه كتير قرص الاومليت سميك - سندوتش اومليت جبنه رومى و كان مش حلو خالص لانه مش باين فيه طعم الرومى خالص لانه حاطت ك...
2358,الاكل ممتاز و طعمه لذيذ جدا الاسعار عالية نوعا ما الصالة ضيقة و تنظيم الزباين سيء لاقصى درجة
2359,فرع اخر الهرم يوم الجمعه 29-9-2017 الساعه 4:30 مسائا طلبت منه سندوتش فول اسكندرانى و كان حلو كالعاده عيبه الوحيد انه غرقان شطه و فلفل بغشم يعنى فيه اماكن بتظبط النسب عشان تدى شطه خفيفه و تحافط على تناسق الطعم بس هو بيغرق السندوتش شطه و فلفل-سندوتش با...
2360,جربت فروع الجيزة وفيصل ووسط البلد تقريبا كلهم نفس المشكلة الساندوتشات سيء جدا لكن المفاجأة أن البيتزا كويسة الى حد كبير وخصوصا بيتزا الشاورما فراخ
2361,جاد هارون الرشيد نضيف و عيشه طازه و سندوتشاته حلوه . الباذنجان المخلل توووحفه أحسن باذنجان ممكن تأكله . الطعميه المحشيه مشطشطه بزياده . الشاورما عاديه
2362,من اسوء و اغلى المطاعم فى الاكل و مفيش طعم و غالى على الفاضى..... اهتمام حلو بالنظافه بس الاكل مش اد كده
2363,I think it is not clean sometimes!!
2364,الكريب عندهم محتاج أهتمام اكتر من كدة
2365,سيئ جدا الاكل الديلفرى سيئ جدا الفطيرة بالسكر كل مرة اسوء من التانية والاكل بيكون بارد ومش طازة
2366,Great pizzas and oriental pies ????
2367,فرع اخر الهرم يوم الجمعه 11-8-2017 الساعه 3:30 الظهر الكاشير الي بيرد علي التليفون اسمه محمد الغزالي اسلوبه مش حلو و متسربع و مش مركز و مرووش جدا جدا و مش عايز يسمع حتي بقوله 1 طعميه كتبها 2 و بقوله علبه مسقعه صغيره بيقولي هي حجم واحد كبير معندناش عل...
2368,فى كل فروعه على مستوى الجمهوريه فعلا بياكلوك قرف
2369,"I really hate it, i think it is not clean at all and their bread is sooo fatty."
2370,Become one of the worst
2371,"محدش يطلب اكل من المحل دة دول حرامية, 4 مرات اطلب من عندهم أكل و ييجي ناقص و ياخدوا الفلوس و يقولولي هنجيبلك باقي الاكل ومايجيبوش حاجة وافضل اتصل بيهم يقولولي هنعملك شكوى وحد هيكلمك ومحدش بيتصل عشان بيسرقوا الناس .................. حرامية بجد والأورد..."
2372,سيء سيء سيء اقل حاجة ممكن تتقال عليه
2373,يوم الجمعه 14-7-2017 الساعه 2:30 الظهر فرع شارع مراد الجيزه و فرع اخر الهرم رغم أنهم اداره مختلفه لكن بقالهم شهرين عندهم نفس المشاكل مفيش طيارين للديليفري مش عارف بقي مشكله مرتبات ولا ايه بس اوردرات فرع شارع مراد بتوصل في ساعتين الا ربع علي الاقل بق...
2374,فرع اخر الهرم يوم الجمعه7-7-2017 الساعه 2:30 الظهر طلبت اوردر و اكدت عليه اني سندوتشات الفول بالزيت الحار يبقي باين فيها طعمه مش زي كل مره و قالي نفس الاشتغاله بتاعه ادفع زياده فلوس و احطلك زيت حار زياده و في الاخر ولا الهوا و لا طعمه باين دي اول مش...
2375,"It's a 50 50 kinda thing. One time, it would be great, the other, sandwiches would literally take like plastic and diarrhea would be emanating everywhere."
2376,فرع شارع مراد الجيزة يوم الجمعه 30-6-2017 الساعه 3 الظهر و طلبت اوردر و قولتله هيجي امتي قالي في خلال ساعه قولتله ماشي عشان هما بقالهم فتره بيستهبلوا في الديليفري من بعد رمضان مش فاهم ليه لو حجتهم اني في اجازات في الديليفري خلاص ياخد طلبات قليله و يب...
2377,يوم الجمعه 23-6-2017 الساعه 3 الظهر و طلبت فرع الجيزة شارع مراد الي المفروض شغال الصبح في رمضان عادي رد عليا ولد صغير بيقولي لسه بنضف و هنشتغل علي الفطار واضح اني مفيش حاجه كويسه بتفضل و قولت اجرب مع فرع الهرم تاني يمكن اتغيروا قالي مفيش شغل ولا عيش ...
2378,فرع الجيزه شارع مراد يوم الخميس 22-6-2017 الساعه 2 الظهر و طلبت منه علب فول محوج و كانت ممتازه كالعاده و سندوتشات بابا غنوج و كانت حلوه بس مش الوهم ، شكرا لاداره الفرع ده انهم شغالين داخل المطعم و توصيل الصبح في رمضان
2379,فرع شارع مراد الجيزه يوم الاربعاء 14-6-2017 الساعه 2 الظهر و محترمين و شغالين الصبح في رمضان وطلبت علب فول محوج كانت ممتازه و مظبوطه بس هو ما كنش لافف كل علبه لوحدها وكان فيها زيت و طحينه علي الوش فبهدلت الدنيا شويه كان زمان بيحط كل علبه منفصله في ال...
2380,فرع شارع مراد الجيزه يوم الجمعه 9-6-2017الساعه 3:30 الظهر و طلبت منه و قالي بيوصل الصبح في رمضان و دي حاجه نادره و محترمه من اداره الفرع ده لاني فرع الهرم مش بيوصل قبل 5 مساءا ، طلبت سندوتشات فول و طعميه و بابا خنوج و باكت صوابع ، الاوردر وصل بعد ساع...
2381,فرع اخر الهرم يوم الثلاثاء 6-6-2017 الساعه 4 الظهر و عملت اورد بس كالعاده مستفذين جدا في التوصيل في رمضان و قالي معنديش توصيل قبل 5 مسائا و طلبت علب فول محوج لانه بيعملها حلوه قوي و مظبوطه لكن بتقابلني مشكله فيها انه بيحط في التحويجه شطه و بتدايق فعل...
2382,انضف مطعم في حلوان الصراحه..طلبت كريب شيش طاووق و صوابع بالطحينه وفراخ زينجر..الكريب عجينته كانت لسه معموله ومكس الحشو كان طعمه متداخل وجامد الصراحه والزينجر كان الساندويتش مليان حشو والفراخ كانت سميكه والقرمشه بتاعتها كانت مدياه حلاوته والصوابع كانت...
2383,-فرع اخر الهرم يوم الاحد 9-4-2017 و طالب الاوردر الساعه 9:45 صباحا و مكلمهم مرتين و كل شويه يقولى 5 دقايق و يبقى عندك - طلبت من فرع الجيزه شارع مراد الى دايما محترمين و بيجوا بسرعه رغم انهم ابعد و البيه بتاع فرع الهرم شرف الساعه 11:15 صباحا و رجعته...
2384,خدمه عملاء سيئه جدا لما اكون طالب ساندوتشين و يجيلى ٦ و اطلب اراجع الاردر يقولوا انت اللى طالب ٦ و مره يقولوا٥ و مش راضيين يسمعونى المكالمه
2385,مايستاهل ولا نص نجمة ،، جلسنا ع الطاولة وعليها مناديل وسخانه وشافوها امامنا وما خدوها ولا احترمونا ونظفو ،الروتر فضلنا ننادي عليه ويتاخروا بالرد جدااااا مع انهم جالسين يضحكوا ويتكلموا والمطعم كان فاضي، الاكل كل طبق بياخذ ربع ساعه لما يقدموه ،، اكلهم...
2386,مايستاهل ولا نص نجمة ،، جلسنا ع الطاولة وعليها بقية دهن من الاكل السابق وعليها مناديل وسخانه وشافوها امامنا وما خدوها ولا احترمونا ونظفو ،الروتر فضلنا ننادي عليه ويتاخروا بالرد جدااااا مع انهم جالسين يضحكوا ويتكلموا والمطعم كان فاضي، الاكل كل طبق بي...
2387,محدش ياكول من جاد تانى انا لقيت ظفر فى سندوتش الفول
2388,يا جماعه محدش ياكول جاد تانى انا لقيت ظفر فى سندوش الفول
2389,"Very Bad quality , very bad service"
2390,no GAD restaurant at that location as it closed
2391,ماكن سيئ للغاية امبارح طلبت اوردر وكان فى شاندوتش فراخ بانية وكان للاسف الفراخ حمضانة وريحة العفن طالعة حاجة اخر قرف و لما كلمت المطعم مفيش اعتراف بالخطئ حاجة سيئة جدا
2392,اكلهم وحش جدا وغالي جدا جدا
2393,فرع مشعل الهرم وحش جدا فى جوده الاكل و غالى اكتر من فروع تانيه كتير و حشو السندوتشات عنده اى كلام و بياخد توصيل اعلى من كل مطاعم الهرم
2394,ازاى المنيوز كاتب انه بيوصل للقرية الذكية وانا قعدت اكلم كل الفروع ومفيش اصلا توصيل !!!! كاتبين معلومات غلط
2395,مع الاضافه ان فرع اسكندرية لجاد كل حاجه عندو ليها طعم مميز ونضيف وجميل جدا ومختلف تماما عن فروع القاهره اللي مستواها نازل اوي بالنسبه لاسكندرية
2396,مستوى متقلب جدا عن فرع والتاني ولو انت عندو بيبقى مختلف تماما عن الديلفري ..النظافه متوسطه بس بالنسبه لفرع وسط البلد الشاورما فراخ عندو كانت لطيفه و الكالمياري و كبدة اسكندراني الطعمية دايما مايعه ومالهاش طعم ولو بتبقى باردة بتكون زي العجينة اللي ...
2397,حتي بعد التجديد اللي اتعمل علشان الصراصير والنظافة بس بردو العاملين بيعبوا الساندويتشات بأيديهم من غير اي نوع من النظافه و الساندويتشات بتطلع من غير حب كده. سوء توزيع في حطه الأكل في الساندويتش والمفروض يكون في مثلا سلطه مع المكون الرئيسي. الفرع تع...
2398,The foul is perfect with their special made bread
2399,"Delivery is a big failure, why would anyone wait for 2 hr for foul sandwiches. Never again. خدمة توصيل ضايعة و الكول سنتر كدابين"
2400,فرع عباس الناس اللي شغّالين فيه في منتهى قلة الذوق.
2401,خدمة التيك اواي سيئة جدا و خدمة العملاء سيئة في حل المشاكل كنت اتمنى يكون في اختيار نجمة واحدة لان بجد مايستهلوهاش
2402,خدمة التيك اواي سيئة جدا و خدمة العملاء سيئة في حل المشاكل
2403,bad service hot line time stealers
2404,"the order came after 1 hour although its 10 mins walking to my location ,the food was cold , the phone operator didn't know some of my items he denied ordering them to me although i had them from restaurant before"
2405,we7sh gedaaaan galy tasamoooooom
2406,عفوا ولكن هذا الفرع عار علي سلسله جاد سواء في الأكل أو النظافه
2407,عفوا ولكن هذا الفرع عار علي سلسله جاد من حيث الأكل ونظافه
2408,حلو لو تاكل جوه.... غير كده فيه افرع تانية احسن منه كتير
2409,راحت عليه ،، زماااان لما فتح كان كويس بعد كده بقي ينصب
2410,مطعم قذر وخدمة سيئة جدا والاكل طعمو زبالة وكلو زيت
2411,الشاورمة و الكبدة تحفة
2412,خدمه التوصيل سيئه جدا والاكل مبقاش جوزته عاليه زي الاول
2413,great food espiciay the feteer but take to long to prepare which made me not order from there
2414,جاد اللي في المهندسين تحفه ديكور جامد خدمه ممتازه اكل روعه البيتزات عندهم تحفه
2415,خدمة عملاء بنت وسخه. ساعه كامله بتصل بدون رد فرع الازهر.
2416,"hygiene is missing,quality is below zero"
2417,Gad Ay Kalam Fe A7san Menno Keteer..
2418,بقلنا عشر سنين بنطلب منهم بس انهرضة وضحت الصورة و وساخة المطعم طلبين فراخ مشوية اولا جيه بردا جدا باكل القيها كلها دم اكلمهم عشان يرجعوها يقولي الفراخ سليمة اقولو انا بقالي عشر سنين بطلب منك و عمري ما اشتكيت يقولي و اعملك ايه الفراخ مافيهاش حاجة اقول...
2419,need improvement in food quality and management
2420,"Maadi branch has a very disgraceful delivery service, lazy, impolite, and sometimes not even accurate. I don't think that they are monitored or even supervised. من الاخر ملهمش كبير يشغلهم"
2421,I think Gad is better than many others . delivery not the perfect choice!
2422,فرع المعادي الشاورمة فيه حلوة لكن الفول و الطعمية و البابا غنوج اي كلام
2423,CgknffbkgeesjokbcdknvdZbkdcbko
2424,Khara..worst service in any restaurant
2425,Kharaa...worst service
2426,quality مش سىء للغايه اكل محترم جدا لكن مشكلته انه عينات تحس انه خايف يملى الساندوتش غلطه عمرك تعملها لو طلبت ديليفرى من 4 ل 7 هيجى فى ساعه و هيكون الاكل نشف و جلد و بقى سىء جدا انزل بنفسك فى الوقت ده هتاخد اكل رائع جدا الفول و الطعميه و البطاطس ...
2427,Good%20food%20but%20Bad%20service%20and%20long%20waiting.%2050%25%20of%20the%20Menu%20is%20not%20avaible.%20
2428,Worst foul and taameya heliopolis branch not clean bad customer service late deliveries not recomended at all
2429,"اسوا خدمه عملاء , طلبات دائما غلط , سوء نظافه و غلو في الاسعار !!!!"
2430,It has the best Tameya special in town. Other than that I really do not like it at all.
2431,the worst customer service experience i've ever had !!! .... just plain ugly and rude ... the food ain't that good and it took them an whole hour to deliver half grilled chicken across the street !! ... avoid such an awful place
2432,Pretty bad. It's like they're rushing everything on the expense of quality. There are far more decent local foul and falafel joints out there.
2433,used to be a great oriental place to eat and enjoy.. some branches are good some are bad.. even the menu itself varies from one branch to the next.. inconsistency in Gad is killing it
2434,610
