,comment
0,"It is the most known Chinese takeout, yet it is the worst. I don’t recommend it"
1,النودلز مش احسن حاجة كطعم و الاكل جية بارد
2,ليه أفضل ساعة و نص مستني الاوردر؟ كان زماني رحت طلبت فالفرع و استلمت و رجعت البيت، ع الاقل مكانش هيبقي دافي. توصيل سيئ جدا. عالي الاقل الاكل نفسه كان كويس و الاوردر كان مظبوط
3,الاكل وحش اوووووي ومحطوط حاجه بلاستيك وسط البصل والطعم سي جدااااا
4,طعم اللحمة سئ
5,الكمية أقل من كل مرة بس جودة تحفة
6,noodles were over cooked
7,كمية النودلز قليلة قلت عن كل مرة و كمان سلطة الكرنب قليلة جداً جداً زى ما يكون متاكل منها و إلا هو عشان أنا معايا خصم على الأوردر و إلا ايه بالظبط اسوء تجربة ليا الصراحة و مرشحش المطعم ده لحد أو يكون فى رد و تعويض من المطعم على التجربة السيئة جداً دى
8,noodles is less than half the box
9,I ordered vegetable noodles and I got vegetable rice instead
10,سىء
11,kunafa balls oily as a pregnant whale. I got really sick from it.. never again..
12,Very cold
13,الاوردر بيتاخر جدا
14,طلبت الاوردر وجابلي انه جهز وطلع دليفري وفضلت مستنية 3 ساعات وكلمتهم مرتين يقولولي حد هيتواصل مع حضرتك في الاخر بيقولولي معلش دول نسيوا الاوردر بتاعك جوا لسة متعملش اصلا حضرتك لسة عايزاه ؟ لا يا سيدي شكرا
15,"order took 30 min more than the estimated delivery time, so it was cold, but other than that it was good"
16,اتأخر قوي في التوصيل وكمان الاكل كان بارد
17,الأكل كان بارد و طبق السويت اند سور ٣قطع فراخ و لحسه صوص و الخضار متقطع كبير كان اوردر سئ جدا والا ده علشان عرض فا اتّبعت بالطريقه السيئه دي
18,Dumplings had raw chicken
19,"The biggest scam ever, I ordered double mix offer and came without the 2 salads and the 2 appetisers and was cold and late,never ordering this again"
20,food was delivered after 2 hours and was cold and delivery kept me waiting for almost 20 minutes standing
21,الاكل حادق جدا النودلز طلبتها حراقه جت عاديه مش زي ما طلبت الاكل بارد الفراخ ناشفه و كأن الصوص كاتشب بس
22,قالك خيار على الطريقة الصينية ولا الكورية وهو خيار عادي جدًا في خلطة بصل 🤡
23,Where is the chicken
24,تجربه اكثر من سيئه و حقيقي عمري في حياتي ما هطلب من المكان ده و لا انصح اي حد بجد بيه
25,تجربه سيئه للأسف الاوردر جه في الوجبه الاساسيه غلط تواصلت مع المكان و قالولي حد هيتواصل معايا علشان يحللي المشكله و لكن للأسف لا يوجد اهتمام بالأمر و محدش تواصل معايا 😡
26,الاكل بارد وطعمه مش زى الاكل الاسيوى وخصوصا التشيكين سويت اند ساور .. وكان فيه قطعه معدن صغيره فى الاكل
27,The order is always missing items
28,Chicken so cold
29,انا طلبت الاورد 4:20 ماكنش في بيف و اتواصل معايا ان اغير بيف بتشكين و تمام الاوردر اتأخر جدا و كلمت المطعم اكتر من مره و يقولوا ان الاوردر خرج و الاوردر مكتوب يوصل بحد اقصي 5:17 وصل 5:52 و كل دا الطيار مش بيتواصل معايا نهائي
30,انت كت عايز بروتين لحم و لكن المطعم كلمنى و قالى مش موجود بالرغم أن المنيوز موضح أن اللحم موجود و قالى فى فراخ بس و طبعاً ده غش طالما اللحم مش موجود يبقى لازم الكلام ده يظهر على الابليكشن ايه القرف ده
31,الرز بايت و الطعم سئ
32,أكدت كذا مرة أني محتاجة النودلز سبايسي و مجتش سبايسي برضوا الاوردر أتأخر اكتر من ساعة و جيه بارد السويت اند سوير الصوص قليل جدا و المرة الي قبلها الاكل كان متلج و النودلز مالحة جدا جدا و مفيش اي صوص في السويت اند سوير اخر مرة اطلب منهم تاني
33,.
34,Driver’s attitude was so awful
35,الرولز جت ناقصه اربع علب واحنا طالبين اربعه خيار كوري جالنا ثلاثه كوري وثلاثه كرومب
36,النودلز مزيتة و الدجاج الصوص بتاعه فيه طعم محروق و وحش جدا جدا الكواليتي سيئة و فلوس ع الفاضي
37,The preparation take too much time
38,The dumplings tasted disgusting. I’ve tried the dumplings from here before and they were good. But this time they were just absolutely disgusting and inedible. I could only eat the noodles and chicken sweet and sour.
39,التوصيل استغرق أكثر من ساعتين والطعام لم يأتي ساخن والطعام جودته جيدة جدا ولكن محتاج الكمية تزيد أو السعر يقل وسعر التوصيل زيادة جدا
40,M
41,very bad experience
42,"My 1st and definitely last time to order ..chicken was tasteless,quantity was ridiculous (I feel robbed) ..rice has nothing to do with Chinese (tasteless ).."
43,The food came cold
44,الأكل اتأخر اوي وجاي ساقع
45,The food is not fresh and not tasty not the usual taste and it tastes old and dull so baaad !!!
46,الاوردر وصل متاخر جدا وبارد والنودلز اقل فالطعم من قبل كده بكتير
47,chicken was very very cold & driver’s attitude wasn’t nice
48,Very late delivery and food is so spicy though it was normal
49,i asked them to put the sauce outside but they did not & the noodles came very very salty it was not eatable
50,الاكل كان بارد ووحش جدا
51,very salty but other than that it was all good
52,good. food bad dilllevery
53,i received noodles instead of the rice
54,The noodles were a bit too salty but other than that it was good for it's price
55,"It came Too cold , there’s no protein only vegetables on the sides that was very disappointing, its geting bad order by order"
56,جابوا الوجبتين نودلز وانا كنت طالبة نودلز والوجبه التانيه رز
57,I ordered sweet and sour chicken noodles. the chicken was dry and not fresh at all. the sweet and sour sauce was so little that barely I could taste it. Shame!
58,حلوة النودلز بس السويت ان ساور مش مظبوطة
59,"Hello, I always used to order from wok and walk but this time the quality deteriorated a lot. The noodles are extra savory than usual and there are a lot of raw onions. Waiting to be contacted. Sahar Zanaty 01033933002"
60,الاكل بارد
61,"ok, food delivered after 2 hrs cold and spilled all over bags, but to be fair, food was good 👍"
62,2 hrs waiting and still not here. while we are located very near. very bad delivery service 😑
63,الاوردر ماجاش اصلا
64,"The worst noodles not fresh tasteless, and all the sauce was spilled …"
65,The worst noodles ever tasteless cold and not fresh
66,ألغيت الطاب بعد ٣ ساعات إنتظار. الدعم الفني: أصل الكهرباء كانت قاطعه في الفرع ، ثم الدليفري خرج وسيتصل بك ، ثم هو لسه ماجاش؟ هخليه يتصل بيك حالا ، ثم لم يتصل. وصل بعد ٣ ساعات فلغيت الطلب ورفضت الدفع.
67,الرز كان مالح جدا
68,Food is bland and cold…………delivery time is long
69,I didn't receive salads ( cucumber and Chinese cabbage)
70,الصوص كله كان مدلوق في الشنطة
71,Good but a bit cold
72,الأرز جه نودلز
73,وصل الاكل نصو مكبوب
74,Quite expensive for no good quality.
75,Food was cold
76,Last time to order Worst food ever
77,جالي حجات غلط و في حجات ناقصة
78,But the order was late
79,very very bad quality and taste I ll never order again
80,ElMenus is awful compared to talabat
81,الاوردر ماوصلش
82,alot of pasta very little chicken
83,taste extremely bad very odd taste and scent طعم سئ للغاية ورائحة الاكل منفرة وغريية كان غير قابل الاكل رميته في الزبالة
84,Too salty .. very bad taste
85,لم يصل الطلب وتم الغاءه
86,Horrible I don’t like the order at all arrived late wasn’t hot and taste not good at all
87,tastes good but doesn't matter when chicken portion is so tiny.
88,"Chicken was extremely salty, plus the taste is not like the actual Kung pao chicken"
89,بجد الاوردر بياخد كميه وقت كبيره جدا لحد ما يجي بجد ساعتين و نص كتيير اوي اوي و طريقه خدمه العملاء سيئه جدا بجد
90,النودلز كانت وحشة اوى و الفراخ كمان كان طعمها وحش
91,worst quality and food
92,مملح بشكل وحش جدا ومحروق
93,السولو اوفر كان هيبقى حلو لو فى معاه بروتين تانى مع الوجبة لأن الكمية مش كبيرة
94,noodles was bad
95,الاوردر وصل متاخر جدا و كنت قايله من غير خضار و جه بالخضار وعملت شكوي ٤ مرات محدش تواصل معايا بجد خدمه سيييئه جدا
96,The noddles lack the taste and the portions of the chicken even the sauce of the chicken was very smalll The spring rolls was wow S
97,food was so cold
98,للاسف كان سيئ جدا مش زي كل مره الفراخ جيه بدون صوص تماما الرز بالخضار ناقص خضار وناشف مش مستوي
99,الاوردر غلط و السعر مختلف لما جه و الأكل جه متأخر و ساقع
100,I got severe diarrhea from eating it.
101,Late
102,"worst chicken, first time being this bad was always good"
103,the chicken was raw
104,الاكل كان بارد جدا
105,حجم طبق البيف كان صغير جداً محتاج يكون فى تنوع برضو يكون فى مثلاً اختيار لنوع تانى من البروتين فى الوجبة . الكمية كدة كبروتين قليلة جداً
106,الاكل بارد و طعمه يقرف
107,The food was not hot at all
108,Worst restaurant I’ve ever ordered from the noodles were very salty and the portions of the chicken and beef were so small I could actually count them it was 5 or pieces and the cost is way too much for this disgusting order
109,it was good. noodles were a bit salty. and chicken Kung Pao can use more chicken. thank you
110,The order wasn’t tasty and good as usual
111,the food was a bit salty
112,اللحمة محروقة و عليها الصويا صوص كتير اوي و النودلز مفيهاش صوص و ملهاش طعم
113,النودلز كانت مستوية زيادة كانها عجنت
114,"Quality went down for all; noodles, chicken, and the beef. Only the spring rolls were very good."
115,Low quality and bad smell
116,Small proportions
117,"too salty this time, though it's always awesome"
118,قطع البروتين قليلة جدا والصوص عبارة عن ماية ملونة
119,السبرينج رول كان بشع بجد كان مقلي في زيت طعمه مزرنخ جدا و قديم جدا و الصوص كان مسكر بزياده عن اللزوم و تقيل و اللحم كان مقدد ، و النودلز و الرامن كانوا مفيش فيهم اي طعم و من غير ملح ، و حرفيا اوردر كله كان بشع و سئ
120,الاوردر غلط، جالى وجبتين بدل الوجبة اللى طلبتها، بكل الاختيارات مختلفة وكمان اتصلوا بيا ابعتلهم بقيت الفلوس أو ارجع الاوردر، دفعتلهم الفرق بانستاباى عشان ماتعاملش مع حد فيهم والأكل رميته فى الزبالة عشان طعمه وحش
121,طلبت الاكل مواصفات معينه زي ما يحطليش بصل و جالي محطوط بصل وكمية الاكل قليله عن كل مرة كنت بطلب الاوردر وجالي متأخر ف بارد
122,Cause the chicken sweet and sour has no sauce at all
123,never received my order
124,salad did not come with order
125,الاوردر ناقص الكابدج الصيني
126,كان ناقص خيار في الطلب
127,الأكل بارد وأقل من المعتاد الصوص قليل جدا والأوردر اتاخر ساعه
128,Terrible! The sweet & sour chicken tastes like a leftover panè drenched in ketchup and the noodles is also stale and overcooked! The cucumber salad looks wilted
129,النودلز حلوة وكميتها لطيفة، اللحمة كميتها قليله حدا
130,taste wasn't good at all الاكل كله بايت و مزيت
131,the food was awful! meanwhile i wrote a comment to make the noodles fresh but both the chicken and noodles were horrible
132,كرات الكنافه بالدجاج مش مستويه كويس من جوا و الدمبلينج مالحه
133,I want a refund
134,الاكل مان ملوش طعم و كميه الفراخ قليله جداا
135,forgot my cucumber salad
136,👌
137,بجد تسلم ايد كل واحد شغال ف المكان حتي دليفري علي الذوق و الحترام الي هما في بجد 🤍🤍
138,الاكل حلو جدا و الفراخ جميلة المشكله الوحيدة بس اني طلبت سلطة خيار كوري بس جالي سلطة صيني
139,الاكل فيه شعر
140,the portions became smaller
141,"The food was stone cold and tasted awful,like it had been sitting around for ages. The portions were ridiculously small for the price, and the quality was so bad I couldn’t even finish it. Everything tasted old and stale, nothing fresh. JUST AWFUL!"
142,V bad
143,no cover
144,جيد جدا
145,The order was supposed to have steamed rice and I got noodles instead. I hate noodles and I had to throw it away. The vegetables tasted very bad and had lots of fat. Spring rolls had lots of fat.
146,Sweet and sour chicken very bad smell and taste حمضانه noodles and salad portions reduced to the half Very bad experience
147,portion of the main course is too little for the price
148,الاكل بايظ
149,الاكل جي واقع
150,الفراخ كانت بايته و طعمها وحش اووووووى
151,اللحمه كانت حتتبن بس حرفيا
152,الصوص فى الفراخ كان قليل اووووى و الفراخ كانت ناشفة جدا
153,الخيار كان دبلان
154,It was delicious I ordered it a lot before in several branches but sometimes the main item gets mixed up sometimes the side is missing and one time I found a hair Otherwise it’s really a good quality for price
155,"Hoisin sauce doesnt taste anything like hoisin. Just spicy. A lot of missing items in menu. No seafood, no shantong. Got chicken konafa balls instead and was horrible. Bland boiled chicken and burnt konafa breading. Noodles were ok."
156,"The food was very cold !!! Teriyaki sauce was spilled over which lead to a mess in the packaging Dumpling were very bad , cold moreover the dough was ripped All over was unpleasant order at all."
157,Taste is so bad
158,"The rice was spoiled, it felt like its been stored for so long and tasted really bad"
159,النودلز كانت مكسره وكأنها مش طازة، طعم الفراخ بردو مش طازة والرولز كانت مليانه زيت .. اول مره تكون الكواليتي مش احسن حاجه
160,"Took too much time to deliver, got my food cold and tasteless"
161,the spring roll burnt
162,المطعم باعت المكرونة النودلز بايظة للاسف الشديد و من خلال التعليقات شكل المطعم علي الحال ده بقاله فترة كبيرة
163,Didn’t receive spring rolls
164,it was not what i get every time i order from the restaurant it was half the portion and it was super salty
165,للاسف النهارده الاكل جه بارد، فيه حاجات في الاوردر ناقصة، السبرنج رولز مش حلو زي المرة ال فاتت، هو واضح ان مستوى المحل مش ثابت و بيتغير كتير
166,I ordered rice and i got noodles and taste was awful as well
167,نودلز كويسة، و فراخ sweet and sour حلوة، سبرنج رولز جميلة جدا، الاكل جه سخن، و السعر مناسب، اتمنى يحافظ على المستوى دا و يحسنه
168,The noodles were rotten
169,"canceled with no reason , wasted my time for nothing"
170,حلو بس كمية اللحمة و الفراخ قليلة شوية
171,taste of isn't good at all
172,كان الحساب قبل التخفيض 497.5 و بعد تخفيض المينيوز بقي 347.5 جه الراجل و طلب 447.5 سرقونى و مش عارفة اعمل إيه ؟
173,الاكل جه بارد فا طعمه مكانش حلو
174,kids portion for that price is a joke
175,توصيل متاخر كميه الاكل قليله جدا اقل من المتوسط
176,Great
177,الخيار المخلل كان بايظ وسلوك الطيار وحش جدا وبيتعصب ويزعق
178,Their was no any spoons or any thing with the food
179,اتاخر جدااا والوجبة جت باردة
180,مطعم غشاش دايما يغش يا فى الكميات يا فى الطلبات المرة ديه علبة النودلز ثلاث ارباعها فاضى
181,the whole sauce was spilled and it wasn't enough for the pasta
182,The food was good but the delivery took a long time
183,i didnt receive my food and they kept saying different scenarios and now they give me a rate as if the food was delivered!!!!!! i need my money back !!!
184,كمية الفراخ قايلة اوي
185,جابولي سلطة غير السلطة اللي طلبتها، النودلز ناشفة و مافيهاش صوص ولا خضار
186,Hair inside food plus items not sent plus packages not clean
187,Good
188,الفاتورة وصلت مختلفه عن فاتورة التطبيق هنا و الدليفرى اتعصب عليا
189,الاكل يقرف استغفر الله العظيم منصحش حد به
190,Delicious
191,النودلز وصلت حمضانة ولزجة ورميتها. السبرينج رول كانت محروقة. بجد المستوى أوحش بكتير من آخر مرة اتعاملت معاهم،
192,تسمم في طبق
193,The order arrived 2 and a half hour late. I called the restaurant 3 times and no one helped or even confirmed they will send it when.
194,الاوردر وصل و البوكسات كلها مخرومة و الكيس مليان مياه من الاكل الاكل كويس بس انا اتبهدلت و انا بفتح الاكل.
195,Inaccurate got the wrong side. very late dillivery
196,الكمية كانت قليلة جدا والطبق كله غرقان صوص عالفاضي النودلز غرقانة اللحم كان مقدد جدا وغير طازج والبصل اللي معاه محروق من كتر التسخين والدجاج كانت قطعتين بالعدد والباقي كان عجين والنودلز غرقانه صوص بشكل مبالغ فيه للاسف كانت تجربة سيئة
197,الأرز كان مملحا جدا بطريقة بشعة ...لايمكن أكله
198,سئ جدا جدا والاكل نصه اترمي وحاطين بواقي المكرونه بجد كان بشع كله كله
199,missing cucumber salad
200,The order was over 30 mins late and part of the order was missing. The portions were also very small. Not the same as they usually are.
201,الاكل موقعين فيه الملاحة
202,Excellent
203,its not good at all very bad quality every item was terrible called call center and let complain and no 1 called me
204,the driver didn’t leave my order despite that the order was paid
205,لو من الممكن تحديد نوع الدجاج مقلي او لا
206,تأخير الاوردر ساعه ونص و المندوب بيتكلم ب اسلوب وحش جدا تجربه سيئه مش هطلب اوردر تاني
207,small meat portions compared to cost.
208,الأكل زي ما يكون بايت .. والطعم كان سيئ جدا ..
209,الاوردر اتأخر ساعتين
210,اسوء خدمة عملاء و اسوء مندوب توصيل كمان الكميات اللحمة او الفراخ اقل اقل من العادى بس مكترين الرز او النودلز بجد تجربة سيئة و لن تتكرر
211,الاكل كان بارد والطعم مكنش حلو خالص
212,سيء جدا
213,"i received the order after waiting 2 hours. It was stated that the order will come from CFC branch while it came from another, and the order was late due to a power outage but the staff were very helpful and apologised"
214,للاسف،اكل سيء جدا جدا
215,"the driver kept calling me after the food was delivered for no reason, I think he was harassing me."
216,Missing items
217,Noodles معجنة و مالحة
218,لذيذ
219,"VERY BAD, Customer service so bad no one contacted me after receiving the order, teribble experience"
220,The food was Cold and wasn’t fresh
221,"Worst food order I have ever had I got food poisoning and my friend got so sick Never ordering from wok and walk ever again, this chain should just simply shut down أسوأ اوردر في حياتي من حيث كل حاجة، اولاً الاوردر صغير و قعدوا ساعتين يجهزوا فيه ..."
222,من اسوء الاطباق اللي كلتها
223,سي جدا
224,Very salty and cabbage salad was missing
225,لا يحتوي العرض على ٢ سبرنج رولز فقط واحد لا يأتي مع الطلب أدوات الأكل
226,Super spicy I couldn’t eat it
227,اللحمة بصراحة كانت وحشة جدا كانت حوالي ٥ شرائح قد عقلة الصباع في العلبة و الباقي كله بصل و جزر و كمان كانت مش مستوية
228,no sauce in noodles. no sauce with food at all. very late delivery 1.30 hrs
229,Taste was horrible that I had to toss all beef in the trash
230,طعم اافراخ مش احسن حاجه
231,حلو اووى
232,الوجبة اقل من مستواها بكتير والأكل بارد والنودلز مش حلوه تماما وكمية الدجاج اقل من العادي
233,انا متضايق جدا من سعر التوصيل اصبح غالي جدا ارجوا منكم ارجاعه للوضع السابق ومراجعة اسعار التوصيل لكي نستمر معكم وشكرا
234,الفراخ كلها عجين مفهاش ريحه الفراخ مكلوش حتي لو ببلاش
235,1. The order came with not even a fork 2. The noodles tasted so bad and was not fresh that I left it in the fridge for couple of hours it got spoiled 3. Order came in a white plastic bag from unknown source and it was not even clean I don’t want an...
236,الطلب كان ناقص واحد سبرنج رولز و أدوات الطعام و السائق عديم الصبر و بيضرب جرس الباب أكتر من مرة بدون داعي و لا توجد طريقة للشكوى لأن حالة الطلب استمرت 'تحت التوصيل' لساعات طويلة بعد وصوله
237,المطعم بيدي باقي فلوس مقطعه مندوب الديلفري اداني فلوس مقطعه وطلع يجري سرقه للعميل بنصحش بالتعامل مع المطعم ده نهائي
238,Food came late for two hours
239,I ordered 3.30 pm and the arrival time supposed 4.18 pm .The driver came 5.10 pm so I refused to receive the order. I will not deal with this restaurant again.
240,طعم أصلي و كميات معقولة جدا. عروض جيدة للتوفير. متميز.
241,كان كويس لكن النودلز جت كلها متكسره اوي والخضار فيها مش فريش زي ما متعوده من المطعم ده
242,مالح جدا
243,الأوردر كان ناقص سلطة الكرنب و كلمت المندوب وقالي هيوصلها مع الأوردر الجاي و دلوقتي عايزه أعمل اوردر و ييجي معاه السلطه
244,"The rice wasn’t cooked well, the chicken sweet and sour was not fresh at all, the chicken tirriaki wasn’t soo bad as the sauce was soo much so it covered it up Plus the food was mixed all together"
245,the meat was very bad taste as and I ask for rice with extra portion of nuddles . I got only commercial nuddles not the Chinese one . very very bad experience
246,Food was great but chicken portion was small
247,bad
248,Perfect
249,the food was fine but it was delivered after one and half hour and cold
250,The noodles was spicy and i didnt order it to be spicy
251,Packing needs improvement
252,the salads on both meals didn't arrive. I contacted the restaurant's customer service and informed them. they informed me that they would send the salads but they didn't.
253,"the dumplings tasted sour like the vegetables in them went bad, there were multiple hairs in my noodles, the spring rolls came with one spring roll and one samosa. The order arrived 2 hours late and the experience was very bad, never eating here agai"
254,Noodles were very dry and tasteless and the portions were very small
255,الاوردر وصل غلط وغير قابل للاكل وحش
256,The food was good But I ordered a cucumber and i got kemchi And there was no chopsticks and i paid extra for it And there was no even a cover
257,الفراخ كانت بايتة
258,Order never arrived
259,بصراحة من أسوأ المطاعم من حيث الاكل وتجربة التوصيل، مرتين بطلب منهم و الاوردر يجي ناقص واكلمهم يقولوا الاوردر هيطول فبقولهم يبعتوه ومفيش حاجة بتوصل. منصحش أي حد يتعامل معاهم...
260,الاكل حادق جداً و الفراخ كانت ناشفة و مفيهاش صوص و كميتها اقل من كل مرة
261,Food was Cold and it took longer than it was supposed to to arrive
262,"It was literally non edible I through it all and didn’t eat the noodles where like chewing plastic , chicken tastes like floor not chicken at all, even spring rolls was bad it was super salty …. I won’t get anything again"
263,chicken was overcooked and dry
264,my order came so late
265,الاوردر جاي من غير ستيكس مع اني طالبها ولا جاي بكافر حتي في شوكه او معلقه المفروض اكل ازاي ؟ غير اني طالبه ٩ ونص جالي ١١ الا تلت ؟؟
266,Regular noodles instead of udon
267,اول مره اطلب ويكون سئ كدا طعم النودلز غريبه جدا كأنه بايظ والفراخ مش حلوه والاكل اترمى
268,worst Chinese ever.. never again...
269,Very poor quality and The food tested very bad .
270,المستوي بقي سيء جدا للاسف
271,NA
272,The order arrived completely leaked
273,sauce was fill out of the box
274,The meal I ordered was missing the Chinese cabbage salad.
275,I ordered udon noddles they sent me ramen noddles
276,Order came very late. Salad was awful. Rice and checked were okay
277,dumpling was missing and it came about an hour late.
278,اللي وصل الاوردر اخد فلوس زياده بالعافيه ب حجه انه مش معاه فكه مع العلم اني مأكده علي في التليفون يجيب معاه فكه و اسلوبه غير مهذب
279,كل حاجه فيه كانت الجوده مش احسن حاجه
280,food was very cold
281,بس اللحمه قليله بطريقه اوفر بصراحه
282,So dry
283,الكرنب الصينى ماوصلش مع الاوردر وبدل السامبوسة الهندى كان فيه ٢ سبرنج رولز
284,الطيار مهذب والطعام ممتاز
285,الدليفري بتاع المطعم قليل الادب وقدمت شكوي فيه وفمدير الفرع طه والمساعد هشام فرع امريكانا بلازا الشيخ زايد
286,الاوردر وصل بعد ساعتين ونص من الطلب و جي بارد رفضت استلامه
287,طعمة كان مش حلو وحصص الفراخ قليلة جداا وعبارة عن بصل
288,N
289,The order was cold
290,The packaging was awful all the sauce of the chicken was poured out of the box the quantity of the chicken was too small and for the noodles it wasn't fresh and tasted awful also
291,الاكل وحش جدا عير ان الاوردر جالى فى ساعة ونص
292,Food was too salt and they substituted the samosa with spring rolls charging me extra without consulting me first. The only nice thing about the order of the nicety of the delivery guy. Never buying from you again.
293,Chicken was super salty and the noodles were dry.
294,"Excellent food, was delicious and warm but arrived after double the time of its delivery and had to contact customer service"
295,حصل تاخير ساعة ونص
296,The food was 30 minutes late ☹️
297,There was a hair in noodles
298,المفروض ان الوجبة فيها سمبوسة ورول واللى وصل ٢ رول
299,Wrong items
300,انا طلبت وجبة عبارة عن لحم و ارز و سلطة كرنب و لكن وصلى فراخ و ارز و قطعتين سبرنج رولز ..و للاسف طبعا اكتشفت دة بعد ما اخذت الاوردر و المندوب مشى..تجربة سيئة و اول مرة اشوف مطعم بياكلنا على مزاجة..تصرف غير مقبول و طبعا مكنش فية اى وسيلة انى اتواصل مع
301,كميه الفراخ صغيره بالظبط ٤قطع! والباقي بصل
302,لا يا جماعة. مبقتوش زي زمان. غليتوا سعركم مقابل ايه معلش؟ لا طعم ولا كمية وبتاخدوا وقت طويل جدا في التوصيل.
303,More than two hours to receive the order and the food was cold
304,مفيش لحم اصلا عبارة عن بصل فقط
305,Chicken portion is ridiculous for its price
306,"Asked for no Onions but they added extra onions , very late delivery"
307,Order arrived more than 3 hours late
308,Very disappointing
309,Value for money 👎🏼 Late order + wrong items + low quality
310,ساعتين تاخير
311,الاوردر جبه متأخر جداااا فوق الساعتين و الاكل جيه ساقع تلج
312,And packing It was a terrbile experience
313,الاوردر اتاخر جدا وكان مدلوق في الشنطه و كان طعمه وحش جدا جدا جدا
314,average food small portions not worth the price
315,الاكل كان بارد
316,الاوردر وصل متأخر بعد الفطار ب 45 دقيقة
317,Very bad food
318,الاكل كام فيه شعرة
319,الاوردر جه متاخر بساعتين و جه غلط في الاخر
320,اوردر الفطار اتاخر ساعة والاكل جه بارد ومش موافق للتعليمات اللى كانت مكتوبة
321,الاورده وحش جدا وجايلي بمكرونه اندومي و مش نودلز اللي متعود اجبها من عندكو والاكل كان بارد جدا انا حرفيا ندمت ان قررت ان اطلب الاوردر ده اصلا
322,الصوص مش احسن حاجه اول مرة ادوق سويت اند سور بالطعم دا بصراحه مكنش حلو خالص
323,I received the order after 2 hours of the estimate time and i didn’t receive the sauce and the menus customer service answer me after two hours
324,Didn’t receive the cole slaw nor the the coke
325,order came without Cola maxi
326,I did the order at 5:00 and receive it at 6:47
327,Order was too late
328,Food quality and taste was so bad
329,Order was different and things were missing I waited about 1 and half for the food and the portions were smaller than usual
330,الاكل وصل في حاجة غلط انا كنت طالبة رز جالي نودلز ومفروض تجيبي سمبوسة فراخ جالي سبرينج رولز خضار !!! والأكل بااايت جدا وطعمه كان وحش الصراحة اووحش مرة كلت فيها منكم وانا مش هكررها
331,الاكل كان حلو بس نسيوا حاجة من الاوردر
332,اتصلتو عليا قلتو في سمبوسه بالكاري و برضو اديتوتي سبرنغ رول ؟؟؟
333,لا انصح بيه على الإطلاق الاوردر وصل بعد الفطار بساعة و الأكل كان بارد
334,i got a vegetables spring rolls instead of chicken samosas
335,missing items
336,chicken portion wasn’t enough
337,Late delivery
338,noodles could taste better protein portion is unfilling
339,Not satisfied
340,What i ordered is not what i go Supposed to be chicken sambousak what i got was spring rolls
341,Need some one call me. ..!!! Now now now now now
342,الجوده سئ و الاكل جه متأخر
343,لذيذ بس اتاخر شويه كنت عايزه الساعة 5 عادي بس حلو اوي الاكل براڤو♥️♥️♥️
344,الاوردر موصلش !!!!!
345,Tiny chicken portion
346,الطلب لم يصل آخر تعامل
347,I ordered combo chicken sweet & sour with noodles - however i the plate was full of vegetable with only 3 or 4 pieces of chicken!!! The protein portion is too small or even not exist
348,الاكل جه بارد و متأخر و اشتكيت و محصلش حاجة حسبي الله و نعمل وكيل
349,lesser portion than last time and did get sambosa I got spring rolls and they were horrible
350,Worest experience ever. I ordered at 3:20 pm. It's 5:40 pm now and the food didn't show up. I called the restaurant two times. they just apologize and saying it's on the way. I didn't choose iftar time option.
351,و الرز كله عبارة عن بصل اخضر ب٥ حبات رز، وحش اوى، و ٣ قطع فراخ بالظبط
352,it tastes very bad with very bad packaging
353,gave me a stomach ache
354,"wrong order, arrived after 2 hours and food quality is bad"
355,بيزودا في السعر عن المكتوب علي الابليكشن
356,Good delivery and amazing food
357,the bbq chicken it had too much salt it was barbecued well and had no taste other than salt and water very dissapointing
358,الطعم غير مقبول نهائيا وكانهم عملين چيلي
359,The longest ive ever waited for an order and it came v cold
360,الكميه قليله جدااا
361,"I waited for so long for a cold tasteless meal Chicken was dry, noodles had only soy sauce couldn’t taste anything else and the spring rolls were cold"
362,Nice
363,Percect
364,الاكل كان مبهدل شويه وبارد
365,الاكل وصل بارد جدا
366,"took 2 hours, wrong type of spring rolls and quality is horrible"
367,Delivery took 2 hours to come after contacting the shop many times
368,It was so bad and it had sth tastes very bad in the noodles
369,الاوردر كان ناقص الخس والكميه قليله
370,Order quality is amazing ♥️
371,من احلا المرات بجد كمية حلوة اوي و تيست خطير
372,The chicken wasn’t good and the sauce had so much vinegar. The pasta was over cooked and had a lot of onions. I walk with with diarrhea and stomach problems. Will not order again from Wok and Walk.
373,جميل جدا ، البروتين بس زودوه شوية كمان .
374,الدليفري عندكم بياخد ساعتين
375,"It came later than the told time. The food was cold, the vegetable noodles box had no vegetables, the Korean cucumbers were switched with cabbage without informing me first. The only good thing about the order was the Indian samosa. 4/10"
376,الاكل حار دون ان يذكر ذلك في الموقع
377,Taste very bad not worth its cost and very cold
378,لقيت شعره طويله جدا في النودلز!!!
379,"Very bad taste , cold not worth a pennie"
380,"they got my order wrong, driver was rude food tasted well atleast but never ordering from that place again"
381,they had only a very small amount of salad and the noodels was not even filled to the half of the package worst experience ever
382,The food was cold but the taste and portions were amazing👍🏻
383,كان زفر وطعمة وحش جدا
384,بارد
385,Very late delivery Small chicken portions
386,الاوردر وصل متأخر وبارد وناقص منه كمان ال korean cucumber
387,The sauce was spilled all over the bag. There was hair in the chicken sweet and sour and vegetable noodles. Very bad experience.
388,الرز حمضان وريحته وحشة اللحمة كويسة
389,جاي بظبط ٣ مكعبات فراخ و مكعبين لحمه و قدمت شكوي و كلمت الفرع و اللي اتقال ان ده الكميه الطبيعيه اللي هتوصل لاي حد هيطلب الوجبه دي غير كده كمان مافيش اي صوص عالاكل ولا حتي النودلز فيها صوص
390,الاكل جه متأخر وبارد جداا وكمان نسيوا ال korean cucumber
391,The chicken portion was very little
392,تعبتوا نفسكم و حطيتوا فراخ ليه كنتم متحطوش خالص ارحم و الله من الذل دة دة و لا اكننا دافعين ٢ جنيه في الاوردر
393,Arrived very late wrong order i requested Korean salad but sent Another salad Noodles was cold and not tasted very very bad experience
394,Taste is not as good as before. Portions are less than before.
395,"I had ordered vegetable noodles and chicken sweet and sour , but the order was vegetable noodles and chicken breasts with a different sauce and without breading, that was not my order .. there was no sweet and sour. and I have photos to the order ."
396,الكميه قليله اوي بصراحة بس الطعم حلو
397,The order was missing items
398,الأكل سئ جدا جداا جداا الأوردر اتأخر ساعه ونص بعد ميعاد وصوله الأكل وصل بارد و النودلز زى ماتكون متاكل منها حجم اصغر وطعم صوص الفراخ بشع التجربه كلها سيئه مش هتتكرر تانى
399,الاوردر فيه كل العيوب اولا بارد جدا والاطباق اكتر من نصها فاضي كأنه عشان عرض يكون سئ كده
400,All was very good but chicken portion was little and food arrived a litter bit cold other than that all is exceptional
401,"that was the worst experience ever I will certainly not use this restaurant again late delivery for hours, customer service sucks and the food is cold I was about to leave work and go back home and I had to wait for the food"
402,Didn't receive the order
403,وجبة مش عليها حتى عرض ولا خصم الاقي فيها ٤ قطع فراخ صغيرين بس ! كده مدفعنى فلوس اد كده عشان مكرونه وبس؟!
404,Order arrived after more than 2 hours with complaint & as expected the food was cold & order cancelled
405,الطلب وصل بعد ساعتين و خدمة العملاء و مدير الفرع قمة في الاستهزاء بالعملاء
406,I kek
407,excellent driver
408,The noodles arrived with less than half of the box full… the taste was not good at all
409,The meal was cold
410,الاكل كان وحش جداااا انا بطلب نفس الاوردر ده قبل كده وعمره ما جه طعمه وحش كده حتى النودلز كانت وحشه والارز
411,Good flavor but came almost cold
412,Eat it it is so so delicious
413,اوردر متاخر ومن غير شوكه وبارد اوي
414,"Food was not newly made, not fresh at all."
415,"The food came 1,5 hours late, was cold and not very good quality"
416,الكمية أقل من المعتاد والمخللات لم تصل ووقت طويل جدا لتوصيل الاوردر
417,the portion of the chicken sweet and sour was a much smaller amount compared to the last time I ordered the same meal
418,Food wasn’t hot.
419,"If you want good recipe for good noodles - write to me. So bad ,, the chicken pieces was not fresh at all, the noodles is boiled not stir fryed."
420,payed for chopstick and didn't get them
421,order came late and was very cold. other than that it tastes nice.
422,worst food i ever tasted
423,"I ordered hong kong fries and after one hour order should came the restaurant called me informing it is not available and he replaced it with spring rolls which is cheaper than hong kong fries and didnt give me money back , aldo i request vegan it ..."
424,النودلز طعمها مش حلو و بايته
425,انا طلبت اتنين سويت تشيلي صوص و دافعة تمن الاتنين جالي واحد
426,2 hours waiting
427,didn't take my note to make spicy separate in consideration
428,Food was super cold and tasteless
429,food was cold
430,The order didn’t arrive
431,tha package was leaking
432,J
433,"No taste, the worst time"
434,They forgot all the sauces I paid extra for! Cold food
435,Bgad worst time ever
436,The spring rolls wasn't fresh and was cold
437,الاوردر كان بارد و طلبت chopsticks و مجاتش
438,الاكل مالح جدا وسيء تجربة سيئة لا ينصح بها
439,الطعم سئ للغاية
440,طلبت النودلز تيجي roman وجات عاديه
441,first time the food comes this bad and this tasteless
442,over half the order didn't show up!!!! and no one resolved the issue!!!
443,Very salty
444,اخر مرة اطلب منهم الاكل اخد ساعتين علشان يوصل والاكل بارد وحاجه تقرف
445,الأكل بارد جداً و الفراخ قليلة جداً
446,حلو اوي
447,"wrong order, packaging was all over the place and all over the bag"
448,But the noodles was bad so much
449,So bad
450,"chicken wasn't fresh , rice was terrible & had no vegetables"
451,Quality is the worst
452,delivery was late it took about 2 hours since I ordered
453,لم يتم توصيل الطلب
454,The sauce was awful very watered down
455,The noodles is soooo cold and dry without any sauce no vegetables added Dumplings is not fresh Last order from dis restaurant
456,سئ و زفرررررر اللحمه و الفراخ بجد أخر مره هجيب منه
457,الفراخ كانت زفرة جدا
458,Extremely over salted
459,السبرينج رولز مكنتش حلوه زي كل مره
460,Food was super cold!
461,Hell nah
462,Beef teriyaki was out of this worrrrld 🌟🌟🌟
463,الاكل كان حلو وكمية كويسة وجوده محترمه
464,"it is really overpriced for the portions of chicken I got, it was all carrots and onions no chicken and for this price, this has to be a joke. I could really get double the portions with higher quality and half the price from other Asian restaurants"
465,"Menu offer includes spring rolls & we received the delivery without it, when contacted the rest. they informed us that the offer is wrong"
466,taste of the pasta
467,Over price
468,2 chicken pieces and 4 thin beef slices and the rest is vegetables??
469,The order arrived extremely cold and super late after more than two and half hours!!! What kind of service is this?!! Absolutely TERRIBLE!
470,Very very very baaaaaaaaaaad
471,Doesn’t taste good
472,زفت اكل وحش جداااااااااا فى ديلفرى و ملوش طعم و خضار قديمممممممم و اوردر جه غلط
473,وجع بطن فعلا
474,سئ جداا والكواليتي سيئه جدا
475,الأمل سيئ جدا آخر مره هطلب من المطعم بجد وحش اوي
476,Temperature
477,تجاهل الملاحظات وطعمه وحش
478,خرا استغفر الله العظيم بأمانة طعم وحش موووت
479,The Noodles packaging was awful as the soy sauce leaked everywhere and it was very salty
480,worst communication skills and professional knowledge
481,مطعم سيء جدا و إداره لازم تتغير مفيش حد بيفهم حتي تكلمه
482,بعتولي ٣ سمبوسك و مكنش في اي سبرينج رولز
483,arrived cold. No support from elmenus or chat option.
484,Food arrived cold as fuck
485,Delicious food and fresh portions but the delivery took more than 2 hours to arrive
486,This food is not asian food it made with ketchup !! Worst food ever taste
487,F
488,i got sick
489,"The order was 371 pounds i paid 400 and the delivery said he was going to go get change, he never came back and i have yet to receive my 29 pounds. This blind stealing, and If this is the standard i can expect from ElMenus drivers, this may be very w..."
490,It’s good authentic asian food but they need to focus on quality control sometimes i’ve tried it 3 times and id only recommend it 2/3 of the time
491,Too much vinegar in the chicken sauce !!!! Really not as it used to be before .
492,Very spicy
493,Poor
494,سئ جدا و الأوردر وصل متاخر. انا كنت طالب نودلز و جالي رز بداله رغم انه مكتوب في الريسيت نودلز اصلا.
495,التشيكن سويت ساور حلو جدا ، الرز في طعم محروق شوية ، السبرينج رولز طعمها لذيذ و محشية كويس ، الكابوتش الصيني ده جامد اوي الصراحة كمقبلات فالتجربة كلها 8/10 😁
496,Was good but small portions
497,نودلز مليانة ملح وفراخ قليلة
498,Worst Chinese food I've ever experienced.
499,noodles didn’t taste good
500,علبة النودلز نصفها فاضى
501,Zeft w arf w order aslun magash w khasmo flos ml visa 3lfady
502,الاكل كان خرا يقرف
503,Chicken not good so so bad !!! Noodles have no taste!!!
504,Low quality bad cooking
505,فرع المعادي نودلز باردة ومعجنة ورجعتها وجاتلي باردة تاني. وللأسف مفيش أمل بقا علطول بنفس الأسلوب.
506,"The worst thing you can do to yourself is ordering from this trashy place ! i ordered the pepper noodles and the sweat and sour chicken, which are the most liked in the menu, and it tasted horrible, and it was super oily and expensive. i got food poi..."
507,طلبت الاكل جالي غلط و كلمتهم ٤ مرات و الحمد لله بعدها حد كلمني من الادارة عشان يبعت الاوردر بتاعي جالي بعد ساعتين بس الحمد لله و الاكل وحش جداا منصحش حد بيه ابدا
508,accepted my order then after waiting more than 1 hour we found that the restaurant is closed and no one answered you
509,late delivery so i cancelled
510,"the noodles were cold and tasted like no salt or no flavour. Besides that the order took more than 1 hour , so I thought it will be fresh and hot but it was not"
511,Driver overcharged
512,الرز سي
513,الاكل بجد كان بشع الفراخ مهرية و مفيهاش صوص النودلز مافيهاش خضار بجد تجربة سيئه و مش هطلب تانى ابدا منكم
514,الارز كان حادق ومش مستوى
515,Very disappointed
516,الاكل سئ جدا من ناحيه الجوده كان مهري كإنه متسخن كتير او بايت. والاكل غير طازج والارز غرقان في الزيت
517,The noodles are average
518,"Order was awful, and cold"
519,The food was burned
520,ده استهبال بعد ساعة و نصف يلغي الاوردر من نفسه
521,After placing the order and the money was withdrawn after 40 mins the delivery guy called me to tell me that he can’t deliver to my location although my location on the app is within zone
522,الاكل سئ جدا بجد والسلطة كانت دبلانه وفيها شعر والفراخ لاقينا فيها حشرة واتقرفنا ناكل
523,the taste was really bad it tasted like it had gone bad over night and it isn’t the first time
524,الاكل وحش جدا جدا جدا و الكواليتي وحشه جدا بصراحه الrate زيرو زيرو زيرو
525,very good this time. Thank you💕
526,الاكل حلو اوي
527,Thank you so much
528,Very good
529,Was delicious. Thank you Wok and Walk.
530,Perfeeeeeect bsraha el Sweet And Sour kan to7fa ❤️❤️❤️❤️❤️
531,الاكل كان لذيذ جدا
532,The best sweet and sour ever
533,Super fresh and it came in less than 45 minutes! Great experience
534,ممتاز جدا 😍
535,to7faaaaa! my favourite asian restaurant!
536,الأكل كان طعمه حلو جدا وجه سخن اوي والكمية كانت كويسة
537,الكواليتي جميله و الاكل كان نضيف
538,Food was cold and very greasy and salad was terrible and it tasted like it was made 2 days ago
539,"It is one of the best restaurants that offer Chinese taste, the delivery is good, and their treatment is beautiful and really has a different taste."
540,الاكل ممتاز التيست جميل والاكل سخن ومندوب التوصيل زوق جدا استمروا 😋❤️
541,الاكل تحفه وسخن وفريش وخدمة توصيل سريعه 🥰🥰🥰🥰🥰🥰🥰🥰🥰🥰🥰🥰🥰🥰🥰
542,كانت تجربة جميلة جدا او مرة كنت اطلب اوردر من ووك اند ووك والاكل كان ممتاز جدا عن اي مطعم اسيوي انا كلت فيه قبل كده وان شاء الله مش هتكون اخر تجربه من ووك اند ووك
543,الاكل كويس جدا ♥️♥️♥️♥️♥️♥️♥️♥️♥️♥️♥️♥️♥️♥️♥️♥️
544,الاكل واصل سخن و الفراخ كرسبي بجد تجربه ممتازة ♥️
545,الفراخ زفرة جدا جدا و جالي ولاعة جوة الكيس بتاع ال package
546,الاكل ممتاز وخدمه الدليفيري ممتازه والاصطاف متعاون
547,الاوردر وصل سخن وبسرعه 100/100 👌👌👌👌👌
548,النودلز من غير خضار خالص و السويت اند ساور بايز طعمه حمضان و حاجة يعني زي الزفت
549,Order arrived 35 mins after the expected time. Very small portions for the chicken & beef !!! Noodles had almost no vegetables & not tasty at all.
550,تجربة سيئة جدا جدا أولا الاكل جه ناقص. كلمت خدمة العملاء وقالولي هنتواصل معاك معملوش حاجة كلمتهم تاني راح مدير الفرع اتصل بيا وعرض فعلا إنه يبعت الحاجة الناقصة بس دا كان بعد ساعتين من الاوردر لما جه. ثانيا النودلز والسبرنج رولز كان مستواهم أحسن بكتير...
551,Spring rolls had a strange taste
552,Didnt come
553,"The food was extremely late! I got the wrong salad + no samosas, and the sweet&sour was too sweet. I called customer service, and they were useless. The lady apologized and hung up it wasn't helpful at all. I will not recommend it! 😖"
554,الاكل قليل جدا الدجاج واللحم والرز ني واترما جودة الاكل والكميه قليله مقابل السعر
555,"The order was wrong, I ordered 2 BBQ but all what i received was just sweat and sour"
556,سئ جدا جدا جدا الفراخ كانت وحشه وطعمها يقرف والنودلز ملهاش طعم و ملزقة ومكتله في بعض و الكميه قليلة جدا بالرغم من السعر و بجد تجربة وحشة جدا
557,The food is very bad and the quality is so sick My stomach aches and I got very sick because of this food
558,طلبت فراخ سويت اند ساور و بجد تجربة وحشة جدا جدا الفراخ طعمها وحش والنودلز ملزقة وجودتها رديئة اوي ومفيش صوص اصلا وكل حاجه وحشة بجد
559,الوجبه باردة
560,Portions of the chicken & beef were literally 4 pieces!!
561,The food was very bad and tasteless
562,there was a missing item
563,Ramen noodles smelled and tasted bad (like they went bad in the heat)
564,النودلز معجنه ،الفراخ عباره عن عجينه بس و حتي مفيش خضار معاها ،الspring rolls طعمها زيت سيء جدًا
565,Spicy chicken wasn’t fried and it tastes so bad
566,The chicken was a bit soggy
567,the sweet and sour chicken was soo good. the noodles were salty. the box filled with noodles was 1/4 empty. I ordered cabbage and I received cucumber.
568,Very poor quality
569,I got the order with Missing items and they i escalated and they give me a call after 4 hours
570,package was in a bad shape. soggy and box came opened.
571,اسوء تجربة السلطة كانت ( حامضة ) و طعمها سيء ومذاقها غير طازج طلبت beef و فراخ سويت اند سور و جاء مكانه وحبتين فراخ سويت اند سور كمياتها قليلة و ليس شهية علي الإطلاق لا يمكن تجربتها مرة اخري
572,Food was fine but the portion were unusually small
573,Food was almost 2 hours late and was cold. Not ordering from elmenues again because it happens all the time. Very bad service
574,"the sweet and sour sauce is just vinegar and ketchup, the chicken/beef in all the meals is very very little, and on top of all of this the order is always late not to mention the meals are very expensive compared to the quality"
575,الفراخ زفرة ورمتها في الزبالة
576,الفراخ بايظه و المكرونه معجنه و كواليتي بشعه مقابل السعر بتاعهم
577,Vu
578,Order deliverd missing items
579,الاكل ملوش طعم
580,didn't come
581,تاخير لاكتر من ساعتين و عدم التواصل حتي لتوضيح سبب تاخير. ولازم اتصل ٣ مرات عشان اعرف اوردر وصل فين !!!!!!
582,"that's not black paper, so salted unfortunately"
583,"so little portion and the food didn’t taste good at all, and the quality of the food was bad and the portion is so so little"
584,Very bad
585,"delicious, but the chicken was soggy, not crispy, and the salad was not tasty. the vegetables were not fresh."
586,I didn’t receive the order the they canceled it after 35 mins
587,بقى وحش جدا جدا
588,اسوء مايكون الاكل ملوش طعم و لا في اي حاجه من اللي كانت بتتحط في زمان بقي سئ جدا جدا
589,الاوردر جه علط و الطعم زي الزفت ميستهلش الفلوس خالص
590,"Food delivered 55 minutes after confirmed time. called both elmenus and the restaurant, both associates are very poor and need proper customer service training! Food delivered upside down, all boxes open and noodles fell of! Never ever again 👎🏻👎🏻..."
591,الاوردر وصل متأخر عن الوقت المتوقع
592,مطعم زباله واداره زباله وديلفرى خرا
593,اسواء فرع واسواء اداره واسواء ديليفرى زباله
594,Very very bad
595,الدرايفر خد اكتر من ساعة الا ربع عشان يوصل الاوردر من غير اي سبب
596,تعبأة الnoodles فى كرتون. طعمه كان كرتون مكنش ليه اى طعم تانى. الفراخ طعمها غريب ومفرولة
597,تأخير غير مقبول
598,Order did not arrive
599,Not the wok and walk i am use to ordering from it tasted horrible and it was cold and it came late. And i asked for the beef and there wasnt any how can a respectabl restaurant not have beef especially that it is on the menu. i hated the experience.
600,the chicked was spoiled
601,"Horrible just horrible. The restaurant and El menus have managed to work together to orchestrate the most horrendous service ever ; missing items , late order , failure to call back on two different occasions and lack of support ."
602,Disgusting
603,Worst time to eat from wok and walk ever
604,الفراخ الباربيكيووو كانت حمضانه يعني شبه خربانه والدليفري قمه في قله الادب وقله الذوق وغلط فيا بعد مااستلمت منه الاوردر وحاسبته واخذ ١٠ جنيه زيادة و غير طريقه كلامه الغير مقبوله نهائي ، بجد اوحش اوردر طلبته من ووك اند وواك ، شكرا 🙂💔
605,"The order came late by almost 2 hours. One item from the order was wrong. I received sweet & sour chicken instead of Szechuan chicken (I don’t like sweet & sour) The rest of the order was excellent. Even though the order was very late, the food was ..."
606,Too spice
607,"Portions are externally bad, very tiny dumpling not worth 60 pounds and the noodles came less than half of the potion"
608,ملح زيادة
609,The noodles taste is so horrendous I felt nauseous
610,الnoodles كانت واقع منها الsauce والكيس غرقان
611,و مفيش اي استجابه منكم او من المطعم
612,No ingredients just 1 or 2 pieces chicken and beef And the rest is sous and vegetables It seems to be بواقي اكل للمطعم Its the worst order i had ever ordered ❌
613,The spring rolls tasted like the veggies in them were honey bad. I threw it out. And in general the veggies in the noodles had a strange aftertaste as if it’s about to go bad! For sure none of the veggies were fresh! This is my last time ordering th...
614,Packaging was so bad
615,sauces were not tasty at all. I ordered schezuan and got home.made sweet and sour sauce with vinegar and acidic taste the portions are also small. The noodles are fettuccine (pasta.) the appetizers were not bad.
616,Chicken were not well cooked so creepy
617,النودلز كانت حادقة زياده
618,wrong order with extremely bad communication
619,الاوردر سعره غلط والدلفري بعتلي فاتوره تانيه ازيد 10 جنيه
620,salty & not fresh
621,Too salty
622,حالي جداً
623,The dumplings were inedible
624,الاكل موصلش كله الكنافة موصلتش اصلا جت قطعتين في الشير بوكس و الشيلي كنت طالبة اربعة صوص جه واحد بودر و بوكس البيف كان صوص بس و قليل جدا
625,الاوردر وحش جدا و بارد
626,الأكل مالح
627,chicken was awful
628,Worst experience
629,اكل كله مزيت جداًجدا و مفيش طعم هو ملح عالى فقط
630,Very salty and the meat quality is very bad
631,كميه البصل كتيرة جدا ياريت لو كتبت ملاحظه وشرائح اللحم مش تمام
632,النودلز قليلة اوي
633,الاكل كله كان حلو و كويس بس النودلز للأسف حمضانه و الخضار فيها قليل جدا
634,The noodles were dry and it was spilled in the bag!
635,The food was good. Operationally the restaurant is not able to take an order or deliver . 2 missing items & one order delivered wrong item
636,portions are less than usual
637,الاوردر مجاش اصلا حاجه دون المستوى من السيئ للأسواء
638,"everything was so mushy , it ruined the entire experience, not to mention food was a bit cooler than usual"
639,"The food taste was extremely bad, not clean as well. I found a hair in the salad and it wasn't cheap at all, I won't order again from this restaurant"
640,"The noodles were so salty along with the spring rolls, literally the worst thing I ever had"
641,"driver was rude, yelling at me a lot on the phone because he didn't know the street I told him I lived on. he was lost but address is in the app. when he got here he disrespected me by ignoring me and waving me off. he deserves to be fired honestly"
642,Late.
643,order was not even delivered
644,الاوردر جه غلط
645,didnt recieve the noodles
646,سئ
647,Small portion
648,الرز مكانش في خضار كويس
649,Taste not as expected
650,too salty
651,الطعم مو مثل ما اتوقعت الاوردر اتاخر السواق بس يتصل ويسال عن الموقع الصراحة اسوء معاملة
652,أسوأ أكل ومقلى فى زيت زفت
653,اللحمة زفرة و الأرز متسخن في الميكرويف لحد ما بقى مالوش طعم.
654,The noodles over are so over cooked
655,Items in the menu was nit available
656,Delayed delivery
657,كميه قليله
658,طلبت mix order واحد فراخ وواحد لحم وصل الاثنين فراخ وانا لا ااكل الفراخ بسبب هذه الغلطه لم اكل غذائي و اضطررت لطلب أوردر اخر 😡
659,علبة النودلز نصها بس اللي فيه نودلز. كلمت الفرع قالولي دي الكمية الجديدة. بجد كمية متكفيش بني ادم. راحت عليا الفلوس اخر مرة اجيب منكم
660,driver was so polite and fast but restaurant gave him order too late
661,سئ جدا
662,Its not delivered till now!!!
663,الاكل حلو جدا وسخن وفريش وفى صوصات حلوة كتير
664,Not fresh.no sauce
665,تجربة سيئة جدا.. طلبت نودلز مع تشيكن سويت اند ساور وكانت النودلز محروقة والكمية قليلة جدا كان نص العلبة فاضي.. لن أكرر التجربة بكل تأكيد
666,Portions were too little. Only half of the noodle box included noodles. So basically I paid for two and had one.
667,The food tasted AWFUL!
668,الاكل حلو بس التوصيل ساعتين
669,اكل بارد و النوديلز قليلة و باردة جدا و الاوردر خد و حاش السمبوسة الي في الطلب و خد ساعتين عشان يوصل تجربة سيئة جدا بالاضافة لخدمه عملاء سيئة و يصعب الوصول لها تطبيق فاشل طلبات افضل
670,وحش اوى بجد طعمه بشع
671,الاكل وحش جدا و المكرونه ناشفه و الفراخ رديئه جدا و الأوردر خد اكتر من ساعه و ربع
672,واحد من بوكسات النودل جاى كمية قليلة ومافيش شوك او ملاعق عشان نستخدمهم وكنا فى الخارج
673,the nudels quality wasn't that good
674,بشع وجاف مفيش صوص وكمية صغيره عكس الصور
675,ملح كتير و وجع بطن
676,They accidentally Added extra portions of sweet and sour chicken which I was overcharged for.
677,Bad taste
678,المستوي بيقل في كولتي الاكل جامد تحس كل مره بتطلب من مطعم غير مش سابتين علي طعم و اللحمه كانت زفره بس مقبول
679,Thank you
680,too salty and most probably missing soya sauce
681,The portion of the chicken is very small!!
682,سى سى سى سى سى
683,"salty, flat taste, foodcourt quality"
684,الطعم مش زي ما توقعت، ضعيف
685,الاكل وحش و النودلز تقريبا مستخسارين يحطوا صوص حاجه كدة مش حالك
686,السعر في الفاتورة اعلى من التطبيق!!
687,Portions were not enough tbh
688,"the noodles especially very poor and the portions were fewer, I ordered the offer that contains a Korean cucumber, spring rolls and sambosak but it only had one spring rolls, sweet and sour chicken and the noodles( that was poorly made )."
689,التغليف غير منظم و الصوص مبهدل الشنطه
690,الاكل سئ للغايه
691,الاكل طعمه سئ والنودلز فيها ريحة كانها بايظة
692,H
693,كان في دوده في الاكل
694,اكل حمضان !!!!!!!
695,"Completely disappointed, Order is missing, Food smells spoiled!!! , two cabbage salads were missing, dumplings were solid when they must be solid, sweet and sour tastes like ketchup sauce with some noodles water. There is absolutely no quality contro..."
696,طعم الاكل كان سئ جدا جدا جدا والفراخ كانت قليله جدا جدا
697,I got a different order noodles instead of rice
698,"The food is very bland and just has wayyyy too much salt over it. The spring rolls are okay, the spicy chicken tastes worst than boiled chicken, the spicy chicken sauce smells weird and tastes like they heated up ketchup and put some chili on top, an..."
699,The salad portion was too little for 40EGP
700,الاكل مكنش حلو مش زى الطبيعى
701,ملح زياده جدا
702,Horrible experience احقر تجربة اكل عدت عليا الاكل قذر وزفر جدا ويقلب البطن وريحته تقلب البطن كلمتهم عشان اشتكي كلمني واحد قالي الصوص مش بتاعنا احنا بنشتريه جاهز!! مع ان ده اصلا مش رد يعني قولتله انا مش مشكلتي في الصوص الاكل زفر واللحمة زفرة قالي هبع...
703,Low quality low taste low ingredients
704,كمية الفراخ والبيغ قليل جدا والباقي بصل
705,Tastless
706,This is the worst thing i have ever hate in my whole life honestly
707,جبنا الاكل و جالنا تسمم الاكل سيء جدا
708,"Noodles has very excessive garlic taste that i throw it away, the Szechuan sauce was a ketchup sauce but alitte spicy this isa not Szechuan at all"
709,السويت اند سور سويت بزيادة والسبرينج رول حادق اوي
710,noodles were too salty
711,food was not good at all
712,The noodles were overcooked
713,"there was something really stinky with the food it was as if it was expired or something, i couldn’t finish it and it smelled really weird as well…"
714,Disgusting Won’t order it againnnnnn in my life Raw chicken ew!
715,Quality is so bad Im disappointed! i will never order from you again last time.
716,Order came after 2 and a half hours and of course it was cold and it tasted horrible
717,"That’s the third/forth kind of sauce from wok & walk and it tasted too bad! Not my opinion alone, but other’s too"
718,They didn’t care about my special request plus the chicken in the spicy sauce where too small portions
719,الدليفري كان كويس بس الطلب أتأخر أوي عقبال ما جيه و كان الأكل مش سخن و الطعم مش زي المعتاد كان مش أحسن حاجة بصراحة
720,"Food was really bad , chicken taste was awful"
721,great food but i ordered beef and received chicken
722,the rice was not good
723,..
724,اسوا تجرب في حياتي مش هاكرر تاني
725,They forgot the chop stickes
726,Noodles and rice were too dry
727,It was dead salty
728,سيء لابعد حد وساعتين ليوصل .. و النودلز بارد وملوش نكهة ولا طعم
729,Didn’t get beef spicy & the portions is samll
730,"The worst experience! Not the first time to have my order extremely late, no coordination between the branch the dispatcher and the courier, food delivery after 2hrs+ and cold, very disappointed"
731,All is perfect
732,I didn’t receive the order
733,الاكل كله مزيت اوي و وحش والكميه قليله
734,هو الاكل جه حلو وسخن بس نسيوا السموسة اللي كانت مع العرض والعصيان والمعالق اللي المفروض ناكل بيها 👍👍
735,الاكل كان سئ جدا و الكمية قليله جدا
736,الاكل وحش جدا
737,Not fresh
738,"Everything was amazing The taste, portions even the driver attitude Thanks for this excellent experience"
739,ممتاز
740,very bad food
741,didn't arrive
742,تأخير وأكل بارد وخدمة عملاء سيئين
743,delicious but spicy
744,Fera5 zefra
745,The sweet and sour chicken had so much vinegar and the chicken was so stale it seemed like it was leftovers. Disappointed
746,اللحمة زفرة
747,Chili sauce cup didnt come with the order and the price paid was higher than what was mentioned on the app. And the order was 45 minutes late.
748,Double Mix offer is so good please add the Curry option to it too
749,the food was fresh and the portions were amazing
750,The taste of the food was so bad and the packaging came in horrible state.
751,"Didn’t get what I ordered, got something else !"
752,ً
753,Waste of money
754,salty appetizers
755,محتجين تطوروا من السويت اند سور مكنش احسن حاجة
756,الطعام كان سئ جدا و حمضان
757,It was so delicious and tasty. The only drawback is late delivery
758,الاردر مجاليش اصلا وبعت خد يجيبو لكن ملقهوش
759,واحد من اسوء تجارب الاكل الآسيوية بصراحه .
760,طلبت من فرع المعادي الديليفري وصل فالميعاد بالظبط وبالنسبة لكواليتي الأكل ممتازه والكمية محترمه زي ماباين فالصور والطعم تحفة اتمني الاستمرار ع نفس الكواليتي
761,Spring rolls missing 1
762,"The chicken pieces were old and few, and the salad wasn’t fresh."
763,تجربه مش احلي حاجه خالص الاكل مش حلو للأسف .
764,الارز حمضان !!!!!!
765,الطلب ناقص
766,VERY BAD EXPERIENCE
767,Much less than served in the restaurant
768,The food was good but the portions of chicken and meat were small had like 3 pieces of chicken and 5 pieces of meat with alot of vegetables covering up
769,وحش جدا جدا اوردر اتاخر ساعة و نص اخر مره منصحش حد يجربه ابدا
770,"Noodles tasted like salt and sweet n sour chicken tasted like watered down ketchup , disgusting food"
771,"Food was stinky and Nasty And slimy and there was 3 pieces of chicken And 2 oieves if beef maykameloosh 2cm, food poisioning the next day and nearly died"
772,after waiting for 1 hr and a half the restaurant informed me that they didn't receive my order and I have to wait an extra 40 mins !!! I haven't received my order
773,", small portions terrible taste tastes like tap water and made us sick أوسخ نودلز ولحمة اكلتها في حياتي"
774,كميه اللحمه والفراخ قليله جدا جدا كان مكانهم فة البق تقريبا فاضى
775,الجرعة وصلت ناقصه
776,Missing item
777,الاوردر مفيهوش غير قطعتين فراخ صغيره جدا و الباقي خضار سيء للغايه . ارجو إرجاع الاخر
778,"This tastes nothing like sweet and sour! Very bad packaging it was leaking everywhere The sauce had a strange texture, and I only got one roll Vegetables were raw The noodles are very salty Overall it’s my last time to order from this restaurant"
779,I ordered vegetables noodles but received rice vegetables
780,Tiny protein portions
781,للاسف الاوردر طعمه سئ جدا الجودة وحشة والفراخ سويت اند ساور طعمها مش حلو والنودلز ملهاش اى طعم أكن معلهاش اى توابل ولا حتى ملح انا على طول باكل اكل صينى ده اسوء حاجة اكلتها
782,مجرد أندومي
783,"The food was inedible - extremely bad! I order the single offer, i did not even eat the beef schezuan the beef seems like it is still on a cow and raw! I woke up the next day with diarrhoea and i only ate the noodles 🤢. Plus Chinese restaurant that ..."
784,الأكل مكنش حلو النودلز سخنة بس ريحة صعبة جدا و الفراخ بشعة بجد مش مستوية و باينة و ريحة و طعم أبشع من بعد و الخيار ريحته برضو لا تطاق الحاجة الوحيدة الحلوة السبرينغ رولز مش مزيت و حلو جدا
785,Missed dumpling
786,الاوردر جه من غير اى شوك خالص ' المفروض انا اكل ب ايدى ولا ايه الهبل ده
787,It's been 3 hours and the order hasn't arrived yet
788,Bad experience
789,"we couldn't even eat it. it all went to the trash. worst food ever oily, bland and very dry food not even sauce the chicken smell was very bad"
790,it came the wrong type of beef and the portion is so small and the taste is very dry and the meat came in a spicy sauce and im allergic to anything spicy
791,الاكل تحفة كالعاده مش هتبقي اخر مره اطلب منه 🤝💯
792,الاكل مش قد كدة طعمة بايت و تحس انو بايظ
793,للأسف كل مرة اطلب يجي بعد سعتين و كل مرة يا اما غلطة الالمطعم او المندوب سيء جدا
794,متماثلش الرامن ابداً 👎🏻
795,delicious food and service is very good...
796,Chicken was not fresh and it tasted awful
797,Tasty food very good service in madinty branch
798,Very good service and professional also especially Madinty branch
799,الاكل تحفه والعرض التشكين سويت كميته كويسه اوي عل سعره 👌👌👌👌👌👌👌👌
800,الاكل طعمه وحش جداً بجد
801,"i ordered noodles with 2 sides of teriyaki and sweet and sour chicken, the sweet and sour one had exactly 3 pieces of chicken. The cucumber salad was tasteless it had no soy sauce or any spices at all. very disappointing"
802,Taste was not as used to be before
803,"there were 2 items missing in my order, and It was delivered later than expected by one hour"
804,Nice restaurant and have the best staff ever and the food is clean and good and tasty will visit the place again
805,الاكل حلو اوي بس والاكل جه ف وقته نسيوا المعالق 😂
806,perfect experience and will repeat it many times the food is clean and tasty
807,الاكل ممتاز جدا ونضيف والاوردر وصل ف خلال نصف ساعه وخدمة عملاء كويسه جدا بصراحه تجربة ممتازه
808,الاكل حرفيأ سيئ المكرونة ٩٠٪؜ منها خضار و ملهاش طعم و طلبت نص فراخ و لحمة الفراخ كانت كويسة اللحمة كانت عينات و بطني وجعتني بسبب الاكل
809,Good can do better
810,"Quality keeps getting lower, and it was very salty"
811,تم توصيل الطلب بعد ساعه و نصف
812,Very very bad !!!!
813,I really liked the food but I don't really prefer the chicken tandoori and the order came late
814,Portions for combo was very very small like only 3 small pieces chicken sweet and sour and 2 small piece of meet teriyaki. The package was horrible the sauce was spilled over the plate.
815,terrible food
816,الفراخ زفرة ومقرفة
817,"food arrived late and very cold, there was items missing from the order"
818,Ramen and spring rolls are very salty
819,The taste was horrible
820,very late and cold
821,good
822,كل حاجه زفت الاوردر جاي متأخر ساعه الا ربع و المكرونه جايه في علبه كارتون مطبقه و التشيلي صوص كنت طلباه و دفعه حقه و مجاش و دا كله و قايله اتوصي بالاوردر بجد خيبتوا ظني انا كنت بطلب علي طول منكوا بس اخر مره
823,الرز كان طعمه وحش و مش مستوى كويس و السبرينج رول ناشفة
824,الطعم حلو لكن الكمية مهزلة الفراخ عبارة عن عجينة مقلية فى شوية صوص مفيش اى فراخ فى الموضوع و هما حتتين بالعدد هيجرالكوا ايه لو حطيتوا اكل بجد بدل النصب ده هو احنا بنشحت
825,الاوردر جي ناقص و بكلمهم محدش بيتواصل معايا و منتهي قله الزوق
826,very bad packing and got all the sauce in the bag
827,The noodles wasn’t even to the half of the box . It’s not logical that this is the normal portion .
828,مدقتش اوحش من كدة. صوص خفيف جدا كأنه شوربة. نودلز بلاستيك و السلطة جاية غلط اصلا.
829,The last order from the restaurant that came to me again although i requested another things
830,I ordered 3 cucumber salad and received all cabbage and 2 schezwan sauce received only one and the other sweet and sour
831,Very bad!
832,طعم سيء جدا
833,الطلب ناقص الخيار المخلل
834,حلو بس كان جي من غير cover
835,Food was salty.
836,"Tasty food but portions a bit small, my meal was 80% rice."
837,مش زي زمان خالص
838,I didn't receive my order
839,ملح زائد جداااااااااا
840,very bad taste 🤮🤮🤮🤮
841,Salty
842,Late for more than 40 min.
843,The chicken and noodles were overcooked and the order came almost 30 mins late!
844,It was the worst Chinese order I’ve ever had Very bad taste very salty and the one thing that was slightly good it was like 5 small chicken bites
845,Taste Not as expected
846,الطعم كان سئ جدا
847,The delivery was very late
848,portions are too small
849,دي اغرب بورشن مودلز شوفتها في حياتي بجد مع ان الوجبة مش رخيصة ولا حاجة بجد قرف قرف قرف يعني لا طعم ولا كمية ولا اي حاجة عدلة حتي الباكيدنيج بقي سي
850,cold food and late order
851,The food came cold and not sailed properly
852,تجربه كويسه جدا والاكل طعم حلو 👌👌👌👌👌👌👌👌👌👌👌
853,"portion is small .. quality is normal ,, the price is high, I will not order again , I don't mind if the taste was amazing to pay but nothing special"
854,"Quality for food is very bad , food is un fresh , it's taste is very very bad .. i'm unlucky to order from you."
855,Cabbage salad missing
856,Food was delicious but one of the order was wrong
857,"The food delivery was delayed 30 minutes, I was lied to by the customer service that food is already on the way, they even refused to provide number of driver to confirm, after 25 minutes driver receives food and calls for location. Check reviews!"
858,الدليفيري خد فلوس زياده
859,وحش اوي كأنه فراخ بالكاتشب بس كدا
860,هما بس نسيوا الشوك والمعالق
861,الاكل وحش اوي والله محدش يجربه
862,"Food went bad,"
863,الاكل جاي بارد و كنت طالب يجي بchopsticks جالي بشوكة و معلقة و كان مكتوبة هيبقي في قطعة سبرنج رولز و قطعة سمبوسة هندي جالي باتنين سبرنج رولز و كنت طالب خيار كوري جالي خيار عليه مية لا له طعم ولا حاجة والاوردر خد وقته يعني المفروض يجي سخن حتي والراجل
864,مفروض سبايسي ومش حراق خالص
865,2 h for the order the rice is cold
866,"Disgusting, food was really bad!!"
867,I didn’t get the beef dumplings in my order although i paid for it !!
868,حرفيا حاطين قطعتين لحمة صغيرين اوي و الباقي كلو بصل شكرا اني مش هطلب منكم تاني 🙂
869,I am not going to use this application again.
870,I had food poisoning from it
871,I think my order is mixed up somehow
872,"We had a very bad order with lots of hair on it! We wanna complain about that, awful experience"
873,الاوردر كان ناقص و لما كلمتهم في التليفون محدش رجع رد عليا و النودلز مانت ناقصة التوبينج اللي عليها بجد تجربة سيئة بقى وحش جداً
874,بارد و النودلز قليل
875,Not good
876,سئ جدا المفروض انو صحى الفراخ محمره وعليها صوص اوفر
877,الطعم سيء جدآ والسعر عالي لنوع الطعام
878,2 wrong items
879,الاكل كان بارد شويه اضطريت ادخله الميكروويف عشان يسخن
880,النودل طعمها وحش جدا تقريبا مش مستويه وناشفه مفيهاش صوص والكميه البيف والتشيكن كميه قليله جدا والباقى بصل بس حتى مفيش خضار معاهم ولا مع النودلز
881,Delay Delay Delay................. Bb. ....
882,The food was cold and dry.
883,more than two hours to receive the order
884,الاكل ريتحه وحشه جدا حاجه تقرف
885,so late I waited more than 2hours and I called the restaurant they said he already got the food and it was cold
886,The food was really hot and the portions were great
887,السويت اند ساور التتبيلة اللي على الفراخ من برة مفرولة اوي واضح انها بقالها كتير في الصوص بتاعها وصوص الترياكي العسل الاسود فيه محروق اوي وكتير مش زي مابجيبه من عندكم ع طول
888,Too salted
889,"the worst food i've had my whole life, noodles were stale and the chicken wasnt even fresh and cold. the dumplings were horrible and made me wanna throw up , the ONLY thing that was decent were the spring rolls"
890,Ordered vegetable noodles received noodles without vegetables and bland and cold even though we had a contact the restaurant and they confirmed the food will arrive hot the food was thrown away very very poor quality
891,الاكل زمان كان حلو و نضيف دلوقتي بقي وحش جدا و الكميه قليله اوي اويي بيبقي كله خضار
892,it was late again and i couldn’t contact the call center to check on it
893,"The beef triyaki was barely there it was all vegetables and sauce, also i ordered spicy but it came mild"
894,"Excellent taste, but portions are now small"
895,سلطة الخيار اللي ب ٤٠ جنيه مش زي الصورة نهائي، هي حرفيا خيار بس و كمية النودلز قلت
896,Very very late delivery Last time to order
897,ممتاز جدا
898,الطلب بارد
899,الطلب خد اكتر من ساعة ونصف ورفضت استلم كل مرة كدة ومحدش يتكلم يقول الطلب هيتاخر. اخر مرة اتعامل معاهم
900,"took two hours to arrive, portions are tiny max 30gm protein in 170 egp meal"
901,علبة الرز والسبرنج رولز وصلوا بايشين بشكل بشع. السلطة انا طالباها خيار كوري، وصلتني كرنب. وكمان محطوطة في تغليف كرتون بايش ويقرف. والمقبلات في الوجبة العرض عبارة عن واحدة سبرنج رول وواحدة ساموسا وعلى اساس كدا مطلبتش ساموسا اضافي.. اللي وصلني ٢ سبرنج ...
902,سئ جدا لا انصح به والاكل وصل ناقص وطعمه وحش جدا جدا
903,سيئ جدا
904,The order was so late that I had to cancel it and order from another resturant.
905,اكتر حاجه مقرفه دوقتها في حياتي
906,"I didn't finish the food, it was very bad"
907,Worst food ever bad test and packaging and I paid 40 pound for regular cucumbers bad experience ever
908,الاكل وحش اوى وبارد والتغليف مش احسن حاجه
909,زعلانه بجد لانى بحب اطلب منكم بس للاسف المره دى كان الاكل سئ النودلز بايظه واضح انها بقلها ايام فتره كبيره و جالى حاجات بدل حاجات تانيه غلط و كنت طالبه السمبوسه و مجتش اصلا انا في التجمع الاول ف معرفش بالظبط أنهى فرع اللى وصل الاكل بالشكل ده
910,We didn't receive the sambosa Food was cold Packages are damages Sauce leaked everywhere
911,Very baddddd
912,وحش جدا جدا الاكل سئ و طعمه وحش جدا (لا انصح به اطلاقا)
913,"The order came late, and it was written that the cost was 350, but I ended up paying 420. The food wasn’t good at all. The chicken tasted bad so did the beef. The noodles weren’t as expected. Awful experience."
914,The sweet and sour sauce the sweetness should be less because I tasted sweetness sauce o sourness
915,Bad taste and low portions last time to order from it
916,Late delivery worst customer service ever and the food was cold
917,did not recieve chicken spring roll
918,مواعيد وحشة جدا و على طول تأخير اكتر من ساعة و نص و الأكل بارد و ميتكلش و خدمه وحشة و سيئة جدا جدا جدا. فشل
919,"Not enough sauce, food was kind of dry"
920,Noodles had barely any flavor it is merely salty and the vegetables are bland. Chinese cabbage is very underwhelming it just tastes like raw cabbage with nothing on it and it costs 40egp which is such an over price for the terrible quality. Food is s...
921,Didnt even get my order yet and asking for a survey
922,i ordered 2 schezw
923,الاكل طازة وسخن بس انا طالبة تشيكن كون باو وهي بيبقى فيها سنة سكر بس مش زي السويت آند ساور للأسف كانت مالحة.. اتمنى انكم ترجعوا بمستواكم بتاع زمان كنتوا من أحلى المطاعم في الأكل الصيني
924,اللحمة بشعة
925,حضرتك طالبه نودلز جبتلي اندومي ودفعت 450 ده بيرضي ربنا وتأخير اوردر 3سعات وارجع عندك شوف
926,very bad quality of food
927,سيء للغاية، خدمة سيئة جدًا الأوردر اتأخر ساعتين، نحاول نتواصل مع حد مفيش رد وحتى متواصلوش معانا لتأكيد على الأوردر أو الاعتذار عن التأخير، بعد تأخر ساعتين الأكل بارد، النودلز وحشة جدًا وملهاش طعم و الأسبرينج رول عباره عن زيت، والسعر غالي وميستهلش
928,تم كتابة فالملحوظات ان نودلز رامن بدون خضروات..والاوردر وصل الرامن عليها خصروات كتير والي طلب الاوردر معرفش ياكله للاسف ...ارجو قراءة الملحوظات الي بيتم كتابتها تحت كل اوردر
929,الاوردر موصلش اصلا و ده اخر تعامل
930,was very cold
931,portions were small and food was very late and was delivered cold and there was items missing from order
932,الاكل مدلوق في الشنطه الاوردر ناقص الاوردر بيتاخر جدا
933,سئ جداً
934,more than 2 hours to receive the order. the driver more than 1.50 hr far from the restaurant.
935,سيء
936,"Tasteless , Cold Food & Late Deilvery Time"
937,اكل جميل كالعادة و الديلفيري مان محترم.
938,Not recommended at all Awful quality with zero taste
939,"no order delivered - Ramadan no one from Wok and Walk contacted me nor elmenues team did. after one hour and half the call center informed me that my order is not placed yet due to missing item at the branch, very very bad experience"
940,"On top of my previous review, got food poisoning and Diarrhea"
941,طعم الأكل سيء
942,absolutely the worst 400 egp i spent ever never again
943,"If there was a 0, i would have gave this place a 0. Ordered 1 chicken sweet and sour which was horrible and just tastes like a diluted Ketchup and ordered a spicy beef which was so bland. The rice is bland and tastes horrible like if they didn’t was..."
944,الفراخ بس تحفه لكن السلطه والنودلز والرولز طعمهم وحش
945,أسوأ اوردر الرز مش مستوي الأكل بارد اللحمة ملحها كتير ومستفز تجربة سيئة
946,مفيش سمبوسه في سبرنج رولز
947,الاكل بارد و المكرونه تحس ملهاش طعم كده
948,Bad service experiencia and liars
949,Food was cold and the quality of the food is bad
950,I found a fly inside the food!
951,الفراخ كانت بايظه و كان في noodles اقل من التانيه الكميه تقريبا نصها
952,الاكل اتأخر جدا و جه بعد الفطار بكتير و الراجل بتاع الديليفرى قالى ٤ دقايق و جى و فى الاخر جه بعدها بتلت ساعة مع انى كلمت المطعم و قلتلهم مش عايز الاكل خلاص !!! طبعا الاكل جه بارد و مرطب و معظمه اترمى فى الزبالة
953,The noodles was horrible
954,"Good overall taste, the order was warm and the spicy level was on point.However the protein portions was disappointingly small and the chili sauce was packaged wrong and was all over the order which made it all messy"
955,The order was scheduled to arrive at Iftar but it was delivered late after Iftar by 15 mins
956,خره
957,Order arrived way too early I ordered for iftar which is at 6:15pm and the order arrived at 5:35pm now it’s going to be cold by iftar.
958,الاكل سيء جدا Sweet and sour chicken كلها عجين مفيش فراخ ولا خضار ..
959,البورشن قلت و الاوردر جيه ناقص
960,Horrible food and quality and the portions are different than how they used to be. I am really disappointed and i will nod be ordering from this place ever again.
961,1 hour ana half to arrive
962,the chicken doesn't have the taste of the sweet and sour sauce it tastes like ketchup and the noodles are cold and lack sauce
963,Fast delivery
964,الاكل جدا مالح
965,Noodles was cold and tasteless
966,Order not delivered yet
967,الرز طعمه محروق و مش حلو خالص مع انى اكلت منه كذا مرة قبل كده
968,نصابين عاملين ٥٠% خصم عشان يضحكوا علينا ، طالب شيكن ترياكي و جايلي ٧ قطع و مش دي المشكلة ،٥ قطع منهم عبارة عن عجينة فقط و القطعتين التانيين فيهم فتفوتة فراخ بمعني الكلمة و انا مأفوارتش في ولا كلمة بالامانة ، كلمتهم و هما ولا مهتمين .
969,تجربه سيئه للغايه الاكل ملوش طعم و بارد جدا و الاسبرنج رولز كلها زيت
970,Great to try it again
971,"too salty, low quality food, made with hate, small portions, tastes is very different and bad"
972,الاكل جاه متأخر جدااا وزفر وطعمه وحش اوى
973,محل اكله وحش جدا والاوردر جه غلط كوالتي زبالة
974,الاوردر وحش جدا جدا كله زيت بجد مطعم فاشل
975,The food was too salty I really disliked it
976,Ordered arrived 30 mins after Iftar time with no follow up from the restaurant.
977,Didn’t receive it
978,تناسوا الطلب ووصل بعد الفطار بساعتين وتص
979,"Idk from where all these bad comments came from!!! Food is amazing , also packaging and portions thankyouuuuu wokandwalk!❤️"
980,The food didn’t arrive
981,"I didn't receive the order, and the worst customer service ever. Never ordering from them again."
982,الاوردر مجاليش !!
983,Forgot my dumplings and didn’t answer when I called
984,"spring rolls cold and full of oil , impossible to eat it . noodles and chicken just acceptable taste mean not delicious level"
985,i ordered yesterday and the food wasn't good at all and the chicken taste was horrible
986,Missing item and wrong order
987,سلوك الطيار سيئ جدا ياريت تختاروا الناس بعد كده وللعلم انا مش هتعامل مع المطعم ده تأنى للسبب ده
988,الاوردر وصل متأخر اكتر من ساعة والاكل كان بارد ومش حلو
989,very small portions now sadly
990,very poor packaging
991,حرفيا رميناه فى الزبالة النودلز كانت بتاعة الاندومى مش الصينى ال عريضة الفراخ كان الخضار اللى عليها ريحته بشعة اللحمة كانت مسكرة زيادة عن اللزوم الملفت بقى التغليف مكانش بتاع ووك اند ووك اصلا واضح إنهم متفقين مع مكان خارجى بيورد للاوردرات الاونلاين
992,انا قولت عايز الاكل يجي علي الفطار الاكل جه قبل الفطار بساعة و برد و كان قليل
993,Not hot
994,مفيش تشوب ستيكس ازاي يعني ؟
995,Bad food
996,"I found samosak in the spring rolls, the bag was torn and the packaging was soggy, the delivery was 40 minutes late and they got the sauces wrong"
997,but the portion of the noodle is very small
998,order not received yet for more than 1 hr
999,الأكل كان مالح جدا والكمية أقل
1000,the order hadn't been delivered
1001,Expensive
1002,الاكل جه بارد و كمية الفراخ قليلة جداً مقارنة بالنودلز ، و الدامبلينج كانت معجنة وكانت تجربة سيئة جداً للأسف
1003,The food came eaten from
1004,اخر مره كان سئ للغايه اولا الاكل بارد جدا الكميه قليله جدا من ناحيه النودلز والفراخ والرولز كانت مزيته جدا أسواء مره واخر مره اطلب تاني
1005,"order chili sauce wasn't there, portions getting small with every order"
1006,The share box came with normal spring rolls only ! The chicken kung pau was so salty The order arrived after 2:30 hours
1007,"Noodles bellow average , chicken plate has alot of chicken crust instead of real meat and the kimchi! That’s not even the Chinese cabbage ! Not even the real spices"
1008,The portion wasn’t enough for one person also for the price:(
1009,Delivery doesn’t have money and demanded to take 10 pounds extra on his tip
1010,الاكل وصل سئ جدا
1011,Too much time and cold food
1012,الفراخ جاتلي فيها حاجه حمضانه و ريحتها باينه دا غير ان الاوردر جالي من غير شوكه او معلقه حتى عشان اكل بيها
1013,كلمت المطعم علشان الاوردر كان ناقص و محدش بعت حاجة مع العلم انا دافعة حساب الحاجات اللي مجتش تجربة سيئة و مش هتتكرر
1014,I asked for ramen noodles but got the normal one instead
1015,"Food is nice , noodles a little too salty . Order took 10 to 20 minutes more than estimated, didn’t bother me . Delivery person was super nice"
1016,"The rice is over cooked and taste terrible, portions of the chicken is very low and finally the spring rolls is disgusting"
1017,The chicken was really salty
1018,Too soury
1019,the order was a mess like it fell down
1020,طعم سيئ جداا
1021,"Food tasted so bad and old, I got very sick after eating it, you need to work on your quality control besaraha awful experience"
1022,الاوردر اتاخر جدا وصل بعد ساعة و نص و الأكل جاى بارد وبشع جدا اترمى حتى متاكلش.. اخر مرة افكر اطلب منكم
1023,اكل بارد فراخ قليلة ٤ قطع سبرنج رولز مزيتة تجربة سيئة
1024,The chili dumplings didnt even come and they sent it after the order came late with 2 hours and everything was spilled in the bag
1025,didn't received it
1026,الاوردر متاخر لغاية دلوقت ما استلمتوش
1027,Order was late 35 mins and no good communication between restaurant and your staff each one of you were mentioning a different reason
1028,Food was cold and it was so late
1029,I didnt recieve anything
1030,The noodles were to dry and cold
1031,المطعم سيء جدا جدا جدا و اسعاره مبالغ فيها مقارنه بالجودة واخر مره هنتعامل معاه
1032,The food was not that good Bad experience And very cold Very late delivery
1033,وحش جدا و لقينا شعر في الاكل و ربنا يعوض علينا
1034,portion is small value is so high against cost unclean taste is so bad over coocked
1035,The order is incorrect
1036,اكل مختلف
1037,مفيش فراخ تقريبا رز مع خضار
1038,Beef black pepper was very salty and no flavor other than the pepper. Noodles box was only half way filled and was bland. Spring rolls weren’t bad but were oily.
1039,The packaging ruined the noodles and the rices completely.. they became inedible because of the cheap carton packaging
1040,I
1041,الاطباق كانت مايله وكل الصوصات اتدلقت في الشنطه ، غير إن الاوردر جيه متأخر والاكل كان بارد
1042,"Terrible food , very poor quality . Chicken was so bad i had to throw it away, the noodles is so dry and not cooked right . Spring rolls and dumplings were soooo oily ."
1043,"Terrible Very poor quality , and poor doesn’t do it justice. El akl kolo zay el khara w 7aseet bwag3 batn b3d mklt"
1044,The noodles were so bad without any sauce it’s literally a drained flavor and cold
1045,الطلب فى ظلط انا لو محدش تواصل معايا انا هخرب بيتكم عشان ايه الارف دا
1046,The food was a disappointment. No more wok for me.
1047,الاكل جى بدون معالق او شوك او مناديل السرينج رولز شاربة زيت بطريقة تموع النفس كمية الفراخ قليلة جدا
1048,The order was late and package was missing the cutlery.
1049,Terrible taste..toooo much vinegar..TERRIBLE
1050,Food tasted so bad
1051,missing item
1052,"korean cucumber salad portions were just terrible.. nothing like the photo, very little cucumber and absolutely tasteless"
1053,"It took two hours to arrive, and the food wasn’t worth it at all!"
1054,المطعم بقي مقرف بجد
1055,الاوردر اتاخر جدا و الفراخ كانت بشعه
1056,"The food was delivered two hours later Cold, the salads are very bad with no taste. Am really disappointed"
1057,very slow
1058,السبرينج رولز حادقة جدااا .. السويت اند ساور تشيكن طعم الخل قوى فيها جدااا
1059,الاوردر ناقص chicken rolls spring
1060,WORST EXPERIENCE EVER ! Receipt is not the same plus portions is a disaster!!!!
1061,Al order akhd aktr mn sa3tin
1062,الطعم سيئ جدا
1063,الاورد جاى مقلوب على بعضه من غير ولا شوكه ولا حاجه و جاى فى كيس بلاستك
1064,اخده مبلغ عشان اضافه مبلغ سبايسي والاكل جه عادى .. والاكل جه بارد .. واللى تابع المشكله شخص قليل الذوق المفروض يرجعلى الفلوس اللى خدها من غير حق رد قالي هتتخصم من الاوردر الجاى وانا اصلا مش هطلب من عندك تانى يا شوية حرامية
1065,طالبه اوردر جالي ناقص سايد التشيكن ومفيش سبرينج رول
1066,Chicken quality was very badd I’m disappointed
1067,Very late (more than one hour) to prepare and deliver the order. This is the second time in a row.
1068,Flavorless noodles Chicken too oily And ramen noodles won’t feed a bird for 42 L.E!
1069,I got sick shortly after eating it 🤢
1070,No chopsticks and no sauces
1071,sent wrong chicken
1072,Waiting too long time to deliver the order more than 2 hours and half … and very bad restaurant really
1073,No exchange forced to pay extra money
1074,meat and chicken quantities are ridiculous 😒
1075,الاوردر مش بيوصل
1076,الاكل سي جدا بارد ومجلد وكل الاكل واقع وطعم الفراخ واللحمة مش نظيف خالص طعمه صعب بشع
1077,Order did not come completeWHERE ARE THE SPRING ROLLS
1078,الاوردر مجاش مع ان الدعم الخاص بالابلكيشن لما اتواصل معاهم بنت ردت علي الرساله و قالتلي ان الطيار في الطريق ليا و لما اتأخر اوي كلمت الفرع قالولي ان الاوردر ماطلعش و ماتعملش
1079,الكمية معقولة 7/10 والطعم جيد 7.5/10 والتوصيل سريع والمعاملة جيده 8/10
1080,Very small meat portions
1081,"Very bad the food,"
1082,الاكل وصل سخن وف الميعاد والطعم تحفه شكرا ليكم
1083,good was cold order was late support was rude and that's the least rude word I could use
1084,There was no chicken pieces it was fritters
1085,Some Items were missing
1086,It took way too long and the rice was not well cooked
1087,Very low quality even in the packaging
1088,Horrible experience
1089,was very messy when I opened it and the noodles pack wasn't sealed properly
1090,Spring rolls already opened and one of them already eaten
1091,the food doesn't usually come in a box but when it does I don't feel full after wards because the food portions are smaller
1092,"The food was extremely bad. The spring rolls and noodles were too salty to eat.I contacted the restaurant and they were no help, they were not able to replace the order. One of the worst experiences, never again!"
1093,"Food is cold , the package of the noodles has been turned upside down. It's really a mess"
1094,Salt without flavour
1095,")lls&ls[)))))),łĺ)l@d)))))))@))s))@)£s))≈(ss#)#№)№#sssllllllsl1)ls))))@@)))@3@@)@@@@@@@@@@@#sssßsssssßĺslsOs7slaassßß@@#@@@#ĺlĺllĺllll(ĺlĺĺĺ @"
1096,الطعام كان بارد جداااااا
1097,The order wasn’t complete the was not any spring roll and i cant reach the restaurant
1098,Order came super cold and inedible after 2 hours. Terrible service. Never ordering again.
1099,الطعم سىء جدًا جدًا و كمية ال beef قليلة جدًا و بارد.... تجربة سيئة
1100,the food was good but I had diarrhea right afterwards
1101,The chicken and its sauce weren’t tasty at all unfortunately
1102,الاوردر اتاخر اكتر من ساعتين
1103,محتاج يظبط طعم
1104,سلطة الكلوسلو بايظة الوجبة التي بها صنف لحم اللحم عبارة عن فتافيت لحم قليلة التغليف سيء جدا للفراخ السويت اند ساور تجربة سيئة وانا مستعدة لارسال فيديو للسلطة البايظة السلطة متحللة
1105,"it's actually impressive how you've killed all the flavour in a piece of chicken. It felt like eating wet cardboard. ""Disgusting"" doesn't even do it justice."
1106,worst experience ever. order late for 2 hours. complete disrespect.
1107,الشير بوكس وصل فيه السمبوسة و سبرنج رولز خضار و جبنة بس
1108,Got the wrong order
1109,ساقع تلججج
1110,"order came very late. The food was freezing, and no chopsticks came with the order"
1111,Very cheap taste and chicken was veryyy badd didn’t taste fresh at all Noodles was fine and the spring roll was great tbh
1112,كميات الفراخ كانوا قطعتين و الباقي خضار و sauce الوجيه ب 2 sides فراخ كانوا قطعتين فكل side و الياقي بصل و خضار
1113,i didnt receive the order and no refund is done
1114,the chicken was not good it tasted raw
1115,جميل
1116,Rice is very salty
1117,i did not receive the attitude
1118,ده ينفع يبقى اكل اي حاجة غير انه صيني، فراخ بالكتشب ومسمينها سويت اند ساور، فلوس في الأرض وحاجة تقرف
1119,I didn't recieve the order it was late more than 2 hours
1120,Didn’t recieve my order
1121,بقالي ساعتين مستنية اوردر!!!! و لسة موصلش
1122,Food wasn’t hot
1123,too small and the noodles is so bad
1124,all of us got tired and had diarrhoea since eating the food and till now will never order again from this restaurant
1125,it was too salty I couldn't even eat it
1126,الاكل جه ساقع و الطعم مش احسن حاجة
1127,Awful
1128,everything was a total mess and sauce all over the place
1129,انا مستلمتش الاوردر اصلا اقيم ايه !!!!
1130,I didnt receive the chicken sweet and sour
1131,اوردر نصه غلط.. ومتاخد فوق ال٣٠ دقيقه و السابورت خرا
1132,المعكرونه كانت مالحه زيادة 💔
1133,Plus the food was packed ok but handling was terrible.
1134,Amount of chicken was too little
1135,👍👍
1136,very good
1137,الاكل وحش جدا و قليل جدا
1138,B
1139,Arrived late and cold
1140,الاك ملهوش طعم و ذايب على بعضه
1141,مكان زي الزفت والاوردر لسة موصلش بعد ساعتين
1142,Portions were not as ordered
1143,الاكل كان سيئ سيئ سيئ اوي يعني ميتكلش و الفراخ كان طعمها وحش اوي و النودلز كان ملحه اوي يعني مش كده بصراحة
1144,Worst taste ever .. اوحش حاجة في حياتي
1145,delivery was 40 minutes late 😕
1146,Very bad experience bad taste and bad quality Don’t recommend this 👎
1147,Meal was almost cold
1148,Food was very very cold
1149,الاكل جه بارد
1150,They dropped half Bottle of pepper and salt in my meat
1151,Noodles and spring rolls are Very oily and very bad taste
1152,small portions!!
1153,مكان رمه الاوردر متاخر 3 ساعات وبتصل بيهم بيقولولي هنكلمك مش بيتكلموا ومدير المطعم مش محترم منصحش حد يطلب منهم
1154,الاوردر مفروض يوصل 8:30 و المندوب كلمني الساعه 9 لسه خارج من المطعم و بيسألني عن المطعم 9:20 قالي انه قدام الفيلا طلعت مالقتش حد و بعدها رفضت استلام الاوردر الخدمه سيئه و الدعم الفني قالي انه طلع في معاده و ده مش حقيقي لانه بيكذب و المندوب لحد 9 مكن...
1155,الاكل كان ساقع ومتأخر اوووي
1156,الأكل سي جدا
1157,أولاً التغليف كان سيء و بهدل الدنيا و هو بيتفتح ثانياً الرز كان حادق، و كمية الفراخ كانت مالية المكان بتاعها بس البيف كان موجود نصه بس و دي حاجة أنا مش بحترم أي مطعم بيعملها أول مرة أطلب و تجربة سيئة جداً للأسف لا أنصح بيه
1158,the food taste was very ungood ...it was cold ...and came too late and the packaging unwell
1159,Late delivery customer services sucks and the food wasn't hot enough because the driver was late
1160,food is really bad
1161,It was suppose to be 3 items and only 2 was sent And only 4 spring rolls were sent out of 3 very bad experience and veryyy late delivery
1162,السبرينج رول حاده جدا جدا جدا جدا للاسف
1163,"the food arrived cold and it tastes so bad, the quality is 0/10"
1164,didn't receive my order yet !! been waiting for 10 minutes !
1165,The sand was frozenn
1166,More than 2 hours late
1167,"The order was delivered 45 minutes late (delay in preparation by restaurant), also total value was changed from 148 LE to 151 LE after pressing Order button."
1168,الاوردر غير اللى طلبته
1169,I dint receive my order
1170,they only provided 1 type of chicken
1171,"Delivery too late , The food was very cold and tasteless please be aware next time 0/10 exprience"
1172,برودة الطعام
1173,The food was a little spicy
1174,I have paid for the order and I have never received the order. Big Shame !!!
1175,"Horrible just horrible. Salty, tastes very bad. Food was cold and obviously old. And who sends Chinese food without sticks?"
1176,This is literally the worst order i have ever received and the chicken was awful الفراخ كانت مقرفة حقيقي
1177,I didnt even receive my food!!
1178,Horrible quality threw it all in the trash
1179,اكل سيء جدا
1180,two hours late. the food was cold
1181,Late delivery and cold food.
1182,الاوردر جيه غلط واتصلوا بعد ما وصل علشان يرجعوا الاوردر
1183,بس لو كبرنا الكميات سنه بسيطة هانبقي عالميين
1184,الاوردر وصل بارد واتأخر
1185,The taste is not good
1186,Order is missing spring rolls and sauces
1187,الاوردر وصل بارد جدا ومكنش فيه ادوات طعام اقدر اكل بيها
1188,first it took one hour and half to arrive second the food was cold third the driver didn't give back the change
1189,The portions were very little
1190,Order arrived after 2 hours
1191,the meat and sauce were very salty . the portion of rice was very small. the vegy rolls were very salty too
1192,my fav restaurant
1193,الأوردر جي ساعه ونص متأخر و الأكل قليل اوي على السعر ده غير انو في حجات واقعه في الكيس انا عاوز فلوسي عشان كده قلة أدب
1194,very bad taste
1195,The driver is so fucking late the food was cold and not well packaged so it leaked everywhere
1196,Was cold and sulty
1197,الطلب مكون من فراخ وفيه قطعتين بس الاغلب عبارة عن عجينة محمرة تجربة سيئة جدًااا
1198,♦️ بسبب الطلب ده هايكون ختام اي اكل من بره - ليس له علاقة بالاكل الصيني - خلصت زجاجه كحول علشان انظف الرخامه اللي في المطبخ مكان الكيس اللي فيه الاوردر - زباله الاكل / زباله الطبخ / لاطعم له كما الماء و مقرف - كل واحد مش لاقي حاجه يعملها يعمل مطعم
1199,"Food taste was awful, low quality ingredients and not fresh, order took two hours"
1200,كميه البروتين معدومه
1201,طلبت علي ٩ باليل كان فاسد للاسف و وجعلي بطني
1202,طلبت الاوردر وصلني بعد ساعتين
1203,قللوا الكميات جدًا بجد حاجة في منتهي الطمع
1204,Noodles wasn’t that tasty
1205,Cold meal
1206,لم يتم توصيل الاوردر
1207,No chopsticks with order
1208,الاوردر جه ناقص ، كان المفروض نوعين من السويت اند ساور تشيكن وصل نوع واحد بس. !
1209,Teriyaki sauce dropped from 2 meals
1210,الاكل بارد ومالح جدا. وغير الصورة والوصف
1211,الطلب جاء منأخر ساعه وبارد وعبارة عن عجين بارد. ومالح جدا. تم التواصل مع خدمة العملاء ولك يتم الرد لمدة ربع ساعة
1212,تجربة سيئة للغاية المطعم كان احسن من كده بكثير لكن لااسف مش حاليا الاوردر اتاخر ساعة و نص الطيار اتغير اكثر من مرة و ده مش ذنبهم، لكن من وصل الفرع و جالي في ٢٠ دقيقة ومع ذلك الاكل اولا بارد اضطريت اسخنه ثانيا الاوردر ٣×١ اللي جه ٢ فقط الفراخ نقطة ...
1213,Taste not as expexted
1214,طلبت بوكس عشان مش بحب الاطباق وجالي اطباق بردوا طلبت ٢ صوص سويت اند ساور وبردوا مجوش
1215,"The order came AN HOUR LATE! And the food was cold, not warm, freezing cold!!! Imagine eating cold friend Samosa & Spring rolls plus the main course! The entire experience was just terrible! Never again."
1216,"I found a hair in my food, is it normal? my stomach felt terrible after I had the food, is it normal? it seems like it will be my last time ordering from this restaurant, a terrible experience!!!! can someone explain why I found a hair in my food and..."
1217,"Noodles were soaked in soy sauce and very salty and the chicken tasted like soggy chicken nuggets, soaked in, ketchup, mixed with water."
1218,حلو بس ليه غيرتوا التغليف الاول كان احلى الفراخ لوحدها والنودلز لوحدها كان احلى اوى
1219,كويس جدا بس كنت طالبة حاجات مش spicy و كان في حاجة spicy
1220,Missing order
1221,small amount of food
1222,الاوردر وصل بعد ساعتين الا ربع كنت طالب سايد مختلف عن اللي جالي و كان مليان زيت رهيب المكرونة سيئة جدا و بايتة
1223,missing items and portions
1224,لم يكن طلب من الطلبين موجود بالاصل بالمحل و اضطررت لالغاء الطلب الغير متاح
1225,This is the 3rd time I ask for chop sticks and they don’t get delivered
1226,Salty a little bit
1227,النودلز كان باردة والشيكن سويت اند ساور والشانتونج كان طعمهم لاذع جدا ماقدرتش اكمل الاكل
1228,الاوردر اتاخر ساعتين و لما جهه جه بارد و طعمو وحش جدا الفراخ كانت زفره جدا بجد من اوحش النوديلز اللي ممكن تدوقوها في حياتكو بجد فلوس في الارض
1229,I recommend you guys change the packaging because I delivered the food all messed up.
1230,The food never came
1231,Food was very oily and salty
1232,It was all horrible and the food was burned
1233,بجد انا طلعت من كل الفراخ اللى فى الطبق قطعتين فراخ بس و الباقى عبارة عن بقسماط فاضى غرقان فى الصوص .. بجد بجد تجربة ة اكتر من سيئة و فلوس فى الارض و حسبى الله و نعم الوكيل فيكم عشان دى كدا سرقة
1234,So the noodles are supposed to be bigger and with sweet soy sauce but there isn’t even one drop of sauce on them and the dumplings are also extremely small. Worst order ever
1235,جابوا الاكل سخن وfresh زي ما طلبت 😍 احسن وانظف فرع هو فرع المقطم لحد دلوقتي♥️
1236,There was no fork or spoon but the food was good
1237,الأكل كان دلع وخفيف
1238,الاوردر تاخر جدا جدا جدا ووصل سائع ومش حلو خالص
1239,missing item and for more than an hour the item didn't arrive
1240,Noodles not with vegetables as specified. Rest is ok
1241,وحش جدًا
1242,The food was delivered semi-spilled out .. but the quality of the food was exceptional 🫱🏻‍🫲🏽
1243,"Delicious food, good portions, and fast delivery. Should consider adding a variety of noodles only dishes and sweet chili sauce extras, on the menu."
1244,noodles are cold!!! I order Kim Pao and received sweat and swar!!!!!
1245,The food is soo sooo saltyy I can’t eat it and throw it in the trash 0/10
1246,كمية البروتين في البيف كانت لاتذكر والباقي كله خضار في خضار !!
1247,"The food was cold and I ordered chicken sweet and sour meal and it came missing the chicken entirely, only vegetable noodles. And had extra dumplings that I didn’t order And the bag had all the food spilled in it And the delivery took more time tha..."
1248,It's very bad
1249,الاوردر وصل بعد ساعتين و بارد طعمه وحش
1250,الاكل سئ جدا والملح عالي
1251,The food was late and very cold
1252,Average
1253,The chicken had no taste at all its like a wet flour taste
1254,noodles salad are only one spoon cold and taseless worst customer service ever all they said you don't understand anything and even if this is what salad looks why the amounts are different in every box
1255,لا يوجد الخضار في النودلز والطعام وصل بارد
1256,The noodles didn’t have any vegetables in it and the chicken was very watery and it smelled awful
1257,Chicken teriyaki has no flavor at all
1258,الاوردر وصل بعد ساعة من خروجه من المطعم لعدم التزام مندوب التوصيل
1259,لا يمت للصيني بصله الفراخ ميه والصوص من غير طعم سيىء جدا جدا المكرونه من غير طعم ولا خضار
1260,BADD EXPERINCE 🤮🤮
1261,one was full the other was all onion
1262,زفت. don't recommend it at all
1263,Expected delivery time was 10:30 and it arrived 11:20 which is almost an hour later than expected delivery The spring rolls were missing in the order
1264,تجربة زفت و مطعم مش محترم
1265,Very small
1266,الطلب وصل بارد جدا رغم المطعم يبعد عننا ٥ دقايق ولكن مندوب التوصيل تأخر في الوصول للمطعم
1267,I ordered the food spicy and it came regular And the spring rolls it was so salty
1268,Noodles are amazing
1269,The order was missing make ur own box
1270,they replaced one of the salads and delvired the food 1.5hours later
1271,اسوء اكل ممكن تطلبة
1272,"The meat was too salty, the chicken tasted like shit. I literally threw up after eating."
1273,T3ably batny
1274,"Taste was amazing as usual, am a big fan of your kung puo chicken but portions of rice and chicken are noticablly reduced than before and price got higher!!!!"
1275,Portions were very small
1276,The noodles was tasteless
1277,The noodles without vegetables and chicken also
1278,I asked for a spicy sauce not a sweet and sour one
1279,I ordered ramen noodles with vegetables instead I got coleslaw
1280,The food was so baaaddd
1281,They had no beef only chicken
1282,Bad restaurants i order from them and the delivery arrived after 2 hours with wrong order and i asked him i want to cancel and i dint want the food he refused and talk with me with bad attitude
1283,The rice was weird
1284,it wasnt sweet and sour
1285,the bag wasnt clean the food was so cold and the noodles taste felt it was rotten the spring rolls was so oily i throwed it in the trash very bad experience and wont make it again
1286,Portions became soooo small but taste is still good
1287,الاكل سيء و خسارة فيه الفلوس مبنصحش بيه
1288,food poison
1289,معالمة سيئة جدا، بيتكلم بوقاحة منصحش انه يوصل طلبات للناس بسبب خلقه الديق
1290,الطعم سيى
1291,This the worst experience to order throw you
1292,الاكل متأخر ساعة و نص الاكل جي بارد جدا الجودة سيئة جدا الدملينج جاية الفراخ جواها مش مستوية و فيها عضم و حاجة بجد قمة في القرف
1293,الاوردر اتأخر ساعتين و في الاخر راح عنوان غلط مش عنواني ، خدمه عملاء في قمه الاستفزاز حقيقي اسوأ مكان أتعاملت معاه
1294,coldd
1295,noodles was awful :(
1296,Vegetable noodles don’t have vegetables (?) I asked for crispy noodles in special note and they sent normal ones (even after confirming with support) delivery was late beef black pepper sauce is good sweet and sour is fine spring rolls are good
1297,بجد الاكل وحش اوي هو علشان offer ف اي كلام و الاكل مملح جدا و بروتين قليل جدا و spring rolls مزيتة بجد بشع
1298,"hi the food arrived cold and it arrived very late. also I ordered 1 chilli sauce, instead I got 2 chilli without the sauce there was absolutely no sauce on them."
1299,food arrived 2 hours late and it was cold and disgusting
1300,"It did not taste good, at all"
1301,"Food was blant, we didn’t like it at all"
1302,noodles were not fresh and the food was so bad
1303,الاكل جه بارد جدا وطعمه مش حلو
1304,cold food but tasty !
1305,البروتين قليل جدااااا
1306,الاكل بارد جدا وقليل جدا
1307,Cold
1308,the food is very tasty however the rice is salty
1309,Food is not good It tastes bad and is not clean
1310,خبرة سيئة.. الاكل مدلوق في الشنطة.. المكرونة عبارة عن بواقي مهرية.. صوص فقط مفيش لحمة ٢ قطعة بالعدد
1311,مفيش اوحش من كده
1312,عرض ال 3 في 1 سئ جدا و نصب و جالي إختيارين بس و قطع الفراخ و اللحمه كبيره اوي بس 3 او 4 قطع بس و الأكل اتأخر جدا اول و آخر مرة اطلب أرشحلكم مطعم panda house او peking
1313,عرض ال 3 في 1 نصب و هتلاقي جيلك إختيارين فقط اول و آخر مرة اطلب
1314,Didnt get cutlery with my order
1315,cold chicken taste and pieces so bad
1316,الاكل مكنش احسن حاجه النودلز كانت مستويه زياده عن اللزوم جدا والفراخ مكنتش حلوه ابدا بس الصوص كان حلو والسبرينج رولز كانت ظريفه
1317,Nice and clean food
1318,سيئ جدا ، الاكل بارد و النودلز ناشفه مفيهاش طعم و لا صوص و الفراخ كانت نوعين كل نوع 4 او 5 قطع فراخ و عاديين و الدومبلنج حاجه كده صغيره و مفيش طعم او احساس للفراخ اللي هي مفروض محشيه بيها
1319,الأكل وحش جداً ، و الطعم سيء مفيش خضار خالص في الvegetable noodles ال sweet and sour طعمه كاتشب و مفيهوش خضار و ال spring rolls حادقة جداً بجد الجودة قلت جداً و الأسعار غالية علي الفاضي
1320,"Very poor customer service and they are not professional online, in store it was good"
1321,Very bad tasted like dog food and the spoon was not clean
1322,الاكل مكنش مظبوط وكمان مش نضيف
1323,شكوي بس بسيطه هو الطيار لازم يتصل ويطلب الاسانسير ...هو عقاب يعني عشان دافعه بالفيزا ومش هيبقي ليه تيبس
1324,The food is not hot
1325,مجاش رز جيه نوديلز
1326,the rice wasn't good
1327,The sweet and sour chicken wasn’t well done plus the spring rolls were soaked in oil. Terribly oil spring rolls that’s i couldn’t even eat them.
1328,more sauce in the noodles
1329,تحفه تسلم ايدكم
1330,The food had no taste at all
1331,the delivery attitude was very bad and impolite
1332,the food was very salty that couldn't be eaten. it ends up in the garbage
1333,You are always late
1334,food came with no fork or spoons or tissues please take care of this
1335,the order did not arrive in a box like the picture (and what it used to) and the portions are like 1/4 of what it used to be for even more money.
1336,Chicken spring rolls didnt come
1337,Rgd
1338,Vegetables Spring Rolls missing
1339,مع اني طالبه آخر اليوم بس الاوردر كان تحفة والدرايفر كان سريع جدا الاكل وصل سخن ⭐️⭐️⭐️⭐️⭐️
1340,Perfect 👍👍
1341,النودلز تحفة والتجربة جميلة كالعادة
1342,excellent
1343,Amazing experience
1344,The food was great and the delivery guy was super patient and friendly. Great service.
1345,Perfect keep it up
1346,I love it delicious taste
1347,Very good experience
1348,أحلى تشكين سويت اند ساور اكلته في مصر
1349,تجربة هايلة كل حاجة مضبوطة وتوصيل سريع
1350,best noodles ever!! ♥️
1351,Fresh and delicious ❤️
1352,yammy and amazing 😍 thx
1353,جامد
1354,ميرسي على الاوردر الجميل
1355,التشكين سيشوان كان روعه
1356,خدمه ممتازه و الاكل كان رائع و فرحت جدا انكم فتحتو في المقطم
1357,الاكل كان حلو جدا
1358,enjoyed my meal
1359,اتأخر اوي عقبال م وصل و الطعم مش زي كل مرة
1360,الطلب لم يصل
1361,noodles were absolutely cold and dumplings were cold.
1362,Order didn’t arrive.
1363,"order is missing, know one answer me , very bad service"
1364,Everything was ok but it was too spicy!
1365,الاكل بارد جداا والنودلز سيئه جدااا 👎🏻👎🏻👎🏻👎🏻
1366,Need more beef. Overall not bad
1367,it was very badd realyy and i need to make a complain and report
1368,الاكل كل الصوص بتاعه واقع في الكيس والفراخ هي سويت بس طعمها صعب اوي
1369,كان اجمد من كل مرة
1370,تجربه اكتررر من سيئه الاوردر جالنا غير الي طلبناه ولما كلمنا المطعم اكتر من ساعه عشان يردو علينا ومحلولناش المشكله والاوردر اتاخر اكتر من ساعه عن معاده والدعم الفني سئ جدااا جدااا منصحش اي حد يجيب منه ولا يطلب دليفري
1371,الاكل بارد جدا و سييئ للغاية
1372,The dumpling was so bad
1373,food is too salty... spring rolls and samosa are too salty and too greasy
1374,جزء اللحمة كان الفلفل لكتر من اللحمة. ب كتير و كان سبايسي زيادة عن اللزوم و سبرينج رول كان مزيت اوي
1375,الاوردر وصل ناقص سبرنج رولز والكمية صغيرة مقابل السعر المدفوع
1376,من اسوء المطاعم اللي ممكن اطلب منها وفعلا تجربة وحشة جداا والاوردر جاي ناقص وكل حاجه سيئة ومنتهي قلة الذوق في المعامله ولا اكننا شغالين عندهم مش هندفعلهم فلوس
1377,Order was 2hrs late!
1378,الاكل حلو بس محتاجين تظبطوا الملح و الكميه قليله اوي قدام السعر
1379,I ordered at 5pm and order arrived at 8:20 pm i called the customer service 4 times and they told me twice that order is out for delivery and someone will call you then someone called at 6:50 after nearly 2 hours and told me that two of the items i o...
1380,I ordered rice not noodles and I didn’t order anything spicy and the appetizers were dripping in oil and the fires was dry as rock
1381,Poor food quality
1382,Basic not very good and not bad
1383,The portion is small
1384,The food is acceptable but the service is very bad.
1385,The food was EXTREMELY salty
1386,وحش جدا
1387,arrived later than expected but food was delicious
1388,So salty noodles
1389,the order was too late 😪 and it was cold
1390,السبرينج رولز كان فيها زيت كتير جداً
1391,Worst quality of food i have ever tasted The crust of the chicken was bad Taste of the sweet and sour was ketchup Noodles was bad Even the spring rolls were extremely poor
1392,the spring rolls were a little salty
1393,الأكل عظيم والتوابل مظبوطة قرب الصيني اللي جربته في أمريكا لكن فيه ملاحظات صغيرة إن شاء الله يهتموا بها ويحسنوا من نفسهم- زي الزيت الكتير في السبرنج رولز، مفيش عصيان أكل مع النودلز، ومفيش تحديث لحالة الأوردر في التطبيق - بالتوفيق
1394,"I got food poisoning from eating their food and to add salt to injury, they robbed me of 20egp. They post a different price on the app and when the delivery person arrives, they demand more money. And el menus is very useless at resolving this."
1395,الاكل جميل جدا والتست بتاعو عالي جدا والاوردر وصل في معادو وسخن
1396,الاكل ممتاز جدا والاوردر وصل فى المعاد المحدد وبجد مكان رائع
1397,طلبت اوردر و فضلت مستنياه ساعتين و بعدين كلمتهم قالولي اختا لغينا الاوردر يا فندم !
1398,"it was so cold and it didn’t look like the picture , it arrived an hour late and the portions are very small"
1399,"excellent taste, but the salt was a little too much in the chicken curry."
1400,Food is spoiled someone call me ASAP! Pick up this shitty food and refund my money
1401,we haven't been delivered the vegetables spring rolls
1402,اكلو حلو كتير وكتير طيب واكتر شي حلو فيا لسويت ولكمباو
1403,فعلا التست حلو و المكان كمان حلو تسلم ايديكو
1404,تجربه ممتازه بصراحه جوده الأكل وسرعه التوصيل ممتاز🥰
1405,الاكل حلو جدا والطعم بصراحه جميل اوووى والاوردر وصل قبل ميعاده
1406,"ووك اند ووك المفضل لدي , ❤️❤️❤️❤️❤️❤️❤️🇾🇪🇾🇪"
1407,الاكل جامد بصراحه والدليفري محترم .......♥️♥️
1408,الاكل ممتاز جدا وفريش خدمه ممتازة❤️❤️❤️
1409,الخدمة ممتازة جدا والاكل فريش ودايما بيوصل سخن
1410,الخدمة روعة والنودلز. والاتشيكن تندوري جيد جدا
1411,جربت النودلز والاتشيكين سويت اند يور كان روعه
1412,the packaging was not the best
1413,ممتاز جدا خدمه توصيل والاكل جميل ووك اندووك ❤️
1414,الاكل وصل في وقت قليل وكان سخن وفريش ومندوب التوصيل محترم جدا 😍
1415,الاكل ممتاز والخدمه محترمه وكانت تجربه هايله ❤️❤️
1416,"I never received my order, and you charged me the money!!! Fucking thieves!"
1417,"♥♥♥♥♥👍🏻This is the first time I eat Asian food with good quality. Wack and Wack is always successful in terms of quality, taste and size. I always come to the Cairo Festival branch. Seriously, the reception from those standing at the counter is goo..."
1418,الاكل ممتاز والخدمه ممتازه والفرع جميل جدا
1419,الاكل كوبس جدا المعامله محترمه ممتاز بصراحه
1420,The food is very goood🔥🔥...❤️❤️..🔥🔥..❤️❤️
1421,الاكل جميل جدا ❤️ واحب اشكر كل الي شغالين علي احترامه وطريقه تعاملهم ❤️❤️❤️✨
1422,كل حاجه حلو وخصوصا تايم الاوردر والاكل عش ره علي عشرة
1423,الاكل حلو جدا و بجد المطعم بيقدم اكل حلو التوصيل 10/10😍😍😍😍😍😍😍❤️❤️
1424,الاكل فريش وسخن وخدمة الدليفرى. مميزة جدا
1425,طعم هايل جدا ❤️❤️❤️❤️❤️❤️❤️❤️❤️❤️❤️❤️❤️❤️❤️❤️❤️❤️❤️❤️
1426,الاكل. جميل. جدا وفرش وسخن والتوصيل. بسرعة
1427,هايل جدا بصراحه وطعم ١٠٠/١٠٠ ❤️❤️❤️❤️❤️❤️❤️❤️❤️❤️❤️❤️❤️
1428,الاكل حلو جدا 😋 وووصوله قبل معاده👌10/10
1429,"Decreased portion, removed the complimentary spring rolls"
1430,Long delivery time
1431,The order was cold and they didn’t put chopsticks with it
1432,very delicious food and very good service 🥰🥰
1433,الاكل طعم كويس جدا والتوصيل ممتاز 😋والعرض بتاع الوجبة ممتاز
1434,very delicious food 😋 and very good service
1435,All order was very salty! And support gave back a 20 egp voucher which is disrespectful considering that this was a group order and all dishes didn’t taste well
1436,food was very salty
1437,Didn’t arrive😑
1438,اخد وقت طويل جدا و الاوردر ناقص والطعم سئ جدا
1439,"My last order was the 3 in one plate but it was terrible everything about it was bad ,too salty , a lot of black pepper, the sweet and sour chicken was only sour and only fried batter had no chicken inside."
1440,my order is missing a meal
1441,Worst food ordered ever. It went All to waste. The sweet and sour chicken is ketchup and sugar it got nothing to do with sweet n sour chicken The deep fried dishes (shantong )are old maybe few days The chicken is so zefra Avoid it at all cost!!
1442,الكمية بقت قليلة عن الاول
1443,Not a great taste very oily and cold
1444,الاكل اتاخر نص ساعة عند معاد وصوله ومش جاي اللي انا طلباه ولا حتي اسبايسي ودي مش اول مره ف حقيقي انا اسفه جدا اني بتعامل معاكو
1445,I didn’t order it spicy because I’m allergic and yet it came both late and spicy
1446,كان في ورق جوا الفراخ والنودلز مفهاش خضار ودول مش حجم 3 انواع لحوم
1447,بحررررر ملح
1448,Short portion
1449,الاكل سيء جدا
1450,السبرينج رولز مقلية ف زيت مزرنخ بس الاكل عامة حلو اوي ما عدا السبرينج خصوصا اني دفعت فيه طبق زيادة مخصوص !!!!
1451,I was shocked the packaging changed from having each in a separate box to use plastic plates with partition and everything in it which makes the portions even less. For example chicken sweet & sour with noodle usually comes in boxes. Now in one plate
1452,"eat it with your gf, not when you're hungry. just beef and vegetables with tons of katchab"
1453,The food was smelled so bad
1454,🌹🌹
1455,الطعم وحش جدا و الاكل بارد و الكميه صغيره غير مناسبة للسعر
1456,Spring rolls were too salty.. couldn’t eat them Sweet and sour sauce is not good.. it’s taste like ketchup:/
1457,chicken pieces and sauce have to increase in quantity
1458,الاكل مش حلو اللحمة بتشد في البق والفراخ حجمها صغير لكن البقسماط اللي عليها كتيرر اوي ده غير ان البصل اللي مع اللحمة زنخ تجربة مش هعيدها ابدا
1459,i ordered different meals. instead i got all meals with Ramen Noodles.
1460,حااااادق
1461,Shandong very spicy
1462,سعرة غالي جدا
1463,"Worst experience ever in elmenus and the restaurant, literally the worst"
1464,order was all messed up and sauce everywhere
1465,الاوردر ناقص
1466,الارز حادق جدااااااااا
1467,هايل
1468,يجماعة خفوا ايدكوا على الملح ده بحر بجد ايه ده
1469,tastyyyy
1470,The order was missing
1471,"Well, was completely trash. Ordinary fettuccine pasta instead of asian noodles, Spring rolls were dead lol, & the chicken had an undesired flavor.. never gonna order from them again. +their delivery captains rude attitude.."
1472,"Doesn’t even deserve a single star. Served ordinary fettuccine pasta & not asian noodles. The spring rolls were extremely poor, The chicken wasn’t seasoned & left a rancid flavor. 0/10 Trash .. won’t buy it again."
1473,The food was terrible
1474,جميل وكمية حلوة
1475,They send rice instead of noddles
1476,abit too salty but deliciousss
1477,النودلز كانت باردة
1478,الاكل طعمو وحش اوي و النوديلز معجنه و الفراخ كمان اخر مره هطلب منهم
1479,Sauce should be added on the noodles
1480,Chicken not very good
1481,The chicken did not have any chicken inside it it was just the breading that was there. Not what was expecting. Extremely disappointed
1482,sweet and sour sauce was so little
1483,انا طالب الاورد مع رز جالى بداله نودلز
1484,Uncooperative Restaurant they refused to change the regular noodles to crispy noodles even though it’s available in their restaurant Even if I’m going to pay the price difference
1485,الاكل كلن بارد و الطعم مش زي كل مره
1486,كمية السويت اند ساور قليلة قطعتين للاسف
1487,lots of veggies and no beef
1488,الاكل جاي من غير اي بروتين
1489,the delivery was so late
1490,الأوردر اتأخر جدا و الأكل وصل بارد و الولد بيقول معيش فكه و لو نزلت فكيت هتعطل
1491,...
1492,Very tasty food .. thanks
1493,late delivery and the food was cold!
1494,The noodles was over cooked and the chicken sweet and sour was just six pieces.
1495,الاكل مالح زياده عن اللازم اضطريت ارمي اغلبه في الزبالة
1496,"The food was full of Onion and cabbage. The chicken tasted bad, and the spring rolls were so oily and full of only cabbage"
1497,The food was salty especially the spring rolls. The beef was spicy without asking.
1498,طعم مش حلو . و بارد . و السبرينغ رول كلو زيت. تجربة سيئة.
1499,الأكل حادق جدا وطعم اللحمه البربكيوا مش حلو خالص
1500,It was very bad
1501,Food tasted weird and fishy and the portions was too small
1502,The food was good but delivered in a very long time received it hot nevertheless
1503,الأرز اللى وصل كان فاسد يعنى حامض للاسف الاكل زى الزفت اخر مرة اجيب منكم
1504,WAY over priced! less than 50 gr of chicken and less than 50 gr of meat and some noodle for 125EGP. A rip off.
1505,small portion ... packing change from boxes to normal plate without inform us 😕😕😕😔😔😔..... totally disappointed ☹️
1506,"Driver try to steel 15,- egp, most of the time they always do. Food was good"
1507,It was awful
1508,Noodles were very bad and cold
1509,الاكل كان تحفة بس الخضار فى النودلز مش موجود تقريبا
1510,The delivery man took an extra 20 pounds due to lack of change and said he would return it after he delivers more order but he did not return them
1511,It was really tasty !!!
1512,طلبت وجبه تحتوى على أرز بالخضروات و لكن ما وصل لى نودلز خضروات!!!!!! و طعم النودلز غير طازجة..... تجربة سيئة جدًا و أخر مره هطلب من المطعم ده.
1513,الطعم وحش جدااا النودلز وحشه جدااا جدااا. حرفيا اسوا اكل اكلته في حياتي
1514,الجوده قلت جدا جدا
1515,مفيش فراخ خالص عجينه وجواها فاضي فعلاً ده غير انه الباكجينج مجاش في بوكس زي ما محطوط في البرنامج وطعم الاكل مش احسن حاجه ده غير انه الكميه قليلة جداً علي سعره المبالغ فيه تجربة وحشه جداً مش هتتكرر تاني
1516,فعلت الكود vwok ال 30 جنيه. الشاب بتاع الدليفري قال لي ما فيش خصومات والمبلغ كامل ودفعت له المبلغ كامل
1517,chicken olyla awy
1518,ال أوردر وصل بالكامل خطأ وصل التندوري مع رز بدل النودلز وصل سبرينج رولز خضار بدل الفراخ الكولا مش زيرو ال أوردر مجاش معاه ستيكس ولا معالق الرز رديء جدا و النودلز أسوأ والأكل مزيت جدا تجربة شنيعة بصراحة
1519,Worst thing i have eaten in years disgusting
1520,bad bad bad
1521,الطعم بشع
1522,اسوء تجربه في الحياه الاكل سئ جدا
1523,chicken pieces are too small
1524,thanks a lot for the perfect mouthwatering food. I was really enjoying the taste.
1525,Worst Asian food I have ever tasted!! Too much sauce without a single sign of freshness
1526,لم استلم الاور
1527,"They forgot my coca cola, one of the meals was ok the other was not good"
1528,الاوردر جاي متاخر ساعة وبارد والنودلز بشعه ناشفه وال papar souce حاى جدا
1529,too little portion
1530,Spring rolls were salty. noodles were bland and very little vegetables
1531,"The noodles was TOO salty from the sou sauce, I ate some and through the rest, it hurts my throat!!!"
1532,+ cold food
1533,Food tasted bad
1534,so bad
1535,أرجوكم متطلبوش، بجد الصوص عبارة عن صلصلة بسكر مش صويا صوص والنودلز مالحة جدا وناشفة
1536,The food is very salty
1537,Really bad quality and food both the beef and chicken have an aftertaste.
1538,"Delivery was late, the food was cold and the packaging was awful and messy. It took me 10 minutes to remove the packing off clean after the messy sauce that was everywhere and when I started eating the meal was cold."
1539,Order arrived with open spring rolls plate and a missing spring roll!
1540,Where's the coke ?
1541,Not bad
1542,كان حرفيا تلات قطع فراخ بالعدد وشريحتين لحمه قد عقله الصباع المكرونه كميه كويسة والطعم عامتا للاكل كله حلو المشكله في الكميه القليلة جدا مع السعر بس
1543,The taste was very very bad
1544,The spring rolls frying oil tastes very bad
1545,Delivery is telling me that order is fir 265 however my bill after money in wallet is 160
1546,refused to deliver
1547,Very bad taste
1548,قطع اللحم لم تكن جيدة التسوية و رميت جزء كبير منها للاسف
1549,Veryyyyy poooor food quality worst taste everrrrr !!! There was almost no chicken in the package Absolutely ridiculous Ireturned it and waiting for them to remake it and send it back
1550,جودة الاكل سيئه + تجاهلو تعليقي بطلب الاكل سبايسي
1551,they forgot to send the spring rolls
1552,the food was to salty
1553,very salty chicken sauce chicken wasn’t crispy spring rolls so oily
1554,الاكل كله مالح جداfood was too salty
1555,1- Delivery was late more than 25 min. 2- meat and chicken Portions were not satisfying 3- I found a small rock in my food
1556,"لم أطلب سبايسى نودلز و وصلت لى سبايسى للأسف.... طلبت ""تشيلى صوص"" و دفعت ثمنه و لم يصل!!!!! تجربة سيئة."
1557,Very little portion vs the cost Even the rice taste so bad
1558,and missing order
1559,He was late by 20 minutes after the order got ready!
1560,The driver didn’t have a change and took the money and never came back after he said he will bring the change .. you should hire professional drivers (or normal drivers at least) not thieves
1561,"verrrrrrryyyyyy badddd,chicken is very 🤮🤮🤮"
1562,سي جدا محتاجه حد يكلمني من خدمه العملا
1563,Thx
1564,sweet and sauer checkin less than before .
1565,الاوردر مجاش تجربه سيئه جداً
1566,الاكل سي للغاية وله علاقة بالصيني
1567,الشانتونج مش مزبوط والسبرنج رولز
1568,بعد الطلب اتصلوا علي عشان يزودوا مصاريف التوصيل. اتصلت بعد ساعتين الا ربع و بلغوني الطلب ما وصلهمش مع اني دافع بالفيزا و اتسحبت المصاريف الإضافية كمان. الطلب وصلني بعد 3 ساعات. الكميات صغيرة جدا مقارنة بالمبلغ المدفوع. الأكل طعمه كويس بشكل عام
1569,Driver ate my spring roll !!!
1570,الnodels كانت حادئة جدا ال chicken مكنتش فريش خالص بجد كان سئ جدا
1571,"they got 1 order wrong, the food was disgusting, and they couldn't even deliver the food in a presentable manner."
1572,The food was very bad and it wasn’t hot . The chicken sweet and sour was without souse and it was very dry . The packaging was wrong As the noodles and the chicken was in the same plate and that I wasn’t ordered
1573,راجل الديليفري محترم جدا
1574,لتاني مره الاكل جالي مش حلو تماما في مراره في الطعم ومفيش اي اهتمام بالاوردر خالص
1575,الاكل عبارة عن فراخ بالكاتشب
1576,The chicken tasted really bad
1577,أوردر أتاخر و وصل ناقص و أما كلمت خدمة العملاء قالوا حيبعتوا بقيته و مابعتوش أى حاجة و ضربوا على باقى الحساب نصب.
1578,"Taste is good Portions no comment, chicken as it was a gift from you"
1579,الفراخ كانت زفره جدا و المكرونه معجنه و طعمها يقرف
1580,طعم الدجاج يقرف يا خسارة الفلوس بس
1581,الملح زياده جدا
1582,The order was so bad ana not as expected also it was not clean
1583,أتأخر كثير والطعم مقبول
1584,He got me rice instead of noodles and the food was cold absolutely bad
1585,جدا حلو
1586,The sweet and sour chicken was literally ketchup sauce and the beef teriyaki was 4 small pieces inside I didn’t enjoy it at all
1587,الاوردر كان ساقع و الكميه قليله جدا
1588,السبرينج رولز سيئة جداا والأكل وصل متأخر
1589,Wrong order
1590,More than 1 hour for a simple meal Pathetic service
1591,كنت طلبة اوردر فيه بيبسي و مجاش
1592,Quality is really bad
1593,نصابين
1594,الأكل بارد
1595,الدامبلينج بخار أسوأ ما يكون بجد.. وطلبت خضار قليل جالى الاتنين اختيار كلهم خضار ٣ شرائح فتافيت في ناحية والأخرى ٤ حتى النودلز مالهاش طعم..يعني اللحوم مافيهاش لحوم ولا صوص اضعه على النودلز يحللي مشكلة الطعم.. السمبوسة البطاطس بس اللى كانت رائعة..
1596,I got severe cramps.
1597,الاكل مالح جداا
1598,السعر كان مكتوب على الابليكيشن 130 لكن في الفاتورة كان 113 مين فيهم اللي صح؟ والدليفري كان فيه حاجة مش مظبوطة كدة بس الاكل كالعادة رائع
1599,عامل الديليفري طريقتة سيئه جدا في التعامل
1600,"The Hong Kong fries was too thick so it wasn’t crunchy as every time and it was soggy and didn’t taste good, very disappointing this time."
1601,i recieved wrong order and till now after 1 hour of complaining no one send me the right one
1602,"i liked the packaging, i just wanted to say that the noodles this time wasn't saucey"
1603,the worst delivery I've ever had in my life.
1604,الاكل بشع
1605,"one of the spring rolls was rotten, I'm too tired of these issues and contacting support so i just let it go"
1606,food was cold late and came incorrect and staff are super unfriendly had made the complaint in person and restraunt manager was rude an said that he shouldn't have made a correction for the order anyways since it seems he don't appreciate being told ...
1607,وصل متاخر اكل بارد مش مستوي ني في ني نودلز متقطعة فراخ قليلة جدا
1608,الرز كان حمضان للأسف تجربة سيئة
1609,Portions are smaller than before
1610,Noodles was fair but chicken was very bad. Spring rolls were good. Out of. all not a good experience. Order were in a heating plate not in the wok and walk box as was in the past.
1611,The noodles were small remains & tasted really bad
1612,There was no cutlery and I was at work. I had to start my shift without eating properly and there's no fridge. when I finished at the end of the day most of it had gone bad. Make sure to send out at least a spoon
1613,Food was cold and 2 hours late
1614,الاوردر بارد و فيه شعر واتاهر
1615,Spoiled rice and smelling very bad. The sauces were also spilled from the plates. الارز كان فاسد والصوص مدلوق فى الكيس
1616,Taste is bad. Food came in an hour late.
1617,ال chicken sweet and sour كله كان خل زيادة ، و ال vegetables noodles مفيهاش خضار خالص و طعم التوم بايت اوي و معليهاش soy sauce !!! للأسف تجربة وحشة عكس اللي قبلها !
1618,انا جالي الرادار غلط
1619,worst experience ever ordered chicken curry got the curry only and order missing noodles scam
1620,الاوردر جيه مدلوق كل حاجة علي بعضها ورفضت استلمه. المشكلة في الدليفري.
1621,Spring rolls kant mzyata gdn W noodles m3gna w fra5 mfyha4 t3m ttbila 7ta
1622,استلمت الاوردر بعد تأخير أكثر من ساعتين .. و ناقص قطعتين من ال spring rolls وانا طالبه علبه فيها ٤
1623,الارز سئ جدا و واضح انة مش طازة زي ما يكون بايت و معجن و دي اول مرة تحصل انا دايما بطلب من هذا المطعم ارجو الاهتمام بالجودة
1624,"Poor quality food, small portions"
1625,الاكل مدلوق في الشنطة نودلز ساعقة و وحشة جدا الطعم وحش اوي اسوء اكل كلتو من فترة لو ينفع اديلهم ٠
1626,Got different order
1627,"Terrible. The portion is so small, and the taste is terrible."
1628,حضرتك انا مستلمتش حاجه اصلا
1629,Sooo bad reallyyy sauce is very bad not good nothing good bgdd bsh3 awe
1630,👍
1631,Order made at 6:30 Order was not delivered and when i called at 10:30 they said he was on his way
1632,النودلز جايه ساقعه السويت اند ساور عباره عن باربيكيو الفراخ طعمها متسخنه في الميكرويڤ اوحش اوردر كلته في حياتي
1633,the spring roles was oily and not fresh at all! also the noodles were cold and not fresh
1634,الاكل مدلوق في الشنطة وطعمه سئ جدا والملح زيادة وبارد التغليف وجودة الطعام صفر تجربة مش هجربها تاني
1635,الطلب خاطئ
1636,لما تغلو الاسعار على الاقل تبقى نفس الكمية مش كمية اقل واسعار غالية على الفاضي و بعدين المطعم ليه يحط رسوم خدمة على اوردر اونلاين فين الخدمة في كدة حسبي الله ونعم الوكيل
1637,الأوردر مدلوق كله في الكيس ووريته للمندوب.
1638,الخدمه والأكل ربنا يبارك بكم
1639,I ordered chicken Kung puo but chicken sweet and sour delivered though they have promotion on chicken sweet and sour and the price is lower by 25%
1640,كل حاجة تمام بجد .. شكراً جدا ❤️
1641,crunchy bits in the noodles and the order was cold
1642,The order was late
1643,مفيش فلفل نهائى ولا فى النودلز ولا سويت &ساور اتشيكن ولا فى اناناس لا الاكل مش مخدوم خالص واخر مرة هطلب منه
1644,I received chicken sweet and sour
1645,الاكل غير طازج هذه المرة
1646,البطاطس
1647,Missing the sauce… chili cup sauce Spicy noodles and I didnt order it spicy Small protein portion
1648,نسبة الفراغ قليلة و خمس قطع فقط وكلها خضار و النودلز ناقصها التتبيلة والجزر لم يستوي والطعام سئ
1649,الاوردر اتاخر بشكل رهيب حتي لما كلمت حد من الابلكيشن مقالش اي حاجه مفيده ولا فادني بحاجه
1650,البصل مش طازة طعمه وحش جدا والاكل مش مخدوم نهائي يعني خسارة الفلوس بجد
1651,Order was 2 hours late
1652,Thanks
1653,اتاخر جداا وجه بارد
1654,No chopsticks with the food is crazy. Still good tho but try to add chopsticks
1655,The restaurant sent spring rolls instead of the dumplings I ordered
1656,extremely slow. more than 1 hour wait.
1657,last time the food was spilled in the box 🙄
1658,تاخر الطلب جداً ساعة وخمسين دقيقة .. وصل طلبي بارد
1659,مش عارفة ابتدي منين، انتو بتحطو اكل علي مزاجكم؟ طلبة ٢ لحمة علشان أجرب، جالي واحد فيهم فراخ اللي اصلا عارفاه، طلبت تبديل الكولا بسبرايت و كأن مكتبتش حاجة. السبرنج رولز مزيتة بطريقة فظيعة البوكس بتاعه بينقط زيت و مالح جدا! ١% لحم ٩٩% خضار طب الوجبة غ...
1660,noddle salad portion vs price is ridiculous. Chicken in the main meal is 3/4 fat and 1/4 chicken.
1661,الرز غير مستوي
1662,delivery et2a5ar awiiii!!!
1663,El order came without cutlery
1664,طعمه وحش اوي
1665,no fried chicken it's just fried cover the chicken all vegetables are not cooked it Will be the last time ever eat from there and I will make an Facebook review for this shit
1666,قطع الفراخ قليله جدا واغلب الطبق بصل وجزر، والنودلز الصوص بتاعها خفيف جدا شبه الميه
1667,مطعم سئ جدآ
1668,Msh hlw
1669,ممتاز كالعادة
1670,another thing than the photo much small pertions
1671,حطنلي الاكل فطبق اهبل مش فكرتون زي ما كانو بيعملو وشكلها متخلف ومستفز
1672,"I requested Sprite instead of Coca-cola, still the restaurant failed to observe this request and delivered coca cola."
1673,الاكل حلو بس الصوص كان معظمه مدلوق ف الكيس
1674,سبرنج رولز مزيتة جدا و مقلية زيادةلونها اقرب للبني نودلز كلها زيت تشيكن سيوت اند ساور طعمها زفر و مش حلوة الاوردر كله جه مش مقفول كويس و الصوص مبهدل كل العلب
1675,Food was delicious but a lot of sauce was spilled in the bag
1676,♥️
1677,الاكل كان جميل بس ياريت نزود كمية النودلز عشان كانت قليلة
1678,المكرونه طعمها ناشف ومش صابحه خالص ارجو الاهتمام
1679,انا طالبه وجبتين وصلتلي واحده بس ومحاسبه فيزا
1680,The order was missing the CoCa-Cola
1681,الاوردر جه ناقص نووودلزز بحالها
1682,very dull and no umami flavor
1683,الرز حمضان و ريحته صعبه جداً جداً جداً ازاي في كده بجد
1684,my order is missing one of the soft drinks the coca cola zero outside the offer didn’t come
1685,الاوردر سئ المفروض ان الاكل الماكرونة فى علية و السويت اند ساور فى عليه هما حاطينهم فى علبة واحدة صغيرة وكمية قليلة جدا يظهر ان عرض المنيوز وهمى قللو الكمية عشان داخل الاوفر
1686,the food portion and taste was very disappointing for the price
1687,the portion isn't fair
1688,زفرة جدا و النودلز طعمها وحش
1689,The sweet and sour sauce was so shity!
1690,"the order took about an hour and a half to deliver, and when it came, the noodles were cold and didn't have any sauce on it. almost as if it was cooked yesterday. also there was no sweet and sour sauce with the spring rolls."
1691,I ordered an chicken sweet and sour and I’ve got onion an carrot with small 2 chicken pieces and the noodles was very bad Really disappointed
1692,الاكل مملح جدا جدااااا جداا ايه دا
1693,Far better experience than talabat Great job everyone
1694,"chicken should be juicier, with more sauce and in bigger portions like before."
1695,Forget to get the salad
1696,سيئ جدا والنودلز معجنه والسويت اند سور الفراخ كدا ناشفه وبتشد منصحش بيه خالص
1697,Food quality is too bad
1698,COLD and missing the spring rolls Horrible taste
1699,الصوص قل عن طبيعي لما قلتلهم يزودو
1700,الارز سئ جدا ولم يتم طهيه جيدا __ناشف ومش مستوي
1701,الاكل محروق
1702,كلمه سئ قليله عليه بجد مش طبيعي الطعم ده ابدا اول واخر مره اطلب منهم
1703,Please try hard
1704,الاكل وحش اوي اوي و كمان جاي متاخر و بارد اوي
1705,التغليف ليس بالبوكسات كما تعودنا وكما هو بالصوره على الموقع والكميات اقل من المعتاد
1706,الاكل جاي سخن وحلو اوووي
1707,الاوردر وصل بعد ساعتين و نص حرفيا كنا هنموت من الجوع و احنا طالبين اصلا عشان ننجز! و كان فى pepsi can تبع عرض شارية منه اثنين يعنى كان مفروض يوصل اثنين كانز وصل واحدة بس.. الطعم جميل زى كل مرة بس كانت من أسوأ خبرات الطلب بسبب التأخير الغير طبيعى
1708,لو سمحت انا مش عارف اتواصل مع حد من خدمه العملاء و عايز اوصل لحد ضروري بعد اذنكو انا طلبت اوردر زى مابطلب كل مره كالعادة المره دى الاكل مكنش كويس خالص و كان شكلو صعب جدا و مكنش لى طعم نهائي وجى محطوط فى علبه كده بجد كانت حاجه زفت مش محطوط فى العلبه ب...
1709,اكسلنت
1710,بجد من اجمل المطاعم الي ممكن اطلب من عندها و الكميه حلوه جدااا و اتمنى جودتهم و كمياتهم تفضل يالجمال د ❤️❤️❤️❤️
1711,I ordered vegetable noodles but I got Ramen Noodles is too salty
1712,الاكل كان سي ملوش اي علاقه بالسويت اند ساور كانت فراخ بالكاتشب و مكرونه لونها بني ملهاش طعم اسوء. تجربه
1713,Beef Teriyaki كان طعمها وحش جدا و نودلز كان محتاجة صوص حرفيا مفيهاش اي حاجة بتاكل مكرونة و خضار Chicken sweet and sour كان حلوة بس مش احسن حاجة Package كان وحش جداً
1714,nice
1715,Noodles was tasteless
1716,Super bad experience
1717,The healthy meal was not as said in the menu There was no broccoli and no vegetables except carrots I am really disappointed
1718,سئ جدا و بارد و غير الصورة خالص بجد تجربة زفت
1719,طلبت سبرنج رولز و مجتش كمية اللحمة قليلة جدا مقارنة بسعر و باكدج وحش جدا و اكل طعمه سئ
1720,اول مره اجربه و اخر مره ان شاء الله الاكل جه مدلوق اصلا في الكيس و جبت رامن و كان مره لسبب ما. الفراخ كانت ٣ قطع و اللحمه ٤ شرائح صغيره و طعمهم اقل من العادي. الdumpling فيها طعم غريب محبتوش خالص حامض كده اكتر من انه حراق
1721,جودة المذاق مختلفه عن زمان
1722,الكمية اقل من المعتاد ودفعت فلوس اكثر عشان تكون الوجبة سبايسي بس جتني عادية من غير سبايسي
1723,طلبت رامن مجاش
1724,الأكل كان سيء جدًا جدًا ووجعلي بطني ورميته كمان! ازاي يعني بندفع فلوس في القرف ده؟
1725,👍🏻
1726,الاكل طعمه وحش واسوء اكل صيني ممكن حد ياكله والدامبيلينج وصل مبهدل اوي وطعمه سيئ بردو
1727,The food was good
1728,The food portion was very low for the meat plus it was sweet and sour sauce and I ordered Szechuan!!!!
1729,Order never arrived and has been cancelled after 60 mins! الاوردر موصلش و لغوه بكل بجاحة بعد اما اشتكيت بساعة
1730,الاوردر جه ماقص سبرنج رولز وريحه الاكل وحشه كأنه حمضان ... أخر مره هطلب منه
1731,الاكل فوق الرائع الديليفري اتسرقت المكنة بتاعتو لو حد يعرف يساعدو ياريت يتواصل معاه أو انا معايا رقمو
1732,مش سخن محتاجين تجيبوه سخن اكتر من كدا لانه كان بارد
1733,no taste very bad
1734,They decreased portions and high price. Taste was fine but I can get even better quality and quantity with mild higher price from other competitors.
1735,يرجى إتاحة خيار الاستلام من المطعم دون مصاريف توصيل
1736,اوحش اكل اكلته في حياتي. و جايلي بعد ساعتين.
1737,الصوص مسكر اوي 😔
1738,النودلز فوجبة سوبت اند ساور كانت ناشفه جدا مش جوسي
1739,It’s outrageous! First food was delivered in 1:30 hour after I ordered it. And after operator told me that order is cancelled as I requested delivery guy is coming to my apartment! What quantity is it? If you don’t know how to do proper delivery a...
1740,Hh
1741,مش طازه
1742,المكرونة كان لونها غامق و طعمها مش حلو و الفراخ كانت طرية و مهرية
1743,الكواليتي في الأكل ضعيفة جداً مقابل السعر
1744,Missing spicy sauce No vegetables in the noodles
1745,Bas quality and bad quantities
1746,The drink is missing from the order
1747,"after reading the reviews i was worried it would end up as terrible as they made it seem, some of it might be true as the packaging isn’t done well that sauce feel out of the plates and the food was supposed to be in a box but it came in a plate, but..."
1748,ارجو الاهتمام بنظافه الطعام حيث يوجد به شعر و الأكل بارد جدا
1749,من امتى المكرونة بقيت نودلز ؟ انا طلبت نودلز وفراخ سويت آند ساور، جايلي مكرونة بستريبز مع كاتشب.. أكل يقرف الكلب الأعور الحزين
1750,يا ريتني شوفت الرڤيوز الاول. السويت آند ساور ده كاتشاب .. حاجة تعيسة والله ان حد كاتب كده برضه قبل كده وبرضه مكملين عادي.. أنا رميت الأكل بعد ما شوفت ناس كاتبة ان جالها تسمم ومش هطلب منكم تاني
1751,Elakl ta3mo wehsh gedan w elsauce kan wa23
1752,تجربة وحشة الاكل كان بايظ.
1753,didmt recieve my sauce
1754,Food was uncooked fully
1755,الاوردر جه spicy وانا طالبه عادى النودلز كانت كويسه و الرولز مش حلوه قوى
1756,الاكل جاي مجلد
1757,"order was cancelled, had to place order again, menus got the worst delivery service & the restaurant called me telling the noodles will come without vegetables which doesn't make sense as how come an ""Asian"" restaurant doesn't have vegetables? 👎👎"
1758,Food poison. Will never order from this place again. Food was rotten
1759,الأكل تحفة بس الكمية قليلة جدا مقارنة بالسعر
1760,The food was spilt
1761,الأوردر وصل متأخر جدًا والشنطة كان واقع فيها حاجات بني شكلها مقرف مع إن الاوردر مكانش فيه اي صوص لونه بني
1762,the sweet and sour tasted like ketchup
1763,the food was very dirty and Cold
1764,pepper cuts too big and should be made smaller and chili dumplings were plain other than the spicy oil it came with
1765,الاكل سيئ عمري مهاكل من عندوا تاني انا جالي تسمم منهم فبلاش تطلبوا من عندهم خالص
1766,Had stomach issues for 5 days after although food was delicious
1767,there were plastic pieces in the chicken
1768,the order came without any cover ( spoon or fork )
1769,I thought it would come in a Chinese food box not a normal plastic one !! and no chopsticks ! the chicken taste is horrible just pure ketchup!!!
1770,الاوردر جه ناقص والاكل كان مش مستوي كويس وكان بارد جدا
1771,اكلكو بشع وملوش طعم حتى اقفلو احسن بدل القرف ده
1772,The sauce was all over the place!
1773,الاوردر متأخر ساعه كامله والاكل جاي بارد وبكلم الدعم ناس مستفزه ابلكيشن سئ والتوصيل دايما متأخر
1774,"I ordered 1 spicy noodles , it was super super spicy and totally not edible. I used to order spicy noodles all the time and it was really spicy which is good but not the level that you can’t eat it"
1775,driver was rude .
1776,البيف زفر جدا السيرينج رولز شاربة زيت اوي و النودلز نشفة اوي الاكل كله سيء و اترمي
1777,order came after one hour and a half cold I had to heat it
1778,Was very late and was not as hot
1779,never got the order
1780,كميه الاكل قليله جدا جداا جدا وكواليتى الطعام سيء جدااااا الدجاج عباره عن عجين فقط بدون لحم حتى البطاطس المقليه سيئه للغايه لا يمكن اكلها حتى
1781,Okay
1782,البيبسي سخن والاكل بارد يتتستستستعسعسههصهصهصهصخهصهصهصهصهصه
1783,الاوردر جي مدلوق كل الصوص في الكيس
1784,البيف ترياكي كان بايت كان طعمه وحش جدا
1785,"Nice, but delivery took so long"
1786,لازع جدا و الداملينج ٤ قطع ناشفين.... وانا قاعده في الشقه من غير شفرة اسانسير الدليفري متضايق انه ازاي يطلع الدور الثالت من غير اسانسير و كمان هينزله... انا في ال٣ مش ال٢٣ ... زائد انه اتاخر ييجي تلت ساعه
1787,uncooked rice
1788,chicken was only 4 pieces
1789,الاوردر وصل غلط والdelivery مرجعوش، والاوردر الصح وصلي بعدها ب ٤ ساعات. تجربة سيئة.
1790,الطلب وصل غلط والىيلفري رفض يرجعه
1791,زعلان جدا على التأخير وعلى الاكل بارد
1792,Raw rice
1793,باعتين مكرونه بدل النودلز طب مانا كان ممكن اطلب pasta من اي حته و الكواليتي بقت اقل بكتير من زمان للاسف تجربه سيئة
1794,I didn't receive my order till now
1795,The order never arrived and I waited for over 2 hours
1796,"they ignored my request of sprite instead of coca cola, the spring rolls were burned, too oily and too salty. sweet and sour chicken + noodles were good"
1797,Small potions of meat & chicken sides but the rice is good enough
1798,الطلب أرز أبيض ساده و إللي جه أرز بالخضار
1799,my order was missing chili sauce
1800,طالب رز و جيه نوديلز
1801,I ordered 2 type of dumplings and I got only 1
1802,bad packing
1803,الفراخ قليلة و النودلز كلها خضار ض
1804,the noodles were too salty not as expected taste
1805,Portions and taste are awful worst sweet n sour sauce ever and noodles low quality
1806,the food was literally bad taste and was cold
1807,"The order was missing 3 cans of cola and 2 spring rolls, the rice was totally uncooked, we contacted the branch, they told us they'll deliver the missing items but they didn't"
1808,الطلب موصليش
1809,"In a 265 pounds meal there where barely a quarter of a chicken and fifty grams of vegetables, it was hardly asian food"
1810,food was not that good
1811,i need chopsticks
1812,love it but the food this time was a bit too salty
1813,"I paid extra for it to be spicy but it wasn't, otherwise everything was great."
1814,الرز والخضار كان ني وطعمه وحش جدا ورميته في الآخر
1815,الارز مش مستوي خالص وسيء وكميه الفراخ واللحمه قليله جدا ، بالضبط ٣ قطع صغيره جدا لحمه وفراخ والباقي بصل . مستوي منحدر وقله ضمير.
1816,It tastes horrible! Salty! I could barely finish it. Don’t expect good taste or quality food from this restaurant m!
1817,I was expecting a box.not a meal.. obviously overrated..but..was okay..thx.
1818,Not good at all and the taste was spicy although i’ve ordered it original taste
1819,order took more than 2 hours and was missing the spring rolls
1820,overcooked Noodles with sweety without any sour chicken
1821,"2 days in a row the orde came missing the spring rolls, and the prices on the receipt is different from the website"
1822,الاكل جميل بس كان محتاج يكون سخن
1823,the sauce was replaced
1824,was perfect
1825,"Worst experience ever, i ordered the meal containing noodles with chicken sweet and sour and beef teriyaki, the beef teriyaki didn’t taste the same as before but it was ok, however the proportions of the chicken and beef were horrible and is not wort..."
1826,the worst thing ever
1827,التوصيل تأخر جدا ، الطيار توقف عدة مرات بعد اخذ الطلب من المطعم ، منه مرة اكتر من عشر دقائق في بنزينة شارع جامعة الدول العربية!!!!
1828,الفراخ كانت ناشفه جداا ،، الاكل جيه فى علبه بلاستك و النودلز من غير صوص و ناشفه جداا
1829,"I ordered this many times but this time, chiken very bad, I throw many chiken cause the bad quality"
1830,"hate the spring rolls was so salty the rest of meal was OK but dilevered in smaller package ,i mean the portion was less than that I get used to . very strange"
1831,مطعم ممتاز الاكل سخن والكمية كويسة و طعم الاكل روووعة ربنا يوفقكم
1832,الرز جه سبايسي مع ان الاوردر كان رز عادي مش سبايسي ال extra swert chili صوص مجاش اصلا
1833,Beef Black Pepper portion is small
1834,The food arrived cold.
1835,الاكل كان سئ جداااا جدا والجوده سيئة
1836,"The order hasn't come completely, packing waste is a big part of the plaate"
1837,سيء جدا.
1838,الطلب وصل بارد وبدون المشروب
1839,اتاخروا جدا و كل مرة يقولوا طلع من الفرع
1840,جميل جدا
1841,"very bad tasteless , every time I regret giving them another chance"
1842,Absolutely disgusting No taste whatsoever Too expensive for that garbage
1843,the worst taste and quality ever I didn't like it at all :(
1844,الطعم سئ جدا
1845,الاوردر وصل بعد ساعتين الا ربع و الاكل بارد و مش سبايسي و السبرينج رول محروقه و بارده تجربه سيئه جدا
1846,"The noodles had almost no sauce, the beef teriyaki tasted and smelled disgusting and the chicken sweet and sour tasted like ketchup"
1847,"I ordered boxes , and food came in blastic plates"
1848,الطعم رائع و الاكل نظيف و الكميه كافيه للفرد و التغليف ممتاز و من أفضل و انظف المطاعم الصينيه بمصر
1849,للاسف … الوجبه المعروضة بتخفيض امبارح كانت في منتهى السوء … قطع الدجاج فيها طعم صعب جدا جدا مش عايزة اقول زي ايه … بس بجد شي مقرف جدا للاسف … انحدار sweet and sour
1850,I ordered noodles with the main dish but i found the order with rice not noodles as requested
1851,ناس كدابين و قمة قله الزوق و مكان مش محترم خالص و منصحش بالتعامل معاه
1852,دليفري بلطجي مش بتاع شغل
1853,order was missing
1854,"the food tastes horrible, a complete waste of money"
1855,"it wasn't good at all , noodles bad , rice also"
1856,Great as always
1857,no soy sauce or chop sticks.
1858,تأخر المطعم في تسليم الأوردر للمندوب ادي لتأخير الأوردر ليا
1859,"the noodles was very salty, and the chicken was tasteless,, awful trial"
1860,Worst meal i've ever ordered the rice is cold and taste so bad and the chicken was cold as well and also the fried was full of oil i literally throw it
1861,اسواء مطعم طلبت منه اكل في حياتي لو هتموت من الجوع افضل من انك تطلب من عندهم اكل كوليتي سيئة جدا واكل بارد وطعمه وحش اوي وتاخير فالتوصيل اكتر من نص ساعه عن الوقت المحدد
1862,طالب ستييمد دامبلنج فراخ، باعتينها محشيه بصل
1863,كويس
1864,The worst thing i have ever tasted and it was delivered after 90 mins although they said it will only take 25 mins
1865,dumplings were so bad ramen salad was bad fries were sticky dry and soft chilli sauce was tasteless and barely anything in the cup. only thing that was good was sweet and sour chicken the noodles and the rolls were really good
1866,"Order was very bad, cold and no vegetables in noodles, worst ever"
1867,الاوردر المفروض يكون في كان كوكاكولا و الاوردر لما وصل مكنش في الكان
1868,Could not taste the bbq on the beef.
1869,Absolutely delicious. sweet and sour sauce is good but not the best noodles are good rolls are good. good portions and cheap price for a Chinese restaurant. I have ordered from this restaurant atleast 5 times and is really good
1870,تجربه والله لا اتمناها لالد اعدائى .الطلب وصل بعد ساعتين وهو بينى وبينو شارعين .غير ان الاكل طعمه وحش جدا .اوعى تتطلب منهم.خسارة .لو كلت كيس شيبسى اكلملك
1871,سى جدا اوعى تتطلب منهم خسارة الاكل وحش جدا جايبين اندومى وبيبعوة ب 100 جنيه والله طلبت اورد ب 600 لتلت افراد واترمى جه متاخر وبارد واللطعم زباله
1872,الاكل كان بارد والمطعم أتأخر جدًا في التوصيل لاخر مره اطلب من المطعم دا 🤮
1873,The chicken was very bad as it was cooked before several times!!!! Unfortunately the quality of their food being very bad and low From a loyal customer to never try them again
1874,الاكل جميل اوي وطازه وسخن وطعمه تحفه بجد انا بحب اكل من واك اند وأك علي طول
1875,Wok and walk sauce👎🏻👎🏻👎🏻
