,comment
0,كاتبله كريب بطاطس سبايسي جابه مش حار وطعمه عادي جدا كاني باكل سندوتش سلطة بالبطاطس بس للامانة جاي سخن وتغليف كويس
1,كمية الشاورما قليله في طبق الاكسلانس و الطبق عبارة عن ارز
2,تاني مرة الاوردر ييجي غلط و الاكل بارد و ما بقاش يساوي السعر
3,food was cold
4,tomatos in the meat was not fresh
5,للأسف البطاطس كانت مش مستوية، ودا على غير العادة من فضلكم حافظوا على جودتكم
6,"و فاتن من المنيوز بتسبتني هي كمان عشان الشفت بتاعها خلص""هيتم التواصل بحضرتك حالا يا فندم وانا وضحت بسرعه استبدال الايتم لحضرتك فى اسرع وقت"" و هي اصلا خلصت الشفت و مروحه تاكل في بيتها و المطعم قفل و بجد كسمكم كلكم"
7,الاكل زي الزفت زيكم بالظبط مطعم يستاهل الحرق بعتنلي رز؟؟ و رز زي التلج الله يحرقكم بجد قرف بعتنلي رز ب 175 جنيه انا هرفهع عليكم قضيه لحمايه المستهلك و هقفلهلكم وهرجعكم بلدكم باذن الله يا حراميه
8,حسبنا الله ونعم الوكيل في ده معطم أن شاء الله يرفع قضية عليه اكل كله معفن
9,ممتاز جدا والتوصيل سريع جدا ومندوب التوصيل محترم جدا جدا
10,Food was cold
11,الابليكشن نصابين - بياخدوا الفلوس ومش بيرجعوها غلطت في العنوان، كلمت المطعم حلوا الموضوع في دقيقتين ووافقوا يلغوا. خدمة العملا حولتها لكابوس. بعد ساعة جدال، قالولي اقدر آخد الأوردر بنفسي الساعة 2:10 ص. وافقت وبعتلهم 2:38 ص اني جايه. تجاهلوني نص ساعة،...
12,الاورد جاه ناقص و التجربه فاشله هديكم زيرو عشان الحاجه ناقصه و كمان أنا محكوم بوقت شغل و بريك
13,Z
14,زفت الزفت
15,الاكل بارد جدا وطعم الفراخ وحش جدا ...الدليفري معملته واسلوبه سيئ جدا
16,"While it was tasty, the portions and sauce were too little, the top half of the crepe was empty."
17,الاكل بارد واللحمة مش مستوية كويس
18,"I found a bone in my chicken, i would understand if it was half of a chicken meal, but it is a chicken strips meal, so there isn’t supposed to be any type of bones in the meal that I ordered."
19,Will order again. Delicious. Fresh. Great delivery experience.
20,The order is very cold
21,ualw
22,اللحمه طعهمها مؤرف اووووووي انا كنت هارجع
23,Food was cold Shawerma lahma has too much fats
24,The food was cold and messy
25,Your customer service is very bad
26,great
27,و
28,تاخير توصيل الاوردر و الاكل مكنش سخن طبعا وقطعة الفراخ كانت صغيرة جدا
29,دافعة ثمن جبنة موتزاريلا والساندوتش مفيهوش ذرة موتزاريلا 👎🏻👎🏻👎🏻
30,Received chicken plate instead of mix
31,الطلب وصل متأخر عن الموعد ساعة و ماكنش سخن
32,الاوردر جه ناقص
33,الاكل كان كله مميز شاورما الفراخ جامده جدااا و الفراخ المشويه نضيفه و طريه بس التوابل خفيفه خالص و طعم الشواء واضح دي تالت تجربه ليا و اكيد هجيب منه تاني
34,I got mix shawarma meat and chicken crepe even though i order mix chicken crepe And the strips pieces were tooooo small
35,2 hours till i got my order and it was cold
36,كان وحش جدااا فراخ فاسدة
37,مستلمتش الاوردر ومحدش ساعدنى
38,الاكل جه بعد ساعتين
39,"I’d like to report a very rude and disrespectful delivery driver. His attitude and behavior were completely unacceptable — he spoke impolitely and showed no professionalism. I expect this to be taken seriously and appropriate action to be taken, as t..."
40,مفيش واحدة تومية جاية مع ٣ ساندوتشات!!!
41,سئ جدا صراحه
42,وصل بارد و متاخر شويه
43,سىء جدا معجبنيش فته الشاورما والفراخ مغرقنها توميه بطريقه فجه والطعم مش احسن حاجه
44,الكريب ناشف جدا بشع
45,Driver was very bad and has an attitude
46,الاكل مزيت الكريب كان من كتر الزيت بينقط زيت الاستريبس مكنش في الاوردر واضطريت اعمل شكوى جالي بعد ساعة مزيت ومش حلو اخر مرة هطلب من المطعم كان زمان احسن من كده بكتير
47,كواليتي البطاطس مبقتش زي الاول و طبق الشيش كمية الفراخ قليلة
48,الاكل كان وحش اووووووووووي .. الرز وحش .. الاستريبس الكراست بتاعه كان بايش .. مافيش شاورما فراخ و البطاطس وحشه جدا و مزيته و مافيش توميه و الاكل في العموم كان بارد
49,الثومية كانت واقعة فالكيس و كل حاجة اتبهدلت جامد
50,منصحش بيها .. لازم تطلب طبقين عشان تشبع
51,الاكل جاي تحفه بصراحه طلبت وجبه السكلانس الارز لطيف كميه لشاورما حلوه وتوميه فظيعه وكريمي وكولوسلو فريش وچوسي والستربس حلوه وطلبت ساندوتش بطاطس سوري جاي معاه علبه توميه ولطيف اوي اوي اول مره اجرب منه وكمان وجبه عرض كنت فكراها هتيجي فقيره بس تجربه تحف...
52,ممتاز ، المشكلة بس الطحينة عنده سيئة جدا مش طحينة أصلا ، بس الأكل ممتاز
53,Greatttt
54,The driver was very helpful
55,❤️.
56,شكرا للدليفري
57,الاوردر كان نى و الشاورما كانت نيه ووحشه و الفراخ بدمها تم استرجاع وجبه للمطعم و اخذ الفلوس مره اخرى
58,عرض السكالانس...الرز جي بايظ في رز يجي معظمه لونه اسود و ريحته فيه عفونه ميتاكلش !!! و قطع الستربس فيها دم وبرضو مسوده من جوه!!! انتو بتدوا الناس بواقي اكل قديم؟؟!!! دى اول مرة اشوف عندكوا كدا و اضطريت ارمي الوجبة كلها و طبعا مش حاطلب تاني نهائي...
59,الاكل جميل لكن برجاء التغليف بشكل أفضل
60,ولا أطعم
61,Bad attitude of the driver !
62,الطيار تكلم معايا بطريقة وحشة
63,مكان الدليفري غير دقيق
64,محدش بيهتم بالنوت الي بكتبها و مفيش اوبشن اني اختاره سبايسي غير من النوت و مجاش سبايسي
65,wrong order
66,Low in checkin alot of oils and l tomya fl kes bsh3a fen l 3lba
67,❤️
68,الفرخه كانت بدمها
69,chicken was very dry i could tell it was not fresh if they dont make freshy made food when its late then dont take orders
70,جميل جداً
71,المخلل كان ضارب و متعفن
72,اقسم بالله حرام الشاورما قليلة جدا ماكفتش العيل الصغير الارز اكتر من الشاورما حسبي الله ونعم الوكيل فيهم
73,شكرا
74,كريب البطاطس مكنش ليه طعم والبطاطس كانت ناشفة جدا
75,ا
76,كريب الشوكلاتة معمول مكان كريب حادق فالطعم بقى كارف ووحش
77,الاوردر وصل سخن والكفتة حلوة اوي ، شكراا
78,تحفه
79,كان فيه مشكلة بس ف التوصيل اتأخر اوي عن الميعاد
80,جالي نزلة معوية من الأكل
81,الاوردر حلو اوى والطعم بس ليه الفراخ تبقى زفرة كده
82,سيئ جدا
83,كتبت سبايسي ومجاش للاسف
84,وحش اوي بطني وجعتني وجالي ميكروب في المعده
85,nice
86,Got food poisoning
87,الشاورما وحشه جدا و الفراخ نيه مش مستويه كويس و طالبه معاه ساندوتش ستربس جه حاجه تانيه و بردو الفراخ مش مستويه طعم و ريحه وحشين و الدليفري بتاعهم بيتاخر اوي
88,رد بايت
89,سيئ جدا والسندوتشات جات مش مقفولة ومعجنة وطعم الفراخ زفر ومتسخنة
90,شكرا جدا😻 الدليفري ممتازة جدا و أخلاق و ذوق فوق الوصف و الأكل ممتاز. بجد اشكرك 🙏🏻🌸و بالتوفيق دايما🫶🏻🍀
91,"I recieved a wrong order then my order was very bad,grilled chicken wasn't cooked well"
92,طعم اللحم مش لذيذ وناشفة والساندوتش غرقان صوص
93,لا يوجد معالق مع الطلب وحجم قطعه الاستربس متفاوت من طلب للأخر عكس اخر مره
94,Food came fast and was good .
95,الرز سئ جدا والتومية كمان مش حلوة زي المرة اللي فاتت
96,Was not good
97,رهيبين كالعادة اسطورتي
98,I found smth in my food
99,Too late
100,"Worst crepe very, it was totally not fresh"
101,كان كويس بس بجد اخر مره وحش جدا
102,الاوردر جيه بعد اربع ساعات و المطعم و المندوب و الايليكيشن بيستعبطوا حاجة تقرف
103,وحش
104,Horrible taste
105,"okay menus as usual you guys fucked up , and you will tell it wasn't our delivery will then why tf you have a delivery application? I would've been cheaper if I called the restaurant myself btw then I have the worst delivery experience more to besaid"
106,الاوردر جه بعد٣ ساعات ! ده لو جاي من اسماعيليه كان وصل بدري عن كده
107,الأكل كويس مفيش ملاحظات عليه
108,الكبيبه اللحمه اللي جواها تقرف بايظه
109,فيها ملاح كتير وحاجه زفت
110,Very bad crepe Wrong order I asked to bring coleslow and fried he added them in the crepe it was tasting horrible
111,كل الاسباب
112,"Well the food was good but I put instructions not to add vegetables in the crepe however it came with vegetables, it’s not a big deal but it would’ve been nice if there was someone cares about the customer’s needs."
113,cold falafel
114,It took 2 and half hours for delivery Very bad delivery experience
115,الطماطم اللي في السندوتش حمضانة
116,الجوده سيئه جدا
117,الفراخ سبايسي رغم انها مكتوب انها عادية والشاورمة ريحتها بايظة وحمضانة
118,الاكل بارد اوي الاستربس ما تتاكل خالص بسبب بروده الاكل ك كل
119,طعام طازج زحلو
120,الأكل حلو بس جه بارد
121,البطاطس مش مستويه نهائى
122,shawerma was dry
123,مزيت قوي ومش محمص
124,تسمم شديد بوظ عليه يومين من حياتي. مافيش اي نظافة.
125,الاكل جيه مدلوق و السواق اتأخر جداً
126,Shokrn
127,الطيار كان محترم والتوصيل كان سريع والمعاملة كانت كويسة من الطيار
128,حرامية الاسعار اغلى من المنيو نفسه بتاع المطعم ٣٠ و ٤٠ جنيه ليه ؟!
129,اكل جاي بارد مجلد والوجبة مقلوبة على بعضها والبطاطس درجة عاشرة
130,الاكل حلو آوي ، وجبة الفتة الرز و اللحمة طعمهم حلو آوي و مشبعة ، و الشاورما العربي طعمها حلو و بتشبع برضو
131,Rice not included in meal
132,جميل جدا وطازه
133,منتقهي قلة الادب و الذوق و الفهم كل شويه يتصل يزعقلي ابعتلي اللوكيشن الحالي و ابعتهوبعتهوله و يتصل يزعقك تاني و لما اضتريت اروحله مكان مهو واقف يقلي انت اخرتني ياباشا و هو بيزعق و يبرقلي كان ناقص ياخدني قلمين ده اخره يشتغل علي عربية خضار و يزعق
134,أنا بعشق أبو أنس، مهما طلع مطاعم شاورما سورى بردوا بالنسبة ليا أبو أنس
135,مملح جداااا
136,I love it
137,الاوردر جه كله غلط و جم بعد ساعه عشان يصلحوا الغلط
138,الثوميه بس مكنتش حلوه خالص
139,ت
140,الله ينور
141,احسن شاورما وفتة في المنطقة
142,الديلفيري اسؤوء حاجه ممكن تحصل
143,الطيار في منتهي قلة الذوق ومش راضي يطلع يوصلي الاوردر بيقولي انزلي قبليني في السلم ايه ده؟ قلة ذوق وقلة أدب
144,الطيار كان أسلوبه وطريقة التعامل حاجة سيئة جدا ارجو اختيار افضل لطيارين
145,الفتة و الشاورما و حتي التومية ملهمش طعم خالص ، الفتة مش فتة اصلا متغيرة عن قبل كدا ، انا كنت لسه مشترية شاورما من قريب وكان طعمها حلو مش عارفة ليه كل الأكل متغير كدا المرادي
146,الكمية كانت قليلة جدا
147,The delivery was very slow.
148,the food was great but the delivery was slow
149,اكتر مطعم نضيف بصراحة
150,طلبت سندوتش شاورمة لحم فرنساوي كمية اللحمة قليلة جدا والطلب وصل بارد جدا واللحمة مجلدة
151,order was missing items and didn't get refunded
152,Temperature wasn't High
153,Good
154,very bad
155,to7faaaa
156,Food temperature: food wasn’t warm enough
157,.
158,سيء جدا و لا انصح ، الطميه جايه بايزه و الرز بايت و الفراخ محروقه و الاوردر قعد ساعه و نص
159,بالترتيب كده ....الاوردر وصل في ميعاده و كابتن الدليفري محترم الاكل طعمه حلو ودافي عالاكل ....لكن كمية الفتة قليلة بالمقارنة انه لارچ تومية كتيير جدا كانت لذيذة و مخلل كتتتير جدا برضه الكميات ممكن تزيد و الاضافات تقل شوية لان حرام ممكن تترمي ملحوظة...
160,الشطة زيادة بشكل مبالغ فيه و الستربس طعمها فيه شئ مسكر بشكل غريب
161,ممتاز
162,بجد حاجه تقرف فعلا الاكل بايت ومجلد فعلآ حسار فيها الفلوس حرفيا
163,الكمية قليلة جدا مع العلم أن انا جايب الكبير بالمقارنة مع كرم الشام والاغا سئ جدا حاطط تومية كتير جدا ومخلل كتير وكمية الاكل قليلة حسبي الله ونعم الوكيل
164,الاوفر جاية غلط و لما كلمت خدمة العملا مفيش اهتمام
165,Wrong order get to me I ordered 2 original sandwiches (2 shawarma) I got 1 shawarma and 1 chicken strips
166,Chicken waS not cooked well
167,الاكل كان ناقص
168,I was expecting a diet meal as shown in the menu image but received a totally different meal.
169,بطاطس سيئة
170,كويس وكان احسن من كده زمان بس نقدر نقول ٦٠ ٪؜
171,"The order had payment problem with the extra cheese on the sandwiches , the sandwiches didn't have the extra cheese."
172,"Additional charge was added to my order, they instantly charged full item price then issued the difference as a refund to be processed from 1 to 14 working days"
173,الفراخ كانت نية
174,مستوي سيء
175,Very good
176,the chicken was row not cooked at all. الفراخ وصلت سخانة بس نية مش مطبوخة خالص. و لونها غريب . اترمت . يا ريت المرة الجاية نلاحظ و احنا بنحط الاكل للزبون نشوف الفراخ لو مستوية .
177,He was rude
178,الطيار زوق جدا جدا ومحترم والاكل تحفه
179,مبعتوليش الاوردر وسحبه الفلوس من الفيزا للاسف
180,الاكل بيجي بارد
181,Very bad
182,food is always frsh and hot. i order grilled chicken at midnight and still fresh and hot.👏👏
183,طلبت اوردر بقالي ساعتين و لسه ماوصلش خدمه التوصيل سيئه جدا
184,It was very delicious
185,الساندوتش فاضي والكبيبه الحشو مش حلو
186,الاكل وصل بارد
187,حلو فشخ
188,Fast fresh
189,حلو بس ممكن يكون احلي والكول سلو بره الساندوش
190,The order originally went to maadi branch for some reason then they called me after it was prepared and said oh my bad we will call the other branch to prepare it and deliver it for you and it proceeded to take like 2 hours or more to arrive and when...
191,من اسوأ المطاعم علي مستوى الطعم والحجم .تجربة لن تتكرر. رميت الاورد في الزيالة
192,من اسوأ المحلات والوجبات اللي اكلتها في حياتى سواء علي مستوى المذاق أو الحجم .عالم حرفيا معندهاش ذرة ضمير .الاكل كله اترمى .لا انصح بهذا المحل خسارة فيه اكل فلوس
193,الاوردر وصل غلط
194,Came 40 minutes late and it was terrible and cold
195,الفراخ زفرة جدا وسيئة للغاية
196,شوكولاته كانت شبه مش موجوده
197,تجربة بشعة، ساعتين عشان الاوردر يوصل ومفيش دعم في برنامج معفن دا المطعم قرف ، ووصل بارد وعينات حرفيا وسعر غالي، وحاولت اتواصل مع برنامج مغيش اصلا دعم خالص، وانا اللي لازم اتواصل نع مطعم المهزا واعمل كل حاجة، تجربة مقرفة وطلبات احسن منكوا واخر تعامل
198,الشورما لحمه زفره
199,اسوء فتة شاورما أكلتها مفيش عيش محمص الشاورما ملسوعة وريحتها محروقة
200,It was okay
201,"I want to thank the master chief when I had a complaint on the order I received, he brought me much better order he made it by himself"
202,حلو
203,👍
204,عرض المخمخة لو حد ميت جوع يطلبه علطول واذا قلتو لهم بدون مخلل يزودون لكم الثوم رهيبين صراحة
205,حسبي الله ونعم الوكيل أنا من ساعة ما كلت الساندويتش وانا برجع وتعبانة جدا
206,و الاكل جالي بارد جدا بعد اكتر من ساعه و نصف
207,السلام عليكم ورحمة الله وبركاته الأكل عمره ما كان أسوأ من كده، الفراخ محروقة من بره وناية من جوه، والرز مش مستوي خالص، يعني كنتوا بتعملوا أكل حلو قبل كده.. إيه اللي حصل؟
208,high value &small portions
209,We got food poisoning
210,زفت
211,ربع الفرخة صغير جدا
212,الاكل جه متلج والتواصل معاهم صعب و خدمة العملاء متناقضين
213,2 hours delivery time
214,حاجه فاخر من الاخر
215,الاكل كان متأخر بطريقه بشعه اكتر من ساعه تأخير والاكل طبعا وصل بارد ومجلد والشلطه بايشه ومتتاكلش
216,الاوردر ما جاش و سحبتوا الفلوس و المطعم مش بيرد و حاجه تقرف
217,بعد ساعة و نص مستلمتش الاوردر و الدليفري بيقولي اجي بعد الفجر كمان خدمة العملاء ( مونيكا ) حد قليلة الذوق و مش بترد عالشات كمان
218,انا مجاليش الاوردر اصلا
219,I did not get order and paid for it
220,الاكل جه في ٣ سعات و محدش اتواصل معايا طلبو من الساعه وحده و لحد دلوقتي مجاش كده هزار وربنا
221,Late delivery
222,الاكل رائع المندوب غير محترف علي الإطلاق
223,مقدر جداً جداً إن فيه ضغط وإننا قبل الفطار، لكن جيت عايز أضيف ع الأوردر اترفض، الأوردر مطلوب من حوالي الساعة أربعة جه بعد المغرب بحوالي ربع ساعة، وكمان مش متاح ألغي الأوردر! معنديش مشكلة في كل دا قد ما عدم التنسيق بيني وبين الأبلكيشن والمطعم
224,دائما اجمل أكل لكن المندوبين بجد غير احترافيين علي الإطلاق دايما مش عارفين العنوان ودايما يطلبو إرسال اللوكيشن ع الواتس اب مع انه موجود علي الابليكشن وبيتصلو مش اقل من ٣ مرات ويتصل يسأل علي العنوان اللي هو أصلا مكتوب عنده بالتفصيل
225,كدابين و حراميه و اكلهم وحش محدش يطلب منهم!!!!!! حطيت واحد بس علشان مفيش 0 -111000000/10
226,الشاورما اللحمة مليانة دهون وفيها كمية طحينة كتير لدرجة الساندونش جاي مهري ده غير ان الخبز مش طازة
227,الاكل اتأخر جالي بعد المغرب ب ساعه و الكمية قليلة
228,جه متأخر ساعه
229,"The worst experience ever! The chicken was clearly cooked hours earlier, dry and tasteless, with little rice particles on it—even though the order didn’t include rice. The salad was expired and smelled awful, completely inedible. Extremely disappoint..."
230,الاكل وحش جدا وجاي مقلوب علي بعضه !!
231,Very baaaad
232,تحفه زي كل مرة
233,الطعم وحش جدا و الفلافل ملهاش طعم
234,cold food
235,Sambosa ket3a?
236,Very very very bad quality
237,The order was delivered to a wrong building and I had to go and take it
238,البطاطس والفلافل الاتنين الطعم سئ جداااااااااااااااااااااااااا
239,الدليفري أتأخر أوي والأكل كان برد وكمان خدمة العملاء مش بيجله المشاكل ومش اول مره ده يحصل
240,اسوء خدمه توصيل شوفتها فى حياتى الاكل موصلش اصلا و دافع فيزا
241,الطلب وصل بعد ساعة ونص
242,خالي من اضافاتي والبريدينج سئ ومش ماسك
243,Cold
244,زي الزفت الفراخ ناشفه جدا ومالهاش طعم والشوربهةحاطين فراخ فيها عليها شطه
245,الاكل كان بارد جدا
246,Very late delivery The food arrived very cold and packaging was wet
247,تم تجاهل الملاحظة المرفقة مع الاوردر بدون تواصل
248,Food was good Delivery was super late!
249,All sandwiches tasted like cardboard (because of the packaging). The fries had many black spots on them. The sauce included in the bag is horrendous. Just completely disgusting.
250,الاكل وصل ناقص وزفر جدااا وريحته بعدها بربع ساعة وحشه جدا
251,Worst order i did from abou anas ever
252,بارده ومعجنه واخر قرف
253,the delivery arrived late
254,رهيب يعطيكم العافية
255,delivery guy got me wrong order
256,Very late order and didn't follow the special request
257,الشاورما كانت قطع صغيره محروقه وطعمها سئ جدا الكريب كان حلو جدا
258,احلي فتة شاورما في الكون
259,اتاخر اوى اوى اوى
260,ذيادة في الضريبة المضافة عن التطبيق بمقدار ٢٧ جنيه
261,شوربة الفراخ بالكريمة مفيهاش مشروم فيها شرائح غريبة مش مفهوم دى ايه بالظبط بس هى مش مشروم .. فتة الشاورما المكس ب ٢٠٧ جنيه وهى متسواش اكتر من ١٠٠ جنيه .. كمية الشاورما مش مناسبة ابدا للسعر لا الشاورما ولا الرز .
262,Too much tomeya
263,الاكل كان في شعرايه و البطاطس معجنه و عيش الشاورما معجن و ساندوتش الشاورما السوري تلات ارباعه فاااااضي
264,It took more than two hours to receive the order and the order was cold Got only one tomya for the 2 sandwiches which is not happened before
265,The worst restaurant and it is the last time to order from it
266,"Cold, less portion, than supposed to be for a Large."
267,الاكل بيجي بارد حتى لو طلبت في وقت مفيش فيه ضغط
268,"Food was cold, paper wrapping stuck to the bread."
269,شاورما اللحم كانت تحتوي علي دهن و كنت كاتبه طلب ان يكون بدون دهن
270,هو طعمه حلو بس كان بارد
271,الاكل بارد
272,the food wasn’t hot
273,سيء
274,طالب اوردر الساعة اتنين الفجر جايلي بعدها بازيد من ساعة رغم ان المحل على بعد خمس دقايق بالعربية و اتصل بيهم يقولي في ضغط. ضغط الساعة اتنين الفجر! الاكل جاي اكنه بايت مش بارد بس. مش اول مرة يجي بارد كدة
275,H
276,"order supposed to contain fries, yet it had a coleslaw instead"
277,انا كاتب بدون مخلل وانا مبعرفش اكل وفيه مخلل ومحطوط برضو
278,Excellent taste good delivery and portions are very well
279,الرز طعمه وحش جداااااا و الكرسبي ناشف جدا وًحتي الشاورمه غالبا بايته
280,Ok
281,جالي نزلة معوية من الاكل
282,was very cold
283,متأخر ع طول
284,سئ جدا والتوميه بلا طعم
285,اكل متلج ومزيت
286,الاكل مكانش سخن
287,Was very cold
288,وقت التوصيل أكثر من ساعة ونص والأكل جه بارد
289,وحش جدا والعيش ناشف وبايت حاجه اخر قرف
290,Meat shawerma sandwich was almost empty! Streps rolls taste was not good
291,the messiest packaging I've ever seen
292,"1- Chicken strips sandwich could’ve been better 2- Garlic sauce is so tasty 3- Shawarma meat is so tasty, and has a lot of juice 4- Chicken strips (in El Mazaj Offer) is crunchy"
293,"The food took 2 hours to arrive, the cs of the restaurant hung up the phone on me when i called and they ignored my specific request for no pickles"
294,و طلبتة spicy جالي عادي و الاكل كان بارد
295,و طلبت تعديل على السلطة و محصلش
296,"Very good quality, service and fast delivery"
297,Temperature: food wasn’t warm
298,الاوردر زى الخرا و السندوتشات بارده جدا و الشاورما بايته اساسا و حاجة فى منتهى الخراااااا حسبي الله و نعم الوكيل
299,المفروض الاوردر شورما لحمة و واحدة فراخ الاتنين جم فراخ
300,الاكل حادق وسبايسي والكمية غير مناسبة السعر وطعم الاكل
301,الكميه ضغيره جدا علي الحجم الكبير والاوردر جي مقلوب كده
302,الاكل كويس لكن الكميه فى السندوتشات قليله
303,Very bad taste
304,الاوردر جاء متأخر جدا
305,This was the worst delivery experience i ever had! The food came after an hour and half! Chicken shawerma fattah was cold and tastes really bad.
306,كميه شاورما الفراخ والفراخ الكريسبي قليله
307,"There is no quality control or order timing follow-up The food quality is bad, burnt and cold"
308,Special request not fulfilled
309,محتوش الاضفات الي طلبتها
310,مش فاهمه ليه ضريبه 50ج وانا دافعه توصيل انا مش قاعده ف المطعم اتقو الله
311,باعتين ٣ علب ثوميه اعمل بيهم ايه
312,نوعيه الفراخ سيئه
313,didn't receive anything
314,طلبت عرض الشاورما فراخ مع سندويتش بطاطس وحطيت ملحوظة إني عايزة إضافة دبس رمان على الشاورما. جالي سندويتشين شاورما فراخ مع بطاطس مع دبس رمان
315,كل حاجه زي الفل ♥️♥️♥️ شكرا للاداره والتوصيل والمطبخ بصراحه الاوردر تحفه والكل يستاهل بونص على اللوحه دي🫶♥️ من اول الشيف لحد الكول سنتر اللي كلمني لحد المندوب قمه ف الاحترام وان شاء الله مش آخر تعامل 🤍
316,سندوتشات واحد فاضي سلطه فقط و اللحمه سيئه
317,انا قلتلهم من غير تومية بردو جاببوه بيه
318,الاكل واصل بارد جدا
319,There's blood in the chicken
320,ساندويتش الشيش طاووق الفرنساوي بارد جدا و كأنه معمول من بدري...و انا كنت جعانة و اتاخر كمان.. اخص عليكوا بجد.. ربنا مش هيبارك للي مش بيراعي ربنا زيكوا كدا..
321,الاكان بارد جدا والاوردر جي غلط ومتاخر جدااا
322,Very late.
323,طلبت ساندوتش شاورما فراخ إضافة جبنة موتزاريلا الساندوتش جالي عبارة عن جبنة موتزاريلا في فتافيت شاورما الساندوتش جبنة فقط
324,الاكل فاسد
325,الاوردر اتأخر جدا والاكل جه بارد
326,الاوردر اتاخر
327,البطاطس كانت طعمها بايتة/شاربة زيت كتير
328,نفس المشكلة السلطة بحطوها مع اكل السخن و تجيلي دافية. تاني مرة ارميها!
329,Didn’t like so much
330,Mix Fattah Shawerma Rice was bad
331,السندوتشات باردة والعيش ناشف
332,الشاورما طعمها كان وحش جدا جدا وناشفه
333,Flafel was awful
334,سندوتش الشورما جهه بينقط سمنه و زيت معرفتش اكله و رميته من كتر الموضوع ما كان مقرف، لكن فته الشورما كانت حلوه اوى
335,الاكل مش مستوى
336,الفراخ محروقه مش مشوية
337,سيئ جدا الاكل عموما عنده
338,حلو جدا
339,You charged the sandwich price higher than what they are selling at the restaurant.. last time to buy from elmenus
340,الاكل ممتاز
341,اوحش مطعم في مصر، دليفري بطيق الاوردر وصل قي ساعتين و نص
342,كان بيتكلم بقلة ذوق و بيزعقلي
343,they neveeer consider my notes on the order I always write that I want it spicy and it never came that way i don't know whether this is from elmenus or from abou Anas but I wish you solve this problem or add an option for me to choose it to be spicy
344,و ذوق الطيار و سلوكه الطيب
345,الاكل ساقع و الاوردر اتاخر جدا
346,حاجه محترمه جدا
347,الاكل وصل بعد ساعتين الا ربع وكان بارد وناقص ساندوتش وكان لازم من مدير المطعم يفتح تحقيق معايا قبل ما يبعت السندوتش الناقص
348,العيش ني والصوصات طعمها وحش لجد اوحش كريب اكلتة
349,الاوردر مكنتش كامل
350,Quality was not great
351,there was a long black hair in the food and the crepe was awful!
352,البطاطس جاية فتافيت صغيرة و مش حلوة خالص..كأنها بواقي عندهم
353,الطيار في منتهي قلة الذوق وكذلك المطعم لما اطلب اوردر يتأخر ساعتين وبعد ما الطيار يوصل يرجع تاني بالاوردر علشان سبادته مش قادر يطلع السلم وبكل بجاحه عايزني انزله استلم الاوردر من الشارع حاجه بجد مستفزه وفمنتهي قلة الذوق
354,Great
355,Perfect
356,الشوربه سيئه جدا
357,الشاورما محروقه و العيش ناشف عن الطبيعي
358,الاوردر اتاخر اوي
359,tasted low
360,ساندوتش البطاطس ناشف شوية
361,كل حاجة زي الفل ♥♥♥ شكرا للادارة والتوصيل والمطبخ بصراحة الاوردر تحفة والكل يستاهل بونص علي اللوحة دي 🫶♥ من اول الشيف لحد الكول سنتر اللي كلمني لحد المندوب اللي قمة ف الاحترام وان شاء الله مش اخر تعامل 🤍
362,طعم الفراخ غريب للأسف اول مرة تحصل معاي باقي سنتين بطلب من عند ابو انس بصراحة
363,الفراخ زفرة ومقرفة وفيها دم
364,الفراخ كانت محتاجه تكون انضف
365,الدليفري اتأخر جداااااا بس الاكل تحفة تحفة تحفة
366,good
367,الفته بس كان فيها قد معلقه رز لونها قالب على اخضر كده و كان طعمها مملح اكنو حاجه بايظه. بس غير المعلقه دى باقى الرز و الفراخ و كل حاجه كانت تحفه.
368,الشوربة تحفة
369,طلبت سنداوتش شاورما لحمة و وصلني شاورما فراخ، و كسلت اكلم المطعم لأني كنت جعان...لكن سنداوتش الفراخ كان حلو سنداوتش التشيز برجر كان وحش للاسف فيه ريحة مش حلوة و نوع البرجر مش حلو
370,سىء واللحم مجلد وكله خيار والعيش ناشف
371,البطاطس سيئة جداً
372,mix fattah was too small with chewy dry meat
373,The chicken taste was awful
374,الأكل معقول كمية و جودة التوصيل كان سريع
375,الاوردر اتأخر جدا جدا وصل بعد ساعه و نص، غير انه وصل عماره غلط و الطيار ساب الاوردر للحارس و مشي رغم اني كاتب العنوان بالتفصيل و رقم العماره مكتوب صح، منتهى الاهمال و عدم الحرفيه
376,Too bad
377,اكل زبالة لا طعم و لا ريحة و لا نظافة حاجة مقززة حاجة تقرف
378,تمام
379,Meal was not hot
380,اسوء اكل زفر و بارد و الطحينه بايظه و حاجه تقرف
381,Driver was a**hole
382,الشاورما اللحمه ناشفه و بتشد
383,الاوردر بقالي ساعة وربع طلباه و لسه موصلش كل ده ومفيش حد اتواصل معاه
384,very disappointed
385,ربعين الفراخ واحد ناشف و محروق و التاني جواه دم!! و عامة ريحة الفراخ كانت مش زي كل مره 😞 و التبوله كانت حلوه جدا
386,الاكل وصلني بارد بعد تأخير كنير جدا
387,food was cold and took long delivery time
388,الاكل جه متأخر اوى و بارد جدا
389,المندوب شتم مراتى
390,سلوك الطيار زي الزفت
391,الاكل غالي و معجن
392,البطاطس وحشه جدا جدا جدا جدا
393,الأوردر واصل بارد و اتأخر في الوصول لما بنطلب مباشرة بيوصل أسرع من كده
394,طالبين سلطة ومش باعتين معالق المفروض ناكل ازاي
395,كريب الاستربس مش انضف حاجة
396,i get food poisoning due to this food
397,the food was perfect but the delivery took way too long
398,"Very very very awful and unclean chicken , wont repeat"
399,الطعم مش احسن حاجه الكفته ناقصها توابل و الفراخ كمان
400,بجد ده اسوء أوردر جالي من ابو انس الاكل كان وحش اوي اوي و كأن الاكل كله منتهي الصلاحيه بجد لا يصلح ابدا أنه يتاكل
401,يوجد بطئ في توصيل الطلبات
402,الطعام وصل بارد جددددا
403,ممتاز جدا
404,الاكل بارد و اخد ساعه و نصف للتوصيل السلطه طعمها غريب
405,Food was so bad
406,The food was cold and taste wasn’t good
407,Late and cold👎 don’t recommend it
408,سئ
409,too much rice and less shawerma in the meal
410,قلة ذوق ....وقلة احترام ...وبجاحة
411,خطير تسلم ايدكو
412,في طعم غريب في الفته ولم يتم أكلها ام الشاورما الخبز في طعم غريب غير مستساغ ليس مثل كل طلب يتم طلبه والطلب بارد
413,Wowo
414,I didn't receive the order
415,Late and cold but taste good
416,Food was over cooked and it taste wasn’t good at all and small portions
417,ماشاء الله الاكل ممتاز
418,الاوردر ما وصلش
419,مش زي كل مرة
420,"The quality is getting worse every time we order, beside the high cost of the order"
421,سيء جدا
422,الاوردر عدى الساعتين
423,اول مره الاكل يبقى وحش كده الشاورمه فراخ و لحمه ناشفه و ملهاش طعم الاكل كان دايما حلو
424,الأكل جه بعد ساعة ونصف ويمكن اكتر و الأكل جه باااارد جداا و الشاورما كانت ملسلسة و الطعم مش احسن حاجة
425,الاسعار مالها ارتفعت
426,الأكل جاي باااارد جدا
427,There was a problem with Syrian wrap all of them were torn
428,بقي مش حلو و أي كلام
429,i always order from it but this time it was very bad we couldn't eat it
430,Shawerma not good at all
431,للأسف تم رفع السعر مع تقليل كمية اللحم وزياده في الطحينة
432,I cancelled the order as it took 2 hours and did not even arrive
433,The Mushrooms in the mushroom soup is not clean and not good
434,التومية كانت عبارة عن تلج بس و المخلل نفس الكلام
435,اسوء حاجة في الدنيا
436,اي القرف ده؟؟؟
437,اسوء مطعم كلته في حياتي الفراخ بدمها الطعم زبالة التغليف زفت البطاطس محروقه الشاورما زباله
438,Tooo waiting time for delivery
439,The falafel sandwich was not edible
440,الفراخ وحشة اوووووي اووووي تحسها فراخ ميتة مش مدبوحة
441,الطعم سيء جدا مقارنه بالمرات السابقة والاكل بارد جدااا
442,الطلب وصلني بارد
443,الاكل كان يقرف
444,shish tawook was raw fries was so cold very baddd experience
445,مش هشتري من عندكوا تاني نهائي دي تاني مرة الشيش ميبقاش مستوي وحاجة منتهى القرف (ربنا يعز النعمة) دا غير ان الاوردر كتن بارد جدا والطعم سيءءءء
446,الأرز محتاج تسوية زيادة.
447,يعنى انا مش عارف ليه بتاخد ضريبه رغب ان المحل مش ىافع الاسعار
448,لسه احلى اكل سوري في مصر احلى شاورمة فراخ
449,the food was extremely cold!! & i received the order after 75 mins!!
450,تجربه سيئه ومش هتتكرر تاني، طعم الاكل سيء جدا وكان بارد وكله زيت ، دا غير ان مافيش بروفيشنال ف التعامل ومره يجي اوردر غلط ومره يجي اسوء من اللي قبله والجوده قليله بالنسبه للسعر
451,The food was soo cold
452,الاكل جه بارد جدا جداااا
453,وصل الطلب بارد
454,بسبب انو اتئخر عن معادو ساعه
455,الطلب جه ناقص والطيار اتهمنا بالسرقة واننا استلمنا الحاجة كلها وادارة المطعم لما كلمناهم قالت نفس الكلام والموضوع اتحل بعد مكالمات ساعة وباقي الاوردر اتبعت بعدها بساعتين
456,خدمه توصيل مقرفه
457,chiken portion were tiny
458,الاكل حلو و الكمية مناسبة و السعر معقول لكن قيمة التوصيل و الضريبة و الخدمة مرتفعة جدا جدا تقريلا بقيمة وجبة و ماخدتش بالي غير لما طلبت و مكنش ينفع الغي .. دي حاجة ضايقتني جدا
459,Thanks
460,الاكل كان بارد
461,None
462,I got a food poisoning from the shawerma. Don’t order from them
463,cold
464,food was extremely cold
465,الاكل جاي مش اللي طلبته أصلا
466,worst chicken ever
467,بدل يكون شاورما مضاف اليها بطاطس أصبح سندوش بطاطس والقليل القليل من الشاورما أسواء تجربة عرض سي جدا وجودة مقرفة
468,تجربه سيئه جالي تسمم من الأكل وللأسف المطعم إزاي تقييمه 4.6 ؟
469,excellent 👌
470,الاكل جه متلج
471,الاكل جاى بارد تلج
472,Not the best rice
473,decent
474,الاكل جاى بارد ميتكلش ومتبهدل من الطيار
475,"Delivery arrived one hour and 15 minutes late.It took 2 hour and 15 minutes since i placed the order to receive the food. Also all items were delivered completely cold, not even warm or edible. I definitely won't be ordering again."
476,الاكل بارد و سيى جدددا و وصل متاخر اوى
477,I received a plate of rice and some shawerma leftovers 🤮
478,found a hair strand in the food! I threw it all away
479,أسوأ شوربه ادوقها بحياتي
480,لقد وجدت شعره طويله ف الارز
481,الاوردر كان سيئ للغايه
482,غالي والتوصيل دبل غالي
483,Order hasnot delivered
484,Perfect food and delivery guy but took a lot for the food to leave the restaurant for delivery
485,الاكل جالي بارد جدا
486,slow delivery
487,التوميه وقعت كلها فى الكيس
488,الاكل وصل متأخر اوي وبارد جدا جدا جدا ولما كلمت الفرع قالولي ان المشكلة من الابلكيشن وكانت حقيقي اسوأ تجربة
489,Food taste is bad!! And so late delivery
490,اسوء مرة اكل فيها
491,الاكل جاه بارد
492,الاكل تحفه السمبوسك والفته والكبيبه والبطاطس ودليفري محترم جدا وصل قبل معاده ب نصف ساعه
493,السندوتشات الشاورما الصاج تحفة الفراخ بس مكنتش احسن حاجة حسيت انها متسخنة اكتر من مرة وغامقة متبسطتش بيها
494,الاوردر جه غلط
495,كنت طالبه اتنين فراخ جالي واحد باطاطس وواحد فراخ
496,اكل ممتاز
497,لقيت شوكه فى الاكل واما اشتكيت مخدش ختى اهتم واعتذر
498,شكرا جداً علي تقديم مشروب مصري ♥️♥️♥️ أحيكم بشدة👏🏻👏🏻👏🏻👏🏻👏🏻👏🏻
499,Waited 3 hours to be told that the order has been for some reason dismissed
500,The can of the drink came broken and the food is cold
501,الاكل فوق الرائع ووصل قبل المعاد
502,الاكل رائع
503,الكولسلو تحفة وحجمه مناسب جداً. وممتنة انهم يصوا على الملاحظات بتاعتي لما كنت عايزة حاجة زيادة على الاوردر
504,High cost of delivery
505,ريحة الطعام سيئه جدا
506,"The food was delivered 30 minutes after the expected time. It was cold, bland and messy and the portion was tiny."
507,Food didn’t come
508,food was great but it got delivered so late
509,الرز كان سيء والفراخ طعمها سيء
510,food tastes great but is very expensive.
511,Too much sauce in sandwich
512,الساندوتش يحتوي علي كميه كبيره من الشطه مما يجعله سئ الطعم وغير مقبول علي الاطلاق
513,كان بارد وانا طالب كاتشب موصلش مع الاوردر مش زي كل مره بطلبو
514,ما ينفعش اللي حصل من المطعم دا يتكرر تاني .. و الريسيت يتكتب غلط ما بين طريقة الدفع كاش او ڤيزا
515,مطعم فاشل و بجد unprofessional و واحد من عندكوا اسمو احمد حمدي مكلمني يقولي متطلبيش من عندنا و مش هبعتلك اوردر انا ما شفتش اي حد يعمل كدة مع الclient و لازم كل الناس تعرف اسلبكوا و طريقتكوا و الاكل بيوصل بارد و لما اشتكي يقولي انا مش هبعتلك اوردرتاني...
516,L
517,I orderd 11:30 pm it came 1:30 am
518,ف
519,the sandwich had very small amount of chicken and the bread was burned
520,…
521,كنت ضايفه ملحوظات ولا اي حاجه اتعملت
522,بس محتاجين تنزلوا الاسعار شويه
523,الاوردر جاى من غير ثوميه ولا اى حاجه والكريب مش سبايسى
524,not good
525,الاوردر ماوصلش اساسا
526,الشاورما كانت عظييييمة أحلي شاورما سوري اكلتها من سنييين بجد
527,البطاطس بارده
528,"el order kan ghalat , ana talba sandwich shawerma lahma mn gher khodar w t7ena kan ma7tot fe khodar w t7ena w kont talba spicy we extra debs roman makansh fe debs roman wala spicy IT WAS SO BAD"
529,بجد بجد أسوأ تجربه اكل كله مقرف حاطين ع الشاورما بشاميل !!!! ونكلم خدمه العملاء يقولولنا هيا دى الشاورما السورى و الناس اذواق
530,جابلي تسمم يومين في المستشفي
531,كمية الشاورما قليله جوه السندوتش حاسه اني كنت باخل خيار بس مش سندوتش شاورما
532,الكميات صغيره
533,هو محترم جدا بس بيكسل بطلع السلم
534,انت وحظك
535,the food was cold
536,الاكل كان ساقع
537,الاكل كان مش سخن و بارد
538,Fattoush salad had olives
539,تحفة
540,اضافة البطاطس كانت قليلة جدا
541,الفراخ كانت ناقصه سوا
542,جبت فته فتة شاورما ميكس مفيش اى تتبيله والخبز المحمص حطيلنى 2 وشاورما لحمة حسيت بزفارة فيها الثومية كانت احلى حاجه
543,الاوردر غلط فراخ عاديه بعضمها
544,طعم يقرف و وجعلى بطنى يومين
545,التومية طعمها كان بايظ
546,We got diarrhea after eating it
547,استنينا ساعة كاملة في اورد بسيط الاكل جي بارد مش سخن وكمان الاورد جي غلط بس كنا جعانين ومكلمناش المحل
548,It was very salty
549,حسبي الله ونعم الوكيل أكل يجيب المرض تم المتابعه مع حماية المستهلك حسبي الله ونعم الوكيل
550,البوكس مبهدل و الأكل كله علي بعضه. أول مره يحصل الموضوع ده
551,The order was wrong
552,T
553,I didn’t receive my order
554,الاكل جاي بدون ملعقة
555,السمبوسه مزيته والفراخ كويسه والرز طعمه غريب بس الاكل وصل بسرعه
556,Yccv
557,الاكل سيء جدا
558,مليان شطة و بهارات
559,ارز كتير شاورما مفيش
560,S
561,التغليف محترم والاكل وصل سخن كان كريب شيش طاووق الفراخ مستوية والعجينة محمصه ومظبوطة تم الاهتمام بالملاحظات المطلوبة ف الكريب
562,الشاورمة فراخ وصلت غير مستوية تماما
563,"I got gastroenteritis after eating from the food, contaminated food, food poisoning."
564,Sooooooo baaaaaaad
565,Soooooooooo bad
566,طعمه بقى مش حلو خالص زي زمان
567,الفراخ مكنتش مستوية نهائي
568,طلبت فتة شاورما و للامانة سيئة
569,تجربة بشعة كل مرة اطلب سبايسي يجي سبايسي منطقي وطبيعي المرة دي كمية شطة مهولة والكريب بينقط شطة زيت لدرجة مش دايقة طعم الشاورما اللحم و هاخد دوا بسببكم تجربة سيئة جدا
570,كنت طالبة ربع فرخة صدر و جالي ورك و التومية ناقصة مُش على عدد الساندوتشات
571,الطعام بارد
572,chicken was burnt in too many places
573,شاورمه طعمها ماسخ، غالباً فراخ فاسده، رز بايظ تقريباً، بطاطس مهريه زيت، سامبوسه حراقه عالرغم انها جبنه، توميه ملهاش طعم، حيتبلغ عنهم هيئة رقابة الاغذيه
574,وحش جدا اسوء مره طلبت فيها نوعية البطاطس وحشه والحجم صغر عن كل مره👎👎👎👎
575,Poor quality
576,الاكل جه مقلوب و الفتة وحشة اوي و مالحة جدا .. والاوردر جه متأخر
577,فته الشاورما مش حلوه
578,طبق ابو انس كمية رز كويسة و متنوع بس من غير اي نوع سلطة لا طحينة و لا تومية محتاج اهتمام اكتر
579,Quality is declining rapidly. Worst shish tawook ever how the hell adds ketchup to saj shish tawook. Worst crepes as well full of soggy tomatoes
580,الاختيار الاول الشاورما
581,ان المطعم مش عامل ضريبة انتوا اللى عاملينها
582,كانت من افضل التجارب بصراحه ، المطعم نظيف جدا والخدمات اللي متوفرة ترضي جميع الأذواق بس للاسف كان في زباين معاهم اطفال كثير جدا جداً وده طبعًا مش ذنب المحل خالص ، لكن عموماً كانت تجربة احسن من رائعه .
583,meat taste below usual standard
584,ضريبه كتير جدا والاكل غالي عن الطبيعي والاكل مش حلو
585,الرز سيء، الشاورما الفراخ فيها طعم غريب، كميه قليله جدا و عباره عن عيش مليان مخلل، الفراخ المشويه كانت أحسن من المره اللى قبلها
586,سندوتشات الفراخ لطيفة و حجمها كويس بتشبع الأكل جه سخن الضيافة ممكن تبقى أفضل من كده بييجي مع كل سندوتشين علبة تومية صغيرة
587,1-كل مرة أطلب الاوردر واكتب أرجو تقطيع السندويتش الي نصفين مبيحصلش 2-أطلب ضيافة بدل الثومية العادية إلي ثومية حارة وبردوا تجيلي ثومية عادية...هو إلا بياخد الأوردر مصمم يعملها عند معايا..مش فاهم
588,not a good portion just a lot of rice very small kofta and the crispy that don't even crispy is small
589,very bad rice and
590,الاوردر مجاش اصلا و اتعمله اكسيبت المفروض
591,اكل سخن جميل
592,the driver was very rude
593,المشكلة في صوص الثومية الضيافة كان عادي بس زي ما يكون محطوط عليه شطة زيت عند محل كشري مكنش حلو خالص
594,سندوتشات عالفحم خطيرررررة 👍👍 استمروااا بالاهتمام
595,جميل جدا جدا
596,الكريب الفراخ كان حار جدا والنوتيلا كان كريب ناشف جدا جدا
597,"لقد كتبت في الملاحظات أرجو إرسال ثومية حارة وتم ارسال ثومية عادية التوصيل, سندوتش الطرب كان سندوتش كفتة عادية"
598,طعم سئ
599,اوردر الاكل كان بارد جدا و وحش اللحمه بايظه و البطاطس ناشفه و مفيش اي حاجع في الساندوتش بجد بشع
600,very bad tasty
601,الاكل بقي غالي اوووي والكميات والاحجام بقت قليله بجد كنتو الاول احسن من كدا بكتير
602,الشاورمه مش سخنه
603,it was very bad
604,Good quality but the sandwich was cold upon arrival
605,الاكل جيه شكله سئ جدا لا يصلح لتناوله
606,I
607,"delivery time is extremely late, and the food is cold."
608,Veryyy cold Veryy lateeee Tasteless Special request was ignored My worst experience and I’m deleting this app as well as telling my friends not to use it
609,ال delivery man محترم جدا و الأكل حلو بس الكميات قليله جدا جدا جدا
610,اول مرة يحصل معايا كده بصراحة ان الاوردر يجى بالمنظر ده
611,طلبت اوردر من المنيوز و قالي معاد التوصيل بعد ساعه و تلت فا بعت لخدمة العملاء ان الوقت مبالغ فيه جدا و اني محتاج انزل بعد ساعه يا كدة يا يلغوا الاوردر قالوا ماينفعش نلغي و قالولي هنتواصل مع المطعم و رجعوا قالولي هيجيلك قبل المعاد الوقت عدى و بعتلهم ...
612,الاوردر قعد ساعتين عشان يجي وكنت دافعه فيزا ولفيت حوالين نفسي وجبت رقم الطيار من خدمة العملا عشان اشوف الاوردر فين لانه كان مدفوع فيزا الشاورما جايا كمان باردة جددددددا والجبنه اشبه بالكاوتش
613,أسوأ فتة شاورما اكلتها بحياتي نصيحة اللي هيطلبها هيندم طعم سئ وجودة أسوأ وسعر مبالغ فيه
614,الساندويتش كان كويس بس مجاش سخن
615,.1
616,تجربة سيئ❌ للغايه ولن تتكرر الاكل طلبت فتة شاورما الاكل وصل بارد والرز شكلو قوي وشكلو من امبارح والتاخير في التوصيل لدرجة كنت عاوز الغي الطلب لا انصح بالتجربه ❌
617,بعد ما استنيت ساعة و نص كلمتهم قالولى حصل غلط و الاوردر موصلش عندنا
618,Missing items in the order
619,اتاخر جدا والاكل جيه بارد جدا واخر مره هجيب بعد كده انا هتصل بالفرع علاطول
620,"the was delivered very late, and it looks like the box was open and dropped before i received it. the photo is how I received it"
621,"The shawarma was delicious, but the Pepsi can was damaged and more than half spilled into the bag. didn't notice it right away. I also ordered an apple Mirinda, and they brought an orange one."
622,ورق العنب كان جاي بارد وطعمه سئ جدًا بجد مش مستوي ابو انس ف الشاورما والفتة وباقي الاكل، بجد اسوء ورق عنب ممكن حد.ياكله
623,Best Fattah Shawerma (both meat and chicken) Ordered it more than 10 times!
624,الطيار بيتاعمل كأنه بيتخانق و اسلوبه زباله و يقولى العنوان غلط و انت بتوصفلى غلط باسلوب وحش جدا
625,كلمة سيء قليلة ،الاكل كان جي بارد و معرفش معمول من امتي جايلي ساندوتشات بايتة حرفيا
626,اسوء تجربة فراخ مشوية اترمت
627,كمية شيش قليلة جداً
628,سندويتش شاورما الفراخ السوري و الكفتة السوري كان حلو، لكن كايزر الشاورما كان شبه فاضي
629,طبق الفراخ زفر جدا جدا و مقرف للاسف اخر مرة اطلب من المطعم
630,الفراخ مش تمام وتسببت بالمرض واضح كله بقى يستخدم فراخ رديئة
631,سندوتشات الشاورمة كويسة بس التومية كان زايدة عن اللازم
632,Cold and tasteless
633,Cold food
634,ساندوتش الشاورما الفراخ شبه فاضي
635,الاكل سيء جدا حرفيا فطيرة بصوص من غير شاروما
636,الطعم جميل و التوميه تحفه بس كميه الفراخ محتاجه تزيد شويه و الخيار المخلل جوه الساندوتش
637,جايلي تبولة عينات بجد تبولة اللي هي شوية بقدونس ب٣٧ جنية وصوص الليمون نص لمونة😁
638,التجربه مويسه بس الامل وصل بارد
639,الأكل وصل متأخر عن المعاد بكتير والأكل كان بارد
640,تمم
641,تأخييير
642,حجم الربع بقي صغير مقارنة بالسعر
643,غالى مقابل الكميه والاوردر متاخر جدا
644,كله تمام بس الاكل كان بارد
645,الفراخ جميلة جدًا بس الرز مش حلو
646,الأكل غاية في السوء وغير مطهي تجربة سيئة والمستوى في النازل
647,الاكل كان حلو بس كمية الفراخ واللحمة كانت قليلة شوية
648,جميل
649,الاكل جالى بارد 🥶
650,jj
651,فته شاورما من غير شاورما و الطعم و النكه 👎
652,التومية قليلة رغم اني قلت في الملاحظات يزود التومية.
653,Today the food was cold and not fresh The grape leaves were stiff
654,low quality ingredients and low quality food packages
655,مخلل كتير وتومية كتير جدا في السندوتش كان مالح جدا
656,الاكل سئ جدا حدا و بارد و الشاورما قليلة جدا و كلها جلد و باردة و الرز ني .. اخر مرة هطلب من المطعم دا اسوء مطعم
657,كان بارد
658,العيش كان ني
659,محترمين
660,الاكل اتأخر وجاي بارد ، والفاتورة جاية غلط مش كاتبين دافعة بالڤيزا ، وفي الاخر جالي تسمم ورجعت من الاكل
661,الاكل سئ جداً و كان باين اوى انه بايت و متسخن اخر مره اطلب منهم
662,الاكل سيء للغايه الشوربه سيئة جدا و فيها قطع شاورما ليس دجاج الاكل سئ جدا الارز ني و غير مستوي و مش بسمتي اصفر كانه بلاستيك و الفراخ و الكفتة بدون طعم
663,"المرة دي الاكل كان ممتاز... شكرا فرع مصطفي النحاس... و شكرا لمندوب التوصيل ""عبد السلام ابو ملك"" رجل شاطر و سريع و في قمة الذوق و الاخلاق.. جزاكم الله خيرا جميعا"
664,الاوردر غلط تمام
665,حلو اوي وبجد بيكفي والشاورما الفراخ بجد بقالي متير مكلتش زيها
666,الاكل جاي بارد
667,جميل جدا والاكل شهي
668,♥️♥️
669,الاكل مش زى اللى فى الصوره النهائي البطاطس كانت قليله جداً الشاورما كانت كلها زيت و الفراخ قليله و بالنسبه للاستربس كان واضح انها بايته و متحمره ف الزيت مرتين اخر مره اطلب منهم مستوى الاكل كان سي و حرام الفلوس اللى اترمت ف الارض دى….
670,Made me sick
671,It was cold
672,Crispy chicken جاهزه مش بتاعتهم
673,وحش جدا و اكل بارد و تاخير في الاوردر و الطيار غير لاءق لا انصح بالتجربه اخر مره اطلب
674,A
675,Horrible food
676,اوحش نصف فرخه جبتها في حياتي. الرز وحش والفراخ وحشه واالطاطس محروقه
677,It’s the worst mix fattah I’ve ever had And the fahita fattah is very very baddd The first time seeing tomatoes in a fahita fattah Not worth the money at all
678,طعم ممتاز وحجم معقول جدا لكن الفته الكبيره مش شايف انها كانت كبيره
679,الشاورما حبيتها بس ورق العنب ما بنصح فيه
680,The food was not fresh me and my wife had diarrhea right afterwards. I will never order from them again
681,الاكل كان بارد جدا ومجلد فعلا كان سىء
682,Very very very late delivery!
683,مطعم سئ جدا ولا يستحق تقييم كويس الاكل بارد والتوصيل بيتاخل
684,The test was so bad one and was to cold too the delivery guy was dealing with us so bad
685,الاكل ماكنش احلى حاجة خالص
686,كنت زعلانه علشان الفراخ المشوية غليت .. بس ورق العنب عوضني تحفة اتمنى تستمروا فيه بنفس الجودة
687,حلو اوى
688,The food came cold
689,"Salad bowl too small now, won’t order it again"
690,I ordered chicken breast with rice but I received quarter chicken with rice.
691,مطعم سئ الاكل جيه زفر و بارد و مزيت و الراجل قليل الادب بيكذبني
692,رجعت
693,ممتاز جدا من احلى مطاعم الشاورما ف مصر ان مكنش أحسنهم
694,Not good
695,الاكل كان رائع
696,Chicken was good Not enough mozzarella in the mozzarella fries sandwich tho
697,تجربه سيئه الرز مش حلو و العيش بايش الفته تجربه سيئه جدا و السندوتشات كانت بارده و العيش طري جدا و الاوردر اتاخر جدا
698,اتأخر جدا
699,اكل وحش جدا متلخبط علي بعضة وبارد جدا والبطاطس قليلة ومحروقة اي كلام منصحش حد يجيب من عندهم
700,The order delivered after 70min and received cold
701,كان برده اووى طعمها مش حلو
702,"Good food, fast delivery and a very polite captain. I'd say their meat shawerma is not their strongest suit. Their kofta and chicken shawerma on the other hand were super tasty. Would order again."
703,The food was amazing
704,الاكل كان بارد جدا والخدمه ناقصه جدا وشوربه العدس نفس الطعم اللي متعود عليه
705,Food came cold and came an hour and a half late
706,اكتر مطعم سوري يسوء سمعة المطاعم السورية في مصر اقسم بالله بوكس السعادة فاضي شاورما صوابع مش ساندوتش متقطعة و حتي عدد القطع ١١ بطاطس ١٠ واحدات بالعدد و اقل كميه عيش ممكن تشوفها عينك ميساويش نص تمنه الحسنة الوحيدة هي الاستربس .. محترمة
707,سئ كلمه قليله.
708,بوكس السعادة سئ جدا انصح.بعدم التعامل مع المطعم
709,البطاطس قليلة جدا و العيش أقل و متكسر ، و الأكل متلخبط ف بعضه
710,It was sooo cold nth was fresh even the fries looked like someone has eaten them before or chewed by a dog or sth
711,طلبت شاورما فراخ فرنساوي كانت كويسه و كريب بطاطس كان بشع مفهوش جبنه غير بسيط جدا و البطاطس غامقه و كلها زيت و العجينه وحشه و تخينه و مش مستويه
712,The food was too cold.
713,مطعم سئ جدا واسلوب الادارة غير محترم والاكل وحش اووي
714,V
715,The dish was so small regarding the prince
716,البطاطس كانت قليلة ومزيتة لكن الدليفري كان سريع
717,برنامج ممتاز وخدمه جيده
718,كلو حلو بس الاكل برد
719,Best time ever
720,الاوردر جودة و طعم و ريحة للاسف سئ للغاية
721,الاكل وصل متاخر وبارد
722,فتة الشوارما حرفيا عينات يعني ادفع 110 عشان حاجة متكفيش طفل صغير
723,الطعام جيد بس للاسف وصل بارد برغم ان المسافة قريبة
724,مطعم قليل الزوق. بعد انتظار ساعة و نص رفض يوصل الاوردر
725,The rice was not fresh.
726,delivery was so rude + food is really baaad
727,So cold
728,الديلفري بيتاخر جدا والسندوتشات بتيجي ساقعه
729,The order was very cold
730,الطعم والكمية مالهمش علاقة بالسعر اطلاقا 👎🏻👎🏻👎🏻👎🏻👎🏻
731,My stomach hurt so much after eating
732,Great food
733,N
734,The Delievry man kept calling me for direction when the location is so clear
735,https://www.noon.com/egypt-en/
736,كوبون خصم وفرها انصحكم به OFF19
737,كميه الاكل غير كافيه مقابل السعر
738,الشاورما كويسه وممتازه وطعمها حلو جدا بس الستريبس عباره عن عينات صغير جدا جدا تقريبا دي قطعتين ومقطعينها لأربع قطع
739,All is perfect except the delivery man attitude
740,الاكل سيء والجاج مزنخ جدا واليطاطا باردة
741,good service
742,الاكل كان باااارد جدا
743,Hhhhhhhhhhhhhhhhhhhhhhhhhhhhhhhhhhhhhhhhhhh
744,شكرا جدا لذوق وادب مندوب التوصيل
745,الاكل بارد جدًا
746,G
747,الاكل ماكانش خلو وشارد ميه كثير
748,Very bad value for price.
749,الفراخ مشوية كانت ناشفة و طعمها سئ جدا و مش هجيب منه تاني
750,Awesome
751,المرة دي الاوردر جي مفيهوش غلطة .. والاكل كان تحفة .. غالبا كده انس بيشتغل حلو في فترة المساء 😁 .. شكرا لكم و شكرا لابلكيشن المينيوز الجميل ❤️
752,الورق العنب كان تحفه
753,صراحة طعم رهيب فوق الخيال
754,التاخير في التوصيل ووصول الاكل بارد دائما
755,التاخير بالتوصيل ووصول الاكل بارد
756,بجد يغني مش فاهم جايبلي نص فرخه بقالها ٣ ايام مثلا عندهم حاجه قله زوق عل اخر
757,كله زي الفل تسلم👌🏻
758,البطاطس مكنت معموله خالص
759,الاكل سئ جداااا بجد ابشع اكل دوقته والله كنت هرجع
760,اكل اقل من العادي و طعم لا يرقى لسعره و جودة الخامات المستخدمة غير مرضية و قيمة مقابل سعر غير موجودة ! محتاجين اعادة نظر على المقدم منكم بصراحة
761,الشاورما كانت حلوه اوي بس في مشكله متكررة البطاطس مش مستويه كويس و طعمها وحش ارجو الاهتمام بالبطاطس
762,غير جيد
763,جيد
764,Thank you
765,مابقاش احسن حاجة بجد
766,متعود عليه مطعم محترم بس لما ابقى في الشارع اللي جمب المطعم والاوردر ييجي بعد اكتر من ساعه وكمان بارد تبقى حاجه وحشه جداً وللاسف ديه المره التانيه يحصل معايا كده
767,الاكل سيء جداا طعم الرز وحششش الشاورما ناشفه اوووي الطحينه طعمها وحش حقيقي تجربه لن تكرر
768,ما اروعك الاكل تحفه والتوصيل سريع والخدمة ممتازه
769,My favorite bgd. ❤️❤️❤️❤️❤️❤️ I love it. ❤️❤️🙏🏼🙏🏼
770,مع دخول
771,الشاورما فى الفتة كانت زفرة جداً جداً على غير المعتاد
772,الديلفيري اتاخر ساعتين والاكل جه بارد جداا
773,عامل التوصيل لم يدخل للشركة و اضطريت اخرج اخد الاوردر
774,الفراخ كانت مش حلوه خااااالص الكفته حلوه جدا
775,ساندوتش شاورمة لحمة كان فاضى تقريبا كأنك بتاكل عيش حاف ، و كان جزء منه ساقع و جزء متسخن ، الفراخ كان احسن شوية
776,Very bad and oily
777,حلو والاكل طازج ومتسوي حلو ♥️♥️♥️
778,كمية قليلة جداً
779,الفتة سيئة جدا و في سعرين لحجمين طلبت الكبير، لو اللي جه فالاوردر ده الكبير مش عارف الحجم الاصغر هيبقي قد ايه.
780,Food wasn’t cooked well
781,اسلوب الطيار ليس جيد رغم انني اشهد ان اغلب الديليفري الخاص بابو انس هم افضل توصيل اتعامل معاه بالنسبه للشيش اعتقد ان الكميه اقل من المعتاد المفروض الربع سته قطع من الحجم ده اللي جه خمس قطع منهم اتنين صغيرين جدا بهم حرق
782,الفراخ جت لونها احمر و طعهما وحش و الاكل كان بارد جداً عكس اخر مرة
783,الاكل وصل بارد لاول مرة ومتعودين منكم الاكل يوصل سخن
784,طعم الاكل وحش اوى متطلبش منه
785,الاكل مبلول
786,الفته وحشه و الكريب عجينه طعمها سىء و حاجه وحشه جدااا
787,الشاورما كانت حادقه جدا وطعمها وحش .. البطاطس الشوري كانت كويسه
788,الاكل وصل حلوة جداً و كمياته حلوة
789,perfect 👌🏻 el akl helw awee bgad w kter w delivery geh al tol merci ll team kolo🥰♥️
790,"vine leaves were good, sambousak however was cold and greesy"
791,One of the best times
792,ممتاز طعم و حجم و سعر و نظافة ، يا ريت فقط لو يزودوا التتبيلة شوية بحيث الطعم يكون أقوي في شاورما الفراخ ، لإن هيضيف لها جمال فوق جمال طعمها الحالي .
793,I ordered it with no pickles but both had pickles..
794,الأكل كان بارد ومش فريش
795,Found plastic in my food and the chicken was not cooked
796,الاكل بايظ و طعمه وحش جدا
797,Thanks for Fulfilling What I Asked for.. Exchaning Samposak + Mekhalel with Fries :)
798,الطعم وحش مش أحسن حاجه كنت طالب وجبة عربي ميكس جاتلي كلها لحمه
799,طعمه وحش اوي
800,Very bad experience
801,انا كنت طالب الاكل بحيث انه يوصل الساعة ٣و ٤٥ دقيقة وصل ٣ و انا مكنتش مت قع خالص ف امي نسيت اقولها قولت لابويا و نسيت امي فهيا ردت على بتاع الدليفري و قالتله مفيش و لما اتصل قولتله هي العمارة و كان جاي متعصب و مقريف على اساس اني عملتله حاجة و رزع ايد...
802,The food quality and taste was very bad
803,العيش بيشد و الشاورما مش مستوية و طعمها سئ خصوصا اللحمة !!
804,كمية الشاورما في الساندوتش أقل من آخر مرة بكتير
805,والله حلوه بس لو كانت حاره
806,الفراخ عموما بتيجي بدون رز خالص مع ان المفروض موجود في الصورة رز و الفرخة الكاملة صغيرة تماما لا تستحق خالص و بيجي معاها عيشين اكنهم يعني ... يلا مش عايز اقول. تجربة سيئة تماما لا انصح بها.
807,مطعم زباله و بيلغى الاوردرات منصحش حد يتعامل معاه
808,الحقيقة اسوء تجربة لا طعم و لا كمية و الرز ففتة الشاورما وحش اوي
809,سي جدااا
810,كمية الرز قليلة جدا جدا وكمان وجبة نص فرخة عليها رغيف واحد عيش!!! باي باي ابو أنس..
811,مطعم محترم واكله نضيف جدا وفي سرعة في الوقت في التحضير والتوصيل ودي اول تجربة ليا معاهم ومش اخر مره ب اذن الله ♥️
812,الاكل كان ناقص الرز
813,اللحمه كأنها حمضانه والكميه متساويش السعر والاوردر ملحوس ومش مترتب اسوأ مره طلبت فيها من عنده
814,الاكل جيه متاخر جدا
815,الساندوتش كان جواه حته من بالونه مش عارف وصلت ازاي جواه ولو ماكنتش فتحت الساندوتش ولقيتها بالصدفه كنت هاكله الشاورما الفراخ زفره
816,العيش كان وحش جداً في سندوتش البطاطس و كانت جودته كلها سيئة و البطاطس نفسها كانت ناشفة و الاكل كله جه بارد
817,رائع حلو جد-اااااااااااااااااااغاااااااا
818,التأخير في التسليم
819,احب اشكر أ.سليم من خدمة عملاء ابو انس ❤️
820,لاول مرة اضع تقييم دون المستوي ، الكفتة ليها رائحة ، والأوردر جه ساندوتش شاورما اللحم بدل من شاورما الدجاج
821,الرز كتير و الشاورما قليله اوي
822,el wara2 3nb makansh 7lw!
823,هو بصراحة ابو انس كويس من زمان بس المرة دي السندوتش قصر والحشو قل شوية مش عارف عشان الغلاء ولا ايه .
824,ياريت الاوردر يوصل بسرعه وكل شيء ممتاز
825,جبت شاورما لحم و لقيت اللحمة فيها شعر اصفر صغير
826,الفراخ كلها كانت جلد
827,الفراخ مكنتش مستويه كويس و طعمها مش حلو
828,افشخ ساندويتش شاورما فراخ سوري ممكن تاكلها في حياتك
829,روعه
830,الطعام غير طازج (بارد)
831,الشويرما بس فيها زيت كتير شويه
832,التبولة كانت وحشة
833,ناقص كرسبي ربع كيلو
834,الشاورما كانت الفراخ نايه ولونها احمر وبجد كانت وحشه جدا
835,كل مره الكريب بيبقى كويس جدا بس النهارده مش كويس خالص
836,ملح زائد بالاكل
837,Huge fan ❤️
838,Amazing
839,I found an insect in the soup
840,زي الزفت
841,طلبي اتأخر ساعتين
842,شاورما جدا جدا جدا
843,محتاج يبقي سخن اكتر
844,The elmenus app notified me that the order was cancelled so I ordered from another app and then this one also showed up
845,أكل نظيف و جيد جدا فتة الشاورما فراخ ممتازة بس كمية الشاورما قليل ، الشيش طاووق ممتاز و الرز كويس 👍
846,ورق العنب كان بشع والبطاطس كانت مش سخنة ومش فريش مجلدة كدة
847,El akl kaan saye2 b tare2aa bashe3aaa
848,مش كويس
849,Worst taste I ever tasted from this restaurant
850,ليه مابقتوش تقبلو الخصومات بطلنا نطلب منكو
851,Got only 1 thomeya for 2 sandwiches
852,الاكل حلو والتوصيل سريع بس المشكله الوحيده والي بجد مش هتخليني اعرف اطلب تاني ان المطعم مابقاش يقبل الخصومات والبرومو كود
853,مفيش حاجة مستوى غير المخلل ف السندوتشات و فيها شعر كان سيء اوى
854,"the taste , paying 100 pound for no meat or chicken,very baaaaaaaaaad rice,but in the end it's my mistake to try it first place"
855,we order 4 meat fattah small the portion is very very small comparing with the price 65 egp!!
856,عبوات الأكل معجونة بطريقة غريبة جدا
857,I had a diarrhea ☹️
858,الفراخ قديمة شويه
859,خدمة سيئة فضلت ساعتين مستنية الاوردر و طلع في الاخر انهم ناسيوه و عرفت الساعة ٢ صباحا و كنت عاملة الاوردر ١١ و نص ..
860,الفراخ محتاج تسويه اكتر
861,K
862,the food is a bit pricy but it's really went on time and I had a warm delicious meal that I enjoyed every single ingredient including my order and the soup was really rich eventually I call it good experience I had and the food was delivered on time
863,اكل زي الزفت و مقرف
864,الأكل ماشاء الله جميل
865,مفيش خدمة عملا اتواصل معاهم مفيش خصم اتعملي ولا اي استفاده استفدتها بالعكس انا لو كنت كلمت المطعم مباشر كان هيوفر معايا اكتر الاوردر جي بعد ساعه و نص في تجربه بالنسبالي سيئة جدآ
866,جميل الاكل جدااا
867,الاكل ما كان سخن
868,حلو جدا توصيل كان سريع
869,البطاطس مكنش عليها الموتزريلا بس الاكل كان سخن وحميل😍
870,Talb wagba 1/2 grilled chicken Tegy 1/4 bs !!!!!!!
871,حجم ساندوتش الشاورما قل عن اخر اوردر قبلها باسبوع
872,Not bad!
873,الكميه قليله اووووي مقابل سعرها والاردر كله عباره عن رز الي هو متكلش اصلا من طعمه
874,Hot and Delicious 😍
875,الاكل مش مستوى والفراخ مش مستويه
876,حجم صغير جدا غير مناسب للسعر
877,الفراخ للاسفً كانت محروقه
878,جامد
879,الاكل تحففففففة 🥰
880,sheesh tawooq creep was really delicious
881,[
882,الشاورما قليلة و البطاطس سيئة جدا جدا جدا جدا
883,everytime i order vine leaves and the taste is perfect except for the last time was really awful
884,الفراخ جميلة بس البطاطس مكنش فيها ثومية!
885,akl bayez
886,اكلكم تحفة،❤️🌹
887,very late delivery
888,الفراخ ناشفه
889,ياريت يبقي في امكانيه لتحديد وقت استلام الطلب
890,"This is not considered sambosak at all, we horrible in every sense and almost empty as you can see!!"
891,الطيار اللي جالي عايز ضرب النار
892,Arrived cold and late
893,الطيار جه لقى باب العمارة مقفول كلمنى دقيقة واحدة وكانت اختى الكبيرة مستنياه فى البلكونة لقيتو بيكلمنى وزعيق واسلوب بشع احاول افهمه انى متأخرتش مفيش فايدة بقوله ليه مش مراعى انى دخلت اختى الكبير عشان تستلم الاوردر يقولى انا ميهمنيش حد الا نفسى
894,مش افضل اختيار ندمان اني طلبت الوجبه مش معاها اي حاجه مجرد فراخ بس حتى العيش اللي معاها مش افضل حاجه والكمية مش كتير ف السعر اللي دفعته كتير على اللي الوجبه اللي شوفتها
895,This is the worst it was very bland and moist absolutely bad first and last time i'll be ordering from this restaurant again. disappointed.
896,الفراخ طلعت معفنه من الداخل وأذت أولادي الوراك المشوية أنا بتعامل معاكم على طول فين الأمانه الجو حر بس لازم تتقوا ربنا حسبي الله ونعم الوكيل
897,طلبت قبل كده من عندهم الطيار كان واكل نص الاكل وحاجة معفنة وطعم الاكل بقى يقرف وكل ما تطلب منهم يطلبوا فلوس زياده عن تسعيرة الابلكيشن
898,The soup tasted like water
899,كريب سيء جدا و كله صوص
900,ممتازين
901,food is good but is always super wet
902,الشاورمه وجعتلي بطني
903,لا انصح بالطلب من المطعم ده
904,الورق عنب وحش جدا
905,the fries that came with the sandwich were cold & damp. The sandwich and fatoush were good
906,الدليفري معاملته وحشة جداا والأكل كمية صغيرة جداا وسئ للغاية
907,الارز كله سئ وشكله بايت وطعمه سئ
908,كل حاجة حلوة قوى زى كل مرة شكرا ابو انس
909,برجاء تزويد كميه العيش ويكون طازه العيش ناشف ميتاكلش
910,كنت طالبه ثلاثة شاورما فراخ كومبو وجه اثنين بطاطس بس وثلاث أشخاص مختلفين يكلموني انه الاوردر وصل مظبوط وهو ناقص والكيس بيبقى متدبس اصلا ويقولوا ان الكاميرات باين فيها الاوردر صح ويقولوا تأكدي تاني وبصي في الكيس تاني وحاجة قمة قلة ذوق وعدم إلتزام خدمة
911,الطعمية سيئة جدا و ورق العنب للاسف مش مستوي الرز بداخله لسه قوي و بيطرطق ف الاسنان .. تجربة سيئة جدا .. الشاورما الحاجة الوحيدة اللي بتتبلع في الطلب
912,راجل محترم
913,اسوا فتة شاورما اكلتها
914,طلبت اوردر مجاليش اساسا واتفاجئت إن الطيار كاتب تم التوصيل بعد انتظار 3 ساعات اول و اخر مره اتعامل مع المطعم اللى معندوش مصدقيه
915,مفيش اي طعم في الاكل سيء جدًا 🤮🤮🤮
916,الاكل سئ للغايه الرز وحش جداااا والفراخ مقتده ناشفه وحشه جدااا وكانت من نصيب القطط حرام والله ليه كدااااا اتقوا ربنا فينا
917,الاكا ماكنش مستوى و الفراخ فيها دم و الرز طعمه سيء و البطاطس باردة جدا و الاورد جى متاخر
918,الشيش طاووق كان مش مستوي كويس و نئ .
919,i throw the salad away
920,للاسف الفراخ جات لي علي الفحم وانا طلبتها علي الشوايه
921,الكل بارد جدا مش منظر أدمي
922,المرة دي التجربة كانت سيئة و الاكل كان طعمة مش حلو و التومية و البطاطس كانت معجنة زي ما يكون بايته .. مكنش مبسوط
923,Bad
924,تجربه سيئه جدا
925,Gamil
926,كفتة زبالة اللحمة استغفرالله العظيم مقرف جدا وريحة وحشة حتى كلاب الشارع ماكلتهاش
927,البرجر مش حلو كدا اللى حلو عند ابو انس الفراخ بس
928,I got chicken stripes Instead of the shawerma I ordered
929,مكنتش مستوية كويس
930,حلو بس مش أحسن حاجة يعنى
931,الاوردر بيوصل بارد وبيتأخر اوي وبكون مضطر اسخنه
932,علبه الكبيبه جايه مفتوحه ومقطعه .. والكبيبه نفسها مش سليمه ومقسومه ومتبهدله
933,خدمة التوصيل سريعة و اكل علي طول سخن و كويس
934,جميل جدا والله١
935,طلبو ان الحساب يبقي 123 بدل 110 و دي حاجة مخالفة للسعر ع الابلكيشن و دة بيقلل المصداقية عندكم
936,I got food poising
937,كويس اوي و جيه بسرعه تعقيبي ان التوصيل غالي لان المسافة قريبة
938,سندوتش الشاورما نصه كان فاضي
939,الفراخ المشوية و الرز حلوين البطاطس مش كويسة خالص طرية و مزيتة جدًا
940,Great experience
941,"worst taste ever, chicken was smelly the worst meal I've ever had."
942,الاسعار في الابلكيشن غير المطعم نفسه وبلغت بالشكوه ولا حد كلمني خالو بالكو عشان الابلكشن بيغلي في معظم المطاعم
943,الفلوس اتغيرت بعد الاوردر بشويه كده بدون انذار ولا سبب
944,جاااامد
945,التغليف الطبق ، الطبق كان مقلوب تقريبا
946,جميل جدا
947,غالى جدا و طعمه اقل من العادى
948,elsandwitch mknsh feh fra5 kter
949,اسوا فتة والكمية قليلة جداا والسعر مبالغ فيه
950,Took longer than it should but the quality was perfect
951,برافو من المطاعم القليله اللى محافظة على جودة الاكل فى الفترة دى
952,اعظم شاورما كلتها فى مصر الجديدة و مدينة نصر !
953,رائع جدا
954,the meat was not cooked
955,Fries was really bad
956,انضف مكان اكلت منه مشاوي
957,Done
958,اسوا فتة أكلتها ف حياتي والشاورما نية ومبلولة الاكل يقرف جدااا شوية زبالة وعفونة جايبنها للعميل حتى الكول سنتر سئ ومش كاتب الكومنت للمطعم أسوأ تجربة من المطعم دة ومش هتتكرر
959,الاكل جاي مش حلو والشاوما قليله
960,الثوميه جودتها سيئه جدا والشاورما طعمها لم يكن مثل المتوقع
961,very very bad
962,القلب يعشق كل جميل و أنت جميل يا ابو انس
963,برافو ىا ابو انس. هايل يا ابو انس عشره علي عشره يا ابو انس
964,يعنى انا طلبت فتة ابو انس لحمة وكرسبي يعنى تحط مكان الفراغ لحمة وكرسبي مش تشيل الفراغ وخلاص حاجة ف منتهى القرف الصراحة مش هطلب من عندكم تانى للاسف
965,الفرخه ناقصه رز ياولاد****
966,الأكل سئ جدا .. الرز ملوش طعم باايت و متسخن و الشاورما التتبيله بتاعتها مش لذيذه و طريقة التسويه مبوظاها
967,كويس
968,الكمية قليلة
969,فته الشاورما بي 70 وكميه الفراخ قليله جدا
970,الفراخ المشوية سيئة جداً و بتوجع البطن التومية رديئة
971,Tastes good but little amount
972,طول عمري بجيب منهم بس المرادي طعمه بشع بشع البطاطس طعمها يقرف حرفيا
973,اللحمة طعمها زفر كأنها كبده
974,الشاورما اللحمة محروقة
975,الاكل وصل بارد بالرغم ان الجو حر الطيار قعد يتصل ٥ مرات متواصل و كنت بصلي العيش الصاج مجلد و مش مقرمش
976,ممتاز أبو أنس هتلاقي كل اللي انتا محتاجه سعر و حجم و طعم و نظافة في الأكل .
977,♥️
978,انصح بالتعامل مع المطعم نفسه اطلب من علي صفحتهم علي الفيس متتعاملش مع الابلكيشن بطيء في التوصيل والاوردر لو غلط خدمه عملا زباله وبيقفلو الشات فوشك
979,البطاطس كانت مش كويسة ، قابلني واحدة كان فيها دودة واتحمرت وهي بايظة كدة واتعملت عادي!
980,مبقاش زي الاول مفيش اهتمام بمطعم او الجوده
981,روعه بجد انصح به نضيف وجميل جدااااااااااااااااا
982,Small dish due to the price
983,الاكل كان لسه فريش وطعمه حلو والتوصيل سريع وتعامل الطيار محترم،
984,excellent
985,اكل بارد
986,الاكل جاي كأنه بواقي اكل وجمعوها في الاوردار بتاعي المفروض طالبة شرائح لحم شاورمافقط جاية فيها بواقي أرز
987,طعام طازج وطعمه حلو
988,ابو انس في حتة تانية اكل نضيف وكوالتي عالية و لما بطلب في اي يوم واي وقت نفس الجودة ونفس الكمية
989,Excellent
990,الاكل جيه مش زي ماطلبته البطاطس كلها زيت وطريه السندوتشات كلها بصل وطماطم
991,الشاورما قليلة جدا ورائحة رفيعة للغاية وناشفة ماتحس اصلا انك بتاكل شاورما للأسف دفعت ٨٠ جنيه فى شوية ارز سئ جداااا
992,the fries that come with the combo shawerma was really gooey and soggy. Felt like eating wet bread. the shawerma was acceptable but the bread wasnt toasted or crispy enough. Also a whole hour for that small delivery is too much( literally fries)
993,B
994,مفيش رز مع الفرخة المشوية
995,رائع
996,The rice was so bad
997,الفته كانت بكميات اقل من المعتاد عليه من المطعم
998,Support and the delivery late
999,I threw it in the trash really this very bad restaurant shame on yoy to put in your app
1000,عظمة
1001,البطاطس ناشفة وشكلها بايت
1002,"Tasty Clean Food, Clean Chic Coverings, Fast Delivery, Fast Order Take, Easy Ordering Through elmenus App & Nice Delivery Man Attitude! 👍"
1003,الاكل جي مقلوب علي بعضه
1004,الأكل فى شعر راس
1005,راجل محترم جدا الطيار ده
1006,Delicious Chicken Shawerma and tasty Delivery Fees are high 40 LE from Dokky to Haram
1007,اخواااتااااي
1008,طلبنا شاورما فراخ كانت جميلة جدا وطعمها حلو السلبية الوحيدة هي ارتفاع تكلفة التوصيل ل ٤٠ جنيه ! من الدقي للهرم
1009,المطعم زود 13 ج توصيل
1010,الطعم وحش جدا والاكل نفسه مش فريش خالص
1011,حشو الساندوتش فاضى
1012,❤️👌🏻
1013,البطاطس محتاجه ميكونش فيها زيت كتير بس. والاكل عظمه
1014,وصل بطاطس بدل الشاورما
1015,الاكل كويس ولكن الكميه قليله ع السعر
1016,افضل المطاعم السورية ف القاهرة
1017,مش هطلب من الخدمة الزبالة دي تاني
1018,It tasted and smelled very bad Not recommended at all
1019,فته ساورما الفراخ كانت حاجه مش كويسه خالص وطعمها مش كويس بالمره
1020,الأكل ممتاز وكل شيء مثالي، الأسعار فقط هي ما تحتاج لإعادة نظر سواء أسعار الأصناف أو التوصيل، التوصيل ب٤٠ جنيه ليه؟!
1021,ممتاز لاكن السعر مبالغ فيه
1022,الفرخة المشوية مستوية لكن تتبيلها ضعيف وطعمها عادي او اقل من العادي
1023,ربنا يبارك فيكم 🖤🖤🖤
1024,زفت قليل جدا
1025,الكريب كان محروق الأرز رائع والفراخ جميله ومستويه
1026,اجمد مطعم ف مصر بلا منازع
1027,ساندوتش الشاورما كان حقيقي كطعم و كمية و فريش حلو جدا
1028,الاكل كويس معدا البطاطس سيء جدا
1029,زي الخرا
1030,كواليتي الساندوتشات بيتغير نرجو الحفاظ علي الكواليتي
1031,رائع🥵♥️
1032,الاكل مكنش حلو و فى شعرايه ف الساندوتش
1033,الكميه قليله جدا
1034,اكل استغفر الله العظيم يارب اترمي للكلاب لا انصح احد يهذا المطعم اكل كلة زفر وزنخ
1035,this time the beef shawerma wasn't fresh
1036,زي الفل
1037,ممتاز جدا جدا شكرا
1038,جاء الاوردر بارد 😡
1039,جيد جدا
1040,Great food and delivery timing was great. Thnx
1041,الاكل حلو بس التوصيل مش كويس
1042,انا طالب فتة شاورما مكس كبير جالي فتة صغير
1043,الله ينور الاكل تحفه
1044,طبق ب80جنيه كميه قليله جدا
1045,شاورما الفراخ عيش سوري جميلة لكن شاورما لحمة الكايزر سيء للغاية مختلفة تماما عن التجارب السابقة... الشاورمة ناشفة كانها بايته والعيش الكايزر حجمااكبر لكن طعمه سيء جدا اظن العيش تغير .... الكايزر كان زمان روعة لكن بعد كدا مش هجيب كايزر ...الصاج اتمنى
1046,برنامج ممتاز ونصحني به صديقي
1047,الفراخ ناشفة بس طعمها حلو
1048,طريق تعامل الطيار سيئة
1049,مش حلو
1050,الاوردر بياخد وقت كبير و سعات بيتلغي …….
1051,portions was so small
1052,الاكل مزيت و اللحمه طعمها وحش اووي
1053,الكفتة ممتازة جدا الشاورما مكنتش حلوة شكرا جدا
1054,cold and the food was wet
1055,انا نفسي اعرف الوجبتين ربع فرخه صدر وصلت ازاي في ربع ساعة 😂😂عملت تحقيق مع الدليفري كنت ناقص افتشه علاشان اتاكد أن هو دليفري المطعم وقعدنا نتأكد من الوجبتين😂😂 بس احنا عرفنا من البون.. ازاي وجبة اتعملت في ٤دقاءق؟ . الشوي بيقعد اكتر من كده!
1056,البرجر مكنش طعمة كويس
1057,غالي فشخ
1058,Gamel awe
1059,طعم الفتة وحش أوى أنا رمبتها
1060,حاطط طماطم وكاتشب اكتر من الفراخ وشاورما ناشفه جدا
1061,الاكل بارد اوي بس تسلم ايدكو تعبتكوا معايا وشكرا لذوقكم
1062,The timing is bad toke very long and food was super cold
1063,I didn’t get the drink with the order
1064,جالى تسمم اقسم بالله وتعبت اسبوع بحاله وحسبي الله ونعم الوكيل
1065,البطاطس وحشه اوي
1066,هو عشان في خصم تكون الكميه بالمنظر دا كميه غير كافيه ع سعر الساندوتش والطعم
1067,ممتاز واكل نظيف جدآ جدآ
1068,حجم الوجبات بقي صغير
1069,L akl kan w7sh gdn gdn gdn w l sandwiches knt fadia mfihash ai 7shw yumin wara ba3d
1070,التوصيل سريع وفتة الشاورما سخنة وجميلة والثومية كتير بس المخلل قليل و الفراخ محتاجة تزيد شوية
1071,-
1072,"it wasn't fast , it taked about 1 hour to come but it was good"
1073,اوردر غلط طلبت ٢ شاورما لحمة جالي ١ بس الاكل متبهدل و حاله لا توصف
1074,الكفتة - الفراخ - المخلل ممتازين
1075,doesn't taste good at all
1076,بالنسبة لوقت التوصيل ممتاز جدا و طعم الاكل جميل بس ساعات بيكون الساندوتش فاضي بمعنى الكلمة معظمه بيكون عيش سوري فاضي و ساعات بيكون معقول و تغليف الاكل هو ده اللي مش لذيذ الساندويتش بيكون لازق في الغلاف الخارجي فيفضل ان يتلف بورق فويل
1077,الشاورما الفراخ و البطاطس تحس انهم متشالين في التلاجة بقالهم تلاتين سنة
1078,بيرفكتو
1079,ممتاز جدا جدا
1080,كمية اللحم والفراخ في سندوتشات الشاورما الفرنساوي قليلة جدا. السندوتش فاضي
1081,تمام اوي
1082,لما بطلب شيكن فاهيتا او شيش طاووق بيبقي كميه الخضار فيها كتير مقارنه بقطع اللحمه نفسها وده حاجة وحشه كدا انا مش طالب سندوتش خضار يعني وكمان انا بكون قريب من مطعم بتخلوا سعر الدليفري واحد للقريب والبعيد ومفروض يتعمل للموضوع ده حسبه وبياخد دايما ساعه ...
1083,الاكل كان بارد و مجلد
1084,الساندويتش كان فيه شعرايه بجد حاجه مقرفه
1085,I need immediately someone text me!!!! my order is late one and half hour. I didn't receive it yet!
1086,الاكل كله جميل جداااا
1087,أنتم رائعين.. ولكن يا ريت تكون الفراخ طارزة شوية.. هتبقوا أحسن واحسن. لكن والله الأكل حلو وجميل وبيشبع
1088,فتة الشاورما حجمها كان قليل جدا .. بجد انا كنت حزين جدا .. ازاي بسبعين جنيه و الكمية قليلة كده اومال الحجم الصغير يبقي عامل ازاي !! .. لدرجة اني شكيت انه اتضحك عليا و جابولي الصغيرة
1089,no
1090,I didn’t receive the order
1091,ماشاء الله الاكل تحفه و توصيل ف نفس الوقت المحدد❤️
1092,وصلني سخن وبنفس الملاحظات إللي أكدت عليها وماتأخرش ممتاز
1093,Taste not as expected
1094,اصبت بالتسمم من الشاورما
1095,Food cold even though it wasnt order in a rush hour
1096,الاكل بارد جدا
1097,I didn’t receive my order!!!!!!!!!!!
1098,not good enough
1099,Ff
1100,Delicious food
1101,عشان طالب من منيوز و واخد خصم جابولي الاوردر علي اد الفلوس كميات قليله عن العادي
1102,الاكل كله خيار مخلل كان سئ جداا
1103,ممتاااز والطيار أسلوبه محترمه جدا وشكرا لسرعه التوصيل وطعم الاكل اللي يفرح❤️
1104,الاكل سئ جدا الفراخ نيه وفيها دم والتوميه حامضه
1105,توابل البطاطس حلوه
1106,ممتازززز جدا حبيت قته الشاورما ميكس مع وجبة الفراخ الكرسبي والصوص الكريمي ❤️❤️❤️
1107,"Perfect, delicious & fast delivery Thank you"
1108,Delicious food😍
1109,1 hour earlier than it was suppose to be
1110,كنت طالب اتنين ميكس باكسترا تشيز واتنين بطاطس ومجاليش غير اتنين ميكس من غير اضافات ولا بطاطس مع اني محاسب عليهم
1111,لوجبه لماضيه بايته لبطاطس مابتاكل
1112,الرز بايت والاكل مش حلو خالص
1113,طلبت تعديل وقت الوصول على الفطار والمنيوز رد بالموافقة والتأكيد ووصل الطلب مبكرًا جدأ
1114,سرعة تسليم الطلب
1115,الاوردر لسه مجاش لحد دلوقتي بقالو 3 ساعات
1116,طعم الاكل تحفة ووصل سخن
1117,helpful support
1118,terrible quality tomatoes were mashed and horrible and the food came cold and the food tasted horrible and undone
1119,i didn't get the order
1120,اوردر مواعيده زفت الزفت …. طالبه الاورد على ٥ والساعه ٧:٣٠ ولسه ما وصل وبس حاكاني الديليفري بحكيلي ١٠ دقايق…. يعني انا لو مش شغاله بالمجال وبفهم ما علقت ولا حكيت بس انتوا خسرتوا زبون اول مره بطلب منكم واخر مره … خلينا نشوف الطعم كيف هلا ان شاء الله ي...
1121,خدمه متميزه
1122,الشاورما حلوة والكمية مقابل السعر كويسه بس ممكن يتعمل تغليف للساندويتشات نفسها ويبقي تمام
1123,الأكل وصل بعد ما طلبته بأكتر من ساعتين و كلمت خدمة العملاء كتير ووصل بارد بس طعمه حلو جدا
1124,تاخير ساعة عن معاد الفطار
1125,no order received for 3 hours
1126,الاكل موصلش
1127,رز بايظ
1128,الارز بتاع الفته طعمه وحش جدا
1129,الشاورما الفراخ حلوه والتوميه تحفه ووصل في ميعاده والطير محترم جدا
1130,The food was delivered soooo late
1131,انا مستلمتش اصلا
1132,Nns
1133,الاكل كان سيئ جدا
1134,اوكي
1135,الاوردر لم يصل
1136,الاكل كان تحفة بس فتة ابو انس الستريبس كانت محروقة
1137,الاوردر جه قبل موعد الافطار بساعة ونصف
1138,الشوربه كانت بارده و البرجر كان سئ الشاورما هايله و الكبيبه كويسه
1139,لائق
1140,الاكل جه بارد
1141,أكثر من رائع
1142,delicious food 😋😋
1143,Abou Anas is getting worse and worse
1144,الاكل كله كويس بس العيش بايت الدليفري سلوكه مش لطيف باقي الحجات تمام
1145,خدمه سيئه للغايه
1146,الاوردر متأخر ساعتين
1147,ميكس جريل،الكفتة مظبوطة،الكباب محتاج يبقي اطري من كده،الشيش حلو،سلطة الطحينة قوامها مظبوط، الاكل عامة ناقصه ملح وكنت متوقعة قطعة بصل وطماطم مشوي معاه مثلا يضيف نكهة وطعم للاوردر
1148,Shit experience
1149,F
1150,معجن وشى للغاية والطلب بيتاخر و الاكل مشموم وبايت خسارة فيه اي فلوس لا انصح به
1151,الاوردر غلط .. طحينة اتحطت بدل تومية التبولة طعمها سئ
1152,ورق العنب ما كنش مستوي
1153,حلو ماشاء الله
1154,مطعم رايق تغليف محترم و كمية جيدة مقابل سعر جيد
1155,Na
1156,كنا طالببن ٤ فتة ع الفطار وصل متاخر بعد المغرب و نملم خدمة العملاء يقفلوا فى وشنا ٣ مرات و بعده ده كله وصل و من غير معالق و كلمنا خدمة العملاء قالوا هنبعت لكم و بعتوا لنا الديلفرى الساعة ٧ ب ٢ معلقة و احنا طالبين ٤ فتة منصحش حد يطلبه لو هيفطر برا الب...
1157,مطعم قذر و أكل قذر و حاجه استغفر الله العظيم
1158,وحش لأبعد حد .. تجربه لا يمكن أن أكررها .. الأكل وصل بارد جدا .. و كنت طالب باكت بطاطس وحش جدا و بايت
1159,جميله
1160,الكميه قليله جدا جدا
1161,الأكل كان بايت و طعمه أستغفر سئ جدا و وجع بطن فعلا اختيار سئ جدا جدا
1162,الصراحه عجبني طعم وكميه والتوصيل جه فوقته بالظبط هو بس كان الاكل بارد شويه بس جميل ❤
1163,حسبنا بالله ونعم الوكيل صابني تسمم من الاكل مطعم مقرف
1164,WAY TOO MUCH ON DELIVERY
1165,انا طلبت في رمضان الاوردر وصل في وقتة ولكن مكنش فية تمومية مع الاوردر و الشاورما كانت بيتا و نشفة يستحسن يظبتو نفسهم
1166,الكميات كانت أقل بكتير من المطلوبة مع العلم أني طالب بالوزن يعني لما ربع كيلو يوزن ١٦٠ جرام يبقى أكيد فيه حاجة غلط
1167,الاكل محترم بصراحه طعم جميل وسعر وكميه مناسبين بعكس اماكن تانيه كتير
1168,الأكل كان تحفة والله تسلم ايديكم ❤️❤️
1169,الاكل رووووعه بجد انا مقدرتش اكمل الوجبه نضافه وطعم وكل حاجه حلوه بجد تسلمو👍
1170,الاكل بارد و سندوتش الشاورما مش ملفوف باي حاجا ولا حتي ورقة
1171,الاكل لذيذ جدا والتوصيل بسرعة
1172,الفته عليها شريحه شاورما حرفيا و الرز كان حمضان
1173,يلعن دين امي فتة شاورما بنت دين كلب مطعم ابن مرة متناكة الشاورما كلها دهن
1174,No meal discription
1175,"Taste is good, but wrapping is poor. Sandwiches should be wrapped in silver wrapping (foil) rather than just paper sleeves."
1176,👌
1177,Food was delicious but delivery is slow ( 1 hour)
1178,"The food arrived cold and fries sticky and even more cold, the chicken was not soft and the spices they used not to my liking. also the portions were not generous."
1179,ارجو الاهتمام بوضع مناديل مع الاوردر كما كان يحدث قبل ذلك
1180,ناقص التومية مع الاوردر
1181,البطاطس مش احسن حاجه الشاورما والتوميه وهم🥰🥰🥰
1182,السندوتشات فيها خضار زياده اوى مغطى على طعم الشاورما
1183,تم ارسال كريب جبنه بدل كريب شيش . وعند الاتصال لم يرد احد ولم يتم رد حتي فرق الفلوس
1184,الأكل حلو لكن طبق تومية صغير جدا جدا
1185,الاكل جميل بس المشكلة انك زودتوا السعر وقللتم الكميات الوجبة الربع فرخة بقت ب ٥٠ تمام بس قللت الكمية ليه ؟؟؟!
1186,كل حاجة قمر ي قمر ❤️
1187,المفروض اني عايزه اسبايسي بس جه عادي
1188,سي جدا ووجعلي بطني
1189,الرول حشوة قليل جدل. كله عيش فقط.. 😏
1190,"The order was wrong, I received shish tawouk instead of chicken breast but it was delicious though ☺️"
1191,سي جدا جدا جدا والطعم وحش جداااااا ومعجن
1192,Too salty
1193,very cold
1194,الاكل جاي بارد جدا و طعمه مش حلو
1195,الاكل سئ جداً
1196,اجمل مطعم في الدنيا
1197,اقسم بالله عمري ما اكلت شوارما فراخ بكمية الزفر دي اقسم بالله
1198,فوق الممتاز
1199,food was very cold
1200,جربت ورق العنب جامد جدا وصدور مشوية تماااام
1201,Good food
1202,الاكل جالي مسمم ومن الصبح في المستشفي برجع
1203,الاكل كأنه طالع من الثلاجة و سئ جدا جدا جدا و دي اخر مرة اطلب من المطعم ده او الابلكيشبن عموما
1204,حلوه بصراحه
1205,Late and some weren’t warm
1206,ساعة ونص حتى وصل الاكل وبلاخير يوصل بارد وتعامل بارد جدا من الدعم
1207,الاكل بارد ومجاش مع الطلب تومية ولا خيار مخلل
1208,الخبز غير جيد مطاطي جدا وصعب المدغ
1209,Very delicious
1210,بيحط توميه لكل ساندوتشين واحده بس
1211,مطعم ممتاز و نضيف و طعم الأمل جميل و مميز
1212,2aleel el adab
1213,تم احضار شوربه عدس بدلا من شوربه اللسان عصفور
1214,.tt
1215,انا جالي اسهال وتعنية ومرضت بسبب الاكل دة، حسبي الله ونعم الوكيل
1216,الشيش طاووق محروق من برا ومش مستوي ونيء جواة حاجة تقرف وتجيب أمراض.
1217,المطعم جيدا جدا والدلفرى ممتاز ووصل بسرعه والأكل طعمه حلو جدا شكرا جدا
1218,"The food took forever to arrive, and when it did it was ice cold, soggy, and disgusting. I feel like I was ripped off"
1219,اسوأ كريب و بارد..و الحاجة جاية متفعصه و مهريه و بايشه
1220,طلبت فتة شاورما ولقيت ف الاكل شعره والاكل كان بارد ومفيش اي نضافه نهائي وكلمتهم قالولي هنوصل المشكله للاداره ورميت الاكل وحقيقي منتهي البرود في حل المشكله ومنصحش حد بيه
1221,اللهم بارك
1222,الصراحة انا مش مصدق فعلا احسن شاورما لحمة وفراخ في القاهرة ومش كلام لاني مش متعود اجامل في الاكل.. طلبت تلات مرات من المطعم اللي في مصدق في الدقي و الquality هي هي محافظين عليها والشاورما جوسي والعيش السوري رقيق ومحمص.. جربت مطاعم اكل سوري في كل حتة ...
1223,اكل حلو ولكن كل مرة بطلب منه بيتم تغيير مبلغ التوصيل
1224,انا لسه طالبه منهم شاورما جامبو هي ولا جامبو ولا حاجة وحجمها صغير جداً.. طعم الاكل وحش وواصل بارد جدا جدا تقريباً الاوردر كله رز مفيش شاورما خالص وحقيفي خسارة فيه الفلوس اوحش فتة سوري جربتها ف حياتي وهي الحقيقة مش فتة خالص دول شوية رز وراميين عليهم ش...
1225,الدليفري كان قليل الزوق جدااا لدرجة انو زعقلي وقفل ف وشي السكه لمه معرفش يوصل كانت اول تجربه ليه والاخيره 😡😡😡😡
1226,اوردر دليفري بتاريخ ٢٠/٢/٢٠٢٢ فرع مصدق الدقي واحد من المحلات القوية جدا الحقيقة في الأكل السوري، الشاورما اللحمة طلبتها باضافة سبايسي دبس رمان كانت ممتازة، الشاورما الفراخ لطيف جدا البرجر جامبو جبنة اكتشاف من عنده، ووجبة الربع صدر كانت تتبليتها حلوة،...
1227,Perfect chicken Fatah! Excellent flavor! Excellent delivery- fast and great packaging! Well done Abou Anas El Soury!! Thank you !!! 🎉
1228,The food was without bread
1229,service was so good I ordered crunchy chicken plate.. chicken was little dry but the rest of food was delicious
1230,😍
1231,c
1232,the shawrema pieces were full of fat that is not edible.
1233,The exchanged the meat shawerma with the chicken one😡
1234,احله شورما
1235,ر
1236,بعت لحمة بدل الفراخ
1237,خدمة ممتازة
1238,كل مره الاكل بارد
1239,تسبب لى فى نزلة معوية
1240,الاكل ما كانش طازة
1241,Empty sandwiches
1242,الاكل كان طعمة سيء و الرز زيادة ملح
1243,الارز بارد
1244,الأكل جه بارد الشاورما محروقة جداً الفتة مش مستوية كويس و العيش مش مقرمش
1245,الفته الصوص حمضان و البطاطس جايه ناشفه حجر ممتتكالش و السويس عليه سكر طعم الاكل صعب جداً
1246,التبوله كانت حمضانه
1247,جاااامد جدا
1248,كان سيء جدا حشو الكريب كان قليل جدا جدا اول مره بجد يبقي وحش اوي كدا وكان بارد جدا مش هنطلب تاني من ابو انس بقي سيء جدا
1249,مطعم سيئ والاوردر اوقات كتير بيتأخر وأوقات مبيوصلش خالص
1250,Fries was bad
1251,الصدور المشوية والشيش حادق شوية مش احسن حاجة
1252,بعد ساعه ونص الاكل بارد وميتاكلش منصحش بيه نهائى
1253,بعد ساعة و نصف من التاخير الاكل بارد ثلج بمعنى الكلمة و الدليفرى جاى فى وقت متأخر و بيخبط الباب جامد و بيزعق دا غير طعم سنداويش اللحمة مع الشكولاته لا توصف مش قادرين يفصلوهم عن بعض تجربه سيئة لا انصح بتجربتها أبدا
1254,Hi
1255,استمر... الاكل جميل جدا
1256,الاوردر بيتاخر للاسف ماعدا ذلك كل حاجه جميله
1257,اكل جميل جدا تسلم اديك اتوصيل سريع جدا
1258,ماش تمام
1259,Food are very delicious like home cooking
1260,الاكل حلو
1261,"الشاورما كانت حلوة بس الاكل كان بارد و البطاطس بايته .. شكرا لسائق التوصيل ""شاكوش"" تاه و مكنش عارف يوصل بس كان طيب و صبور"
1262,البطاطس كانت باردة
1263,2 hour order
1264,impressive as usual
1265,"bad taste , bad quality"
1266,"good quality, low portions, though high price not worth it"
1267,الاكل ممتاز ،بسسس التوصيل اتاخر جدا
1268,ولا غلطه زى الفل تسلم أيديكم مطعم محترم
1269,مطعم شاورما كويس جدا وشاورما اللحم متميزة جدا
1270,الاكل جه ناقص
1271,الساندوتش صغيرة مقارنة بالسعر و الفراخ عليها مخلل كتير
1272,كان حلو الطعم بس بارد جدا وده علشان الطقس فتمام لكن شاورما اللحم العيش كان طري جدا وكان بيقع منه الحشو
1273,الاكل جابلي تسمم
1274,Someone must contact me
1275,الاكل اتاخر اوفر اوي بزياده وجاي بارد ومكانش حلو
1276,بجد انا مش عرفه هو انتو صحاب المطعم تقدرو تاكلو الاكل الغير ادمي ده ..الرز بايت او ناقص سوا رالبطاطس بايته والفراخ غامقه وبايته بجد حرام الاكل ده تبعتوه للناس. ..🤦‍♀️👎
1277,وصل بعد ساعتين و كلمني مشعارف الطريق و كلم الشركة و خلاهم يكلمني ولما وصل عايزني أنزله الشارع اخد الطلب
1278,ممتاز و طلبته متاخر و وصلني فريش و ساخن و كمية ممتازة و طعم خطير
1279,السندوتش مش متغلف للاخر
1280,مفيش حشو كويس
1281,تحفه عقتق
1282,انضف اكل وانضف مطعم وله زى الفل وبيجي سخن ومظبوط
1283,الاكل بارد للأسف
1284,الاكل بقي طعمه وحش اوي
1285,you forgot to add a motzarilla on the sandwich and it wasn't spicy.
1286,ممتااااااز
1287,الكميه قليله جدا وطعم الشاورما الفراخ احلي شويه من اللحمه ملهاش طعم
1288,سئ جدا والتوصيلىمتأخر والطعام سئ وبارد والبطاطس معجنة.
1289,سيئ جدا..بعد ساعة انتظار،،سيادتهم الحلوين لغو الطلب ،، وقالو اتصلو ماحدش برد،،ولمن قلتلهم ايه الرقم البتتصلو عليه كتبو رقم تاني مش رقمي،،مش عارف اصلا جابو الرقم من فين
1290,a bit cold but well served
1291,الاكل بردو جه بارد جدا بس المندوب في قمة الاحترام
1292,اول مره اكتب تقيم سي عنكوا وللاسف مش عارفه المشكله فيكوا ولا في الابلكيشن لما اطلب اورد واحب اعدل عليه في خلال ٣ دقايق و يتقالي الاورد طلع وعلي الابلكيشن يفضل بعدها تلت ساعه مكتوب بيتحضر والتعديل كان بسيط وممكن يتنفذ يبقي انتو عندكوا مشكله كبيره وبعد...
1293,i got food poisened from this garbage restaurant and i woke up all night vomiting..
1294,shawerma was dry and cold fries was cold and very oily
1295,الاكل كان بارد الكمية قليلة مقارنة مع السعر و الجودة سيئة جدا.
1296,وصلني الاكل بارد
1297,الشاورما الفراخ حلوه اوي
1298,الشاورما حلوه اوي
1299,نيت
1300,انا علطول بطلبها بس للاسف اخر مره وجدت شعرايه في الاوردر فرميت الاوردر كله
1301,Delicious
1302,Driver was very professional
1303,الاكل كان نصه بارد جدا
1304,not enough portion comparing to the price .... was delivered cold as well.
1305,it was Cold 🥶 it was Cold 🥶 it was Cold 🥶 it was Cold 🥶 it was Cold 🥶 it was Cold 🥶
1306,سىء جدا وجع بطن لمدة يومين بعده
1307,غير الرز
1308,فرع مدينة نصر الاكل سخن وحلو، السندوتش كان كبير ومتأخرش
1309,احلي اكل
1310,الاوردر بيتأخر
1311,التوميه كميتها زياده في الوجبه نفسها.
1312,تعبت بعد الاكل
1313,الاكل كان بارد ،ارجو الاهتمام اكثر
1314,olives are bust and rotten
1315,تمام بس الفراخ ناشفة شوية
1316,بارد
1317,طلب وجبة ستربس لاسف حجم الستربس صغروها كتيير عن الاول وكمان الطعم مش اد كده ناشفه جدااا
1318,غالى جدا و فى الاخر وجيه الكرسبى جاية باربع قطع ب٧٠ جنيه
1319,كريب مكس فراخ حجمه صغير جدااا وكمان كريب بطاطس .. خد اكتر من ساعه عشان
1320,التوصيل المره السابقه اتأخر جدا
1321,"We used to love ordering from Abou Anas el Soury until last order. We live literally 10 minutes away from the branch. After ordering 2 sandwiches none or which cost more than 50LE and agreeing on delivery charges of 30LE, someone called and said that..."
1322,NA
1323,الاكل سئ جدا وبارد وكمان البيبسي سخن جدا حاجه فمنتهي الرداءه يعني
1324,بقيو بيقللو كمية البطاطس ف الوجبات كل مرة عن اللي قبلها
1325,its good but the food was cold
1326,الكريب بس محتاج يبقى كبير شويه
1327,الاكل سيء جدا الكريب العجينة نية و مش مستوية ولا متحمصة و البطاطس باردة
1328,الهوت دوج كان ملئ بالزيت وكان وحش جداً وملئ بالخضروات
1329,تمام جدآ
1330,الفراخ مكنتش مستوياه خالص للاسف
1331,"Food is too late over 2 hours, call center reporting false information"
1332,الاكل وحش جدا سئ بجد خساره فيه الفلوس بجد صعب جدا وسئ بار وكريب الفاهيتا بايظ وحاجه اخر قرف
1333,الاكل كان فى حاجة بايظة للاسف
1334,الأكل رائع كالعاده شاورما لحمه وفراخ وورق عنب عالمي فرع مدينة نصر
1335,سلوك غير راقي من اداره المطعم مع اني مش اول مره اطلب منهم لاكن دفعوني ثم التوصيل رغم اني مستلمه من الفرع واكتر من اوردر طلبته واستلمته بنفس الطريقه
1336,كلشي تمام بس يا ريت مع ورق العنب يكون في حمض زيادة
1337,الذ فتة شاورما💗
1338,الاكل كان سئ جدا غير الي احنا متعودين عليه منكو
1339,مش بيوصل الاكل للسكن بخلينا ننزل نجيبه من تحت
1340,not bad
1341,الأكل وصل بارد
1342,Worst app ever
1343,Delicious 😋
1344,الطيار تعثر في الوصول للعنوان، فطال الوقت وكاد ييلغى الطلب والأوردر وصل بارد علي غير المعتاد
1345,الشاورما اللحمة كانت بارده و سيئة جدا
1346,الشيش طاووق كان سئ للغاية والفراخ نية ومليان سوائل ومقرف جدا
1347,Was much better before
1348,باكت البطاطس بالجبنة كان بارد فا ماكنش احسن حاجة إنما الشاروما كانت حلوة جدا
1349,الفراخ اللي في ألفته تحسها ناشفه شويه متحسهاش نازله من ع السيخ تحسها مركونه جمب السيخ
1350,الاكل كان بارد جدا بسبب التأخير اكتر من ساعتين
1351,السندوتشات فاضيه خالص
1352,الارز قليل المره دى
1353,الاوردار كان بارد
1354,كنت كاتبة ملاحظات زى انى عايزاه سبايسي وجيه عادى وطعمه مش حلو
1355,الله يباركلو بجد
1356,الشاورما لحم جت فراخ
1357,He forgot to put the mozzrella
1358,تحفه بجد بجد بجد حاجه حلوه اووووي
1359,كله
1360,الأكل بارد و مش حلو خالص لا انصح بالشراء من هذا المطعم إطلاقا
1361,Not good at all
1362,هي الشوارما جامده بس الشاورما اللي في السندوتش مش نفس الكميه لما بشتريها من غير الخصم مشكلتكم ان لما الواحد يكون عنده خصم بتقلله من حشو السندوتش مش عارف ليه اللي اعرفه لو الواحد عنده خصم الابلكيشن بيعوض المطعم
1363,طعم الفراخ كان فيه زفاره ونقط خضراء ورميت
1364,"I requested multiple types of sandwiches and asked to be marked or packed individually, but it came un marked and packed together and it was a disaster at work"
1365,العيش كان محروق
1366,Not good not bad
1367,جامد نيك
1368,كان اوردر جميل وطازج ولديذ
1369,Chicken shawarma sandwich is empty Chicken strips is not fresh it’s frozen one like Atyab Food is cold
1370,Meat shawerma was very bad
1371,Bh
1372,ورق العنب كان في شعر و حاجة في منتهي القرف
1373,روعة
1374,محتاج يزود كمية الجبنه المدزاريلا داخل البطاطس
1375,كريب الشاورما فراخ طعمه تحفه وكريب البطاطس كمان كان حلو
1376,الاكل تاخر كثيرا مع بروده الاكل و كان وحش و طعمه سئ جدا
1377,بيرفكتو 👌😉
1378,لازملوا شوية زيادة ليستوي من الأطراف والا ما شاء الله
1379,كل حاجه تمام ماشاء الله
1380,I think the chicken was expired. It was horrible. But the fries were good.
1381,Nice
1382,الاكل كل مره بارد جداً مع العلم ان تم التواصل للتنبه رغم ان الاكل طعمه كويس
1383,جميل بس الشاروما قليلة في الكريب
1384,كل شوية بيغلو في سعر الحاجه اكتر من الطبيعي،كل كام يوم اجي اطلب الاقي السعر غلي مش عارفه ليه يعني و بعد ما كانو بيحطو مع كل ساندوتش ثومية و مخلل باقو بيحطو واحده ثومية مع اتنين ساندوتش اقل من اتنين ساندوتش مبيحطوش اصلا ثومية و المخلل شلوه خالص كل ما ...
1385,الفراخ المشوية كان فيها قطع مش مستوية كويس
1386,الثومية كانت زفرة
1387,لذيذ و سريع ف التوصيل بالرغم من العاصفة الترابية.. شكرا
1388,مش حلوه وجت ساقعه وطعمها مش حلو
1389,اسوء فتة شاورما انا كلتها في حياتي و اسوء خدمة توصيل
1390,الاكل مليان زيت.. و كنت طلبت وزن ازيد ب ٥٠ جرام لظروف حميه غذائيه.. مقابل اني مستعد ادفع فرق السعر فوجئت ب رفض المطعم..
1391,بطاطس تعبانه اجدعااااان طرية خالص كانها مسلوقه
1392,سبايسي جدا والناس تعبت منه جدا ودي كانت آخر مره هنطلب فيها
1393,كويس جدا
1394,وقت التوصيل كبير جدا
1395,غير جيد في التسويه
1396,i
1397,التوميه غير كافيه والساندوتش مش بيشبع😀
1398,بيرفكتو 👌
1399,مكانش فيه معلقه ولا منديل
1400,الاوردر مجاش
1401,الطعم حلو ، والدليفري سريع بس الساندوتش حجمه صغير شويه
1402,الأكل سيئ جدا
1403,جميل ما شاء الله
1404,محتاج سوي اكتر
1405,الاكل وحش جدا
1406,beef wasn't good.
1407,الفراخ كأنها مسلوقه سيئه جدا
1408,We all got sick from it
1409,Hhhhhh
1410,مش حلوه
1411,السواق جه و مشي و لما جه تآني دفعني تمن الدليڤري تآني و الأكل كان بشع و طعمه سمك مع إنه فراخ و مالح و التوميه حرام فيها الفلوس ،الأوردر كله حرام فيه الفلوس، ١٤٠ جنيه كنت حرقتهم واتدفيت أحسن
1412,مستوي ضعيف والمخلل بايظ والفتة مش كتير تجربة لا أنصح بها
1413,الاكل كان بارد جدا و البطاطس كانت سيئة جدا
1414,تجربة سيئة جدا🤮
1415,توصيل متأخر
1416,التوميه
1417,الاكل يقرف
1418,تحف
1419,طلبنا كريب شاورما..الكريب ناشف جدا من بره والحشو مالهاش طعم خالص ولا فيها ملح ولا توابل وزفر جدا جدا وفعلا كانت تجربة سيئه جدا مع اننا زباينه ومش أول تعامل وموصية ع الاوردر وبرضه جه عكس مانا طالبه
1420,خطير
1421,مطعم رائع ونضافه
1422,wasn't tasteful
1423,very delicious 😋😋😋😋😋😋😋😋😋😋😋😋😋😋😋😋😋😋😋
1424,وحش جدا و الاوردر جاى بايظ و اللى بيوصل انسان وحش جدا اظن انا اول و آخر مرة
1425,الاكل وصل بارد جدا جدا
1426,chicken is undercooked
1427,تجاهل ملاحاظات + الكميه قليله مقابل السعر
1428,مااشاء الله الاكل تحفه تسلم الايادي
1429,الطعم حلو خالص
1430,للاسف الاوردر مفروض انه اضافه جبنة و الاكل مكنش فيه جبنة و بعد التواصل مع المطعم مكنش فيه حل ولا من المنيوز
1431,عظيم والله
1432,نكتر التوميه شويه و يبقي كدا فل اوي اوي يا ابو انس يا جااااامد 😂
1433,الطهى غير جيد اكتر من مره يتم التعليق على هذا الامر
1434,الأكل أتأخر
1435,الطعم غير مقهى جيدا الفراخ نيه
1436,الاكل كله جى مقلوب وواقع فى الشنطه
1437,حلو اوي
1438,تسلم الايادى
1439,الأكل كويس جداً لكن ملاحظ زيادة متكررة في الأسعار بشكل مبالغ فيه خلال فترة زمنية قصيرة
1440,يعني تبعتوا فتة الشاورما من غير معلقة او شوكة هتتاكل ازاي !
1441,💚💚
1442,الفراخ مش طازج
1443,الاكل طعمه سئ جدا
1444,بشكل عام المطعم ممتاز دائما .. لكن المره دي الكرسبي كان متحمر زياده عن اللزوم اقرب لأنه كان محروق في التلات وجبات .. وللأسف أخدنا الأوردر زي ماهو وروحنا منطقه بعيده لو اكتشفنا قبل كده كنا رجعنا الأوردر أكيد
1445,الاكل كان بارد جدا جدا و كان مش حلو و تعبت و رجعت بعد ما اكلته
1446,الشاورما اللحمة مجتش جه بدالها فراخ
1447,قليل في حاجه و الشاورما مش احسن حاجه و بطاطس قليله و مش حلو
1448,"I got bad stomach after eating, I think food had a bug"
1449,نكهة غنيه
1450,زيت كتيييير
1451,الاكل تحفة والتواصيل ممتاز وبيوصل قبل الوقت بكتير
1452,سىء جدا
1453,الشاورما لا يجب أن يوضع بها خضار (جرجير) لكن كطعم وتسوية جيدة
1454,عظيم
1455,تمام بس قلل توميه
1456,الكمية بقت أقل . للأسف
1457,Magash w msh arfeen l 3enwan w elmenues charged me el full payment
1458,Hggggggg
1459,"I order extra mozzarella not extra yellow cheese taste so bad and was sooo oil I couldn’t even enjoy that at all , first try and not what I expected . Package of the bread of kofta was so saggy and wet place was trash."
1460,المطعم مالوش علاقة بالاكل السوري من قريب او من بعيد شاورما سيئة سواء كانت لحم او فراخ ثومية سيئة لا انصح به اطلاقا لو نفسك في اكل سوري دور على مطعم سوري بجد مش ده اكيد ولا يغرك الاسم
1461,المطعم مش سوري ولا ليه علاقة بسوريا من اي جهة مستوى وجودة سيئة للشاورما اللحم او الفراخ او الثومية لا انصح به لانه مقلب
1462,ل
1463,طلبت منهم تبديل علبه التوميه بالطحينه ورفضوا مع ان الاتنين مفيش فرق يعني دي علبه صغيره بس عشان انا بحب الطحينه اكتر
1464,زفت محدش يطلب منة
1465,الطعام طازج وطعمه حلو
1466,ماشاءالله الطعم كان جميل جدا
1467,بطاطس تعمها مش حلو مبقتوش زي الاول
1468,portion is less than before while price increased. 👎👎
1469,حلو لكن دايما بينقص الشاورما العربي بتبقي اقل من رغيف الشاورما و بيحط بدلها بطاطس !!
1470,الشاورما كان فيها قطع مش مستوية
1471,كل شئ كويس لكن سلوك الطيار سئ
1472,الاكل زفر الشاورما الفراخ ريحتها غريبه والكول سلو سيء بجد مش حلو و رميته كله مقدرتش اكمل اكل
1473,كان فيه علبة تومية بتيجي مع الساندويش مبعتهاش و لما سألته فين التومية قالي جوا الساندويش و كل مرا باخدها برا الساندويش ده غير جوا الساندويش بيبقي أساسي فيه
1474,الاكل اندلق علي بعضه من التوصيل
1475,Very late delivery
1476,م
1477,السواق اسلوبه مش كويس
1478,احلى اكل 💖
1479,تحفة جداً
1480,الاكل كان وحش جدا وبارد والكريب مش اسبايسى وناشف وطعمه وحش واخر مره نطلب من عندكم
1481,جميل لكن الكمية قليلة جدا
1482,الجوده اقل اخر مره غير كل مره
1483,الأكل كان فيه شعر
1484,الاوردر كله غلط وبارد
1485,الاكل نضيف
1486,أكل محروق
1487,العيش السوري كان بايت مش طازج
1488,الفتة الميكس كان طعمها للأسف سئ جداً وحادقة بطريقة مش طبيعية
1489,"The fattah was really good, better than the sandwiches"
1490,توصيل متأخر بعد ساعة و نص
1491,الكريب قليل الحشو
1492,fast and co_operstive
1493,جود
1494,الاكل حلو بس الاوردر اللي جيه غلط انا طلبت فته ميكس واللي جيه فته لحمه بس
1495,الشاورما السوري كانت سيئة جدا و محطوط عليها صلصة و اترمت محدش كملها
1496,كنت طلب ١٦ سندويتش و جيه معاهم ٤ علب توميه بس و اكتر حاجه عجبتنى الراجل بتاع الدليفرى راجل فى منتهى الأدب
1497,ليه شالوا اضافه الجبنه على الفرايز
1498,😋
1499,الطعم مشجيد وناقص ملح وبارد
1500,شاورما فراخ فيها جلد فى كل قطعة
1501,الأكل سيء جدًا، الشيش طاووق والشاورما مش حلوين نهائي
1502,thank you
1503,the delivery was late
1504,موعيد دقيقة وطعم اجمل ربنا يوفقكم ودايما تكون فى نجاح
1505,do oily !
1506,The driver was great but the food tasted bad
1507,اسوء طيارين موجودين عند ابو انس
1508,الاكل حلو الاوردر وصل قبل معاده
1509,ناقص حاجة ساقعه الاكل جه بارد
1510,الإكل وصل من غير كيس المعالق والمناديل ☹️
1511,مكانش سبايسي
1512,السندوتشات كانت مليانه دهن و طحينه بايظه و شاورما لحمه بايظه
1513,a
1514,g
1515,انا بطلب من ابو انس دايما اول مرة يكون الفراخ والأرز مش كويسين الفراخ مش مستوية كويس والأرز فية زيت كتير
1516,االرز غير جيد بتاتا
1517,الاكل مش متغلف كويس و جزء منه واقع في الكيس البلاستيك!! و العيش ناشف جدا!
1518,Delicious food!
1519,مجابش تومي غير واحده بس
1520,مستوي خدمة المطعم رائعه
1521,الطعام غير طازج
1522,الكبيبة مليااااانة زيت
1523,الطعام جميل وبستخدم مطعم ابو انس دايما ولكن في اخر مرة الاوردر كان ناقص طلب
1524,للأسف المستوى تراجع جدا. الأكل بارد والطعم أقل من العادي.
1525,كمية كل شويه تصغر اكتر من الي قبلها والفراخ المشوية احجامها زي العصافير بالظبط
1526,تمام تمام
1527,كل حاجة حلوة
1528,very good but the delivery was late
1529,الاكل جه بارد جداا
1530,حموضة بس عموما خليك في الشاورما المصري لو بتتعب من التومية و زيت
1531,جاي متأخر جداً وبارد وسئ
1532,Rubbish الاكل زباله و الطيار مش محترم و اتأخر
1533,تأخر كثيرً
1534,انا اسف بس الاكل زي الزفت وياريت حد يتواصل معايا منها للتشهير
1535,الأكل حلو بس السندوتش فاضى
1536,0
1537,best shawrma so far
1538,الرز كان مالح جدااااا والصدر كان ناشف شويه
1539,محروق
1540,الاكل كان حلو بس الطيار اتأخر
1541,متوسط
1542,مفيش اهتمام
1543,الاكل جالي فيه حاجة حمضانة (المخلل)
1544,العيش قليل وطري اوي
1545,الاسلوب كان بشع
1546,الفلافل السوري مكنتش فريش
1547,ممتاز دايما
1548,مستوي الاكل في النازل و الحجم بيصغر و السعر بيزيد حتي التغليف بقي يستخدم خامات اقل بكتير من الاول
1549,shawerma not very good but fries was amazing
1550,وكالعادة ساندوتش الشاورما رائع والاكل سخن لكن طعم الارز قديم او بايت و الكفتة مقبولة لكن طعم الفرخة متوسط ليس بنفس المستوى .. السبوسك طرية جدا غير مقرمشة
1551,"delivery was very fast and came hot, considering he came from nasr city to rehab! but the mushroom is canned not fresh and the rice wasn't that good and their pickles tastes weird"
1552,مفيش رز
1553,الأكل وصل بارد. والطعم كان على غير المعتاد.
1554,الكريب الاستربس صغير المرة دي للاسف
1555,زافل
1556,الطعم مش كويس والاوردر اتأخر
1557,الفراخ مش مستوية اطلاقا
1558,all is good
1559,بتاع الديلفري لم يحسب الخصم واخده هو مع ان المطعم حاسبه
1560,..
1561,really good food and amazing service enjoyed it
1562,الفراخ مشوية مسبقا ومسخنة لذلك لحم الفرخة قاسى.
1563,جامد جدا
1564,الاكل كان سئ الحقيقة و مش مخدوم و كان من غير اضافات جانيبه و حقيقي تجربه مش لطيفه
1565,غير احترافي
1566,ok
1567,food was with bad quality
1568,bad
1569,الاكل مالوش طعم تجربه غير جيده
1570,الساندويتش شاورما الفراخ عبارة عن تومية و شطة و خيار مخلل بدون الفراخ الشاورما اصلا .. ده حتى مش متحمر و مكبوس على الصاج يادوب ملفوف .. اسوأ ساندويتش دقته في حياتي .. اما الكريب كان كويس .
1571,ممتاز، نوعية وكمية وسعر، جودة ونطافة واعتناء
1572,حلو بس العيش مجلد ومش مزبوط يعني لكن الباقي جميل والتومية رائعة
1573,تحفه احلا شاورمه ❤
1574,اوحش مره اكلت فيها
1575,أصبنا بنزلة معوية بعد الأكل!!!!!
1576,زيالخره
1577,الاكل مش نضيف وعملي تسمم
1578,الاكل بايظ
1579,فضل موقفني ف الشارع ازيد من نص ساعه و كل ما ارن عليه ميردش و لما يرد يقولي دقيقتين و ف الاخر مبقاش يرد و يقولي معلش اصل طيار معانه عمل حادثه
1580,AMAZING KOBEBA
1581,طلبت الادةر اسبايسي وجه عادي
1582,الاكل وصل بارد والمفروض كنت طالبه فراخ كرسبى جتلى طريه جدا
1583,الاكل جاى بارد
1584,ماشاء الله عليكم ، الاكل ممتاز ربنا يباركلم ويرزقكم الرزق الحلال
1585,bad bad very bad food
1586,هو الاوردر اتاخر شوية بس الاكل كان تحفة وطازة وسخن
1587,مطعم ممتاز
1588,سئ جدا
1589,"خدمة عملاء غير مهنية.. الاكل يوصل خطأ واللي يرد عليا يقولي ""خطا وارد عادي بتحصل وايه يعني والاوردر الجديد هايوصل ب ١٠ د"" ولحد الان اهو بقالي ساعة ماوصلش!!!!! اخر مرة حقيقي هاطلب من ابو انس قمة قلة الذوق في الرد والاعتبار للعميل"
1590,الاكل متلج حرفياً وازازه المياه مفتوحه ومشروب منها
1591,الاكل زفت وجايلى متاخر وساقع جداً متلج اول مره اتعامل مع المطعم ده واخر مره اتعامل معاه حاجه قرف والاكل زفر جداً
1592,bad taste
1593,الاكل طعمه وحششش اويي
1594,الاكل وحش جدا ومش مستوي ومعمول بعدم اهتمام وزفاره وخساره فيه ال١٥٠ جنيه ياريتني طلبت اي مطعم تاني سامحكم الله
1595,رائع جدا ومهامله جيده واكل.طازج وسخن شكرا لجهودكم
1596,Perfect fattah everytime
1597,التوصيل غالي جدا
1598,الشاورما متوسطة لا حلوة و لا وحشة الكميات كويسة الوجبات بيحط بطاطس مطبوخة غريبة كده مش بطاطس محمرة
1599,الوجبات بيحطوا معاها بطاطس مطبوخة طعمها غريب مش بطاطس محمرة معرفش ليه بس فى المجمل طعم الشاورما عادى و لا حلو و لا وحش
1600,The quality is good but the delivery is late
1601,الكميات صغيرة جداا و الطعم وحش جداا خسارة فيه الفلوس
1602,وحش جدا والمخلل بايظ
1603,طلبت علبة مخلل جالي الساندوتش بدون مخلل
1604,ساعة واربعين دقيقه علشان فتة شاورما
1605,كنت طالب طبق شاورما ميكس الكميه ضئيلة جداجدا مع اني طلبه قبل كده اكثر من مره وكان هايل
1606,Chicken Breast was so small
1607,الاكل مكنش نضيف ووجع بطن والبطاطس شبه نايه
1608,الاكل حلو اوي اوي اوي الصراحة و سخن و فريش و مبقتش بجيب غير منه الصراحة شكرا جدا و اتمني تفضل نفس الجودة
1609,Arabian crispy plate is not as mentioned
1610,سلوك الطيار غير جيد رفص تسليم الفاتوره
1611,ولكن الكميات قليله نوعا ما
1612,اتمني ان ده المستوي في كل الاوقات طعم زمان بجد
1613,بصراحه اكله حلو
1614,الكان مديقني بس انكو بطلتو طحتو علية التوميه الكانت بتيجي مع السندوتش ولكن الباقي حلو اوي
1615,Unbelievable and so delicious
1616,zeft
1617,Amazing experience
1618,الشاورما حلوه اوي 👍
1619,الاكل تمام و الديلفيري سريع مفيش مشكلة بس كل مرة اطلب من المطعم ده الديلفيري بيروح عمارة ٧ ويكلمنى مش عارف العنوان و انا كاتبة ان العنوان فى عمارة ١٧ ف ياريت نصلح المعلومة دى عندهم
1620,Delivery time takes too long
1621,الكريب بارد ونصه فاضي والشاورما سيئة جدا كانها لحمة مسلوقة وناشفة ومافيش اي توابل ولا ملح والصوص سائل الطحينية كبيرة جدا ومافيش احجام اصغر متوفرة وممكن يكون حجم اصغر لسعر اقل مناسب لشخص واحد طلبت اكلم حد وعملت شكوى ولا حد عبرني من المطعم.. خدمة سيئة
1622,التوميه جاتلي حمضانه
1623,الطيار قليل الذوق
1624,ممتاز جدااااا
1625,i ordered meat shawerma with extra fries .. he replaced the meat with fries and the meat was too little
1626,احسن مكان يعمل شورما
1627,المندوب فى قمه الاخلاق والأمانة
1628,تجنن😍
1629,انا اللى جالى سندوتشين بطاطس عادية زى اللى ب ١٣ بالظبط مفيش جبنة زيادة ولا حاجة المفروض الفلوس اللى اتاخدت زيادة عن المكلوب ترجع
1630,خدمة حرفيا اقل من السئ والطعم لا يليق
1631,شوربه الكريمه بارده جدا وخفيفه جدا مش زي كل مره
1632,the falafel needs to be more fried
1633,Delivery man was so bad and not helpful and want to take the changes of my money
1634,خدمه ممتازه كويسه
1635,الاكل كان حلو جداااااااا بس التوصيل وال packaging كان وحش جدااا
1636,بعد ١:٤٥ الاكل جه بارد
1637,أحسن شاورما فراخ في مدينة نصر تقريبا :)
1638,أسوأ مره اتعاملت فيها معاكوا .. عمرها ما حصلت قبل كدا
1639,مطعم محترم وخدمة ممتازة واكل جميل وتوصيل سريع فعلا شكرا
1640,فتة الشاورما وحشة جدا جدا جدا منصحش حد يطلبها
1641,Delivery was late
1642,Made me vomit after eating and gave me terrible stomachache..
1643,اللحمة فيها دهون ومفبش طعم للاكل
1644,سعر التوصيل كتير جداا جداا الاكل حلو جدا جدا وسخن
1645,I found pieces of hair in my order and it wasn’t fresh.
1646,الاكل حلو جدا وسخن والتغليف ممتاز شكرا جزيلا
1647,الاوردر ناقص معروف بيجي مع الاوردر دا ارز بسمتي وبطاطس وطحينه ومجاش ولا اي حاجه منهم!
1648,تمام جيد جدا
1649,الارز ليس جيد و كميه قليله عن المعتاد و البطاطس المحمره معجنه و ليست جيده و قليله و بائته
1650,"Food was really bad and cold, the chicken tasted off, and the bread was burnt,and the order was late so the entire thing was soggy and falling apart."
1651,الأكل جميل
1652,el
1653,الاكل لذيذ جدا وعلي قد الإيد
1654,الكريب كان ناشف و محروق و طعم الفراخ مش حلو. كانت ناشفة و بتشد اوي و مكملتوش .. للأسف تجربه مش هتتكرر
1655,من افضل مطاعم الاكل السورى فى مصر
1656,كان وحش قوي
1657,The order is 90% rice
1658,اوحش شاورما اكلتها
1659,الأوردر جه متأخر
1660,الارز وحش
1661,Comments
1662,يا ريت ترجعوا تضيفوا خيار مخلل مع الاوردر زي زمان
1663,the order was pretty good but too cold cuz the delivery boy got lost lol
1664,الشاورما السندوتشات فاااضيه مفهاش فراخ كتير والبطاطس مش احسن حاجه
1665,راجل ذوق
1666,انصح بتغيير الغلاف الخاص بالطعام بآخر ليس له رائحة نفاذة و لا يغير من رائحة و مذاق الطعام، شعرت بأني أتتاول بعض الأوراق!!!
1667,الشاورما العربى تحفة والتوصيل متأخرش RECOMMANDED
1668,الشاورما كالعادة الساندوتشات جت باردة جدا واللحمه قليله اوي
1669,احلي سندوتش كفتة سوري في مصر 👍
1670,حلوة
1671,تأخير التوصيل
1672,not satisfied with portions and taste is average but fast delivery and very clean and good packging.
1673,جميل بس الازر بني مش اصفر
1674,دليفري زفت و بيحور و بيرن و يفصل و يستناك انت ترن عليه و لو مخدتش بالك م الموبايل ممكن تستني ساعه
1675,recommended
1676,شكرا الأكل جيد والتغليف ممتاز
1677,not hot food
1678,تى
1679,مطعم متتاز وأكل كويس ولكولتي نطيفه جداا
1680,الاكل نضيف ومبيوجعش البطن ، ربنا يبارك لكم
1681,it was the worst time to order from abou anas el soury the chicken portion couldn't be less !!
1682,الاكل حلو بس مجاش توميه مع السوري
1683,الفراخ حلوة اللحمة لا
1684,شكرا ... مطعم أمين و محترم
1685,الخبز كتير و الحشو قليل
1686,الفراخ طعمها زفر جدا وده مش اول مره
1687,الفراخ كانت قليلة عن كل مرة
1688,الدليڤري واللي تواصل معايا كان ف منتهي الذوق شكرا بجد
1689,مكنش كيلو خالص
1690,الساندوتش في المنيو غير من المحل دايركت نهائي
1691,Delicious food 😋
1692,جودة و سرعه ممتازه
1693,تحفه❤️
1694,الطعام محروق والطيار بيهزر
1695,100٪
1696,ميتاكلش فعلا
1697,الفراخ كانت نية و الشاورما فراخ كانت وحشة اوي
1698,الكمية قليلة وسط والفراخ صغيرة
1699,الاكل جه بارد العيش زي ما يكون مبلول طعمه سييء جدا التغليف سيء مانصحش حد يطلبه
1700,Less portion with higher price
1701,ورق عنب طعمه وحش جدا
1702,الاكل كان وحش جدا عكس كل مره.اخر مره اطلب منوا الشاورما كانت بطاطس بس..وربع الفرخه صغير جداااا..
1703,حميييييل
1704,way salty! and poor portions plus late arrival
1705,Gamdd
1706,The food was not good at all
1707,ممتاز جدا... وشكرا علي النظافه.. والنظام
1708,kindly improve the delivery service more than this . order reached after 1 hour and 10 minutes
1709,Delicious Food
1710,عامل التوصيل تخاف منو والله اول مرة اشوف دليفرى اخاف منو ومن طريقته
1711,Absolutely Horrible food quality and taste
1712,فل ♥️
1713,Reasonable delivery time/ served semi-hot
1714,الساندوتش فاضي
1715,خدمه سيئه
1716,الاكل اي كلام محشي ورق عنب مالح جدا ... شربه الفراخ بالكريمه وحشه جدا وافيهاش لفراخ ولا مشرم وطالب كفته جبلي سندوتش .. تجربه مش هتتكرر
1717,تم التاخير عن موعد الاوردر 25 دقيقه
1718,انا طالب سندوتش بطاطس سوري مع اضافة جبنه و شاورما فراخ ب 46 جنيه ، جالي سندوتش شاورما فراخ مع اضافة بطاطس و جبنه ب 57 جنيه ، دا غير ان البطاطس كانت بارده و السندوتش مليان زيت و الجبنه الموتزريلا قليله جدا و التوميه كانت مجلطه و كلها زيت من الحر
1719,الاكل بارد و سيئ
1720,The tomia is expired and it tastes bad التومية منتهية الصلاحية وطعمها سئ
1721,👌👌👌
1722,ما شاء الله ارجو الإستمرار علي نفس المستوي
1723,فشيخ
1724,Worst food ever
1725,Garlic dip was very bad
1726,الساتدوتش ناشف اوي غير انه خد وقت ككبير في الديليڤيري
1727,10/10 Thanks
1728,الاكل كان ضعيف
1729,Everytime they put less garlic sauce
1730,شاورما اللحم كان فيها شعره للأسف.. بس للامانه أول مره يحصل معانا كده.. دايما أبو أنس حلو
1731,البطاطس والسمبوسك غير طازجه
1732,Worst fattah ever.
1733,الفراخ طريه مش كريسبي والرز مش سخن والبطاطس مش قد كده
1734,الاكل جاي بايظ و اترمي في الزباله قله ضمير و الدعم الفني و لا الهوا و لا اهتموا اصلا
1735,b
1736,Very bland
1737,الاكل ممتاز وسخن وتغليف محترم شكرا جزيلا
1738,رااااائع
1739,الطرب السوري وصلني غير ناضج و حمضان مع إنه مع الأسف كان من أفضل أطباق المطعم و لن أطلب من هذا المطعم المستهتر مجددا أبدا.
1740,الاكل بشع
1741,"The worst crepe I have ever tasted, it’s was empty no meat"
1742,يا ريت مش بعد ما اعمل الاوردر كل مره تروحو مغيرين سعر التوصيل
1743,Very Good 🤏
1744,رائع ومميز جدا
1745,the fries sandwich was absolutely dreadful and dry the rice taste was bad and the Sauce too they put on the Chicken shawerma
1746,الاكل كويس والطعم حلو بس كان بارد شويه بس ممكن يكون علشان المسافه
1747,الاكل كان جميل جدًا وكبير والطيار كان قمة في الذوق والأدب
1748,شاورمه فيها فلفل احمر وسئ حدا وطعمها مش حلو وحادق وسندوتش فاضي مافيش فراخ
1749,Chicken very unfresh Rice very unfresh Very small chicken breast Chicken almost burnt and very hard to chew
1750,Bad searvis
1751,انا كنت طالبه ٦ كبيبه جالي ٥!!
1752,arabian super plate is expiensive
1753,laaaaaate
1754,كله حلووو اوي
1755,يرجى زيادة الكمية
1756,طلبت اربع سندوتشات ومفروض بيجيلي مع كل سندوتش توميه جالي للاربع سندوتشات اتنين توميه بس وحاجة ضايقتني بصراحه
1757,كله جميل اللهم بارك لكن الشاورما اللحمه كانت فيها اجزاء محروقه شويه
1758,الاكل جميل اوووي تسلم ايدكوا
1759,التغليف مكنش كويس
1760,ساندوتشات الشاورما اللحمة جاتلى شاورما فراخ وعملت شكوى فى خدمة العملاء قالولي حنتصل ومحدش كلمنى ولا اهتم
1761,الطلب وحش جدا
1762,نظافه و حلاوه مفيش بعد كده
1763,الشوربة متتاكلش
1764,كتابة مراجعة (اختياري)
1765,للاسف دليفري سيء ومتأخر وبيغير فى الاوردر من غير ما يستأذن العميل بعنلى شاورمة فراخ بدل شاورمة لحمة
1766,وحش اوي وبارك
1767,طلبت شاورما عربي فراخ...كان إبداع الساندوتش مليان.. و التومية طعمها خرافي...والطلب جه بسرعه ...بس البطاطس كانت مش مستوية شوية... لكن التجربة تحفه بشكل عام
1768,وقت التوصيل طويل والاكل بارد
1769,الشوربة تقيلة جدا ولا يوجد بها فراخ تقريبا او مشروم السندوتش معظمه فاضي
1770,الاكل يجنن تحفة حرفيا وطعمه جميل جدا
1771,الفراخ كانت نية و فيها دم
1772,الساندوتش شاورما سوري وبطاطس كان مجلد حرفيا وطعمه غير مستساغ غير انه اتاخر لكن حتى مكوناته خيار مخلل توميه او شاورما كأنهم بايتين يومين ولا حاجه يعني يع بجد
1773,استمروا مع مراعاه الاسعار ❤️
1774,الاكل مكنش احسن حاجة بس كل مررة بيبقي ممتاز، المحشي كان ناشف شوية محتاج يستوي اكتر
1775,Not bad
1776,Bad rice
1777,كان سلوك الطيار مش كويس
1778,تحفة تحفة تحفة
1779,الشورما تحفه البطاطس كانت نشفه شويه
1780,متاخرين اوي
1781,الفراخ طعمها سئ جدا ومتسويه من فتره
1782,السندوتش المفروض فيه موتزرلا زياده و متحطتش اصلا ف السندوتش
1783,فعلآ أكثر من رائع 🤗👏👏👏
1784,بطئ
1785,"عايزة أشكركم على نظافتكم وذوقكم ومستواكم العالي والثابت دائماً You never disappoint, keep it up🙏🏻💐"
1786,Vv
1787,فشيخ هدى بعتالكم بوسه
1788,أكثر من رائع 👏👏👏
1789,مطعم رائع
1790,ملح زايد والأكل بارد
1791,من افضل مطاعم الاكل السورى ف مصر
1792,مطعم ممتاز في الجوده والكميات والسعر والتعامل محترم جدا
1793,عدى ساعتين واكتر عليه وفالاخر قالوا السيستيم واقع
1794,جزاكم الله خيرآ وبارك الله فيكم وزادكم من فضله 🤲
1795,تحفه بجد
1796,الاكل ممتاز وسخن وتغليف محترم
1797,الكباب مالوش علاقة بالكباب اصلا. الكفته و الفراخ حلوين
1798,gamd
1799,خدمه ممتازه وطعم ممتاز
1800,كل شيء فوق الممتاز 👏👏👏
1801,tomya t3mha msh ad kda
1802,good taste
1803,2mr😍💋
1804,السندويتشات مابقاش فيها اي حشوة غير تومية .. فين راحت الشاورما اللي فيها .. مستواكم مابقاش كويس زي الاول .. هتفقدوا العملا بالمستوى ده
1805,يجنن
1806,انتو اكتشاف ما شاء الله ☺️ الأكل حلو وطازج والتغليف مناسب جدا. شكرا جزيلا.
1807,No
1808,الاكل كان بارد والعيش كان ملسوع والفراخ حادقه جداً
1809,v good
1810,Y
1811,الطعم مش كويس والأكل بارد جدا
1812,إن
1813,جالي بعدها ١:٣٠ و السندوتش ساقع اوي
1814,جالي سندوتشات شورمه والطعم كان سئ
1815,كله تمام بس الاكل اتاخر
1816,الشوارما والبطاطس تجنن بس الفلافل متعجنه حاسس انكم عاملينها من بدري جدا وبعتهالي لما طلبت الاوردر
1817,الاكل اتاخر ووصل ساقع العيش كان مبلول بتاع الشاورما
1818,شكرا اللكل طازج ولذيذ وكمية كويسة وتوصيل في وقت يعتبر معقول والطيار محترم جداااا
1819,كان حلو جدا
1820,الفراخ ناشفة جدا اكنها مش فريش
1821,الفراخ طعمه مش حلو لا متبله و بدون ملح
1822,Quality of the food is the easiest way to prove you are worth it
1823,العيش كان وحش وبايت في الشاورما
1824,هو كان في عرض ساندوتش علبه واحد هديه ولا ايه لانه وصلي ٤ سندوتشات ٢ بطاطس و ٢ شاورما ممكن اعرف السبب
1825,Restaurant forgot to prepare my meal. Order came 2 hours late.
1826,الشوربه جت مدلوقه جوه الاوردر
1827,it was fine but I have had better for less this is my opinion only.
1828,الكفتة ناقصة سوة وليست مشوية على الفحم كما بالوصف
1829,امام
1830,Very delicious and not so expensive
1831,الحجم ممتاز والطعم احلى
1832,حرام عليك الشطه كانت كتير اوفر في الأوردر كله وبطني بتققطع لغايه دلوقتي
1833,اكل نظيف جودة عالية و سعر مناسب
1834,تغير سعر التوصيل
1835,Bgd ta3mo l mara di wehsh gedn
1836,كان بارد، وكميه العيش قليلة
1837,it's great
1838,الطلب جه ناقص البطاطس
1839,السندوتشات طازجه ومشبعه .. تجربه هتتكرر ان شاء الله
1840,The food was good but they ignored my notes. كان الطعام جيدًا لكنهم تجاهلوا ملاحظاتى.
1841,طعم الأكل بقا وحش أوى
1842,خ
1843,احسن حاجه يكون في اطباق تدخل الفرن علشان لما اعرف اسخن الاكل مره تانيه
1844,ليس كالمتوقع
1845,طلبنا برجر فراخ بس جاب بداله كريب فراخ
1846,الطعم كان سيء
1847,يجنن😍..
1848,خدمة ممتازة والأودر وصل بسرعة والأكل ممتاز
1849,excellent delivery service and all service
1850,اكثر من راااائع والاكل طعمه جميل جدا
1851,وه
1852,اسوأ طيار اتعاملت معاه ياريت مايتعاملش معايا تاني خالص
1853,الاكل بارد و كله زيت و الورق اللى ملفوف فيه الاكل كله مبلول و العيش بتاع الشاورما تري جدا و مش محطوط على جريل
1854,ممتاز طعم وتوصيل
1855,مطعم محترم
1856,ده مكنش طرب كان كفته .. منديل الدهن كان غير محسوس بالمرة .. اكلت طرب كتير من ابو انس ف المطعم لكن المرادي مش حلو خالص
1857,n
1858,تاخر
1859,طلبت إضافات و لم تأتي و دفعت حسابها
1860,Mesh shawarma
1861,delivery charge not as mentioned
1862,very bad experience
1863,الفراخ صغيرة وناشفة
1864,الارز كان وحش اوي والفراخ
1865,يعني انتو بتذودو جبنه ب٧ جنيه وفالاخر مفيش جبنه تذكر اصلا دا غير ان الكريب صغير جدا بالنسبه لسعره الحاجه الوحيده الحلوه الشاورما وكمان الكريب كان وحش فالمجمل
1866,الطعم
1867,مطعم فوق الممتاز وطعم الاكل يجنن
1868,كل حاجه جميله ماعدا سرعه الدلفيري نصف ساعه
1869,الطعم مش حلو
1870,الاكل كان جميل جدا
1871,شاورما الفراخ روعة لكن دهونها كثيرة ..شاورما اللحم رائعة اقل من الفراخ في رايي وللاسف اصبحت كميتها اقل لا اعلم السبب
1872,"Food was delicious, but delivery too late"
1873,الاكل جه متأخر و مكانش حلو
1874,الطلب غير مكتمل ..ناقص البطاطا يا باشا ،🥺🥺🥺🥺
1875,تن
1876,delivery on time
1877,very good
1878,اكله شغال
1879,كان وحش جدا الفراخ المشويه
1880,تعامل اكتر من سيء ، اتصلت بيهم مرتين وكل مرة يسبوني اكتر من ٧ او ٨ دقايق انتظار وبعد ما حد يفتح ويرد يفقل في ثانية بجد تعامل سىء ولو اخر مطعم مش هطلب منه تاني
1881,شوربة الكريمة يوجد بها الدقيق متكتل ولا يوجد بها مشروم
1882,الطعام وصل بارد والكبيبة كان طعمها سيء جدا
1883,الاوردر مجتش اصلا
1884,تنام
1885,good option
1886,حرفيا احسن شاورما ممكن تاكلها فى حياتك
1887,تاخير مش طبيعي ساعتين عشان بس ساندويتش شاورما!!! مع انى كنت بطلب بالاربع وجبات و بيجى فى نصف ساعة
1888,للأسف اول مره اطلب فتة الشاورما ومعجبتنيش نهائى...طعمها كان وحش و فيها طعم غريب جداا....مع ان المطعم ده انا بحبه جدا....و عادة اكله بيكون حلو جداا
1889,very very very bad quality food
1890,الاكل ممتاز سخن وجميل
1891,فوق الممتاز جميل جدا الاكل
1892,الأكل جيه بارد و كان فيه حتت شاورما محروقة بجد قفلتني يارتني مطلبت
1893,مستوى جيد
1894,Delivery were an hour late and the food waa cold
1895,اسوأ فتة شاورما
1896,بشكركم جدا على خدمتكم الممتازه والاكل الرائع
1897,you raised the prices jejeiehehehehejejejebdveuwowbehejdbejdjsbdbsbsbsbdjsjsdbdbdndjdjdj
1898,relatively high price
1899,احلي شاورما لحمه كلتها فعلا 😍 شكرا علي الاوردر
1900,perfect ❤
1901,"i asked to add debs roman, but it wasn't in the sandwich. so disappointing."
1902,اتأخر كتير
1903,"I love El Menues, great application, good restaurants."
1904,سيي في كل شيء
1905,بيتاخروا جدا فى توصيل الاوردر اكتر من ساعة و نصف
1906,خليكو ف السوري احسن
1907,الاوردر لما وصل كان في سندوتش للاسف فيه قطعه بلاستيك كبيره وماكنتش السندوتشات بنفس الجوده للاسف
1908,Not flexible
1909,الأوردر بيتأخر أووي و الأكل بيوصل بارد
1910,اتأخر كتير جدا والاكل كان بارد ومعجن
1911,سرعة التوصيل كانت رهيبة وصلني الاورد بعد الميعاد المتفق عليه ب ٢٠ دقيقة 😂😂.
1912,الشاورما سيئه جدا
1913,تسلموا
1914,السندويتشات كانت جايه فاضيه و العيش أكثر من المكونات وانا مش متعوده منكوا علي كده 😔😔
1915,وحش جدا جدا البطاطس بايته مش فريش والشاورما وحشه جدا جدا دي اول مره الحاجه تجيلنا سيئه كده
1916,زود الأسعار بدون اسباب دة استغلال أعلن مقاطعته والاكل جودتة اتغيرت كمان للأسف
1917,الاوردر اخدناة من غير معالق ولا مناديل وبسبب التأخير اكلنا ب أيدينا
1918,delicious food and fast delivery
1919,الدليفري أتأخر والأكل بالتالي جه بارد والسندوتشات مكانش فيها حشو أد كدا
1920,التاخبر في التوصيل
1921,Trash. never ordering again.
1922,اللحم بارد.
1923,❤❤
1924,طلبت اوردر ٤ بطاطس سورى وواحد شاورما فراخ . البطاطس جه منهم واحد البطاطس بارده جدا مخلوطه بكاتشب وملفوفه بعيش بارد وبس كده ده الساندوتش .. والفراخ كانت محروقه . ده تانى تقييم سئ منى لابو انس وكنت اتمنى انهم يتعدلو بس للاسف قمة المهزله
1925,الشاورما كانت حلوه بس اللحمة مش اوي الفراخ كان تحفه و السندوتشات البطاطس كانت كويسه من حيث الكميه و الكاتشب كان تقريبا معدوم هو التوميه
1926,food is good
1927,سيئ لا طعم و لا كميه خامات رديئه
1928,Delivery too late
1929,كان في شعره في الكريب
1930,verrey bad
1931,الفراخ محروقه وكمية الكفته قليله جدا
1932,الثومية كتيرة مغطيه علي طعم الفراخ ..
1933,سيئ
1934,وقت التوصيل طويل جدا مع العلم انه مش بعيد عنى !!!
1935,Hshah
1936,البطاطس السوري طعمها سئ جدا
1937,فته الشاورمه جميله و مخدومه جدا سندوتش الشاورمه ممتاز شوربه الكريمه ملهاش نكهه مميزه حسيت اني بشرب بشاميل وتقيله جداا
1938,التوصيل متأخر جدااا لكن الجودة عالية
1939,food was not fresh and tasty
1940,الاكل كان بايظ وتعبنا منه
1941,البطاطس كانت سيئه و غير اي مره طلبت للاسف
1942,very good taste of food but always too late in delivery
1943,الشوربة كانت سيئة جدا و ملهاش علاقة بالمطلوب
1944,I didn't get my order
1945,soooooooo bad
1946,كويس لكن طبعا مش واو زي كل مرة ممكن عشان فترة اعياد.. و الشاورما كانت فاضية..
1947,الاكل متقفل كويس جدا و طعمو حلو اوي خصوصا الفته كانت مخدومه كويس و ساندوتش الشاورمه حلو جدا تعليقي الوحيد ع الشوربه تكون اخف شويه و يجي معاها لمون لاني حسيت انها بشاميل اوي
1948,سرعة التوصيل مش احسن حاجه
1949,The fries was a little cold but best chicken and rice
1950,The food came a bit cold but overall a good experience.
1951,الاكل كان ممتاز بصراحة
1952,Worst restaurant ever
1953,وجبه ابوانس شاورما فراخ كميه شاورما قليله جدا جدا يمكن اصلا مش فيها تجربه سيئه الكريب كان كويس
1954,The food was extra cooked the chicken was very hard and small in size will not order again
1955,They delivered wrong sandwiches
1956,طلبت كريب فراخ بس تقاريبا مكنش فيه فراخ 😂
1957,الاوردر اتاخر ساعتين ونص
1958,2 hours late
1959,"Extremely slow delivery, cold food, so unsatisfied"
1960,سندوتشات الشاورما كويسه بس الشاورما اللحمه فيها سلطه كتير ولحمه قليله
1961,Order arrived after 2 hours
1962,زي الزفت الصراحة ٤ ساعات علشان الاوردار يجي و معاملة زي الزفت و السندوتش معفن
1963,الاكل كان حادق جدا وبالأخص الفلافل
1964,الأكل حلو ولكن الوزن ناقص !! اشتريت ربع كيلو كفتة وزنته في البيت على ميزان ديجيتال بالعلبة والبقدونس طلع 160 جرام بدلا من 250 جرام. تخيلوا 100 جرام ناقص !! أرجو إدارة المطعم تراجع نفسها لأن مستحيل حتى لو بيوزع اللحمة قبل الشوي ربع كيلو يقل 100 جرام.
1965,wara2 3nab raheeb ❤️ w elshawerma tu7fa
1966,food came after 2 hours while the restaurant told me its out of delivery before 1 hour of arriving
1967,الاكل تحس انه كان بايت
1968,الآكل أتأخر لمدة ساعتين .. و كان بارد
1969,غير موافق
1970,لم استلم الاوردر
1971,اتاخر للغاية
1972,الحشو قليل جدا
1973,my food was so cold and the soup was all over other food package
1974,ممتاز جدااا
1975,حلو قوي
1976,مواعيد زبالة تاخير ساعة كاملة بدون حتى اعتذار واكلم الفرع يقولى خرج وثوانى يكون عندك
1977,late
1978,وحش جدا الاوردر جه بعدها بساعتين والاكل كان بارد
1979,الاكل جاي بارد والفراخ مش مستويه وبجد مقرف
1980,العيش سيئ
1981,السعر غير الي جالي
1982,very very very low quality!
1983,شكرن
1984,Not bad but not so good
1985,الطعم سىء جدا جدا
1986,طلبت طبق عربي فراخ سوبر... الشاورما كان طعمها حلو جدا والتوميه...لكن الفرايز كانت زي ماتكون قديمه ومش فريش مع اني تتبيلتها وطعمها خلو
1987,The order is bad
1988,Delivery was late but food were tasty.
1989,الوقت بدري حدا عن ميعاد الافطار والطعم مش لذيذ
1990,Too little shawarma s and too much rice.
1991,الكبيبة اللحمة المستخدمة فيها بايظة 🤢🙊
1992,طالب الاوردر من الساعة ٤:١٧ و كاتب انه now مش افطار جالى ٦:٣٥ يعنى اكتر من ساعتين.
1993,ده كان في وسخ بساندوش الشاورما تجربة لن تعاد
1994,أحلى وجبة، كمية كافية وجودة وذوق...
1995,بس في مشكله صغيره صغيره الاوردار كان عامل ١٧٦ علي الاونلين والفاتوره جات ١٩١
1996,اكل ممتاز اهم حاجه استمرار نجاح
1997,Very low quality and so bad
1998,X
1999,it was delicious food aaaaaaa
2000,Later delivery and shit support from menus!!
2001,the food was really delicious
2002,الاكل اناخر جداااااااا غير ان الكول سنتر من اسوء الناس الي ممكن تتكلم معاهم
2003,جيه بسرعه و الطيار محترم جدا
2004,Delivery came late with an hour delay from the ETA
2005,Very nice
2006,اللحمه كانت عباره عن عجين وطعمها سئ والبطاطس مجلده وطعمها غريب
2007,Really nice
2008,سعر الفاتورة غير اللي ظهر على البرنامج
2009,حلوه دي
2010,بصراحه الشاورما مكانتش بنفس الجوده اللي متعودين عليها والبرجر البيف مكانش حلو برده اتمني يكون فيه اجود من كده وشكرا
2011,الاكل نضيف وتحفة والتوصيل سريع جدا واسعارهم حلوة اوي ومش غالية
2012,The Fattah came cold and soggy
2013,فتة شاوما فراخ طعم كويس جدا والاوردر وصل بدري
2014,ل تاني مره ابو انس دا مش ابو انس دا ابويا
2015,Gret
2016,جميله اوي
2017,worst shawarma ever
2018,سئ ملوش علاقة بالاكل السورى.... اول واخر مره
2019,لو اقدر اختار كل المميزات هختار بجد الاك كل مره بيكون جميل جدا الديلفري حتي في رمضان جه في المعاد مظبوط بجد احترافيه جدا ❤️✨
2020,الطلب جه بعد الفطار تلت ساعة والأكل كان بارد ومفيش قطع كرسبي ع الفته والطعم كان أقل من المتوسط
2021,فى تحسن ملحوظ جدآ الفترة الفاتت أتمنى الأستمرارية
2022,جميع ما سبق
2023,تا
2024,شاورما اكسترا مكنتش حلوة خاااالص
2025,الاكل سيى جدا
2026,اتأخر اوي بس
2027,Food was so cold
2028,سيء لابعد الحدود، بتعمل اوردر لشي بيجيك شي تاني غير يلي طلبتو وبتتصل وبتواقحو عليك وبيرفضو يجيبولك طلبك او التعويض.
2029,اكل سيء جداااااا معاملة سيئة مطعم فاقد للمسؤلية اعطي صفر نجمة
2030,العيش السوري كان بيتقطع كأنه بايت
2031,الطلب وصل غير صحيح
2032,i said no vegetables and he added
2033,Professional
2034,تحفة اكتر من تحفة بس ياريت تخلو المخلل يبقي كله بنجز ولفت 😂😂😂
2035,طعموا حلو جدا البطاطس حلوه جدا التوميه جميله المخلل جميل بجد من احلي شاورما عربي الي اكلتها
2036,Fine
2037,الأكل زايد الملح فيه بكثرة
2038,Fabulous
2039,food was salty
2040,الفراخ زفره
2041,الاكل حلو وسخن
2042,فته الشاورما كانت مليانه شعر
2043,الاكل مخزي
2044,كانت جميله جدا وانصح الناس تجربها
2045,perfect
2046,الاكل سئ للغايه والاكل بارد وطعمه استغفر الله
2047,الاكل طعمه بقي احلي جدا في رمضان ووصل بسرعه جدا قبل الوقت المحدد الاكل ممتاز
2048,الرز مش طازة
2049,So good
2050,The food came hot and delicious. Fast delivery too. 10/10 would recommend it 👍
2051,تحفه الاكل
2052,الكريب مجلد
2053,Great!
2054,Delivery was late Taste was not good
2055,hlw
2056,GOOD
2057,الاكل سيئ جدا
2058,Chicken smelled & tasted bad & the fries was cold 👎🏼👎🏼
2059,واحد من احسن المطاعم السورى البتعامل معاها ما شاء محافظ على الجودة من اول اوردر لى لحد دلوقتي و بيهتم بالملاحظات و حتى فى رمضان فى عز وقت الفطار الاكل بيوصل على الوقت و يمكن قبله كمان و بيكون سخن و فريش مش متسخن، احلى فته شاورما و شورما عربي.
2060,الاكل حلو فقط
2061,المره ديه طلبت شاورما لحم فقط و طلعت ممتازة المره إلي فاتت شاورما فراخ كانت مليانه مايونيز بطريقة غريبة. يعني طفحت الساندوتش و أصلا أنا بطلت خالص أحط كاتشب و مايونيز علي أي أكل يعني كرهت المايونيز و كمان طعمه سيء
2062,الشاورما بالمشروم تحفه فنيه❤️
2063,الاكل بيوصل متأخر جدا جدا بعد ساعه البطاطس غير قابله للاكل حرفيا الاكل دائما بارد ده خامس اوردر ليا من ابو انس ف اسبوعين بس .. ومتهيقلي ده هيبقي اخر اوردر
2064,gamed
2065,late delivery
2066,الاكل دائما بارد مع اني مش بطلب غير ابو انس من الابلكيشن هنا باكت البطاطس بالموتزريلا ناشف جدا وبارده جدا وغير قابله للاكل
2067,السورما لحم و فواخ مملحه جدا
2068,جميل جدا والله
2069,كنت طالبة extra mozzarella في ٣ سندوتشات وكلهم جم من غير الموتزريلا
2070,Too much time on delivery
2071,كان فيه ساندوتش المايونيز كتير جدا جدا
2072,literally kan fy 7ashara fy el tomaya!!!
2073,بيعلي صوته عليا لمى بقوله انت عملت توصيل للأوردر قبل متوصل عندي الاكل بارد وسيء
2074,حاجه ممتازه
2075,طلبت ساندويتش شاورما واكدت يكون العيش فرنساوى وطحينة الطلب اتاخر ساعه ونص وبعد الانتظار الطلب جاى من دون طحينه وكمان مفيش سلطة ولا طماطم جوة والعيش سيء ولما قدمت شكوى بعد بساعه يعني ساعتين ونص المطعم رفض حل المشكلة
2076,جالي من غير ملاعق ومناديل
2077,زيت كتير شويتين
2078,بطاطس كانت برده جدا
2079,البطاطس وحشه جدا
2080,الاكل تحفه
2081,في لخبطه في الاوردر
2082,الأكل طعمه حلو اوووي
2083,الكمية قليلة مش هو ده الساندوتش لما بروح عند المطعم اكله من هناك ولا علشان كان عندي خصم قللته حجم السنداوتش
2084,y
2085,الاكل حلو جدااا و نضيف
2086,الاوردر بيتأخر فبيبرد بس الشاورما فراخ حلوة
2087,الاكل كان كويس جدا قبل كده و بجيب من سنين بس حاليا مبقاش حلو للاسف و حتي اخر مره سندوتشات بطاطس سوري بطاطس قليل جدا و اللي طالباه بكاتشب سبايسي مجاش فيه اي كاتشب و جه شطه بودر !! و المره اللي قبلها مكانش حلو بردو
2088,الاكل نضيف ودايما حلو وطازه والكميه حلوه جدا والسعر مناسب
2089,جاامد
2090,Hshsj
2091,Good service
2092,"absolute best wara2 3nab i’ve had barra elbit,juicy,hot ,delicious melts in your mouth and meat shawerma is very tasty but had too much tehina on it"
2093,تحفففففففه
2094,test this bug 😂😂
2095,الاكل كان بارد للاسف
2096,المخلل كنت طالبه خيار فقط جاني مشكل ..
2097,شكرا جدا
2098,Shsjhshs
2099,تحفه كالعاده
2100,Smaller sandwich size
2101,الاكل باارد جدااا وللاسف اترمي كلو
2102,وجود فراخ محروقة حتى السواد بالساندوتش
2103,Food was miserable. Chicken sandwich was disgusting. LOW LOW LOW QUALITY.
2104,كمان الاكل كان بارد وطعمه مش افضل حاجه الفلافل كانت وحشه جدا
2105,بجد الفراخ كانت وحشة جدًا اكنها نيئة و مليانة شغت
2106,found a hair in the shawerma
2107,👏
2108,faster delivery
2109,متاخر جدا والاكل بارد
2110,very good continue 😊😊😊😊
2111,مفيش عيش ومياه السلطة واقعة والوجبة نفسها مش مغلفة
2112,Portions are a bit small
2113,الشورما الفراخ طعمها زفره شوية
2114,طعم جيد جدا وخدمه ممتازه
2115,كريب فاهيتا فراخ كان طعمها وحش جدا وكريب بطاطس كانت نايه. الاكل وجع بطني
2116,زبالة اكل
2117,It came cold
2118,ممتاز كالعادة كل مرة الاكل بيبقي ممتاز
2119,meat shawerna wasn't fresh
2120,كان في خصم ولم يرد لي
2121,الاكل كان جي حلو جدا و سخن عكس المرة اللي قبليها اتمني يفضل مستمر علي كدة
2122,the food was extremely bad... found a bug in the soup and a fingernail in the sandwich
2123,الاكل بارد جدآ و مش نظيف لقيت بلاستيك في السندوتش! حاجة مقرفة جدآ
2124,"food arrived fast and hot, chicken shawerma was perfect, wara2 3nab was hot and tasty maybe needed to be a bit juicier but it was quite delicious! prices are veryy good"
2125,المره دي كان فيه نص فرخه ناقص سوا .. دي اول مره الحقيقه عشان كده معملناش شكوى .. بالتوفيق دايما
2126,they always increase the delivery fees after submitting the order.
2127,"not the usual quality,"
2128,تحفه جدا جج
2129,chicken shawerma was over spicy
2130,الصدر ممتاز لكن الرز كان مالح شوية
2131,الاكل حلو جدا و الكمية كمان مناسبة للسعر و الاوردر جالي فرش و متأخرش الفراخ كانت كويسة بس الفتة الميكس اللحمة ناشفة جدا
2132,cold meal
2133,ة و
2134,طلبنا اكتر من مره الاكل حلو في كل مره والتوميه خطيييره
2135,الحاجة جميلة وسخنة
2136,الشُربه تحفه
2137,الاكل جميل تسلم ايديكوا بس شربه الفراخ محتاجه تكون احسن من كدا
2138,الاكل سخن ونضيف وطعمه ممتااااااز. فقط يرغي التغليف يغطي السندوتش كله في الظروف الي احنا فيها دي
2139,Tohfa
2140,الفراخ المشويه كانت جايه بارده و التتبيله ماكانتش حلوة
2141,"Really bad packaging didn’t taste good,like 2 pieces of shawerma on the fattah"
2142,السندويتش كويس بس الفراخ قليله جدا
2143,أكله طازج وطعمه حلو
2144,كل حاجة جميلة
2145,👏🤗
2146,التوميه بس اللي حلوه الفراخ صغيره جدا وملهاش طعم بطاطس كانت كلها زيت ومحروقه الرز بشع
2147,Good if you are too hungry otherwise nah
2148,آخر وجبة كميتها كانت كافية مقارنة باللي قبلها والدليفري موعده مضبوط والطعم جميل جدا كالعادة والشكل النهائي جميل حقيقي شكرا ليكم
2149,البصل في التبوله كان كتير
2150,الوقت اتاخر اكتر من ساعتين ونص عن الموعد المحدد
2151,المندوب كلمنى علشان استلم بعد م طلبت باكتر من ساعتين ونص
2152,عدم اهتمام ف الرد ع الرسائل
2153,"food isn't fresh at all and doesn't taste good, I had to throw the tabbouleh cuz it wasn't fresh almost expired/rotten and without any kind of sauce. bad bad."
2154,الأكل سيئ بشكل لا يوصف، الرز في الف مش مستوي والبطاطس باردة ومجلدة
2155,طبق البطاطس بالمايونيز الشاورمة العربي ليسوا ذات القيمة
2156,Delicious geddaannnnn i loved it ..........🥰
2157,البطاطس كانت طريه جدااا ومش حلوه خالص
2158,الشاورما اللحمه كان طعمه سيء ومش مستوي العيش بتاع السندوتشات كله مكانش متحمص كويس
2159,حلو وجميل وطازج
2160,اتكتب ان الاوردر هياخد ساعتين وده وقت مهووول وفي الآخر لغيته وبلغت بكده لما كان قرب على الساعتين ومكنش طلع من المطعم اصلا !!!!!! وفي الآخر الدليفري كلمني بعد 3 ساعات من الاوردر!!!! ورفضت استلمه طبعا!!!
2161,التوصيل ممتاز و سريع و انصح المطعم الاهتمام بمذاق و جودة الطعام اكثر
2162,did not receive the order
2163,small portion
2164,الطلب بارد
2165,كل حاجة تمام ما عدا وقت التوصيل حد وقت طويل جداً
2166,الفراخ وحششششششههههه
2167,الاكل جيه متاخر ٥ ساعات وبارد تجربة سيئة جدا
2168,الطلب كان وقت وصلوهمن ٣ ساعة ولم يصل
2169,خدمة زي الزفت و منتظره الاوردر اكتر من ساعتين و نص ولسه مجاش
2170,خدمة سيئة جدااا... ساعتين و نص و الاوردر مجاش
2171,great as usual
2172,thanks
2173,الاورد كما طلب بكل الارشادات اللي طلبتها .. و طعمه حلو .. الشيش طاووق كان بارد شوية بس برضو حلو ..
2174,"سيئة للغاية و كانت ""باينة"""
2175,V good
2176,cnn
2177,My fiancé and I both had food poisoning from this place. We were both sitting on the toilet the day after. Disappointing because their food was actually pretty tasty.
2178,الاكل كان سيئ وبالذات الشاورما كانت بايته او محروقه مش عااارف بس كان طعمها مش حلو خااالص
2179,سئ جدا مالوش علاقه بالاكل السورى مش ه اكررها
2180,👍زى الفل
2181,ممتاز جدااا. شكرا. منيو
2182,not goid
2183,فرع زي الزفت بجد عامله اوردر من اكتر من ساعتين ولسه موصلش لحد دلوقت وكل ما استعلم يتقالي خرج وانا بيني وبين الفرع ١٠ دقايق او اقل و علي كدا داخله علي ال ٣ ساعات اهو ولسه الاوردر مجاش
2184,الخدمة ممتازة
2185,"Food tastes really good, chicken is fresh and overall good."
2186,f
2187,الدليڤري اتأخر جدا غير كده كله تمام
2188,التحدث بأسلوب غير لأيق .
2189,Nice .
2190,الاكل كان بارد جدا .
2191,الاكل جة بارد المرة دى بس سماح المرات اللى فاتت كان سخن وحلو خلو بالكوا
2192,ياريت يبقي فيه عروض اكتر بس
2193,الاكل وصل ساقع
2194,I am not very happy! I paid 45 pounds for delivery
2195,رائع بس الكلفه غاليه شوي
2196,الخدمه جيده
2197,order was cold and the syrian bread was not fresh at all. syrian fries was good.
2198,مشكله باحساب
2199,Food was Cold
2200,مش زى كل مرة بارد ومجاش معة تومية
2201,الاكل كان بارد جدا و ني و اترما في اليزباله شكرا!
2202,very nice
2203,order not complete fries was missing
2204,كل مره بيتاخر فوووووووق الساعه بجد كرهتكم م كتر التاخير
2205,اوك
2206,يجب تغيير كيس السندوتش الورق لانه بيعطي ريحه وحشه للساندوتش
2207,شاورما الفراخ كانت سيئة جدا وشكلها بايت ومتسخنة اكتر من مرة وطعمها زنخة سمك، حاجة تقرف الصراحة وان شاء الله اخر طلب من عندكم
2208,احجام الطلبات اتغيرت تقريبا بقي السندوتش الكفتة بقي زي الفينو ...وااكريب حجموا صغر ..انا من اكتر الناس اللي اشتريت منهم وهما عارفين كدة بس للاسف تغيروا والسعر زاد والحجم أقل ..شكرا
2209,الاكل تسبب في نزله معويه لجميع الافراد
2210,رهيب
2211,الاوردر اتاخر نص ساعه ، والاكل بارد تماما والبطاطس مجلده
2212,جوده الاكل ممتازه والتوصيل معقول والكميه مناسبه جدا
2213,ما شاء الله الفته حلوه اوي طعمها وشكلها جميل جدا
2214,The food was really good but it was cold but it was due to weather conditions
2215,التوصيل وصل في المعاد المحدد والدليفري محترم الاكل كان بارد شوية والطعم مش اجمل حاجه
2216,الاكل مش حلو
2217,الشاورما كانت حادقه جدااااا
2218,شاورما الفراخ هايلة و اللحمة لاء
2219,ليس بجيد
2220,هايل
2221,الاكل حلو جدا
2222,متأخر جدا
2223,فى وجبة ناقصة ثومية ومخلل(طورشى)
2224,حقيقي بستمتع بالاكل من عندة
2225,الاكل بارد و الطبق العربي فاضي
2226,كان بارد جدا
2227,حلو جدااا
2228,ابشع محشي في العااالم ،اترمى اصلا
2229,My favorite
2230,الاكل وصل بارد ومتاخر
2231,Delivery fees are high
2232,it was awful i would rather eat puke.
2233,البطاطس السوري كان حلو ، بس معجبتنيش فتة الشاورما فراخ تماما الرز غريب ، ليه مش رز بسمتي اصفر عادي ؟! والصوص اللي كان عليها غريب جدا .. مكملتهاش .. والكول سلو مسكر جدا جدا والسوايل فيه كتير
2234,يعني
2235,رائع 🤩 ممكن نزود الكميه سيكا 🙈
2236,Late
2237,الأكل تحفه ماشاء الله و استمروا ☺️
2238,وصل بعد ساعه ونص وسندويتش الشاورما عبارة عن توميه ومخلل فقط مفيش شاورما فيه اساسا ومالح زيادة عن اللزوم والقيمة مقابل السعر سئ جدا مش هتكرر تاني
2239,جودة رائعة وكمية مناسبة ومعاملة محترمة جدا. شكرا
2240,كالعادة. جودة رائعة وكمية كويسة ومعاملة محترمة.😊 شكرا
2241,ممتاز ربنا يوفقكم
2242,بارد شوية
2243,Not hot
2244,الاكل جاي بارد جدا
2245,رائع كالعاده شاورما فراخ ممتازه وورق العنب بيتي
2246,اا
2247,تمام جداااااا
2248,Chicken was awful
2249,perfect thanx
2250,دفعت زياده جبن و جالي الساندويتش بطاطس بس و السانديتش مهري و عيشو متقطع
2251,الاكل بارد و طعمه سئ جداااا
2252,الاكل حلو جدااااااااااااااااااااا وبيوصل سخن
2253,Food is not hot at all
2254,الاكل كان بارد شوية
2255,Delivery was fast and good but grilled chicken didn't taste as expected
2256,انا طالبه شاورما لحمه تجيلي شاورما فراخ اكل حاجه مبحبهاش ليه علشان استهتار من المحل وكمان حاسبت علي تمن الشاورما اللحمه في حين أن الشاورما الي جاتلي تمنها ارخص
2257,Perfect delivery.. perfect taste.. very delicious
2258,كريب البطاطس معمول ب بطاطس نص سوا و الكريب مش متحمص كويس ، ساندويتش الفلافل تحفة ، الدليفري سوابق
2259,مش احسن حاجة والاوردر اتاخر وجاي بارد
2260,أكل جميل جدا وتعامل جميل والطعم جميل وأحلى أبو أنس
2261,كان كويس لكن مش مخدوم ولا مضبوط زي المرة اللي قبلها .. الساندويتش فاضي و الكريب بايش من الدهون و صوص الشاورما بالرغم اللي كاتبة الملاحظة دي في الاوردر لكن ما اخدوش باللي طلبته المرة دي ..
2262,"Literally the worst shawerma I’ve ever tasted, the food came very cold, the delivery guy wasn’t respectful and wanted me to go downstairs and pick my order for no obvious reason, definitely won’t recommend it to anyone."
2263,taste huuummmm very delicious
2264,الاكل سىء جدااااااااااااااااا الفراخ مش مستوية كويس الشاورما من اسوء مايمكن عبارة عن ساندوتش خضرة وبواقى لحمة بتشد الشوربة تقيلة جداااااااااااا مكنتش شوربة كانت مهلبية
2265,الشاورما كلها دهون بس النص فرخة مش مستوية واترمت
2266,الفراخ كانت سيئة جدا جدا
2267,مطعم علي مستوى و أكل نضيف و طازج و سخن و التوصيل ميعادة مظبوط
2268,الاكل للاسف سيء العييش كتير وعباره عن عجين غير مستوي الحشو قليل كده وكله ملح وتوابل زياده جدا والشاوما نيئه الاكل بجد سيء جدا المره دي
2269,الديلفر اخذ تمن الاوردر و تم خصم تمن الاوردر من الفيزا
2270,سئ سئ سئ بجد لا تعليق
2271,Driver was late so when food arrived it was moist and not hot.
2272,ممتازه
2273,perfect every time
2274,روعه اوي الصراحه والديليفري محترم اوي استمروا ❤️
2275,الطلبات وصلت زي ما طلبت و سخنة و طعمها حلو . تجربة جميلة و تتكرر .
2276,Taste not as expected I didn’t like the crepe
2277,it was cold but it's okay
2278,تسلم ايديكم
2279,الطعمية محروقة
2280,مفيش حلاوة اكتر من كدةة اية الجمال دة طعم. وكمية و سرعة ونظافة استمروا على كدة
2281,الاكل جميل اوي
2282,"The kofta meal and tarb meal are amazing everything is perfect. Delicious food the fries is amazing, rice. Thanks"
2283,الاكل كان سيء جدا واوردر الشيش طاووق كان اربع قطع ومش صدور والشاورما كانت زفره وسيئه جدا
2284,"I liked very much , my brother recommended it for me and he was right , it’s the best restaurant ever. The meals price is good but the delivery fee is little high . Generally the food was tasty and good quality"
2285,الاكل وصل باااااااااارد كأنه كان في التلاجه و سندويتش سوبر كرانشي كان كله بطاطس مفيهوش الا قطعة فراخ و كنت طالبه 4 سندويشات جالي معاهم الاربعه اوحش من بعض فعلا اخر مره هتعامل معاكم 👎👎👎
2286,الفتة كانت مش بطالة بس ساندوتش الشاورمة وحش اوي و كان لحسة تومية بس
2287,سئ جدا مالح جدا كأنه بيداري ع الطعم بالملح مش ممكن تعرق تكمله!!
2288,The food always good but today was good but a little cold but In general very good.
2289,ظ
2290,No tomeya - order arrived late - very cold
2291,مطعم محترم جدا الميعاد مظبوط بالدقيقة و الاكل وصل سخن و نضيف و الملحوظات كمان اتنفذت بالظبط
2292,الطعام طازج وطعمه جميل
2293,Delayed
2294,اتاخر
2295,بطى جدا جدا فى التوصيل
2296,طعم شاورما اللحمه كان سئ وفيه طعم وحش
2297,Not very hot plz next time I need it very hot
2298,بسم الله ماشاء الله ، المطعم كويس جدا مفهوش غلطة تقريباً ، اتمنى يستمر علي كدة ❤️
2299,انا جالي ساندويتش بطاطس محمرة بدال من ساندويتش شيش طاووق
2300,حلو ........................................................................
2301,الاكل جميل والاسعار مناسبة والخدمة ممتازة
2302,الكميات وطعم الاكل تحفة تحفة بصراحه❤️
2303,اللحمه وحشه
2304,very fast
2305,وجبة غالية و حجم قليل
2306,الثميه جايه بايظه والأكل حي ساقع والتغليف وحش جدا والأكل سي والخدمة سيب جدا
2307,البرجر عيش كبير لكن حجمه متوسط .. كالعادة شاوما الفراخ تحفة اللحمة متوسط لان ملحه كان كتيير اوي معرفش ليه
2308,perfect as always 👌
2309,ممتاز كالعاده
2310,beautiful ❤️ and delicious as usual
2311,ليست نوتيلا ولكن شوكلاته عاديه
2312,دا مش ابو انس دا ابويا😂♥️
2313,cold and late meal.
2314,كالعاده مميز
2315,بعد ما بعتيلي الوجبة وكان عندي بعض التعليقات بعتلهم علي صفحتهم وقولتلهم اتصل بيا مدير الفرع.و بعتيلي نفس الوجبة تاني يوم متظبطة جداااا. شكرا لاهتمامهم
2316,بسم الله مشاء الله جميل اوووى ❤️
2317,The meal was without tomeya that has been always there
2318,worst delivery agent
2319,الاكل ملحة زيادة جدا والارز فية طعم كلور الماء تجربة سيئة ولن تتكرر
2320,شاورما البطاطس ممتازه الكريب حلو بس مش اجمل حاجه الحشو كان قليل بس الخامه كويسه
2321,الاكل طعمه كويس جدا التوصيل في حوالي ٧٠ دقيقه كتيرا جدا اتمنى من ادارة المطعم تهتم بالتوصيل وان الاكل يوصل سخن و اسرع من كده
2322,زي الفل 😃🤩
2323,الاوردر مكتوب فيه نصف كيلو صدور فراخ، الاوردر واصل ٣٦٠جم. طعم الاكل كان حلو بس دي نقطة مسامحش فيها، اكتب اللي هتقدمه وغلي السعر لكن متضحكش عليا
2324,استغربت لتغير سعر التوصيل بعد ماتم الموافقة علي الاوردر
2325,ورق العنب رائع مصري على أصوله
2326,المطعم محترم لكن صغرو ا حجم السندوتشات الفرنساوي الكفتة ..مع اني بحترمهم جدآ
2327,بصراحه الفته ميكس سيئه جدا
2328,وصل ف الميعاد بس الاكل بارد والطعم مش قد كده
2329,Other
2330,اول مرة اجربه وبجد تحفه جدا
2331,الساندوتش محروق
2332,الاكل جاي متاخر وبارد للاسف
2333,Wow
2334,very good taste
2335,Very tasty food
2336,الاكل كان طعمه وحش والفراخ والشاورمة كانوا طعمعم سئ جدا
2337,ممتاز مستوى ثابت شاورما فراخ وطعمية سوري فرع مدينة نصر
2338,Al haga gat barda w adema
2339,زى الفل
2340,الاكل كان سيء
2341,حرفياً يقرف و جه متلج و الفراخ طعمها ميتكلش
2342,البطاطس مش حلو كده لو بطاطس صوابع هيبقى أجمل وزود الارز شوية
2343,اسواء مكان ممكن تاكل منه شورما
2344,I didn’t get a breast quarter as i requested:/
2345,Dont like it's extremely different i think it's anas el demshky 😞😞😰
2346,الاكل وحش جدااا بارد وملغبط على بعضوا وكان فى خصم ٣٠ منزلش والدليفرى طريقته زباله
2347,جيدجدا
2348,the taste wasn't like how I expected but it was okay
2349,Very good chicken
2350,الاكل مش سخن لكن الطعم معقول
2351,ممتازة
2352,👏🏻👏🏻
2353,الاكل كان بشع
2354,Fg
2355,more than perfect.. thanks a lot ❤
2356,جميل جدا ..
2357,Helw
2358,"Food was so delicious, everything thing came hot,.The Chicken Shawarma sandwich was so delicious and the was so tender and tasty. Definitely worth trying again."
2359,حلو جدا جدا
2360,الجودة اقل طعم الأرز والكرب ليس كما السابق
2361,to7fa
2362,الأكل كل بارد شوية
2363,الاكل المرة دي مكنش احسن حاجة كان بارد شوية علي عكس العادة دا غير انه اتأخر
2364,the fattah is spectacular
2365,اكل اتاخر و جيه بارد و كان في كلوسلو مجاش اصلا مع اكل و متمش اضافه لحمه و حاجه زي خره
2366,بقالهم فتره
2367,حلو بس الاكل كان بارد اوي🤦🏻‍♀️
2368,لذييييذ
2369,Kk
2370,الاكل تحفه الدليفري محترم
2371,I ordered mix arabian plate .. the piece itself contained both chicken and meat :D
2372,بصراحة الواحد لما بيطلب من عن طريق المنيوز الاكل مبيتكليش يبقي استعفر الله العظيم
2373,👏👏
2374,أكل نظيف و لذيذ جدا
2375,thank you it was delicious ❤️
2376,اكل فوق الممتاز بس ملاحظ انى لما بطلب يزود اضافات ع الواجبة مبيزودهاش .. الكمية زى ماهى .. عموما الطعم جميل
2377,الكبيبة مليانه زيت كانت سيئة جدا الصراحه
2378,الاكل رائع جداااا ووصل سخن والطعم ممتاز ده حقيقي مش كلام
2379,احسن شاورما فراخ اكلتها الدليفري سريع والاكل ممتاز
2380,هو حلو بس الكميه كانت قليله
2381,"For me the garlic dip will be more tasty if less sour, tq"
2382,عامل التوصيل الزباله القذر ده يسوء سمعه الشركة بتاعتكم
2383,Bad customer service (very very rude) and low quality food
2384,وجبة مية مية بجد 👍🏻
2385,جميله بس صغيره عن زمان وغاليه
2386,مبقتيش بشيل هم ان اطلب الاوردر .. بجد شكرا ليكو بجد .. ولكل المناديب .. فعلا محترمين جدا .. شكرا 😍🤩
2387,الاكل بارد جدا و سئ
2388,ياريت لو الثومبه تكون حراقه سيكا وياريت نشيل الخيار ونحط مكانه كاتشب او طحينه او صوص
2389,طعم جميل ونظافة وكمية كويسة ..كله تمام
2390,جميل جدا ونضيف
2391,i ordered 3 shawerma sandwiches only to get it 2 hours later cold
2392,مجاش اصلا
2393,حيد
2394,ممتاز ونرجو زيادة العروض
2395,bad quality
2396,من انضف المطاعم وافضلهم بالنسبالي بحب المطعم ده جدا ونفسي اقابل صاحبه
2397,ازاىتز
2398,الاكل له مذاق شهي بس الفراخ محتاجة تسوية وتكون فريش
2399,the food was extremely bad and when I tried to tell them my review they banned me on Facebook page when I called they literally did nothing and I just had to hang up cause they're not professional and the food wasnt good at all
2400,ممتاز كلمه قليله ف حق ابو انس
2401,rise was so bad
2402,خدمة التوصيل سيئة جداجدا
2403,lovely as usual
2404,روووووووووعه جدا
2405,small quantity
2406,الفراخ واللحمه قليلين
2407,البطاطس سيئه جدااا مقارنه ب انس الدمشقي افضل بكتبر
2408,v.good
2409,لقيت دبانة في فتة الشاورما و طلبت ارجاعها.. الاوردر وصل في ٤٥ دقيقة و عشان يرجع عدى اكتر من ساعة ونص و لغاية دلوقتي محدش جه و بتصل بخدمة العملا كل شوية يقولي طلع!! أسوأ مطعم اتعاملت معاه!!
2410,الاكل جميل جدا
2411,الكباب كان سئ للغايه و الشيش طاووك كان بالجلد بتاع الفراخ، الحاجه الوحيده اللي كانت معقوله الكفته. الوجبه متنت مقلوبه على بعضها الرز عالبطاطس عالمشويات. اسوا مره من ابو انس.
2412,جميل وسواق الدليفري محترم جدا
2413,كان فى شعر
2414,بس البطاطس صينية مش محمرة تبقي احلي لو محمرة
2415,الاكل متأخر اكتر من ساعاه وساقع
2416,عاوز خصومات لأن الأكل غالى وانا بطلب كتبر
2417,لم يتم تنفيذ جميع ملاحظاتي
2418,الاكل بارد الشاورما السندوتشين يعتبرو فاضين مش كبار العرض مش قد كده
2419,شاورما الفراخ شطه زياده وانا طالبها لأطفال وكلها اترمت بجد تجربه وحشه اوى
2420,جميل جدا 😍
2421,الفتة كانت حلوة جدا بس العيش مكنش محمس اوي كان طري شوية بس الاكل كان حلو اوي
2422,وجبه الكرسبى رضيئه و الفراخ مصنعه مش بتاعت المطعم
2423,تحفه مكنتش متخيل انه هيطلع كريب كده
2424,نظيف وخلطة اللحوم والفراخ بيتى جدا مش كلها بصل وفلفل
2425,!!!!!!!!
2426,للأسف مبقاش زي الاول اخر مره اطلب
2427,so fucking bad
2428,شكرا علي نظافه الاكل و المواعيد المظبوطه
2429,الاكل ناقص تشويه يا جدعاااان الوجبه العربي في مطاعم سوري بتعمل احسن من كده بكتير
2430,جه بارد وناشف
2431,مس اد كده
2432,تما3
2433,hbm
2434,Giid
2435,ممتاز كالعاده الكرسبي تتبيلته مش احسن حاجه
2436,الارز كان بايت ومتسخن
2437,الاكل استغفر الله العظيم زي الزفت وبايت مع اني وصيت انه يبقي فريش الاقي حشرات والرز في سوسه وارف حسبي الله ونعم الوكيل فيكم أسوأ مطعم شفته زفت زفت
2438,رائع جدا الأكل ممتاز و أخدوا الطلبات زي ما باعتينها بالضبط 🌸
2439,الاوردر كان غلط فى ساندوتش كان شاورما فراخ بدل لحم
2440,الاوردر وصل متأخر اكتر من نصف ساعة بسبب خطأ من المنيوز لأنكم كاتبين عنواني انه في منطقة شيراتون و انا في منطقة الكوربة و بالتالي ديليفري المطعم راح شيراتون وضيع وقت على الفاضي. يا ريت تاخدوا بالكم من النقاط المهمة دي
2441,جااااامد 👍
2442,"the bread wasn't fresh, there was too much oil."
2443,كويس جدااااااااا
2444,ليس جيد
2445,الدليفرى متأخر
2446,انا طالب شاورما فراخ وصلني شاورما معاها بطاطس في الساندوتش
2447,أنا
2448,جامد جدا بس ياريت يهتمو ان العيش الفرنساوي يكون طازة
2449,جامد اوي
2450,اكل جميل جدا جدا جدا فخر سوريا ❤️
2451,الاكل جميل والتغليف كويس
2452,الاكل جميل ❤️
2453,اول مره يبقى وحش كده !!!!!
2454,من احلى الشاورما اللي كلتها بس الكمية محتاجة تتظبط
2455,الرز كان مش حلو
2456,الكوبيبة مش حلو اوى و التومية مش اوى بصراحة
2457,الاوردر اكتر من ممتاز
2458,تمام تسلم ايديك
2459,تأخير وقت الاوردر عن المعاد المحدد
2460,العيش إللى موجود فى الفتة كان طعمه غريب زى ما يكون كان بايظ
2461,زي الزفت طالب الكايزر لحمة جايلي فراخ والساندوتشين التانين معجنين ومتلجين
2462,amazing taste and awesome packaging plus a very fast delivery thank you ❤️
2463,Good service and good food quality
2464,عالمي ف كل حاجة
2465,من أحلي الأماكن ❤️
2466,I used to eat there at least once every single week and it was my favorite in Mokattam. Up until about a week ago it starting tasting like......garbage. Then I told them multiple times but it was still the same
2467,سيء جداااااا اقسم بالله العظيم لدرجه اني اكلته الساعه اربعه ونص الساعه سبعه كنت برجع من بشاعه الاكل وحش جداااا ولا انصح تعامل معاه نهائي لإنه غير نظيف بابمرة وكولتي الاكل ردئيه
2468,طبق عربي دا ساندوتش شاورما مقطعينه بس والله 😂
2469,"The check with the man came without the 40 egp discount and i had to wait with him about half an hour so that he gets sure that I should have the discount, the time I've waited made the food cold"
2470,الفراخ قليلة جدا .
2471,جمييل جدا ما شاء الله
2472,👍👍
2473,وحش كان بارد
2474,this restaurant always good
2475,الاوردر أتأخر جدا و معاملة الشات كانت زى الزفت
2476,الأكل كان بايت وتحسه مستخدم من بواقي
2477,delivery man was unprofessional and he loud his voice it was unpleasent expreience and will not order again from this resturant
2478,العيش طري جدا
2479,الاكل كان بايظ وجالنا زي تسمم
2480,عااااااااش جداً
2481,لذيذ على الآخر فتة شورمة
2482,اوحش فراخ مشويه اكلتها فى حياتى
2483,3azem
2484,خدمة سيىئة جدا جدا
2485,small sized chicken
2486,جميل جداا
2487,perfect meal
2488,good service and prices
2489,الاكل غالي
2490,تمام الاكل جميل والتوصيل بسرعة
2491,حلو جدا بس الفتة محتاجة اي صوص😆
2492,كان احسن من كده
2493,We ordered 3 sandwiches and just got 2 garlic dip
2494,تأخير وعدم احترام المواعيد تم الغاء الاوردر
2495,ال
2496,وقفوا التوصيل اون لاين عن طريف المينيوز و مش موجودين في اطلب مش مفهوم ليه لكموباوند جولدن جيتس اخر المقطم مع انهم بيجوا عادي جدا بالتليفون
2497,سندويتشات الفلافل و البطاطس السوري جميلة
2498,;كلت من عندهم شاوما فراخ كنت جايب سندوتشين مكلتش نص سندوتش منهم حتا ...والله العظيم اوحش شاورما كلتها فى حياتى ومطعم معندوش صنعه انو يعمل شاورما بالوحاشه دى ..لا انصح به
2499,بصراحه مافيش ساندويتش شاورما فالدنيا احلي من شاروما اللحم سبايسي دبس رمان بتاعته ..
2500,الاكل سخن بالرغم من بعد المسافه تحفه كعادته... كتير وده احلى حاجه 😂 😂 ياريت بس يبقى اسرع في التنفيذ هحبكم اكتر
2501,الشاورما كانت مش حلوة و قديمة و فيها ريحة
2502,جميل جدا يرجى زيادة الرز والعيش
2503,الفراخ زفرة جدااا وطعمها مش حلو بجد آخر مرة للتعامل أنا جبت أول مرة عجبني اوي لكن المرة أسوأ مرة أكل فيها من برا
2504,الأكل جميل جدا والمحل نظيف ومنظم.
2505,سي جدا الفرخه قويه ومش طازجه
2506,الأكل كان بارد جدا و محتاج توابل اكتر
2507,تمام زي الفل
2508,عجبني جدا وسريع رغم انه جاي من مدينة نصر لباب الشعرية
2509,سيئ جدا ، الفته من غير عيش محمص و البطاطس سيئة جداً
2510,كالعادة ممتاز ولكن فى ملحوظة على صنف لم تتم فى طلبى
2511,الفته سيئة و من غير عيش محمص و البطاطس عامه وحشه و مفيهاش توابل. الارز بسمتي بني مش اصفر. اتا اتصدمت
2512,❤
2513,فته الفراخ مش زي كل مره الفراخ كان قطع صغيره دي تقريبا من اخر السيخ
2514,amazing
2515,مكنش سخن والطعم مش احسن حاجه
2516,chicken shawerma full of oil
2517,بصراحة.. الاكل كان سيئ .. الخضار نئ والكريب غير محكم
2518,تاخير و حاجه اخر إهمال و الاوردر مجاش ...من ساعتين ...اخر مرة اطلب من البرنامج و المطعم ده
2519,ممتاز جدا جدا جدا شكرا ليكم جدا
2520,الأكل جه تمام الطرب كان سخن وتمام الشاورما العربي كانت بارده ومجلده بس الأكتر حاجه غريبه انكم عملتم يتم التوصيل الآن مقعدتم ساعه الا ربع عشان يجيلي الأوردر ومسافه مش تاخد اكتر من ١٠ دقايق تلت ساعه بالاكتير نص ساعه مش ساعه الا ربع.
2521,سئ جدا ... الاكل مش متحضر كويس والاضافات عليه وحشة جدا والأكل بارد ... ومش محطوط معاه ولا تونسية ولا كاتشب ... اخر مرة اجيب منكم حاجة
2522,الفراخ صغيره جدا
2523,ممتاز جداا
2524,كويس ووصل بسرعه رغم ان المسافة كبيرة
2525,الفراخ كانت محروق مش مشوية
2526,اصلا الاوردر موصلش
2527,محل جيد جدا جدا جدا جدا واكلهم فوق الروعة
2528,"It takes so long time to deliver the order. However, food quality is too good to be waiting for it."
2529,مش بطال
2530,vwry good
2531,وحش والشورمه ناشفه ووحشه وريحت السندوتش وحشه وطبعا مينفعش ابدل ولا ارجع في رميت الاكل ودفعت 95ج علي الارض
2532,الاكل جميل جدا جدا جدا بجد ونضيف واللحمه حلوه اوي،بس عندي تعقيب بسيط جدا..ياريت العيش يتحمص كويس عشان أما بيطري مع الحراره شويه وهو مش متحمص حلو بيبقي طعمه مش لطيف
2533,خدمة العملاء قفل في وشي مرتين و انا بكلمه بعد ما بقوله العنوان مع العلم ان المكان اللي بطلب عليه علي بعد ٥ دقايق بالظبط من فرع مدينة نصر، نجمة في التقييم حاسسها كتير الصراحه
2534,the best restaurant in town! reasonable prices. always on time. high quality and hygiene standards.
2535,تسلم ايديكو جميل جدا
2536,الاكل جيد جدا
2537,👍🏼👌🏼
2538,كانت محتاجه موتزريلا اكتر
2539,الديليفري بطييييء
2540,الاكل حلو اوي
2541,البطاطس مجيتش مع الاوراد وتم المحاسبه عليها
2542,الاكل جميل جداو الكميه كويسه
2543,رووعة
2544,شكرا مكان محترم والاكل حلو والتوصيل فى الميعاد بالظبط
2545,احلي شاورما في مصر صدقا و احسن خدمة توصيل و عروض
2546,قطع الفراخ صغيره و كميتها قليلة جدا الرز ممتاز و باقى المكونات جيده
2547,مميز.. شكرا
2548,الاكل جميل بس مستواه اقل من فرع المقطم بس كش عارف يمكن علشان الاكل جه مش سخن بس عموما فرع المقطم احلي
2549,تحفه تسلم إيديكم الشاورما تحفه
2550,الأوردر وصل بسرعه والشاورما تحفه شكرا بجد 😍👌
2551,جيدة
2552,تاخير غير مبرر + تغيير حجم الخبز و العدد بدون اخطار او تواصل
2553,مندوب التوصيل سئ
2554,too late
2555,مش قد كده
2556,هو جه متأخر حاجة بسيطة
2557,so much delicious
2558,الأكل جميل جدا ولذيذ، والتجربة كانت ناجحة
2559,الفراخ كانت بارده
2560,لما استلم الاوردر الاول ابقى أقيم .... الاوردر مستلمتوش
2561,الفراخ سيئة جداً
2562,اكتر مطعم باكل منو ممتاز ونضيف جدا.............
2563,جامد جدا و تجربه أنا مبسوط بيها الاكل وصل بسرعه و سندوتشات جميله كدة مذاقا و حجما
2564,"The taste is good, but the order arrived late and the food wasn’t hot enough."
2565,اقذر فراخ كلتها فحياتي ياعم زود السعر و علي الجوده مش تجيبلي فراخ تضربها فالخلاط و تبيعها للزبون
2566,good taste. kids love it. order took 1 hour to be delivered
2567,زبالة الزبالة محل قذر متعرفش بيستخدم فراخ منين شغل استرخاص
2568,الاكل سيء جدا الفراخ فيها طعم غريب جودة الاكل مش مظبوطه كل مره
2569,اليوم طلبت طلب فعلا شئ يشرف وصل ساخن وفريش والاكل طعمه جيد جدا وجودة الأكل و التغليف امتياز فعليا يارب المطعم ده يفضل كدة علطول فعلا ده أحسن مطعم سورى كلت منه فى حياتى ❤️ ❤️ ❤️
2570,وجبات الفراخ روعه انصح الجميع به......................
2571,الاكل زباله استغر الله العظيم الشاورمه وحشه جداً ما انصحش حد يجرب المحل الوسخ ده
2572,الشاورما الفراخ فيها طعم غريب و مش حلوة خالص
2573,PERFECT FATTAH!! Delicious and clean
2574,الاكل سيئ جدا انصح بعدم التجربه والاكل اتاخر اوي
2575,الاكل كويس جدااااا بجد مطعم محترم بالنسبة سندوتشات البطاطس السوري والشاورما
2576,شاورما فراخ حلوه اوي ومش ناشفه خالص والتوصيل الي حد ما حلو
2577,الاكل حلو جدا ديه 6 مره نجيب منه والاكل سخن وتحفة
2578,مطعم سىء لسببين . اول حاجه الاكل بايت معظمه. تانى حاجه الأوردر انتظرته 4 ساعات ولم يأتى
2579,الأكل موصلش أصلا............................
2580,الاكل جيد و السعر مناسب، و التوصيل كان سريع. أنصح به
2581,اوحش واقذر مطعم شاورما جربته فى حياتى اللحمة والفراخ زفت ومنتهى القرف والساندوتشات طعمها غريب جدا
2582,الاكل وصل بسرعه بس سئ جدا الفراخ و الرز عليهم كمية ملح مش طبيعية و الفراخ فيها ريحه مش حلوه
2583,اتأخر جدا والشاورما باردة و ورق العنب يقرف حقيقى
2584,"""What's here is enough"" system may pass on any one, but to order Mirenda and recive Fanta or to order it with apple flavor and recive it orange It's not accepted My tummy would hurt if I drink it but the food is good"
2585,Best quality with fine packiging. El menus's favourite!
2586,"clean and tasty food, best shawerma and shish tawook and kebab"
2587,وجبات الفراخ حلوة وسخنة وتشبع والتوصيل سريع
2588,من بعد رمضان فيه تحسن كبير ف طعم الرز و الصدور المشويه المخليه ياريت بس ترجعوا الاورد اون لاين كل شويه تلغوه للكمباوند مع ان بتوصلوا عادي جدا بالتليفون الفكره العميل مش كل شويه يسحب اسهل كتير التعامل بالكروت
2589,ناس محترمه والشاورمه سخنه وحلوه واسعاره معقوله
2590,الاكل حادق جدا والشوربة تقيله اوى وحادقه جدا والكريب العجينه طريه والاضافات سيئة
2591,food quality is very bad. You should never order from this restaurant ever.
2592,الاكل حلو اووووووى الصراحه .الكريب والشاورمه والوجبات الفراخ تحفه لكن الشوربه مبقتش حلوة زى زمااااان
2593,اول مره الاقي اكل سوري وحش كدا الشاورما اكنها اتسخنت كتير و الرز مش رز فته رز بصلصه و حاطين ع وشها كريمه ماسخه ماتتكلش و الاكل كله كان سئ جدا الشاورما فراخ و الخلطه بتاعتها بس هما اللي حلوين شويه
2594,طلبت كذا مره وكان الدجاج والشاورما كويسين نوعا ما بس بنسبه لورق العنب كان شيء فظيع ولا يؤكل بصراحه الرز ني والورق ناشف وكمان الاكل نفسه كان بارد
2595,فته الشاورما وحشه جدا والفراخ الي في الفاهيتا زفره والأكل طعمه بشع
2596,اوحش اكل ممكن الواحد يأكله والله بارد و ملوش طعم
2597,يا جماعه خلي بالكو... انا طلبت إمبارح ليا انا و اسرتي.. و من ساعتها بطني بتوجعني و برجع... يعني مفيش حس نظافه حتى في الظروف اللي احنا فيها و ده خطر جدا
2598,يا جماعه خلي بالكو... انا كلت منو امبارح انا و اسرتي... انا من امبارح بطني وجعاني و برجع.
2599,سيء و زفر لأبعد حد .. لا انصح بيه احد .............
2600,شوربة الكريمة مش حلوة بس وجبه الفراخ حلوة اووي
2601,الاكل ممتاز والسرعه فى توصيل الدليفرى ممتازة شكرا ليكو
2602,"Perfect mix fattah shawrma everytime, never fails me and it is my go to, i hope they keep the good level"
2603,بطلبه كتير ودايما بييجي سخن فتة شاورما فراخ تحفة والصوص اللي عليها حلو جدا وساندوتش الشاورما حجمه حلو جدا والتومية طعمها مظبوط
2604,الاكل حادق جدا فتة شاورما ميكس والأكل بارد وسئ
2605,طلبت نص فرخه مشويه و ربع مشويه والاكل جالي بايت و حمضان!! تجربه سيئه لن اكررها خصوصا اني كنت متحمسه وجائعه وكان يوم الفري بتاعي و انتو بوظتوه!!
2606,the best quality i have ever tried .i suggest for all
2607,احساً فتة شاورما و توصيل سريع ... مطعم محترم و نظيف
2608,آكل محترم جدا جدا واسعار حلوة جدا وبصراحه اوردر عالمى الشاورمه حكايه والله وشكرا
2609,طلبت وجبه ربع ورك مشوي جميل جدا بس اتمني يحسنو من حوده الأرز والفراخ ميحرقوهاش اوي
2610,نظافه، تغليف رائع، اكل ذو مذاق جيد، اتمنى الاستمرار على نفس المستوى
2611,المطعم ممتاز من ناحية التغليف والطعم والخدمة. التوصيل ممتاز في وقت قياسي جدا وخدمة ممتازة من حيث التباعد وكمان لبس كمامة. الشاورما ممتازة ومميزة.
2612,الاكل حلو جدا.. و التوصيل قبل الميعاد المحدد.. الفراخ والارز والثومية تحفة.. البطاطس بس قليلة ومش فرايز ولكنها شيبسي سميكة..
2613,نضيف جدا و الاكل حلو اوي و الفته بتاعتو ممتازه
2614,"Amazing food, great quality ana fast delivery"
2615,Amazing food great price great service ❤️❤️
2616,الاوردر كان سيء اوي وبارد. وكمان الاكل قليل مقارنة ب اي مطعم سوري تاني ..
2617,شورما الفرخ ومكيس ممتازة والتوصيل كان سريع
2618,الشاورما والكريسبي حلوين بس انا محبتش الرز الاحمر اللي في الفتة
2619,للأسف انا أكلت كذا مره والاكل يكون كويس بس النهارده الاكل كان سيئ جدا الفراخ المشويه مش مستويه خالص يا ريت الجودة بتاعت الاكل متنزلش عشان كدا استخفاف بالعملاء
2620,استخدمت promo code و بعد ما الاوردر وصل السعر كان كامل من غير خصم
2621,الديلفرى وصل بسرعة جدا........الشاورما اللحمة والفراخ ممتازة جدا من حيث الطعم و الكمية وأتمنى يفضل على طول بنفس المستوى
2622,حسبي الله ونعم الوكيل. انا عملت اوردر من شوية من فرع مدينة نصر عن طريق ابليكيشن المنيوز. اول حاجة الاكل اتاخر عن الميعاد اللي كان مذكور و لما بعت للمنيوز قالولي معلش عندهم ضغط شغل قولتلهم يا ريت تاكدوا عليهم إن مش عشان فيه ضغط شغل ال quality بتاعت...
2623,the delivery of the fatta was timely and portion size was very good
2624,الساندوتشات بقت شبه فاضية للاسف والاكل مبقاش لذيذ زى الاول ف مطاعم احسن من كدا بكتير
2625,ساندوتشات شاورما رهيبه بجد يارب دايما في نفس المستوى
2626,"Placed an order more than 2 hours prior to iftar time in order to avoid the presumed load during that time, haven't I kept calling and contacting them the order would've came probably after the iftar even. So what's the point of having 2 options of d..."
2627,nutella crep مجلده mexican مجلد بردو بس الحشو مش بطال شورمه الفراخ حلوه
2628,البطاطس السوري مش موجودة في مكان تاني بنفس الجودة والفتة والشاورما عاليين أوي
2629,الصراحة من أحسن المطاعم اللي جربت أكلها من حيث: ١. سرعة الدليفري ٢. التغليف ٣. جودة الاكل، و دايما بيوصل سخن ٤. السعر بالنسبة للقيمة احسن من مطاعم كتير
2630,بصراحة بقاله كام مرة فى مستوى السوء .. يا ريت تراجعوا مستوى الجودة وبالذات كريب الشيش طاووق وشاورما لحم
2631,مستواهم ف النازل، كذا مره جه الاكل سيئ، اخر مره الشاورما والشيش ميتاكلوش
2632,nsnsnnsjfkjxjjs ebucks a nice and ch to the SA for a while now and
2633,الاكل وصل مش بنفس امكانياتكم قبل كده وكان بدون الصلطات سواء توميه أو طحينه وفرع مدينة نصر ده بالذات اقل مستوي من فرع المقطم لازم تحسنوه شويه
2634,الاوردر المفروض يوصل في خلال ساعة لكن ماوصلش حتي بعد ساعة و نص و اضطريت الغي الطلب ... يعني مطلوب مني استني ساعة و نص عشان اخد ساندوتشين!!!
2635,الاكل كان وحش جدا وبارد وللأسف اترما كله في الزبالة
2636,الفتة روعة والأكل وصل بسرعة وسخن، أنا جربت البطاطس السوري في أماكن كتير قبل كدا بس بطاطس أبو أنس هيا الافضل وهيا اللي بتخليني اشتري دايما من عنده تجربه جميله عموما
2637,الأكل مشاء الله روعه و اتمنالكم التوفيق و تفضلوا علي نفس الجوده و الخدمه
2638,الاكل حلو خصوصا الفته جميله، والشاورما حلوه ومش ناشفه هيه عيبها ان ممكن يكون فيها جلد او حاجه بتشد بس بسيط جداً والدليفيري بيجي بسرعه ، تحربه لطيفه واعتقد هاطلب منه تاني
2639,شوربة كريمة مشروم تحفة ، الاكل وصل سخن والشوربة متغلفة كويسة مش مدلوقة زي المطاعم التانية
2640,الاكل متبل كويس والدليفري ذوق ومحترمين وبيوصلوا قبل ميعادهم
2641,شوربة العدس كانت خفيفه بس كويسه و ساندوتش الصدور السوري معقول و لو قللوا الفلفل و الصوص يبقي احسن الكول سلو متوسطه متاخرش بس اتمني مستوي الجوده يرجع زي زمان و خصوصا تحسين الرز و الشاورما و البطاطس
2642,الشاورما كان فيها شعراية، غير اننا طلبنا تكون من ع السيخ و جاءت بالخضرة و الخلطة من الطاولة و البطاطس شكلها غريب زي ما تكون راجعة من الأطباق و باقي الأكل مالوش أي طعم
2643,اسوء خدمة عملاء علي اطلاق وبتاع دليفري قليل ادب ومش نظيف واكل بقي وحش مش زي الاول
2644,Bad quality
2645,Terrible ftt Shaw Erma.weird rice....cheap meat chunks...seems like more of waste than freshly cut
2646,الاكل بقى وحش اوى انا كنت بحب جدا الشاورما بتاعته بس اخر مرتين اسوأ من بعض و الاكل جيلى النهاردة بارد جدا
2647,جوده متوسطه..كنت أعتقد أنه احسن من كده عموما تجربه اعتقد مش هاتتكرر
2648,"Worst fattah chicken shawarema, dont recommend"
2649,great value and quality delivery is fast and professional
2650,اول مره تبقي الشاورما لحمه و فراخ سيئه بارده و فراخ كان فيه قطعه جلد او دهن كبيره كنت حرجع اللحمه متاكلتش بنتي قرفت و العيش سيء جدا و البطاطس بارده تماما كل الاكل بارد تماما مع ان الدليفري مخدش وقت حتي لما كنا بنطلب متاخر قبل كده الاكل بيجي سخن و ...
2651,من أفضل المطاعم من حيث الجوده والتعامل فعلا ناس محترمين
2652,الكريب حلو جدا انا طلبت واحد شورمه و واحد ستربس كانوا حلويين جدا
2653,الاكل وحش جدا و وصل بارد جدا لو ينفع ياخد زيرو بجد
2654,الاكل كويس و لكن مستوي الاكل مش واحد كل الوقت و كمان البطاطس مش حلوة كل الوقت
2655,الأكل وصل متأخر وبارد جدا، البطاطس مسكت في بعض وناشفه ومافيش جبنه تقريبا، والثومية مقلوبه ومبهدله كل حاجه والسلطة مش مغلفه كويس وقعت كل المياه اللي فيها فالكيس والكمية كمان بتاعتها صغيرة..أكيد أخر مره أطلب من المكان ده.
2656,من افضل الأماكن اللي اكلت منها في كل حاجه سواء الجوده والطعم والنضافه وسرعة التوصيل كل حاجه
2657,مخلص على كل فلوسى بجد احسن مطعم موجود فى المقطم و سعره فى المعقول
2658,الشاورما وحشه جداا اسوء شاورما ممكن تاكلها
2659,فتة الشاورما معجبتنيش اطلاقا الطعم كان سئ الحقيقه ....
2660,Its good to find a good restaurant with tasty food and reasonable prices these days.. Keep it like that.
2661,الاكل طعمه بششععععع و مش زي م طلبت حاططلي فيه كل حاجه انا قولتله يشيلها و متاكلش اصلا كلله حقيقي تجربه سيئه لو ينفع اديكو اقل من زيرو كنت عملت كده
2662,مؤخرا الرز بقي محتاج يتحسن كتير و السلطات تبقي ف علب محكمه متدلقش الفتوش ممتاز و الشوربه العدس ممتازه لكن لسان العصفور جت بارده تماما مينفعش اطلاقا شوربة توصل بارده الساندوتشات كويسه و الوجبات و لو الفلفل اقل تبقي مناسبه للاطفال الغريب ان المكان ...
2663,جميل ما شاء الله ربنا يوفق في اللي جاي مطعم محترم اداره محترمه صاحب محل بتاع ربنا بجد بالتوفيق
2664,الأكل وصل بارد جدا ... طعم الشاورما مقبول نوعا ما .. التومية كويسة .. الرز في فتة الشاورما سيء والعيش أسوأ وناشف جدا .. البطاطس كويسة ... محتاج يتحسن
2665,الأكل سيء جدا جدا جايبين فراخ كوكي وبيقولو عليها بروستد معرفش ازاي والشاورما طعمها وحش جدا جدا والرز وكل حاجه بصراحه مييتهلش ولا جنيه والمفروض يتشال ومعرفش الrateing العالي ده منين اكيد fake
2666,الدليفري تقريبا بيوصل في ميعاده بالظبط وبياخد ساعة. طلبت منه كذا مرة والاكل مستواه ثابت ومناسب جدا للسعر. اكل نضيف وطعمه كويس جدا. ياريت يفضل بنفس المستوى.
2667,الدليفري سريع والاكل جميل لكن وصل ناقص مخلل و توميه
2668,الدولار نزل واسعار المواد اما ثابتة او نزلت قمتوا غليتوا اسعاركم برضو؟
2669,جامد فشخ والفته جامده الصراحه........ ............
2670,اشتريت عدد 4 وجبات ربع فرخة كانت كويسه جدآ و جاء بسرعة رغم ظروف المطر
2671,الاكل كان حلو جدا . كميه الشاورما كانت كافيه والفراخ المشويه حلوه .
2672,جميل جدا الشاورما فراخ والشيش طاووق على الفحم جميل جدا جدا وكبير وفي نفس الوقت رخيص مش غالي اوي الاوردر وصلي في تلت ساعة وحاجة خرافية الصراحة من اجمل تجرباتي في الأكل شابوه ابو انس السوري
2673,الاوردر بتاعي لحد دلوقتي موصلش وانا طالب من الساعه ١ لحد دلوقتي كسمهم
2674,كسم ده مطعم ابن متناكه محدش يتعامل معاهم
2675,جربت وجبة الميكس دجاج و الكريب الشيش طاووق وكانت تجربة ممتازة
2676,العيش السوري مش كويس.. الشاورما الفته اي عجن بصراحه متوقعتش كدا
2677,مش اول مرو نجربه و ماشاء الله بييجى ف الميعاد و الاكل سخن و الطعم جميل
2678,خدمة سيءة والأكل وصل متأخر عن ميعاده بنص ساعه وبرد
2679,ناس محترمه وأكل كويس جدا .................
2680,فتة الشاورما جميلة جدا والتومية كميتها مناسبة
2681,الاكل جميل جدا وبيوصل قبل الوقت كمان تستحق ال 5 stars بجد
2682,الاكل مش حلو خالص و الفراخ مش مستويه و الارز مش حلو
2683,الارز زي الخرا و الوجبات كل الفيها اترمى و حاجة تقرف للاسف مستواكوا في الارض
2684,fatta shawerma is very bad taste ..........
2685,الاكل بالعموم كويس... التغليف ممتاز والأكل نظيف .بس شربة العدس مختلفة على نعرفها ومش حلوة
2686,الاكل كان سيء للغاية.... فتة انس مس حلوة وباردة
2687,مشاء الله الاكل تمام جدا الشاورما ممتازه والفته تحفه
2688,بسم الله ما شاء الله تعامل مميز وأكل نظيف وطعم ممتاز شكراً جزيلاً لحسن المعاملة
2689,ممتاز الأكل تحفة جدا من افضل محلات السوري في مصر
2690,خدمه ممتازه ونظافة وطعم جميل والتزام فى المواعيد
2691,جميل جدا طبق فتة الشاورما بجد مطعم تحفة
2692,المطعم تحفة جدا انا تقريبا باكل منه يوم ويوم بس يا ريت تضيفو مخلل للاوردر بتاع السندويتشات
2693,كل حاجه تمام ماعدا التوميه مش مظبوطه ياريت تغيرو الخلطه
2694,اوحش و اسوء شاورما كلتها في حياتي كلها، فتة شاورما ميكس سيئة للغاية اذا كان رز ولا توميه ومخلل وفي الاساس الشاورما نفسها مقرفة، و صحن شاروما عربي حتى البطاطس وحشة جدا اللي هيا اسهل حاجه تتعمل مفيهاش فن. انصحكم تقفلوا المحل حرام الهدر اللي بيحصل من م...
2695,كويس لكن الجوده مش ثابته، احيانا كويس واوقات تانيه مش قوي
2696,اقل ما يقال عنه انه قذر اكل يقرف و رميته
2697,"This is the last time that I will order from there, The food was too cold and the chicken shawarma was too baaaaaaad the order arrived to me to late."
2698,"Perfect Shawerma Restaurant , Food is amazing everything is fresh and tastes good , the packaging can be little better than that but it's all good."
2699,اوحش شاورما كلتاها فى حياتى ،الاكل طعمه قذر جدا ، و الاكل وصل بارد و واخد ساعة ونصف ،و الاكل واصل معجن و واقع فى الكيس ، حاجة اخر قرف الصراحة ، مفيش حاجة عدلة الصراحة ، تجربة زى الزفت
2700,مطعم زبااااااااله.اداره زباله مبتحسبش ولا بتفهم الديليفرى الي طالع بالاكل هو رايح بأيه.كأنه حمار ساحب جاموسه..طلبت الاوردار من ابن الهيثم وهو في مصطفي النحاس يعني ميكملش ومن بين كل المرات اللي بطلب فيها اكل .يجي المطعم الزباااله دا ويأخر الاوردار اك...
2701,مطعم عائلى محترم وخدمة مميزة وتعامل راقى واكل على مستوى عالى شكرا
2702,I have got food poisoning from chicken shawarma
2703,very delicious food and well done staff and good interior decoration
2704,بصراحه اكل جميل جدا ونظافه ومعامله ولا اروع.... ربنا يباركلكم ويزيدكم.... وخدمة التوصيل وصلت قبل الميعاد
2705,الاكل كان طعمه وحش جدا ....وبارد ودهن ومقدرناش ناكل فته الشاورما الميكس ولا الشوربة بالكريمه والمشروم كانو وحشين وطعمهم ميتبلعش ولا متبل ولا نيله ..حتى البطاطس كانت بارده والتوميه ملهاش طعم حسبي الله ...حرام عليك الفلوس ال دفعناها كلها اترمت ع الارض
2706,الاكل حلو جدا وبيجي ف الميعاد وبجد نضيف جدا
2707,الأوردر كان حلو جدا و التغليف كويس جدا وكمان وصل في الوقت المحدد
2708,الاكل حلو جداااااا و الكميات كبيره و المقبلات إللى بتنزل مع الوجبات جميله و الاوردر وصل قبل الميعاد بربع ساعه خدمه ممتازه
2709,الوجبات عندهم طعها حلوو جداا وطريقه تغليفها شيك بصراحه مطعم يستاهل اطلب منه ديما
2710,خرا جبت منو شورما وكان كلها دهن وقرمات والأكل كان بارد وكلو زيت
2711,طلبنا فراخ مشوية. التتبيلة طعمها حلو ومستوية كويس و مش ناشفة. الفرخة حجمها كويس ومش فيها دهون كتير. معاها مخلل وتومية وعيش. الديلفري ماتأخرش كتير والتغليف كويس
2712,الاكل حلو اوي اوي بس للاسف لما جالي كان بارد
2713,"very bad experience,el akl t3mo zeft............"
2714,الاكل حلو جدا والكميات حلوه والديليفري وصل قبل معاده
2715,great quality great price. delivery fast and food is hot
2716,مستوي جيد جدا من الاكل ، خدمة جيدة ، مستوي ثابت
2717,الشاورما اللحمه مكنتش مستوية كويس و كريب الشيكولاتة كان ناشف جدا و تقريبا في معلقة نوتيلا فيه كله
2718,الخدمه كويسه لكن المحل مليان ذباب و فتة الشاورما مش حلوه خالص خاصة الرز.. شاورما الفراخ كويسه
2719,الطعم والجودة فظيع بجد والتوصيل مناسب المهم كفايا التومية بتاعتهم ????????????
2720,ظريف اكله كويس ياريت يستمر على كده ويفضل بنفس المستوي
2721,أسوأ ساندوتش استربس دقته فى حياتى !
2722,The shawarma was great and have great tarb and fata. The price is great for the quantity and quality of food but the service was bad and the waiter kept giving stupid remarks.
2723,The sandwich was empty contained few shawerma As well as the tabulas it only contained parsley sticks
2724,محل عندوا ذمه جدا جدا ومحترم فته الفراخ حكايه والسندوتشات الطعميه السوري تحفه بجد و الكفته وشاورما الفراخ واللحمه
2725,very good taste and suitable price
2726,Fatet shawerma el feraa5 7elwa bas na2es’ha 3eesh zeyada 3shan bey7oto 3eesh olayel awy
2727,.dddddxfffsfgxdffdxsss
2728,جربت فتة الشورما فراخ كانت حلوه اوي
2729,الفتة طعمها حلو و نضيفة جدا
2730,Good shawerma polite staff
2731,الطعم حلو بس التوابل زياده شويتين و الاسعار معقوله.
2732,Very good quantity related to price. Delicious taste.
2733,انضف فته شاورما فراخ الصوص عليها تحفه و الكميه محترمه و ساندوتش البطاطس الرول حلو فشخ
2734,"they don't respect the time to deliver the order, they deliver the order 2hr late"
2735,اكل حلو واسعار معقوله
2736,برنس اقسم بالله والاكل تحفــــه ????❤️
2737,من الاماكن القليه تالي اكلت فيها اكل سوري ممتاز
2738,علي فكره من احسن الاماكن الي اكلت فيها اكل سوري
2739,احسن فتة شاورما في المقطم لكن كميه قليله مبتشبعش أو مازن اكبر منه
2740,أكل نضيف وأسعار معقولة وتعامل وخدمة راقية
2741,"Not that good of a meal, fattah."
2742,Good food big sandwiches not expensive
2743,دايما بجربه في الفطار ساندويتشات فلافل و بطاطس و كبيبة، كويس جدا
2744,Men a7sna m7lat bt3ml fatet shawrma ????
2745,very tasty I like shawerma la7ma and chicken sandwich price nice and delivery
2746,Fabulous a very clean kitchen ????????????????❤️❤️❤️❤️❤️
2747,"crepe is great specialy chicken crepes ,, loved it"
2748,احسن واحد فالمقطم بصراحة
2749,i like ur crepe soooo muuuuch
2750,فرع مدينه نصر : من الاماكن القليله الكميه فيها كويسه اوي مقارنه بالسعر من احلي فته الشاورما ممكن تتاكل سواء لحمه او فراخ الكبيبه حلوه! ال سمبوسك جبنه كويسه لكن الجبنه فيها نص مليان علي الاخر و النص فاضي تماما! ال ورق عنب مش حلو الفراخ المشويه ح...
2751,You have to try shawerma fetta with mushrooms and sauce
2752,الشاورما رائعة و الطعم جميل جدا
2753,انا مش عارفه ازاي واخد 5 نجوم!! اول مره جربته، الشاورمه طعمها مش وحش بس مش طعم شاورما. طعم لحمه مشويه عاديه.. الفته سبايبي زياده. لكن لسه طالبه من عنده طبق كبيبه و طبق رز.. الكبيبة معمولة من عجينة الطعميه و فيها فتافيت لحمه مفرومه!! هو تقريبا بيوفر ...
2754,Lively taste and delivery arrives on time with good quality.
2755,tasty and good especially shawerma meat and chicken
2756,very delicious and the best ever
